ips_title,human_category,source_folder,source_file
"[Lenovo Thinkbook/Consumer][Wistron][WCL][AX211][IdeaPad Slim 5 13IWC11]The AX211 network card uses Bluetooth to record audio with current and noise.(10/10 unit,50/50 cycle)",Connectivity,CFE_input,weekly_labels_20260425_151911.csv
"[Lenovo][Wistron][PTL-H][BE211][Curie3] BT headphone cant hear ""Lenovo Vantage"" notification sound",Connectivity,CFE_input,weekly_labels_20260425_151911.csv
[Dell][ICPS5.0] ICPS driver files are left in C:\Windows\System32\DriverStore\FileRepository after using installer to uninstall ICPS,ICPS,CFE_input,weekly_labels_20260425_151911.csv
"[Lenovo][Huaqin][PTL-H][BE213][S511_14_16]The Wi-Fi/BT icon disappears for about	one second after clicking the Wi-Fi icon at the bottom right corner of the	switch.(FR:1/3uuts,2/30cycles)",Performance,CFE_input,weekly_labels_20260425_151911.csv
[Dell][Luxshare][Roma][WCL][Win11] [DVT] SUT occur BSOD(0x133) during Warm Boot stress(FR:636 DPPM).(Fail rate:2 out of 14units2 out of 3143 cycles),BSOD,CFE_input,weekly_labels_20260425_151911.csv
[Windows] Smart Connect Incorrect Network List Addressing,Killer,CFE_input,weekly_labels_20260425_151911.csv
[Honor][Huaqin][LvzhouD][WCL][Intel AX211][WiFi][25H2]HLK USB Inter Device idle Test-Compat item fail,HLK,CFE_input,weekly_labels_20260425_151911.csv
[HP][IEC][Bobcats][MTL][Intel Wi-Fi 7 BE200] Randomly unable to connect to EAP-TLS network with 11r enabled/Wi-Fi signals keep fluctuating on the laptop resulting in slow connection and packet drops,Roaming,CFE_input,weekly_labels_20260425_151911.csv
[PSIRT] [Connectivity Performance Suite] Potential Use After Free may impact availability,ICPS,CFE_input,weekly_labels_20260425_151911.csv
[lenovo/DT BU][In-house][ARL][BE200][P3 tiny  Gen2  ]  ANT Tool ParaguayVietnamTunisiaIndonesia6G,OEM Tools,CFE_input,weekly_labels_20260425_151911.csv
LNL Ultra 7 258V with BE201 WLAN device miss,YB/Lost,CFE_input,weekly_labels_20260425_151911.csv
[Windows] Disable feature in Smart Connect Configurations Doesnt work,Killer,CFE_input,weekly_labels_20260425_151911.csv
"[LG][HQ][14U40V][WCL]The units mobile hotspot does not have a Security type option on the Edit Network Info screen.(FR: 2/2 units, 4/4 times)",Connectivity,CFE_input,weekly_labels_20260425_151911.csv
"[NEC][LCFC][WCL][Yukimura-WCL VP][25H2][SIT][BE211]The BT driver shows Dual BT in the Device Manager details, and the language used for the Device Manager name is different. FR: 1/1unit",Connectivity,CFE_input,weekly_labels_20260425_151911.csv
[Honor][LUX][NvwaC][ARL-HX][AX211][BT] The BSOD 0x133 releated to BthHFEnum,BSOD,CFE_input,weekly_labels_20260425_151911.csv
[PSIRT] [Killer]CWE-427 on cmd.exe may impact CIA,Killer,CFE_input,weekly_labels_20260425_151911.csv
"[Dell][Roma][PTL][25H2]Conection status show ""Connected"" after disconnect the BT headset  (F/R:100%",Connectivity,CFE_input,weekly_labels_20260425_151911.csv
[WIKO][Longcheer][MarseilleJ][Win11][Intel-PTL][AX211][BT]BR bluetooth mouse will be deleted automatically after upgrade to 24.40.0.3 bluetooth driver.,Connectivity,CFE_input,weekly_labels_20260425_151911.csv
[Dell-Roma PTL][WhP2] Athena BT audiooffload test,Connectivity,CFE_input,weekly_labels_20260425_151911.csv
"[ICPS5, NM] Network not selected as authorized, only after delay - Sometimes",ICPS,CFE_input,weekly_labels_20260425_151911.csv
[Microsoft][PTL/WHP/OOB 26581][PAS] Bluetooth crash and LE earbuds disconnect when enabling Audio Sharing (PAS) on Panther Lake,Connectivity,CFE_input,weekly_labels_20260425_151911.csv
[MADIGI][BV55B-ML03][MTL-H][DVT]BT headphone take about 25 seconds to output audio after connection. (FR: 9/9 cycles; 3/3 units),Connectivity,CFE_input,weekly_labels_20260425_151911.csv
[DELL][Compal]NVL WS incorrect display and typo in WRT BIOS Tool,BIOS,CFE_input,weekly_labels_20260425_151911.csv
[Samsung][MTL][AX211] Can not find 6Ghz Mobile Hotspot.,Connectivity,CFE_input,weekly_labels_20260425_151911.csv
"All available networks are displayed under ""My Networks""",Killer,CFE_input,weekly_labels_20260425_151911.csv
[HP/Cashmere/RVP][PTL/OOB 26581/WHP] Three BT headsets BT PAS enable successful with issue symptom (3rd classic sometime show disconnected state),Connectivity,CFE_input,weekly_labels_20260425_151911.csv
[MADIGI][BV55B-ML03][MTL-H][DVT]Microphone of BT headphone can not be detected after connection.(FR: 9/9 cycles; 3/3 units),Connectivity,CFE_input,weekly_labels_20260425_151911.csv
[PSIRT] [Connectivity Performance Suite] [ICPS][CWE-426 on Get-ScheduledTask.ps1 may impact CIA,ICPS,CFE_input,weekly_labels_20260425_151911.csv
[Honor][Huaqin][LvzhouD][WCL][Intel AX211][WiFi][25H2]Bluetooth device disconnection With a high probability,Connectivity,CFE_input,weekly_labels_20260425_151911.csv
"[LG][HQ][14U40V][WCL]The units volume is no sound when turn up the volume by the Bluetooth speaker. (FR:1/2 units,3/20 cycles)",Connectivity,CFE_input,weekly_labels_20260425_151911.csv
ICS crashes 2 minutes after restart,ICPS,CFE_input,weekly_labels_20260425_151911.csv
[Honor][LUX][NvwaC][ARL-HX][AX211][WiFi]Is it possible to create a 5GHz SoftAP on the 2.4GHz and DFS channels in Belarus,P2P,CFE_input,weekly_labels_20260425_151911.csv
[Samsung][ADL][AX211] PC didnt start connect after PD request/response.,P2P,CFE_input,weekly_labels_20260425_151911.csv
[Windows] iHS Onboarding with IOS device fails on the last step,ICPS,CFE_input,weekly_labels_20260425_151911.csv
"[Lenovo Thinkbook/Consumer][Wistron][WCL][AX211][IdeaPad Slim 5 13IWC11]The AX211 network card uses Bluetooth to record audio with current and noise.(10/10 unit,50/50 cycle)",Connectivity,CFE_input,weekly_labels_20260425_154714.csv
"[Lenovo][Wistron][PTL-H][BE211][Curie3] BT headphone cant hear ""Lenovo Vantage"" notification sound",Connectivity,CFE_input,weekly_labels_20260425_154714.csv
[Dell][ICPS5.0] ICPS driver files are left in C:\Windows\System32\DriverStore\FileRepository after using installer to uninstall ICPS,ICPS,CFE_input,weekly_labels_20260425_154714.csv
"[Lenovo][Huaqin][PTL-H][BE213][S511_14_16]The Wi-Fi/BT icon disappears for about	one second after clicking the Wi-Fi icon at the bottom right corner of the	switch.(FR:1/3uuts,2/30cycles)",Performance,CFE_input,weekly_labels_20260425_154714.csv
[Dell][Luxshare][Roma][WCL][Win11] [DVT] SUT occur BSOD(0x133) during Warm Boot stress(FR:636 DPPM).(Fail rate:2 out of 14units2 out of 3143 cycles),BSOD,CFE_input,weekly_labels_20260425_154714.csv
[Windows] Smart Connect Incorrect Network List Addressing,Killer,CFE_input,weekly_labels_20260425_154714.csv
[Honor][Huaqin][LvzhouD][WCL][Intel AX211][WiFi][25H2]HLK USB Inter Device idle Test-Compat item fail,HLK,CFE_input,weekly_labels_20260425_154714.csv
[HP][IEC][Bobcats][MTL][Intel Wi-Fi 7 BE200] Randomly unable to connect to EAP-TLS network with 11r enabled/Wi-Fi signals keep fluctuating on the laptop resulting in slow connection and packet drops,Roaming,CFE_input,weekly_labels_20260425_154714.csv
[PSIRT] [Connectivity Performance Suite] Potential Use After Free may impact availability,ICPS,CFE_input,weekly_labels_20260425_154714.csv
[lenovo/DT BU][In-house][ARL][BE200][P3 tiny  Gen2  ]  ANT Tool ParaguayVietnamTunisiaIndonesia6G,OEM Tools,CFE_input,weekly_labels_20260425_154714.csv
LNL Ultra 7 258V with BE201 WLAN device miss,YB/Lost,CFE_input,weekly_labels_20260425_154714.csv
[Windows] Disable feature in Smart Connect Configurations Doesnt work,Killer,CFE_input,weekly_labels_20260425_154714.csv
"[LG][HQ][14U40V][WCL]The units mobile hotspot does not have a Security type option on the Edit Network Info screen.(FR: 2/2 units, 4/4 times)",Connectivity,CFE_input,weekly_labels_20260425_154714.csv
"[NEC][LCFC][WCL][Yukimura-WCL VP][25H2][SIT][BE211]The BT driver shows Dual BT in the Device Manager details, and the language used for the Device Manager name is different. FR: 1/1unit",Connectivity,CFE_input,weekly_labels_20260425_154714.csv
[Honor][LUX][NvwaC][ARL-HX][AX211][BT] The BSOD 0x133 releated to BthHFEnum,BSOD,CFE_input,weekly_labels_20260425_154714.csv
[PSIRT] [Killer]CWE-427 on cmd.exe may impact CIA,Killer,CFE_input,weekly_labels_20260425_154714.csv
"[Dell][Roma][PTL][25H2]Conection status show ""Connected"" after disconnect the BT headset  (F/R:100%",Connectivity,CFE_input,weekly_labels_20260425_154714.csv
[WIKO][Longcheer][MarseilleJ][Win11][Intel-PTL][AX211][BT]BR bluetooth mouse will be deleted automatically after upgrade to 24.40.0.3 bluetooth driver.,Connectivity,CFE_input,weekly_labels_20260425_154714.csv
[Dell-Roma PTL][WhP2] Athena BT audiooffload test,Connectivity,CFE_input,weekly_labels_20260425_154714.csv
"[ICPS5, NM] Network not selected as authorized, only after delay - Sometimes",ICPS,CFE_input,weekly_labels_20260425_154714.csv
[Microsoft][PTL/WHP/OOB 26581][PAS] Bluetooth crash and LE earbuds disconnect when enabling Audio Sharing (PAS) on Panther Lake,Connectivity,CFE_input,weekly_labels_20260425_154714.csv
[MADIGI][BV55B-ML03][MTL-H][DVT]BT headphone take about 25 seconds to output audio after connection. (FR: 9/9 cycles; 3/3 units),Connectivity,CFE_input,weekly_labels_20260425_154714.csv
[DELL][Compal]NVL WS incorrect display and typo in WRT BIOS Tool,BIOS,CFE_input,weekly_labels_20260425_154714.csv
[Samsung][MTL][AX211] Can not find 6Ghz Mobile Hotspot.,Connectivity,CFE_input,weekly_labels_20260425_154714.csv
"All available networks are displayed under ""My Networks""",Killer,CFE_input,weekly_labels_20260425_154714.csv
[HP/Cashmere/RVP][PTL/OOB 26581/WHP] Three BT headsets BT PAS enable successful with issue symptom (3rd classic sometime show disconnected state),Connectivity,CFE_input,weekly_labels_20260425_154714.csv
[MADIGI][BV55B-ML03][MTL-H][DVT]Microphone of BT headphone can not be detected after connection.(FR: 9/9 cycles; 3/3 units),Connectivity,CFE_input,weekly_labels_20260425_154714.csv
[PSIRT] [Connectivity Performance Suite] [ICPS][CWE-426 on Get-ScheduledTask.ps1 may impact CIA,ICPS,CFE_input,weekly_labels_20260425_154714.csv
[Honor][Huaqin][LvzhouD][WCL][Intel AX211][WiFi][25H2]Bluetooth device disconnection With a high probability,Connectivity,CFE_input,weekly_labels_20260425_154714.csv
"[LG][HQ][14U40V][WCL]The units volume is no sound when turn up the volume by the Bluetooth speaker. (FR:1/2 units,3/20 cycles)",Connectivity,CFE_input,weekly_labels_20260425_154714.csv
ICS crashes 2 minutes after restart,ICPS,CFE_input,weekly_labels_20260425_154714.csv
[Honor][LUX][NvwaC][ARL-HX][AX211][WiFi]Is it possible to create a 5GHz SoftAP on the 2.4GHz and DFS channels in Belarus,P2P,CFE_input,weekly_labels_20260425_154714.csv
[Samsung][ADL][AX211] PC didnt start connect after PD request/response.,P2P,CFE_input,weekly_labels_20260425_154714.csv
[Windows] iHS Onboarding with IOS device fails on the last step,ICPS,CFE_input,weekly_labels_20260425_154714.csv
"[Lenovo Thinkbook/Consumer][Wistron][WCL][AX211][IdeaPad Slim 5 13IWC11]The AX211 network card uses Bluetooth to record audio with current and noise.(10/10 unit,50/50 cycle)",Connectivity,CFE_input,weekly_labels_20260425_162335.csv
"[Lenovo][Wistron][PTL-H][BE211][Curie3] BT headphone cant hear ""Lenovo Vantage"" notification sound",Connectivity,CFE_input,weekly_labels_20260425_162335.csv
[Dell][ICPS5.0] ICPS driver files are left in C:\Windows\System32\DriverStore\FileRepository after using installer to uninstall ICPS,ICPS,CFE_input,weekly_labels_20260425_162335.csv
"[Lenovo][Huaqin][PTL-H][BE213][S511_14_16]The Wi-Fi/BT icon disappears for about	one second after clicking the Wi-Fi icon at the bottom right corner of the	switch.(FR:1/3uuts,2/30cycles)",Performance,CFE_input,weekly_labels_20260425_162335.csv
[Dell][Luxshare][Roma][WCL][Win11] [DVT] SUT occur BSOD(0x133) during Warm Boot stress(FR:636 DPPM).(Fail rate:2 out of 14units2 out of 3143 cycles),BSOD,CFE_input,weekly_labels_20260425_162335.csv
[Windows] Smart Connect Incorrect Network List Addressing,Killer,CFE_input,weekly_labels_20260425_162335.csv
[Honor][Huaqin][LvzhouD][WCL][Intel AX211][WiFi][25H2]HLK USB Inter Device idle Test-Compat item fail,HLK,CFE_input,weekly_labels_20260425_162335.csv
[HP][IEC][Bobcats][MTL][Intel Wi-Fi 7 BE200] Randomly unable to connect to EAP-TLS network with 11r enabled/Wi-Fi signals keep fluctuating on the laptop resulting in slow connection and packet drops,Roaming,CFE_input,weekly_labels_20260425_162335.csv
[PSIRT] [Connectivity Performance Suite] Potential Use After Free may impact availability,ICPS,CFE_input,weekly_labels_20260425_162335.csv
LNL Ultra 7 258V with BE201 WLAN device miss,YB/Lost,CFE_input,weekly_labels_20260425_162335.csv
[Windows] Disable feature in Smart Connect Configurations Doesnt work,Killer,CFE_input,weekly_labels_20260425_162335.csv
"[LG][HQ][14U40V][WCL]The units mobile hotspot does not have a Security type option on the Edit Network Info screen.(FR: 2/2 units, 4/4 times)",Connectivity,CFE_input,weekly_labels_20260425_162335.csv
"[NEC][LCFC][WCL][Yukimura-WCL VP][25H2][SIT][BE211]The BT driver shows Dual BT in the Device Manager details, and the language used for the Device Manager name is different. FR: 1/1unit",Connectivity,CFE_input,weekly_labels_20260425_162335.csv
[Honor][LUX][NvwaC][ARL-HX][AX211][BT] The BSOD 0x133 releated to BthHFEnum,BSOD,CFE_input,weekly_labels_20260425_162335.csv
[PSIRT] [Killer]CWE-427 on cmd.exe may impact CIA,Killer,CFE_input,weekly_labels_20260425_162335.csv
"[Dell][Roma][PTL][25H2]Conection status show ""Connected"" after disconnect the BT headset  (F/R:100%",Connectivity,CFE_input,weekly_labels_20260425_162335.csv
[WIKO][Longcheer][MarseilleJ][Win11][Intel-PTL][AX211][BT]BR bluetooth mouse will be deleted automatically after upgrade to 24.40.0.3 bluetooth driver.,Connectivity,CFE_input,weekly_labels_20260425_162335.csv
[Dell-Roma PTL][WhP2] Athena BT audiooffload test,Connectivity,CFE_input,weekly_labels_20260425_162335.csv
"[ICPS5, NM] Network not selected as authorized, only after delay - Sometimes",ICPS,CFE_input,weekly_labels_20260425_162335.csv
[Microsoft][PTL/WHP/OOB 26581][PAS] Bluetooth crash and LE earbuds disconnect when enabling Audio Sharing (PAS) on Panther Lake,Connectivity,CFE_input,weekly_labels_20260425_162335.csv
[MADIGI][BV55B-ML03][MTL-H][DVT]BT headphone take about 25 seconds to output audio after connection. (FR: 9/9 cycles; 3/3 units),Connectivity,CFE_input,weekly_labels_20260425_162335.csv
[DELL][Compal]NVL WS incorrect display and typo in WRT BIOS Tool,BIOS,CFE_input,weekly_labels_20260425_162335.csv
[Samsung][MTL][AX211] Can not find 6Ghz Mobile Hotspot.,Connectivity,CFE_input,weekly_labels_20260425_162335.csv
"All available networks are displayed under ""My Networks""",Killer,CFE_input,weekly_labels_20260425_162335.csv
[HP/Cashmere/RVP][PTL/OOB 26581/WHP] Three BT headsets BT PAS enable successful with issue symptom (3rd classic sometime show disconnected state),Connectivity,CFE_input,weekly_labels_20260425_162335.csv
[MADIGI][BV55B-ML03][MTL-H][DVT]Microphone of BT headphone can not be detected after connection.(FR: 9/9 cycles; 3/3 units),Connectivity,CFE_input,weekly_labels_20260425_162335.csv
[PSIRT] [Connectivity Performance Suite] [ICPS][CWE-426 on Get-ScheduledTask.ps1 may impact CIA,ICPS,CFE_input,weekly_labels_20260425_162335.csv
[Honor][Huaqin][LvzhouD][WCL][Intel AX211][WiFi][25H2]Bluetooth device disconnection With a high probability,Connectivity,CFE_input,weekly_labels_20260425_162335.csv
"[LG][HQ][14U40V][WCL]The units volume is no sound when turn up the volume by the Bluetooth speaker. (FR:1/2 units,3/20 cycles)",Connectivity,CFE_input,weekly_labels_20260425_162335.csv
ICS crashes 2 minutes after restart,ICPS,CFE_input,weekly_labels_20260425_162335.csv
[Honor][LUX][NvwaC][ARL-HX][AX211][WiFi]Is it possible to create a 5GHz SoftAP on the 2.4GHz and DFS channels in Belarus,P2P,CFE_input,weekly_labels_20260425_162335.csv
[Samsung][ADL][AX211] PC didnt start connect after PD request/response.,P2P,CFE_input,weekly_labels_20260425_162335.csv
[Windows] iHS Onboarding with IOS device fails on the last step,ICPS,CFE_input,weekly_labels_20260425_162335.csv
"[Lenovo Thinkbook/Consumer][Wistron][WCL][AX211][IdeaPad Slim 5 13IWC11]The AX211 network card uses Bluetooth to record audio with current and noise.(10/10 unit,50/50 cycle)",Connectivity,CFE_input,weekly_labels_20260425_165309.csv
"[Lenovo][Wistron][PTL-H][BE211][Curie3] BT headphone cant hear ""Lenovo Vantage"" notification sound",Connectivity,CFE_input,weekly_labels_20260425_165309.csv
[Dell][ICPS5.0] ICPS driver files are left in C:\Windows\System32\DriverStore\FileRepository after using installer to uninstall ICPS,ICPS,CFE_input,weekly_labels_20260425_165309.csv
"[Lenovo][Huaqin][PTL-H][BE213][S511_14_16]The Wi-Fi/BT icon disappears for about	one second after clicking the Wi-Fi icon at the bottom right corner of the	switch.(FR:1/3uuts,2/30cycles)",Performance,CFE_input,weekly_labels_20260425_165309.csv
[Dell][Luxshare][Roma][WCL][Win11] [DVT] SUT occur BSOD(0x133) during Warm Boot stress(FR:636 DPPM).(Fail rate:2 out of 14units2 out of 3143 cycles),BSOD,CFE_input,weekly_labels_20260425_165309.csv
[Windows] Smart Connect Incorrect Network List Addressing,Killer,CFE_input,weekly_labels_20260425_165309.csv
[Honor][Huaqin][LvzhouD][WCL][Intel AX211][WiFi][25H2]HLK USB Inter Device idle Test-Compat item fail,HLK,CFE_input,weekly_labels_20260425_165309.csv
[HP][IEC][Bobcats][MTL][Intel Wi-Fi 7 BE200] Randomly unable to connect to EAP-TLS network with 11r enabled/Wi-Fi signals keep fluctuating on the laptop resulting in slow connection and packet drops,Roaming,CFE_input,weekly_labels_20260425_165309.csv
[PSIRT] [Connectivity Performance Suite] Potential Use After Free may impact availability,ICPS,CFE_input,weekly_labels_20260425_165309.csv
LNL Ultra 7 258V with BE201 WLAN device miss,YB/Lost,CFE_input,weekly_labels_20260425_165309.csv
[Windows] Disable feature in Smart Connect Configurations Doesnt work,Killer,CFE_input,weekly_labels_20260425_165309.csv
"[LG][HQ][14U40V][WCL]The units mobile hotspot does not have a Security type option on the Edit Network Info screen.(FR: 2/2 units, 4/4 times)",Connectivity,CFE_input,weekly_labels_20260425_165309.csv
"[NEC][LCFC][WCL][Yukimura-WCL VP][25H2][SIT][BE211]The BT driver shows Dual BT in the Device Manager details, and the language used for the Device Manager name is different. FR: 1/1unit",Connectivity,CFE_input,weekly_labels_20260425_165309.csv
[Honor][LUX][NvwaC][ARL-HX][AX211][BT] The BSOD 0x133 releated to BthHFEnum,BSOD,CFE_input,weekly_labels_20260425_165309.csv
[PSIRT] [Killer]CWE-427 on cmd.exe may impact CIA,Killer,CFE_input,weekly_labels_20260425_165309.csv
"[Dell][Roma][PTL][25H2]Conection status show ""Connected"" after disconnect the BT headset  (F/R:100%",Connectivity,CFE_input,weekly_labels_20260425_165309.csv
[WIKO][Longcheer][MarseilleJ][Win11][Intel-PTL][AX211][BT]BR bluetooth mouse will be deleted automatically after upgrade to 24.40.0.3 bluetooth driver.,Connectivity,CFE_input,weekly_labels_20260425_165309.csv
[Dell-Roma PTL][WhP2] Athena BT audiooffload test,Connectivity,CFE_input,weekly_labels_20260425_165309.csv
"[ICPS5, NM] Network not selected as authorized, only after delay - Sometimes",ICPS,CFE_input,weekly_labels_20260425_165309.csv
[Microsoft][PTL/WHP/OOB 26581][PAS] Bluetooth crash and LE earbuds disconnect when enabling Audio Sharing (PAS) on Panther Lake,Connectivity,CFE_input,weekly_labels_20260425_165309.csv
[MADIGI][BV55B-ML03][MTL-H][DVT]BT headphone take about 25 seconds to output audio after connection. (FR: 9/9 cycles; 3/3 units),Connectivity,CFE_input,weekly_labels_20260425_165309.csv
[DELL][Compal]NVL WS incorrect display and typo in WRT BIOS Tool,BIOS,CFE_input,weekly_labels_20260425_165309.csv
[Samsung][MTL][AX211] Can not find 6Ghz Mobile Hotspot.,Connectivity,CFE_input,weekly_labels_20260425_165309.csv
"All available networks are displayed under ""My Networks""",Killer,CFE_input,weekly_labels_20260425_165309.csv
[HP/Cashmere/RVP][PTL/OOB 26581/WHP] Three BT headsets BT PAS enable successful with issue symptom (3rd classic sometime show disconnected state),Connectivity,CFE_input,weekly_labels_20260425_165309.csv
[MADIGI][BV55B-ML03][MTL-H][DVT]Microphone of BT headphone can not be detected after connection.(FR: 9/9 cycles; 3/3 units),Connectivity,CFE_input,weekly_labels_20260425_165309.csv
[PSIRT] [Connectivity Performance Suite] [ICPS][CWE-426 on Get-ScheduledTask.ps1 may impact CIA,ICPS,CFE_input,weekly_labels_20260425_165309.csv
[Honor][Huaqin][LvzhouD][WCL][Intel AX211][WiFi][25H2]Bluetooth device disconnection With a high probability,Connectivity,CFE_input,weekly_labels_20260425_165309.csv
"[LG][HQ][14U40V][WCL]The units volume is no sound when turn up the volume by the Bluetooth speaker. (FR:1/2 units,3/20 cycles)",Connectivity,CFE_input,weekly_labels_20260425_165309.csv
ICS crashes 2 minutes after restart,ICPS,CFE_input,weekly_labels_20260425_165309.csv
[Honor][LUX][NvwaC][ARL-HX][AX211][WiFi]Is it possible to create a 5GHz SoftAP on the 2.4GHz and DFS channels in Belarus,P2P,CFE_input,weekly_labels_20260425_165309.csv
[Samsung][ADL][AX211] PC didnt start connect after PD request/response.,P2P,CFE_input,weekly_labels_20260425_165309.csv
[Windows] iHS Onboarding with IOS device fails on the last step,ICPS,CFE_input,weekly_labels_20260425_165309.csv
[Lenovo ThinkPad][Avon/PTL/BE211][PCI][25H2] Short Audio Cues does not Play When Using Bluetooth Headset,Connectivity,CFE_input,weekly_labels_20260501_170001.csv
[DELL][field][AX211][BE200] Intermittent Wi-Fi disconnects with 802.11r enabled on Intel AX211/BE200 in WPA-EAP enterprise environments,Connectivity,CFE_input,weekly_labels_20260501_170001.csv
[Microsoft][UID 1292890][PTL/FmP/OOB 26581][PAS] LE earbuds disconnects intermittently during the PAS streaming with TCPRx iperf traffic and HID(mouse connected),Connectivity,CFE_input,weekly_labels_20260501_170001.csv
[DELL][Field]Intel(R) Wi-Fi 7 BE200 is unable to connect WIFI-6E 6GHz networks in Windows 10/11 in Macao,Connectivity,CFE_input,weekly_labels_20260501_170001.csv
[HP][Wistron][ 26C1_Chiharu_PTL][H12XE][WHP2[Win11 25H2 Build 26200.7462] Intel Dual Bluetooth PCI Enumerator Shows Yellow Bang (Code 10) with Event Error 5002  Netwaw18.sys,YB/Lost,CFE_input,weekly_labels_20260501_170001.csv
[DELL][Compal]ADL Ant tool not work,OEM Tools,CFE_input,weekly_labels_20260501_170001.csv
"Roaming failed twice, with two failed attempts to reconnect to the 5G hotspot. F/R: 1/1u, 2/50C",Connectivity,CFE_input,weekly_labels_20260501_170001.csv
Request for EU (RED/EMC) and Korea (KC) Regulatory Certificates and Test Reports,RF,CFE_input,weekly_labels_20260501_170001.csv
[Lenovo ideapad ][LCFC][V gen 7 WCL][be213] BIOS WGDS shetting invalid,BIOS,CFE_input,weekly_labels_20260501_170001.csv
[HP][IEC][Bobcats][MTL][Intel Wi-Fi 7 BE200] Wi-Fi signals keep fluctuating on the laptop resulting in slow connection and packet drops,Sensing,CFE_input,weekly_labels_20260501_170001.csv
"The result show fail when running Stress-WiFi Ping (S4) test.(F/R:11/40units,13/4000cycles)",Connectivity,CFE_input,weekly_labels_20260501_170001.csv
WPA3 Security of AC9260/AC9560,Connectivity,CFE_input,weekly_labels_20260501_170001.csv
[Dynabook] ICPS appx (50.26.401.224) installation failed via install.bat,ICPS,CFE_input,weekly_labels_20260501_170001.csv
Mobile hotspot cannot be opened when selecting 5GHz band,Connectivity,CFE_input,weekly_labels_20260501_170001.csv
[xiaomi][huaqin][N56SR/N57SR][PTL-H][AX211] BSOD 0xE6,BSOD,CFE_input,weekly_labels_20260501_170001.csv
[DELL][Field] Wi-Fi issue : Connection failure with 802.11r on,Connectivity,CFE_input,weekly_labels_20260501_170001.csv
"[ICPS5, CMD] ICPS didnt switch to better network when auto switch enabled - Sometimes",ICPS,CFE_input,weekly_labels_20260501_170001.csv
"[Haier][Wingtech][G1][ADL-P][Ax210][21H2]With the PC connection to the WiFi for a long-time suspension test, the WLAN driver has a loss problem [3 / 3]",Connectivity,CFE_input,weekly_labels_20260501_170001.csv
[xiaomi][huaqin][N56SR/N57SR][PTL-H][AX211] BSOD 0xE6 during FCT test leaves AX211 Bluetooth in unrecoverable yellow bang state on Panther Lake,BSOD,CFE_input,weekly_labels_20260501_170001.csv
"[HP][Quanta]-[Trekker][LNL/ARL/RPL/PTL][Win11 25H2] ""Declarative Driver Check"" show fail after running Declarative Driver Check test with MSFTAuditHub_PS_1.00_A3",HLK,CFE_input,weekly_labels_20260501_170001.csv
[VAIO][Quanta][WCL][TRC][BE211] System BSOD 0xD1 when doing idle.(FAILURE_BUCKET_ID: AV_Netwaw18!unknown_function),BSOD,CFE_input,weekly_labels_20260501_170001.csv
[Lenovo][ICPS5.0][BDBA] Vulnerabilities on .Net 4.6/6.1 with C23,ICPS,CFE_input,weekly_labels_20260501_170001.csv
[Samsung][GB6-16 PTL][GfP2] PC snatches the connection of Buds4 from Phone,Connectivity,CFE_input,weekly_labels_20260501_170001.csv
[ASUS_CCBU][BE211][B9406CAA] Teams call will drop when wifi connecting.,Connectivity,CFE_input,weekly_labels_20260501_170001.csv
3LS - SIP129540 - EB 640 G11(Rex 14) & 630G11/ W11 22H2 / GC / SF / Intel wireless AX211 suffering from heavy packet loss intermittently/PC APJ/,Connectivity,CFE_input,weekly_labels_20260501_170001.csv
NetworkService fails to start after inf install with new root location,ICPS,CFE_input,weekly_labels_20260501_170001.csv
System cant found 6Ghz mobile hotspot.,Connectivity,CFE_input,weekly_labels_20260501_170001.csv
[LG][16Z90U][PTL/BE211/Win11 25H2] Youtube lip-sync issue when connecting Bluetooth classic audio,Connectivity,CFE_input,weekly_labels_20260508_230403.csv
[ASUS_CCBU][P5405CSA/P3405CVA][BE201/AX211] Cannot display extended mode on a second monitor via Miracast.,P2P,CFE_input,weekly_labels_20260508_230403.csv
"[Samsung][PTL][BE211][P260422-06258] PC fails to connect to P2P Group Owner after PD exchange in QA environment (Wi-Fi, Panther Lake, 100%)",P2P,CFE_input,weekly_labels_20260508_230403.csv
[Microsoft][UID 1295717][PTL/FmP/OOB 26581][PAS] PAS Audio Glitches during WiFi-BT Coex on 2.4ghz 20MHz (2.4ghz 20MHz CND),Connectivity,CFE_input,weekly_labels_20260508_230403.csv
Fast Lane - Update IPCBridge BoostedAppInfoState on R3QO3 enabled activity detected,ICPS,CFE_input,weekly_labels_20260508_230403.csv
[Samsung][PTL][BE211][P260422-06258] PC P2P Client didnt start to connect after PD request/response.,P2P,CFE_input,weekly_labels_20260508_230403.csv
[DELL][Field]Intel(R) Wi-Fi 7 BE200 is unable to connect WIFI-6E 6GHz networks in Windows 10/11 in Macao,Connectivity,CFE_input,weekly_labels_20260508_230403.csv
[lenovo_ptl_mario]Field issue - WiFi connection issues (Romania),Connectivity,CFE_input,weekly_labels_20260508_230403.csv
[Dell][SanctuaryMLK][ARL][GaP]LowTpt due to hitting assert during test,YB/Lost,CFE_input,weekly_labels_20260508_230403.csv
"[Samsung][PTL][BE211][P260422-06258] PC fails to connect to P2P GO after PD Request/Response on Panther Lake, Windows 11 25H2",P2P,CFE_input,weekly_labels_20260508_230403.csv
[KPI][IHS] Long scan time for HS - sometimes - Beta,ICPS,CFE_input,weekly_labels_20260508_230403.csv
"Roaming failed twice, with two failed attempts to reconnect to the 5G hotspot. F/R: 1/1u, 2/50C",Connectivity,CFE_input,weekly_labels_20260508_230403.csv
[WCL][Roma] DUT still need to be connected under MS,WowLAN,CFE_input,weekly_labels_20260508_230403.csv
[HP][Sensing] PC didnt lock after user left inside 10s,Sensing,CFE_input,weekly_labels_20260508_230403.csv
"[X17_PTL] WRT2G Tool get ""BIOS configuration is not vaild"" Warning",OEM Tools,CFE_input,weekly_labels_20260508_230403.csv
[Dell][FXN][NVL-S][Citadel CSLP]  When running BIOS tool in WRT Tool fail,OEM Tools,CFE_input,weekly_labels_20260508_230403.csv
"The result show fail when running Stress-WiFi Ping (S4) test.(F/R:11/40units,13/4000cycles)",Connectivity,CFE_input,weekly_labels_20260508_230403.csv
HP Printing - Error when printing large format jobs causes brief disconnection - Intel Wi-Fi 6E AX211 and AX201 160Mhz,Connectivity,CFE_input,weekly_labels_20260508_230403.csv
[Samsung][PTL][BE211][P260422-06258] PC fails to initiate Wi-Fi P2P connection after PD exchange with Android GO on Panther Lake/BE211,P2P,CFE_input,weekly_labels_20260508_230403.csv
[PSIRT]Killer CWE-426 on ISSetup.dll may impact CIA,Killer,CFE_input,weekly_labels_20260508_230403.csv
[HP][Sensing]PC lock when user sitting in front of it,Sensing,CFE_input,weekly_labels_20260508_230403.csv
V7xxYU BE211 WCL BT YB,YB/Lost,CFE_input,weekly_labels_20260508_230403.csv
[Lenovo-DT][Huaqin][Yoga9][PTL] The yellow label of the Wifi/BT device appears in the reboot cycle stress test,YB/Lost,CFE_input,weekly_labels_20260508_230403.csv
"[NEC][LCFC][PTL[Yukimura-IP][25H2][SIT][BE211]Under S0 with a Bluetooth headset connected and running 1080P, the PHM log shows that C10 does not reach 50%.FR: 9/10Cycles",Power Consumption,CFE_input,weekly_labels_20260508_230403.csv
[Lenovo][LunarLake][BE201][25H2][20%][ICPS5.0]ICPS system tray icon doesnt exist intermittently,ICPS,CFE_input,weekly_labels_20260508_230403.csv
[HP] [Masada][LNL][FmP2-BE201][Win11 25H2 v26100.8246]Device keep going away for ~1min and comes back in NearSense UI view,Connectivity,CFE_input,weekly_labels_20260508_230403.csv
[lenovo_ptl_paris] BT no prompt sound when pressing F2/F3 after Vantage enabled,Audio,CFE_input,weekly_labels_20260508_230403.csv
[ICS][Smart Connect] Infinite loading in network list,Killer,CFE_input,weekly_labels_20260508_230403.csv
"[Lenovo][Kailash][PTL/BE211@1216/320Mhz][25H2]Assert 0x505 occurred when running MS-Resume Test on one specific unit. (F/R: 1/50 units, for this specific unit, fail rate is 100%)",YB/Lost,CFE_input,weekly_labels_20260508_230403.csv
"[Intel][Internal][RPL-P (I)][AX211] WiFi Disconnect, not roaming, stationary",Connectivity,CFE_input,weekly_labels_20260508_230403.csv
[Windows] NWLS consumes memory when LS tab is disabled,Killer,CFE_input,weekly_labels_20260508_230403.csv
[Samsung][PTL][BE211][P260422-06258] Windows PC fails to connect to Android GO after PD Request/Response in Wi-Fi P2P setup,P2P,CFE_input,weekly_labels_20260508_230403.csv
[Dell][GhostRider 16 ARL] IPS report BSOD 0x13a issue during install Audio driver from 10.0.244.2_A05 to 10.0.328.1_A06.,BSOD,CFE_input,weekly_labels_20260508_230403.csv
[CLEVO][V740TUT1][V740TUT1_AX201_HEADSET_NO-MIC_AFTER_S4],Connectivity,CFE_input,weekly_labels_20260508_230403.csv
"[ICPS5, UI] Black screen when launching ICPS after restart - Sometimes",ICPS,CFE_input,weekly_labels_20260508_230403.csv
[TB1416 Gen8-IRL][Intel AX211/AX203] WiFi lag issue,Performance,CFE_input,weekly_labels_20260515_170001.csv
"The result show fail when running Stress-WiFi Ping (S4) test.(F/R:11/40units,13/4000cycles)",Connectivity,CFE_input,weekly_labels_20260515_170001.csv
"[Honor][Huaqin][LvzhouD][WCL][Intel AX211][WiFi][25H2]After STA changes the channel, the P2P channel undergoes irregular changes.",P2P,CFE_input,weekly_labels_20260515_170001.csv
"[Ubuntu] [HP] [ ZBook X G2i] bluetooth test got errors on Intel BE211NGW  HCI: Command failed. Error code: 0x12, Payload: b\x04\x0e\x04\x01B \x12",OEM Tools,CFE_input,weekly_labels_20260515_170001.csv
[HP][IEC] - [Masada][LNL][Win11 25H2]SW Drips 0%,Power Consumption,CFE_input,weekly_labels_20260515_170001.csv
Auth failed when doing connect and ping stress test,Connectivity,CFE_input,weekly_labels_20260515_170001.csv
[Intel][Acer][SP2W][WildCatLake] How to compatible 2 SAR table in windows,BIOS,CFE_input,weekly_labels_20260515_170001.csv
"[Lenovo][Compal]PTL][BE200][ideapad S5P]Stress_CB, Unit show Check device Fail(Intel(R) Wireless Bluetooth(R)(!))during test.(Intel BT YB in Device manager) (F/R:2/4u)",YB/Lost,CFE_input,weekly_labels_20260522_183733.csv
[Samsung][GB6U-16 PTL][WhP2] Controller does not report LE EXT ADV consistently,Connectivity,CFE_input,weekly_labels_20260522_183733.csv
"(Copy Of 01011382) [Samsung][Huaqin][WCL][Titan6-14_WCL_BE][Win11]Unit show BSOD 0x139 after idle for 30mins after Benchmark test finished and point to Intel WIFI driver..(F/R:1/20 units, 1/20 times)",BSOD,CFE_input,weekly_labels_20260522_183733.csv
"[Lenovo][Compal][ARL][AX203][Ideapad S5P]Buzzing noise is heard from the Bluetooth headset during teams meetings.(F/R:3/3u,6/6c)",Audio,CFE_input,weekly_labels_20260522_183733.csv
[honor][LUX][NvwaC][ARL-hx][AX211][BT]The 0x1E bsod,BSOD,CFE_input,weekly_labels_20260522_183733.csv
[Asus][B5406FMA][Luxshare][WCL]  Wifi device not foud during Reboot cycling.,Connectivity,CFE_input,weekly_labels_20260522_183733.csv
Auth failed when doing connect and ping stress test,Connectivity,CFE_input,weekly_labels_20260522_183733.csv
(Copy Of 01002269)][MTL-RPL][AX211][GFP][P14sGen5/Gen4]  Users experience frequent disconnections during roaming between access points when 802.11ax is enabled,Roaming,CFE_input,weekly_labels_20260522_183733.csv
[Samsung][WCL][NB8532A][Intel AX211]Unit cannot be ping when in MS status,Connectivity,CFE_input,weekly_labels_20260522_183733.csv
"[Samsung][WCL][NB8532A][Intel AX211]WHQL test_""Bluetooth - Audio - Check Sideband DDI"" show fail",HLK,CFE_input,weekly_labels_20260522_183733.csv
"[Samsung][WCL][NB8532A][Intel AX211]Connect the BT speaker first, then connect the BT BR headset, will cause the the BT MIC not show up",Connectivity,CFE_input,weekly_labels_20260522_183733.csv
[Acer/Compal][Mandolin_PTW] Intel BE211.D2WG.NV_BT SAR Read Fail on v24.40,OEM Tools,CFE_input,weekly_labels_20260522_183733.csv
(Copy Of 00964370) [HP] No sound output from earbuds/ internal speakers when manually reconnecting the earbuds after turn off/on BT,Connectivity,CFE_input,weekly_labels_20260522_183733.csv
(Copy Of 01008072) [Honor][LUX][NvwaB][ARL-HX][AX211][BT] The BSOD 0x133 releated to BthPan,BSOD,CFE_input,weekly_labels_20260522_183733.csv
[ASUS][NVL][WIFI][BE211] BT Device controller yellow issue (FR:100&%),YB/Lost,CFE_input,weekly_labels_20260522_183733.csv
"[Acer][Longcheer][Anko_WK][WCL]After turn off and turn on Bluetooth ,The Bluetooth mouse can be reconnected  but no functions.",Connectivity,CFE_input,weekly_labels_20260522_183733.csv
[Acer][Quanta][BT][HLK WHQL] Bluetooth LE Audio VSAP fail,HLK,CFE_input,weekly_labels_20260522_183733.csv
[Dell][Wistron][GhostRider]Fail to connect with wifi during BIOS post.,UEFI,CFE_input,weekly_labels_20260522_183733.csv
[HP][IEC] - [CashmereI][PTL][Win11 25H2]SW Drips 0%,Power Consumption,CFE_input,weekly_labels_20260522_183733.csv
"[Samsung][Huaqin][WCL][Titan6-14_WCL_BE][Win11]Video show lag after paring BT headphone.(F/R: 2/2 units, 6/6 times)",Performance,CFE_input,weekly_labels_20260522_183733.csv
"[Lenovo][Compal]PTL][BE200][ideapad S5P]Stress_CB, Unit show Check device Fail(Intel(R) Wireless Bluetooth(R)(!))during test.(Intel BT YB in Device manager) (F/R:2/4u)",YB/Lost,CFE_input,weekly_labels_20260523_143606.csv
[Samsung][GB6U-16 PTL][WhP2] Controller does not report LE EXT ADV consistently,Connectivity,CFE_input,weekly_labels_20260523_143606.csv
"(Copy Of 01011382) [Samsung][Huaqin][WCL][Titan6-14_WCL_BE][Win11]Unit show BSOD 0x139 after idle for 30mins after Benchmark test finished and point to Intel WIFI driver..(F/R:1/20 units, 1/20 times)",BSOD,CFE_input,weekly_labels_20260523_143606.csv
"[Lenovo][Compal][ARL][AX203][Ideapad S5P]Buzzing noise is heard from the Bluetooth headset during teams meetings.(F/R:3/3u,6/6c)",Audio,CFE_input,weekly_labels_20260523_143606.csv
[honor][LUX][NvwaC][ARL-hx][AX211][BT]The 0x1E bsod,BSOD,CFE_input,weekly_labels_20260523_143606.csv
[Asus][B5406FMA][Luxshare][WCL]  Wifi device not foud during Reboot cycling.,Connectivity,CFE_input,weekly_labels_20260523_143606.csv
Auth failed when doing connect and ping stress test,Connectivity,CFE_input,weekly_labels_20260523_143606.csv
(Copy Of 01002269)][MTL-RPL][AX211][GFP][P14sGen5/Gen4]  Users experience frequent disconnections during roaming between access points when 802.11ax is enabled,Roaming,CFE_input,weekly_labels_20260523_143606.csv
[Samsung][WCL][NB8532A][Intel AX211]Unit cannot be ping when in MS status,Connectivity,CFE_input,weekly_labels_20260523_143606.csv
"[Samsung][WCL][NB8532A][Intel AX211]WHQL test_""Bluetooth - Audio - Check Sideband DDI"" show fail",HLK,CFE_input,weekly_labels_20260523_143606.csv
"[Samsung][WCL][NB8532A][Intel AX211]Connect the BT speaker first, then connect the BT BR headset, will cause the the BT MIC not show up",Connectivity,CFE_input,weekly_labels_20260523_143606.csv
[Acer/Compal][Mandolin_PTW] Intel BE211.D2WG.NV_BT SAR Read Fail on v24.40,OEM Tools,CFE_input,weekly_labels_20260523_143606.csv
(Copy Of 00964370) [HP] No sound output from earbuds/ internal speakers when manually reconnecting the earbuds after turn off/on BT,Connectivity,CFE_input,weekly_labels_20260523_143606.csv
(Copy Of 01008072) [Honor][LUX][NvwaB][ARL-HX][AX211][BT] The BSOD 0x133 releated to BthPan,BSOD,CFE_input,weekly_labels_20260523_143606.csv
[ASUS][NVL][WIFI][BE211] BT Device controller yellow issue (FR:100&%),YB/Lost,CFE_input,weekly_labels_20260523_143606.csv
"[Acer][Longcheer][Anko_WK][WCL]After turn off and turn on Bluetooth ,The Bluetooth mouse can be reconnected  but no functions.",Connectivity,CFE_input,weekly_labels_20260523_143606.csv
[Acer][Quanta][BT][HLK WHQL] Bluetooth LE Audio VSAP fail,HLK,CFE_input,weekly_labels_20260523_143606.csv
[Dell][Wistron][GhostRider]Fail to connect with wifi during BIOS post.,UEFI,CFE_input,weekly_labels_20260523_143606.csv
[HP][IEC] - [CashmereI][PTL][Win11 25H2]SW Drips 0%,Power Consumption,CFE_input,weekly_labels_20260523_143606.csv
"[Samsung][Huaqin][WCL][Titan6-14_WCL_BE][Win11]Video show lag after paring BT headphone.(F/R: 2/2 units, 6/6 times)",Performance,CFE_input,weekly_labels_20260523_143606.csv
"[Lenovo][Compal]PTL][BE200][ideapad S5P]Stress_CB, Unit show Check device Fail(Intel(R) Wireless Bluetooth(R)(!))during test.(Intel BT YB in Device manager) (F/R:2/4u)",YB/Lost,CFE_input,weekly_labels_20260523_143640.csv
[Samsung][GB6U-16 PTL][WhP2] Controller does not report LE EXT ADV consistently,Connectivity,CFE_input,weekly_labels_20260523_143640.csv
"(Copy Of 01011382) [Samsung][Huaqin][WCL][Titan6-14_WCL_BE][Win11]Unit show BSOD 0x139 after idle for 30mins after Benchmark test finished and point to Intel WIFI driver..(F/R:1/20 units, 1/20 times)",BSOD,CFE_input,weekly_labels_20260523_143640.csv
"[Lenovo][Compal][ARL][AX203][Ideapad S5P]Buzzing noise is heard from the Bluetooth headset during teams meetings.(F/R:3/3u,6/6c)",Audio,CFE_input,weekly_labels_20260523_143640.csv
[honor][LUX][NvwaC][ARL-hx][AX211][BT]The 0x1E bsod,BSOD,CFE_input,weekly_labels_20260523_143640.csv
[Asus][B5406FMA][Luxshare][WCL]  Wifi device not foud during Reboot cycling.,Connectivity,CFE_input,weekly_labels_20260523_143640.csv
Auth failed when doing connect and ping stress test,Connectivity,CFE_input,weekly_labels_20260523_143640.csv
(Copy Of 01002269)][MTL-RPL][AX211][GFP][P14sGen5/Gen4]  Users experience frequent disconnections during roaming between access points when 802.11ax is enabled,Roaming,CFE_input,weekly_labels_20260523_143640.csv
[Samsung][WCL][NB8532A][Intel AX211]Unit cannot be ping when in MS status,Connectivity,CFE_input,weekly_labels_20260523_143640.csv
"[Samsung][WCL][NB8532A][Intel AX211]WHQL test_""Bluetooth - Audio - Check Sideband DDI"" show fail",HLK,CFE_input,weekly_labels_20260523_143640.csv
"[Samsung][WCL][NB8532A][Intel AX211]Connect the BT speaker first, then connect the BT BR headset, will cause the the BT MIC not show up",Connectivity,CFE_input,weekly_labels_20260523_143640.csv
[Acer/Compal][Mandolin_PTW] Intel BE211.D2WG.NV_BT SAR Read Fail on v24.40,OEM Tools,CFE_input,weekly_labels_20260523_143640.csv
(Copy Of 00964370) [HP] No sound output from earbuds/ internal speakers when manually reconnecting the earbuds after turn off/on BT,Connectivity,CFE_input,weekly_labels_20260523_143640.csv
(Copy Of 01008072) [Honor][LUX][NvwaB][ARL-HX][AX211][BT] The BSOD 0x133 releated to BthPan,BSOD,CFE_input,weekly_labels_20260523_143640.csv
[ASUS][NVL][WIFI][BE211] BT Device controller yellow issue (FR:100&%),YB/Lost,CFE_input,weekly_labels_20260523_143640.csv
"[Acer][Longcheer][Anko_WK][WCL]After turn off and turn on Bluetooth ,The Bluetooth mouse can be reconnected  but no functions.",Connectivity,CFE_input,weekly_labels_20260523_143640.csv
[Acer][Quanta][BT][HLK WHQL] Bluetooth LE Audio VSAP fail,HLK,CFE_input,weekly_labels_20260523_143640.csv
[Dell][Wistron][GhostRider]Fail to connect with wifi during BIOS post.,UEFI,CFE_input,weekly_labels_20260523_143640.csv
[HP][IEC] - [CashmereI][PTL][Win11 25H2]SW Drips 0%,Power Consumption,CFE_input,weekly_labels_20260523_143640.csv
"[Samsung][Huaqin][WCL][Titan6-14_WCL_BE][Win11]Video show lag after paring BT headphone.(F/R: 2/2 units, 6/6 times)",Performance,CFE_input,weekly_labels_20260523_143640.csv
"[Lenovo][Compal]PTL][BE200][ideapad S5P]Stress_CB, Unit show Check device Fail(Intel(R) Wireless Bluetooth(R)(!))during test.(Intel BT YB in Device manager) (F/R:2/4u)",YB/Lost,CFE_input,weekly_labels_20260523_145957.csv
[Samsung][GB6U-16 PTL][WhP2] Controller does not report LE EXT ADV consistently,Connectivity,CFE_input,weekly_labels_20260523_145957.csv
"(Copy Of 01011382) [Samsung][Huaqin][WCL][Titan6-14_WCL_BE][Win11]Unit show BSOD 0x139 after idle for 30mins after Benchmark test finished and point to Intel WIFI driver..(F/R:1/20 units, 1/20 times)",BSOD,CFE_input,weekly_labels_20260523_145957.csv
"[Lenovo][Compal][ARL][AX203][Ideapad S5P]Buzzing noise is heard from the Bluetooth headset during teams meetings.(F/R:3/3u,6/6c)",Audio,CFE_input,weekly_labels_20260523_145957.csv
[honor][LUX][NvwaC][ARL-hx][AX211][BT]The 0x1E bsod,BSOD,CFE_input,weekly_labels_20260523_145957.csv
[Asus][B5406FMA][Luxshare][WCL]  Wifi device not foud during Reboot cycling.,Connectivity,CFE_input,weekly_labels_20260523_145957.csv
Auth failed when doing connect and ping stress test,Connectivity,CFE_input,weekly_labels_20260523_145957.csv
(Copy Of 01002269)][MTL-RPL][AX211][GFP][P14sGen5/Gen4]  Users experience frequent disconnections during roaming between access points when 802.11ax is enabled,Roaming,CFE_input,weekly_labels_20260523_145957.csv
[Samsung][WCL][NB8532A][Intel AX211]Unit cannot be ping when in MS status,Connectivity,CFE_input,weekly_labels_20260523_145957.csv
"[Samsung][WCL][NB8532A][Intel AX211]WHQL test_""Bluetooth - Audio - Check Sideband DDI"" show fail",HLK,CFE_input,weekly_labels_20260523_145957.csv
"[Samsung][WCL][NB8532A][Intel AX211]Connect the BT speaker first, then connect the BT BR headset, will cause the the BT MIC not show up",Connectivity,CFE_input,weekly_labels_20260523_145957.csv
[Acer/Compal][Mandolin_PTW] Intel BE211.D2WG.NV_BT SAR Read Fail on v24.40,OEM Tools,CFE_input,weekly_labels_20260523_145957.csv
(Copy Of 00964370) [HP] No sound output from earbuds/ internal speakers when manually reconnecting the earbuds after turn off/on BT,Connectivity,CFE_input,weekly_labels_20260523_145957.csv
(Copy Of 01008072) [Honor][LUX][NvwaB][ARL-HX][AX211][BT] The BSOD 0x133 releated to BthPan,BSOD,CFE_input,weekly_labels_20260523_145957.csv
[ASUS][NVL][WIFI][BE211] BT Device controller yellow issue (FR:100&%),YB/Lost,CFE_input,weekly_labels_20260523_145957.csv
"[Acer][Longcheer][Anko_WK][WCL]After turn off and turn on Bluetooth ,The Bluetooth mouse can be reconnected  but no functions.",Connectivity,CFE_input,weekly_labels_20260523_145957.csv
[Acer][Quanta][BT][HLK WHQL] Bluetooth LE Audio VSAP fail,HLK,CFE_input,weekly_labels_20260523_145957.csv
[Dell][Wistron][GhostRider]Fail to connect with wifi during BIOS post.,UEFI,CFE_input,weekly_labels_20260523_145957.csv
[HP][IEC] - [CashmereI][PTL][Win11 25H2]SW Drips 0%,Power Consumption,CFE_input,weekly_labels_20260523_145957.csv
"[Samsung][Huaqin][WCL][Titan6-14_WCL_BE][Win11]Video show lag after paring BT headphone.(F/R: 2/2 units, 6/6 times)",Performance,CFE_input,weekly_labels_20260523_145957.csv
"[Lenovo][Compal]PTL][BE200][ideapad S5P]Stress_CB, Unit show Check device Fail(Intel(R) Wireless Bluetooth(R)(!))during test.(Intel BT YB in Device manager) (F/R:2/4u)",YB/Lost,CFE_input,weekly_labels_20260523_150056.csv
[Samsung][GB6U-16 PTL][WhP2] Controller does not report LE EXT ADV consistently,Connectivity,CFE_input,weekly_labels_20260523_150056.csv
"(Copy Of 01011382) [Samsung][Huaqin][WCL][Titan6-14_WCL_BE][Win11]Unit show BSOD 0x139 after idle for 30mins after Benchmark test finished and point to Intel WIFI driver..(F/R:1/20 units, 1/20 times)",BSOD,CFE_input,weekly_labels_20260523_150056.csv
"[Lenovo][Compal][ARL][AX203][Ideapad S5P]Buzzing noise is heard from the Bluetooth headset during teams meetings.(F/R:3/3u,6/6c)",Audio,CFE_input,weekly_labels_20260523_150056.csv
[honor][LUX][NvwaC][ARL-hx][AX211][BT]The 0x1E bsod,BSOD,CFE_input,weekly_labels_20260523_150056.csv
[Asus][B5406FMA][Luxshare][WCL]  Wifi device not foud during Reboot cycling.,Connectivity,CFE_input,weekly_labels_20260523_150056.csv
Auth failed when doing connect and ping stress test,Connectivity,CFE_input,weekly_labels_20260523_150056.csv
(Copy Of 01002269)][MTL-RPL][AX211][GFP][P14sGen5/Gen4]  Users experience frequent disconnections during roaming between access points when 802.11ax is enabled,Roaming,CFE_input,weekly_labels_20260523_150056.csv
[Samsung][WCL][NB8532A][Intel AX211]Unit cannot be ping when in MS status,Connectivity,CFE_input,weekly_labels_20260523_150056.csv
"[Samsung][WCL][NB8532A][Intel AX211]WHQL test_""Bluetooth - Audio - Check Sideband DDI"" show fail",HLK,CFE_input,weekly_labels_20260523_150056.csv
"[Samsung][WCL][NB8532A][Intel AX211]Connect the BT speaker first, then connect the BT BR headset, will cause the the BT MIC not show up",Connectivity,CFE_input,weekly_labels_20260523_150056.csv
[Acer/Compal][Mandolin_PTW] Intel BE211.D2WG.NV_BT SAR Read Fail on v24.40,OEM Tools,CFE_input,weekly_labels_20260523_150056.csv
(Copy Of 00964370) [HP] No sound output from earbuds/ internal speakers when manually reconnecting the earbuds after turn off/on BT,Connectivity,CFE_input,weekly_labels_20260523_150056.csv
(Copy Of 01008072) [Honor][LUX][NvwaB][ARL-HX][AX211][BT] The BSOD 0x133 releated to BthPan,BSOD,CFE_input,weekly_labels_20260523_150056.csv
[ASUS][NVL][WIFI][BE211] BT Device controller yellow issue (FR:100&%),YB/Lost,CFE_input,weekly_labels_20260523_150056.csv
"[Acer][Longcheer][Anko_WK][WCL]After turn off and turn on Bluetooth ,The Bluetooth mouse can be reconnected  but no functions.",Connectivity,CFE_input,weekly_labels_20260523_150056.csv
[Acer][Quanta][BT][HLK WHQL] Bluetooth LE Audio VSAP fail,HLK,CFE_input,weekly_labels_20260523_150056.csv
[Dell][Wistron][GhostRider]Fail to connect with wifi during BIOS post.,UEFI,CFE_input,weekly_labels_20260523_150056.csv
[HP][IEC] - [CashmereI][PTL][Win11 25H2]SW Drips 0%,Power Consumption,CFE_input,weekly_labels_20260523_150056.csv
"[Samsung][Huaqin][WCL][Titan6-14_WCL_BE][Win11]Video show lag after paring BT headphone.(F/R: 2/2 units, 6/6 times)",Performance,CFE_input,weekly_labels_20260523_150056.csv
"[Lenovo][Compal]PTL][BE200][ideapad S5P]Stress_CB, Unit show Check device Fail(Intel(R) Wireless Bluetooth(R)(!))during test.(Intel BT YB in Device manager) (F/R:2/4u)",YB/Lost,CFE_input,weekly_labels_20260525_100744.csv
[Samsung][GB6U-16 PTL][WhP2] Controller does not report LE EXT ADV consistently,Connectivity,CFE_input,weekly_labels_20260525_100744.csv
"(Copy Of 01011382) [Samsung][Huaqin][WCL][Titan6-14_WCL_BE][Win11]Unit show BSOD 0x139 after idle for 30mins after Benchmark test finished and point to Intel WIFI driver..(F/R:1/20 units, 1/20 times)",BSOD,CFE_input,weekly_labels_20260525_100744.csv
"[Lenovo][Compal][ARL][AX203][Ideapad S5P]Buzzing noise is heard from the Bluetooth headset during teams meetings.(F/R:3/3u,6/6c)",Audio,CFE_input,weekly_labels_20260525_100744.csv
[honor][LUX][NvwaC][ARL-hx][AX211][BT]The 0x1E bsod,BSOD,CFE_input,weekly_labels_20260525_100744.csv
[Asus][B5406FMA][Luxshare][WCL]  Wifi device not foud during Reboot cycling.,Connectivity,CFE_input,weekly_labels_20260525_100744.csv
Auth failed when doing connect and ping stress test,Connectivity,CFE_input,weekly_labels_20260525_100744.csv
(Copy Of 01002269)][MTL-RPL][AX211][GFP][P14sGen5/Gen4]  Users experience frequent disconnections during roaming between access points when 802.11ax is enabled,Roaming,CFE_input,weekly_labels_20260525_100744.csv
[Samsung][WCL][NB8532A][Intel AX211]Unit cannot be ping when in MS status,Connectivity,CFE_input,weekly_labels_20260525_100744.csv
"[Samsung][WCL][NB8532A][Intel AX211]WHQL test_""Bluetooth - Audio - Check Sideband DDI"" show fail",HLK,CFE_input,weekly_labels_20260525_100744.csv
"[Samsung][WCL][NB8532A][Intel AX211]Connect the BT speaker first, then connect the BT BR headset, will cause the the BT MIC not show up",Connectivity,CFE_input,weekly_labels_20260525_100744.csv
[Acer/Compal][Mandolin_PTW] Intel BE211.D2WG.NV_BT SAR Read Fail on v24.40,OEM Tools,CFE_input,weekly_labels_20260525_100744.csv
(Copy Of 00964370) [HP] No sound output from earbuds/ internal speakers when manually reconnecting the earbuds after turn off/on BT,Connectivity,CFE_input,weekly_labels_20260525_100744.csv
(Copy Of 01008072) [Honor][LUX][NvwaB][ARL-HX][AX211][BT] The BSOD 0x133 releated to BthPan,BSOD,CFE_input,weekly_labels_20260525_100744.csv
[ASUS][NVL][WIFI][BE211] BT Device controller yellow issue (FR:100&%),YB/Lost,CFE_input,weekly_labels_20260525_100744.csv
"[Acer][Longcheer][Anko_WK][WCL]After turn off and turn on Bluetooth ,The Bluetooth mouse can be reconnected  but no functions.",Connectivity,CFE_input,weekly_labels_20260525_100744.csv
[Acer][Quanta][BT][HLK WHQL] Bluetooth LE Audio VSAP fail,HLK,CFE_input,weekly_labels_20260525_100744.csv
[Dell][Wistron][GhostRider]Fail to connect with wifi during BIOS post.,UEFI,CFE_input,weekly_labels_20260525_100744.csv
[HP][IEC] - [CashmereI][PTL][Win11 25H2]SW Drips 0%,Power Consumption,CFE_input,weekly_labels_20260525_100744.csv
"[Samsung][Huaqin][WCL][Titan6-14_WCL_BE][Win11]Video show lag after paring BT headphone.(F/R: 2/2 units, 6/6 times)",Performance,CFE_input,weekly_labels_20260525_100744.csv
[ASUS_CCBU][9406CAA][BE211][PTL] Can not adjust BT headset volume when using awhile.,Connectivity,CFE_input,weekly_labels_20260529_170002.csv
[HP] - [Laika][GLK][JFP1-9461][20H2 19042.630] ?  BT YB 10 after dash image,YB/Lost,CFE_input,weekly_labels_20260529_170002.csv
"[Lenovo][Huaqin][PTL][BE213][S511_14_16]5002 event occur during warmboot test. Total BE213 SKU FR1/5UUTs,90/1500cycles,Fail unit FR:90/300cycles",Performance,CFE_input,weekly_labels_20260529_170002.csv
[Colorful][BYD][PTL-H][N15QA2][AX211] S4 loop test BSOD 0x9f,BSOD,CFE_input,weekly_labels_20260529_170002.csv
Clevo_X560WNx_ARL-HX_AX201 WiFi connect issues,Connectivity,CFE_input,weekly_labels_20260529_170002.csv
[Dynabook][Win11]Cannot get IP address after switching or roaming to other AP,Roaming,CFE_input,weekly_labels_20260529_170002.csv
"[ASUS][B3604CVF][AX211] After scan Samsung TV, Miracast connect fail",P2P,CFE_input,weekly_labels_20260529_170002.csv
[ASUS-Gaming][ADL-P][GU603Z][AX211 2230] Not able to WoWLAN by remote desktop,WowLAN,CFE_input,weekly_labels_20260529_170002.csv
[HP/SIO1567335][Armorhide][9560/CFL/Win10 Rs3]Can't wake up from S4 via Magic packet,WowLAN,CFE_input,weekly_labels_20260529_170002.csv
[HP] - SIO1991059 &  SIO1992792 [Corvette][TGL][HRP2-22560][20H2] ? LE BT mouse lag,Performance,CFE_input,weekly_labels_20260529_170002.csv
"[Xiaomi][MiShare][CML][9560]Create 5G(149) softAP when host has no AP connected, file transfer speed is slow.",Performance,CFE_input,weekly_labels_20260529_170002.csv
[Lenovo_Ideapad][Compal][Y750-15IMH][CML-H][20H1] Intel WLAN AX201 lost(or yellow bang) when download image or S4/CB,YB/Lost,CFE_input,weekly_labels_20260529_170002.csv
[Intel/Commercial][Internal][MTL][AX211][8Y851AV] Wi-Fi Dropping,Connectivity,CFE_input,weekly_labels_20260529_170002.csv
[Honor][LUX][Zhuquan&xuanwu][PTL][AX211]The wifi connect fail because Four EAPOL authentication failures,Connectivity,CFE_input,weekly_labels_20260529_170002.csv
[DELL][Field]Intel(R) Wi-Fi 7 BE200 is unable to connect WIFI-6E 6GHz networks in Windows 10/11 in Macao,Connectivity,CFE_input,weekly_labels_20260529_170002.csv
[Lenovo][wistron][GEN4_AX201][ADL]Intel AX201 WiFi Roaming Issue with Windows Cu,Roaming,CFE_input,weekly_labels_20260529_170002.csv
[HP/SIO2264021/Win11/ADL/GfP2/Vision] Miracast wireless display cannot be connected successfully,P2P,CFE_input,weekly_labels_20260529_170002.csv
[LG][15U70P][TGL/AX201/21H2] Miracast connection over infrastructure fails,P2P,CFE_input,weekly_labels_20260529_170002.csv
"[HP/SIO1528689][Scorpius][3168/7265/KBL/W10]Error ""Premature wake up. The unit woke up xxxxxx ms before scheduled WOL time"" occured when run WinPVT 9.0E_Hibernation Functional Test",WowLAN,CFE_input,weekly_labels_20260529_170002.csv
WiFi 7 throughput abnormal,Performance,CFE_input,weekly_labels_20260529_170002.csv
SIP128610 - EB 1040 G1i 14(MasadaN)/Win11 24H2/Traveloka/GA/PC APJ/ Intel BE201 Mobile Hotspot not detected in 6GHz/ID,P2P,CFE_input,weekly_labels_20260529_170002.csv
[lenovo][wistron][G3 500W][Pentium][ AX201] [2H1][100%]wlan YB and BT device lost when system in Idle  (Only G3 can recovery).,YB/Lost,CFE_input,weekly_labels_20260529_170002.csv
[Honor][ZhuQue][PTL][AX211 1216@160M][High probability]0x9f,BSOD,CFE_input,weekly_labels_20260529_170002.csv
[Panasonic][PTL][WhP2] Tx power is NG when Dynamic SAR is enabled,RF,CFE_input,weekly_labels_20260529_170002.csv
Z93 WiFi 5Ghz band 160M-BW DFS fail issue,Connectivity,CFE_input,weekly_labels_20260529_170002.csv
"[Huawei][Quanta][H99E][NobelF][AX201][21H2][WLAN] [AX201][BUG-20211111-37766] Connect to a dual-mode adaptive router, stay away from the router and cannot roam to 2.4G network",Roaming,CFE_input,weekly_labels_20260529_170002.csv
[Jaguar3][Gfp2] Machine cannot connect to Wireless Display (FR:10/10 trials),P2P,CFE_input,weekly_labels_20260529_170002.csv
[ASUS][TGL][WLAN]How to confirm the function of WoWLAN from MS is workable with DC mode ?,WowLAN,CFE_input,weekly_labels_20260529_170002.csv
[HP][SnowWhite]The unit can not wake from MS3 via WOWLAN in AC mode.,WowLAN,CFE_input,weekly_labels_20260529_170002.csv
"[Huawei][Quanta][Euler][CML-U][AX201][WLAN][19H2]PC and Cell use hishare to transfer file, the throughput lower than 11 MBps(MCC is JP)",Performance,CFE_input,weekly_labels_20260529_170002.csv
[HP/SIO2013549/Win11/ADL-S/HrP2/ArtiI] YB 43 after installed v22.70.2.1 then reboot system,YB/Lost,CFE_input,weekly_labels_20260529_170002.csv
AX201 wifi driver 802.11g throughputissue,Performance,CFE_input,weekly_labels_20260529_170002.csv
[ASUS][Luxshare][A7406CMA][AX211]WiFi function lost when run S4 test(FR:8/8 units),Connectivity,CFE_input,weekly_labels_20260529_170002.csv
-[Lenovo][Thinkpad-JP][LNL][BE201][T14SGen6] EWG issueMTS40 WIFI YB,YB/Lost,CFE_input,weekly_labels_20260529_170002.csv
The system cannot scan for the 6GHz mobile Hotspot (VLP).,Connectivity,CFE_input,weekly_labels_20260529_170002.csv
[Dell][Bolan LNL/FmP2] Persistent Wi-Fi roaming and disconnection problems affecting Dell laptops with Intel BE200/201/202 and AX211 adapters,Connectivity,CFE_input,weekly_labels_20260529_170002.csv
[Samsung][RPL][AX211] This pairing drops because the system suddenly stops sending RTP packets to the sink device while pairing with this device for Miracast.,Connectivity,CFE_input,weekly_labels_20260529_170002.csv
"[HP][QTA][BNB][WCL][Cheddar] SIO2445127: The unit got ""0x9F"" BSOD during running WINPVT Wake-on-LAN Stress (S3S4S5+LAN_CHK_WOL.PVT) using LOM with IPV4/IPV6.",BSOD,CFE_input,weekly_labels_20260529_170002.csv
"[Huawei][Quanta][Euler][CML-U][AX201][WLAN][19H2]Connected with WPA3 AP, and after restart has fail rate that reconnected slowly.",Connectivity,CFE_input,weekly_labels_20260529_170002.csv
"[Lenovo ThinkPad China][L480/L580][Solo2Lando2_WHL_AX200] ""Device not detected: Bluetooth? during S4 longrun test and Unknown USB Device show yellow mark (code 43) in Device Manager",YB/Lost,CFE_input,weekly_labels_20260529_170002.csv
[CLEVO][R100YU][R100YU_BE211_HEADSET_NO_MIC],Connectivity,CFE_input,weekly_labels_20260529_170002.csv
[xiaomi][R10] BT became yellow bang after grading RS4 from RS1,YB/Lost,CFE_input,weekly_labels_20260529_170002.csv
"[Honor][LUX][NvwaC][ARL-HX][AX211][WiFi]When roaming between 2.4G and 5G, roaming occurs around a threshold of -70 dB.",Roaming,CFE_input,weekly_labels_20260529_170002.csv
P178G002/P179G002 update KC Wifi 7,Connectivity,CFE_input,weekly_labels_20260529_170002.csv
"[Lenovo ThinkPad JP][LCFC][ Libra][AX211]]The 5GHz band wifi will auto disconnected and disappeared in LowPwrRange which Roaming Aggressiveness:Medium,Preferred Band:Perfer 5GHz band",Connectivity,CFE_input,weekly_labels_20260529_170002.csv
[MSFT Quanta Z96] Unable to project to external monitor via wireless display,P2P,CFE_input,weekly_labels_20260529_170002.csv
[Samsung][Prism-13 KBL][SfP] 7E BSoD appears during miracast connecting.,BSOD,CFE_input,weekly_labels_20260529_170002.csv
[HP/SIO1584996][Renegade][SKL/8265/W10] Func-CE-DT-ME-QTA/Renegade/Win7-64: Can not Wake on WLAN from S3/S4 via Magic Packet.,WowLAN,CFE_input,weekly_labels_20260529_170002.csv
[ADL-N][HrP1][22.180][N7600ZM]AX101 The throughput drop at the attenuation of 92~95dB (picture is ax/ac 80MHz),Performance,CFE_input,weekly_labels_20260529_170002.csv
[Lenovo - Desktop] [Compal] [AIO 5 24IAP 07] [APL-H] [9560] [Win11 22H2 22621.317] [2/23] The Wlan(Intel AC-9560) show yellow bang in Device Manager during running Unigine heaven.,YB/Lost,CFE_input,weekly_labels_20260529_170002.csv
"[Lenovo][AVC][WCL-H][BE213][Neo50Q-7] BT uninstall issue, 1/1Units, 1/1cycles",Connectivity,CFE_input,weekly_labels_20260529_170002.csv
"[Huaqin][Samsung][BBY][win11]Bluetooth mouse appear delay 1S after idle about 10 min.(FR: 4 out of 4 units, 12 out of 12 times)",Connectivity,CFE_input,weekly_labels_20260529_170002.csv
[Xiaomi][PTL][AX211] Connecting a PC to a mobile phone via BLE takes a long time,Connectivity,CFE_input,weekly_labels_20260529_170002.csv
[HUAWEI][Wingtech][EnzoH][MTL][23H2]Logitech BT BR3.0 mouse M336 lags when BT connect to DUT when downloading and playing music online at same time,Performance,CFE_input,weekly_labels_20260529_170002.csv
Modern Standby - Intel RST VMD and Wi-Fi 7 BE211 Remain Active During S0ix,Performance,CFE_input,weekly_labels_20260529_170002.csv
[Honor][Huaqin][FeimiGlite][MTL][Intel AX201][WiFi][25H2]PAD-to-PC traffic streaming experiences zero drop,P2P,CFE_input,weekly_labels_20260529_170002.csv
BT MCC jump to 3030 due to Wi-Fi,YB/Lost,CFE_input,weekly_labels_20260529_170002.csv
[Huawei][Wingtech][Dirac][Intel Tiger Lake UP4][AX201][21H2] [WIFI]Cannot switch to 5 G after the roaming switches to 2.4G,P2P,CFE_input,weekly_labels_20260529_170002.csv
[Lenovo-Thinkpad][LCFC][Ax85_Ryzen]The wifi icon show red X after connecting with WIDI and clicking the wifi icon on task bar,P2P,CFE_input,weekly_labels_20260529_170002.csv
"[Lenovo-ThinkPad E480E580][LCFC][Win10RS4]External monitor display is not synchronized with system when connect to wireless display, external monitor lag about 20s.",P2P,CFE_input,weekly_labels_20260529_170002.csv
[lenovo_valkyrie] Wireless/WLAN  WoWLAN Wake Failure during s3/s4.,WowLAN,CFE_input,weekly_labels_20260529_170002.csv
PTL BE201 WiFi7 Throughput Tx Fail,Performance,CFE_input,weekly_labels_20260529_170002.csv
[ASUS-Gaming][GA503/GX551][AMD Cezanne][][AX200 22.0.0.6] Microsoft WiFi Direct driver YB issue on AMD Cezanne platform during aging test Frequent (20% - 90%),MSFT,CFE_input,weekly_labels_20260529_170002.csv
"[Lenovo][AVC][WCL-H][BE213][Neo50q-7]BT headset connection bug 4/4Units,4/4cycle",Connectivity,CFE_input,weekly_labels_20260529_170002.csv
[Dell][Wistron][TGL-UP3][Hellcat] BT device yellow bang in device manager after S4 resume,YB/Lost,CFE_input,weekly_labels_20260529_170002.csv
[Honor][LUX][Zhuque&Xuanwu][AX211][PTL][25H2]The wifi cant get internet,Connectivity,CFE_input,weekly_labels_20260529_170002.csv
"[Haier][Wingtech][G1][ADL-P][Ax210][21H2]With the PC connection to the WiFi for a long-time suspension test, the WLAN driver has a loss problem [3 / 3]",Connectivity,CFE_input,weekly_labels_20260529_170002.csv
"[ThinkPad][X13 Gen6][ARL][BE201] ABB ""France"" Roaming Frequently Disconnect & Reconnect Issue",Roaming,CFE_input,weekly_labels_20260529_170002.csv
[HUAWEI][HUAQIN][Harvey][AMD Renoir][Intel AX200][20H1]Video lag when SUT play video via Miracast projection screen to Xiaomi TV.,P2P,CFE_input,weekly_labels_20260529_170002.csv
[Lenovo DT][M920][ECR467119][8265][Win7 32/64] Miracast connected display's delay time Test latency is over 200ms,P2P,CFE_input,weekly_labels_20260529_170002.csv
[HP/SIO1663914][CFL/W10/22260] - [Comm Test][Intel CCP 22260][BPS][Intel CFL][Win10 RS4 17134][PV][WoWLAN] WoWLAN function can't work.,WowLAN,CFE_input,weekly_labels_20260529_170002.csv
[Lenovo-IdeaPad][LNL][QIXIA][win11][FVT][FmP][S790_15_LNL_FVT_HF_stress]WiFI 11ac throughput cannot pass lenovo spec,Performance,CFE_input,weekly_labels_20260529_170002.csv
[Lenovo_ThinkPad_JP][THAMES][MTL][GaP2] 11ac_80MHzBW_Ch.157_Rx low throughput,Performance,CFE_input,weekly_labels_20260529_170002.csv
"[Fujitsu]Yellow Bang and device lost on WLAN device, Bluetooth device lost",YB/Lost,CFE_input,weekly_labels_20260529_170002.csv
[ASUS_CCBU][9406CAA][BE211][PTL] Can not adjust BT headset volume when using awhile.,Connectivity,CFE_input,weekly_labels_20260530_145717.csv
[HP] - [Laika][GLK][JFP1-9461][20H2 19042.630] ?  BT YB 10 after dash image,YB/Lost,CFE_input,weekly_labels_20260530_145717.csv
"[Lenovo][Huaqin][PTL][BE213][S511_14_16]5002 event occur during warmboot test. Total BE213 SKU FR1/5UUTs,90/1500cycles,Fail unit FR:90/300cycles",Performance,CFE_input,weekly_labels_20260530_145717.csv
[Colorful][BYD][PTL-H][N15QA2][AX211] S4 loop test BSOD 0x9f,BSOD,CFE_input,weekly_labels_20260530_145717.csv
Clevo_X560WNx_ARL-HX_AX201 WiFi connect issues,Connectivity,CFE_input,weekly_labels_20260530_145717.csv
[Dynabook][Win11]Cannot get IP address after switching or roaming to other AP,Roaming,CFE_input,weekly_labels_20260530_145717.csv
"[ASUS][B3604CVF][AX211] After scan Samsung TV, Miracast connect fail",P2P,CFE_input,weekly_labels_20260530_145717.csv
[ASUS-Gaming][ADL-P][GU603Z][AX211 2230] Not able to WoWLAN by remote desktop,WowLAN,CFE_input,weekly_labels_20260530_145717.csv
[HP/SIO1567335][Armorhide][9560/CFL/Win10 Rs3]Can't wake up from S4 via Magic packet,WowLAN,CFE_input,weekly_labels_20260530_145717.csv
[HP] - SIO1991059 &  SIO1992792 [Corvette][TGL][HRP2-22560][20H2] ? LE BT mouse lag,Performance,CFE_input,weekly_labels_20260530_145717.csv
"[Xiaomi][MiShare][CML][9560]Create 5G(149) softAP when host has no AP connected, file transfer speed is slow.",Performance,CFE_input,weekly_labels_20260530_145717.csv
[Lenovo_Ideapad][Compal][Y750-15IMH][CML-H][20H1] Intel WLAN AX201 lost(or yellow bang) when download image or S4/CB,YB/Lost,CFE_input,weekly_labels_20260530_145717.csv
[Intel/Commercial][Internal][MTL][AX211][8Y851AV] Wi-Fi Dropping,Connectivity,CFE_input,weekly_labels_20260530_145717.csv
[Honor][LUX][Zhuquan&xuanwu][PTL][AX211]The wifi connect fail because Four EAPOL authentication failures,Connectivity,CFE_input,weekly_labels_20260530_145717.csv
[DELL][Field]Intel(R) Wi-Fi 7 BE200 is unable to connect WIFI-6E 6GHz networks in Windows 10/11 in Macao,Connectivity,CFE_input,weekly_labels_20260530_145717.csv
[Lenovo][wistron][GEN4_AX201][ADL]Intel AX201 WiFi Roaming Issue with Windows Cu,Roaming,CFE_input,weekly_labels_20260530_145717.csv
[HP/SIO2264021/Win11/ADL/GfP2/Vision] Miracast wireless display cannot be connected successfully,P2P,CFE_input,weekly_labels_20260530_145717.csv
[LG][15U70P][TGL/AX201/21H2] Miracast connection over infrastructure fails,P2P,CFE_input,weekly_labels_20260530_145717.csv
"[HP/SIO1528689][Scorpius][3168/7265/KBL/W10]Error ""Premature wake up. The unit woke up xxxxxx ms before scheduled WOL time"" occured when run WinPVT 9.0E_Hibernation Functional Test",WowLAN,CFE_input,weekly_labels_20260530_145717.csv
WiFi 7 throughput abnormal,Performance,CFE_input,weekly_labels_20260530_145717.csv
SIP128610 - EB 1040 G1i 14(MasadaN)/Win11 24H2/Traveloka/GA/PC APJ/ Intel BE201 Mobile Hotspot not detected in 6GHz/ID,P2P,CFE_input,weekly_labels_20260530_145717.csv
[lenovo][wistron][G3 500W][Pentium][ AX201] [2H1][100%]wlan YB and BT device lost when system in Idle  (Only G3 can recovery).,YB/Lost,CFE_input,weekly_labels_20260530_145717.csv
[Honor][ZhuQue][PTL][AX211 1216@160M][High probability]0x9f,BSOD,CFE_input,weekly_labels_20260530_145717.csv
[Panasonic][PTL][WhP2] Tx power is NG when Dynamic SAR is enabled,RF,CFE_input,weekly_labels_20260530_145717.csv
Z93 WiFi 5Ghz band 160M-BW DFS fail issue,Connectivity,CFE_input,weekly_labels_20260530_145717.csv
"[Huawei][Quanta][H99E][NobelF][AX201][21H2][WLAN] [AX201][BUG-20211111-37766] Connect to a dual-mode adaptive router, stay away from the router and cannot roam to 2.4G network",Roaming,CFE_input,weekly_labels_20260530_145717.csv
[Jaguar3][Gfp2] Machine cannot connect to Wireless Display (FR:10/10 trials),P2P,CFE_input,weekly_labels_20260530_145717.csv
[ASUS][TGL][WLAN]How to confirm the function of WoWLAN from MS is workable with DC mode ?,WowLAN,CFE_input,weekly_labels_20260530_145717.csv
[HP][SnowWhite]The unit can not wake from MS3 via WOWLAN in AC mode.,WowLAN,CFE_input,weekly_labels_20260530_145717.csv
"[Huawei][Quanta][Euler][CML-U][AX201][WLAN][19H2]PC and Cell use hishare to transfer file, the throughput lower than 11 MBps(MCC is JP)",Performance,CFE_input,weekly_labels_20260530_145717.csv
[HP/SIO2013549/Win11/ADL-S/HrP2/ArtiI] YB 43 after installed v22.70.2.1 then reboot system,YB/Lost,CFE_input,weekly_labels_20260530_145717.csv
AX201 wifi driver 802.11g throughputissue,Performance,CFE_input,weekly_labels_20260530_145717.csv
[ASUS][Luxshare][A7406CMA][AX211]WiFi function lost when run S4 test(FR:8/8 units),Connectivity,CFE_input,weekly_labels_20260530_145717.csv
-[Lenovo][Thinkpad-JP][LNL][BE201][T14SGen6] EWG issueMTS40 WIFI YB,YB/Lost,CFE_input,weekly_labels_20260530_145717.csv
The system cannot scan for the 6GHz mobile Hotspot (VLP).,Connectivity,CFE_input,weekly_labels_20260530_145717.csv
[Dell][Bolan LNL/FmP2] Persistent Wi-Fi roaming and disconnection problems affecting Dell laptops with Intel BE200/201/202 and AX211 adapters,Connectivity,CFE_input,weekly_labels_20260530_145717.csv
[Samsung][RPL][AX211] This pairing drops because the system suddenly stops sending RTP packets to the sink device while pairing with this device for Miracast.,Connectivity,CFE_input,weekly_labels_20260530_145717.csv
"[HP][QTA][BNB][WCL][Cheddar] SIO2445127: The unit got ""0x9F"" BSOD during running WINPVT Wake-on-LAN Stress (S3S4S5+LAN_CHK_WOL.PVT) using LOM with IPV4/IPV6.",BSOD,CFE_input,weekly_labels_20260530_145717.csv
"[Huawei][Quanta][Euler][CML-U][AX201][WLAN][19H2]Connected with WPA3 AP, and after restart has fail rate that reconnected slowly.",Connectivity,CFE_input,weekly_labels_20260530_145717.csv
"[Lenovo ThinkPad China][L480/L580][Solo2Lando2_WHL_AX200] ""Device not detected: Bluetooth? during S4 longrun test and Unknown USB Device show yellow mark (code 43) in Device Manager",YB/Lost,CFE_input,weekly_labels_20260530_145717.csv
[CLEVO][R100YU][R100YU_BE211_HEADSET_NO_MIC],Connectivity,CFE_input,weekly_labels_20260530_145717.csv
[xiaomi][R10] BT became yellow bang after grading RS4 from RS1,YB/Lost,CFE_input,weekly_labels_20260530_145717.csv
"[Honor][LUX][NvwaC][ARL-HX][AX211][WiFi]When roaming between 2.4G and 5G, roaming occurs around a threshold of -70 dB.",Connectivity,CFE_input,weekly_labels_20260530_145717.csv
P178G002/P179G002 update KC Wifi 7,Connectivity,CFE_input,weekly_labels_20260530_145717.csv
"[Lenovo ThinkPad JP][LCFC][ Libra][AX211]]The 5GHz band wifi will auto disconnected and disappeared in LowPwrRange which Roaming Aggressiveness:Medium,Preferred Band:Perfer 5GHz band",Connectivity,CFE_input,weekly_labels_20260530_145717.csv
[MSFT Quanta Z96] Unable to project to external monitor via wireless display,P2P,CFE_input,weekly_labels_20260530_145717.csv
[Samsung][Prism-13 KBL][SfP] 7E BSoD appears during miracast connecting.,BSOD,CFE_input,weekly_labels_20260530_145717.csv
[HP/SIO1584996][Renegade][SKL/8265/W10] Func-CE-DT-ME-QTA/Renegade/Win7-64: Can not Wake on WLAN from S3/S4 via Magic Packet.,WowLAN,CFE_input,weekly_labels_20260530_145717.csv
[ADL-N][HrP1][22.180][N7600ZM]AX101 The throughput drop at the attenuation of 92~95dB (picture is ax/ac 80MHz),Performance,CFE_input,weekly_labels_20260530_145717.csv
[Lenovo - Desktop] [Compal] [AIO 5 24IAP 07] [APL-H] [9560] [Win11 22H2 22621.317] [2/23] The Wlan(Intel AC-9560) show yellow bang in Device Manager during running Unigine heaven.,YB/Lost,CFE_input,weekly_labels_20260530_145717.csv
"[Lenovo][AVC][WCL-H][BE213][Neo50Q-7] BT uninstall issue, 1/1Units, 1/1cycles",Connectivity,CFE_input,weekly_labels_20260530_145717.csv
"[Huaqin][Samsung][BBY][win11]Bluetooth mouse appear delay 1S after idle about 10 min.(FR: 4 out of 4 units, 12 out of 12 times)",Connectivity,CFE_input,weekly_labels_20260530_145717.csv
[Xiaomi][PTL][AX211] Connecting a PC to a mobile phone via BLE takes a long time,Connectivity,CFE_input,weekly_labels_20260530_145717.csv
[HUAWEI][Wingtech][EnzoH][MTL][23H2]Logitech BT BR3.0 mouse M336 lags when BT connect to DUT when downloading and playing music online at same time,Performance,CFE_input,weekly_labels_20260530_145717.csv
Modern Standby - Intel RST VMD and Wi-Fi 7 BE211 Remain Active During S0ix,Performance,CFE_input,weekly_labels_20260530_145717.csv
[Honor][Huaqin][FeimiGlite][MTL][Intel AX201][WiFi][25H2]PAD-to-PC traffic streaming experiences zero drop,P2P,CFE_input,weekly_labels_20260530_145717.csv
BT MCC jump to 3030 due to Wi-Fi,YB/Lost,CFE_input,weekly_labels_20260530_145717.csv
[Huawei][Wingtech][Dirac][Intel Tiger Lake UP4][AX201][21H2] [WIFI]Cannot switch to 5 G after the roaming switches to 2.4G,P2P,CFE_input,weekly_labels_20260530_145717.csv
[Lenovo-Thinkpad][LCFC][Ax85_Ryzen]The wifi icon show red X after connecting with WIDI and clicking the wifi icon on task bar,P2P,CFE_input,weekly_labels_20260530_145717.csv
"[Lenovo-ThinkPad E480E580][LCFC][Win10RS4]External monitor display is not synchronized with system when connect to wireless display, external monitor lag about 20s.",P2P,CFE_input,weekly_labels_20260530_145717.csv
[lenovo_valkyrie] Wireless/WLAN  WoWLAN Wake Failure during s3/s4.,WowLAN,CFE_input,weekly_labels_20260530_145717.csv
PTL BE201 WiFi7 Throughput Tx Fail,Performance,CFE_input,weekly_labels_20260530_145717.csv
[ASUS-Gaming][GA503/GX551][AMD Cezanne][][AX200 22.0.0.6] Microsoft WiFi Direct driver YB issue on AMD Cezanne platform during aging test Frequent (20% - 90%),MSFT,CFE_input,weekly_labels_20260530_145717.csv
"[Lenovo][AVC][WCL-H][BE213][Neo50q-7]BT headset connection bug 4/4Units,4/4cycle",Connectivity,CFE_input,weekly_labels_20260530_145717.csv
[Dell][Wistron][TGL-UP3][Hellcat] BT device yellow bang in device manager after S4 resume,YB/Lost,CFE_input,weekly_labels_20260530_145717.csv
[Honor][LUX][Zhuque&Xuanwu][AX211][PTL][25H2]The wifi cant get internet,Connectivity,CFE_input,weekly_labels_20260530_145717.csv
"[Haier][Wingtech][G1][ADL-P][Ax210][21H2]With the PC connection to the WiFi for a long-time suspension test, the WLAN driver has a loss problem [3 / 3]",Connectivity,CFE_input,weekly_labels_20260530_145717.csv
"[ThinkPad][X13 Gen6][ARL][BE201] ABB ""France"" Roaming Frequently Disconnect & Reconnect Issue",Roaming,CFE_input,weekly_labels_20260530_145717.csv
[HUAWEI][HUAQIN][Harvey][AMD Renoir][Intel AX200][20H1]Video lag when SUT play video via Miracast projection screen to Xiaomi TV.,P2P,CFE_input,weekly_labels_20260530_145717.csv
[Lenovo DT][M920][ECR467119][8265][Win7 32/64] Miracast connected display's delay time Test latency is over 200ms,P2P,CFE_input,weekly_labels_20260530_145717.csv
[HP/SIO1663914][CFL/W10/22260] - [Comm Test][Intel CCP 22260][BPS][Intel CFL][Win10 RS4 17134][PV][WoWLAN] WoWLAN function can't work.,WowLAN,CFE_input,weekly_labels_20260530_145717.csv
[Lenovo-IdeaPad][LNL][QIXIA][win11][FVT][FmP][S790_15_LNL_FVT_HF_stress]WiFI 11ac throughput cannot pass lenovo spec,Performance,CFE_input,weekly_labels_20260530_145717.csv
[Lenovo_ThinkPad_JP][THAMES][MTL][GaP2] 11ac_80MHzBW_Ch.157_Rx low throughput,Performance,CFE_input,weekly_labels_20260530_145717.csv
"[Fujitsu]Yellow Bang and device lost on WLAN device, Bluetooth device lost",YB/Lost,CFE_input,weekly_labels_20260530_145717.csv
"[Lenovo][Aladdin][LNL][Win11]Stress WifiPing Test tool show fail (wifi ping fail,100% loss rate) when run stress WIFI_WB",Connectivity,CFE_input,weekly_labels_20260605_170006.csv
[Dell_Compal][BR12][LNL][FmP2]Add at least 8 BT devices cause Wi-Fi search not stable,Connectivity,CFE_input,weekly_labels_20260605_170006.csv
[DELL]Latitude 7450 + BE200/Latitude 5530  adapter intermittent disconnection issue,Connectivity,CFE_input,weekly_labels_20260605_170006.csv
"[HP][FXN][Messi_Astro][BE211]""We cant find an audio playback device. make sure..."" message pop-up after restart OS and set a BT Speaker/Headphones as default audio device then set another a BT Speaker/Headphones as default device again",Connectivity,CFE_input,weekly_labels_20260605_170006.csv
[HP][PAS]Unable to start PAS when place the left earbud back in the case,Connectivity,CFE_input,weekly_labels_20260605_170006.csv
[Wistron][Dell CY27 Tirich] PCM for BT Offload on PCIe card cause CNVi fail,Connectivity,CFE_input,weekly_labels_20260605_170006.csv
[Xiaomi][PTL][AX211] RSSI of  PC scanning the TVs BLE broadcast packet is low,Connectivity,CFE_input,weekly_labels_20260605_170006.csv
[Lenovo][Poseidon][PTL][Win11]Teams call lag during meeting,Connectivity,CFE_input,weekly_labels_20260605_170006.csv
"[ASUS_CC][D900MF][AX211][ARL-S]Connect AirPods 4 via BT, The recording stutters",Connectivity,CFE_input,weekly_labels_20260605_170006.csv
[Mechrevol][Alstone][RPL-U][WLAN shows a YB after coldboot/surf the Internet],YB/Lost,CFE_input,weekly_labels_20260605_170006.csv
[Lenovo DT][LCFC][T7120][NVL] Install Intel BE211 Wifi driver show yellow bang.,YB/Lost,CFE_input,weekly_labels_20260605_170006.csv
[Xiaomi][PTL][AX211] PC Connect TV by ble failed,Connectivity,CFE_input,weekly_labels_20260605_170006.csv
[Lenovo_LNL_Abby2]The system hangs up every time when system connect to Wifi.  [DFT0293798],System Hang,CFE_input,weekly_labels_20260605_170006.csv
"Open Verifier select ""intcoed.sys"" and than instal BT 24.40.0.3 occur BSOD:failed IntcOED.sys",BSOD,CFE_input,weekly_labels_20260605_170006.csv
[Honor][LUX][Zhuque][PTL][AX211][WiFi]Is it possible to create a 5GHz SoftAP,P2P,CFE_input,weekly_labels_20260605_170006.csv
"[Lenovo][Aladdin][LNL][Win11]Unit show BSOD (bug check: 0x133 w dump) when update Intel Bluetooth Driver(F/R:1/20unit,1/20 cycles)",BSOD,CFE_input,weekly_labels_20260605_170006.csv
WLAN HLK Tests Fail on HLK v10.0.26100.7705,HLK,CFE_input,weekly_labels_20260605_170006.csv
A2DP Offload feature is enabled in JfP on TGL and HrP on ADL when feature is not supported.,Connectivity,CFE_input,weekly_labels_20260605_170006.csv
"The manual reboot of the DC is significantly slower, taking approximately 30 to 40 seconds longer than other machines",Performance,CFE_input,weekly_labels_20260605_170006.csv
WiFi profile not showing expected 11ax in Protocol after changing wireless modes in properties,Connectivity,CFE_input,weekly_labels_20260605_170006.csv
WiFi adapter fails to perform OKC fast roam after missing Beacons detected.,Connectivity,CFE_input,weekly_labels_20260605_170006.csv
"Blackscreen during MS stress test and Dump point to ""WifiCx.sys"" (F/R: 2/2u; 2/10 c)",System Hang,CFE_input,weekly_labels_20260605_170006.csv
"PC connected 2.4G/5G AP(802.11AX/AC,20M/40M) do UDP downstream can not meet spec.(F/R:1/1U,6/6C))",Performance,CFE_input,weekly_labels_20260605_170006.csv
The 6G Wi-Fi list cannot be found after changing the MCC to US through ANT tool,Connectivity,CFE_input,weekly_labels_20260605_170006.csv
[Lenovo-IdeaPad][wistron][Field_issue][Enterprise-Network][Jasper Lake][AX201][500W GEN4]WiFi show no internet after Roaming in the school.,Roaming,CFE_input,weekly_labels_20260605_170006.csv
[HP/SIO1577354][Catan][GLK/7265/W10] [t430][18WWDTAJ6aq][Win10]Intel 9260 driver will show yellow mark after change roaming aggressiveness in device manager,YB/Lost,CFE_input,weekly_labels_20260605_170006.csv
TSMC Roaming issue,Roaming,CFE_input,weekly_labels_20260605_170006.csv
[Lenovo-ThinkPad][Wistron][L13 Gen2][TGL-U][AX201&9560][20H1][100%] SUT WiFi Ping and XCopy is not stable during Wifi Roaming Test,Roaming,CFE_input,weekly_labels_20260605_170006.csv
Wireless LAN kept roaming to incorrectly Access Point,Roaming,CFE_input,weekly_labels_20260605_170006.csv
[ASUS in house][CML][UX434FAC][AX201]Roaming test fail,Roaming,CFE_input,weekly_labels_20260605_170006.csv
<Customer issue>[Lenovo ThinkPad China][LCFC][AX200]][L15]It could not automatically connect AP unless user reconnected manually during roaming environment,Connectivity,CFE_input,weekly_labels_20260605_170006.csv
[lenovo/DT BU][In-house][ARL-PCB2][AX211][ M970ts]Wireless DIsplay??????  ?,P2P,CFE_input,weekly_labels_20260605_170006.csv
"[Samsung][P230711-05053] When running Chrome and playing YouTube on an extended monitor connected via Miracast to a Galaxy S8+, the Miracast connection is disconnected.",P2P,CFE_input,weekly_labels_20260605_170006.csv
[Huawei][Quanta][Euler][CML-U][AX201][19H2]Miracast to play 4k video occurs 3~5 seconds blurred screen.,P2P,CFE_input,weekly_labels_20260605_170006.csv
[Samsung-Epic-15-KBLR-WsP-Windows10 RS3] 50 BSoD appears during miracast pairing.,BSOD,CFE_input,weekly_labels_20260605_170006.csv
[HP/SIO2100096/Win11/ADL/GfP2/Riesling] The video of external monitor connected via Miracast will lag while playing local video,P2P,CFE_input,weekly_labels_20260605_170006.csv
[HUAWEI][HUAQIN][KelvinM][[AMD Lucienne-U]][Intel AX200][20H2] System does not sync screen via miracast from PC to PAD.,P2P,CFE_input,weekly_labels_20260605_170006.csv
[Huawei][Quanta][H81][CezanneM][AX200][20H2][WiFi][BUG-20210223-18647]DUT projecting to HUAWEI smart TV(V65i)/HONOR TV through miracast appeared afterimage.,P2P,CFE_input,weekly_labels_20260605_170006.csv
[Samsung][Largo-15R][KBL-WsP1216] Video distortion appears during using miracast receiver app('Connect') after sender system connect to some AP.,P2P,CFE_input,weekly_labels_20260605_170006.csv
[Longcheer][MECHREVO][AX210][DVT1][24H2]Canot Miracast to project the screen to this device wirelessly,P2P,CFE_input,weekly_labels_20260605_170006.csv
[Dell][Modena_TGL][Centenario_TGL] Miracast disconnected during system idle,P2P,CFE_input,weekly_labels_20260605_170006.csv
[HP/ME issue][W10/CFL/9560] AMT_027 & 056: WoWLAN fails when it?s enabled in Device Manager.,WowLAN,CFE_input,weekly_labels_20260605_170006.csv
[ASUS][PA90][CFL][AX200] AX200 can't wake up from S5 by using magic packet,WowLAN,CFE_input,weekly_labels_20260605_170006.csv
[Dell/Compal] Cannot WoWLAN via WOL tool,WowLAN,CFE_input,weekly_labels_20260605_170006.csv
[ASUS_CCBU][Intel] WOWLAN disable,WowLAN,CFE_input,weekly_labels_20260605_170006.csv
Expected behavior of WoWLAN / WoL using Magic Packets when Modern Standby is enabled,WowLAN,CFE_input,weekly_labels_20260605_170006.csv
Please check if receiving magic packet in WRT logs according to each time stamp,WowLAN,CFE_input,weekly_labels_20260605_170006.csv
[ASUS][Strix 2022]System can not wake on WLAN from modern standby by Magic Packet,WowLAN,CFE_input,weekly_labels_20260605_170006.csv
[Samsung][Odyssey2][CFL][JfP2] System under S4 doesn't wake up by magic packet.,WowLAN,CFE_input,weekly_labels_20260605_170006.csv
[LG][15Z90RT ][RPL/AX211/Win11 22H2] WLAN Throughput Issue,Performance,CFE_input,weekly_labels_20260605_170006.csv
[Lenovo-Ideapad][Wistron][Lenovo 500w Gen3 JSL][JSL][IntelAX201] WiFi throughput test fail on Win11 OS preload,Performance,CFE_input,weekly_labels_20260605_170006.csv
[Honor][huaqin][HiggsF][ADL][AX211][21H1[100%]]Sta throughput is lower  while coexistence with P2P.,P2P,CFE_input,weekly_labels_20260605_170006.csv
"[Huawei][Quanta][Euler][CML-U][AX201][WLAN][19H2]Play the same video, the PC are always lage than cell phone in miracase..",Performance,CFE_input,weekly_labels_20260605_170006.csv
[Lenovo-Thinkpad][Wistron][Fenrir Intel][ADL][IntelAX211] WiFi6E WiFi throughput test fail,Performance,CFE_input,weekly_labels_20260605_170006.csv
[HUAWEI][HUAQIN][MorganF][Intel ADL][Intel AX 211][BT][Win11]The  BT headset sounds occurred lag during playing local music.,Performance,CFE_input,weekly_labels_20260605_170006.csv
[ASUS Gaming][RPL][AX211]2.4GHz Slow to Connect,Performance,CFE_input,weekly_labels_20260605_170006.csv
[Lenovo IdeaPad][Inhouse][S750-14Pro][TGL-U][20H1] BT mouse lag after idle,Performance,CFE_input,weekly_labels_20260605_170006.csv
"[HP][FXN][Mentali_SnowflakI][AX211]When playing local music and connecting another Bluetooth audio device, the music is delayed by about 20 seconds when output from the other Bluetooth audio device.",Performance,CFE_input,weekly_labels_20260605_170006.csv
[Lenovo-thinkbook][Compal][Titan V350][TGL][9560][20H1][100%] BT headset has lag when search other BT devices under PC settings /use several BT devices at the same time,Performance,CFE_input,weekly_labels_20260605_170006.csv
[ASUS in house]UEFI[AX201] WIFI download speed,Performance,CFE_input,weekly_labels_20260605_170006.csv
[H3C][Sixunited][LP88][LNL][BE200]WiFi disconnect and re-connected several times then show YB after connect to a specific AP,YB/Lost,CFE_input,weekly_labels_20260605_170006.csv
[HP] - [Brighton 1.0][WHL][AX200 - 22260][RS5 17763] ? Winpvt reboot test got BT YB error code 10,YB/Lost,CFE_input,weekly_labels_20260605_170006.csv
[ASUS PCBU][X3400PA][Tigerlake HU][JfP2/9560][v22.30.0.11]WLAN yellow bang while reboot aging,YB/Lost,CFE_input,weekly_labels_20260605_170006.csv
[Lenovo IdeaPad][Compal][V350][TigerLake][AC9560/AX201][Win10][10%] BT lost(or yellow bang) during S4/CB.,YB/Lost,CFE_input,weekly_labels_20260605_170006.csv
[Honor][Wingtechh][FermatB][ARL-H][BT][AX201][24H2]BT YB issue occurred during the S4 stress test  fail rate: 3/20U?1/3000C,YB/Lost,CFE_input,weekly_labels_20260605_170006.csv
[Huawei][Quanta][WrightD][TGL-U][AX201][20H1][WiFi][BUG-20200922-10670-log] Wifi/BT device shows yellow bang after reboot OS then idle 2 min.,YB/Lost,CFE_input,weekly_labels_20260605_170006.csv
"[HP][QTA][TDC][BNB_Wafer][ARL-H/U][Win11_24h2]:DM occur YB ""Unknown USB Device(Device Descriptor Request Failed)"" and BT lost when Run Robotic 7369B_ColdDockQuick with Hendrixx.(Gfp2_AX211)",YB/Lost,CFE_input,weekly_labels_20260605_170006.csv
"[HP][Deso & Esa][PTL]the Bluetooth driver displays ""yellow bang""",YB/Lost,CFE_input,weekly_labels_20260605_170006.csv
[ASUS PCBU][TGL][UX435EG][AX201]BT yellow bang(code 37) while reboot aging,YB/Lost,CFE_input,weekly_labels_20260605_170006.csv
[Samsung][GB6-Ultra16] [PTL][WhP2] WLAN YB issue - Request to analyze Debug log,YB/Lost,CFE_input,weekly_labels_20260605_170006.csv
"[Lenovo][Aladdin][LNL][Win11]Stress WifiPing Test tool show fail (wifi ping fail,100% loss rate) when run stress WIFI_WB",Connectivity,CFE_input,weekly_labels_20260606_143309.csv
[Dell_Compal][BR12][LNL][FmP2]Add at least 8 BT devices cause Wi-Fi search not stable,Connectivity,CFE_input,weekly_labels_20260606_143309.csv
[DELL]Latitude 7450 + BE200/Latitude 5530  adapter intermittent disconnection issue,Connectivity,CFE_input,weekly_labels_20260606_143309.csv
"[HP][FXN][Messi_Astro][BE211]""We cant find an audio playback device. make sure..."" message pop-up after restart OS and set a BT Speaker/Headphones as default audio device then set another a BT Speaker/Headphones as default device again",Connectivity,CFE_input,weekly_labels_20260606_143309.csv
[HP][PAS]Unable to start PAS when place the left earbud back in the case,Connectivity,CFE_input,weekly_labels_20260606_143309.csv
[Wistron][Dell CY27 Tirich] PCM for BT Offload on PCIe card cause CNVi fail,Connectivity,CFE_input,weekly_labels_20260606_143309.csv
[Xiaomi][PTL][AX211] RSSI of  PC scanning the TVs BLE broadcast packet is low,Connectivity,CFE_input,weekly_labels_20260606_143309.csv
[Lenovo][Poseidon][PTL][Win11]Teams call lag during meeting,Connectivity,CFE_input,weekly_labels_20260606_143309.csv
"[ASUS_CC][D900MF][AX211][ARL-S]Connect AirPods 4 via BT, The recording stutters",Connectivity,CFE_input,weekly_labels_20260606_143309.csv
[Mechrevol][Alstone][RPL-U][WLAN shows a YB after coldboot/surf the Internet],YB/Lost,CFE_input,weekly_labels_20260606_143309.csv
[Lenovo DT][LCFC][T7120][NVL] Install Intel BE211 Wifi driver show yellow bang.,YB/Lost,CFE_input,weekly_labels_20260606_143309.csv
[Xiaomi][PTL][AX211] PC Connect TV by ble failed,Connectivity,CFE_input,weekly_labels_20260606_143309.csv
[Lenovo_LNL_Abby2]The system hangs up every time when system connect to Wifi.  [DFT0293798],System Hang,CFE_input,weekly_labels_20260606_143309.csv
"Open Verifier select ""intcoed.sys"" and than instal BT 24.40.0.3 occur BSOD:failed IntcOED.sys",BSOD,CFE_input,weekly_labels_20260606_143309.csv
[Honor][LUX][Zhuque][PTL][AX211][WiFi]Is it possible to create a 5GHz SoftAP,P2P,CFE_input,weekly_labels_20260606_143309.csv
"[Lenovo][Aladdin][LNL][Win11]Unit show BSOD (bug check: 0x133 w dump) when update Intel Bluetooth Driver(F/R:1/20unit,1/20 cycles)",BSOD,CFE_input,weekly_labels_20260606_143309.csv
WLAN HLK Tests Fail on HLK v10.0.26100.7705,HLK,CFE_input,weekly_labels_20260606_143309.csv
A2DP Offload feature is enabled in JfP on TGL and HrP on ADL when feature is not supported.,Connectivity,CFE_input,weekly_labels_20260606_143309.csv
"The manual reboot of the DC is significantly slower, taking approximately 30 to 40 seconds longer than other machines",Performance,CFE_input,weekly_labels_20260606_143309.csv
WiFi profile not showing expected 11ax in Protocol after changing wireless modes in properties,Connectivity,CFE_input,weekly_labels_20260606_143309.csv
WiFi adapter fails to perform OKC fast roam after missing Beacons detected.,Connectivity,CFE_input,weekly_labels_20260606_143309.csv
"Blackscreen during MS stress test and Dump point to ""WifiCx.sys"" (F/R: 2/2u; 2/10 c)",System Hang,CFE_input,weekly_labels_20260606_143309.csv
"PC connected 2.4G/5G AP(802.11AX/AC,20M/40M) do UDP downstream can not meet spec.(F/R:1/1U,6/6C))",Performance,CFE_input,weekly_labels_20260606_143309.csv
The 6G Wi-Fi list cannot be found after changing the MCC to US through ANT tool,Connectivity,CFE_input,weekly_labels_20260606_143309.csv
[Lenovo-IdeaPad][wistron][Field_issue][Enterprise-Network][Jasper Lake][AX201][500W GEN4]WiFi show no internet after Roaming in the school.,Roaming,CFE_input,weekly_labels_20260606_143309.csv
[HP/SIO1577354][Catan][GLK/7265/W10] [t430][18WWDTAJ6aq][Win10]Intel 9260 driver will show yellow mark after change roaming aggressiveness in device manager,YB/Lost,CFE_input,weekly_labels_20260606_143309.csv
TSMC Roaming issue,Roaming,CFE_input,weekly_labels_20260606_143309.csv
[Lenovo-ThinkPad][Wistron][L13 Gen2][TGL-U][AX201&9560][20H1][100%] SUT WiFi Ping and XCopy is not stable during Wifi Roaming Test,Roaming,CFE_input,weekly_labels_20260606_143309.csv
Wireless LAN kept roaming to incorrectly Access Point,Roaming,CFE_input,weekly_labels_20260606_143309.csv
[ASUS in house][CML][UX434FAC][AX201]Roaming test fail,Roaming,CFE_input,weekly_labels_20260606_143309.csv
<Customer issue>[Lenovo ThinkPad China][LCFC][AX200]][L15]It could not automatically connect AP unless user reconnected manually during roaming environment,Connectivity,CFE_input,weekly_labels_20260606_143309.csv
[lenovo/DT BU][In-house][ARL-PCB2][AX211][ M970ts]Wireless DIsplay??????  ?,P2P,CFE_input,weekly_labels_20260606_143309.csv
"[Samsung][P230711-05053] When running Chrome and playing YouTube on an extended monitor connected via Miracast to a Galaxy S8+, the Miracast connection is disconnected.",P2P,CFE_input,weekly_labels_20260606_143309.csv
[Huawei][Quanta][Euler][CML-U][AX201][19H2]Miracast to play 4k video occurs 3~5 seconds blurred screen.,P2P,CFE_input,weekly_labels_20260606_143309.csv
[Samsung-Epic-15-KBLR-WsP-Windows10 RS3] 50 BSoD appears during miracast pairing.,BSOD,CFE_input,weekly_labels_20260606_143309.csv
[HP/SIO2100096/Win11/ADL/GfP2/Riesling] The video of external monitor connected via Miracast will lag while playing local video,P2P,CFE_input,weekly_labels_20260606_143309.csv
[HUAWEI][HUAQIN][KelvinM][[AMD Lucienne-U]][Intel AX200][20H2] System does not sync screen via miracast from PC to PAD.,P2P,CFE_input,weekly_labels_20260606_143309.csv
[Huawei][Quanta][H81][CezanneM][AX200][20H2][WiFi][BUG-20210223-18647]DUT projecting to HUAWEI smart TV(V65i)/HONOR TV through miracast appeared afterimage.,P2P,CFE_input,weekly_labels_20260606_143309.csv
[Samsung][Largo-15R][KBL-WsP1216] Video distortion appears during using miracast receiver app('Connect') after sender system connect to some AP.,P2P,CFE_input,weekly_labels_20260606_143309.csv
[Longcheer][MECHREVO][AX210][DVT1][24H2]Canot Miracast to project the screen to this device wirelessly,P2P,CFE_input,weekly_labels_20260606_143309.csv
[Dell][Modena_TGL][Centenario_TGL] Miracast disconnected during system idle,P2P,CFE_input,weekly_labels_20260606_143309.csv
[HP/ME issue][W10/CFL/9560] AMT_027 & 056: WoWLAN fails when it?s enabled in Device Manager.,WowLAN,CFE_input,weekly_labels_20260606_143309.csv
[ASUS][PA90][CFL][AX200] AX200 can't wake up from S5 by using magic packet,WowLAN,CFE_input,weekly_labels_20260606_143309.csv
[Dell/Compal] Cannot WoWLAN via WOL tool,WowLAN,CFE_input,weekly_labels_20260606_143309.csv
[ASUS_CCBU][Intel] WOWLAN disable,WowLAN,CFE_input,weekly_labels_20260606_143309.csv
Expected behavior of WoWLAN / WoL using Magic Packets when Modern Standby is enabled,WowLAN,CFE_input,weekly_labels_20260606_143309.csv
Please check if receiving magic packet in WRT logs according to each time stamp,WowLAN,CFE_input,weekly_labels_20260606_143309.csv
[ASUS][Strix 2022]System can not wake on WLAN from modern standby by Magic Packet,WowLAN,CFE_input,weekly_labels_20260606_143309.csv
[Samsung][Odyssey2][CFL][JfP2] System under S4 doesn't wake up by magic packet.,WowLAN,CFE_input,weekly_labels_20260606_143309.csv
[LG][15Z90RT ][RPL/AX211/Win11 22H2] WLAN Throughput Issue,Performance,CFE_input,weekly_labels_20260606_143309.csv
[Lenovo-Ideapad][Wistron][Lenovo 500w Gen3 JSL][JSL][IntelAX201] WiFi throughput test fail on Win11 OS preload,Performance,CFE_input,weekly_labels_20260606_143309.csv
[Honor][huaqin][HiggsF][ADL][AX211][21H1[100%]]Sta throughput is lower  while coexistence with P2P.,P2P,CFE_input,weekly_labels_20260606_143309.csv
"[Huawei][Quanta][Euler][CML-U][AX201][WLAN][19H2]Play the same video, the PC are always lage than cell phone in miracase..",Performance,CFE_input,weekly_labels_20260606_143309.csv
[Lenovo-Thinkpad][Wistron][Fenrir Intel][ADL][IntelAX211] WiFi6E WiFi throughput test fail,Performance,CFE_input,weekly_labels_20260606_143309.csv
[HUAWEI][HUAQIN][MorganF][Intel ADL][Intel AX 211][BT][Win11]The  BT headset sounds occurred lag during playing local music.,Performance,CFE_input,weekly_labels_20260606_143309.csv
[ASUS Gaming][RPL][AX211]2.4GHz Slow to Connect,Performance,CFE_input,weekly_labels_20260606_143309.csv
[Lenovo IdeaPad][Inhouse][S750-14Pro][TGL-U][20H1] BT mouse lag after idle,Performance,CFE_input,weekly_labels_20260606_143309.csv
"[HP][FXN][Mentali_SnowflakI][AX211]When playing local music and connecting another Bluetooth audio device, the music is delayed by about 20 seconds when output from the other Bluetooth audio device.",Performance,CFE_input,weekly_labels_20260606_143309.csv
[Lenovo-thinkbook][Compal][Titan V350][TGL][9560][20H1][100%] BT headset has lag when search other BT devices under PC settings /use several BT devices at the same time,Performance,CFE_input,weekly_labels_20260606_143309.csv
[ASUS in house]UEFI[AX201] WIFI download speed,Performance,CFE_input,weekly_labels_20260606_143309.csv
[H3C][Sixunited][LP88][LNL][BE200]WiFi disconnect and re-connected several times then show YB after connect to a specific AP,YB/Lost,CFE_input,weekly_labels_20260606_143309.csv
[HP] - [Brighton 1.0][WHL][AX200 - 22260][RS5 17763] ? Winpvt reboot test got BT YB error code 10,YB/Lost,CFE_input,weekly_labels_20260606_143309.csv
[ASUS PCBU][X3400PA][Tigerlake HU][JfP2/9560][v22.30.0.11]WLAN yellow bang while reboot aging,YB/Lost,CFE_input,weekly_labels_20260606_143309.csv
[Lenovo IdeaPad][Compal][V350][TigerLake][AC9560/AX201][Win10][10%] BT lost(or yellow bang) during S4/CB.,YB/Lost,CFE_input,weekly_labels_20260606_143309.csv
[Honor][Wingtechh][FermatB][ARL-H][BT][AX201][24H2]BT YB issue occurred during the S4 stress test  fail rate: 3/20U?1/3000C,YB/Lost,CFE_input,weekly_labels_20260606_143309.csv
[Huawei][Quanta][WrightD][TGL-U][AX201][20H1][WiFi][BUG-20200922-10670-log] Wifi/BT device shows yellow bang after reboot OS then idle 2 min.,YB/Lost,CFE_input,weekly_labels_20260606_143309.csv
"[HP][QTA][TDC][BNB_Wafer][ARL-H/U][Win11_24h2]:DM occur YB ""Unknown USB Device(Device Descriptor Request Failed)"" and BT lost when Run Robotic 7369B_ColdDockQuick with Hendrixx.(Gfp2_AX211)",YB/Lost,CFE_input,weekly_labels_20260606_143309.csv
"[HP][Deso & Esa][PTL]the Bluetooth driver displays ""yellow bang""",YB/Lost,CFE_input,weekly_labels_20260606_143309.csv
[ASUS PCBU][TGL][UX435EG][AX201]BT yellow bang(code 37) while reboot aging,YB/Lost,CFE_input,weekly_labels_20260606_143309.csv
[Samsung][GB6-Ultra16] [PTL][WhP2] WLAN YB issue - Request to analyze Debug log,YB/Lost,CFE_input,weekly_labels_20260606_143309.csv
"[Lenovo][Aladdin][LNL][Win11]Stress WifiPing Test tool show fail (wifi ping fail,100% loss rate) when run stress WIFI_WB",Connectivity,CFE_input,weekly_labels_20260608_163759.csv
[Dell_Compal][BR12][LNL][FmP2]Add at least 8 BT devices cause Wi-Fi search not stable,Connectivity,CFE_input,weekly_labels_20260608_163759.csv
[DELL]Latitude 7450 + BE200/Latitude 5530  adapter intermittent disconnection issue,Connectivity,CFE_input,weekly_labels_20260608_163759.csv
"[HP][FXN][Messi_Astro][BE211]""We cant find an audio playback device. make sure..."" message pop-up after restart OS and set a BT Speaker/Headphones as default audio device then set another a BT Speaker/Headphones as default device again",Connectivity,CFE_input,weekly_labels_20260608_163759.csv
[HP][PAS]Unable to start PAS when place the left earbud back in the case,Connectivity,CFE_input,weekly_labels_20260608_163759.csv
[Wistron][Dell CY27 Tirich] PCM for BT Offload on PCIe card cause CNVi fail,Connectivity,CFE_input,weekly_labels_20260608_163759.csv
[Xiaomi][PTL][AX211] RSSI of  PC scanning the TVs BLE broadcast packet is low,Connectivity,CFE_input,weekly_labels_20260608_163759.csv
[Lenovo][Poseidon][PTL][Win11]Teams call lag during meeting,Connectivity,CFE_input,weekly_labels_20260608_163759.csv
"[ASUS_CC][D900MF][AX211][ARL-S]Connect AirPods 4 via BT, The recording stutters",Connectivity,CFE_input,weekly_labels_20260608_163759.csv
[Mechrevol][Alstone][RPL-U][WLAN shows a YB after coldboot/surf the Internet],YB/Lost,CFE_input,weekly_labels_20260608_163759.csv
[Lenovo DT][LCFC][T7120][NVL] Install Intel BE211 Wifi driver show yellow bang.,YB/Lost,CFE_input,weekly_labels_20260608_163759.csv
[Xiaomi][PTL][AX211] PC Connect TV by ble failed,Connectivity,CFE_input,weekly_labels_20260608_163759.csv
[Lenovo_LNL_Abby2]The system hangs up every time when system connect to Wifi.  [DFT0293798],System Hang,CFE_input,weekly_labels_20260608_163759.csv
"Open Verifier select ""intcoed.sys"" and than instal BT 24.40.0.3 occur BSOD:failed IntcOED.sys",BSOD,CFE_input,weekly_labels_20260608_163759.csv
[Honor][LUX][Zhuque][PTL][AX211][WiFi]Is it possible to create a 5GHz SoftAP,P2P,CFE_input,weekly_labels_20260608_163759.csv
"[Lenovo][Aladdin][LNL][Win11]Unit show BSOD (bug check: 0x133 w dump) when update Intel Bluetooth Driver(F/R:1/20unit,1/20 cycles)",BSOD,CFE_input,weekly_labels_20260608_163759.csv
WLAN HLK Tests Fail on HLK v10.0.26100.7705,HLK,CFE_input,weekly_labels_20260608_163759.csv
A2DP Offload feature is enabled in JfP on TGL and HrP on ADL when feature is not supported.,Connectivity,CFE_input,weekly_labels_20260608_163759.csv
"The manual reboot of the DC is significantly slower, taking approximately 30 to 40 seconds longer than other machines",Performance,CFE_input,weekly_labels_20260608_163759.csv
WiFi profile not showing expected 11ax in Protocol after changing wireless modes in properties,Connectivity,CFE_input,weekly_labels_20260608_163759.csv
WiFi adapter fails to perform OKC fast roam after missing Beacons detected.,Connectivity,CFE_input,weekly_labels_20260608_163759.csv
"Blackscreen during MS stress test and Dump point to ""WifiCx.sys"" (F/R: 2/2u; 2/10 c)",System Hang,CFE_input,weekly_labels_20260608_163759.csv
"PC connected 2.4G/5G AP(802.11AX/AC,20M/40M) do UDP downstream can not meet spec.(F/R:1/1U,6/6C))",Performance,CFE_input,weekly_labels_20260608_163759.csv
The 6G Wi-Fi list cannot be found after changing the MCC to US through ANT tool,Connectivity,CFE_input,weekly_labels_20260608_163759.csv
[Lenovo-IdeaPad][wistron][Field_issue][Enterprise-Network][Jasper Lake][AX201][500W GEN4]WiFi show no internet after Roaming in the school.,Roaming,CFE_input,weekly_labels_20260608_163759.csv
[HP/SIO1577354][Catan][GLK/7265/W10] [t430][18WWDTAJ6aq][Win10]Intel 9260 driver will show yellow mark after change roaming aggressiveness in device manager,YB/Lost,CFE_input,weekly_labels_20260608_163759.csv
TSMC Roaming issue,Roaming,CFE_input,weekly_labels_20260608_163759.csv
[Lenovo-ThinkPad][Wistron][L13 Gen2][TGL-U][AX201&9560][20H1][100%] SUT WiFi Ping and XCopy is not stable during Wifi Roaming Test,Roaming,CFE_input,weekly_labels_20260608_163759.csv
Wireless LAN kept roaming to incorrectly Access Point,Roaming,CFE_input,weekly_labels_20260608_163759.csv
[ASUS in house][CML][UX434FAC][AX201]Roaming test fail,Roaming,CFE_input,weekly_labels_20260608_163759.csv
<Customer issue>[Lenovo ThinkPad China][LCFC][AX200]][L15]It could not automatically connect AP unless user reconnected manually during roaming environment,Connectivity,CFE_input,weekly_labels_20260608_163759.csv
[lenovo/DT BU][In-house][ARL-PCB2][AX211][ M970ts]Wireless DIsplay??????  ?,P2P,CFE_input,weekly_labels_20260608_163759.csv
"[Samsung][P230711-05053] When running Chrome and playing YouTube on an extended monitor connected via Miracast to a Galaxy S8+, the Miracast connection is disconnected.",P2P,CFE_input,weekly_labels_20260608_163759.csv
[Huawei][Quanta][Euler][CML-U][AX201][19H2]Miracast to play 4k video occurs 3~5 seconds blurred screen.,P2P,CFE_input,weekly_labels_20260608_163759.csv
[Samsung-Epic-15-KBLR-WsP-Windows10 RS3] 50 BSoD appears during miracast pairing.,BSOD,CFE_input,weekly_labels_20260608_163759.csv
[HP/SIO2100096/Win11/ADL/GfP2/Riesling] The video of external monitor connected via Miracast will lag while playing local video,P2P,CFE_input,weekly_labels_20260608_163759.csv
[HUAWEI][HUAQIN][KelvinM][[AMD Lucienne-U]][Intel AX200][20H2] System does not sync screen via miracast from PC to PAD.,P2P,CFE_input,weekly_labels_20260608_163759.csv
[Huawei][Quanta][H81][CezanneM][AX200][20H2][WiFi][BUG-20210223-18647]DUT projecting to HUAWEI smart TV(V65i)/HONOR TV through miracast appeared afterimage.,P2P,CFE_input,weekly_labels_20260608_163759.csv
[Samsung][Largo-15R][KBL-WsP1216] Video distortion appears during using miracast receiver app('Connect') after sender system connect to some AP.,P2P,CFE_input,weekly_labels_20260608_163759.csv
[Longcheer][MECHREVO][AX210][DVT1][24H2]Canot Miracast to project the screen to this device wirelessly,P2P,CFE_input,weekly_labels_20260608_163759.csv
[Dell][Modena_TGL][Centenario_TGL] Miracast disconnected during system idle,P2P,CFE_input,weekly_labels_20260608_163759.csv
[HP/ME issue][W10/CFL/9560] AMT_027 & 056: WoWLAN fails when it?s enabled in Device Manager.,WowLAN,CFE_input,weekly_labels_20260608_163759.csv
[ASUS][PA90][CFL][AX200] AX200 can't wake up from S5 by using magic packet,WowLAN,CFE_input,weekly_labels_20260608_163759.csv
[Dell/Compal] Cannot WoWLAN via WOL tool,WowLAN,CFE_input,weekly_labels_20260608_163759.csv
[ASUS_CCBU][Intel] WOWLAN disable,WowLAN,CFE_input,weekly_labels_20260608_163759.csv
Expected behavior of WoWLAN / WoL using Magic Packets when Modern Standby is enabled,WowLAN,CFE_input,weekly_labels_20260608_163759.csv
Please check if receiving magic packet in WRT logs according to each time stamp,WowLAN,CFE_input,weekly_labels_20260608_163759.csv
[ASUS][Strix 2022]System can not wake on WLAN from modern standby by Magic Packet,WowLAN,CFE_input,weekly_labels_20260608_163759.csv
[Samsung][Odyssey2][CFL][JfP2] System under S4 doesn't wake up by magic packet.,WowLAN,CFE_input,weekly_labels_20260608_163759.csv
[LG][15Z90RT ][RPL/AX211/Win11 22H2] WLAN Throughput Issue,Performance,CFE_input,weekly_labels_20260608_163759.csv
[Lenovo-Ideapad][Wistron][Lenovo 500w Gen3 JSL][JSL][IntelAX201] WiFi throughput test fail on Win11 OS preload,Performance,CFE_input,weekly_labels_20260608_163759.csv
[Honor][huaqin][HiggsF][ADL][AX211][21H1[100%]]Sta throughput is lower  while coexistence with P2P.,P2P,CFE_input,weekly_labels_20260608_163759.csv
"[Huawei][Quanta][Euler][CML-U][AX201][WLAN][19H2]Play the same video, the PC are always lage than cell phone in miracase..",Performance,CFE_input,weekly_labels_20260608_163759.csv
[Lenovo-Thinkpad][Wistron][Fenrir Intel][ADL][IntelAX211] WiFi6E WiFi throughput test fail,Performance,CFE_input,weekly_labels_20260608_163759.csv
[HUAWEI][HUAQIN][MorganF][Intel ADL][Intel AX 211][BT][Win11]The  BT headset sounds occurred lag during playing local music.,Performance,CFE_input,weekly_labels_20260608_163759.csv
[ASUS Gaming][RPL][AX211]2.4GHz Slow to Connect,Performance,CFE_input,weekly_labels_20260608_163759.csv
[Lenovo IdeaPad][Inhouse][S750-14Pro][TGL-U][20H1] BT mouse lag after idle,Performance,CFE_input,weekly_labels_20260608_163759.csv
"[HP][FXN][Mentali_SnowflakI][AX211]When playing local music and connecting another Bluetooth audio device, the music is delayed by about 20 seconds when output from the other Bluetooth audio device.",Performance,CFE_input,weekly_labels_20260608_163759.csv
[Lenovo-thinkbook][Compal][Titan V350][TGL][9560][20H1][100%] BT headset has lag when search other BT devices under PC settings /use several BT devices at the same time,Performance,CFE_input,weekly_labels_20260608_163759.csv
[ASUS in house]UEFI[AX201] WIFI download speed,Performance,CFE_input,weekly_labels_20260608_163759.csv
[H3C][Sixunited][LP88][LNL][BE200]WiFi disconnect and re-connected several times then show YB after connect to a specific AP,YB/Lost,CFE_input,weekly_labels_20260608_163759.csv
[HP] - [Brighton 1.0][WHL][AX200 - 22260][RS5 17763] ? Winpvt reboot test got BT YB error code 10,YB/Lost,CFE_input,weekly_labels_20260608_163759.csv
[ASUS PCBU][X3400PA][Tigerlake HU][JfP2/9560][v22.30.0.11]WLAN yellow bang while reboot aging,YB/Lost,CFE_input,weekly_labels_20260608_163759.csv
[Lenovo IdeaPad][Compal][V350][TigerLake][AC9560/AX201][Win10][10%] BT lost(or yellow bang) during S4/CB.,YB/Lost,CFE_input,weekly_labels_20260608_163759.csv
[Honor][Wingtechh][FermatB][ARL-H][BT][AX201][24H2]BT YB issue occurred during the S4 stress test  fail rate: 3/20U?1/3000C,YB/Lost,CFE_input,weekly_labels_20260608_163759.csv
[Huawei][Quanta][WrightD][TGL-U][AX201][20H1][WiFi][BUG-20200922-10670-log] Wifi/BT device shows yellow bang after reboot OS then idle 2 min.,YB/Lost,CFE_input,weekly_labels_20260608_163759.csv
"[HP][QTA][TDC][BNB_Wafer][ARL-H/U][Win11_24h2]:DM occur YB ""Unknown USB Device(Device Descriptor Request Failed)"" and BT lost when Run Robotic 7369B_ColdDockQuick with Hendrixx.(Gfp2_AX211)",YB/Lost,CFE_input,weekly_labels_20260608_163759.csv
"[HP][Deso & Esa][PTL]the Bluetooth driver displays ""yellow bang""",YB/Lost,CFE_input,weekly_labels_20260608_163759.csv
[ASUS PCBU][TGL][UX435EG][AX201]BT yellow bang(code 37) while reboot aging,YB/Lost,CFE_input,weekly_labels_20260608_163759.csv
[Samsung][GB6-Ultra16] [PTL][WhP2] WLAN YB issue - Request to analyze Debug log,YB/Lost,CFE_input,weekly_labels_20260608_163759.csv
(Copy Of 01014109) [HP][PAS] PAS no sound after we put SSG Bud2 Pro back to charging box,Connectivity,CFE_input,weekly_labels_20260612_170002.csv
"[HP][FXN][Messi_Uran][AX211]BSOD 0x9F with Stop code:DRIVER_POWER_STATE_FAILURE occurred during run WinPVT v11.17.0-Restart, Standby, and Hibernate Stress(\Driver\BTHUSB).",BSOD,CFE_input,weekly_labels_20260612_170002.csv
[Acer][LongCheer][N827][PTL][DVT][Stingray_PTZ/Grouper_PTZ]The sound output device  will slower then 20s to show after  connected   by BT,Connectivity,CFE_input,weekly_labels_20260612_170002.csv
[HP][IEC] - [DominionI][NVL][Win11 25H2]Bluetooth device missing,YB/Lost,CFE_input,weekly_labels_20260612_170002.csv
[Honor][LUX][NvwaB][RPL][AX211][BT]The BSOD 0x9f releated to BT when Resume from S4,BSOD,CFE_input,weekly_labels_20260612_170002.csv
AX201 roaming feature issue debug,Roaming,CFE_input,weekly_labels_20260612_170002.csv
Dell][Compal]OasisMTL_SUT show couldn't connect monitor via miracast.,P2P,CFE_input,weekly_labels_20260612_170002.csv
[HP/SIO1419536][Jolie][KBL/8265/WIN10] WoWLAN on S5 get failed if wait for 30 minutes to wake.,WowLAN,CFE_input,weekly_labels_20260612_170002.csv
[HP] The WoWLAN support behavior,WowLAN,CFE_input,weekly_labels_20260612_170002.csv
"[Huawei][Wingtech][CurieM][AMD Cezanne][AX200][20H2]WIFi6 2.4G test Rx, WiFi speed cannot recover after BT",Performance,CFE_input,weekly_labels_20260612_170002.csv
[Lenovo-IdeaPad][ADL][S970][win11][FVT][GFP]:The earphone output sound is delayed,Performance,CFE_input,weekly_labels_20260612_170002.csv
[Lenovo-IdeaPad][MTL][SV2][S580-16pro][win11][GFP] AX211 YB after resume from S4 (Connected with AP then go to S4),YB/Lost,CFE_input,weekly_labels_20260612_170002.csv
[Lenovo ideapad][LCFC][intel][be211][yoga pro7 gen12 INL] conductive tput fail,Performance,CFE_input,weekly_labels_20260612_170002.csv
"[Honor][LuxsharePC][ZhuqueC][DVT][24H2 ]2.4GHz and 5GHz band switching roaming, 5G reconnect failure. F/R: 1/1u,3/50C",Connectivity,CFE_input,weekly_labels_20260612_170002.csv
[lenovo][lcfc][X13 Gen5][MTL][AX211/BE200][22H2][67%]Not connect to 5G when roaming,Connectivity,CFE_input,weekly_labels_20260612_170002.csv
"[Lenovo_ThinkPad][LCFC][RPL_R][KunLun1.0 RPL-R][24H2][SIT] The external monitor disconnected after play back online video overnight after connect monitor via WIDI adapter.(FR:2/2units, 2/2trails)",Audio,CFE_input,weekly_labels_20260612_170002.csv
[Lenovo][Foxconn][ThinkStation Cathaya P5 Gen2][Granite Rapids][BE200][Win11] WOL tool can not wake up UUT from S3 via BE200 WIFI card with Hybrid sleep disabe,WowLAN,CFE_input,weekly_labels_20260612_170002.csv
[Lenovo AIO][RF][Tianjiao AIO-16ITL K12 (GOA30)][ITL i5-1155G7][Intel AX201NGW #MM:999TD0][Windows 11 21H2][100%] The time delay more than 50ms,Performance,CFE_input,weekly_labels_20260612_170002.csv
[HUAWEI][HUAQIN][MACHD][Intel TGL][Intel AX201[20H2]TV image occur lag during PC projecting  XiaoMi TV and play local video,P2P,CFE_input,weekly_labels_20260612_170002.csv
[ThinkPad JP Lenovo_Lark][WW46][RUSB][Lark_Lakefield][CcP 21.110.1.1 (WLAN) ]WLAN driver show YB in Device Manager after recovery from image Lark R01 Win10P64EN-UK,YB/Lost,CFE_input,weekly_labels_20260612_170002.csv
[HP][FXN][NVL-S][Taris/Triton&Sylpha][UEFI WiFi driver]UEFI WiFi driver usage for Whale Peak 2 BE211 vPro / non vPro and Lizard Peak 2 AX221.,UEFI,CFE_input,weekly_labels_20260612_170002.csv
"[Huawei][Foxconn][PanguB][AX201][19041.208]DUT is connected to the display screen wirelessly through miracast device( honor TV box pro), it took more than 6seconds form the start of connecting miracast device to the successful connection and display",P2P,CFE_input,weekly_labels_20260612_170002.csv
[TyphoonPeak2][AX210] Low throughput in 2GHz 11ax HT40 Rx and Tx when channel is set to 6,Performance,CFE_input,weekly_labels_20260612_170002.csv
"[Xiaomi][WT][A8][AML][AX200][19H2] ""Connect to a wireless display"" option lost after boot to desktop.(FR:1/20 Cycles)",P2P,CFE_input,weekly_labels_20260612_170002.csv
[Dynabook][Win10] target PC cannot be woken up from Hibernation/sleep by a magic packet,WowLAN,CFE_input,weekly_labels_20260612_170002.csv
[LG][15U590][WHL/9560/Win10 RS4] WiFi Yellow Bang occurs,YB/Lost,CFE_input,weekly_labels_20260612_170002.csv
"[Lenovo-IdeaPad][Inhouse][KBL-R][Yoga930] Put system enter to Modern standby, roams AP, let system out of Moden standby, 9260 can not connect AP",Power Consumption,CFE_input,weekly_labels_20260612_170002.csv
[Samsung][MTL][AX211][P260601-06998] PC didnt start connect after PD request/response.,P2P,CFE_input,weekly_labels_20260612_170002.csv
[HUAWEI][HUAQIN][Morgan][NB3757][TGL][AX201][WIFI]The network quality signal is poor when Roam the other AP.,Roaming,CFE_input,weekly_labels_20260612_170002.csv
[Samsung][RPL][AX211]Miracast connection with samsung TV fails sometimes.,P2P,CFE_input,weekly_labels_20260612_170002.csv
[Lenovo ThankPad][DJ2.0 E490] 19H2: Video on the machine and on the external monitor using Miracast is lagging on extended and duplicate mode only.,P2P,CFE_input,weekly_labels_20260612_170002.csv
[Lenovo][Foxconn][ThinkStation Cathaya P5 Gen2][Granite Rapids][BE200][Win11]There is new Microsoft Windows 11 algorithm driver design limitation with power management Hibernate WoWLAN.  Suggest to close this issue.,WowLAN,CFE_input,weekly_labels_20260612_170002.csv
[HUAWEI][Wingtech][DiracR][ADL-P][AX201[WiFi][22H2]unit has slow WIFI scanning when Bluetooth switch enable (Fail rate:  20/100 c),Performance,CFE_input,weekly_labels_20260612_170002.csv
"[Lenovo][S790-14Pro][MTL-H][Win11]Intel WLAN &BT show YB in DM,error code 43 during coldboot stress test.FR:1/14UUTs.1/4200cycles.",YB/Lost,CFE_input,weekly_labels_20260612_170002.csv
"[LG][WCL][NB8598A][AX211]Bluetooth A2DP Offload Test Failure - ""State Not Recoverable"" Error - Seeking Guidance from Intel",Connectivity,CFE_input,weekly_labels_20260612_170002.csv
[Honor][Huaqin][LvzhouD][WCL][Intel AX211][BT][25H2]The coldboot stress test resulted in a 0x9f BSOD.,BSOD,CFE_input,weekly_labels_20260612_170002.csv
[Asus][X571][CFL-H R][AX200] WLAN& BT co-existence test found audio lag with airpod headset,Performance,CFE_input,weekly_labels_20260612_170002.csv
[ASUS][ARL][UX3405CA] Questions Regarding TA #873917 Integration and BIOS Version Alignment,BIOS,CFE_input,weekly_labels_20260612_170002.csv
[Lenovo-Ideapad][Y9 ][ARL/BE200][25H2] BT headphone connect no mic,Connectivity,CFE_input,weekly_labels_20260612_170002.csv
[Dynabook]The volume value of BT headphone cannot be kept after disconnect and connect BT LE audio headphone,WowLAN,CFE_input,weekly_labels_20260612_170002.csv
[SamSung][GfP2][Mar 2 13 ADL] YB( Yellow Bang) Bluetooth issue PV1 stage,YB/Lost,CFE_input,weekly_labels_20260612_170002.csv
[Dell_Compal][Redstone][ARL][GaP2][WHLK]Bluetooth - 4.0 Specification (2-Machine) fail,HLK,CFE_input,weekly_labels_20260612_170002.csv
[HP][IEC] - SIO2479469[Merino][PTL][Win11 25H2]The 835M mouse will lost function (about 15 seconds) after resume the host S4/S5 by BT mode.[Morty_D1YZ8AA],Connectivity,CFE_input,weekly_labels_20260612_170002.csv
A2DP Offload feature is enabled in JfP on TGL and HrP on ADL when feature is not supported.,Connectivity,CFE_input,weekly_labels_20260612_170002.csv
[UNIS] [Compal][UNIS_Slinky][Tiger Lake][AX201][20H2] BT show yellow bang after discharge to enter critical level and resume from S4,YB/Lost,CFE_input,weekly_labels_20260612_170002.csv
[Honor][Lux][zhuque][PTL]Device can only emit a 5G P2P within channel 149~165.,P2P,CFE_input,weekly_labels_20260612_170002.csv
[DELL][RPL][AX211] field issue that customer has roaming issue with CISCO AP(Japan),Roaming,CFE_input,weekly_labels_20260612_170002.csv
[Samsung][RPL][AX211] Miracast connecting with samsung TV failed continuously 2-3 times in a row.,P2P,CFE_input,weekly_labels_20260612_170002.csv
[Lenovo_Ideapad][Compal][S550-14][IIL][AX201/9560][19H2] DUT(AX201) didn?t find SUT(9560) in 'wireless display and audio device' list (AP connected on SUT(9560) ),P2P,CFE_input,weekly_labels_20260612_170002.csv
"[HUAWEI][HUAQIN][MachD][Intel TGL][Intel AX201][20H1] Test WOL function fail and system lost ""power management"" option to check DM with AX201 wireless lan.",WowLAN,CFE_input,weekly_labels_20260612_170002.csv
[Lenovo-Ideapad][LCFC-HF][330-15/17ICH]Intel3165 11ac/11n conductive throughput test fail,Performance,CFE_input,weekly_labels_20260612_170002.csv
[Lenovo][Compal][L390][RPL-HX][AX203][Win11 22621.1778] Intel AX203 WLAN sometime show yellow bang in device manager while system idle or function testing.,YB/Lost,CFE_input,weekly_labels_20260612_170002.csv
"[Lenovo_IdeaPad][LCFC][NVL-H][ Chaplin A1][26H1][EVT][BE211] BT HID device no function during normal use,FR: 1/2Units",Connectivity,CFE_input,weekly_labels_20260612_170002.csv
[Xiaomi][PTL][AX211] P2P connection SCC iperf streaming failure.,Connectivity,CFE_input,weekly_labels_20260612_170002.csv
ECR615163[ITT:189236] [Lenovo RPL-S B660][SIT]Bluetooth LANs accept and send at speed below 1.0Mbps with Intel AX201 and AX211.,Performance,CFE_input,weekly_labels_20260612_170002.csv
"[Honor][LuxsharePC][ZhuqueC][Pre-MP][25H2]After reboot,bt icon disappeared",YB/Lost,CFE_input,weekly_labels_20260612_170002.csv
"The manual reboot of the DC is significantly slower, taking approximately 30 to 40 seconds longer than other machines",Performance,CFE_input,weekly_labels_20260612_170002.csv
(Copy Of 01014109) [HP][PAS] PAS no sound after we put SSG Bud2 Pro back to charging box,Connectivity,CFE_input,weekly_labels_20260612_233426.csv
"[HP][FXN][Messi_Uran][AX211]BSOD 0x9F with Stop code:DRIVER_POWER_STATE_FAILURE occurred during run WinPVT v11.17.0-Restart, Standby, and Hibernate Stress(\Driver\BTHUSB).",BSOD,CFE_input,weekly_labels_20260612_233426.csv
[Acer][LongCheer][N827][PTL][DVT][Stingray_PTZ/Grouper_PTZ]The sound output device  will slower then 20s to show after  connected   by BT,Connectivity,CFE_input,weekly_labels_20260612_233426.csv
[HP][IEC] - [DominionI][NVL][Win11 25H2]Bluetooth device missing,YB/Lost,CFE_input,weekly_labels_20260612_233426.csv
[Honor][LUX][NvwaB][RPL][AX211][BT]The BSOD 0x9f releated to BT when Resume from S4,BSOD,CFE_input,weekly_labels_20260612_233426.csv
AX201 roaming feature issue debug,Roaming,CFE_input,weekly_labels_20260612_233426.csv
Dell][Compal]OasisMTL_SUT show couldn't connect monitor via miracast.,P2P,CFE_input,weekly_labels_20260612_233426.csv
[HP/SIO1419536][Jolie][KBL/8265/WIN10] WoWLAN on S5 get failed if wait for 30 minutes to wake.,WowLAN,CFE_input,weekly_labels_20260612_233426.csv
[HP] The WoWLAN support behavior,WowLAN,CFE_input,weekly_labels_20260612_233426.csv
"[Huawei][Wingtech][CurieM][AMD Cezanne][AX200][20H2]WIFi6 2.4G test Rx, WiFi speed cannot recover after BT",Performance,CFE_input,weekly_labels_20260612_233426.csv
[Lenovo-IdeaPad][ADL][S970][win11][FVT][GFP]:The earphone output sound is delayed,Performance,CFE_input,weekly_labels_20260612_233426.csv
[Lenovo-IdeaPad][MTL][SV2][S580-16pro][win11][GFP] AX211 YB after resume from S4 (Connected with AP then go to S4),YB/Lost,CFE_input,weekly_labels_20260612_233426.csv
[Lenovo ideapad][LCFC][intel][be211][yoga pro7 gen12 INL] conductive tput fail,Performance,CFE_input,weekly_labels_20260612_233426.csv
"[Honor][LuxsharePC][ZhuqueC][DVT][24H2 ]2.4GHz and 5GHz band switching roaming, 5G reconnect failure. F/R: 1/1u,3/50C",Connectivity,CFE_input,weekly_labels_20260612_233426.csv
[lenovo][lcfc][X13 Gen5][MTL][AX211/BE200][22H2][67%]Not connect to 5G when roaming,Connectivity,CFE_input,weekly_labels_20260612_233426.csv
"[Lenovo_ThinkPad][LCFC][RPL_R][KunLun1.0 RPL-R][24H2][SIT] The external monitor disconnected after play back online video overnight after connect monitor via WIDI adapter.(FR:2/2units, 2/2trails)",Audio,CFE_input,weekly_labels_20260612_233426.csv
[Lenovo][Foxconn][ThinkStation Cathaya P5 Gen2][Granite Rapids][BE200][Win11] WOL tool can not wake up UUT from S3 via BE200 WIFI card with Hybrid sleep disabe,WowLAN,CFE_input,weekly_labels_20260612_233426.csv
[Lenovo AIO][RF][Tianjiao AIO-16ITL K12 (GOA30)][ITL i5-1155G7][Intel AX201NGW #MM:999TD0][Windows 11 21H2][100%] The time delay more than 50ms,Performance,CFE_input,weekly_labels_20260612_233426.csv
[HUAWEI][HUAQIN][MACHD][Intel TGL][Intel AX201[20H2]TV image occur lag during PC projecting  XiaoMi TV and play local video,P2P,CFE_input,weekly_labels_20260612_233426.csv
[ThinkPad JP Lenovo_Lark][WW46][RUSB][Lark_Lakefield][CcP 21.110.1.1 (WLAN) ]WLAN driver show YB in Device Manager after recovery from image Lark R01 Win10P64EN-UK,YB/Lost,CFE_input,weekly_labels_20260612_233426.csv
[HP][FXN][NVL-S][Taris/Triton&Sylpha][UEFI WiFi driver]UEFI WiFi driver usage for Whale Peak 2 BE211 vPro / non vPro and Lizard Peak 2 AX221.,UEFI,CFE_input,weekly_labels_20260612_233426.csv
"[Huawei][Foxconn][PanguB][AX201][19041.208]DUT is connected to the display screen wirelessly through miracast device( honor TV box pro), it took more than 6seconds form the start of connecting miracast device to the successful connection and display",P2P,CFE_input,weekly_labels_20260612_233426.csv
[TyphoonPeak2][AX210] Low throughput in 2GHz 11ax HT40 Rx and Tx when channel is set to 6,Performance,CFE_input,weekly_labels_20260612_233426.csv
"[Xiaomi][WT][A8][AML][AX200][19H2] ""Connect to a wireless display"" option lost after boot to desktop.(FR:1/20 Cycles)",P2P,CFE_input,weekly_labels_20260612_233426.csv
[Dynabook][Win10] target PC cannot be woken up from Hibernation/sleep by a magic packet,WowLAN,CFE_input,weekly_labels_20260612_233426.csv
[LG][15U590][WHL/9560/Win10 RS4] WiFi Yellow Bang occurs,YB/Lost,CFE_input,weekly_labels_20260612_233426.csv
"[Lenovo-IdeaPad][Inhouse][KBL-R][Yoga930] Put system enter to Modern standby, roams AP, let system out of Moden standby, 9260 can not connect AP",Power Consumption,CFE_input,weekly_labels_20260612_233426.csv
[Samsung][MTL][AX211][P260601-06998] PC didnt start connect after PD request/response.,P2P,CFE_input,weekly_labels_20260612_233426.csv
[HUAWEI][HUAQIN][Morgan][NB3757][TGL][AX201][WIFI]The network quality signal is poor when Roam the other AP.,Roaming,CFE_input,weekly_labels_20260612_233426.csv
[Samsung][RPL][AX211]Miracast connection with samsung TV fails sometimes.,P2P,CFE_input,weekly_labels_20260612_233426.csv
[Lenovo ThankPad][DJ2.0 E490] 19H2: Video on the machine and on the external monitor using Miracast is lagging on extended and duplicate mode only.,P2P,CFE_input,weekly_labels_20260612_233426.csv
[Lenovo][Foxconn][ThinkStation Cathaya P5 Gen2][Granite Rapids][BE200][Win11]There is new Microsoft Windows 11 algorithm driver design limitation with power management Hibernate WoWLAN.  Suggest to close this issue.,WowLAN,CFE_input,weekly_labels_20260612_233426.csv
[HUAWEI][Wingtech][DiracR][ADL-P][AX201[WiFi][22H2]unit has slow WIFI scanning when Bluetooth switch enable (Fail rate:  20/100 c),Performance,CFE_input,weekly_labels_20260612_233426.csv
"[Lenovo][S790-14Pro][MTL-H][Win11]Intel WLAN &BT show YB in DM,error code 43 during coldboot stress test.FR:1/14UUTs.1/4200cycles.",YB/Lost,CFE_input,weekly_labels_20260612_233426.csv
"[LG][WCL][NB8598A][AX211]Bluetooth A2DP Offload Test Failure - ""State Not Recoverable"" Error - Seeking Guidance from Intel",Connectivity,CFE_input,weekly_labels_20260612_233426.csv
[Honor][Huaqin][LvzhouD][WCL][Intel AX211][BT][25H2]The coldboot stress test resulted in a 0x9f BSOD.,BSOD,CFE_input,weekly_labels_20260612_233426.csv
[Asus][X571][CFL-H R][AX200] WLAN& BT co-existence test found audio lag with airpod headset,Performance,CFE_input,weekly_labels_20260612_233426.csv
[ASUS][ARL][UX3405CA] Questions Regarding TA #873917 Integration and BIOS Version Alignment,BIOS,CFE_input,weekly_labels_20260612_233426.csv
[Lenovo-Ideapad][Y9 ][ARL/BE200][25H2] BT headphone connect no mic,Connectivity,CFE_input,weekly_labels_20260612_233426.csv
[Dynabook]The volume value of BT headphone cannot be kept after disconnect and connect BT LE audio headphone,WowLAN,CFE_input,weekly_labels_20260612_233426.csv
[SamSung][GfP2][Mar 2 13 ADL] YB( Yellow Bang) Bluetooth issue PV1 stage,YB/Lost,CFE_input,weekly_labels_20260612_233426.csv
[Dell_Compal][Redstone][ARL][GaP2][WHLK]Bluetooth - 4.0 Specification (2-Machine) fail,HLK,CFE_input,weekly_labels_20260612_233426.csv
[HP][IEC] - SIO2479469[Merino][PTL][Win11 25H2]The 835M mouse will lost function (about 15 seconds) after resume the host S4/S5 by BT mode.[Morty_D1YZ8AA],Connectivity,CFE_input,weekly_labels_20260612_233426.csv
A2DP Offload feature is enabled in JfP on TGL and HrP on ADL when feature is not supported.,Connectivity,CFE_input,weekly_labels_20260612_233426.csv
[UNIS] [Compal][UNIS_Slinky][Tiger Lake][AX201][20H2] BT show yellow bang after discharge to enter critical level and resume from S4,YB/Lost,CFE_input,weekly_labels_20260612_233426.csv
[Honor][Lux][zhuque][PTL]Device can only emit a 5G P2P within channel 149~165.,P2P,CFE_input,weekly_labels_20260612_233426.csv
[DELL][RPL][AX211] field issue that customer has roaming issue with CISCO AP(Japan),Roaming,CFE_input,weekly_labels_20260612_233426.csv
[Samsung][RPL][AX211] Miracast connecting with samsung TV failed continuously 2-3 times in a row.,P2P,CFE_input,weekly_labels_20260612_233426.csv
[Lenovo_Ideapad][Compal][S550-14][IIL][AX201/9560][19H2] DUT(AX201) didn?t find SUT(9560) in 'wireless display and audio device' list (AP connected on SUT(9560) ),P2P,CFE_input,weekly_labels_20260612_233426.csv
"[HUAWEI][HUAQIN][MachD][Intel TGL][Intel AX201][20H1] Test WOL function fail and system lost ""power management"" option to check DM with AX201 wireless lan.",WowLAN,CFE_input,weekly_labels_20260612_233426.csv
[Lenovo-Ideapad][LCFC-HF][330-15/17ICH]Intel3165 11ac/11n conductive throughput test fail,Performance,CFE_input,weekly_labels_20260612_233426.csv
[Lenovo][Compal][L390][RPL-HX][AX203][Win11 22621.1778] Intel AX203 WLAN sometime show yellow bang in device manager while system idle or function testing.,YB/Lost,CFE_input,weekly_labels_20260612_233426.csv
"[Lenovo_IdeaPad][LCFC][NVL-H][ Chaplin A1][26H1][EVT][BE211] BT HID device no function during normal use,FR: 1/2Units",Connectivity,CFE_input,weekly_labels_20260612_233426.csv
[Xiaomi][PTL][AX211] P2P connection SCC iperf streaming failure.,Connectivity,CFE_input,weekly_labels_20260612_233426.csv
ECR615163[ITT:189236] [Lenovo RPL-S B660][SIT]Bluetooth LANs accept and send at speed below 1.0Mbps with Intel AX201 and AX211.,Performance,CFE_input,weekly_labels_20260612_233426.csv
"[Honor][LuxsharePC][ZhuqueC][Pre-MP][25H2]After reboot,bt icon disappeared",YB/Lost,CFE_input,weekly_labels_20260612_233426.csv
"The manual reboot of the DC is significantly slower, taking approximately 30 to 40 seconds longer than other machines",Performance,CFE_input,weekly_labels_20260612_233426.csv
WLAN NDT test result has higher noise result,OEM Tools,CFE_input,wifi_tools_piece_01_of_07_Timdaway.csv
-System can not search WiFi 6G when set MCC to US by ANT tool + S0KKT010 BIOS + BE200 wifi Card.,Connectivity,CFE_input,wifi_tools_piece_01_of_07_Timdaway.csv
System does not sync screen via miracast from PC to PAD.,P2P,CFE_input,wifi_tools_piece_01_of_07_Timdaway.csv
Cannot detect User SPD when lean back sitting,Sensing,CFE_input,wifi_tools_piece_01_of_07_Timdaway.csv
WiFi throughput degrades after upgrading Windows OS,Performance,CFE_input,wifi_tools_piece_01_of_07_Timdaway.csv
5010 Netwaw16 WiFi errors observed during GT(eDP) random mountain test -- 0x2ca5,YB/Lost,CFE_input,wifi_tools_piece_01_of_07_Timdaway.csv
GaP power consumption upon WiFi 7 Tx TPT scenario doesnt follow DTT request power value,Power Consumption,CFE_input,wifi_tools_piece_01_of_07_Timdaway.csv
DSM Field information are not correct,BIOS,CFE_input,wifi_tools_piece_01_of_07_Timdaway.csv
WiFi Rx throughput of 11ax(5GHz) becomes much lower with BT mouse connected,Performance,CFE_input,wifi_tools_piece_01_of_07_Timdaway.csv
WLAN YB appeared upon startup after shutting down and leaving it for 1 hour in the chamber(0 degrees Celsius).(F/R: 1/24 units),YB/Lost,CFE_input,wifi_tools_piece_01_of_07_Timdaway.csv
DRTU MCC setting doesnt work on bt/modulated Tx page.,OEM Tools,CFE_input,wifi_tools_piece_01_of_07_Timdaway.csv
WLAN Yellow bang issue,YB/Lost,CFE_input,wifi_tools_piece_01_of_07_Timdaway.csv
"YB with FATAL_ERROR: uCode ASSERT (lmacID = 0x1, rtStatus = 0xFA2, log is valid)",YB/Lost,CFE_input,wifi_tools_piece_01_of_07_Timdaway.csv
Clevo_X560WNx_ARL-HX_AX201 WiFi connect issues,Connectivity,CFE_input,wifi_tools_piece_01_of_07_Timdaway.csv
ANT get_ppid command cannot work,OEM Tools,CFE_input,wifi_tools_piece_01_of_07_Timdaway.csv
ANT tool shows error with 9462 on ADL,OEM Tools,CFE_input,wifi_tools_piece_01_of_07_Timdaway.csv
The system cannot scan for the 6GHz mobile Hotspot (VLP).,Connectivity,CFE_input,wifi_tools_piece_01_of_07_Timdaway.csv
CITU test Command XVT_CMD_STEP_MARGIN_TEST_CONFIG_V6 failed with status 31_ Umac Error 0x20100502,OEM Tools,CFE_input,wifi_tools_piece_01_of_07_Timdaway.csv
ANT. tool can not auto detecting 6E SSID for RSSI test.,OEM Tools,CFE_input,wifi_tools_piece_01_of_07_Timdaway.csv
Install v23.160 WLAN device YB,YB/Lost,CFE_input,wifi_tools_piece_01_of_07_Timdaway.csv
AX411 QS sample 6e tx power lock at 7.5dB,OEM Tools,CFE_input,wifi_tools_piece_01_of_07_Timdaway.csv
"System crashed in CS/AH. The BugCheckCode is ""7E""",BSOD,CFE_input,wifi_tools_piece_01_of_07_Timdaway.csv
Auth failed when doing connect and ping stress test,Connectivity,CFE_input,wifi_tools_piece_01_of_07_Timdaway.csv
"Event log shows 5002/5005/5007/5010 error during MS stress test(Fail rate 9/40units, 125cycles each unit)",YB/Lost,CFE_input,wifi_tools_piece_01_of_07_Timdaway.csv
WRT BIOS tool shows incorrect value in DSM Func3,BIOS,CFE_input,wifi_tools_piece_01_of_07_Timdaway.csv
Warmboot showed BSOD 0x9f point to WiFi when doing miracast,BSOD,CFE_input,wifi_tools_piece_01_of_07_Timdaway.csv
"After bootup Notebook , moving from 24F to 30F intel office , very hard to WAL",Sensing,CFE_input,wifi_tools_piece_01_of_07_Timdaway.csv
5010 Error,YB/Lost,CFE_input,wifi_tools_piece_01_of_07_Timdaway.csv
System fails to wake via WoA when Turn off my screen when I leave is disabled on Wi-Fi,Sensing,CFE_input,wifi_tools_piece_01_of_07_Timdaway.csv
WiFi YB,YB/Lost,CFE_input,wifi_tools_piece_01_of_07_Timdaway.csv
WLAN show YB on DeviceManager and event log show error by run S4 stress,YB/Lost,CFE_input,wifi_tools_piece_01_of_07_Timdaway.csv
How to close the access of channels 100~140 in WLAN 5G band in Indonesia,BIOS,CFE_input,wifi_tools_piece_01_of_07_Timdaway.csv
AX201 wifi driver 802.11g throughputissue,Performance,CFE_input,wifi_tools_piece_01_of_07_Timdaway.csv
Blue screen error,BSOD,CFE_input,wifi_tools_piece_01_of_07_Timdaway.csv
BE211 transmission speed low(2515~2873Mbps Expect:>2.88Gbps) with WIFI 7 after PM operations,Performance,CFE_input,wifi_tools_piece_01_of_07_Timdaway.csv
"Miracast connection fails on the INTEL module, but passes on the MTK module",Connectivity,CFE_input,wifi_tools_piece_01_of_07_Timdaway.csv
MSFT HDE program test - device HLK-Wlan Test,HLK,CFE_input,wifi_tools_piece_01_of_07_Timdaway.csv
The system hangs and repeatedly auto-restarts after install driver v23.80.1.3,System Hang,CFE_input,wifi_tools_piece_07_of_07_Brenton.csv
SUT can search for 5.0GHz Wi-Fi with channel 165 on Indonesia image (PTL+WhP2),Connectivity,CFE_input,wifi_tools_piece_07_of_07_Brenton.csv
CITU Connection Error,OEM Tools,CFE_input,wifi_tools_piece_07_of_07_Brenton.csv
"After install Wi-Fi driver 24.0.0.1 on PTLEVA3, YB occurs",YB/Lost,CFE_input,wifi_tools_piece_07_of_07_Brenton.csv
"PC connected 2.4G/5G AP(802.11AX/AC,20M/40M) do UDP downstream can not meet spec.(F/R:1/1U,6/6C))",Performance,CFE_input,wifi_tools_piece_07_of_07_Brenton.csv
[Lenovo/SMB][Wistron][PTL-U] [BE213] [2230] [TB1416_G9_PTL][EVT] [Layout][#1],Need-Triage,CFE_input,wifi_tools_piece_07_of_07_Brenton.csv
"WHQL test item ""Wlan Test - Wlan Device Reset Check"" failed",HLK,CFE_input,wifi_tools_piece_07_of_07_Brenton.csv
"9462(TA-J88400-007) WLAN YB(100%) on ICL/TGL platform, while no issue with 9462(TA-J88400-006)",YB/Lost,CFE_input,wifi_tools_piece_07_of_07_Brenton.csv
Samsung PNVM - WRT shows incorrect values,OEM Tools,CFE_input,wifi_tools_piece_07_of_07_Brenton.csv
DRTU Fail - RU Setting,OEM Tools,CFE_input,wifi_tools_piece_07_of_07_Brenton.csv
25H2 FVT1.01:System occurred BSOD 0x101( No dump file; Stop Code: CLOCK_WATCHDOG_TIMEOUT ) when connect Wi-Fi during desktop,BSOD,CFE_input,wifi_tools_piece_07_of_07_Brenton.csv
Ant tool cant read correct BRDS SAR BIOS setting if value exceed Tx power limit,OEM Tools,CFE_input,wifi_tools_piece_07_of_07_Brenton.csv
VLP is working at Mexico (mexico is not enabled at UATS),UEFI,CFE_input,wifi_tools_piece_07_of_07_Brenton.csv
"After DUT S4 for a period of time and wakes up, the performance is abnormal when the WIFi65G frequency band 80MHZ/160MHz bandwidth",Performance,CFE_input,wifi_tools_piece_07_of_07_Brenton.csv
Due to WiFi 5055 event happens then BE200 BT device lost during S4 stress test,YB/Lost,CFE_input,wifi_tools_piece_07_of_07_Brenton.csv
"Different Regulatory Power Limits result between ""Modulated Tx"" and ""Regulatory Power Limits Table""",RF,CFE_input,wifi_tools_piece_07_of_07_Brenton.csv
"WiFi Spectrum Mask, EVM and Power tolerance questions",RF,CFE_input,wifi_tools_piece_07_of_07_Brenton.csv
CITU Basic Test Failure,OEM Tools,CFE_input,wifi_tools_piece_07_of_07_Brenton.csv
System cant found 6Ghz mobile hotspot.,Connectivity,CFE_input,wifi_tools_piece_07_of_07_Brenton.csv
T-put(STA <-->AP) become low if enable hotspot when connected with AP 160M BW,Performance,CFE_input,wifi_tools_piece_07_of_07_Brenton.csv
"Blackscreen during MS stress test and Dump point to ""WifiCx.sys"" (F/R: 2/2u; 2/10 c)",System Hang,CFE_input,wifi_tools_piece_07_of_07_Brenton.csv
Canot Miracast to project the screen to this device wirelessly,P2P,CFE_input,wifi_tools_piece_07_of_07_Brenton.csv
UEFI variable display in BIOS validation,UEFI,CFE_input,wifi_tools_piece_07_of_07_Brenton.csv
"SIO2437586:The ""UefiCnvWlanWTAS"" is not listed under the UEFI setting list.",UEFI,CFE_input,wifi_tools_piece_07_of_07_Brenton.csv
Display issue on DRTU,OEM Tools,CFE_input,wifi_tools_piece_07_of_07_Brenton.csv
[HONOR][HUAQIN][WCL][AX211][2230&1216][LvzhouD][[EVT][Schematic][#1],Layout,CFE_input,wifi_tools_piece_07_of_07_Brenton.csv
Biostool.exe does not show the parameters in UEFI data version 4,OEM Tools,CFE_input,wifi_tools_piece_07_of_07_Brenton.csv
Marginal issue failed on cnviRxClockDelayD0/1 and cnviRxClockDataD0/1,OEM Tools,CFE_input,wifi_tools_piece_07_of_07_Brenton.csv
S4 loop test BSOD 0x9Fdump file related to wifi,BSOD,CFE_input,wifi_tools_piece_07_of_07_Brenton.csv
cant run CITU tool to test CNVi normally,OEM Tools,CFE_input,wifi_tools_piece_07_of_07_Brenton.csv
Event ID: 5010 appeared in Event Viewer after install driver.,YB/Lost,CFE_input,wifi_tools_piece_07_of_07_Brenton.csv
"FATAL_ERROR: uCode ASSERT(UMAC, rtStatus = 0x20101058, log is valid. data1 = 0xb, data2 = 0x0)",YB/Lost,CFE_input,wifi_tools_piece_07_of_07_Brenton.csv
Signal strength become much lower during throughput measurement in 6GHz band,Performance,CFE_input,wifi_tools_piece_07_of_07_Brenton.csv
BSOD (0xD1),BSOD,CFE_input,wifi_tools_piece_07_of_07_Brenton.csv
WiFi throughput is slow when runnning on battery power with WiFi Sensing Enabled,Performance,CFE_input,wifi_tools_piece_07_of_07_Brenton.csv
HP 3LS SIP126149 - EB 1040 G11(Ernesto MTL)/TSMC/GC/Intel AX211 Cannot find WiFi 6G issue/PCAPJ/TW,Connectivity,CFE_input,wifi_tools_piece_07_of_07_Brenton.csv
"Ant tool request to add ""Group 4 to 8"" reading value Get Tx Power Delta Limits",OEM Tools,CFE_input,wifi_tools_piece_07_of_07_Brenton.csv
Simultaneous YB on WLAN and BT,YB/Lost,CFE_input,wifi_tools_piece_07_of_07_Brenton.csv
BE201 BSOD 0x9F during S4 test,BSOD,CFE_input,wifi_tools_piece_07_of_07_Brenton.csv
Sonya12 WIFI layout check,Need-Triage,CFE_input,wifi_tools_piece_07_of_07_Brenton.csv
"Stress-MS,System show Bluetooth related device lost and Intel(R) Dual Bluetooth(R) PCI Enumerator yellow bang in device manager.(F/R: 1/20u,1/2500c)",YB/Lost,CFE_input,wifi_tools_piece_07_of_07_Brenton.csv
BT Device Disappear CS+Wifi AP connected,YB/Lost,CFE_reviewed_issue,bt_software_piece_01_of_07_Bingyue (2).csv
"Swift Pair connected with Use LE audio when available disabled, after connection host will reconnect LE portion",Connectivity,CFE_reviewed_issue,bt_software_piece_01_of_07_Bingyue (2).csv
ICPS cant start automatically when device is powered on from S5,ICPS,CFE_reviewed_issue,bt_software_piece_01_of_07_Bingyue (2).csv
The BSOD (0x1e)cured whenBios flashing process,BSOD,CFE_reviewed_issue,bt_software_piece_01_of_07_Bingyue (2).csv
Device disappear due to exception_BC_EXC_LP_RUN_ERROR,YB/Lost,CFE_reviewed_issue,bt_software_piece_01_of_07_Bingyue (2).csv
"HLK ""Bluetooth - CIS Establishment Test"" fail with ERROR: CIS_establishment ERROR - Received an error failure notification, failing test",HLK,CFE_reviewed_issue,bt_software_piece_01_of_07_Bingyue (2).csv
Blank interface on Manual Routing page with Corporate machine,Killer,CFE_reviewed_issue,bt_software_piece_01_of_07_Bingyue (2).csv
Device not started (BTHUSB) error with 0xC00000B5 (STATUS_IO_TIMEOUT),YB/Lost,CFE_reviewed_issue,bt_software_piece_01_of_07_Bingyue (2).csv
System exception on BT fw,YB/Lost,CFE_reviewed_issue,bt_software_piece_01_of_07_Bingyue (2).csv
"Bluetooths microphone can not be recognized in Sound -> Recording device, and can not be recognized in Sound Recorder APP. (FR:1/3 units, 100% failed with that failed unit.)",Connectivity,CFE_reviewed_issue,bt_software_piece_01_of_07_Bingyue (2).csv
BSOD occurs when connect a mobile hotspot by bluetooth with ACPI SDEV table enabled.,BSOD,CFE_reviewed_issue,bt_software_piece_01_of_07_Bingyue (2).csv
HLK BLUETOOTH_MULTIMACHINE_HCIEXTENSIONS_V2 test fail,HLK,CFE_reviewed_issue,bt_software_piece_01_of_07_Bingyue (2).csv
BT mouse cannot work after idle or paired successfully.,Connectivity,CFE_reviewed_issue,bt_software_piece_01_of_07_Bingyue (2).csv
"After resume from MS for long time, BT mouse will lost function and can not scan & pair. (Scan List Empty)",Connectivity,CFE_reviewed_issue,bt_software_piece_01_of_07_Bingyue (2).csv
HLK Bluetooth test failed,HLK,CFE_reviewed_issue,bt_software_piece_01_of_07_Bingyue (2).csv
Enabling the s-mono function causes noise during playback,Connectivity,CFE_reviewed_issue,bt_software_piece_01_of_07_Bingyue (2).csv
Auto Connection Issue,Connectivity,CFE_reviewed_issue,bt_software_piece_01_of_07_Bingyue (2).csv
ICPS adds a route and causes system crash while on VPN,ICPS,CFE_reviewed_issue,bt_software_piece_01_of_07_Bingyue (2).csv
PC connect TV failed by ble,Connectivity,CFE_reviewed_issue,bt_software_piece_01_of_07_Bingyue (2).csv
System Volume bar OSD not changed when pressing hotkey to adjust volume during Teams video call with BT headset,Connectivity,CFE_reviewed_issue,bt_software_piece_01_of_07_Bingyue (2).csv
BLE launch failure on PTL Platforms with BE211 Module,Connectivity,CFE_reviewed_issue,bt_software_piece_01_of_07_Bingyue (2).csv
"HLK-Bluetooth - HciExtension1 (Bring Up) fails with Reserved flags (0xffffffffffffff80) are set by the radio, they should be zeroed out.",HLK,CFE_reviewed_issue,bt_software_piece_01_of_07_Bingyue (2).csv
System found the BSOD 0x7F when run the HLK : System - PNP (disable and enable) with IO Before and After (Reliability) test failed due to unexpected reboot.(FR: 2/3),BSOD,CFE_reviewed_issue,bt_software_piece_01_of_07_Bingyue (2).csv
Reset all button not work,Killer,CFE_reviewed_issue,bt_software_piece_02_of_07_Juan.csv
"The system will pop up msg ""Select an app to open this icpslauncher link"" after uninstall old ICPS driver then install new ICPS Driver package",ICPS,CFE_reviewed_issue,bt_software_piece_02_of_07_Juan.csv
ICPS Advanced Settings UI auto moves up.,ICPS,CFE_reviewed_issue,bt_software_piece_02_of_07_Juan.csv
There are advs but no connection complete evt,Connectivity,CFE_reviewed_issue,bt_software_piece_02_of_07_Juan.csv
Remove Duplicate Entires in the ibtpciinf,Connectivity,CFE_reviewed_issue,bt_software_piece_02_of_07_Juan.csv
Advertising Duty Cycle complaint test is not meeting the SPEC requirement,Need-Triage,CFE_reviewed_issue,bt_software_piece_02_of_07_Juan.csv
Disable unusable arrows for recommendations,Killer,CFE_reviewed_issue,bt_software_piece_02_of_07_Juan.csv
"BT headset 100% fail to mute , still can hear volume after mute",Connectivity,CFE_reviewed_issue,bt_software_piece_02_of_07_Juan.csv
Accessibility issue of Killer Intelligence Center.,Killer,CFE_reviewed_issue,bt_software_piece_02_of_07_Juan.csv
BTS4,Need-triage,CFE_reviewed_issue,bt_software_piece_02_of_07_Juan.csv
V1.1021.1111.2 ICPS GUI cant open after preload on C970 and TB 13X,ICPS,CFE_reviewed_issue,bt_software_piece_02_of_07_Juan.csv
Bluetooth SAR power BIOS setting issue,BIOS,CFE_reviewed_issue,bt_software_piece_02_of_07_Juan.csv
When updating driver ICPS stopped to work,ICPS,CFE_reviewed_issue,bt_software_piece_02_of_07_Juan.csv
removing fully all files and folder of ICPS after self-uninstallation,ICPS,CFE_reviewed_issue,bt_software_piece_02_of_07_Juan.csv
"When Accessibility->Text size is set to 200%, the prompt window that appears when launching ICPS is not fully displayed.",ICPS,CFE_reviewed_issue,bt_software_piece_02_of_07_Juan.csv
Sniff Mode Parameters not meet the criteria,Connectivity,CFE_reviewed_issue,bt_software_piece_02_of_07_Juan.csv
"The manual reboot of the DC is significantly slower, taking approximately 30 to 40 seconds longer than other machines",Performance,CFE_reviewed_issue,bt_software_piece_02_of_07_Juan.csv
"Connect to BT headset and running HLKs , SMONO HLK will get fail",HLK,CFE_reviewed_issue,bt_software_piece_02_of_07_Juan.csv
[Surface][PTL+FmP2][24.0.1.1][PHY]Failing - RF/TRM/CA/BV-16-C [EDR Synchronization Sequence and Trailer],RF,CFE_reviewed_issue,bt_software_piece_02_of_07_Juan.csv
"Intel Connectivity and Performance Suite, doesnt work with Narrator, multiple fields/items are not labeled.",ICPS,CFE_reviewed_issue,bt_software_piece_02_of_07_Juan.csv
"SystemEvent log show error ID_5 after connect the BT MS&KB&Hedset devices, FR: 1/1Unit, 3/3Cycles",YB/Lost,CFE_reviewed_issue,bt_software_piece_02_of_07_Juan.csv
Application Page - AppDomain name column text is centered,Killer,CFE_reviewed_issue,bt_software_piece_02_of_07_Juan.csv
"Stress_FB_BSOD(0X9F) occurred that point to Intel Bluetooth driver (F/R: 1/42units, 1/12400cycles)",BSOD,CFE_reviewed_issue,bt_software_piece_02_of_07_Juan.csv
Intel Killer Intelligence Center wont respond,Killer,CFE_reviewed_issue,bt_software_piece_02_of_07_Juan.csv
"Bluetooth devices all lost and do not show in the device manager when MIKE II s4 stress test, Bluetooth Device (Personal Area Network) (ID: BTH\MS_BTHPAN\6&257119B4&0&2) missing",YB/Lost,CFE_reviewed_issue,bt_software_piece_02_of_07_Juan.csv
Please use uppercase in filename (IDBWM.exe),ICPS,CFE_reviewed_issue,bt_software_piece_02_of_07_Juan.csv
Slow response and freezes,ICPS,CFE_reviewed_issue,bt_software_piece_02_of_07_Juan.csv
MDUT Reconnection does not meet the spec,Connectivity,CFE_reviewed_issue,bt_software_piece_02_of_07_Juan.csv
he sound&play UI became very lag after end the teams call then play local video with BT LE headphone connected.(BE201),Connectivity,CFE_reviewed_issue,bt_software_piece_02_of_07_Juan.csv
"Unplugged AC adapter, found the sound will obviously lag about 2~4s.",Need-Triage,CFE_reviewed_issue,bt_software_piece_02_of_07_Juan.csv
The sound is terrible after starting a PAS session,Connectivity,CFE_reviewed_issue,bt_software_piece_02_of_07_Juan.csv
Bluetooth mouse has poor tracking perfo,Performance,CFE_reviewed_issue,bt_software_piece_02_of_07_Juan.csv
BT shows YB with code 31 due to WiFi Assert 0x2010121e,YB/Lost,CFE_reviewed_issue,bt_software_piece_02_of_07_Juan.csv
Killer 1675x WLAN card WIFI/BT driver release request,Killer,CFE_reviewed_issue,bt_software_piece_02_of_07_Juan.csv
BT driver show YB a after removing BT paired devices at BT setting UI,YB/Lost,CFE_reviewed_issue,bt_software_piece_02_of_07_Juan.csv
"BT audio playback failed ""Format Not Supported""",Connectivity,CFE_reviewed_issue,bt_software_piece_02_of_07_Juan.csv
Coverity - CID 4020596 Dereference after null check,Killer,CFE_reviewed_issue,bt_software_piece_03_of_07_Steven.csv
DUT scan airpods device with slow availability.,Performance,CFE_reviewed_issue,bt_software_piece_03_of_07_Steven.csv
Palo Alto VPN with split tunnel unable to pass traffic with ICPS installed,ICPS,CFE_reviewed_issue,bt_software_piece_03_of_07_Steven.csv
The BT earphone (Airpods4) sound lag 5s and then no sound output,Connectivity,CFE_reviewed_issue,bt_software_piece_03_of_07_Steven.csv
Gamefast cant auto enable,Killer,CFE_reviewed_issue,bt_software_piece_03_of_07_Steven.csv
UI Crash when Toast Notifications are on,Killer,CFE_reviewed_issue,bt_software_piece_03_of_07_Steven.csv
HLK DirectedFxSystemTest test fail,HLK,CFE_reviewed_issue,bt_software_piece_03_of_07_Steven.csv
Killer control center the QQ Player has belong to the game category.,Killer,CFE_reviewed_issue,bt_software_piece_03_of_07_Steven.csv
"KILLER shows ""Service not running""",Killer,CFE_reviewed_issue,bt_software_piece_03_of_07_Steven.csv
6GHz band in WiFi Analyzer only can show up to channel 90 (it should be up to 233 or higher).,Killer,CFE_reviewed_issue,bt_software_piece_03_of_07_Steven.csv
25H2 HLK test fail - Bluetooth - LEExtendedAdvertising (Development and Integration),HLK,CFE_reviewed_issue,bt_software_piece_03_of_07_Steven.csv
Request SSID: 0x0C10 for AX211 on Tributo_RPL,Killer,CFE_reviewed_issue,bt_software_piece_03_of_07_Steven.csv
"""Automatically switch to a better Access Point"" Setting cant be reset to default setting in ICPS",ICPS,CFE_reviewed_issue,bt_software_piece_03_of_07_Steven.csv
Clevo_LNL_L2xxLU_HLK_CIS Establishment test error,HLK,CFE_reviewed_issue,bt_software_piece_03_of_07_Steven.csv
"After pairing the Bluetooth headset, the sound output takes about 15 seconds to switch to the headset.",Connectivity,CFE_reviewed_issue,bt_software_piece_03_of_07_Steven.csv
ICPS still list in system tray after exit successfully and restart unit.,ICPS,CFE_reviewed_issue,bt_software_piece_03_of_07_Steven.csv
ICPS causing slow startup,ICPS,CFE_reviewed_issue,bt_software_piece_03_of_07_Steven.csv
Intel Connect service is disconnected when input wrong password to connect AP,Killer,CFE_reviewed_issue,bt_software_piece_03_of_07_Steven.csv
Hotspot takes ~6 seconds to connect,Killer,CFE_reviewed_issue,bt_software_piece_03_of_07_Steven.csv
Unison receives events from ICPS when network changes and other networks with credentials exist,ICPS,CFE_reviewed_issue,bt_software_piece_03_of_07_Steven.csv
Missing CustomizeUninstallFirstRun.exe in ICPS component driver,ICPS,CFE_reviewed_issue,bt_software_piece_03_of_07_Steven.csv
UEFI BLE Scan hang issue(DELL Boot issue with USB drive connected),UEFI,CFE_reviewed_issue,bt_software_piece_03_of_07_Steven.csv
The PC high-frequency scanning 100ms broadcast takes a relatively long time (some time exceeded 20 seconds),Need-Triage,CFE_reviewed_issue,bt_software_piece_03_of_07_Steven.csv
Bluetooth Mic Test Does Not Reflect Input or Volume Assessment,Connectivity,CFE_reviewed_issue,bt_software_piece_03_of_07_Steven.csv
Cannot run ICPS due to invalid configuration error on MTL RVP,ICPS,CFE_reviewed_issue,bt_software_piece_03_of_07_Steven.csv
Coverity - CID 4017203 Structurally dead code,Killer,CFE_reviewed_issue,bt_software_piece_03_of_07_Steven.csv
PC scan automotive slowly by 100% duty cycle,Performance,CFE_reviewed_issue,bt_software_piece_03_of_07_Steven.csv
ICPS network advice is not correct,ICPS,CFE_reviewed_issue,bt_software_piece_03_of_07_Steven.csv
"HLK-Bluetooth - HciExtensionsV2 (Development and Integration) test fail, 2/2Unit",HLK,CFE_reviewed_issue,bt_software_piece_03_of_07_Steven.csv
The Auto-Mode will become Light Mode after exit ICPS and reboot the system,ICPS,CFE_reviewed_issue,bt_software_piece_03_of_07_Steven.csv
"- Bluetooth tab is presenting ""Connect"" button instead of ""Add a device"" when a device is already connected",Killer,CFE_reviewed_issue,bt_software_piece_03_of_07_Steven.csv
SIP124587/840 G10/G11 /win11 23H2 / EY / NA / US PC / Crashing due to an Intel ICPS old and latest driver on website,ICPS,CFE_reviewed_issue,bt_software_piece_03_of_07_Steven.csv
The BT driver shows as YB in DM when the system is idle.,YB/Lost,CFE_reviewed_issue,bt_software_piece_03_of_07_Steven.csv
"The Bluetooth device will be auto change to ""Paired"". (Huawei Freelace)",Connectivity,CFE_reviewed_issue,bt_software_piece_03_of_07_Steven.csv
"Error ""Get an app to open this icpslauncher link"" pops up after uninstalling ICPS app",ICPS,CFE_reviewed_issue,bt_software_piece_03_of_07_Steven.csv
"[NEC][LCFC][Citron3_VP][25H2][ICPS]ID0(Child process [10672 - IDBWM.exe] finished with 255) and ID7034(Intel Dynamic Bandwidth Management Service) shows up while running FSU long run test.[FR: 4/250,1.6%][1/1 Units]",ICPS,CFE_reviewed_issue,bt_software_piece_03_of_07_Steven.csv
"The ""key"" icon not appear after input AP password and connected",Killer,CFE_reviewed_issue,bt_software_piece_03_of_07_Steven.csv
Timeout does not work as UEFI spec in Intel UEFI BLE Driver,UEFI,CFE_reviewed_issue,bt_software_piece_03_of_07_Steven.csv
DID profile 1.3 version is not available,Connectivity,CFE_reviewed_issue,bt_software_piece_03_of_07_Steven.csv
AP selection (same SSID) take 3~4 mins to complete AP switch sometimes,Connectivity,CFE_reviewed_issue,bt_software_piece_03_of_07_Steven.csv
Tencent meeting is recognized as gaming app.,Killer,CFE_reviewed_issue,bt_software_piece_03_of_07_Steven.csv
"Toggling on ""Only show authorized networks"" causes app to crash - rarely",Killer,CFE_reviewed_issue,bt_software_piece_03_of_07_Steven.csv
ICPS borderless windows,ICPS,CFE_reviewed_issue,bt_software_piece_04_of_07_Wesley.csv
ICPS app is stopped and closed when changing settings,ICPS,CFE_reviewed_issue,bt_software_piece_04_of_07_Wesley.csv
Unnecessary BT LE Sideband device and YB,YB/Lost,CFE_reviewed_issue,bt_software_piece_04_of_07_Wesley.csv
"call active, R power off, L no sound for 5~10 sec",Connectivity,CFE_reviewed_issue,bt_software_piece_04_of_07_Wesley.csv
BT device lost and unknow USB device show yellow bang(code 43) after resuming from MS,YB/Lost,CFE_reviewed_issue,bt_software_piece_04_of_07_Wesley.csv
Bandwidth limitation is not taking effect after prioritization on/off/on cycle in settings,ICPS,CFE_reviewed_issue,bt_software_piece_04_of_07_Wesley.csv
A2DP Offload feature is enabled in JfP on TGL and HrP on ADL when feature is not supported.,Connectivity,CFE_reviewed_issue,bt_software_piece_04_of_07_Wesley.csv
Unable to run testharness tool on HostPC,OEM Tools,CFE_reviewed_issue,bt_software_piece_04_of_07_Wesley.csv
"SIT, Win11 x64 25H2, Bluetooth LE Audio VSAP - Stereo Render with Mono Capture related items failed on HLK kit not detected, FR: 5/5",HLK,CFE_reviewed_issue,bt_software_piece_04_of_07_Wesley.csv
Settings --> Change lowercase letters to uppercase for reset buttons strings,ICPS,CFE_reviewed_issue,bt_software_piece_04_of_07_Wesley.csv
BT Device missing - NO_SUCH_DEVICE,YB/Lost,CFE_reviewed_issue,bt_software_piece_04_of_07_Wesley.csv
"The units show BSOD(stop code:DRIVER_POWER_STATE_FALURE, bug check ID:0x9f) after restart.(F/R:1/2units, 1/6cycles).",BSOD,CFE_reviewed_issue,bt_software_piece_04_of_07_Wesley.csv
WHQL BT test fail,HLK,CFE_reviewed_issue,bt_software_piece_04_of_07_Wesley.csv
Killer intelligence Engine: Radio button fails color contrast.,Killer,CFE_reviewed_issue,bt_software_piece_04_of_07_Wesley.csv
MDUT Reconnection - HCI_Encription_Change increases the reconnection time,Connectivity,CFE_reviewed_issue,bt_software_piece_04_of_07_Wesley.csv
The RNIdle task remains in Task Scheduler after ICPS uninstallation,ICPS,CFE_reviewed_issue,bt_software_piece_04_of_07_Wesley.csv
"The button ""Reset"" all settings to default does not works.",ICPS,CFE_reviewed_issue,bt_software_piece_04_of_07_Wesley.csv
system hang while BE201 BT enable issue,System Hang,CFE_reviewed_issue,bt_software_piece_04_of_07_Wesley.csv
The BT switch show gray and BT function disappear,YB/Lost,CFE_reviewed_issue,bt_software_piece_04_of_07_Wesley.csv
[HP][SnowWhite/LNL/FmP][PCIe] Bluetooth LE Mouse can not be used during connected state. - [Connection timeout],Connectivity,CFE_reviewed_issue,bt_software_piece_04_of_07_Wesley.csv
Bluetooth Keyboard pairing failure,Connectivity,CFE_reviewed_issue,bt_software_piece_04_of_07_Wesley.csv
a blank parenthesis will appears in the ICPS Bluetooth device list after changing Bluetooth device name,ICPS,CFE_reviewed_issue,bt_software_piece_04_of_07_Wesley.csv
"ICPS Enablement bit not present installation, UI shows services disconnected, but does not show invalid platform message.",ICPS,CFE_reviewed_issue,bt_software_piece_04_of_07_Wesley.csv
Intel LNL RVP + GaP discrete offload fail to work (music no sound),Connectivity,CFE_reviewed_issue,bt_software_piece_04_of_07_Wesley.csv
Intel AX211 WLAN became hidden (code 45) in device manager after resume from sleep,YB/Lost,CFE_reviewed_issue,bt_software_piece_04_of_07_Wesley.csv
PC scan Speaker slowly with 100% duty,Performance,CFE_reviewed_issue,bt_software_piece_04_of_07_Wesley.csv
BT device lost during S4.,YB/Lost,CFE_reviewed_issue,bt_software_piece_04_of_07_Wesley.csv
ICPS cant be installed,ICPS,CFE_reviewed_issue,bt_software_piece_04_of_07_Wesley.csv
HLK DirectedFxSystemTest test fail,HLK,CFE_reviewed_issue,bt_software_piece_04_of_07_Wesley.csv
BT lost w/o any PLDR during coldboot testing. (FR: 1/41 unit),YB/Lost,CFE_reviewed_issue,bt_software_piece_04_of_07_Wesley.csv
The Bluetooth related device lost when using the MIKE II tool to run hibernate resume (manual resume) Fail Rate: 1unit 2/2 trials.,YB/Lost,CFE_reviewed_issue,bt_software_piece_04_of_07_Wesley.csv
AP used WEP connection fails on ICPS app.,ICPS,CFE_reviewed_issue,bt_software_piece_04_of_07_Wesley.csv
Win11(25H2)_Hybrid Stress_S4_Device_YB_Intel(R) Dual Bluetooth(R) PCI Enumerator.,YB/Lost,CFE_reviewed_issue,bt_software_piece_04_of_07_Wesley.csv
Frequent roaming observed during Teams meetings when ICPS is installed.,ICPS,CFE_reviewed_issue,bt_software_piece_04_of_07_Wesley.csv
LE anchor point and CIS 2nd and 3rd subevent overlaps,Connectivity,CFE_reviewed_issue,bt_software_piece_04_of_07_Wesley.csv
Unable to play any videos or music (online/local) after playing YouTube videos overnight,Connectivity,CFE_reviewed_issue,bt_software_piece_04_of_07_Wesley.csv
Connection Timeout,Connectivity,CFE_reviewed_issue,bt_software_piece_05_of_07_Leo.csv
25H2 HLK System Test with Bluetooth v23.160 PV,HLK,CFE_reviewed_issue,bt_software_piece_05_of_07_Leo.csv
BLE broadcast not found,Connectivity,CFE_reviewed_issue,bt_software_piece_05_of_07_Leo.csv
BT automatically disconnects when transferring 100M data file via BT with AX211 / Killer1675i card. FR: 8/10 cycle,Connectivity,CFE_reviewed_issue,bt_software_piece_05_of_07_Leo.csv
Alternate Data Stream Detected,Need-Triage,CFE_reviewed_issue,bt_software_piece_05_of_07_Leo.csv
ibtpci BSOD 0x7e while running TBT test (Thunderbolt test).,BSOD,CFE_reviewed_issue,bt_software_piece_05_of_07_Leo.csv
WHQL BT test fail,HLK,CFE_reviewed_issue,bt_software_piece_05_of_07_Leo.csv
ICPS app fails to upgrade SW driver from 1.1122 to 2.1022,ICPS,CFE_reviewed_issue,bt_software_piece_05_of_07_Leo.csv
HLK Bluetooth test item fail,HLK,CFE_reviewed_issue,bt_software_piece_05_of_07_Leo.csv
KIC app error message Unhandled exception has occurred in your application.,Killer,CFE_reviewed_issue,bt_software_piece_05_of_07_Leo.csv
Bluetooth headset is 3 meters away and the sound is lag,Performance,CFE_reviewed_issue,bt_software_piece_05_of_07_Leo.csv
MDUT Reconnection - HCI_Encription_Change increases the reconnection time.,Connectivity,CFE_reviewed_issue,bt_software_piece_05_of_07_Leo.csv
Late LE audio reconnection of second bud (Galaxy Buds2 Pro),Connectivity,CFE_reviewed_issue,bt_software_piece_05_of_07_Leo.csv
Intel Wireless Dual Bluetooth Device show Yellow Bang and BT-related Device lost after CB/S4/WB/S0i3. (F/R: 2/2u;1/30c),YB/Lost,CFE_reviewed_issue,bt_software_piece_05_of_07_Leo.csv
App crashes when navigating to Doubleshot tab,Killer,CFE_reviewed_issue,bt_software_piece_05_of_07_Leo.csv
ICPS 21.23.2115 .exe Install Wizard shows the No valid Dell hardware found error message on the HP system (non-English),ICPS,CFE_reviewed_issue,bt_software_piece_05_of_07_Leo.csv
Intel 9560 Wireless Bluetooth will show Yellow Bang during S3 stress test,YB/Lost,CFE_reviewed_issue,bt_software_piece_05_of_07_Leo.csv
Snap layout feature support,Killer,CFE_reviewed_issue,bt_software_piece_05_of_07_Leo.csv
"Play music with BT Headset/Speaker no sound, and device show yellow bang.",YB/Lost,CFE_reviewed_issue,bt_software_piece_05_of_07_Leo.csv
ENG build found BT YB after WB,YB/Lost,CFE_reviewed_issue,bt_software_piece_05_of_07_Leo.csv
BT Device will lost when idle in OS - lc_CmuHandleReceivedArqn_Fiq,YB/Lost,CFE_reviewed_issue,bt_software_piece_05_of_07_Leo.csv
Dell Smartbyte APP impact T-put,Performance,CFE_reviewed_issue,bt_software_piece_05_of_07_Leo.csv
KCC no Wi-Fi Score on Windows 11_XPS 13 7390.,ICPS,CFE_reviewed_issue,bt_software_piece_05_of_07_Leo.csv
MDUT Reconnection - HCI_Encription_Change increases the reconnection time,Connectivity,CFE_reviewed_issue,bt_software_piece_05_of_07_Leo.csv
"WHQL test , Bluetooth - HciExtensionsV2 (Development and Integration) test item fail.",HLK,CFE_reviewed_issue,bt_software_piece_05_of_07_Leo.csv
"ICPS 30.24.576 .exe installer fails to complete installation with wizard message ""All program components will be installed (Need more disk space)""",ICPS,CFE_reviewed_issue,bt_software_piece_05_of_07_Leo.csv
Noise is heard from BT headphone when other people speak during teams call.(BE201),Connectivity,CFE_reviewed_issue,bt_software_piece_05_of_07_Leo.csv
BT YB with high fail rate when Samsung launch Samsung DRTU test case in 404 4Xe3 - CNVI_AUX_A2A_EXCEPTION_IRQ,YB/Lost,CFE_reviewed_issue,bt_software_piece_05_of_07_Leo.csv
"Error message ""your speaker arent working"" pops ups when do video call by Teams with BT headset connected.",Connectivity,CFE_reviewed_issue,bt_software_piece_05_of_07_Leo.csv
"When ICPS shows Korean, text on the menu is truncated",ICPS,CFE_reviewed_issue,bt_software_piece_05_of_07_Leo.csv
Device Information Service - MDUT FW version doesnt match.,ICPS,CFE_reviewed_issue,bt_software_piece_05_of_07_Leo.csv
Intel Connect service says disconnected,ICPS,CFE_reviewed_issue,bt_software_piece_05_of_07_Leo.csv
Abnormal disconnection and connection failure.,Connectivity,CFE_reviewed_issue,bt_software_piece_06_of_07_Matt.csv
"The Killer app will hang after apply extend current network or create hotspot function in Killer Control Center app.(F/R:2/2 units,2/8 times)",Killer,CFE_reviewed_issue,bt_software_piece_06_of_07_Matt.csv
PC scan automotive slowly by 10% duty cycle,Performance,CFE_reviewed_issue,bt_software_piece_06_of_07_Matt.csv
Bluetooth headset fails to connect automatically after Windows is resume from shutdown,Connectivity,CFE_reviewed_issue,bt_software_piece_06_of_07_Matt.csv
"WHQL item ""Bluetooth - Initiate platform-level device reset"" test failed",HLK,CFE_reviewed_issue,bt_software_piece_06_of_07_Matt.csv
bluetooth mouse lag when cpu high loading,Performance,CFE_reviewed_issue,bt_software_piece_06_of_07_Matt.csv
CPU Exception occurs when BIOS starts with UEFI BLE Driver,UEFI,CFE_reviewed_issue,bt_software_piece_06_of_07_Matt.csv
BT exception causeDUT stuck at bootup screen for a long time) - Repeated Boot up events DSBR command,System Hang,CFE_reviewed_issue,bt_software_piece_06_of_07_Matt.csv
DUT OPP received picture will show abnormal if transferring files with BT headset music playing,Connectivity,CFE_reviewed_issue,bt_software_piece_06_of_07_Matt.csv
The sound has caton murmur when DUT play music with a bluetooth speaker,Connectivity,CFE_reviewed_issue,bt_software_piece_06_of_07_Matt.csv
":Error ID 1000(IDBWM.exe) was found during S4 stress test(F/R:1/13 units,1/1950 total trials) -- IDBWM+0xb4019",Killer,CFE_reviewed_issue,bt_software_piece_06_of_07_Matt.csv
Bluetooth driver missing,YB/Lost,CFE_reviewed_issue,bt_software_piece_06_of_07_Matt.csv
Missing AX1675,Killer,CFE_reviewed_issue,bt_software_piece_06_of_07_Matt.csv
LMP response timeout during LMP feature exchange on 22.200,Need-Triage,CFE_reviewed_issue,bt_software_piece_06_of_07_Matt.csv
Error in services activation causes a reboot after install / re-install / uninstall ICPS,ICPS,CFE_reviewed_issue,bt_software_piece_06_of_07_Matt.csv
Please help to check the log of ibtWikoCfaFeatureExt driver.,Connectivity,CFE_reviewed_issue,bt_software_piece_06_of_07_Matt.csv
BT SAR table in bios ACPI code problem,BIOS,CFE_reviewed_issue,bt_software_piece_06_of_07_Matt.csv
ABS - 0x139_a_GUARD_ICALL_CHECK_FAILURE_ibtpci!WlanInterfaceDereference While Device Not in Use,BSOD,CFE_reviewed_issue,bt_software_piece_06_of_07_Matt.csv
The BLE mouse cant reconnect resuming from MS,Connectivity,CFE_reviewed_issue,bt_software_piece_06_of_07_Matt.csv
HLK fail:Bluetooth - Initiate platform-level device reset,HLK,CFE_reviewed_issue,bt_software_piece_06_of_07_Matt.csv
HLK Bluetooth - Audio - Sink increase music volume with A2DP offload fail.,HLK,CFE_reviewed_issue,bt_software_piece_06_of_07_Matt.csv
"Using Bluetooth earphones to watch videos, the earphone sound is intermittent and there is a current sound",Connectivity,CFE_reviewed_issue,bt_software_piece_06_of_07_Matt.csv
- Killer 4.0 ISO/Over Clocking pop-up window doesnt have close X click on top right corner.,Killer,CFE_reviewed_issue,bt_software_piece_06_of_07_Matt.csv
Strange name of msi package appears when removing BT driver,Connectivity,CFE_reviewed_issue,bt_software_piece_06_of_07_Matt.csv
UUT report error message during run Winpvt S4/Reboot test when use bluetooth connect Wireless USB+Bluetooth Keyboard/Mouse.,YB/Lost,CFE_reviewed_issue,bt_software_piece_06_of_07_Matt.csv
"Connect BT headset to system, and then it will only show connected voice and the sound out put from PC speaker.",Connectivity,CFE_reviewed_issue,bt_software_piece_06_of_07_Matt.csv
Intel BE201 BT device lost and USB YB(code 43) in device manager,YB/Lost,CFE_reviewed_issue,bt_software_piece_06_of_07_Matt.csv
About Intel Killer software,Killer,CFE_reviewed_issue,bt_software_piece_06_of_07_Matt.csv
BT headset can not adjust audio volume,Connectivity,CFE_reviewed_issue,bt_software_piece_06_of_07_Matt.csv
ICPS Manual Interface configuration does not work,ICPS,CFE_reviewed_issue,bt_software_piece_06_of_07_Matt.csv
Sidebar icons cut off when resizing app window,Killer,CFE_reviewed_issue,bt_software_piece_06_of_07_Matt.csv
PC scan phone slowly with 100% duty,Performance,CFE_reviewed_issue,bt_software_piece_06_of_07_Matt.csv
Pista ARL BE201 Wireless Headset pause button is no function via Bluetooth.,Connectivity,CFE_reviewed_issue,bt_software_piece_06_of_07_Matt.csv
Teams call L and R earcup render not synced,Connectivity,CFE_reviewed_issue,bt_software_piece_06_of_07_Matt.csv
The pdb debug file exists in the package UWD\Win64\Drivers\ICPSComponent\Symbols directory,ICPS,CFE_reviewed_issue,bt_software_piece_06_of_07_Matt.csv
DUT 100% fail to bootup when BIOS BT config to PCIe (boot flow stuck at CNViBTConfig),BSOD,CFE_reviewed_issue,bt_software_piece_06_of_07_Matt.csv
The mouse quickly paired failed,Connectivity,CFE_reviewed_issue,bt_software_piece_06_of_07_Matt.csv
Change VR Network Status Polling Time,Killer,CFE_reviewed_issue,bt_software_piece_06_of_07_Matt.csv
Audio quality indicator is not shown when user is in Teams call,Connectivity,CFE_reviewed_issue,bt_software_piece_06_of_07_Matt.csv
BT enumerators and RFCOMM Protocol TDI disappears after hybridshutdown,YB/Lost,CFE_reviewed_issue,bt_software_piece_07_of_07_Yuwei (2).csv
Bluetooth headset has No Output Sound After PC Bluetooth Toggle (OFF/ON) 100% fail rate.,Connectivity,CFE_reviewed_issue,bt_software_piece_07_of_07_Yuwei (2).csv
HDUT not support Sniff Subrating Mode,Connectivity,CFE_reviewed_issue,bt_software_piece_07_of_07_Yuwei (2).csv
BLE launch fail,Connectivity,CFE_reviewed_issue,bt_software_piece_07_of_07_Yuwei (2).csv
BT driver lost,YB/Lost,CFE_reviewed_issue,bt_software_piece_07_of_07_Yuwei (2).csv
aging S4 TEST_BT Lost issue - NO_SUCH_DEVICE,YB/Lost,CFE_reviewed_issue,bt_software_piece_07_of_07_Yuwei (2).csv
Event log show WHEA warning BT will be YB after booting OS,YB/Lost,CFE_reviewed_issue,bt_software_piece_07_of_07_Yuwei (2).csv
Broadcast sending failed,Connectivity,CFE_reviewed_issue,bt_software_piece_07_of_07_Yuwei (2).csv
BLE data exchanged times in a connection interval,Connectivity,CFE_reviewed_issue,bt_software_piece_07_of_07_Yuwei (2).csv
Cannot find DUT Tile in TILE Mobile App (TMA) on the phone when DUT enter to S4/D2,Connectivity,CFE_reviewed_issue,bt_software_piece_07_of_07_Yuwei (2).csv
Device Information Service only includes PnPID and Manufacture name,Need-triage,CFE_reviewed_issue,bt_software_piece_07_of_07_Yuwei (2).csv
Bluetooth is switched on automatically after resuming from Hibernation.,Connectivity,CFE_reviewed_issue,bt_software_piece_07_of_07_Yuwei (2).csv
[Win10 HLK Bluetooth - 4LeSpecification (Development and Integration) cause BT lost and pop up a USB unknown device.,HLK,CFE_reviewed_issue,bt_software_piece_07_of_07_Yuwei (2).csv
"Stress_Wifi_S4, System event log show red color with Event ID 17(The local Bluetooth adapter has failed in an undetermined manner and will not be used). (F/R:2/25u,2/2500c)",YB/Lost,CFE_reviewed_issue,bt_software_piece_07_of_07_Yuwei (2).csv
TX timeout during ROM flow,Need-triage,CFE_reviewed_issue,bt_software_piece_07_of_07_Yuwei (2).csv
DRTUClient fails to connect using command line interface,OEM Tools,CFE_reviewed_issue,bt_software_piece_07_of_07_Yuwei (2).csv
PTL Killer install,Killer,CFE_reviewed_issue,bt_software_piece_07_of_07_Yuwei (2).csv
"When switch on and off Bluetooth Button repeatedly from the operation center, the BT button sometime is not working. At the same time, there is 0x9f BSOD when reboot the PC.",BSOD,CFE_reviewed_issue,bt_software_piece_07_of_07_Yuwei (2).csv
Bluetooth Yellow Bang (error 43) after reboot; fatal BT controller exception and PLDR failure on Panther Lake (AX211) - CNVI_AUX_A2A_EXCEPTION_IRQ,YB/Lost,CFE_reviewed_issue,bt_software_piece_07_of_07_Yuwei (2).csv
BSOD_0x7E(stop code:SYSTEM_THREAD_EXCEPTION_NOT_HANDLED) occurred when run PassMark BurnIn Test.,BSOD,CFE_reviewed_issue,bt_software_piece_07_of_07_Yuwei (2).csv
BT sar table value not align the ant tool query result,OEM Tools,CFE_reviewed_issue,bt_software_piece_07_of_07_Yuwei (2).csv
Bluetooth headphone only have audio no MIC function,Connectivity,CFE_reviewed_issue,bt_software_piece_07_of_07_Yuwei (2).csv
BE200 YB after S4 resume,YB/Lost,CFE_reviewed_issue,wifi_tools_piece_02_of_07_Frankyang (2).csv
WiFi profile not showing expected 11ax in Protocol after changing wireless modes in properties,Connectivity,CFE_reviewed_issue,wifi_tools_piece_02_of_07_Frankyang (2).csv
T-put HL TX issue,Performance,CFE_reviewed_issue,wifi_tools_piece_02_of_07_Frankyang (2).csv
Decision low value will over decision high and system always detect human after SPD,Sensing,CFE_reviewed_issue,wifi_tools_piece_02_of_07_Frankyang (2).csv
"System hangs ~90s after wrong Wi-Fi password entered on CSR interface (Spider Peak 2 Scorpius, Win11 25H2)",Connectivity,CFE_reviewed_issue,wifi_tools_piece_02_of_07_Frankyang (2).csv
Theres no corresponding assert log folder generated but system event log show 5002/5005 during stress Cold Boot Test,YB/Lost,CFE_reviewed_issue,wifi_tools_piece_02_of_07_Frankyang (2).csv
BSoD point to vwifibus.sys druing S4 stress test,BSOD,CFE_reviewed_issue,wifi_tools_piece_02_of_07_Frankyang (2).csv
802.11AX MCS6 and BE MCS11 with LDPC Sensitivity is not met EPS Performance,Performance,CFE_reviewed_issue,wifi_tools_piece_02_of_07_Frankyang (2).csv
Wi-Fi sinewave function of DRTU tool is not working (BE211 QS),OEM Tools,CFE_reviewed_issue,wifi_tools_piece_02_of_07_Frankyang (2).csv
"The WIFI assert _0x3706 and 0x22d2 happening cause to network disconnected during wechat video callevent log show wifi ""5002"". Fail rate: 1/109 units",Connectivity,CFE_reviewed_issue,wifi_tools_piece_02_of_07_Frankyang (2).csv
other PC connect hotspot occur auto disconnect after PC connect 5G AP and open hotspot(setting 2.4 bandwidth),P2P,CFE_reviewed_issue,wifi_tools_piece_02_of_07_Frankyang (2).csv
Wi-Fi sensing WOA&WAL distance exceeds Intel KPI,Sensing,CFE_reviewed_issue,wifi_tools_piece_02_of_07_Frankyang (2).csv
HookeD projection MatePad Pro audio freeze,System Hang,CFE_reviewed_issue,wifi_tools_piece_02_of_07_Frankyang (2).csv
DUT end up to black screen and system hang during running modern standby test,System Hang,CFE_reviewed_issue,wifi_tools_piece_02_of_07_Frankyang (2).csv
Sink PC show lag or garbage when test PC projecting to PC and play local video,P2P,CFE_reviewed_issue,wifi_tools_piece_02_of_07_Frankyang (2).csv
DRTU show Tx Uncalibrated issue,OEM Tools,CFE_reviewed_issue,wifi_tools_piece_02_of_07_Frankyang (2).csv
Intel BE200 Wi-Fi 7 Adapter Driver causing BSOD 0x124 WHEA_UNCORRECTABLE_ERROR,BSOD,CFE_reviewed_issue,wifi_tools_piece_02_of_07_Frankyang (2).csv
"Batterylife_Battery Leackage_Unit show blue screen(Stop code: DRICER_POWER_START. (F/R: 1/3units,1/3cycles)",BSOD,CFE_reviewed_issue,wifi_tools_piece_02_of_07_Frankyang (2).csv
"There is no ""PXE boot option"" in the boot menu with UEFI driver 3.2.23.23213",UEFI,CFE_reviewed_issue,wifi_tools_piece_02_of_07_Frankyang (2).csv
"Mobile hotspot channel changed, the system reconnect failed",P2P,CFE_reviewed_issue,wifi_tools_piece_02_of_07_Frankyang (2).csv
Reset/Recovery instances due to different asserts 0x3030 during Disconnected Standby/Hibernate test,YB/Lost,CFE_reviewed_issue,wifi_tools_piece_02_of_07_Frankyang (2).csv
WOA cant work after enter MS,Sensing,CFE_reviewed_issue,wifi_tools_piece_02_of_07_Frankyang (2).csv
we can not scan the 6E AP channels while applied country code as US.,Connectivity,CFE_reviewed_issue,wifi_tools_piece_02_of_07_Frankyang (2).csv
System WHQL- System - PNP (disable and enable) with IO Before and After (Reliability) fail due to BSOD,BSOD,CFE_reviewed_issue,wifi_tools_piece_02_of_07_Frankyang (2).csv
IWFT enters non-functional state for long run with WiFi Disabled,OEM Tools,CFE_reviewed_issue,wifi_tools_piece_02_of_07_Frankyang (2).csv
AX411 QS sample 6e tx power lock at 7.5dB,OEM Tools,CFE_reviewed_issue,wifi_tools_piece_02_of_07_Frankyang (2).csv
[Honor][Luxshare][RPL-HX][AX201 1216][Nvwa][EVT][Schematic][#1],Need-Triage,CFE_reviewed_issue,wifi_tools_piece_02_of_07_Frankyang (2).csv
[Lenovo/Consumer][LCFC][PTL484][BE211][1216][C911][EVT][Schematic][575882review],Need-Triage,CFE_reviewed_issue,wifi_tools_piece_02_of_07_Frankyang (2).csv
SPD sometime cannot work even when sitting upright,Sensing,CFE_reviewed_issue,wifi_tools_piece_02_of_07_Frankyang (2).csv
Wake on approach functionality fails to wake the test unit from MS in HB,Sensing,CFE_reviewed_issue,wifi_tools_piece_02_of_07_Frankyang (2).csv
SW/HW drips cant meet the 95% standard when connecting Internet and entering MS.,Power Consumption,CFE_reviewed_issue,wifi_tools_piece_02_of_07_Frankyang (2).csv
"not able to run ""Margin Test"" with CITU tool",OEM Tools,CFE_reviewed_issue,wifi_tools_piece_02_of_07_Frankyang (2).csv
Wi-Fi low tpt on 6Ghz 11be 320MHz bandwidth,Performance,CFE_reviewed_issue,wifi_tools_piece_02_of_07_Frankyang (2).csv
WiFi was disconnected as resuming from modem standby.,Power Consumption,CFE_reviewed_issue,wifi_tools_piece_02_of_07_Frankyang (2).csv
verify Teams Video call with volume change,Need-Triage,CFE_reviewed_issue,wifi_tools_piece_02_of_07_Frankyang (2).csv
"DRTU fail to switch to Packet Type ""2M Bandwidth"" 100%",OEM Tools,CFE_reviewed_issue,wifi_tools_piece_02_of_07_Frankyang (2).csv
Reset/Recovery seen during disconnected standby due to ASSERT_21000DAD,YB/Lost,CFE_reviewed_issue,wifi_tools_piece_02_of_07_Frankyang (2).csv
TPT degration on end customer site.,Performance,CFE_reviewed_issue,wifi_tools_piece_02_of_07_Frankyang (2).csv
Debugging the antenna performance parameters of the WIFI Sensor waking up the PC under MS,Sensing,CFE_reviewed_issue,wifi_tools_piece_02_of_07_Frankyang (2).csv
"BSOD(0x9F_4_PCI_Netwtw14_IMAGE_pci.sys) come from MSFT ""Never Crash""",BSOD,CFE_reviewed_issue,wifi_tools_piece_02_of_07_Frankyang (2).csv
Driver cannot read DSM function by ACPI source,BIOS,CFE_reviewed_issue,wifi_tools_piece_03_of_07_FrankLee.csv
P2P pairing - GO finding failure.,P2P,CFE_reviewed_issue,wifi_tools_piece_03_of_07_FrankLee.csv
"DRTU commands work fine after OTP commit, but fail before OTP write.",OEM Tools,CFE_reviewed_issue,wifi_tools_piece_03_of_07_FrankLee.csv
WLAN card AX201 test CITU tool would have 0x31B Assert,YB/Lost,CFE_reviewed_issue,wifi_tools_piece_03_of_07_FrankLee.csv
"[Haier][Wingtech][G1][ADL-P][Ax210][21H2]With the PC connection to the WiFi for a long-time suspension test, the WLAN driver has a loss problem [3 / 3]",Connectivity,CFE_reviewed_issue,wifi_tools_piece_03_of_07_FrankLee.csv
[Dell][RPLS][CSLP][Widowmaker MLK][WW18]observed Driver log errors pointing Wi-Fi Driver during S4 and S5 cycling [fw assert0x315],YB/Lost,CFE_reviewed_issue,wifi_tools_piece_03_of_07_FrankLee.csv
"When connecting to a 6GHz AP, UHB is being used for SPD.",Sensing,CFE_reviewed_issue,wifi_tools_piece_03_of_07_FrankLee.csv
Device Lost issue - 0x152e,YB/Lost,CFE_reviewed_issue,wifi_tools_piece_03_of_07_FrankLee.csv
WiFi TX power above SAR table limit in user mode after Airplane mode on\off,RF,CFE_reviewed_issue,wifi_tools_piece_03_of_07_FrankLee.csv
DRTU 2.4GHz testing 100% on 4/11 DUT not work with 23.165 assert 0x2010121E,YB/Lost,CFE_reviewed_issue,wifi_tools_piece_03_of_07_FrankLee.csv
WRT can not function for Killer Module,OEM Tools,CFE_reviewed_issue,wifi_tools_piece_03_of_07_FrankLee.csv
Conducted TX spectrum Mask fail IEEE specification,RF,CFE_reviewed_issue,wifi_tools_piece_03_of_07_FrankLee.csv
Cannot wake from S3 by EMA server.,WowLAN,CFE_reviewed_issue,wifi_tools_piece_03_of_07_FrankLee.csv
multiple roamings in stationary environment,Connectivity,CFE_reviewed_issue,wifi_tools_piece_03_of_07_FrankLee.csv
DDD log cant deocode,Need-Triage,CFE_reviewed_issue,wifi_tools_piece_03_of_07_FrankLee.csv
ibterverify version error,OEM Tools,CFE_reviewed_issue,wifi_tools_piece_03_of_07_FrankLee.csv
Killer FmP2 marketing name incorrect in driver,Killer,CFE_reviewed_issue,wifi_tools_piece_03_of_07_FrankLee.csv
WB with SYSTEM_THREAD_EXCEPTION_NOT_HANDLED,BSOD,CFE_reviewed_issue,wifi_tools_piece_03_of_07_FrankLee.csv
WLAN device shows YB after resuming from S4/MS - FW assert 0x13ce,YB/Lost,CFE_reviewed_issue,wifi_tools_piece_03_of_07_FrankLee.csv
WRT prevents removal of BT device on device error,OEM Tools,CFE_reviewed_issue,wifi_tools_piece_03_of_07_FrankLee.csv
WRT2G WRT_CNV_BIOS_Conf.json cant parsing PPAG Revision3 UEFI variable content,OEM Tools,CFE_reviewed_issue,wifi_tools_piece_03_of_07_FrankLee.csv
BIOS SAR table not correct,BIOS,CFE_reviewed_issue,wifi_tools_piece_03_of_07_FrankLee.csv
S4 loop test BSOD 0x9Fdump file related to wifi,BSOD,CFE_reviewed_issue,wifi_tools_piece_03_of_07_FrankLee.csv
"WLAN sometimes do not show 2 MLO links but only 1 link with the command ""netsh wlan show i"" after MLO AP is connected (F/R: 3/10)",Connectivity,CFE_reviewed_issue,wifi_tools_piece_03_of_07_FrankLee.csv
BSOD due to stack overflow error.,BSOD,CFE_reviewed_issue,wifi_tools_piece_03_of_07_FrankLee.csv
Reset/Recovery seen during disconnected standby due to ASSERT_00002B87 on Multiple routers,YB/Lost,CFE_reviewed_issue,wifi_tools_piece_03_of_07_FrankLee.csv
DRTU needs the GMPD readback API to provide correct temperature details,OEM Tools,CFE_reviewed_issue,wifi_tools_piece_03_of_07_FrankLee.csv
"Connect the wifi Network and play Online Video , Unit occur 0x9f BSOD point to 0x9F_VRF_3_Netwtw10_IMAGE_pci.sys",BSOD,CFE_reviewed_issue,wifi_tools_piece_03_of_07_FrankLee.csv
"Frequent assert 0x4446 when host is sharing the 5G hotspot, 3/3Units, 3/3cycles in noisy environment",YB/Lost,CFE_reviewed_issue,wifi_tools_piece_03_of_07_FrankLee.csv
CNVio Marginal Test Fail with CITU tool,OEM Tools,CFE_reviewed_issue,wifi_tools_piece_03_of_07_FrankLee.csv
Netwtw10!dclReadFwMemApi+0x87 when run MS stress(DPPM: 100),BSOD,CFE_reviewed_issue,wifi_tools_piece_03_of_07_FrankLee.csv
The WoWLAN support behavior,WowLAN,CFE_reviewed_issue,wifi_tools_piece_03_of_07_FrankLee.csv
WiFi adapter fails to perform OKC fast roam after missing Beacons detected.,Connectivity,CFE_reviewed_issue,wifi_tools_piece_03_of_07_FrankLee.csv
WiFi YB or WiFi lost,YB/Lost,CFE_reviewed_issue,wifi_tools_piece_03_of_07_FrankLee.csv
TX power value is incorrect,RF,CFE_reviewed_issue,wifi_tools_piece_03_of_07_FrankLee.csv
SIP126564 - 840 G10 / Win 11 22H2 / Nestle / NA / PC US / 211 WLAN stuck in code,System Hang,CFE_reviewed_issue,wifi_tools_piece_03_of_07_FrankLee.csv
SW/HW Drip is too low during ModernStandby,Power Consumption,CFE_reviewed_issue,wifi_tools_piece_03_of_07_FrankLee.csv
"After install WRT tool, enter S4 , resume from S4 , boot to desktop , cant adjust brightness immediately around 15 sec",OEM Tools,CFE_reviewed_issue,wifi_tools_piece_04_of_07_KJ (2).csv
"[HP][RPL][AX211][Roc][Win11][22H2][BSOD][0x9F]: The unit cant be resume and ""9f""BSOD occure when resume unit from MS - Wdf01000!FxIoTarget::Send+0x17 [minkernel\wdf\framework\shared\inc\private\km\FxIoTargetKm.hpp @ 268]",BSOD,CFE_reviewed_issue,wifi_tools_piece_04_of_07_KJ (2).csv
WRT does not make logs on the korean machine names.,OEM Tools,CFE_reviewed_issue,wifi_tools_piece_04_of_07_KJ (2).csv
UEFI Wi-Fi authentication issue,UEFI,CFE_reviewed_issue,wifi_tools_piece_04_of_07_KJ (2).csv
"Roaming failed twice, with two failed attempts to reconnect to the 5G hotspot. F/R: 1/1u, 2/50C",Connectivity,CFE_reviewed_issue,wifi_tools_piece_04_of_07_KJ (2).csv
"add result for ANT tool ""-get_per_country_6e_bios_settings""",OEM Tools,CFE_reviewed_issue,wifi_tools_piece_04_of_07_KJ (2).csv
"0x28af/0x10028af and AP disconnect when ""MS<--->Resume"" stress test",BSOD,CFE_reviewed_issue,wifi_tools_piece_04_of_07_KJ (2).csv
WiFi-PPAG power increase is limited,UEFI,CFE_reviewed_issue,wifi_tools_piece_04_of_07_KJ (2).csv
0x9F WLAN BSOD,BSOD,CFE_reviewed_issue,wifi_tools_piece_04_of_07_KJ (2).csv
WiFi drops intermittently while on a teams call,Connectivity,CFE_reviewed_issue,wifi_tools_piece_04_of_07_KJ (2).csv
Intermittent YB,YB/Lost,CFE_reviewed_issue,wifi_tools_piece_04_of_07_KJ (2).csv
VLP support on Brazil,UEFI,CFE_reviewed_issue,wifi_tools_piece_04_of_07_KJ (2).csv
The system wakes when a person walks 1.2m horizontally behind it,Sensing,CFE_reviewed_issue,wifi_tools_piece_04_of_07_KJ (2).csv
BE211 conductive T-PUT Rx is unexpected.,Performance,CFE_reviewed_issue,wifi_tools_piece_04_of_07_KJ (2).csv
The 6GHz frequency band can be searched when use Intel WLAN card without any setting.,Connectivity,CFE_reviewed_issue,wifi_tools_piece_04_of_07_KJ (2).csv
BSOD point to 0x9F_3_IMAGE_Netwtw14.sys (from MSFT never crash),BSOD,CFE_reviewed_issue,wifi_tools_piece_04_of_07_KJ (2).csv
System hang on black screen during S3/S4/S5 test WinPVT,System Hang,CFE_reviewed_issue,wifi_tools_piece_04_of_07_KJ (2).csv
Mobile hotspot cannot be opened when selecting 5GHz band,Connectivity,CFE_reviewed_issue,wifi_tools_piece_04_of_07_KJ (2).csv
BSOD 0x7e occurred during running MS.,BSOD,CFE_reviewed_issue,wifi_tools_piece_04_of_07_KJ (2).csv
"Stress-MS, BE211 320MHZ caused SW&HW drips(SW:2%/HW:2%) not meet SPEC(90%).",Power Consumption,CFE_reviewed_issue,wifi_tools_piece_04_of_07_KJ (2).csv
WHEA error in event log after reboot (F/R:100%),Need-Triage,CFE_reviewed_issue,wifi_tools_piece_04_of_07_KJ (2).csv
SIP126226 - 1040 G11/Win11 24H2/NA/PC US/Intel WLAN driver causes 0xa bug check,BSOD,CFE_reviewed_issue,wifi_tools_piece_04_of_07_KJ (2).csv
There is Event ID 5002 - assert 0x28bf - in log after running WiFi Connection Reliability test.,YB/Lost,CFE_reviewed_issue,wifi_tools_piece_04_of_07_KJ (2).csv
P2P pairing failure as it didnt attempt to connect to the Group Owner (GO).,P2P,CFE_reviewed_issue,wifi_tools_piece_04_of_07_KJ (2).csv
Merino16W PV report WLAN YB code 10,YB/Lost,CFE_reviewed_issue,wifi_tools_piece_04_of_07_KJ (2).csv
UEFI Wi-Fi no function.,UEFI,CFE_reviewed_issue,wifi_tools_piece_04_of_07_KJ (2).csv
"0x28af/0x32d occurred when doing ""MS<-->Resume"" stress test",BSOD,CFE_reviewed_issue,wifi_tools_piece_04_of_07_KJ (2).csv
WIFI 7 blocked SW Drips 0,Power Consumption,CFE_reviewed_issue,wifi_tools_piece_04_of_07_KJ (2).csv
Use SKILL instead of XML for applying DRC,Need-Triage,CFE_reviewed_issue,wifi_tools_piece_04_of_07_KJ (2).csv
"BSOD:0x9F(0x9F_3_Netwaw16_IMAGE_pci.sys) happened resume from MS, FR: 1/10Units, 1/93cycles",BSOD,CFE_reviewed_issue,wifi_tools_piece_04_of_07_KJ (2).csv
MEI BSOD DRIVER_POWER_STATE_FAILURE (9f) cause by WiMan,BSOD,CFE_reviewed_issue,wifi_tools_piece_04_of_07_KJ (2).csv
TAS test failed,UEFI,CFE_reviewed_issue,wifi_tools_piece_04_of_07_KJ (2).csv
Miracast channel does not align with BSS channel,P2P,CFE_reviewed_issue,wifi_tools_piece_04_of_07_KJ (2).csv
unable to create GO on 5G bandwidth low frequency channels,P2P,CFE_reviewed_issue,wifi_tools_piece_04_of_07_KJ (2).csv
WLAN Device show YB in device manager.,YB/Lost,CFE_reviewed_issue,wifi_tools_piece_04_of_07_KJ (2).csv
TAS function no trigger issue,BIOS,CFE_reviewed_issue,wifi_tools_piece_04_of_07_KJ (2).csv
"SUT cant search for 5.0GHz Wi-Fi after setting ""Wi-Fi Channel"" to 165 and then idling for about 2 minutes.",Connectivity,CFE_reviewed_issue,wifi_tools_piece_04_of_07_KJ (2).csv
P2P Pairing Failure,P2P,CFE_reviewed_issue,wifi_tools_piece_04_of_07_KJ (2).csv
The wifi will disconnect when enter to MS,P2P,CFE_reviewed_issue,wifi_tools_piece_04_of_07_KJ (2).csv
Miracast use CH165 which is not supported by the TV,P2P,CFE_reviewed_issue,wifi_tools_piece_04_of_07_KJ (2).csv
"Opening and ending tag mismatch on ""LPI"" in PowerTable output",Connectivity,CFE_reviewed_issue,wifi_tools_piece_04_of_07_KJ (2).csv
Different version of tool on same device at the same time will cause connection failed,OEM Tools,CFE_reviewed_issue,wifi_tools_piece_04_of_07_KJ (2).csv
UEFI-Release-221522232 function Scan error.,UEFI,CFE_reviewed_issue,wifi_tools_piece_04_of_07_KJ (2).csv
BSOD(Point to intelppm.sys) during installing BE200 driver.(F/R: 100%),BSOD,CFE_reviewed_issue,wifi_tools_piece_04_of_07_KJ (2).csv
PAD mouse operate lag from PAD to PC move after PC and Pad multi-screen synergy through Huawei Butler(HUAWEI PC manager),P2P,CFE_reviewed_issue,wifi_tools_piece_06_of_07_Zhiqiang (2).csv
WiFi Direct discovery & connection to peer takes a long time as ICPS installed.,ICPS,CFE_reviewed_issue,wifi_tools_piece_06_of_07_Zhiqiang (2).csv
BSOD 0xD1 happens when running Intel PETS PM_ST_6,BSOD,CFE_reviewed_issue,wifi_tools_piece_06_of_07_Zhiqiang (2).csv
AX101 WiFi throughput drop when BT is enabled but not connected to BT device,Performance/Coex,CFE_reviewed_issue,wifi_tools_piece_06_of_07_Zhiqiang (2).csv
The 2.4G network auto disconnect after connect USB wireless keyboard and mouse under about -70dBm RSSl.,Connectivity,CFE_reviewed_issue,wifi_tools_piece_06_of_07_Zhiqiang (2).csv
"Event ERROR ID 5002, 5005, 5007: Netwaw16 happened while S0 Idle",YB/Lost,CFE_reviewed_issue,wifi_tools_piece_06_of_07_Zhiqiang (2).csv
P178G002/P179G002 update KC Wifi 7,Connectivity,CFE_reviewed_issue,wifi_tools_piece_06_of_07_Zhiqiang (2).csv
Wi-Fi Sensing UEFI variable does not work,BIOS,CFE_reviewed_issue,wifi_tools_piece_06_of_07_Zhiqiang (2).csv
CITU not work with 23.165,OEM Tools,CFE_reviewed_issue,wifi_tools_piece_06_of_07_Zhiqiang (2).csv
Wireless WiFi is lost on 23.160,YB/Lost,CFE_reviewed_issue,wifi_tools_piece_06_of_07_Zhiqiang (2).csv
BSOD occurred when running restart Test+AP/LAN+ACDC,BSOD,CFE_reviewed_issue,wifi_tools_piece_06_of_07_Zhiqiang (2).csv
PPAG Fucntion Porting,RF,CFE_reviewed_issue,wifi_tools_piece_06_of_07_Zhiqiang (2).csv
NP50RW NB playing MV lag during Wi-Fi WIDI,P2P,CFE_reviewed_issue,wifi_tools_piece_06_of_07_Zhiqiang (2).csv
ADL-S CITU tool cant run with AX201,OEM Tools,CFE_reviewed_issue,wifi_tools_piece_06_of_07_Zhiqiang (2).csv
PC didnt receive packets from android several times so android device finally decided to disconnect from PC.,P2P,CFE_reviewed_issue,wifi_tools_piece_06_of_07_Zhiqiang (2).csv
BUGCODE_NDIS_DRIVER_LIVE_DUMP (15e) during PST testing,BSOD,CFE_reviewed_issue,wifi_tools_piece_06_of_07_Zhiqiang (2).csv
WD NMI (0x34) - interrupts were not called for 200 ms,YB/Lost,CFE_reviewed_issue,wifi_tools_piece_06_of_07_Zhiqiang (2).csv
The system is connected to a Wireless Display TV and the video playback is stuck or Screen freezes,P2P,CFE_reviewed_issue,wifi_tools_piece_06_of_07_Zhiqiang (2).csv
ChainB power is different from BIOS SAR setting,RF,CFE_reviewed_issue,wifi_tools_piece_06_of_07_Zhiqiang (2).csv
The 6G Wi-Fi list cannot be found after changing the MCC to US through ANT tool,Connectivity,CFE_reviewed_issue,wifi_tools_piece_06_of_07_Zhiqiang (2).csv
11N 20MHz conductive throughput 95db attenuation fail,Performance,CFE_reviewed_issue,wifi_tools_piece_06_of_07_Zhiqiang (2).csv
Z93 WiFi 5Ghz band 160M-BW DFS fail issue,Connectivity,CFE_reviewed_issue,wifi_tools_piece_06_of_07_Zhiqiang (2).csv
UEFI variable display,UEFI,CFE_reviewed_issue,wifi_tools_piece_06_of_07_Zhiqiang (2).csv
"The result show fail when running Stress-WiFi Ping (S4) test.(F/R:11/40units,13/4000cycles)",Connectivity,CFE_reviewed_issue,wifi_tools_piece_06_of_07_Zhiqiang (2).csv
Random disconnect seen,Connectivity,CFE_reviewed_issue,wifi_tools_piece_06_of_07_Zhiqiang (2).csv
wifi icon lost and the system hang when ESD test,System Hang,CFE_reviewed_issue,wifi_tools_piece_06_of_07_Zhiqiang (2).csv
"When set router 2.4G/5G wifi authentication type: WPA-PSA and RF mode:802.11b/g/n/ax,after the machine connect it and display 802.11n instead of 802.11ax(F/R:3/3 6/6cycles)",Connectivity,CFE_reviewed_issue,wifi_tools_piece_06_of_07_Zhiqiang (2).csv
Intermittent unexplained low downlink throughput,Performance,CFE_reviewed_issue,wifi_tools_piece_06_of_07_Zhiqiang (2).csv
"WIFI show YB(Assert_0x20104009/20100505) when run CB.(F/R 1/1 UUTs, 5/200Cycles)",YB/Lost,CFE_reviewed_issue,wifi_tools_piece_06_of_07_Zhiqiang (2).csv
UefiCnvWlanWRDS value can be read by WRT but no function.,BIOS,CFE_reviewed_issue,wifi_tools_piece_06_of_07_Zhiqiang (2).csv
BSOD-0x7E issue when enable SAR table,BSOD,CFE_reviewed_issue,wifi_tools_piece_06_of_07_Zhiqiang (2).csv
wireless connection and network performance issues,Connectivity,CFE_reviewed_issue,wifi_tools_piece_06_of_07_Zhiqiang (2).csv
System hang on ASUS logo by BitLocker Network unlock function with UEFI-Release-221522272.,UEFI,CFE_reviewed_issue,wifi_tools_piece_06_of_07_Zhiqiang (2).csv
Ant Tool DLL ERROR,OEM Tools,CFE_reviewed_issue,wifi_tools_piece_06_of_07_Zhiqiang (2).csv
"when an AP is connected, DUT wakes up intermittently without human detection",Sensing,CFE_reviewed_issue,wifi_tools_piece_06_of_07_Zhiqiang (2).csv
FmP2 got lower RX TPT against Netgear RS700 than GaP2,Performance,CFE_reviewed_issue,wifi_tools_piece_06_of_07_Zhiqiang (2).csv
Windows UI and netsh keep showing old channel and Band . After the DUT connected mobile hotspot switches from the 2.4G band to the 5G band,Connectivity,CFE_reviewed_issue,wifi_tools_piece_06_of_07_Zhiqiang (2).csv
"During PVT testing , one unit meet BSOD 9F 0x9F_4_vwifimp_Netwtw10_IMAGE_vwifibus.sys",BSOD,CFE_reviewed_issue,wifi_tools_piece_06_of_07_Zhiqiang (2).csv
PX AX210 Wifi 6G _DSM support_OEM,BIOS,CFE_reviewed_issue,wifi_tools_piece_06_of_07_Zhiqiang (2).csv
SPD not working < 30cm from edge of laptop but isolation is good,Sensing,CFE_reviewed_issue,wifi_tools_piece_06_of_07_Zhiqiang (2).csv
Cannot connect to WPA2 Enterprise via UEFI,UEFI,CFE_reviewed_issue,wifi_tools_piece_06_of_07_Zhiqiang (2).csv
Connectivity failure. 0x8FE assert seen in corporate environment. Customer suspects roaming from 40MHz to 80MHz network,Connectivity,CFE_reviewed_issue,wifi_tools_piece_06_of_07_Zhiqiang (2).csv
