issue_year,jira_id,jira_is_sw_change,ips_title,technology,platform,jira_platform,ips_platform,ips_created_date,ips_closed_date,ips_priority,deduced_issue_category,category_confidence,jira_exposure
2023,,,"[Lenovo ThinkPad JP][LCFC][ Griffin,Roc intel][AX211] The Bluetooth speaker has no sound after Plug(Unplug)  AC adapter",BT,(missing),,,2023-01-02 22:12:00,2023-03-27 00:00:00,,Connectivity,0.2133,(missing)
2023,,,"[Lenovo-IdeaPad][RPL][SV2][Yogabook9][win11][SIT][GFP]BT searched one or two devices in ""add a device "" page after unit connect other BT",BT,Raptor Lake Client Platforms,,Raptor Lake Client Platforms,2023-01-07 18:27:00,2023-03-07 00:00:00,,Connectivity,0.1582,(missing)
2023,,,[Lenovo-Thinkpad][lynx][YMT][AX201][TP X13 Yoga Gen2]:Wi-Fi connectivity issue,WiFi,(missing),,,2023-01-15 23:57:00,2023-03-13 00:00:00,,Performance,0.1567,(missing)
2023,,,[Lenovo ThinkPad JP][LCFC][Mercury3Mars3Intel][AX201]Wifi connection frequently disconnected / unstable on ThinkPad E14 Gen4(Intel model) with Intel AX201 card,WiFi,(missing),,,2023-01-27 22:38:00,2023-03-13 00:00:00,,Performance,0.1258,(missing)
2023,,,[Lenovo-IdeaPad][RPL][SV2][Yogabook9][win11][SIT][GFP]Cannot transfer file when exchange file(BT transfer) with unpaired PC.(F/R:1/3units;2/6cycles),BT,Raptor Lake Client Platforms,,Raptor Lake Client Platforms,2023-01-29 18:55:00,2023-03-07 00:00:00,,Connectivity,0.1612,(missing)
2023,,,[Lenovo ThinkPad JP][LCFC][Tiger Serval intel][AX201] Issue happened when customer was moving machines (Maybe related with roaming),WiFi,(missing),,,2023-01-30 01:35:00,2023-03-13 00:00:00,,Performance,0.1345,(missing)
2023,,,[Thinkpad][Fenrir2][RPL][AX201]Screen glitch / lag when project smartphone to PC,WiFi,Raptor Lake Client Platforms,,Raptor Lake Client Platforms,2023-01-31 19:28:00,2023-02-09 00:00:00,,P2P,0.2664,(missing)
2023,,,"[Lenovo-Ideapad][Compal][S580-14&16 IRL H45 SIT] AX211:Unit show ""No WI-FI network found"" in action center.(F/R:1/2)",WiFi,(missing),,,2023-02-01 00:57:00,2023-05-08 00:00:00,,Connectivity,0.1152,(missing)
2023,,,"[Lenovo IdeaPad][Inhouse][Y980][RPL][Win11][FVT]  Connect keyboard , show connected and quickly change to paired",BT,Raptor Lake Client Platforms,,Raptor Lake Client Platforms,2023-02-01 00:23:00,2023-03-21 00:00:00,,Connectivity,0.1954,(missing)
2023,,false,[Lenovo-IdeaPad][MTL][SV2][S580-16pro][win11][GFP] AX211 YB after resume from S4 (Connected with AP then go to S4),WiFi,Meteor Lake,,Meteor Lake,2023-02-05 22:10:00,2023-03-21 00:00:00,Medium,YB/Lost,0.1377,3-Medium
2023,,false,[Jaguar-3][GarfieldPeak2][Raptorlake] Yellow Bang encountered on WLAN device,WiFi,Raptor Lake Client Platforms,,Raptor Lake Client Platforms,2023-02-05 20:34:00,2023-03-09 00:00:00,Critical,YB/Lost,0.1948,1-Critical
2023,,,[Lenovo-IdeaPad][RPL][SV2][Yogabook9][win11][SIT][GFP]sometimes show bluetooth YB,BT,Raptor Lake Client Platforms,,Raptor Lake Client Platforms,2023-02-07 16:59:00,2023-03-21 00:00:00,,Connectivity,0.1794,(missing)
2023,,,[Lenovo-ideaPad][LCFC][S580][intel MTL][Intel ax211] conductive throughput fail,WiFi,Meteor Lake,,Meteor Lake,2023-02-12 23:32:00,2023-03-21 00:00:00,,Performance,0.127,(missing)
2023,,,[Thinkpad L13-G3][DOA][AX201]wifi disconnected randomly in customer environment,WiFi,(missing),,,2023-02-13 01:12:00,2023-03-21 00:00:00,,Performance,0.1279,(missing)
2023,,false,[Lenovo_Valkyrie][SVT][BT]Headset Mic(Jabra Evolve 75) Mute mutes speakers as w,BT,Alder Lake,,Alder Lake,2023-02-14 03:15:00,2023-05-08 00:00:00,High,Connectivity,0.2303,2-High
2023,,false,[Lenovo ThinkPad JP][LCFC][Sideswipe intel][AX200] Wifi Intel driver issue causing the Wifi to disappear,WiFi,Whiskey Lake,,Whiskey Lake,2023-02-19 23:58:00,2023-05-28 00:00:00,Critical,Sensing,0.1175,1-Critical
2023,WIFI-287880,false,[Lenovo][TB 13s G4 IAP][ADL-P][AX201]WiFi YB when plug in a  mouse dangle,WiFi,Alder Lake,Alder Lake,,2023-02-20 18:44:00,2023-04-11 00:00:00,,YB/Lost,0.1447,2-High
2023,WOT-27909,false,[Lenovo ThinkPad JP][ThamesMersey1][MTL]CITU tool not working on MTL platform (PHWFW07299_22.200.0.6Tools),Other,Meteor Lake,Meteor Lake,,2023-02-21 20:22:00,2023-05-22 00:00:00,,Connectivity,0.1148,3-Medium
2023,,false,[Lenovo-ThinkPad][Zeus-3][RPL]  System shows internet connection error during OOB,WiFi,Raptor Lake Client Platforms,,Raptor Lake Client Platforms,2023-02-21 23:41:00,2023-05-28 00:00:00,High,System Hang,0.1052,2-High
2023,WIFI-290075,false,[LCFC_IdeaPad][S380IRU][RPL][AX203][SV2][SIT]The EUT occur BSOD 0xC2 during Fast Startup stress test FR<5%,WiFi,Raptor Lake Client Platforms,Raptor Lake Client Platforms,,2023-02-28 03:03:00,2023-04-04 00:00:00,,BSOD,0.2219,2-High
2023,,false,[Lenovo IdeaPad][Inhouse][Y980][RPL][Win11][FVT]  swift pair BT mouse connect fail,BT,Raptor Lake Client Platforms,,Raptor Lake Client Platforms,2023-03-02 00:04:00,2023-04-25 00:00:00,Medium,Connectivity,0.1934,3-Medium
2023,WIFI-292530,true,[Thames/Mersey-1][Meteorlake][Windows11][GarfieldPeak2] YB during S4 tests,WiFi,Meteor Lake,Meteor Lake,,2023-03-09 18:39:00,2023-05-22 00:00:00,,YB/Lost,0.2801,2-High
2023,,false,[Thames/Mersey-1][Meteorlake][Windows11][GalePeak2] BSOD0x9f on GaP2 card,WiFi,Meteor Lake,,Meteor Lake,2023-03-10 02:42:31,2023-07-04 09:08:05,High,P2P,0.1112,2-High
2023,,false,[LCFC_IdeaPad][KS682 MTL][EVT]Windows 11:system cant enter MS which HW trips is 0% blocked by CNVi,WiFi,Meteor Lake,,Meteor Lake,2023-03-13 03:11:00,2023-04-18 00:00:00,High,Power Consumption,0.1196,2-High
2023,,false,[Lenovo_ThinkPad_JP][ThamesMersey1][MTL] Bluetooth device YB during S4 Run-in Test,BT,Meteor Lake,,Meteor Lake,2023-03-13 23:30:00,2023-05-16 00:00:00,Medium,YB/Lost,0.2656,3-Medium
2023,,false,[Lenovo ThinkPad JP][LCFC][Tiger serval][AX210]] WIFI AX210 auto disconnect and then cannot detect access point from HK,WiFi,Tiger Lake,,Tiger Lake,2023-03-15 01:06:00,2023-06-12 00:00:00,Critical,BIOS,0.1111,1-Critical
2023,,false,[Lenovo ThinkPad JP][LCFC][Mercury3Mars3Intel][AX201]E15 Gen 4:Intel AX201 connectivity issue at Neyagawa Sanatorium,WiFi,Alder Lake,,Alder Lake,2023-03-16 02:16:00,2023-05-28 00:00:00,Critical,Performance,0.1403,1-Critical
2023,,false,"[Lenovo IdeaPad][Inhouse][Y980][RPL][Win11][SIT]  BT always PLDR , cant work",BT,Raptor Lake Client Platforms,,Raptor Lake Client Platforms,2023-03-16 00:28:00,2023-04-11 00:00:00,Critical,Connectivity,0.1804,1-Critical
2023,,false,[Lenovo-IdeaPad][ThinkBook Twist KB240][IRP][SIT][LCFC-HF]Intel AX211 cant connect to this network,WiFi,Raptor Lake Client Platforms,,Raptor Lake Client Platforms,2023-03-17 02:53:00,2023-05-02 00:00:00,High,Connectivity,0.1212,2-High
2023,,false,"[Lenovo-IdeaPad][RPL][SV2][Yogabook9][win11][SIT][GFP]DM show YB(Intel Wireless Bluetooth) after sleep overnight by close lid.(FR:1/6units,1/12times).",BT,Raptor Lake Client Platforms,,Raptor Lake Client Platforms,2023-03-20 19:47:00,2023-04-25 00:00:00,High,Connectivity,0.1849,2-High
2023,,false,"[Lenovo IdeaPad][Inhouse][Y980][RPL][Win11][SIT]  cant connect with MTK PC , reboot recover",BT,Raptor Lake Client Platforms,,Raptor Lake Client Platforms,2023-04-02 19:03:00,2023-05-23 00:00:00,Critical,Connectivity,0.1593,1-Critical
2023,,false,[Lenovo LCFC][Missouri\Rhone]It happens power management error for network then BSOD 0x133,WiFi,Raptor Lake Client Platforms,,Raptor Lake Client Platforms,2023-04-10 04:02:00,2023-05-28 00:00:00,Critical,BSOD,0.179,1-Critical
2023,,false,[RPL/TGL/MTL] No MAC address shown when using BIOS with 3.2.20 UEFI FW,WiFi,Raptor Lake Client Platforms,,Raptor Lake Client Platforms,2023-04-10 23:09:00,2023-05-08 00:00:00,High,UEFI,0.1783,2-High
2023,,false,[Lenovo ThinkPad CN][LCFC][E14E15Gen2Intel][Intel AX201]Intel WLAN AX201 Intermittent slow WLAN connection speeds,WiFi,Tiger Lake,,Tiger Lake,2023-04-11 08:52:54,2023-04-24 03:00:54,High,Performance,0.1159,2-High
2023,,false,[wistron][lenovo][TB_1416_G6_IRL_FVT_Win11]:SUT encounter BSOD(Stop code: HYPERV,BT,Raptor Lake Client Platforms,,Raptor Lake Client Platforms,2023-04-12 19:51:00,2023-07-02 00:00:00,High,BSOD,0.2695,2-High
2023,,false,[Thames/Mersey-1][Meteorlake][Windows11][GarfieldPeak2] YB after cold boot,WiFi,Meteor Lake,,Meteor Lake,2023-04-13 21:04:00,2023-06-27 00:00:00,High,YB/Lost,0.2141,2-High
2023,WIFI-302222,true,[Lenovo_IdeaPad_CSLP][QuZhou 6D][LCFC][FVT[S590-MTL][Windows11]Intel CNVi WLAN AX211/AX203 show Yellow Bang during Warm Boot/S4 stress test,WiFi,Meteor Lake,Meteor Lake,,2023-04-17 02:57:00,2023-07-08 00:00:00,,YB/Lost,0.1553,1-Critical
2023,,false,[Lenovo_IdeaPad_CSLP][QuZhou 6D][LCFC][FVT[S590-MTL][Windows11]Intel Bluetooth of AX211/AX203 show Yellow Bang during Warm Boot/S4 stress test,BT,Meteor Lake,,Meteor Lake,2023-04-17 08:26:00,2023-05-23 00:00:00,High,YB/Lost,0.1499,2-High
2023,,false,[Thinkpad][Cheetah3][HLK]Bluetooth - LEExtendedAdvertising fail,BT,Raptor Lake Client Platforms,,Raptor Lake Client Platforms,2023-04-20 00:18:00,2023-04-25 00:00:00,High,HLK,0.5123,2-High
2023,,false,TEST,WiFi,Raptor Lake Client Platforms,,Raptor Lake Client Platforms,2023-04-20 13:38:04,2023-04-20 13:47:41,Low,Sensing,0.1215,4-Low
2023,,false,Y760S AMD Unit cause electrical noise when listen to music by BT headset,BT,AMD Ryzen,,AMD Ryzen,2023-04-21 04:05:00,2023-07-17 00:00:00,High,Connectivity,0.1963,2-High
2023,,false,"[Lenovo Thinkbook][Lenovo][TB 13X G4][Intel BE200] Wifi7 driver have no readyFR:1/5units,1/5cycles)",WiFi,Meteor Lake,,Meteor Lake,2023-04-23 02:09:00,2023-06-10 00:00:00,High,Connectivity,0.1253,2-High
2023,,false,"[Lenovo Thinkbook][Lenovo][TB 13X G4][Intel AX211] show yellow bang in Device Manager after connect internet.(FR:1/2 units,1/8 times)",WiFi,Meteor Lake,,Meteor Lake,2023-04-23 01:13:00,2023-07-17 00:00:00,High,Connectivity,0.1497,2-High
2023,,false,"(Copy Of 00798924) [Lenovo Thinkbook][Lenovo][TB 13X G4][Intel AX211][Bluetooth] BT show yellow bang in Device Manager when play online video (FR:1/2 units,1/6 times)",WiFi,Meteor Lake,,Meteor Lake,2023-04-24 23:12:00,2023-07-17 00:00:00,High,Connectivity,0.1476,2-High
2023,WIFI-306180,false,"[Lenovo ThinkPad CN][LCFC][Mercury3Mars3Intel][ADL][AX211,AX201,9560][E14 Gen 4] 0x9F_3_SETPOWER_IMAGE_Netwtw12.sys",WiFi,Alder Lake,Alder Lake,,2023-04-25 23:59:00,2023-06-10 00:00:00,,P2P,0.1349,2-High
2023,,false,[Lenovo ThinkPad JP][LCFC][Tiger serval][AX201]]The EUT occur BSOD(bugcheck:0x000001ca) during AC R longrun test with LongRunATS_AOAC_v5 Tool .(FR:1/6 units; 1/752 total trials),WiFi,Tiger Lake,,Tiger Lake,2023-04-26 19:12:00,2023-05-28 00:00:00,Critical,BSOD,0.1525,1-Critical
2023,,false,[Lenovo][FXN][ThinkStation PX Tomcat][EGS][AX210][Win10 22H2][100%]The speed can not reach standard SPEC,WiFi,Unassigned,,Unassigned,2023-04-26 01:24:00,2023-06-10 00:00:00,High,Connectivity,0.1322,2-High
2023,,false,[Tigerlake][AX201] UNII1&2 Wifi undetected on Indonesia after 10minutes,WiFi,Tiger Lake,,Tiger Lake,2023-05-08 20:31:00,2023-06-12 00:00:00,High,Performance,0.1344,2-High
2023,WIFI-308133,true,[MTL] No AP scanned when using BIOS with 3.2.22 UEFI FW intermittently,WiFi,Meteor Lake,Meteor Lake,Meteor Lake,2023-05-08 20:55:00,2023-10-08 00:00:00,High,UEFI,0.1776,2-High
2023,,false,"[Y560A+A AMD]Unit disconnect AP without choose ""connect automatically"" overnight",WiFi,AMD Ryzen,,AMD Ryzen,2023-05-12 01:44:43,2024-07-19 07:19:36,High,P2P,0.1282,2-High
2023,,false,[Thames/Mersey-1][Meteorlake][Windows11][GalePeak2] WLAN device is not visible even if driver is installed,WiFi,Meteor Lake,,Meteor Lake,2023-05-16 00:07:00,2023-05-28 00:00:00,High,YB/Lost,0.1082,2-High
2023,WOT-31738,false,[Lenovo-Ideapad][RPL][DRTU][AX211] no power output under SineWave testing (100%),Other,Raptor Lake Client Platforms,Raptor Lake Client Platforms,Raptor Lake Client Platforms,2023-05-18 21:36:00,2023-07-08 00:00:00,High,Connectivity,0.1307,2-High
2023,,false,[YG 9 14IRP8]WiFi TX/RX speed slow using iperf tool.,WiFi,Raptor Lake Client Platforms,,Raptor Lake Client Platforms,2023-05-19 10:50:44,2024-07-19 07:19:06,High,Performance,0.1464,2-High
2023,,false,[RPL] No MAC address shown when using BIOS with 3.2.22 UEFI FW,WiFi,Raptor Lake Client Platforms,,Raptor Lake Client Platforms,2023-05-23 16:00:00,2023-06-19 00:00:00,High,UEFI,0.2244,2-High
2023,WOT-31991,true,[Lenovo][MarinaBay][MTL-H][Win11][EVT][EE] CNVi CITU tool can not run normally.,Other,Meteor Lake,Meteor Lake,Meteor Lake,2023-05-24 01:43:00,2023-08-22 00:00:00,High,Connectivity,0.1424,2-High
2023,,false,"[Lenovo ThinkPad JP][LCFC][ Libra][AX211]]The 5GHz band wifi will auto disconnected and disappeared in LowPwrRange which Roaming Aggressiveness:Medium,Preferred Band:Perfer 5GHz band",WiFi,Alder Lake,,Alder Lake,2023-05-25 00:45:00,2023-07-23 00:00:00,High,Connectivity,0.1319,2-High
2023,WIFI-317378,true,[MTL][AX211] Event Error ID 17 for IPF on systems after Hibernate / Resume test,WiFi,Meteor Lake,Meteor Lake,Meteor Lake,2023-05-28 23:28:00,2023-08-27 00:00:00,High,YB/Lost,0.1259,3-Medium
2023,WIFI-312496,true,[Lenovo][Wistron][Thinkbook 13X Gen2][GfP2]Intel AX211 show low Wifi connection speed under small amount of data transfer.,WiFi,Alder Lake,Alder Lake,Alder Lake,2023-05-28 22:21:00,2023-08-09 00:00:00,High,Connectivity,0.1293,1-Critical
2023,,false,"[Lenovo][Compal][Titan3.0] Stress_ CB, Intel AX201 BT lost (2/3000 cycles)",BT,Alder Lake,,Alder Lake,2023-05-28 20:36:00,2023-08-19 00:00:00,Medium,Connectivity,0.17,3-Medium
2023,,false,[MTL][GaP2] CITU Tool error on v22.235.0.4 WLAN Driver,Other,Meteor Lake,,Meteor Lake,2023-05-30 19:35:00,2023-08-27 00:00:00,High,OEM Tools,0.1435,2-High
2023,,false,[S570 IAL/S170 IAU]BT device lost during stress test(FR:2/20units;1/5799cycles),BT,Alder Lake,,Alder Lake,2023-06-06 18:51:00,2023-08-26 00:00:00,High,YB/Lost,0.2936,2-High
2023,,false,"[MTL][AX211] SW/HW Drips are lower than 90% criteria (FR:3/5 trials, 2/2 units)",WiFi,Meteor Lake,,Meteor Lake,2023-06-12 23:13:00,2023-07-19 00:00:00,High,Power Consumption,0.3817,2-High
2023,,false,"[Lenovo ThinkPad JP][LCFC][ Griffin,Roc intel][AX211]BSOD(0x9f) occurred  while running Hibernationx600(ACx300DCx300).",BT,Alder Lake,,Alder Lake,2023-06-12 00:55:00,2023-09-03 00:00:00,Critical,BSOD,0.2966,1-Critical
2023,,false,[MTL] BSOD encountered after installing PHM 4.19.2 on MTL platform,WiFi,Meteor Lake,,Meteor Lake,2023-06-13 00:20:00,2023-06-27 00:00:00,Medium,BSOD,0.1954,3-Medium
2023,,false,[Lenovo][Compal][L390][RPL-HX][AX203][Win11 22621.1778] Intel AX203 WLAN sometime show yellow bang in device manager while system idle or function testing.,WiFi,Raptor Lake Client Platforms,,Raptor Lake Client Platforms,2023-06-15 19:20:00,2023-09-03 00:00:00,High,YB/Lost,0.1437,2-High
2023,,false,[Lenovo_ThinkPad_JP][JAGUAR3][RPL][LE AUDIO] Samsung Buds 2 Pro only connects 1 earbud,BT,Raptor Lake Client Platforms,,Raptor Lake Client Platforms,2023-06-18 17:55:00,2023-07-12 00:00:00,Medium,Connectivity,0.2211,3-Medium
2023,,false,[Lenovo_ThinkPad_JP][JAGUAR3][RPL][LE AUDIO] DUT can not receive Buds Swift Pair frequently,BT,Raptor Lake Client Platforms,,Raptor Lake Client Platforms,2023-06-18 18:13:00,2023-07-12 00:00:00,Medium,Connectivity,0.2755,3-Medium
2023,WIFI-318975,true,[MTL][BE200] GaP2 TX tput unstable or disconnection during tput test.,WiFi,Meteor Lake,Meteor Lake,Meteor Lake,2023-06-22 01:10:00,2023-08-08 00:00:00,High,P2P,0.1045,2-High
2023,BT-160158,false,[S170IGL-9560]Bluetooth-LEExtendedAdvertising (Development and Integration) fail,BT,Gemini Lake,Gemini Lake,Gemini Lake,2023-06-24 23:22:00,2023-09-24 00:00:00,High,HLK,0.159,2-High
2023,WOT-33345,true,"[Lenovo][Shangri-La][MTL-H][Win11][Pre-EVT][CITU][AX211,AX203] Marginal testing of CITU only runs 1 minute with High&Full setting.",Other,Meteor Lake,Meteor Lake,Meteor Lake,2023-06-26 03:01:00,2023-08-22 00:00:00,Medium,Connectivity,0.1212,3-Medium
2023,WOT-33346,true,[Lenovo][MTL][Win11][CITU][AX203] CITU tool does not work with AX203 on MTL,Other,Meteor Lake,Meteor Lake,Meteor Lake,2023-06-26 17:46:00,2023-08-22 00:00:00,High,OEM Tools,0.1242,2-High
2023,,false,[WW27-28WS][Lenovo][MarinaBay][MTL-H][Win11][FVT][Wifi] CNVi CITU tool can not run normally.,Other,Meteor Lake,,Meteor Lake,2023-06-27 19:03:00,2023-09-05 00:00:00,High,OEM Tools,0.1361,2-High
2023,WIFI-319051,false,"[May CI][Common OS]Intel AX201&AX211 Security type show ""WPA3-Enterprise"" when connect the WPA2-Enterprise network (only happen on routers that supported 802.11ax protocol).(F/R:4/4units, 32/32cycles)",WiFi,Raptor Lake Client Platforms,Raptor Lake Client Platforms,Alder Lake,2023-06-27 02:46:00,2023-08-08 00:00:00,High,Performance,0.1321,2-High
2023,WIFI-320383,false,"[Lenovo][TB 13s][ADL][WirelessDock][AX211]PC enter MS then wake up,  connect to Dock, 10s later disconnected",WiFi,Alder Lake,Alder Lake,Alder Lake,2023-07-03 01:56:00,2023-08-16 00:00:00,High,P2P,0.1866,2-High
2023,,false,"[Lenovo Thinkbook][Lenovo][TB 13X G4][Intel AX211] BT devices will auto disconnect when play music (FR:2/2units,7/10times))",BT,Meteor Lake,,Meteor Lake,2023-07-03 20:08:00,2023-09-05 00:00:00,High,Connectivity,0.1869,2-High
2023,,false,"[Lenovo Thinkbook][Lenovo][TB 13X G4][Intel AX211]The unit Intel(R) Wireless Bluetooth(R) show yellow bang in Device Manager when play online video.(FR:1/2 units,1/6 times)",WiFi,Meteor Lake,,Meteor Lake,2023-07-03 21:44:00,2023-08-15 00:00:00,High,Connectivity,0.1481,2-High
2023,,false,"[Lenovo Thinkbook][Lenovo][TB 13X G4][Intel AX211]The unit ""Intel(R) Wi-Fi 6E AX211 160MHz"" show yellow bang in Device Manager after connect internet.(FR:1/2 units,1/8 times)",WiFi,Meteor Lake,,Meteor Lake,2023-07-03 21:50:00,2023-08-15 00:00:00,High,Connectivity,0.1496,2-High
2023,,false,"[Lenovo ThinkPad JP][LCFC][ Griffin,Roc intel][AX211]No sound output from the client unit when disconnect/remove BT headset and connect it again during video call by skype/Webex/zoom",BT,Alder Lake,,Alder Lake,2023-07-04 23:33:00,2023-08-01 00:00:00,Critical,Connectivity,0.2367,1-Critical
2023,,false,[RPL][AX211]Machine hangs after boot from S4 and Event logs shows multiple NDIS errors,WiFi,Raptor Lake Client Platforms,,Raptor Lake Client Platforms,2023-07-05 00:09:00,2023-08-14 00:00:00,High,YB/Lost,0.1095,2-High
2023,,false,"[Lenovo][S790-14Pro][MTL-H][Win11]Intel WLAN &BT show YB in DM,error code 43 during coldboot stress test.FR:1/14UUTs.1/4200cycles.",WiFi,Meteor Lake,,Meteor Lake,2023-07-06 22:59:00,2023-10-01 00:00:00,Medium,YB/Lost,0.2052,3-Medium
2023,BT-162869,true,"[Lenovo Thinkbook][Lenovo][TB 13X G4][Intel AX211]  The unit show BSOD (stop code:PAGE_FAULT_IN_NONPAGED_AREA,with memory dump) when running stress_CB. (FR:1/22 units; 1/5190 cycles)",BT,Meteor Lake,Meteor Lake,Meteor Lake,2023-07-06 00:13:00,2023-09-05 00:00:00,High,BSOD,0.2028,2-High
2023,,false,[Lenovo_ThinkPad_JP][JAGUAR3][RPL][W11_MAYCI] No Audio output after disconnect then reconnect Bluetooth Headset during Skype/Zoom video call,BT,Raptor Lake Client Platforms,,Raptor Lake Client Platforms,2023-07-10 00:54:00,2023-07-17 00:00:00,Medium,Connectivity,0.2329,3-Medium
2023,,false,[Lenovo][Compal][Titan4.0][RPL]Unit cannot search 6GHz AP when setup MCC to JP,WiFi,Raptor Lake Client Platforms,,Raptor Lake Client Platforms,2023-07-10 21:00:00,2023-10-12 00:00:00,High,Sensing,0.1506,2-High
2023,,false,conductive T-put AX211 performance fail,WiFi,Raptor Lake Client Platforms,,Raptor Lake Client Platforms,2023-07-10 22:45:00,2023-10-01 00:00:00,High,Performance,0.2867,2-High
2023,,false,[Lenovo Thinkbook][Lenovo][TB 13X G4][Intel AX211] Mobile hotspot has no function when choose 5GHz under Network band,WiFi,Meteor Lake,,Meteor Lake,2023-07-11 19:05:00,2023-08-09 00:00:00,High,Connectivity,0.1524,2-High
2023,,false,"[Lenovo][S790-14Pro][MTL-H][Win11][AX211][AX203]Intel Bluetooth show YB in DM(code 54) during coldboot stress test.(FR:2/4UUTs,2/1200Cycles)",BT,Meteor Lake,,Meteor Lake,2023-07-11 19:50:00,2023-10-08 00:00:00,High,YB/Lost,0.1945,2-High
2023,,false,"[Lenovo] [May CI][S570 IAL FFRT]Intel 9560 HWID changed to ""SUBSYS_00008086""  and show YB in device manager after Fast boot stress.(F/R:1/20units;1/5825cycles)",WiFi,(missing),,,2023-07-11 18:29:00,2023-12-16 00:00:00,High,YB/Lost,0.1855,2-High
2023,WIFI-323551,false,[TGL][AX201][Never Crash] BSOD 0x9f encountered on Panther-1 unit,WiFi,Tiger Lake,Tiger Lake,Tiger Lake,2023-07-18 18:19:00,2023-07-21 00:00:00,High,BSOD,0.2279,1-Critical
2023,,false,"[Lenovo ThinkPad JP][LCFC][ Griffin,Roc intel][AX211]BSOD( Stop code:SYSTEM_THREAD_EXCEPTION_NOT_HANDLED)  occurred  during Restart(AC) stress test by LongRunATS_AOAC_v5.2 tool.",BT,Alder Lake,,Alder Lake,2023-07-19 02:36:25,2023-07-25 09:41:30,Critical,BSOD,0.2321,1-Critical
2023,WOT-34361,false,[Lenovo/Compal][Lenovo Legion Slim 7i][RPL-HX] [AX211][22H2]CITU tool test fail,Other,Raptor Lake Client Platforms,Raptor Lake Client Platforms,Raptor Lake Client Platforms,2023-07-19 01:39:00,2023-08-22 00:00:00,High,Connectivity,0.1005,2-High
2023,,false,[MTL][BE200] WLAN device goes missing after enabling WWAN device,WiFi,Meteor Lake,,Meteor Lake,2023-07-19 19:17:00,2023-08-03 00:00:00,Critical,YB/Lost,0.1559,1-Critical
2023,,false,[Lenovo_ThinkPad_JP][THAMES][MTL][GfP2] BT audio device YB after connect multiple devices while playing music,BT,Meteor Lake,,Meteor Lake,2023-07-20 01:56:00,2023-10-08 00:00:00,Medium,Connectivity,0.1896,3-Medium
2023,,false,[Lenovo_Legion][Compal][Slim7 16IRX9][RPL-HX][AX211]Conductive T-put test failed,WiFi,Raptor Lake Client Platforms,,Raptor Lake Client Platforms,2023-07-21 03:29:00,2023-10-22 00:00:00,High,P2P,0.1199,2-High
2023,,false,[Lenovo_Legion][Compal][Slim5 16IRX9][RPL-HX][AX211]Conductive T-put test failed,WiFi,Raptor Lake Client Platforms,,Raptor Lake Client Platforms,2023-07-21 03:29:00,2023-10-22 00:00:00,High,P2P,0.1199,2-High
2023,,false,[Lenovo IdeaPad][Inhouse][Y980][RPL][Win11][SVT]  WIFI YB with HDMI monitor working,WiFi,Raptor Lake Client Platforms,,Raptor Lake Client Platforms,2023-07-23 19:51:00,2023-08-14 00:00:00,Critical,YB/Lost,0.1507,1-Critical
2023,,false,"[Lenovo Thinkbook][Lenovo][TB 13X G4][Intel AX211]The unit ""Intel(R) Wi-Fi 6E AX211 160MHz"" show yellow bang in Device Manager after connect  to AP",WiFi,Meteor Lake,,Meteor Lake,2023-07-23 20:01:00,2023-08-15 00:00:00,High,Connectivity,0.1252,2-High
2023,,false,[Lenovo Thinkbook][Lenovo][TB 13X G4][Intel AX211]Wifi will be on after trun on airplane mode by taskbar,WiFi,Meteor Lake,,Meteor Lake,2023-07-24 20:34:00,2023-09-05 00:00:00,High,Connectivity,0.1364,2-High
2023,,false,[Lenovo ThinkPad CN][LCFC][Drift3 AMD][AX200]happend BSOD when test Longrun AC-S4,WiFi,AMD Cezanne,,AMD Cezanne,2023-07-24 01:32:00,2023-09-05 00:00:00,Critical,BSOD,0.2322,1-Critical
2023,,false,"[Lenovo Thinkbook][Lenovo][TB 13X G4][Intel AX211] The unit show BSOD(stop code:DRIVER_UNLOADED_WITHOUT_CANCELLING_PENDING_OPERATIONS,bugcheck:0xCE,have dump) after switch ITS mode to EPM by Fn+Q under AC mode. (FR1/2 units; 2/4cycles)",WiFi,Meteor Lake,,Meteor Lake,2023-07-25 22:56:00,2023-09-05 00:00:00,High,BSOD,0.1484,2-High
2023,,false,"[Lenovo Thinkbook][Lenovo][TB 13X G4][Intel AX211]  The unit show BSOD (stop code:PAGE_FAULT_IN_NONPAGED_AREA,bugcheck:0x50,with dump) when unit idle.(FR:1/2units; 1/10 cycles)",BT,Meteor Lake,,Meteor Lake,2023-07-27 19:54:00,2023-09-05 00:00:00,High,BSOD,0.1748,2-High
2023,,false,[Lenovo LCFC][Griffin2/Roc2]Units takes more than 10 seconds resume from Sleep via Bluetooth mouse waking.(F/R:100%),BT,Raptor Lake Client Platforms,,Raptor Lake Client Platforms,2023-07-28 00:07:00,2023-10-08 00:00:00,Critical,Performance,0.1718,1-Critical
2023,,false,[MTL][BE200] WLAN device intermittently shows YB and BT device goes missing too,WiFi,Meteor Lake,,Meteor Lake,2023-07-28 00:32:00,2023-08-03 00:00:00,High,YB/Lost,0.2534,2-High
2023,WIFI-326867,true,[Lenovo_IdeaPad_CSLP][QuZhou 6D][EVQS C0][LCFC][FVT3]Stress_MS_The HW drips show 0%,WiFi,Meteor Lake,Meteor Lake,Meteor Lake,2023-07-31 23:43:00,2023-09-23 00:00:00,High,Power Consumption,0.3245,2-High
2023,WIFI-326866,true,[Lenovo_IdeaPad_CSLP][QuZhou 6D][EVQS C0][LCFC][FVT3]Stress_MS_The HW drips show 0%,WiFi,Meteor Lake,Meteor Lake,Meteor Lake,2023-07-31 23:47:00,2023-09-05 00:00:00,High,Power Consumption,0.3245,1-Critical
2023,,false,"[Lenovo Thinkbook][Lenovo][TB 13X G4][Intel AX211]  The unit ""Intel(R) Wi-Fi 6E AX211 160MHz"" show yellow bang in Device Manager after resume from S4.(FR:2/2 units,2/6 times)",WiFi,Meteor Lake,,Meteor Lake,2023-07-31 16:25:00,2023-09-05 00:00:00,High,Connectivity,0.1479,2-High
2023,,false,[Lenovo][LCFC][X13 Gen5][MTL][BE200][22H2][100%]Device YB after drive installed,WiFi,Meteor Lake,,Meteor Lake,2023-07-31 23:08:00,2023-08-07 00:00:00,High,YB/Lost,0.1623,2-High
2023,,false,[Lenovo_ThinkPad_JP][THAMES][MTL][GaP2] Bluetooth throughput is low,BT,Meteor Lake,,Meteor Lake,2023-08-04 02:12:00,2023-09-18 00:00:00,Medium,Performance,0.2345,3-Medium
2023,,false,"[Lenovo ThinkPad CN][LCFC][E14 G2 E15 G2] [E14 G4 E15 G4][ADL][AX211,AX201,9560]0x9F_4_PCI_IMAGE_Netwtw10.sys",WiFi,Alder Lake,,Alder Lake,2023-08-08 18:32:00,2023-09-19 00:00:00,High,P2P,0.1349,2-High
2023,WIFI-341036,false,"[Lenovo-WKS][Falcon][Win11 May CI]Error ""ID:5010"" &ID:5002(Intel(R) Wi-Fi 6E AX211) occurred in system Event Viewer in Device Manager during running S4/S3+S4 stress on Win11 22H2 May CI OS",WiFi,Fishhawk Falls,Fishhawk Falls,Fishhawk Falls,2023-08-08 22:53:00,2024-04-09 00:00:00,High,YB/Lost,0.1643,2-High
2023,,false,[Lenovo Thinkbook][Lenovo][TB 13X G4][Intel AX211] Yellow bang for Wi-Fi direct virtual Adapter,WiFi,Meteor Lake,,Meteor Lake,2023-08-08 01:16:00,2023-09-19 00:00:00,High,Connectivity,0.1102,2-High
2023,,false,[Lenovo ThinkPad CN][LCFC][Jingwei 1.0 Intel][AX211]Dump file point to USB\VID_8087&PID_0033\5&3a22045f&0&10,BT,Raptor Lake Client Platforms,,Raptor Lake Client Platforms,2023-08-10 01:40:00,2023-09-26 00:00:00,Critical,Connectivity,0.1597,1-Critical
2023,,false,"(Copy Of 00815517) [Lenovo Thinkbook][Lenovo][TB 13X G4][Intel AX211] When DUT connects to the HLK server, there is no BT Audio HLK items.(FR: 5/5 units, 5/5ycles)",BT,Meteor Lake,,Meteor Lake,2023-08-10 22:52:00,2023-09-05 00:00:00,High,Connectivity,0.1937,2-High
2023,,false,[Lenovo Thinkbook][Lenovo][TB 13X G4][Intel AX211] The sleepstudy-report show SW/HW has no value after enter MS 10mins with 3.5mm headset connected. (FR:1/20units; 1/250cycles),WiFi,Meteor Lake,,Meteor Lake,2023-08-14 19:20:00,2023-09-19 00:00:00,High,Power Consumption,0.2226,2-High
2023,WIFI-335769,false,[Lenovo_ThinkPad_JP][THAMES][MTL][GaP2] Wi-Fi7 low Rx throughput issue,WiFi,Meteor Lake,Meteor Lake,Meteor Lake,2023-08-15 03:37:00,2023-11-06 00:00:00,High,Performance,0.2474,2-High
2023,,false,[Lenovo][Compal][S590 ILS4M_ILS6M][MTL-H][AX203/AX211]The sound will output from BT headset after connect to PC for 15-20s.,BT,Meteor Lake,,Meteor Lake,2023-08-15 23:14:00,2023-09-26 00:00:00,High,Connectivity,0.2157,2-High
2023,,false,[lenovo][wistron][G3 500W][Pentium][ AX201] [2H1][100%]disconnected by driver,WiFi,Jasper Lake,,Jasper Lake,2023-08-20 19:52:00,2023-10-03 00:00:00,High,Performance,0.1344,2-High
2023,,false,[Lenovo][Compal][S590 ILS4M_ILS6M][MTL-H][AX203/AX211]System enter shutdown with BSoD:0x9f in system log.,BT,Meteor Lake,,Meteor Lake,2023-08-20 19:33:00,2023-10-22 00:00:00,High,BSOD,0.2231,2-High
2023,,false,[Lenovo-WS][Manta][AMD][Intel 9260] System will reboot(BSOD) when run file transimssion test under WiFi,WiFi,AMD Ryzen,,AMD Ryzen,2023-08-21 00:37:00,2023-12-16 00:00:00,High,BSOD,0.2175,2-High
2023,,false,[Lenovo][Compal][S590 ILS4M_ILS6M][MTL-H][AX203/AX211]System event log shows error.,WiFi,Meteor Lake,,Meteor Lake,2023-08-22 01:51:00,2023-10-22 00:00:00,High,YB/Lost,0.1211,2-High
2023,,false,"[Lenovo Thinkbook][Lenovo][TB 13X G4][Intel AX211]  Run HLK  test""Bluetooth - Initiate platform-level device reset	""failed  (FR: 2/2 units, 10/10ycles)",BT,Meteor Lake,,Meteor Lake,2023-08-23 16:20:00,2023-10-22 00:00:00,High,HLK,0.2768,2-High
2023,,false,[Lenovo][S590/S790-14Pro][MTL-H][Win11][HLK][BT] DUT appears(F/R: 100%) BT YB when run HLK test item Bluetooth - Initiate platform-level device reset Test,BT,Meteor Lake,,Meteor Lake,2023-08-23 20:02:00,2023-09-20 00:00:00,High,HLK,0.3813,2-High
2023,WIFI-333675,true,[Lenovo_IdeaPad_CSLP][QuZhou 6D][LCFC][SIT-QS][S590-MTL][Windows11]Intel CNVi WLAN AX211: WLAN Yellow Bang during Warm Boot stress test,WiFi,Meteor Lake,Meteor Lake,Meteor Lake,2023-08-24 19:48:00,2023-10-12 00:00:00,High,YB/Lost,0.1243,1-Critical
2023,,false,[Lenovo][Compal][TB gen6+][MTL] wifi AX211 show YB when resume from restart,WiFi,Meteor Lake,,Meteor Lake,2023-08-28 02:24:00,2023-09-17 00:00:00,High,YB/Lost,0.1422,2-High
2023,,false,[MTL][AX211] YB on WLAN device after enabling/disabling airplane mode 2/2 units,WiFi,Meteor Lake,,Meteor Lake,2023-08-28 17:36:00,2023-09-11 00:00:00,High,YB/Lost,0.1789,2-High
2023,,false,[Lenovo][Compal][ThinkBook Gen6+][MTL] HLK fail on BT,BT,Meteor Lake,,Meteor Lake,2023-08-30 05:32:00,2023-09-06 00:00:00,High,HLK,0.2132,2-High
2023,,false,[Lenovo][Compal][S590 ILS4M_ILS6M][MTL-H][AX203/AX211]The sound output from BT headset have noise or volume change at the first few seconds when first connect or reconnect BT headset.,BT,Meteor Lake,,Meteor Lake,2023-08-30 20:44:00,2023-10-08 00:00:00,High,Connectivity,0.2149,2-High
2023,,false,[Lenovo][LCFC][MTLH][hedy_lamarr]System is blocked at CPU package C2 state with WLAN enabled,WiFi,Meteor Lake,,Meteor Lake,2023-08-30 02:51:00,2023-09-01 00:00:00,High,UEFI,0.0974,2-High
2023,WIFI-337566,false,[lenovo][wistron][G3 500W][Pentium][ AX201] [2H1][100%]wlan YB and BT device lost when system in Idle  (Only G3 can recovery).,WiFi,Jasper Lake,Jasper Lake,Jasper Lake,2023-08-30 22:30:00,2023-10-03 00:00:00,High,YB/Lost,0.273,2-High
2023,,false,[MTL] Machine cannot enter Sleep/ModS when WLAN is enabled,WiFi,Meteor Lake,,Meteor Lake,2023-09-03 20:11:00,2023-11-20 00:00:00,High,Sensing,0.1138,2-High
2023,,false,[Lenovo S790] WiFi yellow bang when run S4 test,WiFi,Meteor Lake,,Meteor Lake,2023-09-03 23:45:00,2023-11-20 00:00:00,High,YB/Lost,0.1371,2-High
2023,,false,"[Lenovo][S790-14Pro][MTL-H][Win11]Noise appear when play music with BT earphone.FR:2/2UUTs,10/10cycles.",BT,Meteor Lake,,Meteor Lake,2023-09-05 00:17:00,2023-09-27 00:00:00,High,Connectivity,0.1969,2-High
2023,,false,[lenovo][Fenrir3] WIFI AX211 YB on FVT production issue FR:8%,WiFi,Meteor Lake,,Meteor Lake,2023-09-05 23:28:00,2023-10-16 00:00:00,High,YB/Lost,0.1558,2-High
2023,,false,[Lenovo][S790-14Pro][MTL-H][Win11]Noise appear when play music with BT earphone.,BT,Meteor Lake,,Meteor Lake,2023-09-05 01:38:25,2023-10-10 05:44:37,High,Connectivity,0.1847,2-High
2023,,false,[Lenovo_IdeaPad_CSLP][QuZhou 6D][LCFC][SIT-QS][S590-MTL][Windows11] Intel Bluetooth (AX211): Galaxy Buds 2 Pro BT headset icon is wrong in BT devices setting,BT,Meteor Lake,,Meteor Lake,2023-09-06 04:40:00,2023-10-03 00:00:00,Medium,Connectivity,0.2005,3-Medium
2023,,false,"[Lenovo][Compal][TB Gen6+][MTL] The sound output from BT headset will lag once and the volume will auto increase when connected BT headset during music plackback. (F/R:2/2u,4/4c)",BT,Meteor Lake,,Meteor Lake,2023-09-06 04:08:00,2023-10-08 00:00:00,High,Connectivity,0.217,2-High
2023,,false,[Lenovo_IdeaPad_CSLP][QuZhou 6D][LCFC][SIT-QS][S590-MTL][Windows11]Intel Bluetooth (AX211):Galaxy Bud2 Pro has no sound when switch between Playback and Recording,BT,Meteor Lake,,Meteor Lake,2023-09-06 05:14:00,2023-09-13 00:00:00,High,Connectivity,0.2075,2-High
2023,,false,[Lenovo-DT][ODM][Oleander][AX201] WiFi PXE boot fail probabilistically,WiFi,Alder Lake,,Alder Lake,2023-09-06 22:52:00,2023-12-16 00:00:00,High,Performance,0.1324,2-High
2023,,false,How to enable AX211 Wi-Fi Proximity sensor on MTL-H platform,WiFi,Meteor Lake,,Meteor Lake,2023-09-10 18:06:00,2023-11-20 00:00:00,High,Sensing,0.1282,2-High
2023,,false,System only show connected to Microphone but w/o audio after paired BT headset,BT,Meteor Lake,,Meteor Lake,2023-09-10 19:30:00,2023-10-02 00:00:00,High,Connectivity,0.2189,2-High
2023,WIFI-340594,false,[MTL][BE200] YB Error Code 10 on WLAN device after idle  test,WiFi,Meteor Lake,Meteor Lake,Meteor Lake,2023-09-11 22:23:00,2023-10-22 00:00:00,High,YB/Lost,0.2024,2-High
2023,BT-183232,true,"[Lenovo IdeaPad][Inhouse][Y980][RPL][Win11][SS/MAYCI update]  HLK ""Bluetooth - HciExtensionsV2 (Development and Integration)"" test Failed",BT,Raptor Lake Client Platforms,Raptor Lake Client Platforms,Raptor Lake Client Platforms,2023-09-13 19:42:00,2023-12-04 00:00:00,Critical,HLK,0.2877,1-Critical
2023,,false,[Lenovo_IdeaPad_CSLP][Hetian][LCFC][FVT-QS][S990-IMH][Windows11] Intel Bluetooth (AX211): Unit cant remove the BT headset and then occur BSOD 0x9f when restart unit.,BT,Meteor Lake,,Meteor Lake,2023-09-13 05:04:00,2023-11-05 00:00:00,Medium,BSOD,0.2117,3-Medium
2023,,false,[Lenovo_IdeaPad_CSLP][Hetian][LCFC][FVT-QS][S990-IMH][Windows11] Intel Bluetooth (AX211):Unit occur BSOD 0X133  when ping BT IP overnight.,BT,Meteor Lake,,Meteor Lake,2023-09-13 23:21:00,2023-11-05 00:00:00,Medium,BSOD,0.2578,3-Medium
2023,,false,Lenovo_ThinkPad][MTL][X13_Gen5]Questions of Bluetooth LE audio behavior,BT,Meteor Lake,,Meteor Lake,2023-09-14 03:34:00,2023-10-04 00:00:00,Low,Connectivity,0.2204,4-Low
2023,,false,[Lenovo_ThinkPad][LCFC][MTL][X13_Gen5]Sony linkBuds only has sound right ear,BT,Meteor Lake,,Meteor Lake,2023-09-14 03:24:00,2023-11-20 00:00:00,Medium,Connectivity,0.203,3-Medium
2023,,false,[Lenovo_ThinkPad][MTL][BE200][X13_Gen5]Disconnect BT LE LinkBuds not success,BT,Meteor Lake,,Meteor Lake,2023-09-14 03:16:00,2023-11-20 00:00:00,Medium,Connectivity,0.2593,3-Medium
2023,,false,[Lenovo_IdeaPad_CSLP][Hetian][LCFC][FVT-QS][S990-IMH][Windows11] Intel Bluetooth (AX211): Unit pair another test unit by BT fail.,BT,Meteor Lake,,Meteor Lake,2023-09-15 04:17:00,2023-11-05 00:00:00,Medium,Connectivity,0.1622,3-Medium
2023,WIFI-345845,true,[Lenovo-Ideapad][Legion 9 16IRX9][RPL-HX Refresh][AX211][CITU]: Marginal test of CVNI always failed at 40%,WiFi,Raptor Lake Client Platforms,Raptor Lake Client Platforms,Raptor Lake Client Platforms,2023-09-15 00:57:00,2024-02-06 00:00:00,High,P2P,0.0976,2-High
2023,,false,[Lenovo Thinkbook][Lenovo][TB 13X G4][Intel AX211]  The OSAging result show fail(lost device & add device & error device) when running stress_WB Test(FR:4/20 units; 4/5741 cycles),BT,Meteor Lake,,Meteor Lake,2023-09-18 02:07:00,2023-11-20 00:00:00,High,Connectivity,0.167,2-High
2023,,false,[Lenovo Thinkbook][Lenovo][TB 13X G4][Intel AX211]  SW/HW drips is less than 90%CPU C0 TIME.Non-attributed Time) after running Stress MS  (FR:6/25 units; 35/1625 cycles),WiFi,Meteor Lake,,Meteor Lake,2023-09-19 19:02:00,2023-11-07 00:00:00,High,Power Consumption,0.2655,2-High
2023,,false,[Lenovo][Compal][S590 ILS4M_ILS6M][MTL-H][AX203/AX211]Intel BT device shows YB when during MS.,BT,Meteor Lake,,Meteor Lake,2023-09-20 20:49:00,2023-11-20 00:00:00,High,YB/Lost,0.1978,2-High
2023,,false,[Lenovo ThinkPad JP][Thames1_Mersey1][MTL][AX211] ERROR: HciExtensionsV2T1 ERROR - Failed - HciExtensionsV2 test is not implemented yet,BT,Meteor Lake,,Meteor Lake,2023-09-20 00:37:00,2023-10-10 00:00:00,High,Connectivity,0.1975,2-High
2023,,false,[Lenovo][Compal][Thinkbook gen6+][MTL] BT lost when run S0i3 stress,BT,Meteor Lake,,Meteor Lake,2023-09-20 22:46:00,2023-09-21 00:00:00,High,YB/Lost,0.1662,2-High
2023,WIFI-343499,false,[MTL][AX211] File transfer speed degrades after resume from LidClose sleep,WiFi,Meteor Lake,Meteor Lake,Meteor Lake,2023-09-20 21:56:00,2023-11-01 00:00:00,High,Connectivity,0.1313,2-High
2023,,false,[MTL][AX211] BSOD 0x7e encountered and points to WLAN,WiFi,Meteor Lake,,Meteor Lake,2023-09-20 23:07:00,2023-09-27 00:00:00,High,BSOD,0.2579,2-High
2023,,false,[Lenovo_IdeaPad_CSLP][Hetian][LCFC][FVT-QS][S990-IMH][Windows11] Intel Bluetooth (AX211):Unit occur BSOD 0X135 when run MS&S4 random test,BT,Meteor Lake,,Meteor Lake,2023-09-21 23:44:00,2023-11-05 00:00:00,Medium,BSOD,0.2298,3-Medium
2023,,false,[Lenovo Thinkbook][Lenovo][TB 13X G4][Intel AX211] Paired PC device shows disconnected after it connects to another PC via Bluetooth,BT,Meteor Lake,,Meteor Lake,2023-09-22 03:48:00,2023-10-31 00:00:00,High,Connectivity,0.167,2-High
2023,WIFI-342582,true,"[Lenovo-Ideapad][LCFC][NEC-L360 ITL][Win11_MayCI]intel 9560 show yellow mark on device management during FSU longrun test.(F/R: 2/2 units, 2/104 times, 1.92%)",WiFi,Tiger Lake,Tiger Lake,Tiger Lake,2023-09-22 00:11:00,2024-01-13 00:00:00,High,YB/Lost,0.1187,2-High
2023,,false,[Lenovo][Compal][L390][RPL-HX][AX203][Win11 22621.2215] Intel AX203 WLAN show yellow bang in device manager when boot to OS for first time,WiFi,Raptor Lake Client Platforms,,Raptor Lake Client Platforms,2023-09-23 00:07:00,2023-10-23 00:00:00,Critical,YB/Lost,0.1458,1-Critical
2023,,false,[Lenovo][S790-14Pro][MTL-H][Win11] SRRC WiFi Test Fail(F/R: 5/5 UUts; 25/25 Cycles),Other,Meteor Lake,,Meteor Lake,2023-09-24 20:43:00,2023-11-12 00:00:00,High,Connectivity,0.1206,2-High
2023,WIFI-343107,false,[Lenovo_IdeaPad_CSLP][TB 16p Gen5][LCFC][FVT][Windows11] Intel Wirless (AX211):Device manager show Wlan/BT YB from MS/S4.,WiFi,Raptor Lake Client Platforms,Raptor Lake Client Platforms,Raptor Lake Client Platforms,2023-09-25 21:13:00,2023-12-10 00:00:00,High,YB/Lost,0.2276,1-Critical
2023,,false,[Lenovo_IdeaPad_CSLP][TB 16p Gen5][LCFC][FVT][Windows11] Intel Bluetooth (AX211):Device manager show BT YB and can be recovery from S4.,BT,Raptor Lake Client Platforms,,Raptor Lake Client Platforms,2023-09-25 03:01:00,2023-11-20 00:00:00,High,YB/Lost,0.2002,2-High
2023,,false,WRDS and WRGS BIOS setting question,WiFi,Raptor Lake Client Platforms,,Raptor Lake Client Platforms,2023-09-26 19:40:00,2023-11-20 00:00:00,Medium,RF,0.1213,3-Medium
2023,,false,[Lenovo-DT][ADL][AX201][Moto-Ready for] WiFi driect connection fail,WiFi,Alder Lake,,Alder Lake,2023-10-08 19:59:00,2023-12-04 00:00:00,High,Performance,0.1269,2-High
2023,,false,[Lenovo_IdeaPad_CSLP][Hetian][LCFC][FVT-QS][S990-IMH][Windows11] Intel Bluetooth (AX211):Unit occur BSOD 0x0a  when turn on BT with BT device connected.,BT,Meteor Lake,,Meteor Lake,2023-10-09 04:32:00,2023-11-05 00:00:00,Medium,BSOD,0.1451,3-Medium
2023,WIFI-346518,false,[Lenovo][USI][Manta][AMD][AX210][Win11 Pro x64 22H2][Fail rate 100%] S4 stress test Can find system error event 5002 after ACPI S4 Stress test with AX210,WiFi,AMD Ryzen,AMD Ryzen,AMD Ryzen,2023-10-10 03:45:00,2023-11-26 00:00:00,High,YB/Lost,0.133,2-High
2023,,false,[Lenovo][Wistron][DT][RPL-R][AX211][WIN11] WiFi&BT has Yellow Bang,WiFi,Raptor Lake Client Platforms,,Raptor Lake Client Platforms,2023-10-11 01:01:00,2023-12-05 00:00:00,High,Connectivity,0.1216,2-High
2023,WIFI-346830,false,[Lenovo_Thinkpad][Wistron][Blanc/Cook][Meteor][BE200][100%] BE200 UEFI WIFI boot function  can not enable,WiFi,Meteor Lake,Meteor Lake,,2023-10-11 03:49:00,2023-12-15 00:00:00,High,UEFI,0.2032,2-High
2023,,false,[AX211][RPL] Wifi suddenly disconnects during roaming transition,WiFi,Raptor Lake Client Platforms,,Raptor Lake Client Platforms,2023-10-12 21:07:00,2023-12-17 00:00:00,Critical,P2P,0.1367,1-Critical
2023,,false,[Lenovo_IdeaPad_CSLP][Hetian][LCFC][FVT-QS][S990-IMH][Windows11]Intel Bluetooth (AX211):Unit occur BSOD 0x3b when run WB stress test,BT,Meteor Lake,,Meteor Lake,2023-10-16 23:37:00,2023-12-02 00:00:00,High,BSOD,0.2269,2-High
2023,BT-188989,false,[Lenovo_IdeaPad][Hetian][LCFC][FVT-QS][S990-IMH][Windows11]Intel Bluetooth (AX211):BT lost when run S4/S5/CB stress test,BT,Meteor Lake,Meteor Lake,Meteor Lake,2023-10-17 04:20:00,2023-12-02 00:00:00,High,YB/Lost,0.1864,2-High
2023,,false,[Lenovo_IdeaPad][Hangzhou2.0][LCFC][FVT-QS][S990-IMU][Windows11]Intel Bluetooth (AX211): Yoga Book 9 BT KB show not connected & have no function after pair.,BT,Meteor Lake,,Meteor Lake,2023-10-18 20:30:00,2023-11-18 00:00:00,Medium,Connectivity,0.2335,3-Medium
2023,,false,"[Lenovo_Thinkpad][Wistron][Blanc/Cook][Meteor][BE200] [Win11] FVT2.0: Intel BE200 Bluetooth lost and show ""New Device- Unknown USB Device (Device Descriptor Request Failed)"" during IPConfigATS S4 longrun @126th-@500th.(FR:1/1units, 1/126 cycles)",BT,Meteor Lake,,Meteor Lake,2023-10-18 23:48:00,2024-01-06 00:00:00,High,YB/Lost,0.2102,2-High
2023,,false,[Lenovo_IdeaPad][Hetian][LCFC][FVT-QS][S990-IMH][Windows11]Intel Bluetooth (AX211):Wifi disconnet when do share & play movie with wlan stress test,WiFi,Meteor Lake,,Meteor Lake,2023-10-19 19:13:00,2023-11-25 00:00:00,Medium,YB/Lost,0.1025,3-Medium
2023,,false,[lenovo][lcfc][X13 Gen5][MTL][AX211/BE200][22H2][67%]Not connect to 5G when roaming,WiFi,Meteor Lake,,Meteor Lake,2023-10-22 20:28:00,2023-11-26 00:00:00,Medium,Connectivity,0.1208,3-Medium
2023,,false,[Huaqin][Lenovo][S790][AX211][MTL][22H2]single unit wifi alwasy YB,WiFi,Meteor Lake,,Meteor Lake,2023-10-22 23:28:00,2023-12-17 00:00:00,High,YB/Lost,0.1309,2-High
2023,,false,"[Lenovo_Thinkpad_China][Wistron][Blanc/Cook][Meteor][BE200] [Win11]  The WLAN BE200 transmission speed low(32Mbps-2.3Gbps Expect:>2.88Gbps) with WiFi7 after PM events. (FR:1/1units, 30/32 cycles)",WiFi,Meteor Lake,,Meteor Lake,2023-10-23 05:30:00,2023-11-08 00:00:00,High,Performance,0.1225,2-High
2023,WIFI-349595,false,[Lenovo_IdeaPad][Hetian][LCFC][FVT-QS][S990-IMH][Windows11]FW assert and reset when run S4/S5/CB stress test,WiFi,Meteor Lake,Meteor Lake,Meteor Lake,2023-10-23 18:43:00,2023-12-02 00:00:00,High,YB/Lost,0.1454,3-Medium
2023,,false,"[Lenovo_Thinkpad_China][Wistron][Blanc/Cook][Meteor][AX211/BE200] [Win10&Win11] The online video will stuck and accompanied by noise and garbage when Phone project to PC with both WLAN AX211 and BE200. (FR: 2/2 units, 2/10 cycles)",WiFi,Meteor Lake,,Meteor Lake,2023-10-23 06:16:00,2023-11-26 00:00:00,High,P2P,0.1735,2-High
2023,,false,[Lenovo Thinkbook][Lenovo][TB 13X G4][Intel AX211]  Could not find any BT device with BT enabled,BT,Meteor Lake,,Meteor Lake,2023-10-24 23:11:00,2023-11-02 00:00:00,High,Connectivity,0.2074,2-High
2023,,false,"[Lenovo][Wistron][WLAN][AX203][Win11]Stress_ MS_ SW Drips is 0% and HW Drips is ""-"" (worst no SW&HW drips) in sleep report after run MS stress",WiFi,Meteor Lake,,Meteor Lake,2023-10-24 20:36:00,2023-12-16 00:00:00,High,Power Consumption,0.5141,2-High
2023,,false,"[Lenovo_IdeaPad][Hetian][LCFC][FVT-QS][S990-IMH][Windows11]Intel Bluetooth (AX211)Connection status change on ""add a device"" interface (Connected->Not connected-> Connected) when two unit pair by BT.(F/R:2/2units,6/10cycles)",BT,Meteor Lake,,Meteor Lake,2023-10-25 03:03:00,2023-11-18 00:00:00,Medium,Connectivity,0.1966,3-Medium
2023,,false,[Lenovo][Compal][S590-15IRL9][JLS5I][RPL][Win11SV2][FVT] WLAN AX211 device show yellow bang when download Image.(F/R:1/2),WiFi,Raptor Lake Client Platforms,,Raptor Lake Client Platforms,2023-10-26 02:53:00,2023-12-17 00:00:00,Low,YB/Lost,0.1629,4-Low
2023,,false,[Lenovo_IdeaPad][Hangzhou2.0][LCFC][FVT-QS][S990-IMU][Windows11]Intel Bluetooth (AX211):BT headset show not connected after resume from S4/S5/WB,BT,Meteor Lake,,Meteor Lake,2023-10-26 03:04:00,2023-12-02 00:00:00,Medium,Connectivity,0.2086,3-Medium
2023,,false,"[Lenovo][Wistron][Fenrir3-Intel][MTL-U][AX211][23H2][100%]WiFi Manager show ""Sca",WiFi,Meteor Lake,,Meteor Lake,2023-10-26 23:47:00,2023-11-03 00:00:00,High,Connectivity,0.1423,2-High
2023,WIFI-351262,true,[lenovo][lcfc][Matterhorn][MTL][BE200][23H2][2/6 units]BSOD 0x10d @ s0i3 test,WiFi,Meteor Lake,Meteor Lake,Meteor Lake,2023-10-27 00:56:00,2023-11-20 00:00:00,High,BSOD,0.2222,1-Critical
2023,,false,[lenovo][lcfc][Missouri-2][AX211/BE200]Driver design check,WiFi,Meteor Lake,,Meteor Lake,2023-10-27 08:35:18,2023-11-20 07:59:21,High,Connectivity,0.1107,2-High
2023,,false,[Lenovo][Compal][S590-15IRL9][JLS5I][RPL][Win11SV2][PVT] [S590-15IRL9 PVT]390660 - Unit can not sent file after connect two machine via bluetooth. (F/R: 1/4 units; 3/15cycles),BT,Raptor Lake Client Platforms,,Raptor Lake Client Platforms,2023-10-29 18:45:00,2023-12-24 00:00:00,Medium,Connectivity,0.2235,3-Medium
2023,,false,[MTL][BE200] No AP scanned when using BIOS with 3.2.24 UEFI FW,WiFi,Meteor Lake,,Meteor Lake,2023-10-30 21:01:00,2023-12-13 00:00:00,High,UEFI,0.1677,2-High
2023,,false,(Copy Of 00825210) [Lenovo][Compal][S590 ILS4M_ILS6M][MTL-H][AX203/AX211]System event log shows error.,WiFi,Meteor Lake,,Meteor Lake,2023-10-30 18:41:00,2023-12-05 00:00:00,High,YB/Lost,0.1131,2-High
2023,,false,L13 Yoga Gen 3 with AX211 - Wireless reconnects while using Teams,WiFi,Alder Lake,,Alder Lake,2023-10-31 18:14:27,2024-04-16 18:43:54,Medium,P2P,0.1096,3-Medium
2023,,false,"[Lenovo_IdeaPad_CSLP][TB 16p Gen5][LCFC][FVT][Windows11] Intel Bluetooth (AX211): No notification ""New Bluetooth mouse found(if this is your device, connect to it) "" when connect BT mouse via Swift pair",BT,Meteor Lake,,Meteor Lake,2023-11-01 20:11:00,2023-11-25 00:00:00,Medium,Connectivity,0.164,3-Medium
2023,,false,"[Lenovo Thinkbook][Lenovo][TB 13X G4][Intel AX211] Run HLK item ""Bluetooth - HciExtensionsV2 (Development and Integration)"" test failed.(FR: 2/2 units, 10/10 times)",BT,Meteor Lake,,Meteor Lake,2023-11-01 00:08:00,2023-12-12 00:00:00,High,HLK,0.2053,2-High
2023,,false,[Lenovo_IdeaPad][Hetian][LCFC][FVT-QS][S990-IMH][Windows11]Intel WLAN (AX211):WLAN speed check not meet spec when resume from S4,WiFi,Meteor Lake,,Meteor Lake,2023-11-02 05:11:00,2023-12-23 00:00:00,Medium,Connectivity,0.1093,3-Medium
2023,,false,[Lenovo][LCFC][X13_Gen5][MTL][AX211][Win11][1/3]Media player show 0xC00D6D6F,BT,Meteor Lake,,Meteor Lake,2023-11-02 06:18:00,2023-11-28 00:00:00,Medium,Connectivity,0.2329,3-Medium
2023,,false,[Lenovo][LCFC][X13_Gen5][MTL][AX211][Win11][3/3]Auto disconnect Airpods Pro 2rd,BT,Meteor Lake,,Meteor Lake,2023-11-06 00:49:00,2023-11-23 00:00:00,High,Connectivity,0.2197,2-High
2023,WIFI-354702,false,[MTL][BE200] - BSOD0x7E pointing to Netwtw12.sys encountered,WiFi,Meteor Lake,Meteor Lake,Meteor Lake,2023-11-06 21:57:00,2023-12-17 00:00:00,High,BSOD,0.1017,1-Critical
2023,,false,"[Lenovo_Thinkpad_China][Wistron][Blanc/Cook/Fenrir3][Meteor][AX211] [Win11] Bluetooth Headset/Speakers audio stutter when use ""Media player"" play local music file.(FR:4/4 Units,6/8 cycles)",BT,Meteor Lake,,Meteor Lake,2023-11-06 02:52:00,2023-11-14 00:00:00,High,Connectivity,0.2159,2-High
2023,,false,[Lenovo LCFC][X13 Gen5]Perform Intel BE200 conductive throughput test and got lower 5G 160MHz BW Rx performance(1840Mbps<2100Mbps criteria),WiFi,Meteor Lake,,Meteor Lake,2023-11-07 19:00:00,2023-12-16 00:00:00,High,Performance,0.2253,2-High
2023,,false,[Lenovo_IdeaPad][TB 16p Gen5][LCFC][FVT][Windows11] Intel Bluetooth (AX211):Cannot transfer file by Bluetooth Direct Connect.,BT,Meteor Lake,,Meteor Lake,2023-11-07 03:54:00,2024-01-06 00:00:00,High,Connectivity,0.1873,2-High
2023,,false,PC cant connect with Motorola Phone by P2P mode,WiFi,Tiger Lake,,Tiger Lake,2023-11-08 18:49:00,2023-11-29 00:00:00,High,P2P,0.1812,2-High
2023,,false,[Lenovo Thinkbook][Lenovo][TB 13X G4][Intel AX211] BT headset has no sound output after Play music with BT headset connect.(F/R:1/2units;1/16cycles),BT,Meteor Lake,,Meteor Lake,2023-11-09 22:37:00,2023-12-12 00:00:00,High,Connectivity,0.2346,2-High
2023,,false,"[Lenovo_IdeaPad][TB 16p Gen5][LCFC][FVT][Windows11] Intel Bluetooth (AX211):BT headset show ""That didnt work"" info in system setting interface when disconnect and then connect BT headset again.",BT,Meteor Lake,,Meteor Lake,2023-11-09 03:39:00,2024-01-01 00:00:00,Medium,Connectivity,0.1846,3-Medium
2023,,false,[MTL][AX211] Intermittent YB found on WLAN device upon first boot,WiFi,Meteor Lake,,Meteor Lake,2023-11-13 03:35:00,2024-01-14 00:00:00,High,YB/Lost,0.1744,2-High
2023,,false,[Lenovo Thinkbook][Lenovo][TB 13X G4][Intel AX211] BLE BT headset cant automatic connection after restart.(FR:2/2units; 6/6cycles),BT,Meteor Lake,,Meteor Lake,2023-11-13 22:41:00,2023-12-12 00:00:00,High,Connectivity,0.2374,2-High
2023,WIFI-356402,true,[Lenovo/Commercial][LCFC][MTL][ax211][Yoga pro9] new SRRC enable failed on Lenovo Platform,WiFi,Meteor Lake,Meteor Lake,Meteor Lake,2023-11-13 18:20:00,2023-12-16 00:00:00,Medium,Connectivity,0.135,2-High
2023,WIFI-358700,false,[lenovo][lcfc][Matterhorn][MTL][BE200][23H2][1/47 units]BSOD 0x9F @ s4 test,WiFi,Meteor Lake,Meteor Lake,Meteor Lake,2023-11-13 00:55:00,2024-01-09 00:00:00,High,BSOD,0.2626,2-High
2023,,false,[Lenovo_IdeaPad][TB 16p Gen5][LCFC][FVT][Windows11] Intel Bluetooth (AX211):BT device show yellow mark (code 10),BT,Meteor Lake,,Meteor Lake,2023-11-13 21:56:00,2024-01-06 00:00:00,High,Connectivity,0.1782,2-High
2023,,false,[Lenovo IdeaPad][Y990-IRX][SIT][RPL-X][LCFC][HF][Win11]Killer(R) Wi-Fi 6E AX1675i (AX211)- Intel PROSet/Wireless WiFi Software extension lost in Device Manager When run Stress_S3/S4,WiFi,Raptor Lake Client Platforms,,Raptor Lake Client Platforms,2023-11-14 01:12:00,2023-12-23 00:00:00,High,YB/Lost,0.1451,2-High
2023,,false,[Lenovo_IdeaPad_CSLP][Hetian][LCFC][FVT-QS][S990-IMH][Windows11]Intel Bluetooth (AX211):Stress_FB_BSOD 0x7A(BT) when run FB stress test(F/R:1/49units 1/13558cycles),BT,Meteor Lake,,Meteor Lake,2023-11-14 02:04:00,2023-12-24 00:00:00,Medium,Connectivity,0.1407,3-Medium
2023,,false,[Lenovo Thinkbook][Lenovo][TB 13X G4][Intel AX211] BLE BT headset shows disconnected status after connecting to the DUT,BT,Meteor Lake,,Meteor Lake,2023-11-14 01:10:00,2023-11-29 00:00:00,High,Connectivity,0.216,2-High
2023,,false,[Lenovo_Thinkpad_china][Wistron][Fenrir3][Meteor][AX211] [Win10&Win11] FVT2.01: BT headphones automatic disconnect after connect BT headphones(AirPods Pro 2nd generation) to system about 20s. [AirPods Pro 2nd generation] for the first time,BT,Meteor Lake,,Meteor Lake,2023-11-14 01:08:00,2023-11-28 00:00:00,High,Connectivity,0.2149,2-High
2023,,false,[Lenovo][Wistron][WLAN][AX211][Win11]Stress_ MS_ SW Drips is 89% and HW Drips is 89% in sleepstudy report after run MS stress,WiFi,Meteor Lake,,Meteor Lake,2023-11-15 17:27:00,2023-12-23 00:00:00,High,Power Consumption,0.303,2-High
2023,,false,[Lenovo][LC58INTEL][Rpl]music cannot be played after resume form S4,BT,Raptor Lake Client Platforms,,Raptor Lake Client Platforms,2023-11-15 17:03:00,2024-01-06 00:00:00,High,Connectivity,0.1963,2-High
2023,,false,[lenovo][lcfc][Eiger][MTL][BE200][22H2][5/20 trials]Wifi shows cant connect,WiFi,Meteor Lake,,Meteor Lake,2023-11-16 01:55:00,2023-12-04 00:00:00,High,Connectivity,0.1094,2-High
2023,,false,[lenovo][lcfc][Eiger][MTL][AX211][22H2][1/10 trials]Mobile hotspot auto drop,WiFi,Meteor Lake,,Meteor Lake,2023-11-17 02:55:00,2023-12-04 00:00:00,High,Connectivity,0.1616,2-High
2023,,false,[lenovo][lcfc][Matterhorn][MTL][BE200][23H2][5/27 trials]BE200 YB during test,WiFi,Meteor Lake,,Meteor Lake,2023-11-19 22:44:00,2024-01-09 00:00:00,High,YB/Lost,0.1506,2-High
2023,,false,[lenovo][lcfc][Matterhorn][MTL][BE200][23H2][2/2units]Auto disconnect 6G band,WiFi,Meteor Lake,,Meteor Lake,2023-11-19 22:24:00,2024-01-09 00:00:00,High,Connectivity,0.1277,2-High
2023,,false,[lenovo][lcfc][Eiger][MTL][BE200][22H2][6/16 trials] Delay 10s to start D/L,WiFi,Meteor Lake,,Meteor Lake,2023-11-19 18:58:00,2023-12-06 00:00:00,High,P2P,0.1055,2-High
2023,WIFI-356425,false,[Lenovo_Yoga_C990][Wenchang][LCFC][SIT]Intel WLAN (AX211):wlan show YB(error code 10) when connected to 6G and ping test.,WiFi,Meteor Lake,Meteor Lake,Meteor Lake,2023-11-19 19:20:00,2023-12-23 00:00:00,High,YB/Lost,0.1562,2-High
2023,,false,[lenovo][lcfc][OAK2][MTL][AX211][22H2][100%]Downgrade to WAP2-Enterprise,WiFi,Meteor Lake,,Meteor Lake,2023-11-19 17:57:00,2023-11-27 00:00:00,High,Connectivity,0.1228,2-High
2023,,false,[Lenovo][Wistron][TB1416 G7][Metor Lake][AX211][Win11 SV2][100%]SAR table issue,WiFi,Meteor Lake,,Meteor Lake,2023-11-21 23:06:00,2024-01-13 00:00:00,High,Connectivity,0.1013,2-High
2023,,false,[lenovo][lcfc][Eiger][MTL][AX211][22H2][12/32trials]D/L speed slow after S4,WiFi,Meteor Lake,,Meteor Lake,2023-11-21 02:02:00,2023-12-06 00:00:00,High,Connectivity,0.1233,2-High
2023,,false,WLAN BE200 activity make system cant sleep,WiFi,Meteor Lake,,Meteor Lake,2023-11-21 05:02:00,2023-12-21 00:00:00,Critical,System Hang,0.1035,1-Critical
2023,WIFI-357703,true,[Lenovo_ThinkPad_JP][THAMES][MTL][GaP2] Wi-Fi 7 low Tx throughput issue,WiFi,Meteor Lake,Meteor Lake,Meteor Lake,2023-11-22 00:50:00,2024-04-04 00:00:00,High,Performance,0.2337,2-High
2023,,false,"[Lenovo][Wistron][WLAN][AX211][AX203][Win11]System wifi will disconnect after changing the RF mod of the connected WiFi(uncheck""connect automaticlly"")",WiFi,Meteor Lake,,Meteor Lake,2023-11-22 23:27:00,2024-01-13 00:00:00,High,P2P,0.1269,2-High
2023,,false,"[Lenovo][Huaqin][C790-Intel][MTL-H/U][AX203/AX211][Win11]Unable to search for Bluetooth devices in the search list under Bluetooth settings.(F/R 2/2 UUTs, 4/40cycles)",BT,Meteor Lake,,Meteor Lake,2023-11-24 19:34:00,2023-12-16 00:00:00,Medium,Connectivity,0.1706,3-Medium
2023,,false,"[Lenovo][Huaqin][C790-Intel][MTL-H/U][AX203/AX211][Win11]DUT system event log	display ""BTHUSB error(Event ID 17) "" when running  S4 test (8/35 by UUTs,8/10500 by cycles)",BT,Meteor Lake,,Meteor Lake,2023-11-24 19:13:00,2024-02-05 00:00:00,High,YB/Lost,0.1339,2-High
2023,,false,[Lenovo_Thinkpad][Wistron][Blanc/Cook][Meteor][AX211/BE200] Encounter BSOD Driver power state failure with TAT tool (DRIVER_POWER_STATE_FAILURE (9f)),BT,Meteor Lake,,Meteor Lake,2023-11-26 22:16:00,2024-01-09 00:00:00,High,BSOD,0.169,2-High
2023,,false,Motorola Ready for disconnection,WiFi,Tiger Lake,,Tiger Lake,2023-11-26 18:23:00,2024-01-13 00:00:00,High,Performance,0.1035,2-High
2023,,false,[Lenovo_IdeaPad][Hangzhou2.0][LCFC][SIT-QS][YB9-IMU][Windows11]Intel WLAN (AX211):Stress_MS_Hang up black screen actually 0x14F when run MS test(F/R:5/28units 5/29554cycles),WiFi,Meteor Lake,,Meteor Lake,2023-11-27 23:16:00,2024-01-13 00:00:00,Medium,Sensing,0.1146,3-Medium
2023,,false,[Lenovo][LCFC][Missouri2]Volume become loud while Bluetooth headphone reconnect,BT,Meteor Lake,,Meteor Lake,2023-11-28 05:41:00,2023-12-06 00:00:00,Medium,Connectivity,0.1873,3-Medium
2023,,false,"[MTL][BE200] SW/HW Drips are 0% and it points to BE200 WLAN (FR: 12/13 trials, 1/1 unit)",WiFi,Meteor Lake,,Meteor Lake,2023-11-28 16:51:00,2024-01-10 00:00:00,High,Power Consumption,0.3276,2-High
2023,,false,[lenovo][lcfc][Matterhorn][MTL][AX211][23H2][100%]Signal drop during D/L,WiFi,Meteor Lake,,Meteor Lake,2023-11-29 02:29:00,2023-12-06 00:00:00,High,Connectivity,0.122,2-High
2023,,false,[Lenovo Thinkbook][Lenovo][TB 13X G4][Intel AX211] Connected BT headset disconnects and then re-connect again,BT,Meteor Lake,,Meteor Lake,2023-12-04 23:43:00,2024-01-06 00:00:00,High,Connectivity,0.228,2-High
2023,,false,[BE200] BSOD 0x9f pointing to netwaw14.sys after resume from S4,WiFi,Meteor Lake,,Meteor Lake,2023-12-05 20:27:00,2024-01-09 00:00:00,High,BSOD,0.3034,2-High
2023,,false,[Lenovo][Compal][S590 ILS4M_ILS6M][MTL-H][AX211]Intel WLAN device shows YB when CB.,WiFi,Meteor Lake,,Meteor Lake,2023-12-06 21:20:00,2024-01-02 00:00:00,High,YB/Lost,0.1779,2-High
2023,,false,[Lenovo][LCFC][Missouri2]Jabra_evolve 75 headset dont appear after re-paired.,BT,Meteor Lake,,Meteor Lake,2023-12-06 01:40:00,2024-02-05 00:00:00,High,Connectivity,0.2338,2-High
2023,,false,[Lenovo Thinkpad][JingWei2.0][FVT][MTL-U/H][LCFC][HF][Win11]AX201 BT:EUT occur BSOD(Bugcheck:0x9F) when perform OPAL SSD encrypted by Winmagic SecDoc_9.0_SR4 tool.(FR:1/4units;1/4trials),BT,Meteor Lake,,Meteor Lake,2023-12-07 00:00:00,2024-02-05 00:00:00,Medium,BSOD,0.2209,3-Medium
2023,WIFI-363030,false,"[Lenovo][Huaqin][C790_Intel][Win11][IntelAX211&AX203]WLAN BT show YB during S4 stress.FR:3/35UUTs,3/10500cycles",WiFi,Meteor Lake,Meteor Lake,Meteor Lake,2023-12-10 19:19:00,2024-01-16 00:00:00,High,YB/Lost,0.2172,1-Critical
2023,WIFI-363019,false,"[Lenovo_Thinkpad_China][Wistron][Blanc/Cook][Meteor][BE200]SIT1.0 SUT show BSOD(Stope code: DRIVER_POWER_STATE _FAILURE) during AC S4 (FR:1/15EUT,1/2610trials).",WiFi,Meteor Lake,Meteor Lake,Meteor Lake,2023-12-11 03:28:00,2023-12-15 00:00:00,High,BSOD,0.2236,1-Critical
2023,WIFI-364091,false,"[lenovo][lcfc][Lam1][MTL][AX211][23H2][3/60]MHs client disconnect, w/o wifi list",WiFi,Meteor Lake,Meteor Lake,Meteor Lake,2023-12-13 19:18:00,2024-04-01 00:00:00,High,Connectivity,0.1339,2-High
2023,,false,[Lenovo_ThinkPad_JP][THAMES][MTL][GfP2] BT device lost issue,BT,Meteor Lake,,Meteor Lake,2023-12-13 21:21:00,2024-03-12 00:00:00,High,YB/Lost,0.2937,2-High
2023,,false,[Lenovo][LCFC][Oak2][MTL]system BSOD 0x9F with Garfield Peak2,BT,Meteor Lake,,Meteor Lake,2023-12-13 23:41:00,2023-12-28 00:00:00,Medium,BSOD,0.28,3-Medium
2023,,false,[Lenovo_ThinkPad_JP][THAMES][MTL][GaP2] Shown security type,WiFi,Meteor Lake,,Meteor Lake,2023-12-15 03:09:00,2024-01-19 00:00:00,Medium,Connectivity,0.1152,3-Medium
2023,,false,"[Lenovo_Thinkpad_China][Wistron][Blanc/Cook][Meteor][BE200] W10:W11:22H2:HLK: Bluetooth Audio A2DP feature detection, failed",BT,Meteor Lake,,Meteor Lake,2023-12-15 03:27:00,2024-01-09 00:00:00,High,HLK,0.2152,2-High
2023,WIFI-365608,true,[lenovo][lcfc][OAK-2][MTL][AX211][23H2][1/800 units]device lost @ restart,WiFi,Meteor Lake,Meteor Lake,Meteor Lake,2023-12-19 21:33:00,2024-03-17 00:00:00,High,YB/Lost,0.1563,2-High
2023,WIFI-366214,false,[Lenovo_Yoga_C990][Wenchang][LCFC][SIT]Intel WLAN (AX211):Intel PIE driver will be installed in the WinRE environment and the WiFi will disconnect then caused the CSR test fail.,WiFi,Meteor Lake,Meteor Lake,Meteor Lake,2023-12-21 01:51:00,2024-01-13 00:00:00,High,Connectivity,0.1253,2-High
2023,,false,[Lenovo Thinkpad][JingWei2.0][FVT][MTL-U/H][LCFC][HF][Win11]AX211 BT:The sound disappear about 2s from BLE headphone then immediately auto resume normally when disconnected BT device then connected BT device with music is played about 3s.,BT,Meteor Lake,,Meteor Lake,2023-12-24 18:51:00,2024-02-26 00:00:00,Medium,Connectivity,0.2162,3-Medium
2023,,false,[Lenovo_ThinkPad_JP][THAMES][MTL][GaP2] 11ac_80MHzBW_Ch.157_Rx low throughput,WiFi,Meteor Lake,,Meteor Lake,2023-12-24 21:40:00,2024-05-19 00:00:00,High,Performance,0.2424,2-High
2023,,false,[Lenovo_Yoga_C990][Wenchang][LCFC][SIT]Intel BT (AX211):BLE BT headphone volume cant be mute by unit .,BT,Meteor Lake,,Meteor Lake,2023-12-25 02:05:00,2024-02-26 00:00:00,High,Connectivity,0.2307,2-High
2023,,false,(Copy Of 00853619) [Lenovo Thinkbook][Lenovo][TB 13X G4][Intel AX211] Pressing F1 could not mute sound output to BLE headset,BT,Meteor Lake,,Meteor Lake,2023-12-28 20:15:00,2024-01-24 00:00:00,High,Connectivity,0.2406,2-High
2023,,false,[Lenovo][LCFC][Missouri2][MTL]Bluetooth become unknow device while stress S4,BT,Meteor Lake,,Meteor Lake,2023-12-28 09:20:47,2024-01-26 10:05:50,Medium,Connectivity,0.1713,3-Medium
2023,WIFI-368602,true,[Lenovo Thinkbook][Lenovo][TB 13X G4][Intel AX211]BSOD 0x13A(Netwtw14!memFree) occurs when running WB stress test in product line,WiFi,Meteor Lake,Meteor Lake,Meteor Lake,2023-12-28 00:48:00,2024-03-12 00:00:00,High,BSOD,0.2017,2-High
2023,,false,[Lenovo Thinkbook][Lenovo][TB 13X G4][Intel AX211] BLE BT headphone volume cant be change after resume from S4/CB/WB,BT,Meteor Lake,,Meteor Lake,2023-12-28 20:10:00,2024-01-03 00:00:00,High,Connectivity,0.2091,2-High
2024,,false,[Lenovo][LCFC][Missouri2][MTL]Bluetooth become unknow device while stress,BT,Meteor Lake,,Meteor Lake,2024-01-01 22:21:00,2024-02-06 00:00:00,High,Connectivity,0.1829,2-High
2024,,false,"[Lenovo_Thinkpad][Wistron][Fenrir3][Meteor][AX211][FR:20%]SUT show event error(event ID: 5005, Netwtw14)",WiFi,Meteor Lake,,Meteor Lake,2024-01-02 02:27:00,2024-01-11 00:00:00,High,YB/Lost,0.1401,2-High
2024,,false,[lenovo_mtlh_missouri2][BE200][Win11]HLK MS test fail (SW DRIPS < 80%),WiFi,Meteor Lake,,Meteor Lake,2024-01-03 21:50:00,2024-01-09 00:00:00,Critical,Power Consumption,0.2369,1-Critical
2024,,false,[Lenovo_Yoga_C990][Wenchang][LCFC][SVT]Intel WLAN (AX211):wlan show YB when do MS test. FR: 1/30cycles,WiFi,Meteor Lake,,Meteor Lake,2024-01-04 19:10:00,2024-02-19 00:00:00,Critical,YB/Lost,0.1777,1-Critical
2024,,false,"[Lenovo-Ideapad][Baikal2.0-EVT][IRL][LCFC]Intel AX203/AX211 BT: After BT mouse and BT headset both connected to Unit, BT mouse show lag when play online music. (F/R:2/2units, 4/4 cycles)",BT,Meteor Lake,,Meteor Lake,2024-01-04 23:33:00,2024-04-01 00:00:00,High,Connectivity,0.2099,2-High
2024,WIFI-372728,false,[Lenovo][DT][Field_Issue][TGL][AX201]Intel AX201 WiFi connection is unstable and frequently disconnect from AP at home,WiFi,Tiger Lake,Tiger Lake,Tiger Lake,2024-01-06 18:42:00,2024-02-06 00:00:00,High,Performance,0.1116,2-High
2024,,false,[Lenovo-DT] Intel AX200 missing an encryption type - WPA3 Enterprise,WiFi,Comet Lake,,Comet Lake,2024-01-08 17:57:00,2024-02-13 00:00:00,High,Connectivity,0.1017,2-High
2024,,false,[Lenovo-DT] 3 WiFi options will show in task manager when setting the channel width for 5GHz to 20MHz only,WiFi,Unassigned,,Unassigned,2024-01-08 18:08:00,2024-03-17 00:00:00,High,P2P,0.1773,2-High
2024,,false,[Lenovo_mtl_Missouri2]The sound disappear about 2s from LE BT Galaxy Buds2 pro headphones then immediately auto resume normally when disconnected BT device then connected BT device with music is played about 3s,BT,Meteor Lake,,Meteor Lake,2024-01-09 22:37:00,2024-02-22 00:00:00,Medium,Connectivity,0.1901,3-Medium
2024,,false,[lenovo_mtlh_oak2][AX211][Win11]BSOD 0x13a during S4 stress test,WiFi,Meteor Lake,,Meteor Lake,2024-01-09 23:04:00,2024-01-14 00:00:00,High,BSOD,0.2313,2-High
2024,,false,[Lenovo_mtlh_oak2]System has BSOD 0x9F with USB XHCI,BT,Meteor Lake,,Meteor Lake,2024-01-09 21:37:00,2024-02-06 00:00:00,Medium,BSOD,0.3043,3-Medium
2024,WIFI-378827,false,"[Lenovo ThinkPad CN][LCFC][E14 G4 E15 G4][ADL][AX211,AX201,9560]0x9F_3_SETPOWER_IMAGE_Netwtw12.sys",WiFi,Alder Lake,Alder Lake,Alder Lake,2024-01-09 01:26:00,2024-02-25 00:00:00,Medium,P2P,0.1349,2-High
2024,,false,BE200 WLAN can connect to WPA3 Enterprise with expired cert,WiFi,Meteor Lake,,Meteor Lake,2024-01-10 15:48:00,2024-01-16 00:00:00,High,UEFI,0.1006,2-High
2024,WIFI-373349,false,[Lenovo_Thinkpad_China][Wistron][Blanc/Cook][Meteor][BE200][FR:100%]BE200 disconnect from AP under UEFI environment.,WiFi,Meteor Lake,Meteor Lake,Meteor Lake,2024-01-11 03:07:00,2024-03-13 00:00:00,High,UEFI,0.1341,2-High
2024,,false,[Lenovo_MTLH_marie_Curie-1]Bluetooth automatically disconnect .,BT,Meteor Lake,,Meteor Lake,2024-01-11 23:30:00,2024-02-12 00:00:00,High,Connectivity,0.2502,2-High
2024,,false,"[Lenovo_Thinkpad_China][Wistron][Fenrir3][Meteor][AX211]SUT shows ""Missing Device: Intel(R) Wireless Bluetooth(R), Former Status= OK""in log file during S4 longrun test in DC mode.(FR:2/8units, 2/640cycles)",BT,Meteor Lake,,Meteor Lake,2024-01-15 23:08:00,2024-01-29 00:00:00,High,Connectivity,0.1546,2-High
2024,,false,[Lenovo-DT][Tiny 6][AX200]Intel AX200 WiFi WoLAN test fail,WiFi,Comet Lake,,Comet Lake,2024-01-16 21:42:00,2024-02-26 00:00:00,High,HLK,0.1402,2-High
2024,WIFI-378432,true,"YB Error code 10 on WLAN device after restart (FR: 1/1 unit, 2/5 trials)",WiFi,Meteor Lake,Meteor Lake,Meteor Lake,2024-01-17 23:09:00,2024-03-17 00:00:00,High,YB/Lost,0.2455,1-Critical
2024,,false,"[Lenovo][TB14_2-in-1_G4_MTL_SIT_Win11]Connecting the HUAWEI freebuds 4i Bluetooth headset during web video playback, the sound is output from the built-in speaker by default.",BT,Meteor Lake,,Meteor Lake,2024-01-19 17:23:00,2024-03-17 00:00:00,High,Connectivity,0.2015,2-High
2024,,false,[Lenovo-IdeaPad][LNL][SV3][QiXia][PreEVT][FMP]No bluetooth devices,BT,Lunar Lake,,Lunar Lake,2024-01-21 22:08:00,2024-03-23 00:00:00,High,Connectivity,0.2075,2-High
2024,,false,[Lenovo_Yoga_C990][Wenchang][LCFC][SIT]Intel BT (AX211): units show noise when use Unison app phone call,BT,Meteor Lake,,Meteor Lake,2024-01-25 17:24:00,2024-04-01 00:00:00,High,Connectivity,0.1968,2-High
2024,,false,"[Lenovo_mtlh_Missouri2]System mute, but sound still out from Galaxy Buds2 Pro",BT,Meteor Lake,,Meteor Lake,2024-01-26 02:36:00,2024-02-06 00:00:00,High,Connectivity,0.1846,2-High
2024,,false,[Lenovo][Compal][Thinkbook gen6+][MTL] BT device lost when run stress S0i3,BT,Meteor Lake,,Meteor Lake,2024-01-29 18:51:00,2024-04-27 00:00:00,High,YB/Lost,0.2188,2-High
2024,WIFI-392726,true,[Lenovo][Compal][Thinkbook gen6+][MTL] WLAN device show YB when run stress MS/CB,WiFi,Meteor Lake,Meteor Lake,Meteor Lake,2024-01-29 18:31:00,2024-04-09 00:00:00,High,YB/Lost,0.2173,2-High
2024,WIFI-382310,false,[Lenovo_IdeaPad_CSLP][QuZhou 6D][LCFC][SS][S590-MTL][Windows11]WLAN shwo YB when  connecting AP,WiFi,Meteor Lake,Meteor Lake,Meteor Lake,2024-01-31 23:38:00,2024-02-25 00:00:00,High,Sensing,0.1364,2-High
2024,,false,BSOD: WDF Violation encountered on TM-1 unit,WiFi,Meteor Lake,,Meteor Lake,2024-02-01 02:24:57,2024-02-14 01:45:16,High,BSOD,0.581,2-High
2024,WIFI-405541,false,[MTL][BE200] SW/HW DRIPS are <90% and it points to BE200 WLAN,WiFi,Meteor Lake,Meteor Lake,Meteor Lake,2024-02-02 00:24:00,2024-05-23 00:00:00,High,Power Consumption,0.4189,2-High
2024,WOT-41635,false,[Lenovo-IdeaPad][LNL][QIXIA][win11][EVT][FmP]CITU Marginal testing failed,Other,Lunar Lake,Lunar Lake,Lunar Lake,2024-02-06 16:20:00,2024-03-09 00:00:00,High,Connectivity,0.1259,2-High
2024,WIFI-383978,true,[Lenovo-IdeaPad][LNL][QIXIA][win11][EVT][FmP]WiFi YB after reboot,WiFi,Lunar Lake,Lunar Lake,Lunar Lake,2024-02-06 16:15:00,2024-04-01 00:00:00,High,YB/Lost,0.1669,2-High
2024,,false,"[Lenovo_mtl_Missouri2]System cant remove Bluetooth headphone immediately,while Wifi connected.",BT,Meteor Lake,,Meteor Lake,2024-02-06 13:24:50,2024-02-22 10:52:59,Medium,Connectivity,0.1932,3-Medium
2024,,false,[lenovo_mtlh_missouri2][BE200][23H2][3/4trials] External screen freeze thru widi,WiFi,Meteor Lake,,Meteor Lake,2024-02-06 01:05:00,2024-04-27 00:00:00,High,P2P,0.1255,2-High
2024,,false,BSOD pointing to NETIO.sys,WiFi,Meteor Lake,,Meteor Lake,2024-02-13 17:50:00,2024-03-06 00:00:00,Medium,BSOD,0.6543,3-Medium
2024,,false,[Jaguar-3][RPL][AX211] Wifi randomly disconnects,WiFi,Raptor Lake Client Platforms,,Raptor Lake Client Platforms,2024-02-20 17:06:00,2024-03-18 00:00:00,Medium,P2P,0.1778,3-Medium
2024,,false,[Lenovo_MTL_Matterhorn]Intel AX211 Bluetooth device YB after at power on / Shutdown cycles test.,BT,Meteor Lake,,Meteor Lake,2024-02-22 02:19:00,2024-04-15 00:00:00,High,YB/Lost,0.1679,2-High
2024,,false,[Lenovo Thinkpad][JingWei2.0][FVT][MTL-U/H][LCFC][HF][Win11]AX201 BT:EUT occur BSOD(Bugcheck:0x9F) when shutdown and the power on unit.(FR:1/20units;1/10trials),BT,Meteor Lake,,Meteor Lake,2024-02-25 23:18:00,2024-04-27 00:00:00,High,BSOD,0.1939,2-High
2024,,false,[Lenovo_ThinkBook_Plus][Gem][LCFC][SIT]Intel WLAN (AX211): Wlan show YB when connect AP.,WiFi,Meteor Lake,,Meteor Lake,2024-02-26 18:43:00,2024-04-09 00:00:00,High,YB/Lost,0.1672,2-High
2024,,false,[Lenovo-IdeaPad][LNL][SV3][QiXia][EVT][FMP]Bluetooth device lost when doing stress S4 and coldboot,BT,Lunar Lake,,Lunar Lake,2024-02-26 17:57:00,2024-04-13 00:00:00,Critical,YB/Lost,0.2365,1-Critical
2024,,false,[Lenovo-Ideapad][LNL][FmP]All BT devices will disconnect when send/receive files and play the music via BT device at the same time.,BT,Lunar Lake,,Lunar Lake,2024-02-27 00:12:00,2024-03-26 00:00:00,High,Connectivity,0.1635,2-High
2024,,false,[Lenovo-IdeaPad][LNL][QIXIA][win11][EVT][FmP]conductive test failed,WiFi,Lunar Lake,,Lunar Lake,2024-03-03 18:55:00,2024-04-02 00:00:00,Critical,UEFI,0.1088,1-Critical
2024,,false,[Lenovo_ThinkPad_JP][THAMES-2][LNL][FmP2] CITU BRI cannot work,BT,Lunar Lake,,Lunar Lake,2024-03-03 21:33:00,2024-04-09 00:00:00,High,Connectivity,0.1391,2-High
2024,WIFI-392776,false,[AX211][MTL] YB encountered after resume from S4,WiFi,Meteor Lake,Meteor Lake,Meteor Lake,2024-03-04 18:11:00,2024-04-14 00:00:00,High,YB/Lost,0.1634,2-High
2024,,false,[Lenovo Thinkpad][JingWei2.0][FVT][MTL-U/H][LCFC][HF][Win11]AX211 WLAN: Wlan show YB when do WB test. FR: 1/50Units,WiFi,Meteor Lake,,Meteor Lake,2024-03-05 21:13:00,2024-04-09 00:00:00,High,YB/Lost,0.1668,2-High
2024,,false,[Lenovo][Compal][S590 ILS4M_ILS6M][MTL-H][AX211]HLK shows LE audio function test on OS 24H2.,BT,Meteor Lake,,Meteor Lake,2024-03-07 17:41:00,2024-04-09 00:00:00,High,HLK,0.1815,2-High
2024,,false,"[Lenovo][TB_1416_G7_MTL_SVT_Win11]Stress_S4_Event log show  BTHUSB ""error eventID 17""",BT,Meteor Lake,,Meteor Lake,2024-03-07 00:30:00,2024-04-13 00:00:00,Medium,Connectivity,0.1794,3-Medium
2024,,false,[Lenovo/SMB][Wistron][MTL][AX203][Wlan]Yellow  markerror code 10appears during,WiFi,Meteor Lake,,Meteor Lake,2024-03-10 22:26:00,2024-04-22 00:00:00,High,YB/Lost,0.1122,2-High
2024,,false,[Lenovo/SMB][Wistron][MTL][AX203][BT ]System hang crash and abnormal shutdown du,BT,Meteor Lake,,Meteor Lake,2024-03-10 20:31:00,2024-04-13 00:00:00,High,System Hang,0.2413,2-High
2024,,false,"[Lenovo][Compal][Thinkbook gen6+][MTL] Stress_WiFi S4,Eventlog show error(ID:17)",BT,Meteor Lake,,Meteor Lake,2024-03-11 20:53:00,2024-04-13 00:00:00,Medium,Connectivity,0.1621,3-Medium
2024,WOT-43224,false,[Lenovo] [Inhouse][Shangri-la]]LNL-M][EVT][BE201][100%]CITU marginal test always failed,Other,Lunar Lake,Lunar Lake,Lunar Lake,2024-03-12 22:57:00,2024-04-09 00:00:00,High,Connectivity,0.1149,3-Medium
2024,,false,[Yoga Slim 9_EVT_HF_stress]The OSAging result show BT lost,BT,(missing),,,2024-03-13 19:54:00,2024-06-16 00:00:00,High,Connectivity,0.2076,2-High
2024,,false,"[Yoga Slim 9_EVT_HF]""Intel(R)Wi-Fi 7 BE201 320MHz"" YB shows in Device Management",WiFi,Lunar Lake,,Lunar Lake,2024-03-13 19:58:00,2024-04-27 00:00:00,High,YB/Lost,0.185,2-High
2024,,false,"[Yoga Slim 9_EVT_HF]The unit has no sound output from BT headset and then auto disconnect.(FR:2/2units,4/20cycles)",BT,Lunar Lake,,Lunar Lake,2024-03-13 20:02:00,2024-04-22 00:00:00,High,Connectivity,0.2563,2-High
2024,,false,"[Yoga Slim 9_EVT_HF]BT mouse/keyboard cannot be removed.(FR:1/2units,2/10cycles)",BT,Lunar Lake,,Lunar Lake,2024-03-13 20:05:00,2024-04-22 00:00:00,High,Connectivity,0.2231,2-High
2024,,false,[TB1416G7]System run MS stress test occurred hang up with mouse cursor can move.,BT,Meteor Lake,,Meteor Lake,2024-03-13 23:45:00,2024-04-27 00:00:00,Critical,System Hang,0.2586,1-Critical
2024,,false,[Huaqin][Lenovo][S790][MTL-H][AX211]BSOD 0x3B occurred during coldboot test.,BT,Meteor Lake,,Meteor Lake,2024-03-15 05:43:00,2024-04-07 00:00:00,High,BSOD,0.2288,2-High
2024,,false,[TM-1][MTL][BE200} Black screen was encountered and dump points to WLAN driver,WiFi,Meteor Lake,,Meteor Lake,2024-03-18 18:46:00,2024-04-09 00:00:00,High,P2P,0.0962,2-High
2024,,false,[Lenovo][Compal][Y790s-16IRX][MTL]BT HLK test fail with 24H2 OS.,BT,Raptor Lake Client Platforms,,Raptor Lake Client Platforms,2024-03-19 20:21:00,2024-05-07 00:00:00,High,HLK,0.3351,2-High
2024,WIFI-398118,false,[Lenovo_ThinkPad_JP][THAMES][MTL][GfP2] Wi-Fi YB after reboot in Shipping mode,WiFi,Meteor Lake,Meteor Lake,Meteor Lake,2024-03-19 18:08:00,2024-04-27 00:00:00,Critical,YB/Lost,0.1611,2-High
2024,,false,WLAN device show YB after connect to internal,WiFi,(missing),,,2024-03-20 18:34:00,2024-12-30 00:00:00,High,YB/Lost,0.2245,2-High
2024,WIFI-399008,false,[Thinkbook][AX211][MTL][Win11]WLAN device show YB after resume from MS (Auto connect AP),WiFi,Meteor Lake,Meteor Lake,Meteor Lake,2024-03-22 23:26:00,2024-07-02 00:00:00,High,YB/Lost,0.1806,1-Critical
2024,,false,[Lenovo-IdeaPad][LNL][SV3][QiXia][EVT][FMP]Bluetooth YB,BT,Lunar Lake,,Lunar Lake,2024-03-27 22:53:00,2024-04-30 00:00:00,High,YB/Lost,0.199,2-High
2024,,false,[Lenovo ThinkPad_TPPS_MTL]System has BSOD 0x20001 while restart loop test,BT,Meteor Lake,,Meteor Lake,2024-03-29 02:37:00,2024-06-16 00:00:00,Medium,BSOD,0.2306,3-Medium
2024,,false,[Yoga Slim 9_EVT_HF]volume cant change  with BT headset connected,BT,Lunar Lake,,Lunar Lake,2024-04-01 18:46:00,2024-06-09 00:00:00,High,Connectivity,0.2057,2-High
2024,,false,[lenovo_Thames_2] ANT tool shows no SAR table,Other,Lunar Lake,,Lunar Lake,2024-04-01 02:46:00,2024-05-19 00:00:00,High,BIOS,0.1314,2-High
2024,,false,[Yoga Slim 9_EVT_HF]music cant play with BT headset connected,BT,Lunar Lake,,Lunar Lake,2024-04-01 18:45:00,2024-06-09 00:00:00,High,Connectivity,0.2092,2-High
2024,WIFI-404473,false,[Lenovo-Ideapad][Yoga Slim 9_EVT_HF][FmP][LNL][24H2]Show BSOD when restart. (FR:1/4 units; 2/20),WiFi,Lunar Lake,Lunar Lake,Lunar Lake,2024-04-02 00:36:00,2024-05-07 00:00:00,High,BSOD,0.1655,2-High
2024,,false,[Lenovo-Thinkpad][Wistron][Curie-1][MTL-H][IntelBE200] RSSI test fail,WiFi,Meteor Lake,,Meteor Lake,2024-04-07 23:10:00,2024-07-24 00:00:00,High,HLK,0.1254,2-High
2024,,false,[Yoga Slim 9_EVT_HF] Conductive TX fail,WiFi,Lunar Lake,,Lunar Lake,2024-04-07 22:53:00,2024-05-26 00:00:00,Critical,Performance,0.1093,1-Critical
2024,,false,[Lenovo-IdeaPad][wistron][AX201/AX211][Win11_24H2]The screen have litter when connect monitor with miracast and play video,WiFi,Alder Lake,,Alder Lake,2024-04-08 00:04:00,2024-05-26 00:00:00,High,P2P,0.1785,2-High
2024,,false,"[Lenovo-IdeaPad][LNL][QIXIA][win11][EVT][FmP] The unit will not show WiFi-7 in network Properties(actual show WiFi-6 802.11ax) after connect to 2.4G and 5G networks with WiFi-7 protocol.(FR:2/2units,6/6cycles)",WiFi,Lunar Lake,,Lunar Lake,2024-04-09 20:15:00,2024-05-26 00:00:00,High,Performance,0.1297,2-High
2024,,false,[NeverCrash] AV_Netwtw12!prvApSelectionPrepare on netwtw12.sys,WiFi,Alder Lake,,Alder Lake,2024-04-09 19:18:00,2024-04-10 00:00:00,High,P2P,0.1042,2-High
2024,,false,[Lenovo IdeaPad][Y990-IRX][SS][RPL-X][LCFC][HF][Win11]Killer(R) Wi-Fi 6E AX1675i (AX211):Cant find 6G band wireless with country code set to us by ANT tool. FR: 5/5,WiFi,Raptor Lake Client Platforms,,Raptor Lake Client Platforms,2024-04-09 20:05:00,2024-05-07 00:00:00,High,Connectivity,0.1196,2-High
2024,,false,[lenovo_mtlh_missouri2][Win11][BE200]Cant connect to WiDi after S4,WiFi,Meteor Lake,,Meteor Lake,2024-04-09 00:08:00,2024-04-16 00:00:00,Low,P2P,0.1039,4-Low
2024,BT-236244,false,[Lenovo-IdeaPad[LNL][24H2][QiXia][FVT][FMP]bluetooth devices LOST,BT,Lunar Lake,Lunar Lake,Lunar Lake,2024-04-10 17:31:00,2024-06-16 00:00:00,Critical,Connectivity,0.1812,1-Critical
2024,,false,[Lenovo ThinkPad JP][LCFC][T14s G3 P15v G3][ADL][AX211]AV_Netwtw12!prvApSelectionPrepare,WiFi,Alder Lake,,Alder Lake,2024-04-10 19:48:00,2024-05-19 00:00:00,Medium,P2P,0.1634,3-Medium
2024,,false,[FmP2][Thames-2][LNL] YB code 10 after reboot,WiFi,Lunar Lake,,Lunar Lake,2024-04-11 00:16:00,2024-05-19 00:00:00,Medium,YB/Lost,0.1499,3-Medium
2024,,false,[Lenovo][Compal][S590 ILS4M_ILS6M][MTL-H][AX211]HLK-Bluetooth - CIS Establishment Test failed,BT,Meteor Lake,,Meteor Lake,2024-04-14 20:33:00,2024-05-12 00:00:00,High,HLK,0.271,2-High
2024,,false,[HQ][Lenovo][S790] all Units only when modifying the Country code for South Korea and Chile can search for 6G hotspotsother Country code fail,WiFi,Meteor Lake,,Meteor Lake,2024-04-14 20:25:00,2024-06-16 00:00:00,High,Connectivity,0.1285,2-High
2024,,false,[HLK][Thames-2][Fmp2][LNL] WLAN Device Capabilities Check FAILED,WiFi,Lunar Lake,,Lunar Lake,2024-04-16 21:06:00,2024-05-19 00:00:00,Medium,HLK,0.2795,3-Medium
2024,,false,[Thames-2][Fmp2][LNL] BSOD0x139 encountered after reboot,WiFi,Lunar Lake,,Lunar Lake,2024-04-16 21:36:00,2024-04-24 00:00:00,Medium,Performance,0.1181,3-Medium
2024,,false,[Lenovo ThinkPad CN][LCFC][Triones_2.0_Intel_Win11_24H2][AX211]BT headset volume changed to 100 when connect BT headset then turn off and on BT function,BT,Raptor Lake Client Platforms,,Raptor Lake Client Platforms,2024-04-18 22:47:00,2024-06-16 00:00:00,Critical,Connectivity,0.1982,1-Critical
2024,,false,Testing IPS to ISvC flow Please ignore this case,BT,Arrow Lake,,Arrow Lake,2024-04-18 06:24:33,2024-04-18 06:31:42,Low,Connectivity,0.1727,4-Low
2024,,false,"[Lenovo JP3][AX211] AX211 BT lost, shows USB device YB in OS",BT,Raptor Lake Client Platforms,,Raptor Lake Client Platforms,2024-04-19 05:07:00,2024-06-16 00:00:00,High,YB/Lost,0.2757,2-High
2024,WIFI-412917,false,[Lenovo][DT][Phone2PC APP][CML][AX201]P2P connection fail with phone,WiFi,Comet Lake,Comet Lake,Comet Lake,2024-04-24 22:49:00,2024-06-24 00:00:00,High,Performance,0.1434,2-High
2024,,false,[Lenovo-IdeaPad][LNL][QIXIA][win11][FVT][FmP]WiFi devices lost when do MS test,WiFi,Lunar Lake,,Lunar Lake,2024-04-24 19:41:00,2024-06-15 00:00:00,High,YB/Lost,0.151,2-High
2024,,false,[Lenovo-IdeaPad[LNL][24H2][QiXia][FVT][FMP]bluetooth devices LOST while idle,BT,Lunar Lake,,Lunar Lake,2024-04-24 19:59:00,2024-06-16 00:00:00,Critical,YB/Lost,0.1713,1-Critical
2024,,false,[Lenovo Thinkbook][Lenovo][TB 13X G4][Intel AX211] The music sound is distorted and has zizi noise with samsung Galaxy headset connected,BT,Meteor Lake,,Meteor Lake,2024-04-25 22:54:00,2024-05-29 00:00:00,High,Connectivity,0.2346,2-High
2024,,false,"[LNL][BE201] WlanSVC is not working on 24H2 OS (FR: 2/100 Restart, 1/1 unit)",WiFi,Lunar Lake,,Lunar Lake,2024-04-25 22:19:00,2024-05-19 00:00:00,High,Sensing,0.1061,2-High
2024,,false,[Lenovo][Compal][S590-15IRL9][JLS5I][RPL][Win11][SIT][24H2]Unit can sent file after connect two machine via Bluetooth but receiver system show catastrophic failure cannot get file.,BT,Raptor Lake Client Platforms,,Raptor Lake Client Platforms,2024-04-26 00:48:00,2024-06-24 00:00:00,Medium,Connectivity,0.1792,3-Medium
2024,,false,"[LCFC][Dunan]BSOD(0x3b,point to BT) occurred during runin wb stress",BT,Raptor Lake Client Platforms,,Raptor Lake Client Platforms,2024-04-26 04:07:00,2024-06-11 00:00:00,High,BSOD,0.3061,2-High
2024,,false,[LCFC][Y580 IRX]MDA issue dump point to Netwtw12.sys,WiFi,Raptor Lake Client Platforms,,Raptor Lake Client Platforms,2024-04-27 22:14:00,2024-06-04 00:00:00,High,System Hang,0.1469,2-High
2024,WIFI-409998,true,[Lenovo-IdeaPad][LNL][QIXIA][win11][FVT][FmP]BSOD with 0x139 when doing S4,WiFi,Lunar Lake,Lunar Lake,Lunar Lake,2024-04-27 23:36:00,2024-07-13 00:00:00,High,BSOD,0.1968,2-High
2024,,false,[Lenovo-IdeaPad][LNL][QIXIA][win11][FVT][FmP]conductive test failed,WiFi,Lunar Lake,,Lunar Lake,2024-04-28 18:58:00,2024-06-16 00:00:00,High,UEFI,0.1088,2-High
2024,,false,[Lenovo ThinkPad_TPPS_MTL]Intel Bluetooth has yelow mark code 52 while reboot,BT,Meteor Lake,,Meteor Lake,2024-04-29 01:55:00,2024-07-07 00:00:00,Low,Connectivity,0.159,4-Low
2024,,false,[Lenovo Thinkbook][Lenovo][TB 13X G4][Intel AX211] WiFi fail on ms stress sleepstudy report,WiFi,Meteor Lake,,Meteor Lake,2024-05-05 23:43:00,2024-06-19 00:00:00,High,Connectivity,0.1018,2-High
2024,,false,[Lenovo Thinkbook][Lenovo][TB 13X G4][Intel AX211] There are 14 HLK items for BT test fail.(FR:2 out of 2 times),BT,Meteor Lake,,Meteor Lake,2024-05-07 17:35:00,2024-06-11 00:00:00,High,HLK,0.2227,2-High
2024,,false,[Lenovo-IdeaPad][LNL][QIXIA][win11][FVT][FmP][S790_15_LNL_FVT_HF_stress]SW date < 90% and HW date is 0%(Intel (R) WIFI 7 BE201 320mhz(\SB.PC00.cnvw)) after running stress_MS.(FR:3/35units;4/3648cycles),WiFi,Lunar Lake,,Lunar Lake,2024-05-13 18:27:00,2024-06-24 00:00:00,High,Power Consumption,0.2145,2-High
2024,,false,[Lenovo ThinkPad JP][LCFC][ Libra][AX211]]BIOS enable WIFI 6E but cannot search 6G WIFI,WiFi,Alder Lake,,Alder Lake,2024-05-14 22:59:00,2024-06-10 00:00:00,High,BIOS,0.1043,2-High
2024,WIFI-414298,false,[Lenovo-IdeaPad][LNL][QIXIA][win11][FVT][FmP]BSOD with 0x1e when doing MS,WiFi,Lunar Lake,Lunar Lake,Lunar Lake,2024-05-14 23:03:00,2024-06-16 00:00:00,High,BSOD,0.1973,2-High
2024,,false,BT Device Lost issue from BIOS 3093 during Hibernate/Restart,BT,Lunar Lake,,Lunar Lake,2024-05-15 01:23:00,2024-07-07 00:00:00,High,YB/Lost,0.2366,2-High
2024,,false,[Lenovo-Thinkpad][Wistron][Hera-1][TGL][IntelAX201] WLAN cannot be recognized,WiFi,Tiger Lake,,Tiger Lake,2024-05-15 02:16:00,2024-08-06 00:00:00,High,Connectivity,0.1248,2-High
2024,,false,"[Lenovo-IdeaPad[LNL][24H2][QiXia][FVT][FMP][S790_15_LNL_FVT_HF] The unit show ""try connecting your device again"" when connecting BT keyboard.(FR:1/2units,2/10cycles)",BT,Lunar Lake,,Lunar Lake,2024-05-15 19:28:00,2024-07-07 00:00:00,Medium,Connectivity,0.1765,3-Medium
2024,WIFI-415653,true,"BSOD(Stop code: KMODE_EXCEPTION_NOT_HANDLED, BugCheck:1E) after S5",WiFi,Lunar Lake,Lunar Lake,Lunar Lake,2024-05-20 19:10:00,2024-07-09 00:00:00,High,BSOD,0.4353,2-High
2024,BT-242267,true,BSOD 0xC4 on ibtpci.sys encountered after S0i3/S4/R Longrun test,BT,Lunar Lake,Lunar Lake,Lunar Lake,2024-05-20 16:31:00,2024-08-05 00:00:00,High,BSOD,0.4827,1-Critical
2024,,false,[Lenovo][Compal][Thinkbook gen6+][MTL]Unit network connection will automatically disconnect,WiFi,Meteor Lake,,Meteor Lake,2024-05-21 01:18:00,2024-07-03 00:00:00,High,Connectivity,0.1476,2-High
2024,WIFI-417111,false,"[Lenovo-ThinkPad][LCFC][MTL][Thinkbook plus G5][Win11]AX211WLAN:After resuming from the S5,the wifi automatic connection fails or the connection time is too long",WiFi,Meteor Lake,Meteor Lake,Meteor Lake,2024-05-22 18:54:00,2024-07-03 00:00:00,Medium,Connectivity,0.1408,2-High
2024,,false,[Lenovo][LCFC][TPPS][MTL]Bluetooth become unknown device with yellow mark,BT,Meteor Lake,,Meteor Lake,2024-05-22 03:13:00,2024-06-24 00:00:00,Medium,Connectivity,0.1857,3-Medium
2024,,false,[Lenovo ThinkPad JP][LCFC][Phoenix-2][AX211]BT headset volume changed to 100 when connect BT headset then turn off and on BT function,BT,Raptor Lake Client Platforms,,Raptor Lake Client Platforms,2024-05-23 21:32:00,2024-07-07 00:00:00,Critical,Connectivity,0.1982,1-Critical
2024,,false,[Lenovo ThinkPad JP][LCFC][T14s G3 P15v G3][ADL][AX211]AV_Netwtw12!prvApSelectionPrepare,WiFi,Raptor Lake Client Platforms,,Raptor Lake Client Platforms,2024-05-24 04:22:57,2024-05-24 04:29:22,Medium,P2P,0.1634,3-Medium
2024,,false,[Lenovo ThinkPad JP][LCFC][Phoenix-2][AX211]System does not resume via BT mouse wake when the system has been in S3 sleep for 5 minutes or more,BT,Raptor Lake Client Platforms,,Raptor Lake Client Platforms,2024-05-27 19:21:00,2024-07-14 00:00:00,Critical,Connectivity,0.1419,1-Critical
2024,,false,[24H2]WPA2-PEAPCHAP-AES and WPA3 Enterprise will disappear from known networks,WiFi,Raptor Lake Client Platforms,,Raptor Lake Client Platforms,2024-05-27 02:41:00,2024-06-07 00:00:00,High,P2P,0.1129,2-High
2024,,false,only one connection with LE-audio headset,BT,Lunar Lake,,Lunar Lake,2024-05-27 00:53:00,2024-06-17 00:00:00,High,Connectivity,0.2404,2-High
2024,,false,[Lenovo-IdeaPad[LNL][24H2][QiXia][FVT][FMP]bluetooth headset recording error,BT,Lunar Lake,,Lunar Lake,2024-05-27 00:40:00,2024-07-07 00:00:00,Medium,Connectivity,0.2076,3-Medium
2024,,false,[Lenovo-IdeaPad][LNL][QIXIA][win11][FVT][FmP][S790_15_LNL_FVT_HF_stress]WiFI device lost while doing MS,WiFi,Lunar Lake,,Lunar Lake,2024-05-28 23:54:00,2024-07-01 00:00:00,High,YB/Lost,0.1935,2-High
2024,,false,[Lenovo-IdeaPad][LNL][QIXIA][win11][FVT][FmP][S790_15_LNL_FVT_HF_stress]WiFI 11n throughput cannot pass lenovo spec,WiFi,Lunar Lake,,Lunar Lake,2024-05-29 03:02:00,2024-07-13 00:00:00,High,Performance,0.1644,2-High
2024,,false,[Lenovo-IdeaPad[LNL][24H2][QiXia][FVT][FMP]bluetooth keyboard no function,BT,Lunar Lake,,Lunar Lake,2024-05-29 01:17:00,2024-07-14 00:00:00,Medium,Connectivity,0.1979,3-Medium
2024,WIFI-418824,false,[Lenovo-IdeaPad][LNL][FmP2][YogaS990 FVT]WIFI lost with S4 stress,WiFi,Lunar Lake,Lunar Lake,,2024-05-29 23:13:00,2024-06-30 00:00:00,High,YB/Lost,0.1723,2-High
2024,WIFI-419354,false,[Lenovo-IdeaPad][LNL][QIXIA][win11][FVT][FmP][S790_15_LNL_FVT_HF_stress]BE201 failed to connect with Anritsu MT8862A(configurated as WiFi7 AP) during signaling test,WiFi,Lunar Lake,Lunar Lake,Lunar Lake,2024-05-29 18:35:00,2024-07-24 00:00:00,High,P2P,0.0994,2-High
2024,,false,BSOD 0xBFF encountered during warm reboot on Thames-2 EVQS,BT,Lunar Lake,,Lunar Lake,2024-05-30 22:48:00,2024-07-14 00:00:00,High,BSOD,0.4439,2-High
2024,,false,[Lenovo][Aladdin][LNL EVT][BE201][Win11][FR:3/3units]BT driver lost for 5min after S5,BT,Lunar Lake,,Lunar Lake,2024-06-01 03:59:00,2024-07-05 00:00:00,High,Connectivity,0.1837,2-High
2024,WIFI-419662,false,[Lenovo-IdeaPad][LNL][FmP2][YogaS990 FVT]BE201 cant connect WIFI7 profile and no MLO connection with Xiaomi WIFI7 AP,WiFi,Lunar Lake,Lunar Lake,Lunar Lake,2024-06-02 19:15:00,2024-06-30 00:00:00,High,Connectivity,0.1271,2-High
2024,,false,YOGAS9 FVT : BT LE audio has noise,BT,(missing),,,2024-06-03 00:22:00,2024-08-25 00:00:00,Medium,Connectivity,0.2256,3-Medium
2024,,false,[Lenovo-IdeaPad[LNL][24H2][QiXia][FVT][FMP]bluetooth tput cannot pass lenovo spec,BT,Lunar Lake,,Lunar Lake,2024-06-05 19:44:00,2024-07-21 00:00:00,High,Connectivity,0.1915,2-High
2024,WIFI-421234,false,[Lenovo][Shangri-la][LNL][BE201][WIN11][100%]The maginal test of CITU fail.,WiFi,Lunar Lake,Lunar Lake,Lunar Lake,2024-06-06 01:20:00,2024-07-13 00:00:00,High,Performance,0.1017,2-High
2024,,false,[Thinkpad][Fenrir2][RPL-U][AX211]6G AP lost in wifi list after S4,WiFi,Raptor Lake Client Platforms,,Raptor Lake Client Platforms,2024-06-07 00:30:00,2024-08-06 00:00:00,High,YB/Lost,0.1559,2-High
2024,,false,[Lenovo][Aladdin][LNL EVT][BE201][Win11][FR:1/2units]BT driver lost after resume s4,BT,Lunar Lake,,Lunar Lake,2024-06-11 23:57:00,2024-07-05 00:00:00,High,YB/Lost,0.1943,2-High
2024,,false,[Lenovo-IdeaPad][LNL][QIXIA][win11][FVT][FmP][S790_15_LNL_FVT_HF_stress]BE201 cannot enter MS,WiFi,Lunar Lake,,Lunar Lake,2024-06-12 18:06:00,2024-07-21 00:00:00,High,P2P,0.1014,2-High
2024,WIFI-421184,false,[LNL][BE201] YB Code 10 on BE201 WLAN encountered,WiFi,Lunar Lake,Lunar Lake,Lunar Lake,2024-06-12 02:47:00,2024-08-20 00:00:00,High,YB/Lost,0.1862,2-High
2024,BT-248081,false,BT device lost on LNL QS FIP (B0 Stepping) with Eng driver (SBHBTW_EV_DEV42781_23.65.24230.42781G ),BT,Lunar Lake,Lunar Lake,Lunar Lake,2024-06-12 02:29:00,2024-06-23 00:00:00,High,YB/Lost,0.2662,2-High
2024,WIFI-423683,false,[Lenovo-IdeaPad][LNL][FmP2][YogaS990 FVT]sometimes ping fail during S4 stress test,WiFi,Lunar Lake,Lunar Lake,Lunar Lake,2024-06-16 18:47:00,2024-07-28 00:00:00,High,YB/Lost,0.1247,2-High
2024,,false,YOGAS990- FVT- BE201 can not connect HW AP with BE profile,WiFi,Lunar Lake,,Lunar Lake,2024-06-17 18:45:00,2024-08-04 00:00:00,High,Connectivity,0.1248,2-High
2024,,false,[Lenovo-IdeaPad][LNL][FmP2][YogaS990 FVT]SW drips low than 90% point to WIFI,WiFi,Lunar Lake,,Lunar Lake,2024-06-19 00:15:00,2024-07-24 00:00:00,High,Power Consumption,0.2115,2-High
2024,,false,[Lenovo-ThinkPad][Aladdin/LNL/FmP2][EVT][Win11] work with OPPO Enco W51 earphone show error,BT,Lunar Lake,,Lunar Lake,2024-06-20 00:56:00,2024-07-05 00:00:00,Medium,Connectivity,0.1504,3-Medium
2024,BT-249593,true,BSOD 0xC1 (ibtpci.sys) with BT 23.60.5.6 and EVQS CPU during S4 (48th cycle),BT,Lunar Lake,Lunar Lake,Lunar Lake,2024-06-21 02:21:00,2024-07-17 00:00:00,High,BSOD,0.3025,1-Critical
2024,WIFI-424912,false,[Lenovo NEC][Lugia][RPL][LCFC][HF][24H2][AX211]Observed recoverable Asserts 0x84 & 0x20000066 after connected with AP,WiFi,Raptor Lake Client Platforms,Raptor Lake Client Platforms,Raptor Lake Client Platforms,2024-06-24 22:20:00,2024-07-20 00:00:00,High,Performance,0.1333,2-High
2024,,false,[LNL][FmP2] BSOD0x0 pointing to WLAN driver,WiFi,Lunar Lake,,Lunar Lake,2024-06-24 04:28:47,2024-07-10 02:21:38,High,YB/Lost,0.106,2-High
2024,WIFI-424476,false,[Lenovo][Aladdin][LNL-MX][Win11][EVT][vPRO]BE201 YB after AMT provisioning,WiFi,Lunar Lake,Lunar Lake,Lunar Lake,2024-06-24 06:58:00,2024-07-05 00:00:00,High,YB/Lost,0.1968,2-High
2024,,false,[Lenovo][LNL][LCFC][HF][24H2][BE201]The system no BT turn on button after config the BT to PCIe.,BT,Lunar Lake,,Lunar Lake,2024-06-25 02:18:00,2024-08-25 00:00:00,High,Connectivity,0.2008,2-High
2024,,false,[WW26-27WS][Lenovo][Aladdin][LNL-MX][Win11][EVT] Unknown device (BT) issue when do cold reboot,BT,Lunar Lake,,Lunar Lake,2024-06-25 22:39:00,2024-08-25 00:00:00,High,Connectivity,0.1696,2-High
2024,WIFI-424844,false,[Lenovo-IdeaPad][LNL][QIXIA][FmP][S790_15_LNL_FVT_HF_stress]WIFI assert 0xf09e(auto recover) and BT lost during S4 stress,WiFi,Lunar Lake,Lunar Lake,Lunar Lake,2024-06-25 19:31:00,2024-08-04 00:00:00,High,YB/Lost,0.2211,3-Medium
2024,,false,BT Device lost with BT 23.60.5.6 and QS CPU EESIT SMT configuration (14/17)(2 units),BT,(missing),,,2024-06-26 19:48:00,2024-07-17 00:00:00,High,YB/Lost,0.221,2-High
2024,,false,[Lenovo_IdeaPad][Wenchang][LCFC][EVT][ES][24H2][BE201]BT will lost or YB after turn on/off the BT function.,BT,Lunar Lake,,Lunar Lake,2024-06-27 01:30:00,2024-08-25 00:00:00,High,YB/Lost,0.2083,2-High
2024,WIFI-425654,false,[Lenovo-IdeaPad][LNL][FmP2][YogaS990 FVT]0X7E BSOD with stress WB,WiFi,Lunar Lake,Lunar Lake,Lunar Lake,2024-06-27 00:20:00,2024-07-23 00:00:00,Low,BSOD,0.2062,2-High
2024,BT-251671,false,Yellow Bang! on BT(AX211) when Secure Boot is enalbe in BIOS Setup Menu,BT,Raptor Lake Client Platforms,Raptor Lake Client Platforms,Raptor Lake Client Platforms,2024-06-27 23:26:00,2024-08-25 00:00:00,Medium,Connectivity,0.1309,2-High
2024,,false,[Lenovo][ThinkPad L13 G3][ADL][AX201][Win10]Wi-Fi connection occasionally drops during normal use,WiFi,Alder Lake,,Alder Lake,2024-06-28 06:28:00,2024-08-25 00:00:00,Critical,P2P,0.1345,1-Critical
2024,,false,[Lenovo-IdeaPad][LNL][QIXIA][FmP][S790_15_LNL_FVT_HF_stress]WIFI can not connect with WIFI7,WiFi,Lunar Lake,,Lunar Lake,2024-07-01 00:26:00,2024-07-23 00:00:00,High,Connectivity,0.1322,2-High
2024,WIFI-427687,true,"[Lenovo][LCFC][Topaz][intel RPL][be200]11ax conductive throughput fail on CH138 with 23.60, but pass with 23.40",WiFi,Raptor Lake Client Platforms,Raptor Lake Client Platforms,Raptor Lake Client Platforms,2024-07-01 22:29:00,2024-08-14 00:00:00,Medium,Performance,0.1459,2-High
2024,,false,[Lenovo-IdeaPad][LNL][QIXIA][FmP][S790_15_LNL_FVT_HF_stress]WIFI7 can not pass lenovo spec,WiFi,Lunar Lake,,Lunar Lake,2024-07-01 00:28:00,2024-08-10 00:00:00,High,Connectivity,0.1447,2-High
2024,,false,[WW30-31WS] [lenovo_lnl_thames2_cons] Wifi test Method confirm request,WiFi,Lunar Lake,,Lunar Lake,2024-07-02 22:50:00,2024-09-08 00:00:00,High,Power Consumption,0.1366,2-High
2024,,false,"[Lenovo_IdeaPad][Wenchang][LCFC][EVT][ES][24H2][BE201]Wlan lost about 10~60s when turn off/on airplane mode..(F/R:3/3units,7/60cycles)",WiFi,Lunar Lake,,Lunar Lake,2024-07-02 19:00:00,2024-08-19 00:00:00,High,YB/Lost,0.13,2-High
2024,,false,[Lenovo-IdeaPad[LNL][24H2][QiXia][SIT][FMP]bluetooth frequent assert and device when enabling VTIO,BT,Lunar Lake,,Lunar Lake,2024-07-02 23:42:00,2024-08-25 00:00:00,High,Connectivity,0.1794,2-High
2024,,false,[Lenovo-IdeaPad[LNL][24H2][QiXia][SIT][FMP]bluetooth power gating cant into C10,BT,Lunar Lake,,Lunar Lake,2024-07-02 23:33:00,2024-07-21 00:00:00,High,Connectivity,0.1815,2-High
2024,WIFI-428685,false,Lenovo-IdeaPad[LNL][24H2][QiXia][SIT][FMP]Warmboot showed BSOD 0x9f point to WiFi when doing miracast,WiFi,Lunar Lake,Lunar Lake,Lunar Lake,2024-07-03 18:24:00,2024-08-04 00:00:00,High,BSOD,0.2578,2-High
2024,,false,[Lenovo_Alloy_LNL]BE201 WLAN BT lost when adding BT devices,WiFi,Lunar Lake,,Lunar Lake,2024-07-03 01:15:00,2024-10-13 00:00:00,Medium,YB/Lost,0.2271,3-Medium
2024,,false,[Lenovo-IdeaPad[LNL][24H2][QiXia][SIT][FMP]bluetooth power gate MS hw drips,BT,Lunar Lake,,Lunar Lake,2024-07-04 17:27:00,2024-07-21 00:00:00,High,Power Consumption,0.1712,2-High
2024,,false,[Lenovo_Eiger2_LNL]BE201 BT lost when system idle.,BT,Lunar Lake,,Lunar Lake,2024-07-04 18:52:00,2024-09-04 00:00:00,Medium,YB/Lost,0.1946,3-Medium
2024,,false,[Lenovo_Eiger2_LNL]WLAN device YB when doing PLDR test,WiFi,Lunar Lake,,Lunar Lake,2024-07-07 19:28:00,2024-08-06 00:00:00,Medium,YB/Lost,0.2395,3-Medium
2024,,false,"[Lenovo_IdeaPad][Tianzhu 16][LCFC][EVT][ES][24H2][BE201]BT lost & unknown USB device yellow bang in DM occur when do BT test.(F/R:1/3units,1/10cycles).",BT,Arrow Lake,,Arrow Lake,2024-07-07 18:52:00,2024-07-28 00:00:00,Medium,YB/Lost,0.2031,3-Medium
2024,,false,[Lenovo_Eiger2_LNL],WiFi,Lunar Lake,,Lunar Lake,2024-07-08 02:17:32,2024-07-08 02:25:21,Medium,P2P,0.1525,3-Medium
2024,,false,Lenovo-IdeaPad[LNL][24H2][QiXia][SIT][FMP]DUT can not connect with MLO,WiFi,Lunar Lake,,Lunar Lake,2024-07-09 08:44:59,2024-07-09 08:50:54,High,Connectivity,0.1399,2-High
2024,,false,[Lenovo-AIO][ADL-N][AX201]HWID always show 0x00008086 (100%),WiFi,Alder Lake,,Alder Lake,2024-07-09 17:51:00,2024-08-03 00:00:00,High,Performance,0.1307,2-High
2024,,false,"[Lenovo_IdeaPad][S360ALC][LCFC][SIT][24H2][AX200]HLK Test ""Bluetooth - Initiate platform-level device reset"" failFR: 5/5cycles",BT,AMD Lucienne,,AMD Lucienne,2024-07-09 02:02:00,2024-08-25 00:00:00,High,HLK,0.366,2-High
2024,,false,"[Lenovo_IdeaPad][Quzhou 6F][LCFC][SIT][24H2][AX211]Stress-FB-Bluetooth Device lost  when running FB(F/R:1/20u,150/6000cycles)",BT,Meteor Lake,,Meteor Lake,2024-07-11 20:11:00,2024-08-25 00:00:00,Low,YB/Lost,0.1922,4-Low
2024,,false,[lenovo_rplu_fenrir2]AX201 RSSI test fail on 2.4G AP,WiFi,Raptor Lake Client Platforms,,Raptor Lake Client Platforms,2024-07-11 23:57:00,2024-07-15 00:00:00,High,Performance,0.1281,2-High
2024,WIFI-440285,true,[Lenovo-IdeaPad][LNL][QIXIA][FmP][S790]client can not receive UDP broadcast pkt by the tool netassist from hotspot host(BE200/BE201),WiFi,Lunar Lake,Lunar Lake,Lunar Lake,2024-07-15 23:17:00,2024-08-27 00:00:00,Medium,Connectivity,0.1454,2-High
2024,,false,LOQ-FB system can not power on when add AX203 CNVI WLAN card,WiFi,Alder Lake,,Alder Lake,2024-07-16 19:04:00,2024-08-19 00:00:00,High,Connectivity,0.1068,2-High
2024,BT-257509,true,BT Device lost during S4 cycle using 23.60.5.9,BT,Lunar Lake,Lunar Lake,Lunar Lake,2024-07-17 18:13:00,2024-09-22 00:00:00,High,YB/Lost,0.2817,1-Critical
2024,,false,BT YB (error code 10) when run restart stress (2/11 units),BT,Lunar Lake,,Lunar Lake,2024-07-17 21:51:00,2024-08-05 00:00:00,High,YB/Lost,0.1698,2-High
2024,,false,[Lenovo-IdeaPad][LNL][QIXIA][win11][FVT][FmP][S790_15_LNL_FVT_HF_stress]WiFI 11ac throughput cannot pass lenovo spec,WiFi,Lunar Lake,,Lunar Lake,2024-07-17 04:53:00,2024-08-10 00:00:00,Critical,Performance,0.1509,1-Critical
2024,,false,"[S790_15_LNL_FVT_HF_stress]Stress WifiPing Test tool show fail (wifi ping fail,100% loss rate) when run stress WIFI_MS. (FR:3/35units;4/2450cycles)",WiFi,Lunar Lake,,Lunar Lake,2024-07-23 19:44:00,2024-09-07 00:00:00,High,BSOD,0.1271,2-High
2024,,false,[Yoga Slim7_14ILLX_EVT] 424374-Intel Bluetooth device lost when run stress WB test. (F/R:3/3),BT,Lunar Lake,,Lunar Lake,2024-07-23 04:28:00,2024-09-22 00:00:00,High,YB/Lost,0.2291,2-High
2024,,false,"[Lenovo_IdeaPad][Wenchang][LCFC][LNL][ES][24H2][BE201]No notification ""New Bluetooth mouse found(if this is your device, connect to it) "" when connect BT mouse via Swift pair,(F/R:2/2units,4/6cycles)",BT,Lunar Lake,,Lunar Lake,2024-07-23 23:10:00,2024-09-22 00:00:00,Medium,Connectivity,0.1557,3-Medium
2024,,false,"[Lenovo_IdeaPad][Wenchang][LCFC][LNL][ES][24H2][BE201]BT device cant be removed after reinstall BT driver.(F/R:2/2units,4/4cycles)",BT,Lunar Lake,,Lunar Lake,2024-07-23 02:50:00,2024-09-22 00:00:00,Medium,Connectivity,0.1789,3-Medium
2024,WIFI-449424,false,"[S790_15_LNL_FVT_HF_stress][S790_15_LNL_FVT_HF_stress]Stress WifiPing Test tool show fail (wifi ping fail,100% loss rate) when run stress WIFI_S4. (FR:2/35 units;6/2697 cycles)",WiFi,Lunar Lake,Lunar Lake,Lunar Lake,2024-07-23 19:47:00,2024-08-31 00:00:00,High,BSOD,0.1284,2-High
2024,,false,[Lenovo][ACE][Aladdin] [LNL][BE201] Aladdin FVT Pre-build BSOD 0x9F,WiFi,Lunar Lake,,Lunar Lake,2024-07-23 19:39:00,2024-08-19 00:00:00,High,BSOD,0.3101,2-High
2024,BT-258275,true,BSOD 0xBFF encountered during S4 on Thames-2 EESIT QS and BT v23.60.5.10,BT,Lunar Lake,Lunar Lake,Lunar Lake,2024-07-23 23:58:00,2024-10-21 00:00:00,High,BSOD,0.2581,2-High
2024,,false,[LNL][BE201] BSOD0x7c pointing to netadapter,WiFi,Lunar Lake,,Lunar Lake,2024-07-24 23:29:00,2024-08-05 00:00:00,High,P2P,0.1119,2-High
2024,,false,AX201 roaming feature issue debug,WiFi,Raptor Lake Client Platforms,,Raptor Lake Client Platforms,2024-07-24 02:21:00,2024-08-24 00:00:00,High,Performance,0.1248,2-High
2024,,false,[Lenovo_ThinkPad_JP][THAMES][MTL][GaP2] 11ax throughput degradation,WiFi,Meteor Lake,,Meteor Lake,2024-07-25 01:31:00,2024-09-22 00:00:00,High,Performance,0.1981,2-High
2024,,false,[Lenovo][Compal][Ideapad S5P/S7P][MTL][AX203] WLAN and BT device shows YB when during WB/CB stress or normal use.,WiFi,Meteor Lake,,Meteor Lake,2024-07-26 22:23:00,2024-08-27 00:00:00,High,YB/Lost,0.1989,2-High
2024,,false,"[S790_15_LNL_FVT_HF_stress][S790_15_LNL_SIT_HF] Unit Software DRIPS(%) and Hardware DRIPS(%) of CER MS Performance test  95. (F/R:1/6 units,1/6 cycles)",WiFi,Lunar Lake,,Lunar Lake,2024-07-29 23:21:00,2024-08-25 00:00:00,High,Power Consumption,0.1724,2-High
2024,,false,"YOGAS990 , BT cant connect to one Phone",BT,Lunar Lake,,Lunar Lake,2024-07-29 19:08:00,2024-09-22 00:00:00,High,Connectivity,0.1637,2-High
2024,,false,"[Lenovo_IdeaPad][LCFC][S580IRH][24H2]Software DRIPS(%) results(SKU1:0%,SKU7:0%) cannot meet SPEC(>95) when run UX1.0 performance Modern standby performance-DC mode test.(F/R:2/2u,2/2cycles)",BT,Raptor Lake Client Platforms,,Raptor Lake Client Platforms,2024-07-29 19:03:00,2024-09-22 00:00:00,High,Performance,0.1277,2-High
2024,,false,"[Lenovo ThinkPad CN][LCFC][Triones_2.0_Intel_Win11_24H2][AX211]The EUT can not  connect the WPA2 enterprise(EAP-TLS) Wi-Fi on the ""Wi-Fi Configuration"" menu.",WiFi,Raptor Lake Client Platforms,,Raptor Lake Client Platforms,2024-07-30 18:34:00,2024-09-04 00:00:00,Critical,P2P,0.1362,1-Critical
2024,,false,"YOGAS990 , only connect mic after resume from MS",BT,Lunar Lake,,Lunar Lake,2024-07-30 23:56:00,2024-09-22 00:00:00,High,Connectivity,0.1619,2-High
2024,,false,"YOGAS990 , ble cant reconnect after far away disconnect",BT,Lunar Lake,,Lunar Lake,2024-07-30 23:41:00,2024-09-17 00:00:00,Critical,Connectivity,0.213,1-Critical
2024,,false,[Lenovo][Compal][Ideapad S5P/S7P][ARL][BE201] BT device shows YB when during WB/CB stress or normal use.,WiFi,Arrow Lake,,Arrow Lake,2024-07-31 07:31:53,2024-08-22 02:05:38,High,YB/Lost,0.1796,2-High
2024,,false,"[Lenovo_IdeaPad][Tianzhu 16][LCFC][EVT][ES][24H2][BE201]BT lost & unknown USB device yellow bang in DM occur when do BT test.(F/R:1/3units,1/10cycles).",WiFi,Arrow Lake,,Arrow Lake,2024-07-31 23:40:00,2024-08-25 00:00:00,Medium,YB/Lost,0.1988,3-Medium
2024,,false,[Lenovo][LCFC][X1 series][BE201][Thames2],BT,Lunar Lake,,Lunar Lake,2024-07-31 19:13:00,2024-08-05 00:00:00,High,Connectivity,0.2046,2-High
2024,,false,[S790_15_LNL_FVT_HF_stress][S790_15_LNL_SIT_HF] blackscreen when doing restart with miracast connencted,WiFi,Lunar Lake,,Lunar Lake,2024-08-01 23:39:00,2024-09-02 00:00:00,High,P2P,0.1145,2-High
2024,,false,[Lenovo][Aladdin][LNL FVT][BE201][Win11][FR:8/55units]BT YB issue,BT,Lunar Lake,,Lunar Lake,2024-08-05 00:54:00,2024-08-18 00:00:00,High,YB/Lost,0.1884,2-High
2024,WIFI-459398,false,[Lenovo_IdeaPad][LCFC][ARL_H][TianZhu 6A][24H2]AX203 WLAN: Stress_WB_BSOD 0x50  when run WB stress test(F/R:1/6unit 1/313cycles),WiFi,Arrow Lake,Arrow Lake,Arrow Lake,2024-08-05 19:40:00,2024-09-08 00:00:00,Medium,YB/Lost,0.1229,1-Critical
2024,,false,[Lenovo][Aladdin][LNL FVT][BE201][Win11]SW/HW strip out of spec,WiFi,Lunar Lake,,Lunar Lake,2024-08-05 02:37:00,2024-09-24 00:00:00,High,Power Consumption,0.3018,2-High
2024,,false,Thames2 EEP LNL:W11:HLK: Bluetooth - Initiate platform-level device reset fail,BT,Lunar Lake,,Lunar Lake,2024-08-05 23:29:00,2024-08-26 00:00:00,High,HLK,0.368,2-High
2024,,false,[Lenovo_ThinkPad_JP][THAMES2][LNL][FmP2] WiFi Rx tpt unstable issue,WiFi,Lunar Lake,,Lunar Lake,2024-08-05 09:07:34,2024-09-11 08:26:15,High,Performance,0.1804,2-High
2024,,false,Cant  find WPA3-Enterprise AES in network encryption list when add a network on Nano Gen2TigerLake project.,WiFi,Tiger Lake,,Tiger Lake,2024-08-06 01:59:00,2024-08-13 00:00:00,Critical,Connectivity,0.0992,1-Critical
2024,,false,[Lenovo/Commercial][Internal][CML/RKL/ADLRPL][9260/9560/AX201][M70s-3/M750t-3],BT,Comet Lake,,Comet Lake,2024-08-06 00:56:00,2024-09-22 00:00:00,High,Connectivity,0.1954,2-High
2024,,false,[Lenovo][Aladdin][LNL FVT][BE201][Win11][FR:8/55units] BT YB issue after stress 3D Mark,BT,Lunar Lake,,Lunar Lake,2024-08-07 23:10:00,2024-08-18 00:00:00,High,YB/Lost,0.1964,2-High
2024,,false,[Lenovo][Compal][ThinkCentre neo 30a 24 Gen3][AX201] BT show YB and lost during Hybrid shut stress,BT,Alder Lake,,Alder Lake,2024-08-07 23:44:00,2024-11-12 00:00:00,High,YB/Lost,0.2988,2-High
2024,WIFI-460321,true,[Thames-2][Fmp2][Lunarlake] BSOD0xd1 pointing to WLAN,WiFi,Lunar Lake,Lunar Lake,Lunar Lake,2024-08-07 19:41:00,2024-09-09 00:00:00,High,P2P,0.1024,2-High
2024,,false,[Lenovo][Compal][Ideapad S5P/S7P][ARL][BE201] WLAN and BT device shows YB when during WB/CB stress or normal use.,BT,Arrow Lake,,Arrow Lake,2024-08-07 09:06:00,2024-09-22 00:00:00,High,YB/Lost,0.2123,2-High
2024,,false,[MR2][ThinkPaid-JP][Win11 24H2][GM2.1][Network][BE200]EUT show one channel when connect to MLO,WiFi,Meteor Lake,,Meteor Lake,2024-08-12 02:39:00,2024-08-18 00:00:00,Critical,P2P,0.1447,1-Critical
2024,WIFI-465691,true,[Lenovo][Curie-1][Wistron][MTL][GaP] WiFi icon will disappear from desktop lower right corner after idling to S0i3 ab,WiFi,Meteor Lake,Meteor Lake,,2024-08-12 21:58:00,2025-03-02 00:00:00,Critical,Performance,0.1413,2-High
2024,,false,[MR2][ThinkPaid_JP][Win11 24H2][GM2.1][Network][WLAN]EUT wlan device lost in DM when moving pro,WiFi,Meteor Lake,,Meteor Lake,2024-08-12 23:05:00,2024-08-20 00:00:00,Critical,YB/Lost,0.2589,1-Critical
2024,,false,[Lenovo ThinkPad JP][LCFC][Syd-Hed1-Lam1][AX211]EUT show abnormal restart(bugcheck:0x0a/0x7e) from resume RS mode when connect BT speaker and network to system and play MV,BT,Meteor Lake,,Meteor Lake,2024-08-12 23:12:00,2024-12-03 00:00:00,Critical,Connectivity,0.1735,1-Critical
2024,,false,"[Lenovo_IdeaPad][LCFC][ARL_H][TianZhu 6A][24H2]Unit occur BSOD 0x133 pending at BE201 OID.(F/R:1/300units,1/45cycles)",WiFi,Arrow Lake,,Arrow Lake,2024-08-13 02:25:00,2024-09-04 00:00:00,Low,BSOD,0.2661,4-Low
2024,,false,[Lenovo-Ideapad][Wistron][ 900W Gen5][Twin Lake][IntelAX211] WiFi conductive throughput test fail,WiFi,Alder Lake,,Alder Lake,2024-08-14 06:24:36,2024-08-14 09:21:41,High,Performance,0.1378,2-High
2024,,false,X1 Yoga Gen 8 w/ AX211 Cards Experiencing Wi-Fi Dropouts and Unable to Reconnect,WiFi,Raptor Lake Client Platforms,,Raptor Lake Client Platforms,2024-08-14 13:45:58,2024-11-19 20:06:21,Medium,P2P,0.2235,3-Medium
2024,,false,[Lenovo][Aladdin][LNL FVT][BE201][Win11]  WiFi conductive Tput Tx fail at 2.4G & 5G,WiFi,Lunar Lake,,Lunar Lake,2024-08-14 23:41:00,2024-08-25 00:00:00,High,Performance,0.1234,2-High
2024,BT-264484,true,Thames2 EEP/BE LNL:W11: BT device lost using 23.70.3.1 during MS with WINDBG=ON (100%FR),BT,Lunar Lake,Lunar Lake,Lunar Lake,2024-08-15 00:04:00,2024-11-06 00:00:00,Medium,YB/Lost,0.2266,2-High
2024,,false,[Lenovo][Aladdin][LNL FVT][BE201][Win11][FR:2/35units] BT virtual device lost during S4 test,BT,Lunar Lake,,Lunar Lake,2024-08-15 02:29:00,2024-09-14 00:00:00,High,YB/Lost,0.245,2-High
2024,WIFI-466688,false,"[Lenovo-Ideapad][LNL][S990][BE201][24H2]Other PC(P2P Client, Tx) fail to project to Lenovo LNL platform (GO, Rx), Fail Rate is 100%",WiFi,Lunar Lake,Lunar Lake,Lunar Lake,2024-08-15 18:43:00,2024-09-18 00:00:00,High,P2P,0.1225,2-High
2024,,false,Lenovo Consumer Never crash AX211 BSOD,WiFi,Tiger Lake,,Tiger Lake,2024-08-18 19:41:00,2024-09-08 00:00:00,High,BSOD,0.2327,2-High
2024,WIFI-468811,true,[Lenovo_IdeaPad][Tianzhu 16][LCFC][FVT][24H2][BE201]WLAN Show YB(Assert 0x20004009) after turn off and turn on WIFI,WiFi,Arrow Lake,Arrow Lake,Arrow Lake,2024-08-19 23:24:00,2024-11-03 00:00:00,Medium,YB/Lost,0.1919,1-Critical
2024,,false,"[lenovo_lnl_alloy] Intel BE201 QS Bluetooth device lost when testing with ATS stress, log show fail with ""Missing Device- Intel(R) Bluetooth(R) PCI Enumerator, Former Status= OK - Fail"" during S0i3 test by LongRunATS_AOAC_v5.2 tool",BT,Lunar Lake,,Lunar Lake,2024-08-20 02:20:00,2024-11-12 00:00:00,High,YB/Lost,0.2258,2-High
2024,,false,"[Lenovo-IdeaPad][LNL][QIXIA][win11][FVT][FmP][S790_15_LNL_FVT_HF_stress]SW drips >=90% but HW drips is 0%  due to ""soc subsystems"" after running stress_MS.",WiFi,Lunar Lake,,Lunar Lake,2024-08-20 01:13:00,2024-09-15 00:00:00,Critical,Power Consumption,0.3125,1-Critical
2024,WIFI-470369,false,"[Lenovo_IdeaPad][Wenchang][LCFC][LNL][24H2][BE201]5055-FW_HW_ERROR & 5002-FW_ASSERT and BT show YB when do S4 Stress test, FR: 2/3 Units, 100cycles/unit",WiFi,Lunar Lake,Lunar Lake,Lunar Lake,2024-08-21 03:12:00,2024-09-22 00:00:00,Medium,YB/Lost,0.2106,2-High
2024,BT-268871,true,"[Lenovo][Aladdin][LNL FVT][BE201][Win11] Event log shows Warning ""BTHUSB  Event ID 07""",BT,Lunar Lake,Lunar Lake,Lunar Lake,2024-08-21 23:06:00,2024-11-18 00:00:00,High,YB/Lost,0.1824,2-High
2024,,false,"[Lenovo_IdeaPad][Wenchang][LCFC][LNL][FVT][24H2][BE201]BT show YB do S4 Stress test, FR: 2/3 Units, 100cycles/unit",BT,Lunar Lake,,Lunar Lake,2024-08-22 02:23:00,2024-10-11 00:00:00,Low,YB/Lost,0.2046,4-Low
2024,,false,E16 Gen 1[thinkPad China] jingwei1 Intel Wi-Fi Performance issue,WiFi,Raptor Lake Client Platforms,,Raptor Lake Client Platforms,2024-08-22 22:55:00,2024-11-11 00:00:00,Critical,Performance,0.1678,1-Critical
2024,,false,"[Lenovo_IdeaPad][Wenchang][LCFC][LNL][FVT][24H2][BE201]BT device cannot removed and no funtion, 2/5 units, 1/10cycles",BT,Lunar Lake,,Lunar Lake,2024-08-22 01:19:00,2024-10-11 00:00:00,Low,Connectivity,0.1902,4-Low
2024,,false,[Lenovo_IdeaPad][Tianzhu 16][LCFC][FVT][24H2][BE201]WIFI Lost when do Tput/Input test at WiFi7 Channel.,WiFi,Arrow Lake,,Arrow Lake,2024-08-26 01:56:00,2024-10-08 00:00:00,Low,YB/Lost,0.1341,4-Low
2024,,false,[Lenovo/DT BU][In-house][ARL-HX][AX203/AX211][LOQ-Tower-17IAX10]Bluetooth headset will not show in Sound->Recording UI,BT,Arrow Lake,,Arrow Lake,2024-08-26 03:20:00,2024-11-12 00:00:00,High,Connectivity,0.2078,2-High
2024,,false,[Lenovo/DT BU][In-house][ARL-HX][AX203/AX211][LOQ-Tower-17IAX10]Bluetooth headset will not show in Sound->Recording UI,BT,Arrow Lake,,Arrow Lake,2024-08-26 03:27:00,2024-11-12 00:00:00,High,Connectivity,0.2078,2-High
2024,,false,13W Gen3,WiFi,Raptor Lake Client Platforms,,Raptor Lake Client Platforms,2024-08-27 18:33:00,2024-10-01 00:00:00,High,P2P,0.1525,2-High
2024,,false,[Lenovo/DT BU][In-house][ARL-S][AX211][QT-M670]Bluetooth not set as internal device.,BT,Arrow Lake,,Arrow Lake,2024-08-27 01:55:00,2024-11-12 00:00:00,Low,Connectivity,0.1894,4-Low
2024,WIFI-474213,false,[lenovo_lnl_eiger2]BE201 device YB when Wi-Fi on/off,WiFi,Lunar Lake,Lunar Lake,Lunar Lake,2024-08-28 02:38:14,2024-10-21 03:22:39,Medium,YB/Lost,0.1801,1-Critical
2024,WIFI-474448,false,[Lenovo_ThinkPad_JP][THAMES-2][LNL]{FmP2] Ping requested time out,WiFi,Lunar Lake,Lunar Lake,Lunar Lake,2024-08-28 11:18:17,2024-09-10 01:56:10,Medium,Performance,0.1239,2-High
2024,,false,[Lenovo_IdeaPad][LCFC][ARL_H][Elbrus Mount][24H2]CITU BRI  Test can not run.,BT,Arrow Lake,,Arrow Lake,2024-08-29 09:08:10,2024-08-29 09:39:32,Low,Connectivity,0.1911,4-Low
2024,,false,[Lenovo-Thinkpad][Wistron][LB4-2][ARL][IntelBE201] 11be_320M conductive T-put,WiFi,Arrow Lake,,Arrow Lake,2024-08-29 04:50:30,2024-08-29 07:37:39,High,Performance,0.1844,2-High
2024,,false,[Lenovo_IdeaPad][LCFC][ARL_H][Elbrus Mount][24H2]CITU BRI Test can not run.,BT,Arrow Lake,,Arrow Lake,2024-08-29 02:39:00,2024-09-24 00:00:00,Medium,Connectivity,0.1911,3-Medium
2024,,false,"[Lenovo_IdeaPad][Tianzhu 16][LCFC][FVT][24H2]""puci,cici"" noise occur when play music with BT headset on intel Ax203 & BE201 WLAN card.(F/R:2/3units,8/10cycles).",BT,Arrow Lake,,Arrow Lake,2024-08-29 03:49:00,2024-11-03 00:00:00,Medium,Connectivity,0.1677,3-Medium
2024,WIFI-477386,false,"[Lenovo][Huaqin][Idepad 5 2-in-1 14/16AIL10][Intel ARL][24H2] The AX203 WiFi will show yellow bang (code 10) at S4 and WB test. (FR: 4/4 uuts, 4/10 cycles)",WiFi,Arrow Lake,Arrow Lake,Arrow Lake,2024-08-31 00:38:00,2024-10-07 00:00:00,High,YB/Lost,0.12,1-Critical
2024,WIFI-479610,false,[Lenovo][Wistron][TB14 2-in1 Gen4][Meteor Lake U][AX211&AX203[23H2][100%]ANT always show SAR value of NB mode after boot from Tablet mode.,WiFi,Meteor Lake,Meteor Lake,Meteor Lake,2024-09-02 19:44:00,2024-09-11 00:00:00,Critical,Connectivity,0.1169,2-High
2024,WIFI-477378,false,[Lenovo_IdeaPad][Wenchang][LCFC][LNL][FVT][24H2][BE201]Stress_MS_Hang up black screen actually 0x7e BSOD when run MS test(F/R:5/30units 5/7678cycles),WiFi,Lunar Lake,Lunar Lake,Lunar Lake,2024-09-02 03:14:00,2024-10-01 00:00:00,Low,BSOD,0.2288,2-High
2024,,false,[Lenovo][Wistron][TB14 2-in1 Gen4][Meteor Lake U][AX211&AX203[23H2][100%],WiFi,Meteor Lake,,Meteor Lake,2024-09-03 02:15:36,2024-09-03 02:44:42,Critical,Connectivity,0.1226,1-Critical
2024,WIFI-481776,false,[NeverCrash][RPL][AX211] BSOD 0x9F_4_PCI_IMAGE_Netwtw14.sys,WiFi,Raptor Lake Client Platforms,Raptor Lake Client Platforms,Raptor Lake Client Platforms,2024-09-03 18:01:00,2024-09-10 00:00:00,High,BSOD,0.392,2-High
2024,,false,"[Lenovo_IdeaPad][Tianzhu 16][LCFC][FVT][24H2]BT KB/MS cannot wake up unit from MS after enter MS for 0.5hrs.(F/R:3/3units,3/9)",BT,Arrow Lake,,Arrow Lake,2024-09-04 22:52:00,2024-10-11 00:00:00,Low,Sensing,0.2031,4-Low
2024,WIFI-479724,true,[Lenovo][Compal][Ideapad S5P/S7P][ARL][BE201] WLAN device shows YB when idle.,WiFi,Arrow Lake,Arrow Lake,Arrow Lake,2024-09-04 20:08:00,2024-11-16 00:00:00,High,YB/Lost,0.1968,1-Critical
2024,,false,[Lenovo/DT BU][inhouse][ARL-S][AX211][M970ts]RTL take GO in wireless display and intel card hard to find,WiFi,Arrow Lake,,Arrow Lake,2024-09-06 00:25:00,2024-10-31 00:00:00,High,P2P,0.1353,2-High
2024,,false,[Lenovo/DT BU][in-house][ADL-S][BE200][M90t/s]Conductive test on BE200 failed,WiFi,Arrow Lake,,Arrow Lake,2024-09-08 23:01:00,2024-11-12 00:00:00,High,P2P,0.1026,2-High
2024,,false,[Lenovo_arlu_abby] CITU cannot work with wifi7 BE201.,Other,Arrow Lake,,Arrow Lake,2024-09-09 01:30:00,2024-09-10 00:00:00,Medium,Connectivity,0.0961,3-Medium
2024,BT-271922,true,[Lenovo][Aladdin][LNL FVT][BE201][Win11] BT device lost during S4 stress test,BT,Lunar Lake,Lunar Lake,Lunar Lake,2024-09-09 20:42:00,2024-11-18 00:00:00,High,YB/Lost,0.2905,1-Critical
2024,,false,[Lenovo JP][Jaguar3/Panther3][RPL][AX211][Win11] Cannot connect to wifi network during EFI boot,WiFi,Raptor Lake Client Platforms,,Raptor Lake Client Platforms,2024-09-09 14:07:00,2024-12-17 00:00:00,High,UEFI,0.1158,2-High
2024,,false,[Lenovo][[Wistron][Vesemir-1.0][Raptor Lake-RU][AX211][24H2][40%]WiFi ant tool connects to wireless Timed out waiting for RSSI in DC for 5G/2.4G,WiFi,Raptor Lake Client Platforms,,Raptor Lake Client Platforms,2024-09-11 02:28:00,2024-09-26 00:00:00,Medium,Connectivity,0.1103,3-Medium
2024,BT-278402,true,[TM2LNL][FmP2] BT lost during Modern Standby found in Intel Shanghai,BT,Lunar Lake,Lunar Lake,Lunar Lake,2024-09-11 01:36:00,2024-11-04 00:00:00,High,YB/Lost,0.1802,1-Critical
2024,,false,REopen for BIOS debug [LNL][BE201] BSOD0x7c pointing to netadapter,WiFi,Lunar Lake,,Lunar Lake,2024-09-12 05:08:58,2024-10-02 07:59:20,High,Sensing,0.0945,2-High
2024,,false,[Lenovo_IdeaPad][Wenchang][LCFC][LNL][FVT][24H2][BE201]c,BT,Lunar Lake,,Lunar Lake,2024-09-12 23:43:00,2024-10-11 00:00:00,Low,Connectivity,0.1877,4-Low
2024,,false,[Lenovo][Compal][Ideapad S5P/S7P][ARL][AX203][BE201] No sound output from Bluetooth headest.,BT,Arrow Lake,,Arrow Lake,2024-09-12 23:34:00,2024-11-12 00:00:00,High,Connectivity,0.2193,2-High
2024,,false,[Lenovo_IdeaPad][Wenchang][LCFC][LNL][FVT][24H2][BE201]Unit connect wlan Properties show 802.11ax when change 2.4GHz/5GHz AP to 802.11be,WiFi,Lunar Lake,,Lunar Lake,2024-09-13 01:37:00,2024-10-08 00:00:00,Low,Performance,0.1209,4-Low
2024,WIFI-495550,true,[Lenovo/DT BU][in-house][RPL-R][BE200][Tiny10_M90q-5]Cannot connect to 6G hide ssid AP,WiFi,Raptor Lake Client Platforms,Raptor Lake Client Platforms,Raptor Lake Client Platforms,2024-09-13 02:08:00,2024-11-05 00:00:00,High,UEFI,0.1062,2-High
2024,,false,[Lenovo/DT BU][in-house][RPL-R][AX201/BE200][Tiny10_M90q-5]Phone or PC cannot search direct device after wakeup from S3/S4,WiFi,Raptor Lake Client Platforms,,Raptor Lake Client Platforms,2024-09-13 02:01:00,2024-10-13 00:00:00,High,P2P,0.1067,2-High
2024,,false,"[Lenovo_IdeaPad][Tianzhu 16][LCFC][FVT][24H2][BE201]BT KB show not connect after WB,(F/R:1/2units,1/15cycles).",BT,Arrow Lake,,Arrow Lake,2024-09-16 22:16:00,2024-10-11 00:00:00,Low,Connectivity,0.1799,4-Low
2024,,false,[Lenovo][Compal][Ideapad S5P/S7P][ARL][BE201] Intel_BE201:Unit show 802.11 ax when connect wifi7 AP.,WiFi,Arrow Lake,,Arrow Lake,2024-09-18 05:33:00,2024-10-15 00:00:00,High,Performance,0.1154,2-High
2024,,false,[Lenovo][Compal][Ideapad S5P/S7P][ARL][BE201]Stress_MS:SW and HW drips value are 7%~71%(spec(>90%)) which caused by Intel BE201,WiFi,Arrow Lake,,Arrow Lake,2024-09-18 06:00:00,2024-10-15 00:00:00,High,Power Consumption,0.28,2-High
2024,,false,[Lenovo][Compal][Ideapad S5P/S7P][ARL][AX203]HLK-Bluetooth-HciExtensions(Development and Integration),BT,Arrow Lake,,Arrow Lake,2024-09-18 05:48:00,2024-11-12 00:00:00,High,HLK,0.2164,2-High
2024,,false,"[Lenovo][Aladdin][LNL FVT][BE201][Win11]Run HLK item ""Bluetooth - CIS Establishment Test"" test failed(FR:3/3units;15/15cycles).",BT,Lunar Lake,,Lunar Lake,2024-09-18 23:02:00,2024-11-12 00:00:00,Medium,HLK,0.3159,3-Medium
2024,BT-284342,true,"[Lenovo_IdeaPad][Wenchang][LCFC][LNL][FVT][24H2][BE201]BT disappears and then reappears but cannot change to default setting when turn off  the airplane mode.(F/R:4/4units,4/40cycles)",BT,Lunar Lake,Lunar Lake,Lunar Lake,2024-09-19 21:01:00,2024-12-11 00:00:00,Low,Connectivity,0.1554,2-High
2024,,false,"[Lenovo_IdeaPad][Wenchang][LCFC][LNL][FVT][24H2][BE201]BT headset have noise & lag when play local or online music.(F/R: 2/2units,3/20cycles)",BT,Lunar Lake,,Lunar Lake,2024-09-19 23:51:00,2024-10-11 00:00:00,Low,Connectivity,0.1669,4-Low
2024,,false,BT audio test data review,BT,Lunar Lake,,Lunar Lake,2024-09-20 06:10:55,2024-11-06 09:03:24,Low,Connectivity,0.2111,4-Low
2024,,false,"[Lenovo_IdeaPad][Wenchang][LCFC][LNL][24H2][BE201]The unit occurred BSOD 0xd1 when run intel PTAT with 100% workloads for 8 hours on BSM mode.(F/R:1/2units, 1/8cycle)",WiFi,Lunar Lake,,Lunar Lake,2024-09-20 00:30:00,2024-10-27 00:00:00,Low,BSOD,0.1936,4-Low
2024,,false,[Lenovo_IdeaPad][Tianzhu 16][LCFC][FVT][24H2][BE201]The unit occurred BSOD 0xd1 when run intel PTAT with 100% workloads for 8 hours,WiFi,Arrow Lake,,Arrow Lake,2024-09-20 07:14:53,2024-09-20 07:21:10,Low,BSOD,0.2261,4-Low
2024,,false,"[Lenovo_IdeaPad][Wenchang][LCFC][LNL][24H2][BE201]Unit occur BSOD w/dump 0x9f when restart unit after BT lost.(F/R:1/2units,1/6cycles)",BT,Lunar Lake,,Lunar Lake,2024-09-20 04:15:00,2024-11-03 00:00:00,Low,BSOD,0.2111,4-Low
2024,,false,[Lenovo_Alloy_LNL]BE201 BSOD 0x44 when idle,WiFi,Lunar Lake,,Lunar Lake,2024-09-22 22:10:00,2024-09-27 00:00:00,High,BSOD,0.3098,2-High
2024,,false,[Lenovo][Compal][Ideapad S5P/S7P][ARL][BE201] Intel_BE201:intel wlan will lost  after run furmark.,WiFi,Arrow Lake,,Arrow Lake,2024-09-23 02:35:00,2024-10-27 00:00:00,High,YB/Lost,0.1626,2-High
2024,,false,[Lenovo][ThinkPad T490s][9560]ICBC customer reported 802.1x authentication  pop up twice user/password interface,WiFi,Whiskey Lake,,Whiskey Lake,2024-09-24 23:21:00,2024-11-20 00:00:00,High,Performance,0.1345,2-High
2024,,false,"[Lenovo][Compal][Ideapad S5P/S7P][ARL][BE201][AX203]Unit connect BT headset during Wechat video,use hotkey(F1) to mute, found  still has sound.",BT,Arrow Lake,,Arrow Lake,2024-09-24 22:54:00,2024-11-12 00:00:00,High,Connectivity,0.1773,2-High
2024,,false,[Lenovo][Compal][Ideapad S5P/S7P][ARL][AX203]Intel AX203 Bluetooth show Yellow bang during Battclues2.0 presettin,BT,Arrow Lake,,Arrow Lake,2024-09-24 06:41:00,2024-11-29 00:00:00,High,Connectivity,0.1567,2-High
2024,,false,"[Lenovo_IdeaPad][Wenchang][LCFC][LNL][24H2][BE201]Connect fail by ""Wireless Dispaly""",WiFi,Lunar Lake,,Lunar Lake,2024-09-24 00:36:00,2024-10-28 00:00:00,Low,P2P,0.1182,4-Low
2024,,false,[Lenovo-Ideapad][Wistron][900W Gen5][Twin Lake][IntelBE200] WiFi conductive throughput test fail,WiFi,Alder Lake,,Alder Lake,2024-09-25 02:19:00,2024-11-13 00:00:00,High,Performance,0.1378,2-High
2024,,false,[Lenovo][Compal][Yoga Slim 7 14ILLX][KLS71][LNL][Win11][24H2_26100] Wi-Fi driver digital signature didnt have WHQL sign,WiFi,Lunar Lake,,Lunar Lake,2024-09-26 06:54:00,2024-10-28 00:00:00,High,P2P,0.1038,2-High
2024,,false,"[Lenovo_IdeaPad][Wenchang][LCFC][LNL][FVT][24H2][BE201]BT headset have ZIZI noise when play local or online music.(F/R: 2/2units, 3/20cycles)",BT,Lunar Lake,,Lunar Lake,2024-09-26 03:07:00,2024-11-03 00:00:00,Low,Connectivity,0.1729,4-Low
2024,,false,S990 cant connect TPlink WIFI7 AP with BE for 90% FR,WiFi,Lunar Lake,,Lunar Lake,2024-09-26 20:44:00,2024-10-28 00:00:00,High,Performance,0.1115,2-High
2024,WIFI-510387,false,[Lenovo_arlh_Blanc2][ARL-H][FmP2]no AP in the scan list under Wi-Fi UEFI mode,WiFi,Arrow Lake,Arrow Lake-H,Arrow Lake-H,2024-09-26 19:44:00,2024-10-28 00:00:00,High,UEFI,0.162,2-High
2024,BT-276753,true,"[Lenovo_IdeaPad][Wenchang][LCFC][LNL][FVT][24H2][BE201]Only Intel Bluetooth PCI Enumerator remain aftre resume from MS with BT device connect.(F/R: 1/2units, 1/10cycles):",BT,Lunar Lake,Lunar Lake,Lunar Lake,2024-09-26 03:17:00,2024-11-03 00:00:00,Low,Connectivity,0.145,4-Low
2024,,false,[Lenovo/DT BU][in-house][ARL-PCB1][BE200][P900 Gen5],WiFi,Arrow Lake,,Arrow Lake,2024-09-28 20:07:00,2024-10-19 00:00:00,High,P2P,0.1049,2-High
2024,,false,[lenovo_lnl_alloy] Intel BE201 QS Connected Bluetooth devices disconnected when normal using for laptop without any power transition.,BT,Lunar Lake,,Lunar Lake,2024-09-29 23:04:00,2024-11-06 00:00:00,High,Connectivity,0.1504,2-High
2024,,false,[Lenovo][Aladdin][LNL FVT][BE201][Win11] BSOD when install BT driver,BT,Lunar Lake,,Lunar Lake,2024-09-29 18:42:00,2024-11-12 00:00:00,High,BSOD,0.203,2-High
2024,,false,"[Lenovo_IdeaPad][Elbrus Mount][LCFC][FVT][24H2][BE201]BT Shwo YB when playing  video with BT headphone., FR: 1/1Units, 1/4Cycles",BT,Arrow Lake,,Arrow Lake-H,2024-09-30 00:54:00,2024-10-25 00:00:00,Low,Connectivity,0.1895,4-Low
2024,,false,[Lenovo][Compal][Ideapad S5P/S7P][ARL][BE201][AX203]BT mouse/BT keyboard cant wake up unit after MS 0.5H.,BT,Arrow Lake,,Arrow Lake,2024-09-30 04:03:00,2024-11-12 00:00:00,High,Connectivity,0.1601,2-High
2024,,false,[AVC][M90a-6][AX203][ARL-S] Install WiFi driver cause system frozen and BSOD.,WiFi,Arrow Lake,,Arrow Lake-S,2024-09-30 23:10:00,2024-11-02 00:00:00,Critical,BSOD,0.2499,1-Critical
2024,,false,"[Lenovo_IdeaPad][Tianzhu 16][LCFC][SIT][24H2][AX203]BT Lost when do BT PLDR Test by ""ibterverify -r""",BT,Arrow Lake,,Arrow Lake-H,2024-10-01 05:19:00,2024-11-03 00:00:00,Low,YB/Lost,0.1659,4-Low
2024,WIFI-508293,false,[lenovo_arlh_matterhorn2]BE201 YB when system idle,WiFi,Arrow Lake,Arrow Lake-H,Arrow Lake-H,2024-10-01 00:42:00,2024-10-21 00:00:00,Medium,YB/Lost,0.1925,3-Medium
2024,,false,"[Lenovo_IdeaPad][Tianzhu 16][LCFC][FVT][24H2][BE201]Can not connect the AP, 1/2 Units.",WiFi,Arrow Lake,,Arrow Lake-H,2024-10-01 04:25:00,2024-10-13 00:00:00,Low,Connectivity,0.1498,4-Low
2024,,false,"[Lenovo_IdeaPad][Tianzhu 16][LCFC][FVT][24H2][BE201]Sound cant output from the BT headset after idle overnight.(F/R:1/2units,1/6cycles)",BT,Arrow Lake,,Arrow Lake-H,2024-10-02 05:22:00,2024-10-17 00:00:00,Low,Connectivity,0.2368,4-Low
2024,,false,100W300W500W_Gen5,BT,Agnostic,,Agnostic,2024-10-07 02:17:00,2024-10-28 00:00:00,High,Connectivity,0.3285,2-High
2024,,false,[lenovo_arlh_thames2] Host Wi-Fi disconnected after 1hr mobile hotstpot enabled,WiFi,Arrow Lake,,Arrow Lake-H,2024-10-07 22:31:00,2024-10-20 00:00:00,High,P2P,0.1232,2-High
2024,,false,[lenovo/DT BU][In-house][ARL-S-PCB2][AX211][IC Tower] Ax211+Vpro cannot boot into OS after installed 23.70.4.1 driver,WiFi,Arrow Lake,,Arrow Lake-S,2024-10-08 21:39:00,2024-11-02 00:00:00,High,Connectivity,0.1034,2-High
2024,,false,[Lenovo_IdeaPad][Elbrus Mount][LCFC][FVT][24H2][BE201]Stress_MS_ SW and HW drips less than 90% (IntelR Wi-Fi 7 BE201 320Mhz) when run MS stress with 10min.(F/R:4/32units).,WiFi,Arrow Lake,,Arrow Lake-H,2024-10-09 04:27:00,2024-12-05 00:00:00,Medium,Power Consumption,0.2159,3-Medium
2024,WIFI-505442,false,[LNL][FmP2] Wifi YB on first boot,WiFi,Lunar Lake,Lunar Lake,Lunar Lake,2024-10-09 06:02:29,2024-10-31 08:44:55,High,YB/Lost,0.1563,2-High
2024,,false,[Lenovo][ThinkBook 14 G6+ IMH][AX211]WLAN yellow bang in device manager,WiFi,Meteor Lake,,Meteor Lake,2024-10-10 00:25:00,2024-10-31 00:00:00,High,YB/Lost,0.1496,2-High
2024,BT-288221,true,[Lenovo]Thames2 EEP: BT mouse stops working suddenly.,BT,Lunar Lake,Lunar Lake,,2024-10-10 19:19:00,2025-01-11 00:00:00,High,Connectivity,0.2042,1-Critical
2024,,false,[Lenovo][Aladdin][LNL FVT][BE201][Win11] BT headset can not auto connect after S4 resume,BT,Lunar Lake,,Lunar Lake,2024-10-10 07:21:00,2024-12-08 00:00:00,High,Connectivity,0.2272,2-High
2024,WIFI-512812,false,[Lenovo-DT][Wistron][M90t_PCB1][ARL-S]BE200 read DSM functions failed (F/R: 100%).,WiFi,Arrow Lake,Arrow Lake-S,Arrow Lake-S,2024-10-10 00:09:00,2024-11-27 00:00:00,High,Connectivity,0.107,2-High
2024,,false,"[Lenovo_IdeaPad][Tianzhu 16][LCFC][SIT][24H2][BE201]Stress_MS_SW/HW drips under 90%(0%)) relate to ""PCI Express/USB XHCL(relate to Bluetooth)"" during MS stress test with 10min(F/R:5/11units)",BT,Arrow Lake,,Arrow Lake-H,2024-10-11 01:19:00,2024-10-28 00:00:00,High,System Hang,0.1201,2-High
2024,WIFI-507218,false,"[Lenovo_IdeaPad][Wenchang][LCFC][LNL][SIT][24H2][BE201] Intel Wi-Fi 7 BE201 show yellow bang when resume from MS/S4/S5.(F/R: 1/2units, 3/24cycles).",WiFi,Lunar Lake,Lunar Lake,,2024-10-11 01:48:00,2024-12-07 00:00:00,High,YB/Lost,0.1442,2-High
2024,WIFI-511524,true,[Thinkbook 14 G8 IRH+][RPL] BSOD(0x7e) occurs point to Netwtw14.sys when mobile hot spot is turned off,WiFi,Raptor Lake Client Platforms,Raptor Lake Client Platforms,Raptor Lake Client Platforms,2024-10-11 06:03:00,2024-11-23 00:00:00,Medium,BSOD,0.2828,2-High
2024,,false,[Lenovo][Aladdin][LNL SIT][BE201][Win11] BT mouse and headset disconnect,BT,Lunar Lake,,Lunar Lake,2024-10-12 00:31:00,2024-12-15 00:00:00,High,Connectivity,0.2186,2-High
2024,,false,[Lenovo_Legion][Compal][S5x0-14 Pro ][ARL][BE201]Conductive T-PUT test failed,WiFi,Arrow Lake,,Arrow Lake-H,2024-10-14 07:19:01,2024-10-14 10:55:23,High,Performance,0.123,2-High
2024,,false,[Lenovo_Legion][Compal][S7X0-14.5 Pro ][ARL][BE201]Conductive T-PUT test failed,WiFi,Arrow Lake,,Arrow Lake-H,2024-10-14 06:54:09,2024-10-14 10:55:58,High,Performance,0.123,2-High
2024,,false,[Lenovo_YOGA][Compal][S7X0-14.5 Pro ][ARL][BE201]Conductive T-PUT test failed,WiFi,Arrow Lake,,Arrow Lake-H,2024-10-14 03:53:00,2024-11-13 00:00:00,High,Performance,0.123,2-High
2024,,false,"[Lenovo 13w 2-in-1 Gen3]: When connecting to the internet and then changing the network band to 5GHz using an intel AX211 WLAN card, Mobile Hotspot cannot be enabled and an error message is displayed. (FR: 3/3 units, 3/3 cycles)",BT,Raptor Lake Client Platforms,,Raptor Lake Client Platforms,2024-10-14 09:05:23,2024-10-15 05:34:58,High,Connectivity,0.2039,2-High
2024,,false,[Lenovo_ideaPad][Compal][S5x0-14 Pro ][ARL][BE201]Conductive T-PUT test failed,WiFi,Arrow Lake,,Arrow Lake-H,2024-10-14 03:50:00,2024-11-13 00:00:00,High,Performance,0.123,2-High
2024,,false,[TM2][Lunarlake][Fmp2] BSOD0x44 pointing to nwifi.sys,WiFi,Lunar Lake,,Lunar Lake,2024-10-14 19:07:00,2024-11-20 00:00:00,High,P2P,0.1035,2-High
2024,,false,"[Lenovo_IdeaPad][Elbrus Mount][LCFC][FVT][24H2][BE201]BLE headset has noise after wake up from MS.(F/R:1/2units,1/10cycles)",BT,Arrow Lake,,Arrow Lake-H,2024-10-15 04:20:00,2024-11-03 00:00:00,High,Connectivity,0.1505,2-High
2024,WIFI-518554,false,[Lenovo][ThinkPad L13 G3][ADL][AX201][Win10]Wi-Fi connection occasionally drops during normal use,WiFi,Alder Lake,Alder Lake,Alder Lake,2024-10-15 02:46:00,2024-12-16 00:00:00,High,P2P,0.1345,2-High
2024,,false,[Lenovo-Ideapad][LNL][Shangri-la][BE201][24H2]BT YB while stress connect / disconnect WIFI,BT,Lunar Lake,,Lunar Lake,2024-10-15 23:05:00,2024-11-19 00:00:00,Medium,YB/Lost,0.1718,3-Medium
2024,,false,"[Lenovo-Ideapad][LNL][Shangri-la][BE201][24H2] SIT 10min MS SW drips <90% , caused by WIFI disconnect or weak signal",WiFi,Lunar Lake,,Lunar Lake,2024-10-15 22:48:00,2024-11-19 00:00:00,High,Power Consumption,0.2164,2-High
2024,WIFI-510091,false,[Lenovo_IdeaPad][Tianzhu 16][LCFC][SITT][24H2]WLAN show YB after testing BT PLDR (Product Reset)  several times. FR: 3/3 units,WiFi,Arrow Lake,Arrow Lake-H,Arrow Lake-H,2024-10-15 23:58:00,2024-10-22 00:00:00,High,YB/Lost,0.1956,2-High
2024,,false,[Lenovo][13W_GEN3]: SUT could not find the WiFi 5G signal when channel width is,WiFi,Raptor Lake Client Platforms,,Raptor Lake Client Platforms,2024-10-16 19:29:00,2024-10-31 00:00:00,High,P2P,0.1857,2-High
2024,,false,[Lenovo][Compal][Ideapad S5P/S7P][ARL][BE201]Preload image BT will show YB,BT,Arrow Lake,,Arrow Lake,2024-10-16 04:54:00,2024-11-19 00:00:00,High,YB/Lost,0.1895,2-High
2024,,false,[Lenovo][Aladdin][LNL FVT][BE201][Win11] BT device lost during MS stress test,BT,Lunar Lake,,Lunar Lake,2024-10-16 20:05:00,2024-11-18 00:00:00,Critical,YB/Lost,0.2406,1-Critical
2024,,false,[lenovo/DT BU][In-house][ARL-Tiny11][AX203][Tiny11 ARL SDV M70q Gen6 ]BT Performance Test failed,BT,Arrow Lake,,Arrow Lake,2024-10-16 20:04:00,2024-11-19 00:00:00,Medium,Connectivity,0.1474,3-Medium
2024,,false,[Lenovo][Compal][Yoga9 Refresh-32ILL10][LNL][BE201]MLO sometimes one virtual,WiFi,Lunar Lake,,Lunar Lake,2024-10-17 22:49:00,2024-11-12 00:00:00,High,Performance,0.1067,2-High
2024,,false,[Lenovo][Aladdin][LNL SIT][BE201][Win11] 0x44 BSOD when remove  BT headset,BT,Lunar Lake,,Lunar Lake,2024-10-17 22:49:00,2024-11-13 00:00:00,High,BSOD,0.1908,2-High
2024,,false,[Lenovo_ideaPad][Compal][S5P][ARL][AX203]CPT for WIFI test failed,WiFi,Arrow Lake,,Arrow Lake,2024-10-17 04:11:00,2024-12-01 00:00:00,High,UEFI,0.1252,2-High
2024,,false,[lenovo_lnl_alloy] Bluetooth Device in Device Manager lost about 2s when turning on/off Airplane mode,BT,Lunar Lake,,Lunar Lake,2024-10-17 02:02:00,2024-11-21 00:00:00,High,YB/Lost,0.1861,2-High
2024,,false,[Lenovo_IdeaPad][Wenchang][LCFC][LNL][SIT][24H2][BE201]BLE headset show disconnect after change the sound mode from recording to playback,BT,Lunar Lake,,Lunar Lake,2024-10-18 03:55:00,2024-11-03 00:00:00,High,Connectivity,0.2279,2-High
2024,,false,BLE headset show disconnect after change the sound mode from recording to playback,BT,Lunar Lake,,Lunar Lake,2024-10-18 10:47:48,2024-10-18 11:03:09,High,Connectivity,0.2412,2-High
2024,,false,[Lenovo][Compal][Ideapad S5P/S7P][ARL][AX203]Stress CB intel wlan show YB and BT lost,WiFi,Arrow Lake,,Arrow Lake,2024-10-18 01:41:00,2024-11-23 00:00:00,High,YB/Lost,0.2546,2-High
2024,,false,[Lenovo][Aladdin][LNL SIT][BE201][Win11] When connect BT speakerwill disconnect and then auto connect in the first time,BT,Lunar Lake,,Lunar Lake,2024-10-20 23:42:00,2024-11-12 00:00:00,High,Connectivity,0.1943,2-High
2024,,false,[Lenovo-Ideapad][LNL][Shangri-la][BE201][24H2] SIT BT BIOS SAR read error,BT,Lunar Lake,,Lunar Lake,2024-10-21 01:09:00,2024-11-19 00:00:00,Critical,Connectivity,0.145,1-Critical
2024,,false,"[lenovo_arlh_thames2] Intel AX211 Bluetooth device lost when testing with ATS stress, Missing Device- Intel(R) Wireless Bluetooth(R), Former Status= OK - Fail occurs during ATS S4 (Hibernate) Longrun [FR: 79/100]",BT,Arrow Lake,,Arrow Lake-H,2024-10-21 19:50:00,2024-11-10 00:00:00,High,YB/Lost,0.2181,2-High
2024,,false,[Lenovo-Ideapad][LNL][Shangri-la][BE201][24H2] EVT BT first time connect headset will audo disconnect and reconnect,BT,Lunar Lake,,Lunar Lake,2024-10-21 18:50:00,2024-11-26 00:00:00,Medium,Connectivity,0.2032,3-Medium
2024,,false,[Lenovo_Thinkbook][Compal][TB Gen7+ 14][ARL][BE201]NB cant connect closest AP,WiFi,Arrow Lake,,Arrow Lake-H,2024-10-21 06:48:00,2024-11-19 00:00:00,High,P2P,0.1171,2-High
2024,,false,"[Lenovo][Huaqin][Idepad 5 2-in-1 14/16AIL10][Intel ARL][24H2] The AX203 BT will show Yellow bang when running Coldboot test..(FR:5/50 uusts, 6/1000 cycles)",BT,Arrow Lake,,Arrow Lake-H,2024-10-21 20:46:00,2024-11-28 00:00:00,High,Connectivity,0.1653,2-High
2024,WIFI-530844,false,"[Lenovo_IdeaPad][Elbrus Mount-YGBook9i][LCFC][FVT][24H2][BE201]Stress_FB_The units show lost device(Intel PROSet/Wireless WiFi Software extension) when run FB stress test.(F/R:6/33units,6/4841cycles)",WiFi,Arrow Lake,Arrow Lake-U,Arrow Lake-U,2024-10-22 19:55:00,2024-12-19 00:00:00,High,YB/Lost,0.188,2-High
2024,,false,"[Lenovo_IdeaPad][Tianzhu 16][LCFC][SIT][24H2][AX203&BE201]BT lost and show unknown usb device during uninstall BT driver,  1/1unit, 1/15cycles",BT,Arrow Lake,,Arrow Lake-H,2024-10-22 03:25:00,2024-11-03 00:00:00,High,YB/Lost,0.2045,2-High
2024,,false,"[Lenovo][Aladdin][LNL SIT][BE201][Win11] Run HLK item ""Bluetooth - LEExtendedAdvertising (Development and Integration)"" test failed(FR:2/2units;10/10cycles).",BT,Lunar Lake,,Lunar Lake,2024-10-23 23:58:00,2024-12-07 00:00:00,High,HLK,0.2612,2-High
2024,,false,"[lenovo/DT BU][In-house][ARL][BE200][ThinkCentreM90qGen6] Modern Standby Basic Requirement Test on AC-power Source, test fail.",WiFi,Arrow Lake,,Arrow Lake,2024-10-23 21:00:00,2024-11-12 00:00:00,High,HLK,0.1008,2-High
2024,WIFI-520916,true,[lenovo/DT BU][In-house][ARL-S][BE200][ThinkCentreM90qGen6]HLK:System - PNP (disable and enable) with IO Before and After (Reliability) test fail,WiFi,Arrow Lake,Arrow Lake-S,Arrow Lake-S,2024-10-23 20:47:00,2024-12-01 00:00:00,High,HLK,0.1646,2-High
2024,,false,"[Lenovo][Aladdin][LNL SIT][BE201][Win11] Run HLK item ""Bluetooth - HciExtensions (Development and Integration)"" test failed(FR:2/2units;10/10cycles).",BT,Lunar Lake,,Lunar Lake,2024-10-24 20:19:00,2024-12-07 00:00:00,High,HLK,0.2612,2-High
2024,,false,"[Lenovo][Aladdin][LNL SIT][BE201][Win11] Run HLK item ""Bluetooth - HciExtensionsV2 (Development and Integration)"" test failed(FR:2/2units;10/10cycles).",BT,Lunar Lake,,Lunar Lake,2024-10-24 20:14:00,2024-12-07 00:00:00,High,HLK,0.2612,2-High
2024,,false,[Lenovo-DT][AVC][M90a-6][ARL-S][BE200][24H2][100%] Radio type show 11ax when WPA3.,WiFi,Arrow Lake,,Arrow Lake-S,2024-10-24 01:59:00,2024-11-19 00:00:00,High,Performance,0.1132,2-High
2024,BT-291551,true,[Lenovo][Aladdin][LNL SIT][BE201][Win11] BT mouse  can not  auto connect after MS resume,BT,Lunar Lake,Lunar Lake,Lunar Lake,2024-10-24 19:04:00,2025-01-18 00:00:00,High,Connectivity,0.196,2-High
2024,,false,[lenovo_lnl_alloy] HLK: Bluetooth - HciExtensions (Development and Integration) test failed,BT,Lunar Lake,,Lunar Lake,2024-10-24 00:56:00,2024-11-19 00:00:00,High,HLK,0.3361,2-High
2024,,false,[Lenovo][Aladdin][LNL SIT][BE201][Win11] SW/HW drips is less than 90%Intel(R) Wi-Fi 7 BE201 320MHz,WiFi,Lunar Lake,,Lunar Lake,2024-10-24 02:12:00,2024-12-02 00:00:00,High,Power Consumption,0.3286,2-High
2024,,false,"[Cheetah-3]:The EUT cant connect the WPA2-Enterprise(EAP-TLS) Wi-Fi in the Wi-Fi Configuration menu.(FR:2/2 units,10/10 trials)",WiFi,Alder Lake,,Alder Lake,2024-10-24 03:51:00,2024-12-29 00:00:00,High,Connectivity,0.1236,2-High
2024,BT-284698,false,BSOD 0x9F (ibtpci.sys) encountered during Memory Test on Thames-2 EEP with 23.70.3.1 and verifier = ENABLED (5/25 units),BT,Lunar Lake,Lunar Lake,Lunar Lake,2024-10-25 01:18:00,2024-12-08 00:00:00,High,BSOD,0.324,1-Critical
2024,BT-289196,false,"[Lenovo_IdeaPad][Wenchang][LCFC][LNL][SIT][24H2][BE201] BT Lost when idle after normal use.(F/R: 1/2units, 1/20cycles)",BT,Lunar Lake,Lunar Lake,Lunar Lake,2024-10-27 18:41:00,2024-12-02 00:00:00,High,YB/Lost,0.1772,2-High
2024,,false,"[Lenovo][Aladdin][LNL SIT][BE201][Win11] Unit occurs BSOD(Stop code: SYSTEM_THREAD_EXCEPTION_NOT_HANDLED,bugcheck:0x7e,with dump) when connect BT headset and then disable Bluetooth in Quick settings",BT,Lunar Lake,,Lunar Lake,2024-10-27 22:41:00,2024-11-07 00:00:00,High,BSOD,0.196,2-High
2024,BT-289236,false,[Lenovo_IdeaPad][Elbrus Mount][LCFC][FVT][24H2][BE201]Sound output occur lag/delay(about 0.5S) serveral times when play local music with BT headset (F/R:2/2units 4/10cycles).,BT,Arrow Lake,Arrow Lake-Hx,Arrow Lake-Hx,2024-10-27 18:00:00,2024-12-02 00:00:00,High,Connectivity,0.1834,1-Critical
2024,,false,[Lenovo-IdeaPad][ARL][FmP2][Shangri-la EVT]WIFI project fail,WiFi,Arrow Lake,,Arrow Lake,2024-10-27 23:49:00,2024-11-27 00:00:00,High,Performance,0.1143,2-High
2024,,false,"[Lenovo_IdeaPad][Yoga Slim7_14ILL10_FVT] H4_Auto_ S4_5/Stress_S4, System show Bluetooth lost an",BT,(missing),,,2024-10-29 23:04:00,2024-12-12 00:00:00,High,YB/Lost,0.2369,2-High
2024,,false,"[Lenovo][Aladdin][LNL SIT][BE201][Win11]  BT device ""HUAWEI P30 PRO"" will become ""Bluetooth LE Device xxxxxxxx"" during Bluetooth file transfer.(FR:2/2units;4/4cycles)",BT,Lunar Lake,,Lunar Lake,2024-10-29 00:47:00,2024-11-26 00:00:00,High,Connectivity,0.1633,2-High
2024,,false,"[Lenovo][Compal][Yoga Slim7_14ILL10_FVT] Stress _MS/Stress_WiFi-MS,Intel(R) WI-FI 7 BE201 320MHz(\_SB.PC00.CNWW) caused SW:0%, HW:-",WiFi,Lunar Lake,,Lunar Lake,2024-10-29 03:32:00,2024-12-07 00:00:00,High,Power Consumption,0.3095,2-High
2024,,false,ThinkStation Mistral P3 Ultra Gen 2:W11:HLK:System - PNP (disable and enable) with IO Before and After (Reliability) fail,WiFi,Arrow Lake,,Arrow Lake-S,2024-10-29 02:10:00,2024-12-07 00:00:00,High,HLK,0.1239,2-High
2024,BT-289135,false,[Lenovo_IdeaPad][Tianzhu 16][LCFC][SIT][24H2][BE201/BE200]BT Device lag and autodisconnect and the re-connect,BT,Arrow Lake,Arrow Lake-H,Arrow Lake-H,2024-10-29 02:44:00,2024-12-12 00:00:00,High,Connectivity,0.1756,1-Critical
2024,,false,[Lenovo_IdeaPad][LCFC][ARL_H][24H2] [BE200]The WRT tool cannot read the ACPI DSM function when the BE200 is inserted on the ARL-HU Platform.,WiFi,Arrow Lake,,Arrow Lake-H,2024-10-31 19:30:00,2024-11-25 00:00:00,High,Sensing,0.1064,2-High
2024,WIFI-520713,false,[Lenovo_IdeaPad][Wenchang][LCFC][LNL][SIT][24H2][BE201]WRT tool show WLAN error code 5002 with 04444 assert,WiFi,Lunar Lake,Lunar Lake,Lunar Lake,2024-10-31 00:48:00,2024-12-07 00:00:00,High,YB/Lost,0.1393,2-High
2024,WIFI-520712,true,[ThinkPad China][E14 gen5][Field_issue] Wi-Fi AX201 significantly slow access to E-Filling and SAP SQL data.,WiFi,Raptor Lake Client Platforms,Raptor Lake Client Platforms,Raptor Lake Client Platforms,2024-11-01 01:01:00,2025-01-18 00:00:00,Critical,Performance,0.1208,1-Critical
2024,,false,[Lenovo China/Compal][LNL] BE201_2230_KLSPC_Layout Review,WiFi,Lunar Lake,,Lunar Lake,2024-11-01 09:46:01,2024-11-07 15:02:20,High,Performance,0.1027,2-High
2024,,false,[lenovo_lnl_alloy] BSOD 0x9F point to ibtpci.sys during office normal usage,BT,Lunar Lake,,Lunar Lake,2024-11-04 18:53:00,2024-11-19 00:00:00,High,BSOD,0.3995,2-High
2024,WIFI-521225,false,[Lenovo][LNL][BE201][Thames-2] WLAN YB during Reboot Loop test.,WiFi,Lunar Lake,Lunar Lake,Lunar Lake,2024-11-04 17:21:00,2025-01-01 00:00:00,High,YB/Lost,0.1783,2-High
2024,,false,[lenovo/DT BU][In-house][[C-ARL-PCB2][AX211]TC-TC-M770T ]AX211 WIFI  Nearby sharing,BT,Arrow Lake,,Arrow Lake-S,2024-11-04 19:53:00,2024-12-03 00:00:00,High,Connectivity,0.1784,2-High
2024,,false,[Lenovo][Wistron][ARL][AX211][TB1416_GEN8]:MS stress test BT detvice show YB in DM,BT,Arrow Lake,,Arrow Lake,2024-11-04 18:26:00,2024-12-02 00:00:00,High,YB/Lost,0.1861,2-High
2024,,false,[Lenovo][Compal][TB G7+1416][ARL_H]BE200&BE201cannot connect to 5G frequenc band,WiFi,Arrow Lake,,Arrow Lake,2024-11-04 22:04:00,2024-12-07 00:00:00,High,P2P,0.1128,2-High
2024,,false,[Lenovo/DT BU][In-house][ARL-HX][AX203/AX211][LOQ-Tower-17IAX10]Bluetooth headse,BT,Arrow Lake,,Arrow Lake-Hx,2024-11-04 22:58:00,2024-11-29 00:00:00,High,Connectivity,0.1767,2-High
2024,,false,Yoga_Slim_9_14ILL10 BT audio test data review,BT,Lunar Lake,,Lunar Lake,2024-11-05 06:47:56,2024-11-06 09:02:46,Low,Connectivity,0.2111,4-Low
2024,,false,[Lenovo][LNL][BE201][Thames-2/Mersey-2] BSOD0x7E pointing to WifiCx.sys,WiFi,Lunar Lake,,Lunar Lake,2024-11-05 20:34:00,2024-11-07 00:00:00,High,P2P,0.0957,2-High
2024,WIFI-534850,false,[Lenovo][Aladdin][LNL SIT][BE201][Win11] WiFi icon flash more than 30s when connect enterprise network,WiFi,Lunar Lake,Lunar Lake,Lunar Lake,2024-11-05 23:00:00,2024-11-27 00:00:00,Low,Performance,0.1269,2-High
2024,,false,[Lenovo-DT][Wistron][M90t_PCB1][ARL-S] BE200 read ACPI DSM functions failed (F/R,WiFi,Arrow Lake,,Arrow Lake-S,2024-11-05 22:43:00,2024-11-07 00:00:00,High,Connectivity,0.1079,2-High
2024,,false,"[Lenovo][Foxconn][Thinkstation P7 Hornet][FHFs][AX210][Win11 24H2][50%]Bluetooth driver lost under device manager and exist error event ""ID 17""(BTHUSB)",BT,Fishhawk Falls,,Fishhawk Falls,2024-11-06 00:22:00,2025-01-11 00:00:00,High,YB/Lost,0.2138,2-High
2024,BT-297451,false,[lenovo_lnl_alloy] Intel BE201 QS Bluetooth device was lost when the system entered MS. Fail rate:1/8 times.,BT,Lunar Lake,Lunar Lake,Lunar Lake,2024-11-06 22:05:00,2025-02-23 00:00:00,High,YB/Lost,0.1637,1-Critical
2024,,false,"[Lenovo_IdeaPad][Elbrus Mount][LCFC][FVT][24H2][BE201]Cannot connect the BT keyboard and have error message when connect with BT.(F/R:1/2u,1/10cycles)",BT,Arrow Lake,,Arrow Lake-U,2024-11-06 01:23:00,2024-11-17 00:00:00,Medium,Connectivity,0.1794,3-Medium
2024,WIFI-521571,true,"[Lenovo_IdeaPad][Wenchang][LCFC][LNL][24H2][SIT][BE201]The unit occurred BSOD_0x10D after running the Prime95+TAT test overnight, and then idle about 20 minutes later(FR: 2/4Units)",WiFi,Lunar Lake,Lunar Lake,Lunar Lake,2024-11-06 03:18:00,2024-12-05 00:00:00,High,Connectivity,0.1186,2-High
2024,BT-289100,false,"[Lenovo_IdeaPad][Wenchang][LCFC][LNL][SIT][24H2][BE201]BT headset have noise & lag when play local or online music.(F/R: 2/2units,3/20cycles)",BT,Lunar Lake,Lunar Lake,Lunar Lake,2024-11-07 18:33:00,2024-12-11 00:00:00,High,Connectivity,0.1668,1-Critical
2024,,false,[Lenovo][LNL][BE201][Thames-2] Edge Browsers [Share] function GUI does not load,WiFi,Lunar Lake,,Lunar Lake,2024-11-07 08:02:39,2024-11-08 01:30:50,High,Connectivity,0.1105,2-High
2024,,false,[Lenovo_Alloy_LNL]BE201 no internet access happened after switch SSID with MH on,WiFi,Lunar Lake,,Lunar Lake,2024-11-07 18:50:00,2024-12-03 00:00:00,High,Performance,0.1058,2-High
2024,WIFI-526739,false,[Lenovo_LNL_Matterhorn2]BE201 device lost & YB when system idle,WiFi,Arrow Lake,Arrow Lake-U,Arrow Lake,2024-11-07 04:42:00,2024-12-23 00:00:00,High,YB/Lost,0.3758,2-High
2024,BT-295619,false,[lenovo_lnl_alloy] Intel BE201 QS Connected Bluetooth mouse device stopped working and can not be used during MS then resumed when normal use.,BT,Lunar Lake,Lunar Lake,Lunar Lake,2024-11-07 00:15:00,2025-02-11 00:00:00,High,Connectivity,0.1606,1-Critical
2024,,false,"[Lenovo_IdeaPad][Tianzhu 16][LCFC][DIS][24H2]""puci,cici"" noise occur when play music with BT headset on intel Ax203&BE201 WLAN card  with BT offload enabled.",BT,Arrow Lake,,Arrow Lake-H,2024-11-10 18:57:00,2024-12-12 00:00:00,High,Connectivity,0.1685,2-High
2024,,false,[TB 14 G7+ IAH_mini FVT ] [BE200]Running MS stress tool SW/HW drips cannot meet spec 90% when WiFi connected Internet.,WiFi,Arrow Lake,,Arrow Lake,2024-11-10 18:11:00,2024-12-27 00:00:00,Medium,Power Consumption,0.4283,3-Medium
2024,,false,"[lenovo_lnl_alloy] Unit show fail with ""Lost Bluetooth Device"" during Faststartup stress test by OSAging3.24.1.1.(FR: 1/15units, 1/1600 Total trials)",BT,Lunar Lake,,Lunar Lake,2024-11-11 00:51:00,2024-12-03 00:00:00,High,YB/Lost,0.1888,2-High
2024,,false,"[lenovo_lnl_alloy] ATS log show fail with ""Missing Device- Intel(R) Bluetooth(R) PCI Enumerator, Former Status= OK - Fail"" during Restart stress test by LongRunATS_AOAC_v5.2 tool(FR: 1/10units, 1/2000 Total trials)",BT,Lunar Lake,,Lunar Lake,2024-11-11 01:27:00,2024-12-08 00:00:00,High,YB/Lost,0.1569,2-High
2024,,false,"[Lenovo][IdeaPad 5 2-in-1 14/16IAL10][ARL][24H2] UUT display Bluetooth YB(error code:10) when running CB/S4/MS test.(F/R: 5/68 by UUTs, 5/4625 by cycles)",BT,Arrow Lake,,Arrow Lake-H,2024-11-11 14:18:26,2024-12-26 03:25:59,High,YB/Lost,0.1493,2-High
2024,,false,"[Lenovo][Aladdin][LNL SIT][BE201][Win11] Sound cant output from BT headset ""Yoga TWS"" after resuming from S4.(FR:1/1units,8/75cycles)",BT,Lunar Lake,,Lunar Lake,2024-11-11 07:35:00,2024-11-11 00:00:00,Medium,Connectivity,0.2074,3-Medium
2024,,false,[lenovo/DT BU][In-house][ARL-S-PCB2][BE200]P3 Tiny gen2 ]win+K3s.,WiFi,Arrow Lake,,Arrow Lake-S,2024-11-12 19:09:00,2024-12-05 00:00:00,High,P2P,0.1049,2-High
2024,,false,[Lenovo][in-house][ARL-S][AX211][PCB2/M970ts]Cannot detect Wireless display in scan list by Win+K,WiFi,Arrow Lake,,Arrow Lake-S,2024-11-12 03:25:00,2024-12-30 00:00:00,High,P2P,0.1151,2-High
2024,,false,"[Lenovo-Ideapad][ARL][Y910][BE200][24H2] WIFI always YB , follow SSD",WiFi,Arrow Lake,,Arrow Lake-Hx,2024-11-12 17:55:00,2024-12-03 00:00:00,Medium,YB/Lost,0.1515,3-Medium
2024,,false,[Lenovo/Desktop][in-house][ARL-S][BE200[M90q-6]WPA3-Personal-AES UI issues,WiFi,Arrow Lake,,Arrow Lake-S,2024-11-13 22:43:00,2024-12-10 00:00:00,High,Connectivity,0.1006,2-High
2024,WIFI-528912,true,"[Lenovo][Aladdin][LNL SIT][BE201][Win11] Cast page shows ""No displays are available"" when install ""Wireless Display"" and then press Win+K.(FR:2/2units,4/4cycles)",WiFi,Lunar Lake,Lunar Lake,Lunar Lake,2024-11-13 21:17:00,2024-12-24 00:00:00,High,Connectivity,0.116,2-High
2024,,false,[lenovo/DT BU][In-house][ARL-PCB1][AX211][	M90t Gen6 ]:HLK:System-PNP with IO be,WiFi,Arrow Lake,,Arrow Lake-S,2024-11-13 23:47:00,2024-12-05 00:00:00,High,HLK,0.1228,2-High
2024,,false,[Lenovo][Compal][Ideapad S5P/S7P][ARL][AX203]  BT device shows YB when stress CB,BT,Arrow Lake,,Arrow Lake,2024-11-13 05:37:42,2024-12-03 13:34:28,High,YB/Lost,0.201,2-High
2024,,false,[Lenovo/DT][in-house][ARL-S][AX203][M70t-6]HLK-BT-LE Audio VSAP,BT,Arrow Lake,,Arrow Lake-S,2024-11-14 02:38:00,2024-12-04 00:00:00,High,HLK,0.2252,2-High
2024,,false,[Lenovo Thinkpad/LCFC][Alloy/LNL/FmP][PCIe] Intel BE201 QS Bluetooth device lost when testing with ATS S4 stress test.,BT,Lunar Lake,,Lunar Lake,2024-11-14 19:30:00,2024-12-03 00:00:00,High,YB/Lost,0.2213,2-High
2024,,false,"[Lenovo][Aladdin][LNL SIT][BE201][Win11] MS SW BT Drips=0, no HW drips USB xHCI",BT,Lunar Lake,,Lunar Lake,2024-11-14 19:21:00,2024-12-11 00:00:00,Critical,Power Consumption,0.2839,1-Critical
2024,,false,[Lenovo/DT][in-house][ARL-S][AX211][M90t-6]HLK-BT-LE Audio VSAP,BT,Arrow Lake,,Arrow Lake-S,2024-11-14 02:32:00,2024-12-15 00:00:00,High,HLK,0.2186,2-High
2024,,false,[LENOVO][Compal][LNL][BE201][Yoga slim7]BT PAN test issue,BT,Lunar Lake,,Lunar Lake,2024-11-14 20:08:00,2024-12-23 00:00:00,Critical,Connectivity,0.1757,1-Critical
2024,,false,[Lenovo Thinkpad/LCFC][Alloy/LNL/FmP][PCIe] Intel BE201 QS Bluetooth device lost when testing with ATS S4 stress,BT,Lunar Lake,,Lunar Lake,2024-11-15 03:02:58,2024-11-15 03:31:17,High,YB/Lost,0.2159,2-High
2024,,false,"[Lenovo_IdeaPad][Wenchang][LCFC][LNL][SIT][24H2][BE201]Unit occur BSOD 0xA while Lenovo Yoga TWS Earbuds headphone show error after Switch use.(F/R: 1/2units, 1/10cycles)",BT,Lunar Lake,,Lunar Lake,2024-11-15 20:11:00,2024-12-07 00:00:00,High,BSOD,0.1614,2-High
2024,BT-293145,false,"[Lenovo_IdeaPad][Tianzhu 16][LCFC][SIT][24H2]BT device no function and show ""connect"" after resum from Sx.",BT,Arrow Lake,Arrow Lake-U,Arrow Lake-U,2024-11-16 18:50:00,2024-12-16 00:00:00,High,Connectivity,0.1839,1-Critical
2024,,false,[Lenovo Thinkpad/LCFC][Eiger-2/Sonic-1_ARL/ARL/FmP][USB] Intel BE201 Bluetooth device was lost when the system entered MS stress test. Fail rate:1/1850 times.,BT,Arrow Lake,,Arrow Lake-H,2024-11-17 10:31:05,2024-11-22 07:42:07,High,YB/Lost,0.1573,2-High
2024,,false,[Lenovo Thinkpad/LCFC][Alloy/LNL/FmP][PCIe] Intel BE201 QS Bluetooth paired successfully but can not use with Intel Unison App problem.,BT,Lunar Lake,,Lunar Lake,2024-11-17 11:21:59,2024-11-22 07:43:24,High,Connectivity,0.1875,2-High
2024,,false,[Lenovo][Aladdin][LNL SIT][BE201][Win11]BT headset(IQOO TWS2) lose function when starting team video call after do warmboot/S4.(FR:2/2units;6/10cycles),BT,Lunar Lake,,Lunar Lake,2024-11-17 19:23:00,2024-12-14 00:00:00,Low,Connectivity,0.1985,4-Low
2024,,false,[Lenovo-Ideapad][LNL][Shangri-la][BE201][24H2] BT HLK fail Bluetooth - HciExten,BT,Lunar Lake,,Lunar Lake,2024-11-18 16:00:00,2024-12-12 00:00:00,Critical,HLK,0.2607,1-Critical
2024,,false,[Lenovo-Ideapad][LNL][Shangri-la][BE201][24H2] BT noise after resume from S5,BT,Lunar Lake,,Lunar Lake,2024-11-18 16:19:00,2024-12-12 00:00:00,High,Connectivity,0.192,2-High
2024,,false,"[Lenovo_IdeaPad][Wenchang][LCFC][LNL][SIT][24H2][BE201]BT device no function and show ""connect"" after resum from Sx.",BT,Lunar Lake,,Lunar Lake,2024-11-20 03:26:00,2024-12-03 00:00:00,High,Connectivity,0.172,2-High
2024,,false,[Lenovo Thinkpad/LCFC][Alloy/LNL/FmP][PCIe] BSOD 0xA point to BthA2dp.sys during office normal usage,BT,Lunar Lake,,Lunar Lake,2024-11-20 22:14:00,2024-12-12 00:00:00,High,BSOD,0.2464,2-High
2024,WIFI-541859,false,[Lenovo][Compal][Yoga9 Refresh-32ILL10][LNL][BE201]6G band hidden SSID cant be connected.,WiFi,Lunar Lake,Lunar Lake,Lunar Lake,2024-11-21 21:59:00,2025-01-18 00:00:00,High,Connectivity,0.1175,2-High
2024,,false,[Lenovo][Compal][Ideapad S5P/S7P][ARL][BE200]Unit show BSOD(0x10d Stop code:WDF_VIOLATION) when take a screen shot after idle about 10 minutes. (F/R: 1/2units;1/10cycles),WiFi,Arrow Lake,,Arrow Lake,2024-11-21 19:29:00,2024-12-14 00:00:00,Low,BSOD,0.1827,4-Low
2024,,false,[Lenovo][Aladdin][LNL SIT][BE201][Win11] Sound output has noise when connect BT headset during Teams meeting/Wechat call.(FR:11/11units;40/44cycles),BT,Lunar Lake,,Lunar Lake,2024-11-21 07:07:00,2024-11-27 00:00:00,Critical,Connectivity,0.2178,1-Critical
2024,,false,"[Lenovo_IdeaPad][Wenchang][LCFC][LNL][SIT][24H2][BE201]Noise occurred during teams call, 2/2Units,  5/5cycles",BT,Lunar Lake,,Lunar Lake,2024-11-22 01:54:00,2024-12-03 00:00:00,High,Connectivity,0.1838,2-High
2024,,false,"[Lenovo-IdeaPad][LNL][QIXIA][win11]{SVT][FmP][S790_15_LNL_SS_HF]The unit show BSOD (stop code:DRIVER_IRQL_NOT_LESS_OR_EQUAL,bugcheck code: 0xd1, with dump) when download steam app.(F/R:1/2units,1/4cycles)",WiFi,Lunar Lake,,Lunar Lake,2024-11-22 02:10:00,2024-12-15 00:00:00,High,BSOD,0.2037,2-High
2024,,false,[Lenovo_IdeaPad][Tianzhu 16][LCFC][SIT][24H2]BT Mouse show not connect after idle more than 10 mins,BT,Arrow Lake,,Arrow Lake,2024-11-23 22:00:00,2024-12-16 00:00:00,High,Connectivity,0.1836,2-High
2024,,false,[Lenovo][Aladdin][LNL SIT][BE201][Win11]can not find 6GHz band,WiFi,Lunar Lake,,Lunar Lake,2024-11-24 22:55:00,2024-12-15 00:00:00,Critical,Connectivity,0.1571,1-Critical
2024,,false,"[Lenovo][Aladdin][LNL SIT][BE201][Win11] The unit occurred BSOD (bugcheck:0XD1,with dump) after OOBE and idle 20mins.",WiFi,Lunar Lake,,Lunar Lake,2024-11-24 20:48:00,2024-12-15 00:00:00,Critical,BSOD,0.1816,1-Critical
2024,BT-295203,false,[Lenovo/DT][In-house][ARL-S][AX211][QT M970TS]BT Nearby Sharing failed,BT,Arrow Lake,Arrow Lake-S,Arrow Lake-S,2024-11-25 00:55:00,2024-12-04 00:00:00,High,Connectivity,0.2193,1-Critical
2024,WIFI-540133,false,[Lenovo-Ideapad][LNL][Shangri-la][BE201][24H2] WIFI ICON lost and auto resume,WiFi,Lunar Lake,Lunar Lake,Lunar Lake,2024-11-25 23:35:00,2024-12-21 00:00:00,High,YB/Lost,0.1653,2-High
2024,,false,[Lenovo_Alloy_LNL]BE201 reset after connected to 6G SSID,WiFi,Lunar Lake,,Lunar Lake,2024-11-25 23:13:00,2024-11-26 00:00:00,High,P2P,0.1004,2-High
2024,BT-295927,true,[Lenovo-Ideapad][LNL][Shangri-la][BE201][24H2] BT lost while S4 stress,BT,Lunar Lake,Lunar Lake,Lunar Lake,2024-11-27 22:38:00,2025-01-11 00:00:00,Critical,YB/Lost,0.2063,1-Critical
2024,,false,[LENOVO][Compal][ARL][BE200][S5P/S7P Yoga Pro 7 14IAH10]BT earphone issue,BT,Arrow Lake,,Arrow Lake,2024-11-27 00:30:00,2025-01-02 00:00:00,Critical,Connectivity,0.1864,1-Critical
2024,,false,[Lenovo][Compal][Ideapad S5P/S7P][ARL][BE200]Unit show BSOD(0xd1) when run jumpstart,WiFi,Arrow Lake,,Arrow Lake,2024-11-27 02:40:00,2024-12-18 00:00:00,High,BSOD,0.2203,2-High
2024,,false,[Lenovo_Alloy_LNL]BE201 hard to search 6G after ANT tool set to us,WiFi,Lunar Lake,,Lunar Lake,2024-11-27 23:07:00,2024-12-03 00:00:00,Medium,Connectivity,0.1011,3-Medium
2024,,false,[lenovo/DT BU][In-house][[C-ARL-PCB2][AX211]TC-TC-M770T ] AX211WIFI  Nearby sharing RTL8922AE,BT,Arrow Lake,,Arrow Lake-S,2024-11-28 18:35:00,2025-01-14 00:00:00,High,Connectivity,0.1987,2-High
2024,WIFI-551095,true,[Lenovo][Aladdin][LNL SIT][BE201][Win11] System show only one network band when connect MLO enabled AP,WiFi,Lunar Lake,Lunar Lake,Lunar Lake,2024-11-28 01:53:00,2025-01-26 00:00:00,High,Connectivity,0.1061,1-Critical
2024,,false,[Lenovo_IdeaPad][ThinkBook 13X G5][LCFC][ARL][FVT][24H2][BE201]Unit occur Blackscreen HW hang and BSOD(0x9f) W/ dumple file when run the Restart stress.(F/R 1/4units 1/145trials),BT,Arrow Lake,,Arrow Lake-H,2024-11-28 02:42:00,2024-12-21 00:00:00,High,BSOD,0.2589,2-High
2024,,false,"[Lenovo Thinkpad/LCFC][Matterhorn2_Yushan2_ARL/ARL/FmP][USB] Intel BE201 Bluetooth device was lost during S0i3 stress test by LongRunATS_AOAC_v5.2 tool. (FR: 1/46units, 1/6764total trials)",BT,Arrow Lake,,Arrow Lake-H,2024-11-29 01:04:00,2025-02-07 00:00:00,High,YB/Lost,0.1732,2-High
2024,,false,"[Lenovo/DT][in-house][ARL-S][AX211][QT M970ts]BT Nearby Sharing failed ---Intel receive, RTL send",BT,Arrow Lake,,Arrow Lake-S,2024-12-01 21:54:00,2024-12-29 00:00:00,High,Connectivity,0.2147,2-High
2024,BT-295258,true,[Lenovo][Thames2/Mersey2][BE] BT Lost during S4/S4 with 23.100.1.1,BT,Lunar Lake,Lunar Lake,Lunar Lake,2024-12-01 23:53:00,2025-02-23 00:00:00,High,YB/Lost,0.2127,1-Critical
2024,,false,[Lenovo][Aladdin][LNL SIT][BE201][Win11] wifi device lost/YB after MS resume,WiFi,Lunar Lake,,Lunar Lake,2024-12-03 19:51:00,2024-12-28 00:00:00,Critical,YB/Lost,0.3073,1-Critical
2024,,false,[Lenovo Thinkpad/LCFC][Link-1_ARL/ARL/FmP/GfP][USB] Intel BE201/AX211 with BT headset Samsung Galaxy Buds3 Pro can be recognized but no function.(FR:2/2 units),BT,Arrow Lake,,Arrow Lake-H,2024-12-03 06:50:25,2024-12-17 05:57:47,High,Connectivity,0.2427,2-High
2024,,false,"[Lenovo_ThinkPad][KUNLUN IAL][LCFC][FVT][24H2][AX211]BT headset left ear lost when connected to BT headset device or resum from Sx.(FR: 2/2units, 6/16trails)",BT,Arrow Lake,,Arrow Lake-U,2024-12-03 01:43:00,2024-12-25 00:00:00,Medium,Connectivity,0.1902,3-Medium
2024,WIFI-546162,true,[lenovo_lnl_eiger2]BE201 BSOD 0xD1 when playing video with WhitePearl tool,WiFi,Lunar Lake,Lunar Lake,Lunar Lake,2024-12-03 18:48:00,2024-12-05 00:00:00,High,BSOD,0.238,2-High
2024,BT-297374,false,"[Lenovo_IdeaPad][Wenchang][LCFC][LNL][SIT][24H2][BE201] BT Lost when idle after normal use.(F/R: 2/2units, 2/4cycles)",BT,Lunar Lake,Lunar Lake,Lunar Lake,2024-12-03 17:58:00,2025-01-11 00:00:00,Critical,YB/Lost,0.1772,1-Critical
2024,,false,"[Lenovo_IdeaPad][Sunrise][LCFC][LNL][FVT][24H2][BE201] The unit still can search the 6G SSID when the MCC set to CN, FR: 1/2Units1/20cycles",WiFi,Lunar Lake,,Lunar Lake,2024-12-04 21:40:00,2024-12-31 00:00:00,Medium,Connectivity,0.1302,3-Medium
2024,,false,[Lenovo][AVC][M90aPro-6][ARL-S][BE200][Win11 24H2][F/R:100%] Cant wake on WLAN in S4,WiFi,Arrow Lake,,Arrow Lake-S,2024-12-04 17:20:00,2024-12-22 00:00:00,High,YB/Lost,0.103,2-High
2024,,false,[lenovo_arlh_mersey2]BE201 error system event 5002 after resume from s0i3,WiFi,Lunar Lake,,Lunar Lake,2024-12-04 01:31:00,2024-12-04 00:00:00,Medium,YB/Lost,0.1198,3-Medium
2024,,false,[Lenovo_Thinkbook][Compal][Solar PC][LNL][BE201]BT not stable with BE201,BT,Lunar Lake,,Lunar Lake,2024-12-04 18:13:00,2025-01-14 00:00:00,High,Connectivity,0.1534,2-High
2024,,false,[Lenovo-Ideapad][Shangri-la/Yoga Slim 9_SIT][FmP][LNL][24H2]BT YB after MS resume,BT,Lunar Lake,,Lunar Lake,2024-12-04 15:31:00,2024-12-29 00:00:00,High,YB/Lost,0.1998,2-High
2024,,false,[Lenovo_Thinkbook][Compal][Solar PC][LNL][BE201]BT not stable with BE201 (w,WiFi,Lunar Lake,,Lunar Lake,2024-12-04 03:28:55,2024-12-05 02:13:23,High,P2P,0.1078,2-High
2024,,false,[Lenovo-Ideapad][LNL][Shangri-la][BE201][24H2] BT PLDR fail while BT connected,BT,Lunar Lake,,Lunar Lake,2024-12-05 18:03:00,2025-01-01 00:00:00,High,Connectivity,0.1907,2-High
2024,,false,[lenovo/DT][inhouse][ARL-S][BE200][M90t-6],WiFi,Arrow Lake,,Arrow Lake-S,2024-12-05 22:48:00,2024-12-16 00:00:00,High,P2P,0.1129,2-High
2024,,false,[LENOVO][Compal][ARL][BE200][Slim7][Yoga Slim7]BT PAN ping test fail,BT,Lunar Lake,,Lunar Lake,2024-12-05 21:25:00,2025-01-16 00:00:00,Critical,HLK,0.1741,1-Critical
2024,BT-296724,false,[Lenovo][Aladdin][LNL SIT][BE201]BT lost in SVT build,BT,Lunar Lake,Lunar Lake,Lunar Lake,2024-12-05 21:04:00,2025-01-11 00:00:00,Critical,YB/Lost,0.1778,1-Critical
2024,WIFI-548045,true,[Lenovo][Aladdin][LNL SIT][BE201]wifi ping fail when perform wifi reboot ping test,WiFi,Lunar Lake,Lunar Lake,Lunar Lake,2024-12-06 17:48:00,2024-12-22 00:00:00,Critical,Performance,0.1016,1-Critical
2024,,false,"[Lenovo Thinkpad/LCFC][Matterhorn2_Yushan2_ARL/ARL/FmP][USB] Intel BE201 Intel(R) Wireless Bluetooth(R) Lost during Restart stress test by LongRunATS_AOAC_v5.2 tool. (FR: 1/52units, 1/7800 total trials)",BT,Arrow Lake,,Arrow Lake-H,2024-12-06 08:13:14,2024-12-25 08:41:19,High,YB/Lost,0.1621,2-High
2024,,false,"[Lenovo Thinkpad/LCFC][Matterhorn2 LNL/LNL/FmP][PCIE] B system no sound output when the Samsung Galaxy Buds3 Pro(D579) BT headset is connected to the A system during meeting call in teams/zoom.(FR:2/2units,4/4trials)",BT,Lunar Lake,,Lunar Lake,2024-12-06 06:45:35,2024-12-31 05:26:28,High,Connectivity,0.2315,2-High
2024,,false,"[Lenovo Thinkpad/LCFC][Link-1_ARL/ARL/FmP/GfP][USB] Intel BE201/AX211 the Sound Recorder cannot be recorded and automatic exit when use BT headset recording.(FR: 2/2 units, 4/4tal trials).",BT,Arrow Lake,,Arrow Lake-H,2024-12-06 02:10:00,2024-12-09 00:00:00,High,Connectivity,0.2366,2-High
2024,,false,"[Lenovo_IdeaPad][Yoga Slim7_14ILL10_FVT]H4_Auto_ S4/Stress_S4, System show Bluetooth lost and Unknown USB Device yellow bang in device manager. (F/R:1/10u,1/2,500c)",BT,Lunar Lake,,Lunar Lake,2024-12-08 20:15:00,2025-01-12 00:00:00,High,YB/Lost,0.3043,2-High
2024,WIFI-550188,false,[lenovo_lnl0eiger2] BE201 BSOD 0x9F when doing hybrid shutdown stress test,WiFi,Lunar Lake,Lunar Lake,Lunar Lake,2024-12-08 22:54:00,2025-01-11 00:00:00,High,BSOD,0.2963,2-High
2024,,false,[Lenovo_arlu_abby]BT device lost and YB during S4 longrun in AC mode on AX211,BT,Arrow Lake,,Arrow Lake-U,2024-12-09 22:27:00,2025-02-11 00:00:00,High,YB/Lost,0.3718,2-High
2024,,false,[Lenovo Thinkpad/LCFC][Link-1_ARL/ARL/FmP][USB] The Intel BE201 BT keyboard/mouse shows in the BT device but is not connected and can not auto-reconnect after being in idle mode for a night.,BT,Arrow Lake,,Arrow Lake-H,2024-12-09 08:50:00,2025-02-20 00:00:00,High,Connectivity,0.2228,2-High
2024,,false,[Lenovo_IdeaPad][Lun1.0 Intel_ARL_FVT]Intel BT device show YB during running Mike Power off test.(F/R: 1/4 units),BT,Arrow Lake,,Arrow Lake-H,2024-12-09 01:05:00,2025-02-11 00:00:00,High,YB/Lost,0.2193,2-High
2024,,false,"[Lenovo][IdeaPad 5 2-in-1 14/16IAL10][ARL][24H2] The BT mouse cannot be searched after idle 2 Hrs.(FR: 3/3 uuts, 8/10 cycles)",BT,Arrow Lake,,Arrow Lake-H,2024-12-09 01:53:00,2025-01-14 00:00:00,High,Connectivity,0.2362,2-High
2024,,false,[Lenovo][Hetian2][ARL EVT][BE201]0X9F BSOD point to BT,BT,Arrow Lake,,Arrow Lake-H,2024-12-10 17:01:00,2024-12-31 00:00:00,Medium,BSOD,0.3095,3-Medium
2024,,false,[Lenovo][AVC][M90a-6][ARL-S][AX211] Error 5010 in Event log after OOBE,WiFi,Arrow Lake,,Arrow Lake-S,2024-12-11 22:29:00,2025-01-08 00:00:00,High,YB/Lost,0.1359,2-High
2024,,false,[Lenovo_arlu_abby]WI-FI will automatically disconnect with WPA3 Personal in WI-FI Configuration,WiFi,Arrow Lake,,Arrow Lake-U,2024-12-11 23:04:00,2024-12-24 00:00:00,High,P2P,0.1355,2-High
2024,,false,[Lenovo][LNL][BE201][Thames/Mersey-2] WLAN YB during S4 Loop test.,WiFi,Lunar Lake,,Lunar Lake,2024-12-11 00:27:00,2025-01-26 00:00:00,High,YB/Lost,0.1954,2-High
2024,,false,"[Lenovo-IdeaPad][LNL][SV3][QiXia][SVT][FMP]Sound cant output when connect BT headset during Teams metting .(F/R:1/3units,4/15cycles)",BT,Lunar Lake,,Lunar Lake,2024-12-11 18:24:00,2025-01-28 00:00:00,High,Connectivity,0.2328,2-High
2024,,false,[Lenovo JP][MTL][BE201] EAP-AKA authentication packet is not being sent to client when attempt to connect was made,WiFi,Meteor Lake,,Meteor Lake,2024-12-12 22:06:00,2025-01-26 00:00:00,High,P2P,0.1162,2-High
2024,,false,"[Lenovo-AIO][Comapl][A390 2427IRH9][AX201]Unit shows ""No displays are available"" when Source terminal project to Sink terminal",WiFi,Raptor Lake Client Platforms,,Raptor Lake Client Platforms,2024-12-12 21:21:00,2025-01-19 00:00:00,Medium,Sensing,0.1075,3-Medium
2024,,false,[Lenovo_IdeaPad][Yoga Slim7_14ILL10_FVT] S4 discover blackscreen and show S0i3 LED state with 0x9F Bsod,BT,Lunar Lake,,Lunar Lake,2024-12-14 02:04:00,2025-01-25 00:00:00,High,BSOD,0.2875,2-High
2024,BT-300418,false,"[Lenovo_IdeaPad][Tianzhu 16][LCFC][SVT][24H2]BT device show YB after resume from WB/MS, FR: 4/351Units",BT,Arrow Lake,Arrow Lake-H,Arrow Lake-H,2024-12-14 21:50:00,2024-12-17 00:00:00,Critical,YB/Lost,0.2307,1-Critical
2024,,false,[Lenovo/DT][in-house][ARL-S][BE200][M90ts-9]WPA22.4GHz2.5GHzBE,WiFi,Arrow Lake,,Arrow Lake-S,2024-12-16 19:53:00,2025-01-14 00:00:00,Critical,P2P,0.1049,1-Critical
2024,,false,[Lenovo][Foxconn][ThinkStation Cathaya P5 Gen2][Granite Rapids][BE200][Win11]There is new Microsoft Windows 11 algorithm driver design limitation with power management Hibernate WoWLAN.  Suggest to close this issue.,WiFi,Arrow Lake,,Arrow Lake-S,2024-12-16 00:25:00,2025-01-07 00:00:00,High,Connectivity,0.1041,2-High
2024,WIFI-562968,true,[lenovo_arlh_eiger2]BE201 device YB after S4 resume,WiFi,Arrow Lake,Arrow Lake,Arrow Lake,2024-12-17 17:46:00,2025-01-08 00:00:00,High,YB/Lost,0.2992,2-High
2024,,false,"[Lenovo_IdeaPad][Wenchang][LCFC][LNL][SIT][24H2][BE201]The unit occurred BSOD 0xd1 when playing video, FR: 2/2Units.",BT,Lunar Lake,,Lunar Lake,2024-12-17 23:28:00,2024-12-19 00:00:00,High,BSOD,0.2114,2-High
2024,,false,[Lenovo Thinkpad/LCFC][Sydney2_ARL/ARL/FmP][USB] Bluetooth WHCK test item: Bluetooth - L2CAP Performance (Reliability) failed.,BT,Arrow Lake,,Arrow Lake-H,2024-12-18 22:46:00,2025-01-16 00:00:00,High,HLK,0.1479,2-High
2024,,false,[Lenovo][Aladdin][LNL SIT][BE201][Win11] WiFi lost after WB stress test,WiFi,Lunar Lake,,Lunar Lake,2024-12-18 03:10:00,2025-01-11 00:00:00,Critical,YB/Lost,0.1721,1-Critical
2024,BT-302284,false,"[Lenovo][IdeaPad 5 2-in-1 14/16IAL10][ARL][24H2] AX203 WIFI will show YB(error code:10) when running CB/S4 test.(F/R: 5/30 by UUTs, 5/3000 by cycles)",BT,Arrow Lake,Arrow Lake-U,Arrow Lake-H,2024-12-18 18:57:00,2025-01-19 00:00:00,High,YB/Lost,0.1603,2-High
2024,,false,"[Lenovo][IdeaPad 5 2-in-1 14/16IAL10][ARL][24H2] AX203 WIFI will show YB(error code:43) when running CB test.(F/R: 4/30 by UUTs, 4/3000 by cycles)",WiFi,Arrow Lake,,Arrow Lake-H,2024-12-18 19:25:00,2025-01-18 00:00:00,High,YB/Lost,0.1511,2-High
2024,,false,[Lenovo Thinkpad/LCFC][Sydney2_ARL/ARL/FmP][USB] Bluetooth WHCK test item: Bluetooth - CIS Establishment Test failed.,BT,Arrow Lake,,Arrow Lake-H,2024-12-18 22:40:00,2025-01-16 00:00:00,High,HLK,0.2089,2-High
2024,,false,"[Lenovo Thinkpad/LCFC][Link-1_ARL/ARL/FmP][USB] The Intel BE201 BT occur BSOD 0x9f during  AC S5 longrun test using the LongRunATS_shutdown_v5.2.(FR:1/5 units, 1/480 total trials)",BT,Arrow Lake,,Arrow Lake-H,2024-12-19 18:20:00,2025-03-03 00:00:00,High,BSOD,0.1808,2-High
2024,,false,[Lenovo][Compal][Ideapad S5P/S7P][ARL][AX203][BE200]BT headphone can not auto connect  after WB/S4,BT,Arrow Lake,,Arrow Lake-H,2024-12-19 21:00:00,2025-01-14 00:00:00,High,Connectivity,0.2164,2-High
2024,,false,[Lenovo][Wistron][ThinkBook14 G8 IAL][ARL][AX211][24H2][50%]:The Bluetooth keyboard could not be found,BT,Arrow Lake,,Arrow Lake,2024-12-22 22:48:00,2025-02-23 00:00:00,High,Connectivity,0.2445,2-High
2024,,false,[Lenovo][Wistron][300W_GEN5][TWL][BE200][24H2][100%]:The WLAN card of the BE200 shows 802.11ax,WiFi,Alder Lake,,Alder Lake,2024-12-22 21:41:00,2025-01-09 00:00:00,High,Performance,0.1469,2-High
2024,,false,[Lenovo_IdeaPad][Elbrus Mount][LCFC][SIT][24H2][BE201]Stress_BurnIn_The unit Intel(R) Wi-Fi 7 BE201 Device Lost when run BurnIn stress test.(F/R:1/30units),WiFi,Arrow Lake,,Arrow Lake-U,2024-12-22 18:30:00,2025-01-19 00:00:00,Critical,YB/Lost,0.1901,1-Critical
2024,,false,"[Lenovo][Wistron][Thinkbook14 G8 IAL][ARL][AX211][24H2][10%]:When using the WLan of the intel AX211,there is a chance than the WIFI not found",WiFi,Arrow Lake,,Arrow Lake,2024-12-22 23:50:00,2025-01-22 00:00:00,High,Connectivity,0.1263,2-High
2024,WIFI-565837,false,"[Lenovo][IdeaPad 5 2-in-1 14/16IAL10][ARL][24H2]Run warmboot occured BSOD 0xD1 point Netwaw16.sys(F/R: 16/20 by UUTs,16/2000cycles)",WiFi,Arrow Lake,Arrow Lake-U,Arrow Lake-H,2024-12-25 23:54:00,2025-01-21 00:00:00,Critical,BSOD,0.2124,2-High
2024,,false,[Lenovo][ThinkPad L13 G3][ADL][AX201][Win10]Wi-Fi connection occasionally drops during normal use,WiFi,Alder Lake,,Alder Lake,2024-12-25 01:52:00,2025-01-22 00:00:00,High,P2P,0.1345,2-High
2024,,false,"[Lenovo China][Qixia][S790_15_LNL_OLED]Sound output has a current noise after disconnect and reconnect the BT headset about 3s during play video/audio.(F/R:2/2units,8/10cycles)",BT,Lunar Lake,,Lunar Lake,2024-12-26 23:11:00,2025-01-28 00:00:00,High,Connectivity,0.2495,2-High
2024,BT-303389,true,[Lenovo][Aladdin][LNL SIT][BE201][Win11] BT PAN ping overnight fail,BT,Arrow Lake,Arrow Lake,Lunar Lake,2024-12-27 22:29:00,2025-01-28 00:00:00,High,Connectivity,0.1879,1-Critical
2024,,false,LCFC YogaC910-14LNL BE201 WLAN Tx power abnormal,WiFi,Lunar Lake,,Lunar Lake,2024-12-27 01:08:00,2025-01-26 00:00:00,Critical,RF,0.1194,1-Critical
2024,BT-303616,true,"[Lenovo_IdeaPad][Elbrus Mount][LCFC][SIT][24H2][BE201]No sound output from BT headset after disconnecting and reconnecting the BT headset multiple times.(FR: 2/2 units, 4/4 cycles)",BT,Arrow Lake,Arrow Lake-U,Arrow Lake-U,2024-12-27 04:33:00,2025-01-07 00:00:00,Critical,Connectivity,0.2954,1-Critical
2024,,false,[P3 Ultra Gen2-BE200-Hide the SSID in 6g WPA3 mode. The hidden network cannot be connected[23.100.0.4],WiFi,Arrow Lake,,Arrow Lake-S,2024-12-29 22:12:00,2025-01-09 00:00:00,High,Connectivity,0.1332,2-High
2024,,false,[Lenovo-Ideapad][Shangri-la][FmP][LNL][24H2]BT mouse and headset no function,BT,Lunar Lake,,Lunar Lake,2024-12-29 04:13:00,2025-01-27 00:00:00,High,Connectivity,0.2238,2-High
2024,,false,[Lenovo-Ideapad][Shangri-la][FmP][LNL][24H2]BT Ping fail,BT,Lunar Lake,,Lunar Lake,2024-12-29 04:10:00,2025-01-27 00:00:00,High,Connectivity,0.2049,2-High
2024,,false,"[Lenovo_IdeaPad][Wenchang][LCFC][LNL][SIT][24H2][BE201]No sound output from BT headset after disconnecting and reconnecting the BT headset multiple times.(FR: 2/2 units, 4/4 cycles)",BT,Lunar Lake,,Lunar Lake,2024-12-29 19:10:00,2025-01-05 00:00:00,Critical,Connectivity,0.2922,1-Critical
2024,,false,"[TB 14_16_G7+ IAH_mini FVT ] Stress_MS/,SW/HW drips less than 90%",WiFi,Arrow Lake,,Arrow Lake,2024-12-29 18:14:00,2025-02-05 00:00:00,Medium,Power Consumption,0.6818,3-Medium
2024,,false,[Lenovo-Ideapad][Shangri-la][FmP][LNL][24H2]can not connect/remove BT devices.,BT,Lunar Lake,,Lunar Lake,2024-12-29 04:15:00,2025-01-27 00:00:00,High,Connectivity,0.2423,2-High
2024,,false,[Lenovo-Ideapad][Shangri-la][FmP][LNL][24H2] BT copy file fail,BT,Lunar Lake,,Lunar Lake,2024-12-29 04:17:00,2025-01-27 00:00:00,High,Connectivity,0.1951,2-High
2024,,false,[Lenovo][Compal][Ideapad S5P/S7P][ARL][BE200]BT headphone can not auto connect after WB/S4,BT,Arrow Lake,,Arrow Lake,2024-12-30 01:28:00,2025-01-21 00:00:00,High,Connectivity,0.2164,2-High
2024,,false,[lenovo_arlh_sydney2]D-Link AP cannot be scanned under UEFI,WiFi,Arrow Lake,,Arrow Lake-H,2024-12-30 22:01:00,2025-01-20 00:00:00,Medium,UEFI,0.2073,3-Medium
2024,,false,"[Lenovo_IdeaPad][Tianzhu16][LCFC][ARL][SOVP][24H2][BE200&AX203]The EUT auto disconnect during  BT ping test, 2/2units, 2/2cycles.",BT,Arrow Lake,,Arrow Lake-U,2024-12-30 17:49:00,2025-01-22 00:00:00,High,Connectivity,0.1772,2-High
2024,,false,"[Lenovo_IdeaPad][ThinkBook 13X G5][LCFC][SIT][24H2][BE201]Network band(channel) donot shows two groups when connected to MLO wireless after S5/R.(F/R: 2/2units, 2/40 cycles)",WiFi,Arrow Lake,,Arrow Lake-U,2024-12-30 22:34:00,2025-01-26 00:00:00,Critical,P2P,0.1191,1-Critical
2024,BT-304026,true,[Lenovo][HQ][LNL][C710]BT will lost during player music with Galaxy Buds2 Pro BTLE headset(F/R: 4/4 UUTs; 40/40 Cycles),BT,Lunar Lake,Lunar Lake,Lunar Lake,2024-12-30 03:46:00,2025-03-11 00:00:00,High,Connectivity,0.1686,1-Critical
2025,,false,"[Lenovo][IdeaPad 5 2-in-1 14/16IAL10][ARL][24H2][AX203]No sound output or Noise from BT headset after disconnecting and reconnecting the BT headset multiple times.(FR: 2/2 units, 4/4 cycles)",BT,(missing),,,2025-01-02 13:26:40,2025-01-16 02:47:53,High,Connectivity,0.2864,2-High
2025,,false,"[Lenovo_IdeaPad][Sunrise][LCFC][SIT][24H2][BE201]Unit with multi-BT devices connected will not pop up swift pair notification to connect when using swift pair BT device.(F/R: 1/2units, 3/6cycles)",BT,Lunar Lake,,Lunar Lake,2025-01-03 01:00:19,2025-01-16 05:32:00,High,Connectivity,0.1588,2-High
2025,,false,[Lenovo][Compal][Ideapad S5P/S7P][ARL][BE200]BT headphone can not auto connect after WB/S4,BT,(missing),,,2025-01-03 11:07:20,2025-01-10 08:19:51,High,Connectivity,0.2164,2-High
2025,,false,Inel BE200 Windows 11  Cant S4 Wakeup WLAN,WiFi,Arrow Lake,,Arrow Lake,2025-01-06 03:36:35,2025-02-07 08:26:36,High,YB/Lost,0.1177,2-High
2025,,false,[Lenovo China][Qixia][S790_15_LNL_OLED]Bluetooth disconnected after did files sharing via bluetooth overnight,BT,(missing),,,2025-01-08 03:12:39,2025-03-18 07:29:33,High,Connectivity,0.1889,2-High
2025,,false,[TB 14_G7+ IAH_SIT ] Stress_CB BE200 Bluetooth lost.  F/R: 1/6000 1/20unit,BT,Arrow Lake,,Arrow Lake,2025-01-08 08:31:16,2025-02-21 07:04:34,Medium,YB/Lost,0.2588,3-Medium
2025,,false,"[S790_15_LNL_OLED]Bluetooth headset with serious noise after resume from ms(F/R:1/2units,1/10cycles)",BT,Lunar Lake,,Lunar Lake,2025-01-08 09:41:52,2025-01-20 07:13:09,High,Connectivity,0.1886,2-High
2025,,false,"[S790_15_LNL_OLED]The connected BT devices have no function and unit can not find other BT devices.(F/R:1/2units,5/10cycles)",BT,Lunar Lake,,Lunar Lake,2025-01-08 09:12:32,2025-01-20 07:11:58,High,Connectivity,0.2424,2-High
2025,,false,[Lenovo] [Wistron][ThinkBook14 G8 IAL][ARL][AX203][24H2][100%]The video stuttering and no sound after disconnect/connect headset and then click on the progress bar in Media Player.,BT,Arrow Lake,,Arrow Lake,2025-01-09 08:58:35,2025-01-16 02:04:28,High,Connectivity,0.2422,2-High
2025,,false,"[LENOVO QIXIA] [S790_15_LNL_OLED][S790_15_LNL_SIT_OLED]Unit cant find BT device when add BT device(reopen BT under setting can recovery)(FR:3/3units,4/10 times)",BT,Lunar Lake,,Lunar Lake,2025-01-09 07:01:42,2025-02-20 05:24:54,High,Connectivity,0.1885,2-High
2025,WIFI-576414,true,[Lenovo][Compal][YOGA Slim 7][LRL][BE201]RSSI 6G test issue,WiFi,Lunar Lake,Lunar Lake,Lunar Lake,2025-01-10 09:42:22,2025-01-16 02:12:05,High,BIOS,0.1147,2-High
2025,,false,"[Lenovo] [Wistron][ThinkBook14 G8 IAL][ARL][AX203][24H2][50%]The headset has no sound after click sound bar or ""F2"" to change volume ""0"" and then click ""+"" button in headset.",BT,Arrow Lake,,Arrow Lake,2025-01-10 06:00:52,2025-02-06 05:13:29,High,Connectivity,0.2293,2-High
2025,,false,[Lenovo][Shangri-la][LNL][Win11][SVT]WIFI idle 0X10D BSOD,WiFi,Lunar Lake,,Lunar Lake,2025-01-10 02:27:46,2025-01-10 03:54:29,High,BSOD,0.227,2-High
2025,,false,"[Lenovo] [Wistron][ThinkBook14 G8 IAL][ARL][AX203][24H2][5%]:Stress_Wifi MS_ SW drips=0%, HW drips= "" -"" in sleep study report(USB xHCI Compliant Host controller )( PCI Express Root Port)(Kernel mode Pluy and Play client)",BT,Arrow Lake,,Arrow Lake,2025-01-13 10:45:48,2025-02-06 05:14:47,High,Power Consumption,0.2495,2-High
2025,,false,[lenovo_arlh_link]WLAN YB after system restart,WiFi,Arrow Lake,,Arrow Lake-H,2025-01-14 10:50:45,2025-02-04 08:29:46,High,YB/Lost,0.2087,2-High
2025,,false,[Lenovo ThinkPad T490s][9560]ICBC pop up two times authentication windows,WiFi,Whiskey Lake,,Whiskey Lake,2025-01-14 03:40:04,2025-02-24 01:38:42,High,Performance,0.1077,2-High
2025,,false,[Lenovo Thinkpad/LCFC][Matterhorn2_LNL/LNL/FmP][PCIE] Intel BE201 Bluetooth device Lost during soi3 stress test test by OSAging tool. (FR: 1/784 total trials),BT,Lunar Lake,,Lunar Lake,2025-01-15 09:28:44,2025-02-17 07:22:56,High,YB/Lost,0.1968,2-High
2025,,false,[Lenovo-Ideapad][Shangri-la][FmP][LNL][24H2] WIFI reset while connect WIFI7 AP,WiFi,Lunar Lake,,Lunar Lake,2025-01-15 03:50:57,2025-01-16 10:16:18,High,P2P,0.1041,2-High
2025,,false,[lenovo_arlh_eiger2]AX211 YB after resume from S4,WiFi,Arrow Lake,,Arrow Lake-U,2025-01-15 09:58:52,2025-02-18 07:26:00,High,YB/Lost,0.1843,2-High
2025,,false,[Lenovo JP][BT][Alloy-1] BT lost encountered on Alloy-1 after using BT mouse/headphones,WiFi,Agnostic,,Agnostic,2025-01-16 06:22:46,2025-04-16 03:08:54,High,YB/Lost,0.1644,2-High
2025,,false,[Lenovo][Aladdin][LNL SIT][BE201][Win11] Device Association Service using up 40% cpu,BT,Lunar Lake,,Lunar Lake,2025-01-16 09:53:17,2025-01-21 08:22:28,High,Connectivity,0.1578,2-High
2025,,false,[Lenovo] [Wistron][ThinkBook14 G8 IAL][ARL][AX203][24H2][10%]:,WiFi,Raptor Lake Client Platforms,,Raptor Lake Client Platforms,2025-01-16 08:59:23,2025-01-20 07:27:57,High,Connectivity,0.1176,2-High
2025,,false,[Lenovo/Consumer][HQ][PTL-H] [BE201] [2230] [S511][EVT] [SCH][#1]Request for Schematics Review,BT,Panther Lake,,Panther Lake,2025-01-16 09:41:38,2025-02-25 05:53:06,Low,Connectivity,0.1963,4-Low
2025,,false,[Lenovo/DT BU][in-house][ARL-S][BE200][P3Gen2]The Bluetooth driver will lost after S4 overnight test,BT,Arrow Lake,,Arrow Lake-S,2025-01-17 10:41:50,2025-02-21 07:07:00,High,YB/Lost,0.1933,2-High
2025,,false,[Lenovo][Foxconn][ThinkStation Cathaya P5 Gen2][Granite Rapids][BE200][Win11] WOL tool can not wake up UUT from S3 via BE200 WIFI card with Hybrid sleep disabe,WiFi,Arrow Lake,,Arrow Lake,2025-01-21 01:28:08,2025-02-27 04:58:50,High,Sensing,0.1347,2-High
2025,WIFI-600814,false,[Lenovo/DT][in-house][ARL-S][BE200][TC M90TS-6]Wi-FI cant connect automatically After adding new PCIE device and reboot,WiFi,Arrow Lake,Arrow Lake-S,Arrow Lake-S,2025-01-21 11:52:41,2025-02-05 01:47:25,High,P2P,0.1131,2-High
2025,WIFI-597445,false,[Lenovo ThinkPad][LCFC][ARL-H][AX211][Mersey2]BE201 BSOD 0x9F during S4 test,WiFi,Arrow Lake,Arrow Lake-H,Arrow Lake-H,2025-01-21 08:00:54,2025-02-18 07:27:38,High,BSOD,0.2661,2-High
2025,,false,BSOD 0x9F (ibtpci) encountered during Memory Stress Test on Thames-2 BE with 23.110.0.4 and verifier = ENABLED (5/18 units),BT,Lunar Lake,,Lunar Lake,2025-01-29 09:27:06,2025-02-03 02:47:01,High,BSOD,0.3148,2-High
2025,BT-315438,false,BSOD 0x9F (ibtpci) encountered during Memory Stress Test on Thames-2 BE with 23.110.0.4 and verifier = ENABLED (5/18 units),BT,Lunar Lake,Lunar Lake,Lunar Lake,2025-01-29 09:27:11,2025-04-10 05:50:38,High,BSOD,0.3148,2-High
2025,,false,"[Lenovo][Compal][Ideapad S5P/S7P][ARL][BE200]Stress_MS: SW and HW drips value are 0%~82%(spec(>90%)) which caused by""[Aggregated]OS Wi-Fi Jobs Joined DataPathWake",WiFi,Arrow Lake,,Arrow Lake,2025-02-03 08:18:15,2025-02-12 03:11:21,High,Power Consumption,0.2463,2-High
2025,,false,[Lenovo ThinkPad][LCFC][ARL-H][BE201][Mersey2]BSOD 0x9F during S4 test,WiFi,Arrow Lake,,Arrow Lake-H,2025-02-05 02:02:31,2025-02-18 07:28:10,High,BSOD,0.2666,2-High
2025,,false,"[Lenovo_ThinkPad][LCFC][RPL_R][KunLun1.0 RPL-R][24H2][SIT] The external monitor disconnected after play back online video overnight after connect monitor via WIDI adapter.(FR:2/2units, 2/2trails)",WiFi,Rocket Lake,,Rocket Lake,2025-02-08 06:25:03,2025-02-20 05:31:17,High,Connectivity,0.1221,2-High
2025,,false,"[Lenovo Thinkpad/LCFC][Matterhorn2_Yushan2_ARL/Matterhorn2_LNL/ARL and LNL/FmP][PCIE/USB] BT Headset disconnect automatically during file transfer via BT and show ""Bluetooth file transfer not completed"".",BT,Arrow Lake,,Arrow Lake-U,2025-02-10 07:08:09,2025-03-01 18:32:10,High,Connectivity,0.2151,2-High
2025,,false,[Lenovo-Ideapad][Bogda][GAP][ARL HX][24H2] WIFI S4 stress ping fail,WiFi,Arrow Lake,,Arrow Lake-Hx,2025-02-10 07:49:32,2025-02-27 02:50:15,High,P2P,0.1032,2-High
2025,WIFI-599936,false,[Lenovo ThinkPad][LCFC][ARL-H][BE201][Eiger2]BSOD 0x9F when doing S4 test,WiFi,Arrow Lake,Arrow Lake-H,Arrow Lake-H,2025-02-10 10:07:31,2025-03-05 07:12:43,High,BSOD,0.2597,2-High
2025,BT-315828,true,"[Lenovo_IdeaPad][LCFC][ARL-HX][AX211][Hermes-IAX]BLE Headset auto disconnect after paired or play music use media player, 3/3Units,  1/10cycles.",BT,Arrow Lake,Arrow Lake-Hx,Arrow Lake-Hx,2025-02-11 09:18:59,2025-02-27 04:55:51,High,Connectivity,0.1633,2-High
2025,,false,[Oak Gen2 Intel][Mobile][GM3.0][win11 24H2]One mic of the BT headset no sound output when initiate a call,BT,Meteor Lake,,Meteor Lake,2025-02-11 09:35:34,2025-04-10 05:58:26,Critical,Connectivity,0.2479,1-Critical
2025,,false,[Lenovo-Ideapad][Hetian2][FMP][ARL ][24H2] cant change mic input volume,BT,Arrow Lake,,Arrow Lake-H,2025-02-11 00:50:27,2025-02-20 14:24:47,High,Connectivity,0.1678,2-High
2025,,false,[Lenovo Thinkpad/LCFC][Thames2-Mersey2_ARL/ARL/FmP][USB] Bluetooth - HciExtensions / HciExtensionsV2 (Development and Integration) fail,BT,Arrow Lake,,Arrow Lake-H,2025-02-12 07:38:50,2025-02-21 02:13:38,High,Connectivity,0.1476,2-High
2025,,false,[ThinkPad JP]T14 Gen4 - WIFI get disable in office Infra from SG,WiFi,Raptor Lake Client Platforms,,Raptor Lake Client Platforms,2025-02-12 06:52:15,2025-04-10 04:43:39,Critical,Sensing,0.1273,1-Critical
2025,,false,[Lenovo Thinkpad/LCFC][Matterhorn2_Yushan2_ARL/ARL/FmP][USB] BT headphones(AirPods Pro 2nd generation) automatically disconnect again when playing online video.,BT,Arrow Lake,,Arrow Lake-H,2025-02-13 02:35:37,2025-02-21 02:15:00,High,Connectivity,0.192,2-High
2025,,false,"[Lenovo_ThinkPad][LCFC][ARL-HU][AX211][KunLun1.0_ARL]EUT occur BSOD (Bugcheck:0x7e) w/ dump file during Longrun AC-Restart with LongRunATS_AOAC_v5.2 tool(FR:1/35units, 1/5974trails)",WiFi,Arrow Lake,,Arrow Lake-H,2025-02-13 06:24:08,2025-02-14 10:02:05,Medium,BSOD,0.2212,3-Medium
2025,,false,"[Lenovo_ThinkPad][LCFC][ARL-HU][AX211][KunLun1.0_ARL]EUT occur BSOD (Bugcheck:0x7e) w/ dump file during Longrun AC-Restart with LongRunATS_AOAC_v5.2 tool(FR:1/35units, 1/5974trails)",WiFi,Arrow Lake,,Arrow Lake-H,2025-02-13 06:28:41,2025-02-20 05:31:52,Medium,BSOD,0.2212,3-Medium
2025,,false,PX AX210 Wifi 6G _DSM support_OEM,WiFi,Unassigned,,Unassigned,2025-02-14 07:51:29,2025-03-11 02:57:10,Medium,BIOS,0.3001,3-Medium
2025,,false,[Lenovo JP][Wi-Fi][Wunder] Wi-Fi low tpt on 6Ghz 11be 320MHz bandwidth,WiFi,Panther Lake,,Panther Lake,2025-02-17 08:42:33,2025-04-28 08:14:54,High,Performance,0.207,2-High
2025,BT-327270,false,"[Lenovo_IdeaPad][LCFC][LNL][Sunrise][24H2][SIT][BE201_USB]The Unit shows Item Not Found"" when copy file from the shared folder via access BT IP address.(F/R: 2/2units, 8/10cycles)",BT,Lunar Lake,Lunar Lake,Lunar Lake,2025-02-17 03:11:32,2025-03-27 03:44:23,High,Connectivity,0.1789,2-High
2025,,false,[Lenovo_arlh_Blanc2]HLK Bluetooth test item fail,BT,Arrow Lake,,Arrow Lake-H,2025-02-18 01:46:32,2025-02-21 02:17:07,High,HLK,0.5351,2-High
2025,,false,[Lenovo-Ideapad][Hetian2][GAP][ARL H][24H2] WIFI WB stress ping fail,WiFi,Arrow Lake,,Arrow Lake-H,2025-02-20 07:52:02,2025-02-27 02:51:51,High,BSOD,0.0923,2-High
2025,,false,[Lenovo Thinkpad/LCFC][Sydney2.0_ARL/ARL/FmP][USB] The recording file output noise when recording with Samsung Galaxy Buds3 Pro(D579) Bluetooth headphones.,BT,Arrow Lake,,Arrow Lake-H,2025-02-21 07:09:28,2025-03-06 03:26:08,High,Connectivity,0.1901,2-High
2025,,false,[Lenovo Thinkpad/LCFC][Link1.0_ARL/ARL/FmP/GfP][USB] The music makes noise when clicking Recording in sound settings after connecting the BT headset to play music. (FR: 100%),BT,Arrow Lake,,Arrow Lake-H,2025-02-21 09:37:04,2025-03-10 02:24:24,High,Connectivity,0.2022,2-High
2025,,false,[Lenovo_Thinkbook][Compal][LNL][BE200] [WIFI] Olympus 2.0 - ThinkBook 14 G7+ IAH with BE200,BT,Arrow Lake,,Arrow Lake,2025-02-22 13:12:40,2025-02-24 06:17:47,High,Connectivity,0.149,2-High
2025,,false,[Lenovo Thinkpad/LCFC][Matterhorn2_Yushan2_ARL/Matterhorn2_LNL/ARL and LNL/FmP][PCIE/USB] The system can not wake up by BT KB/mouse after 15 minutes of sleep when connecting multiple devices to the system.,BT,Arrow Lake,,Arrow Lake-H,2025-02-24 09:01:46,2025-03-26 03:26:53,High,Connectivity,0.1511,2-High
2025,WOT-58390,false,[Lenovo_Thinkbook][Compal][Olympus 2.0 - ThinkBook 14 G7+ IAH][ARL][BE200]Associated failed with ANT tool in factory (F/R: 5%),Other,Arrow Lake,Arrow Lake,Arrow Lake,2025-02-24 07:06:03,2025-03-31 02:18:54,High,OEM Tools,0.114,2-High
2025,WIFI-611140,false,[Lenovo-Ideapad][Bogda][GaP2][ARL HX][24H2] BE200 WIFI lost while WarmBoot stress,WiFi,Arrow Lake,Arrow Lake-Hx,Arrow Lake-Hx,2025-02-25 23:57:52,2025-03-14 03:30:35,High,YB/Lost,0.1314,2-High
2025,,false,"[Lenovo_ThinkPad][LCFC][RPL_R][KunLun1.0 RPL-R][24H2][SIT] The external monitor disconnected after play back online video overnight after connect monitor via WIDI adapter.(FR:2/2units, 2/2trails)",WiFi,Raptor Lake Client Platforms,,Raptor Lake Client Platforms,2025-02-25 08:55:35,2025-03-12 03:55:14,Medium,Connectivity,0.1221,3-Medium
2025,,false,[lenovo/DT BU][In-house][ARL-PCB2][AX211][ M970ts]Wireless DIsplay,WiFi,Arrow Lake,,Arrow Lake-S,2025-02-25 03:12:58,2025-03-06 06:02:23,High,P2P,0.1432,2-High
2025,,false,[Lenovo][Aladdin][LNL SS][BE201][Win11] BT earphone can not auto reconnect after MS resume,BT,Lunar Lake,,Lunar Lake,2025-02-26 08:56:22,2025-04-10 05:49:19,High,Connectivity,0.2047,2-High
2025,WIFI-611216,false,[Lenovo][HQ][LNL][C710][BE201]Linkspeed drop with drivers 23.120.0.3 when connected to AP with160M bandwidth (F/R: 3/3 UUTs; 30/30 Cycles),WiFi,Raptor Lake Client Platforms,Raptor Lake Client Platforms,Lunar Lake,2025-02-26 02:15:01,2025-02-28 02:45:19,High,Performance,0.1242,2-High
2025,BT-326901,true,[Lenovo][Aladdin][LNL SS][BE201][Win11] BT mouse can not auto reconnect after MS resume,BT,Lunar Lake,Lunar Lake,Lunar Lake,2025-02-26 08:03:17,2025-04-10 05:48:43,High,Connectivity,0.2023,1-Critical
2025,,false,[Lenovo/Consumer][LCFC][PTL484][BE211][1216][C911][EVT][Schematic][575882review],WiFi,Panther Lake,,Panther Lake,2025-02-26 11:29:20,2025-03-11 08:39:42,High,Performance,0.1182,2-High
2025,,false,[Lenovo][Aladdin][LNL SS][BE201][Win11] BT earphone/mouse can not auto reconnect after S4 resume,BT,Lunar Lake,,Lunar Lake,2025-02-27 13:25:01,2025-03-06 02:41:12,High,Connectivity,0.2144,2-High
2025,,false,[Thinkpad][JP}cannot connect hidden network SG wifi6e(6Ghz) on T14 G4 & T14 G5,WiFi,Meteor Lake,,Meteor Lake,2025-03-03 09:32:16,2025-06-12 23:25:11,Critical,Sensing,0.126,1-Critical
2025,,false,[Lenovo/DT BU][in-house][ARL-S][BE200][	ThinkStation P3 Tiny 2]Win11:HLK:Bluetooth - LEExtendedAdvertising (Development and Integration) fail,BT,Arrow Lake,,Arrow Lake-S,2025-03-03 07:20:32,2025-03-12 08:52:54,High,HLK,0.2558,2-High
2025,,false,[Lenovo Thinkpad/LCFC][Thames2-Mersey2_ARL/ARL/FmP][USB] The Bluetooth related device lost when using the MIKE II tool to run hibernate resume (manual resume) Fail Rate: 1unit 2/2 trials.,BT,Arrow Lake,,Arrow Lake-H,2025-03-04 13:54:44,2025-03-28 03:19:13,High,YB/Lost,0.1781,2-High
2025,,false,Lenovo_arlh_Blanc2_smartphone to PC Miracast occur sound glitch,WiFi,Arrow Lake,,Arrow Lake-H,2025-03-04 10:37:05,2025-04-10 04:44:46,High,P2P,0.2682,2-High
2025,WIFI-627277,false,[Lenovo_ThinkPad][Field_issue][AX201]HSBC end-users complain that frequent WiFi roaming significantly affects the customer experience.,WiFi,Comet Lake,Comet Lake,Comet Lake,2025-03-05 07:51:40,2025-04-22 07:57:54,High,Performance,0.163,2-High
2025,,false,"[Lenovo][Ideapad 5 2-in-1 14IAL10][ARL][24H2] The ""personal area Network(PAN)"" will disconnect after about 10~20min when two units join a personal area network. (F/R: 2/2UUTs, 4/4cycles)",BT,Arrow Lake,,Arrow Lake-H,2025-03-05 12:15:11,2025-05-09 01:55:29,Medium,Connectivity,0.1997,3-Medium
2025,,false,[Lenovo][Thames2/Mersey2] Cant keep BT connection with smartphone,BT,Lunar Lake,,Lunar Lake,2025-03-06 07:21:50,2025-05-15 07:46:00,High,Connectivity,0.2664,2-High
2025,,,[Lenovo][RPL-U/H Refresh][J13] AX211 CSR function cannot work,WiFi,Raptor Lake Client Platforms,,Raptor Lake Client Platforms,2025-03-11 01:11:00,2025-04-26 00:00:00,,Sensing,0.1493,(missing)
2025,,false,[Lenovo Thinkpad/LCFC][Thames2-Mersey2_ARL/ARL/GfP/FmP][USB] Bluetooth headset has garbage sound while playing music file.,BT,Arrow Lake,,Arrow Lake-H,2025-03-12 09:41:51,2025-03-19 03:54:46,High,Connectivity,0.2009,2-High
2025,,false,[Lenovo Thinkpad/LCFC][Thames2-Mersey2_ARL/ARL/FmP/GfP][USB] Bluetooth device detection needs a 15-30 second delay after turning off and then on Bluetooth in the system task tray.,BT,Arrow Lake,,Arrow Lake-H,2025-03-12 16:23:06,2025-03-19 03:53:32,High,Connectivity,0.1626,2-High
2025,,false,[Lenovo-Ideapad][Hetian2][ARL H][24H2] BT keyboard cant wake up PC under MS,BT,Arrow Lake,,Arrow Lake-H,2025-03-13 06:38:06,2025-04-07 01:59:55,High,Connectivity,0.1461,2-High
2025,,false,[Lenovo-Ideapad][Bogda][GAP][ARL HX][24H2] ACPI error related to ASPM mode,WiFi,Arrow Lake,,Arrow Lake-Hx,2025-03-14 02:21:55,2025-03-25 06:42:11,High,P2P,0.1091,2-High
2025,WIFI-635393,false,[Lenovo-Ideapad][Bogda][ARL HX][GaP][24H2]WHEA error in event log after reboot (F/R:100%),WiFi,Arrow Lake,Arrow Lake-Hx,Arrow Lake-Hx,2025-03-14 02:27:01,2025-04-07 13:41:01,High,BSOD,0.1201,2-High
2025,,false,"[Lenovo_IdeaPad][LCFC][LNL][Sunrise][24H2][SIT][BE201]The wifi cannot connected, FR: 1/1unit, 2/2cycles",WiFi,Lunar Lake,,Lunar Lake,2025-03-17 01:37:46,2025-04-07 05:56:45,Low,Connectivity,0.1243,4-Low
2025,WIFI-626295,true,[LCFC][ARL-S][Tiny11] S3 enter time greater than 8 seconds,WiFi,Arrow Lake,Arrow Lake-S,Arrow Lake-S,2025-03-17 06:12:04,2025-03-31 02:21:08,High,Performance,0.1381,2-High
2025,WIFI-627221,false,[Lenovo-Ideapad][Hetian2][ARL H][24H2][FmP2] BSOD point to Netwaw16.sys during WIFI idle,WiFi,Arrow Lake,Arrow Lake-H,Arrow Lake-H,2025-03-18 00:32:28,2025-04-07 05:55:50,High,BSOD,0.2262,2-High
2025,,false,[lenovo_arlh_eiger2]WiDi disconnected after several hours,WiFi,Arrow Lake,,Arrow Lake-H,2025-03-19 10:40:48,2025-04-28 08:13:25,High,Power Consumption,0.1342,2-High
2025,,false,"[Lenovo Thinkpad/LCFC][Matterhorn2_LNL/LNL/FmP][PCIE] Intel Bluetooth device lost when running the s0i3 (modern standby) stress test via OSAging tools. Fail Rate: 1/5 units, 1/18 runs.",BT,Lunar Lake,,Lunar Lake,2025-03-19 07:04:52,2025-04-29 06:52:05,High,YB/Lost,0.1653,2-High
2025,,false,[Lenovo/DT BU][in-house][RPL-R][AX211][M70q-5] Blue screen error,WiFi,Raptor Lake Client Platforms,,Raptor Lake Client Platforms,2025-03-20 08:01:06,2025-04-03 03:06:02,High,P2P,0.1215,2-High
2025,,false,"[Lenovo][E14E15Gen2_AX201_9560_WIN10]BT headphones(AirPods Pro 2nd generation) automatic disconnect after connected to units.(FR:2 /2 units, 4 / 4trials)",BT,Tiger Lake,,Tiger Lake,2025-03-20 08:58:23,2025-04-02 03:43:34,Critical,Connectivity,0.2544,1-Critical
2025,,false,[LenovoJP][Platform][BE211] Mobile Hotspot cannot be detected by other devices,WiFi,Panther Lake,,Panther Lake,2025-03-21 05:41:14,2025-03-25 05:03:03,High,Connectivity,0.1451,2-High
2025,,false,[Lenovo-Ideapad][Hetian2][ARL H][24H2] WB stress BT YB,BT,Arrow Lake,,Arrow Lake-H,2025-03-21 02:13:01,2025-03-27 04:32:06,High,YB/Lost,0.1803,2-High
2025,,false,"[Lenovo_IdeaPad][LCFC][ARL-HX][Kunlun-I-NX][24H2][SIT][BE200]Stress_FB_BSOD(0X9F) occurred that point to Intel Bluetooth driver (F/R: 1/42units, 1/12400cycles)",BT,Arrow Lake,,Arrow Lake-Hx,2025-03-26 02:01:40,2025-04-15 08:42:37,Medium,BSOD,0.1694,3-Medium
2025,,false,"Syd1-Hed1-Lam1][BIOS][SIT1.31][Win11 24H2] EUT occur BSOD 0x9F W/ dump file during Longrun DC-S4 with ATS_PMLongRun_v6.0 tool(FR:1/8units,1/361trials)",WiFi,Meteor Lake,,Meteor Lake,2025-03-27 01:39:18,2025-04-17 02:32:44,Critical,BSOD,0.2758,1-Critical
2025,WIFI-645737,true,[lenovo_arlh_matterhorn2] The network(security:WPA3-personal) Connect Failed,WiFi,Arrow Lake,Arrow Lake-U,Arrow Lake-H,2025-03-31 10:09:33,2025-07-09 11:21:49,Medium,P2P,0.1367,2-High
2025,WIFI-638272,false,[Lenovo_IdeaPad][LCFC][ARL-HX][Hermes-IAX][24H2][SIT][BE200]WLAN YB appeared upon startup after shutting down and leaving it for 1 hour in the chamber(0 degrees Celsius).(F/R: 1/24 units 1/2trials ),WiFi,Arrow Lake,Arrow Lake-Hx,Arrow Lake-Hx,2025-04-01 07:17:45,2025-04-22 07:55:55,High,YB/Lost,0.1432,2-High
2025,WIFI-639118,false,[Lenovo_ThinkPad][X13 Gen3][AX211[Win11] WiFi disconnected during daily using,WiFi,Alder Lake,Alder Lake,Meteor Lake,2025-04-01 08:32:42,2025-07-15 06:17:41,High,Power Consumption,0.1177,2-High
2025,,false,"[TB 16 G7+ IAH_SIT_DIS] BT headset occur noise for about 10s when play audio files. F/R 1/1u,2/30c",BT,Arrow Lake,,Arrow Lake,2025-04-08 07:44:21,2025-04-08 08:02:11,High,Connectivity,0.187,2-High
2025,,false,[Lenovo_WKS][Foxconn][GNR-WS][P5 Cathaya]-System can not search WiFi 6G when set MCC to US,WiFi,Agnostic,,Agnostic,2025-04-08 03:43:09,2025-04-14 08:32:21,High,Connectivity,0.1207,2-High
2025,,false,"[TB 16 G7+ IAH_SIT_DIS] BT headset occur noise for about 10s when play audio files. F/R 1/1u,2/30c",BT,Arrow Lake,,Arrow Lake,2025-04-08 08:01:41,2025-08-19 06:55:34,High,Connectivity,0.187,2-High
2025,,false,"When set router 2.4G/5G wifi authentication type: WPA-PSA and RF mode:802.11b/g/n/ax,after the machine connect it and display 802.11n instead of 802.11ax(F/R:3/3  6/6cycles)",WiFi,Raptor Lake Client Platforms,,Raptor Lake Client Platforms,2025-04-14 07:26:20,2025-04-22 07:58:57,High,Performance,0.1445,2-High
2025,,false,"[Lenovo DT][Foxconn][M5WKT01A][ARL-S][ET]Eject Intel(R) Wireless Bluetooth(R)"" pop up in the right bottom corner",BT,Arrow Lake,,Arrow Lake-S,2025-04-15 10:01:49,2025-04-18 02:07:53,Medium,Connectivity,0.1693,3-Medium
2025,,,Information to explain how 2.2.25.25064 improved 2.4 GHz band,WiFi,Raptor Lake,,Raptor Lake,2025-04-16 02:18:00,2025-05-18 00:00:00,,BIOS,0.0998,(missing)
2025,,false,[Lenovo-Ideapad][Hetian2][ARL H][24H2]BT HLK fail LEEXtendedadvertising,BT,Arrow Lake,,Arrow Lake-H,2025-04-21 08:04:13,2025-04-21 08:12:29,High,HLK,0.2981,2-High
2025,,false,[Lenovo-Ideapad][Hetian2][ARL H][24H2]PLDR test caused WIFI YB,WiFi,Arrow Lake,,Arrow Lake-H,2025-04-23 07:43:18,2025-04-24 05:40:06,High,YB/Lost,0.1551,2-High
2025,,false,[Lenovo-Ideapad][Hetian2][ARL H][24H2] PLDR test caused BT YB or unknown device,BT,Arrow Lake,,Arrow Lake-H,2025-04-23 07:40:05,2025-05-06 06:48:13,High,YB/Lost,0.1856,2-High
2025,,false,[Lenovo-Ideapad][Bogada][ARL HX][24H2]WIFI Lost with S3 stress test,WiFi,Arrow Lake,,Arrow Lake-Hx,2025-04-23 02:23:04,2025-05-08 06:50:35,High,YB/Lost,0.1379,2-High
2025,BT-338754,true,[Lenovo_IdeaPad][LCFC][ARL_H][S5x0-16pro_BE][24H2][AX203]Unit shows error message when transfer file from/to the added BT PC.(F/R:4/4unit,BT,Arrow Lake,Arrow Lake-U,Arrow Lake-H,2025-04-23 02:50:50,2025-05-09 01:56:46,Critical,Connectivity,0.1546,2-High
2025,,false,[Lenovo-Ideapad][Bogada][ARL HX][24H2]BT HLK CIS Establishment 100% fail,BT,Arrow Lake,,Arrow Lake-Hx,2025-04-23 07:36:59,2025-05-04 15:04:49,High,HLK,0.1942,2-High
2025,,false,[Lenovo_ThinkPad/LCFC][Sydney2.0_ARL/ARL/FmP][USB]The sound channel cannot be switched when switch headset channel after connect two BT headsets with play web video,BT,Arrow Lake,,Arrow Lake,2025-04-24 10:15:20,2025-04-24 12:49:06,Medium,Connectivity,0.1947,3-Medium
2025,,false,[Lenovo][LCFC][lugia][intel ARL][be200/201] link speed drop on DC power mode,WiFi,Arrow Lake,,Arrow Lake-U,2025-04-24 02:11:31,2025-05-12 06:25:09,Medium,Connectivity,0.106,3-Medium
2025,,false,[lenovo/DT BU][In-house][ARL-tiny11][BE200][M90q Gen6Nearby SharingMSB,BT,Arrow Lake,,Arrow Lake,2025-04-25 07:34:13,2025-04-28 03:48:22,High,Connectivity,0.1829,2-High
2025,,false,[Lenovo-Ideapad][Hetian2][ARL H][24H2]MS SW HW drips fail by BT,BT,Arrow Lake,,Arrow Lake-H,2025-04-25 03:38:00,2025-05-06 06:49:01,High,Power Consumption,0.3918,2-High
2025,,false,"[Lenovo Thinkpad/LCFC][Daisy_ARL/ARL/FmP][USB] Bluetooth devices all lost and do not show in the device manager when MIKE II s4 stress test, Bluetooth Device (Personal Area Network) (ID: BTH\MS_BTHPAN\6&257119B4&0&2) missing",BT,Arrow Lake,,Arrow Lake-H,2025-04-29 07:14:08,2025-08-04 07:44:07,High,YB/Lost,0.1989,2-High
2025,,false,AX211 Constant Disconnects on 6GHz with TP X1 2-in-1 Gen 9,WiFi,Meteor Lake,,Meteor Lake,2025-05-05 18:49:30,2025-06-12 23:31:55,High,Performance,0.1205,2-High
2025,,false,[Lenovo-Ideapad][Hetian2][ARL H][24H2] need 2-3 mins to remove BT device,BT,Arrow Lake,,Arrow Lake-H,2025-05-06 00:09:57,2025-05-06 06:50:50,High,Connectivity,0.1855,2-High
2025,,false,[ADL][lenovo_thinkpad-JP][AX211][X13GEN3]BSOD_connecting  Bluetooth headset,WiFi,Alder Lake,,Alder Lake,2025-05-06 10:03:50,2025-05-07 10:04:05,Critical,Connectivity,0.1284,1-Critical
2025,,false,[Lenovo/DT][in-house][ARL][BE200][P3 Tiny]S4Rebootyello bang,WiFi,Arrow Lake,,Arrow Lake-S,2025-05-06 07:19:44,2025-05-12 06:23:54,High,P2P,0.0994,2-High
2025,,false,"[Lenovo_IdeaPad][LCFC][ARL_H][S5x0-16pro_Dis][24H2][AX203]BT MS and KB can not connected again after turn off/on BT, FR: 1/1Unit, 1/1cycles.",BT,Arrow Lake,,Arrow Lake-H,2025-05-07 07:51:42,2025-05-19 08:01:57,High,Connectivity,0.2231,2-High
2025,,false,[Lenovo] [Compal] [RPL-HX][LOQ 15IRX11E I+N] ][KLG13] ][Win11 24H2]System show black and BSoD(0x18) after enter S5 with playing 3D video.,BT,Raptor Lake Client Platforms,,Raptor Lake Client Platforms,2025-05-08 09:25:33,2025-05-22 03:54:48,Medium,BSOD,0.1578,3-Medium
2025,,false,[lenovo_arlh_marie_curie2] WiFi 7 6G Link speed not meet criteria,WiFi,Arrow Lake,,Arrow Lake-H,2025-05-08 09:19:22,2025-05-14 05:58:06,High,BIOS,0.1434,2-High
2025,,false,"[Lenovo J13 Kyoto][Win11 24H2][FC][Network]The aggregated link speed at 6 GHz  does not meet the required threshold of 2.4 Gbps in DC mode.[FR: 4/8,100%][1/1 Unit]",WiFi,Raptor Lake Client Platforms,,Raptor Lake Client Platforms,2025-05-12 13:37:29,2025-05-26 02:17:02,Medium,Connectivity,0.1331,3-Medium
2025,WIFI-669472,false,"[Lenovo_IdeaPad][LCFC][ARL-HX][BE200][Hermes-IAX]BSOD:0x9F happened resume from MS, FR: 1/10Units, 1/93cycles",WiFi,Arrow Lake,Arrow Lake-Hx,Arrow Lake-Hx,2025-05-12 10:01:22,2025-06-09 03:23:42,High,BSOD,0.2877,2-High
2025,WIFI-671875,false,"[Lenovo][LCFC][Thinkbook 16P Gen5 IRX]the network show""Cant connect to this network"" and assert 0x84 & 0x20000066",WiFi,Raptor Lake Client Platforms,Raptor Lake Client Platforms,Raptor Lake Client Platforms,2025-05-13 12:10:18,2025-07-09 01:55:07,High,Connectivity,0.1234,2-High
2025,,false,"[Lenovo Thinkpad/LCFC][Aster_ARL_HX/ARL/GaP][USB_not onboard_NGFF card] Bluetooths microphone can not be recognized in Sound -> Recording device, and can not be recognized in Sound Recorder APP. (FR:1/3 units, 100% failed with that failed unit.)",BT,Arrow Lake,,Arrow Lake-Hx,2025-05-14 06:12:13,2025-06-24 08:24:38,High,Connectivity,0.2505,2-High
2025,BT-345317,true,"[Lenovo_IdeaPad][LCFC][LNL][Sunrise][24H2][SIT][BE201]WLAN show 5002_0x20101934 error do MS test, FR: 100/100",BT,Lunar Lake,Lunar Lake,Lunar Lake,2025-05-14 07:55:05,2025-05-16 05:24:10,Critical,Connectivity,0.136,1-Critical
2025,WIFI-671650,true,[lenovo_arlh_marie_curie2] BSOD point to Wifi driver(Netwaw16.sys),WiFi,Arrow Lake,Arrow Lake-H,Arrow Lake-H,2025-05-14 06:18:02,2025-07-15 06:27:14,High,BSOD,0.3047,2-High
2025,WIFI-672477,false,[Lenovo][ThinkStation PX][EagleStream][24H2]BSOD(Point to intelppm.sys) during installing BE200 driver.(F/R: 100%),WiFi,Unassigned,Unassigned,Unassigned,2025-05-15 03:34:24,2025-05-22 06:02:03,Critical,BSOD,0.2913,2-High
2025,WIFI-672537,false,"[Lenovo_IdeaPad][LCFC][LNL][Sunrise][24H2][SIT][BE201]WLAN lost do MS stress test, FR: 1/22Units, 2/66000cycles",WiFi,Lunar Lake,Lunar Lake,Lunar Lake,2025-05-16 03:37:06,2025-06-17 00:43:55,High,YB/Lost,0.1763,2-High
2025,,false,[Lenovo_IdeaPad][LCFC][PTL_12Xe][CSLP][S511-16pro][BE201][2230][EVT_FVT]Wireless Schematic and Layout request.,WiFi,Panther Lake,,Panther Lake,2025-05-19 06:56:11,2025-05-26 05:39:36,High,P2P,0.1375,2-High
2025,,false,[Lenovo/][Compal][PTL-H] [BE201] [2230] [C5 Gen11][EVT]  [Layout][#1],WiFi,Panther Lake,,Panther Lake,2025-05-20 08:41:26,2025-05-21 09:49:40,High,Connectivity,0.1083,2-High
2025,,false,[Lenovo/Consumer][Compal][PTL-H][BE213/AX20][2230][Y5sGen11][EVT] [Layout][#1],WiFi,Panther Lake,,Panther Lake,2025-05-21 07:54:43,2025-05-28 01:44:18,High,Performance,0.1258,2-High
2025,,false,[Lenovo 8.2L ARL-S][SDV][M5WKT04A][QT]The 6GHz frequency band can be searched when use Intel WLAN card without any setting.,WiFi,Arrow Lake,,Arrow Lake-S,2025-05-21 02:23:46,2025-06-09 03:24:32,High,Connectivity,0.1343,2-High
2025,,false,[Lenovo/SMB][Wistron][PTL-U] [BE213] [2230] [TB1416_G9_PTL][EVT] [Layout][#1],WiFi,Panther Lake,,Panther Lake,2025-05-22 06:56:24,2025-05-28 01:45:41,Critical,Performance,0.1267,1-Critical
2025,,false,[Lenovo/Consumer][HQ][PTL-H] [BE211\BE213] [C711][EVT][Layout][#1],WiFi,Panther Lake,,Panther Lake,2025-05-24 08:45:25,2025-05-28 09:26:01,Medium,Connectivity,0.1319,3-Medium
2025,,false,[Lenovo thinkpad][LCFC][intel PTL][be211][E14/E16] sch review,WiFi,Panther Lake,,Panther Lake,2025-05-26 01:32:16,2025-05-29 01:16:49,Medium,Connectivity,0.1352,3-Medium
2025,WIFI-682134,false,[lenovo_arlhx_aster]BE200 device lost during S4 stress test,WiFi,Arrow Lake,Arrow Lake-Hx,Arrow Lake-Hx,2025-05-26 08:21:27,2025-07-09 05:35:55,High,YB/Lost,0.2738,2-High
2025,,false,[Lenovo thinkpad][LCFC][intel PTL][be213][X14] sch review,WiFi,Panther Lake,,Panther Lake,2025-05-27 06:59:41,2025-06-05 05:39:00,Medium,Performance,0.1188,3-Medium
2025,,false,[Lenovo legion][LCFC][intel LNL][be201][LEGO] sch/layout review,WiFi,Lunar Lake,,Lunar Lake,2025-05-28 00:52:21,2025-05-28 01:46:22,Medium,Connectivity,0.1038,3-Medium
2025,,false,[MTK][lenovo_thinkpad-JP][AX211][T14GEN5]T14 gen5 system hang up when camera open with customer WIFI,WiFi,Meteor Lake,,Meteor Lake,2025-05-28 09:00:46,2025-06-12 22:53:40,Critical,System Hang,0.262,1-Critical
2025,,false,[Lenovo][LCFC][PTL-H][BE211][1216] [Chogori][EVT][Layout]EVT layout review,WiFi,Panther Lake,,Panther Lake,2025-05-29 06:38:51,2025-06-13 06:35:05,Critical,Connectivity,0.1315,1-Critical
2025,,false,[Lenovo/Consumer][HQ][PTL-H] [BE213] [2230] [S511][EVT]  [Layout][#1],WiFi,Panther Lake,,Panther Lake,2025-05-29 02:18:16,2025-06-03 07:46:23,High,Performance,0.1271,2-High
2025,,false,"[ARL-S] WHQL item ""Bluetooth - Initiate platform-level device reset"" test failed",BT,Arrow Lake,,Arrow Lake-S,2025-06-03 08:03:03,2025-06-16 10:34:11,Medium,HLK,0.2739,3-Medium
2025,,false,[Lenovo/DT][in-house][ARL-S][BE200][M90s Gen6] BSoD_0x9f,BT,Arrow Lake,,Arrow Lake-S,2025-06-03 06:47:33,2025-06-16 11:25:27,High,Connectivity,0.1829,2-High
2025,,false,[ECR0233621][Cathaya_FVT_HW] The average transmission rate of the WiFi card drops by more than what is required in the Spec with 802.11BE/2.4G under WiFi card(Wi-Fi 7 BE200) +Win11 24H2 OS.,WiFi,Fishhawk Falls,,Fishhawk Falls,2025-06-04 01:51:09,2025-06-25 06:33:02,High,Performance,0.1631,2-High
2025,,false,[Lenovo/Consumer][Compal][PTL-H] [BE211] [1216] [KLS73][EVT] [Layout][#1],WiFi,Panther Lake,,Panther Lake,2025-06-04 03:31:42,2025-06-11 02:06:52,Medium,Connectivity,0.1265,3-Medium
2025,,false,[ECR0233633][Cathaya_FVT_HW] -The number of virtual Wi-Fi 7 BE200card is different from the number displayed in the command line under Win11 24H2 OS when do MLO(Multi-Link Operation) Testing.,WiFi,Fishhawk Falls,,Fishhawk Falls,2025-06-04 02:09:21,2025-06-13 14:21:18,High,Sensing,0.1616,2-High
2025,,false,"[Lenovo_IdeaPad][LCFC][ARL_H][S5x0-16pro_BE][24H2][AX203]Unit shows error when copy file from the shared folder via access BT PAN, 1/4units, 1/18cycles",BT,Arrow Lake,,Arrow Lake-H,2025-06-05 06:18:37,2025-07-10 04:41:51,High,Connectivity,0.1626,2-High
2025,BT-352739,true,"(Copy Of 00952203) [Lenovo_IdeaPad][LCFC][ARL_H][S5x0-16pro_BE][24H2][AX203]Unit shows error message when transfer file from/to the added BT PC after connect Wi-Fi.(F/R:2/2unit, 2/2cycles)",BT,Arrow Lake,Arrow Lake-U,Arrow Lake-H,2025-06-05 01:34:39,2025-07-10 04:41:48,High,Connectivity,0.1407,2-High
2025,,false,[CV/Cathaya FVT/BIOS S0KKT010][BE200]-System can not search WiFi 6G when set MCC to US by ANT tool + S0KKT010 BIOS + BE200 wifi Card.,WiFi,Fishhawk Falls,,Fishhawk Falls,2025-06-06 01:55:35,2025-06-13 14:22:19,High,BIOS,0.129,2-High
2025,,false,"[Lenovo][Foxconn][P5 Gen2 Cathaya][BE200][Win11 24H2][50%]Exist error event ""ID 17""(BTHUSB) appearred in system event log during running Legacy G3 stress on Win11 24H2 + BE200 Wi-Fi card CFG",BT,Fishhawk Falls,,Fishhawk Falls,2025-06-09 08:09:40,2025-07-14 02:28:49,High,YB/Lost,0.1627,2-High
2025,,false,"[Lenovo ldeaPad][LCFC][PTL 12Xe][CSLP][S511-16pro][24H2][EVT][BE201]Intel BE201 connect wlan Properties show 802.11ax when change 2.4GHz/5GHz AP to 802.11be(F/R: 2/2units, 6/6cycles).",WiFi,Panther Lake,,Panther Lake,2025-06-10 02:06:03,2025-06-13 14:23:58,High,Performance,0.1203,2-High
2025,,false,[Lenovo][PTL][Kailash][WW23-24WS]ICPS did not pup up notification for better AP suggestions,WiFi,Panther Lake,,Panther Lake,2025-06-11 07:56:16,2025-06-12 02:45:02,High,ICPS,0.1227,2-High
2025,,false,[Lenovo][AVC][Lenovo V100q][ADL-N][AX203][Win11 24H2]S4 wake failed by Magic pkt on the legacy S3 platform (F/R:100%)),WiFi,Alder Lake,,Alder Lake,2025-06-11 06:47:54,2025-07-07 02:35:26,High,Connectivity,0.1103,2-High
2025,,false,[Lenovo][Huaqin][PTL][TB_GEN8+] Device manager will show YB after system reboot with BE213(100%),WiFi,Panther Lake,,Panther Lake,2025-06-11 11:30:36,2025-06-26 02:12:29,High,YB/Lost,0.1704,2-High
2025,,false,[Lenovo/Consumer][Compal][PTL-H][BE213/AX20][2230][Y5sGen11][EVT] [Layout],WiFi,Panther Lake,,Panther Lake,2025-06-12 07:29:06,2025-06-20 07:28:04,High,Performance,0.1258,2-High
2025,,false,"[Lenovo Thinkpad/LCFC][Daisy_ARL_H/ARL/FmP][USB] The BT Headphones status shows ""connected audio"" instead of ""connected mic, audio"" after connecting Bluetooth headphones to the system.(FR:2/2units, 4/4trails)",BT,Arrow Lake,,Arrow Lake-H,2025-06-13 09:12:49,2025-07-14 02:51:39,High,Connectivity,0.2113,2-High
2025,,false,"[lenovo/DT BU][In-house][ARL-PCB1][BE200][m90s G6]Event ERROR ID 5002, 5005, 5007: Netwaw16 happened while S0 Idle",WiFi,Arrow Lake,,Arrow Lake-S,2025-06-13 08:48:14,2025-07-17 05:54:01,High,YB/Lost,0.1457,2-High
2025,BT-356174,true,[Lenovo ldeaPad][LCFC][PTL 12Xe][CSLP][S511-16pro][24H2][FVT][BE201]BT show YB after update BT driver follow WW24 BKC. FR: 100/100,BT,Panther Lake,Panther Lake,Panther Lake,2025-06-16 06:55:41,2025-07-07 10:49:04,High,Connectivity,0.1846,1-Critical
2025,,false,"[Lenovo_IdeaPad][Wenchang][LCFC][LNL][SIT][24H2][BE201] WB Stress occurred BT Lost.(FR:1/10 units, 2/2000 cycles))",BT,Lunar Lake,,Lunar Lake,2025-06-17 07:45:53,2025-07-07 01:55:15,High,Connectivity,0.1821,2-High
2025,WIFI-701563,false,[Lenovo-IdeaPad][PTL][Kailash][win11][EVT][FmP][S790_15_LNL_SS_HF]11ax 6G conductive Tput failed Lenovo spec.,WiFi,Panther Lake,Panther Lake,Panther Lake,2025-06-19 02:51:49,2025-08-18 06:07:14,High,Connectivity,0.1295,2-High
2025,,false,[lenovo_arlh_daisy]BE201 YB code 10 after PLDR,WiFi,Arrow Lake,,Arrow Lake-H,2025-06-20 02:05:11,2025-06-24 01:32:13,High,YB/Lost,0.1781,2-High
2025,,false,"[Lenovo][Compal][Ideapad S5P][PTL][BE211]Device manager will rescan Frequently and BE211 Wlan/BT driver will YB, after install intel ISST driver",WiFi,Panther Lake,,Panther Lake,2025-06-20 00:47:16,2025-07-10 05:13:11,High,YB/Lost,0.1802,2-High
2025,,false,[lenovo_arlh_daisy]BE201 YB code 43 after Prime95 + FurMark loading test,WiFi,Arrow Lake,,Arrow Lake-H,2025-06-20 02:42:21,2025-07-09 05:45:20,High,YB/Lost,0.1866,2-High
2025,,false,"[Lenovo-NEC][Lugia-DR][FVT][BE200]It takes too long to connect the audio to the Bluetooth headset after disable BT offload. about 20S, FR: 10/10cycles, 2/2units",BT,Arrow Lake,,Arrow Lake-H,2025-06-23 10:51:15,2025-07-04 08:14:51,High,Connectivity,0.2311,2-High
2025,,false,"[Lenovo Thinkpad/LCFC][Aster_ARL_HX/ARL/GaP][USB_not onboard_NGFF card] Sound output from Bluetooth headset will be delayed about 20 seconds after turning off/on Bluetooth in settings when playing music.(FR:2/2 units, 4/8trails)",BT,Arrow Lake,,Arrow Lake-Hx,2025-06-24 08:35:08,2025-08-19 09:08:50,High,Connectivity,0.2231,2-High
2025,WIFI-700689,false,"[Lenovo ldeaPad][LCFC][PTL 12Xe][CSLP][S511-16pro][24H2][FVT][BE201]WLAN Lost during WB stress test, FR: 1/200Units, 3/9000cycles",WiFi,Panther Lake,Panther Lake,Panther Lake,2025-06-24 03:44:48,2025-07-09 00:26:21,High,YB/Lost,0.1888,2-High
2025,,false,[Lenovo ideapad][LCFC][intel PTL][be211][YOGA S7 I+N] sch review,WiFi,Panther Lake,,Panther Lake,2025-06-26 06:33:56,2025-07-10 03:58:15,Medium,Connectivity,0.137,3-Medium
2025,,false,[Lenovo China][Kailash]Bluetooth audio path work abnormally when connect with bluetooth headsert,BT,Panther Lake,,Panther Lake,2025-06-26 01:48:49,2025-07-10 06:41:44,Medium,Connectivity,0.1727,3-Medium
2025,WOT-62676,false,[Lenovo/consumer][HQ][PTL][BE213][yoga7 2-n-1 14/16 IPH] CITU can not test,Other,Panther Lake,Panther Lake,Panther Lake,2025-06-27 12:41:35,2025-07-01 01:33:44,High,Connectivity,0.154,2-High
2025,,false,[Lenovo][Compal][LOQ-E][RPL-HX][AX203] Wlan has wer 15e and BT lost during S3,WiFi,Raptor Lake Client Platforms,,Raptor Lake Client Platforms,2025-06-28 03:26:59,2025-07-09 00:10:43,Critical,YB/Lost,0.1671,1-Critical
2025,,false,[Lenovo][Compal][Ideapad S5P][PTL][BE211]Intel Bluetooth devcie will show YB after resume from S4 (F/R: 2/2u;4/4c),BT,Panther Lake,,Panther Lake,2025-06-30 07:42:07,2025-06-30 08:40:18,High,YB/Lost,0.1705,2-High
2025,WIFI-723912,true,[Lenovo][Thinkpad JP][T14 GEN5][MTL][AX211]--Intel AX211 WiFi hit to Limited Network Connection after driver Ver 23.110/23.130/23.150,WiFi,Meteor Lake,Meteor Lake,Meteor Lake,2025-06-30 06:42:20,2025-11-04 02:53:36,Critical,Connectivity,0.1443,2-High
2025,BT-362634,false,[Lenovo][Compal][Ideapad S5P][PTL][BE211]Intel Bluetooth devcie will show YB after resume from CB and S4 (F/R: 2/2u;4/4c),BT,Panther Lake,Panther Lake,Panther Lake,2025-06-30 08:44:32,2025-07-23 02:57:33,High,YB/Lost,0.1721,2-High
2025,WIFI-705554,false,[Lenovo][Poseidon][PTL ES][BE211][Win11] Conductive tput 5G 11ax ch157 Tx fail,WiFi,Panther Lake,Panther Lake,Panther Lake,2025-06-30 11:43:47,2025-08-07 02:58:27,High,Performance,0.1302,2-High
2025,,false,[Lenovo][Poseidon][PTL ES][BE211][Win11] Conductive tput 2.4G ch11 Rx fail,WiFi,Panther Lake,,Panther Lake,2025-06-30 07:13:19,2025-07-04 01:25:05,High,Performance,0.147,2-High
2025,,false,[ADL][lenovo_thinkpad-JP][AX211][X13GEN3]ThinkPad X13 Gen3--The disconnection was caused by timeouts,WiFi,Alder Lake,,Alder Lake,2025-06-30 07:12:37,2025-08-22 02:23:24,Critical,P2P,0.1435,1-Critical
2025,,false,[MTK][lenovo_thinkpad-JP][AX211-BE200][T14GEN5]T14 gen5 system hang up when camera open with customer WIFI,WiFi,Meteor Lake,,Meteor Lake,2025-07-01 07:22:03,2025-08-22 02:24:29,Critical,System Hang,0.2361,1-Critical
2025,,,?Lenovo??Huaqin??S511 14/16??PTL H 12Xe??BE213??24H2?Wifi&BT YB,WiFi,Panther Lake,,Panther Lake,2025-07-02 02:54:00,2025-07-30 00:00:00,,YB/Lost,0.1434,(missing)
2025,,false,"[Lenovo Thinkpad/LCFC][Aster_ARL_HX/ARL/GaP][USB_not onboard_NGFF card] Bluetooth headset speaker output noise when making a Teams voice/video call. (FR:2/2 units, 4/4trails)",BT,Arrow Lake,,Arrow Lake-Hx,2025-07-06 14:10:25,2025-07-16 09:38:38,High,Connectivity,0.2315,2-High
2025,,false,"[Lenovo ldeaPad][LCFC][PTL 12Xe][CSLP][S511-16pro][24H2][FVT][BE201]Unit Sharing 2G file transfer rate is very slow.(F/R:3/3units,6/6cycles)",WiFi,Panther Lake,,Panther Lake,2025-07-08 07:22:39,2025-07-14 03:54:41,High,Connectivity,0.1146,2-High
2025,,false,"[Lenovo][Compal][Legion 5 15IPH11][PTL][BE213] Wi-Fi device is working properly, but only the BT (Bluetooth) device shows yellow bang.",WiFi,Panther Lake,,Panther Lake,2025-07-08 09:06:05,2025-07-21 00:50:54,High,Connectivity,0.1282,2-High
2025,WIFI-711098,false,"[Lenovo/DT BU][inhouse][RPL][AX211/AX201][ThinkCentre M90s Gen 3]BSOD(0x9F_4_PCI_Netwtw14_IMAGE_pci.sys) come from MSFT ""Never Crash""",WiFi,Raptor Lake Client Platforms,Raptor Lake Client Platforms,Raptor Lake Client Platforms,2025-07-09 07:07:36,2025-07-14 01:58:18,High,BSOD,0.2344,2-High
2025,,false,"[Lenovo ldeaPad][LCFC][PTL 12Xe][CSLP][S511-16pro][24H2][FVT][BE201&BE211]BT Lost when run S4 Stress, 2/7Units, 64/240cycles",BT,Panther Lake,,Panther Lake,2025-07-09 09:41:33,2025-07-23 08:28:21,High,YB/Lost,0.187,2-High
2025,,false,[Lenovo China][Kailash]Bluetooth lost when doing MS enter resume test,BT,Panther Lake,,Panther Lake,2025-07-10 06:49:47,2025-08-06 16:05:13,Medium,YB/Lost,0.188,3-Medium
2025,WIFI-712641,false,[Lenovo][Compal][Ideapad S5P][PTL][BE211]MS stress test system will show blackscreen (F/R: 2/2u; 2/10 c),WiFi,Panther Lake,Panther Lake,Panther Lake,2025-07-10 06:35:11,2025-07-17 05:54:45,High,System Hang,0.1726,2-High
2025,,false,[Lenovo/Compal][IdeaPad 5 2-in-1][Win11][PTL][BE213][2230] The WLAN devices hardware ID changed after installing the Bluetooth driver. 2/2 units,BT,Panther Lake,,Panther Lake,2025-07-10 08:56:37,2025-07-31 01:48:13,High,Connectivity,0.188,2-High
2025,,false,[Lenovo_LOQ][Compal][LOQ][RPL][AX203],WiFi,Raptor Lake Client Platforms,,Raptor Lake Client Platforms,2025-07-10 06:25:18,2025-07-14 02:00:13,High,P2P,0.1106,2-High
2025,WIFI-713970,false,[Lenovo-Ideapad][YOGA9P 16][PTL][24H2] WIFI YB after idle,WiFi,Panther Lake,Panther Lake,Panther Lake,2025-07-11 07:46:00,2025-07-28 06:34:31,High,YB/Lost,0.171,2-High
2025,,false,[Lenovo/DT BU][in-house][ARL-S][AX211][Neo Ultra2]5010 Error,WiFi,Arrow Lake,,Arrow Lake-S,2025-07-11 07:44:14,2025-07-21 00:46:56,High,P2P,0.1051,2-High
2025,,false,[Lenovo-Ideapad][YOGA9P 16][PTL][24H2] BT lost after flash BIOS,BT,Panther Lake,,Panther Lake,2025-07-11 07:50:38,2025-07-23 08:26:41,High,Connectivity,0.197,2-High
2025,,false,"[Lenovo][Compal][Legion 5 15IPH11][PTL][AX211] Wi-Fi device is working properly,",BT,Panther Lake,,Panther Lake,2025-07-15 07:59:01,2025-07-30 05:51:57,High,Connectivity,0.1746,2-High
2025,,false,[Lenovo][Aladdin][LNL][BE201][Win11]WiFi disconnect and scan list empty,WiFi,Lunar Lake,,Lunar Lake,2025-07-16 08:28:59,2025-07-21 00:45:55,High,P2P,0.1121,2-High
2025,WIFI-719362,false,[Lenovo][Huaqin][C711 14/16 PTL][PTL][Win11_25H2][EVT]The DUT will BSOD 0x9F After Switch WLAN Card BE211 to BE213(or BE213 to BE211) and then into OS idle about 1min(F/R: 3/3 UUTs; 30/30 Cycles),WiFi,Panther Lake,Panther Lake,Panther Lake,2025-07-18 06:54:06,2025-07-28 02:10:25,High,BSOD,0.1351,2-High
2025,,false,[Lenovo][Compal][Legion 5 15IPH11][PTL][BE213]Intel WLAN card shows device YB during connection process or doing S4.,WiFi,Panther Lake,,Panther Lake,2025-07-21 13:46:39,2025-08-11 05:32:34,High,YB/Lost,0.165,2-High
2025,,false,[Lenovo][Huaqin][C711_1416][PTL][Win11_24H2][EVT]CNVIo3 layout review,WiFi,Panther Lake,,Panther Lake,2025-07-23 15:06:03,2025-07-25 06:43:22,High,Performance,0.1349,2-High
2025,BT-371123,false,[Lenovo][Compal][Legion 5 15IPH11][PTL][BE213] BSOD 0X7e point to BE213 BT device during Cool boot.,BT,Panther Lake,Panther Lake,Panther Lake,2025-07-29 10:56:37,2025-09-01 04:09:11,High,BSOD,0.2091,2-High
2025,,false,T14S Laptop (AX211) keeps switching between different Wi-Fi access points (APs) unnecessarily,WiFi,Meteor Lake,,Meteor Lake,2025-07-29 04:24:17,2025-11-04 02:24:57,High,Sensing,0.1257,2-High
2025,WIFI-725436,false,"[Lenovo ldeaPad][LCFC][PTL 12Xe][CSLP][S511-16pro][25H2][FVT][BE211]Both the host and EUT sides will be fined 5002_FW_ASSERT after the machine connects to the 6G network and shares the 5G hotspot, 3/3Units, 3/3cycles",WiFi,Panther Lake,Panther Lake,Panther Lake,2025-07-30 09:27:48,2025-09-11 06:23:54,High,Connectivity,0.1725,2-High
2025,,false,"[Lenovo_IdeaPad][YogaBook 9 14IAH10][LCFC][LNL][SIT][24H2][BE201]BT KB has no function When the BT KB shows the connected status(FR:1/1 units, 2/10 cycles)",BT,Arrow Lake,,Arrow Lake,2025-07-30 01:41:01,2025-09-11 02:05:10,Critical,Connectivity,0.2321,1-Critical
2025,,false,[Lenovo][Compal][Yoga_Slim 7 14IPH11][PTL][BE211]The BT headset microphone input has no sound. (F/R: 2/2u;10/10c),BT,Panther Lake,,Panther Lake,2025-07-31 10:40:01,2025-08-01 15:32:47,High,Connectivity,0.2615,2-High
2025,,false,"[Lenovo Thinkpad/LCFC][Aster_ARL_HX/ARL/GaP][USB_not onboard_NGFF card] Turning off/on the Bluetooth, the sound will be delayed about 20 seconds. Check with the Sound > Playback > ThinkPad X1 ANC Headphones  Properties > Controller Information shows error",BT,Arrow Lake,,Arrow Lake-Hx,2025-07-31 07:10:09,2025-09-08 01:47:32,High,Connectivity,0.2046,2-High
2025,BT-377776,false,[Lenovo Thinkpad/LCFC][Lamarr-2.0_ARL/ARL/FmP][USB] The Bluetooth-related device is lost when using the MIKE II tool to run hibernate resume (manual resume). Fail Rate: 1unit 578/3995 trials.,BT,Arrow Lake,Arrow Lake-H,Arrow Lake-H,2025-07-31 06:45:32,2025-09-11 02:03:21,High,YB/Lost,0.1614,2-High
2025,,false,[Lenovo ideapad][LCFC][intel PTL][be213][S3 gen11 IPH] layout review,WiFi,Panther Lake,,Panther Lake,2025-08-01 08:05:48,2025-08-08 05:02:12,Medium,Connectivity,0.1178,3-Medium
2025,,false,[Lenovo][Huaqin][TB_16+_Gen8_dGPU][PTL][Win11_25H2][EVT] Device manager will show YB after system reboot with BE213(100%),WiFi,Panther Lake,,Panther Lake,2025-08-04 13:42:52,2025-08-25 13:55:42,High,YB/Lost,0.1776,2-High
2025,,false,"[Lenovo ldeaPad][LCFC][PTL 12Xe][CSLP][S511-16pro][25H2][FVT][BE211]The unit auto-disconnect Wi-Fi with 5055 assert during online video overnight test, 2/2units, 2/4cycles",WiFi,Panther Lake,,Panther Lake,2025-08-04 03:02:46,2025-08-18 01:22:22,High,P2P,0.1315,2-High
2025,,false,[Lenovo Thinkpad/LCFC][Aster_ARL_HX/ARL/GaP][USB_not onboard_NGFF card] The system cannot record sound for the first two seconds after the record button is pressed when connecting the BT headset to the system.,BT,Arrow Lake,,Arrow Lake-Hx,2025-08-04 02:18:18,2025-09-02 03:14:24,High,Connectivity,0.1916,2-High
2025,,false,"[Lenovo ldeaPad/Consumer][LCFC][PTL 4Xe][BE211][Teide]Long duration lasts for about 15 seconds when removing the Bluetooth device.(F/R: 1/3 units,2/15cycles)",BT,Panther Lake,,Panther Lake,2025-08-04 09:31:24,2025-08-14 15:44:22,High,Connectivity,0.2062,2-High
2025,,false,"[Lenovo ldeaPad/Consumer][LCFC][PTL 4Xe][BE211][CSLP][S511-16pro]No IPV4 Address after connected to 5G network with channel 149/157, FR: 2/2Units, 2/20Cycles",WiFi,Panther Lake,,Panther Lake,2025-08-06 09:40:58,2025-08-11 02:07:12,High,Connectivity,0.1452,2-High
2025,WIFI-732827,false,[LCFC][MTL/RPL][lenovo_thinkpad-JP][AX211][T14p G2/P16v G1]Never crash -Common BSOD issue on Intel wifi,WiFi,Raptor Lake Client Platforms,Raptor Lake Client Platforms,Meteor Lake,2025-08-08 10:10:04,2025-09-03 06:41:19,Critical,BSOD,0.2068,1-Critical
2025,,false,[Lenovo][Huaqin][TB_1416+_Gen8][PTL][Win11_24H2][EVT] when connect the second BT earphone system cant show mic info after connect the first BT earphone and play music (FR:100%),BT,Panther Lake,,Panther Lake,2025-08-11 09:04:16,2025-08-21 03:35:15,Medium,Connectivity,0.1989,3-Medium
2025,,false,[Lenovo][Compal][PTL][BE211_1216][Yoga Slim 7 14IPH11]Intel Wireless Dual Bluetooth Device show Yellow Bang and BT-related Device lost after CB/S4/WB/S0i3.  (F/R: 2/2u;1/30c),BT,Panther Lake,,Panther Lake,2025-08-11 02:25:21,2025-09-01 04:09:56,High,YB/Lost,0.2546,2-High
2025,,false,[Lenovo][Huaqin][TB_1416+_Gen8][PTL][Win11_25H2][EVT] event ID 17 show BTHmini error after run S4 test (FR: 1/15 UUTs),BT,Panther Lake,,Panther Lake,2025-08-11 02:25:11,2025-08-12 12:42:32,Medium,YB/Lost,0.1502,3-Medium
2025,WIFI-732858,false,"[Lenovo][Huaqin][TB_1416+_Gen8][PTL][Win11_25H2][EVT] WIFI show YB when run CB.(F/R 1/1 UUTs, 5/200Cycles)",WiFi,Panther Lake,Panther Lake,Panther Lake,2025-08-11 07:32:12,2025-08-28 00:31:57,Medium,YB/Lost,0.1573,2-High
2025,,false,[Lenvon thinkpad china][RPL][Golem Talos-2 Intel] 0x9F WLAN BSOD,WiFi,Raptor Lake Client Platforms,,Raptor Lake Client Platforms,2025-08-12 01:49:35,2025-09-03 06:42:51,High,BSOD,0.4022,2-High
2025,,false,[Lenovo][Compal]PTL][BE211_2230][ideapad S5P]Intel Wireless Dual Bluetooth Device show Yellow Bang CB/S4/S0i3.  (F/R: 2/2u;2/30c),BT,Panther Lake,,Panther Lake,2025-08-12 02:12:29,2025-09-01 04:10:17,High,YB/Lost,0.168,2-High
2025,WIFI-734385,false,[Lenovo ldeaPad][LCFC][XiaoXinPro 14 IRH8&IdeaPad Pro 5 16IMH9]BSOD point to 0x9F_3_IMAGE_Netwtw14.sys (from MSFT never crash),WiFi,Raptor Lake Client Platforms,Raptor Lake Client Platforms,Meteor Lake,2025-08-13 06:38:03,2025-08-22 06:52:21,High,BSOD,0.2486,2-High
2025,WIFI-742498,true,"[Lenovo_IdeaPad][Wenchang][LCFC][LNL][SIT][25H2][BE201]Intel Wi-Fi 7 BE201 show yellow bang when resume from MS.(F/R:1/2 units,2/40 cycles)",WiFi,Lunar Lake,Lunar Lake,Lunar Lake,2025-08-13 06:43:37,2025-09-05 10:49:40,High,Sensing,0.1317,2-High
2025,,false,[Lenovo_IdeaPad][YogaBook 9 14IAH10][LCFC][LNL][24H2][BE201]BT device lost and unknow USB device show yellow bang(code 43) after resuming from MS,BT,Arrow Lake,,Arrow Lake-U,2025-08-14 01:47:24,2025-09-03 00:56:52,High,YB/Lost,0.2673,2-High
2025,,false,"[Lenovo Thinkbook/Consumer][Wistron][PTL][BE213][TB_1416_Gen9]The protocol display does not match the case(802.11be) When SUT connects to 2.4GHz WIFI(802.11AX). (FR:2/2units, 6/6times)",WiFi,Panther Lake,,Panther Lake,2025-08-18 03:13:28,2025-08-27 01:56:34,High,Performance,0.1362,2-High
2025,,false,"[Lenovo ldeaPad/Consumer][LCFC][PTL 12Xe][BE201/BE211][CSLP][S511-16pro]BT show YB with error code 31 after do product reset, 2/2units, 5/5cycles",BT,Panther Lake,,Panther Lake,2025-08-20 05:28:22,2025-10-09 05:52:02,High,YB/Lost,0.1694,2-High
2025,,false,[Lenovo Thinkpad][Inhouse][Pantherlake][BE211] Simultaneous YB on WLAN and BT,WiFi,Panther Lake,,Panther Lake,2025-08-20 09:05:58,2025-09-24 08:30:16,High,YB/Lost,0.1953,2-High
2025,WIFI-738426,false,"[Lenovo][Thinkpad-JP][Field_issue][RPL][AX211][T14 G4]  Aruba AP325, 535 are not compatible with Thinkpad T14 Gen 4 WIFI",WiFi,Raptor Lake Client Platforms,Raptor Lake Client Platforms,Raptor Lake Client Platforms,2025-08-20 03:44:36,2025-11-11 04:03:50,High,P2P,0.1268,2-High
2025,,false,"[Lenovo][Huaqin][PTL][BE213][S511_14_16]0x7E BSOD  point to ibtpci.sys occur when system resume from MS and idle in S0 about 5mins.FR:1/2UUTs,1/10UUTs",BT,Panther Lake,,Panther Lake,2025-08-20 01:50:26,2025-09-01 08:47:22,Medium,BSOD,0.198,3-Medium
2025,,false,[Lenovo][Compal]PTL][BE211_2230][ideapad S5P] 25H2 HLK test fail - Bluetooth - LEExtendedAdvertising (Development and Integration),BT,Panther Lake,,Panther Lake,2025-08-21 01:55:53,2025-09-03 02:41:21,High,HLK,0.3806,2-High
2025,,false,[Lenovo-Ideapad][Shangri-la][LNL][25H2] LAN share hotspot happen 0XD1 BSOD,WiFi,Lunar Lake,,Lunar Lake,2025-08-21 07:24:49,2025-09-04 03:48:56,High,BSOD,0.1957,2-High
2025,WIFI-739149,false,[AVC][Lenovo][Neo50q-4][RPL-H][AX201] Never crash issue with netwtw14.sys 23.50.8.4.,WiFi,Raptor Lake Client Platforms,Raptor Lake Client Platforms,Raptor Lake Client Platforms,2025-08-21 05:59:50,2025-09-03 03:09:49,High,Performance,0.1216,2-High
2025,WIFI-739113,true,[Lenovo][Huaqin][PTL][BE213@2230/160Mhz][S511_14_16]WLAN show YB and BT device lost  when boot to system and idle about 1min.FR:1/5UUTs,WiFi,Panther Lake,Panther Lake,Panther Lake,2025-08-21 08:26:44,2025-12-29 08:00:35,High,YB/Lost,0.2293,1-Critical
2025,,false,"[Lenovo-Ideapad][Shangri-la][LNL][25H2] LAN share hotspot , other PC cant connect",WiFi,Lunar Lake,,Lunar Lake,2025-08-21 07:29:01,2025-09-04 03:50:46,High,P2P,0.169,2-High
2025,,false,[Lenovo][Huaqin][S511_14_16][PTL][Win11_25H2][pre SIT][BE213]BT show YB(code 31) during MS  stress.FR:1/4UUTs,BT,Panther Lake,,Panther Lake,2025-08-22 08:19:46,2025-10-09 05:47:16,High,YB/Lost,0.1493,2-High
2025,,false,[Lenovo-Ideapad][Shangri-la][LNL][25H2] BT play music error,BT,Lunar Lake,,Lunar Lake,2025-08-22 00:10:46,2025-10-09 05:50:21,High,Connectivity,0.1789,2-High
2025,,false,"[Lenovo ldeaPad/Consumer][LCFC][ARL-H][BE201][ThinkBook X Gen 2] HLK-Bluetooth - HciExtensionsV2 (Development and Integration) test fail, 2/2Unit",BT,Arrow Lake,,Arrow Lake-H,2025-08-22 08:07:58,2025-09-03 02:40:14,High,HLK,0.3057,2-High
2025,WIFI-739243,true,[lenovo_arlh_daisy]BE201 YB  after s0i3 at 0 degree,WiFi,Arrow Lake,Arrow Lake-U,Arrow Lake-U,2025-08-22 07:56:38,2025-09-04 07:13:46,High,YB/Lost,0.2136,1-Critical
2025,,false,"[Lenovo ldeaPad/Consumer][LCFC][PTL 12Xe][BE201/BE211][CSLP][S511-16pro]Occurred 0x50 BSOD when remove BT device, FR: 2/2Units, 1/2cycles",BT,Panther Lake,,Panther Lake,2025-08-22 03:12:23,2025-08-27 16:26:05,High,BSOD,0.1879,2-High
2025,,false,[Lenovo][CompalPTL][Legion 5 15IPH11][BE213]Intel BT PCIE shows device YB code 43 during S4 resume.,BT,Panther Lake,,Panther Lake,2025-08-22 06:44:17,2025-09-03 02:45:26,High,YB/Lost,0.2191,2-High
2025,,false,"[Lenovo ldeaPad/Consumer][LCFC][PTL 12Xe][BE201/BE211][CSLP][S511-16pro]  BT mouse button lost function after power off/on BT devices(MS/KB/headset).(F/R:2/2 units,3/10ycles)",BT,Panther Lake,,Panther Lake,2025-08-22 03:15:25,2025-08-28 07:49:46,High,Connectivity,0.1937,2-High
2025,,false,[Lenovo Thinkbook/Consumer][Wistron][PTL][BE213][TB_1416_Gen9]BE213 WLAN card idle appeared Bluetooth YB overnight. (FR: 1/5 unit),BT,Panther Lake,,Panther Lake,2025-08-23 07:25:09,2025-09-04 02:21:29,High,Connectivity,0.175,2-High
2025,,false,[Lenovo_ideaPad][Compal][S5x0-14 Pro ][ARL][AX203]Ping test failed,WiFi,Arrow Lake,,Arrow Lake-H,2025-08-25 05:42:46,2025-09-11 02:44:29,High,UEFI,0.1195,2-High
2025,WIFI-741227,false,"[Lenovo ldeaPad/Consumer][LCFC][LNL][BE201][ThinkBook Plus G6]Alway occurr 5002/5010 error when doing S4/FB Stress test, FR: 5/5Units, 100/100Cycles.",WiFi,Lunar Lake,Lunar Lake,Lunar Lake,2025-08-25 09:06:30,2025-09-15 02:02:37,Low,YB/Lost,0.139,2-High
2025,WIFI-742021,false,"[Lenovo][Huaqin][S511_14_16][PTL][Win11_25H2][pre SIT][BE213]UUT appear BSOD 0x9F when reboot(1/2 UUTs, 1/20 Cycles)",WiFi,Panther Lake,Panther Lake,Panther Lake,2025-08-26 02:11:29,2025-09-03 02:04:28,High,BSOD,0.1999,2-High
2025,,false,"[Lenovo ldeaPad/Consumer][LCFC][LNL][BE201][ThinkBook Plus G6]BT occurred YB when doing S4/FB Stress, 9/20units, 13/4000cycles",BT,Lunar Lake,,Lunar Lake,2025-08-26 03:14:50,2025-09-11 00:43:54,High,YB/Lost,0.179,2-High
2025,WIFI-746160,true,"[Lenovo ldeaPad/Consumer][LCFC][ARL-HX][BE200][Legion Pro 7 16IAX10H]Intel BE200 WLAN units do not display Wi-Fi7 mode after switching from 802.11ax to Wi-Fi7 when connect to 6GHz.(F/R:2/2 units,10/10 cycles)",WiFi,Arrow Lake,Arrow Lake-Hx,Arrow Lake-H,2025-08-28 07:59:06,2025-10-09 06:02:49,High,Connectivity,0.1226,2-High
2025,,false,[Lenovo][Compal][PTL][BE213][Yoga AIO 27IPH11] Intel Bluetooth Device displays yellow bang when running STPM_HBS.,BT,Panther Lake,,Panther Lake,2025-08-28 08:57:30,2025-09-17 02:16:20,Medium,Connectivity,0.1573,3-Medium
2025,WIFI-755327,false,"[Lenovo ThinkPad/Commercial][LCFC][LNL][BE201][Thames-2 LNL/Mersey2-LNL] Field issue report of WLAN fail to start, 3 customers, 3 Thames, and 7 Mersey",WiFi,Lunar Lake,Lunar Lake,Lunar Lake,2025-08-28 04:26:02,2025-11-04 02:55:09,High,Connectivity,0.102,1-Critical
2025,,false,[Lenovo ThinkPad/Commercial][LCFC][LNL][BE201][Thames/Mersey-2] 25H2 FVT1.01:System occurred BSOD 0x101( No dump file; Stop Code: CLOCK_WATCHDOG_TIMEOUT ) when connect Wi-Fi during desktop,WiFi,Lunar Lake,,Lunar Lake,2025-08-28 08:38:24,2025-08-29 07:25:58,High,BSOD,0.2194,2-High
2025,WIFI-743376,false,[ThinkPad][Curie-2][ARL-U][FmP2] WLAN YB during MFG testing,WiFi,Arrow Lake,Arrow Lake-U,Arrow Lake-U,2025-08-29 10:19:17,2025-09-24 08:17:36,High,YB/Lost,0.1867,2-High
2025,BT-386313,false,[Lenovo-ThinkPad_Japan][LunarLake][BE201_PCI][Thames2_Mersey2] Google Pixel Buds Pro 2 LE Audio connection and Initial pairing issue,BT,Panther Lake,Panther Lake,Lunar Lake,2025-09-01 06:42:38,2025-09-30 02:54:11,Medium,Connectivity,0.2563,2-High
2025,,false,[Lenovo_IdeaPad][Yoga 9 2-in-1 14ILL10][LCFC][LNL][24H2][BE201_PCI]Intel(R) Wireless Bluetooth(R) lost during S4 Stress,BT,Lunar Lake,,Lunar Lake,2025-09-02 06:41:34,2025-09-15 01:22:39,High,YB/Lost,0.2332,2-High
2025,WIFI-755906,false,[lenovo_arlhx_aster]BE200 YB after S4 resume,WiFi,Arrow Lake,Arrow Lake-Hx,Arrow Lake-Hx,2025-09-02 05:15:00,2025-09-26 01:29:48,High,YB/Lost,0.2593,2-High
2025,,false,"[Lenovo-DT][Huaqin][Yoga9][PTL] UUT appears BSOD (0X7e) under OS, pointing to (BE211) ibtpci.sys. (FR: 1/3 unit, 1/30 cycles)",BT,Panther Lake,,Panther Lake,2025-09-03 13:56:19,2025-10-23 15:41:35,Medium,BSOD,0.2003,3-Medium
2025,,false,[Lenovo][Kailash][PTL/BE211][25H2]Bluetooth disconnected when play audio,BT,Panther Lake,,Panther Lake,2025-09-03 00:18:52,2025-09-11 00:39:39,High,Connectivity,0.2165,2-High
2025,,false,"[Lenovo-DT][Huaqin][Yoga9][PTL] UUT appears (BE211)WiFi/BT Device lost, event log error code is 5055, when idle or when refreshing the WiFi list.(FR: 2/4 unit ,20/40cycles)",WiFi,Panther Lake,,Panther Lake,2025-09-03 13:04:15,2025-09-25 06:05:35,High,YB/Lost,0.1832,2-High
2025,,false,[HQ][PTL][BE211][AIO] UUT appears BSOD (0X7e) point to ibtpci.sys when enter OS,BT,Panther Lake,,Panther Lake,2025-09-03 03:39:07,2025-09-03 13:36:22,Medium,BSOD,0.2298,3-Medium
2025,,false,"[Lenovo Consumer][HQ][PTL][BE211][Yoga AIO 32IPH11]UUT appears WiFi BT card missing, eventvwr log error code 5055, when idle or when refreshing the WiFi list.(FR: 2/4 unit ,20/40cycles)",WiFi,Panther Lake,,Panther Lake,2025-09-03 07:59:37,2025-09-03 12:58:55,High,Connectivity,0.129,2-High
2025,,false,Intel_Tools_Installer failure installation when the battery level is 30%,Other,Arrow Lake,,Arrow Lake-U,2025-09-03 02:31:56,2025-09-15 09:03:41,High,Connectivity,0.1208,2-High
2025,,false,[Lenovo][Kailash][PTL/BE211][25H2]Bluetooth YB while doing MS/WB Stress test,BT,Panther Lake,,Panther Lake,2025-09-03 00:16:51,2025-10-09 05:50:57,High,YB/Lost,0.1611,2-High
2025,,false,[lenovo_arlh_daisy]BE201 PLDR happens after s0i3 at 0 degree,WiFi,Arrow Lake,,Arrow Lake-U,2025-09-04 01:52:28,2025-10-17 08:42:32,High,Performance,0.1001,2-High
2025,,false,[Lenovo ThinkPad Japan][LCFC][ARL][BE201][Daisy][USB] Intel BE201 Bluetooth occur BSOD 0x9F when Runin test with CGTT-TATSTRESS-180MINS.,BT,Arrow Lake,,Arrow Lake-H,2025-09-04 03:11:33,2025-09-11 02:19:45,High,BSOD,0.23,2-High
2025,,false,[lenovo_arlh_daisy]BE201 device lost when doing s0i3 resume test,WiFi,Arrow Lake,,Arrow Lake-U,2025-09-05 09:04:37,2025-11-24 02:11:07,Critical,YB/Lost,0.23,1-Critical
2025,,false,[Lenovo NEC/Consumer][LCFC][ARL-HU][BE200][Lugia-DR] The speed of the Wlan 5G band will decrease after waking up from RS when test wh,WiFi,Arrow Lake,,Arrow Lake-U,2025-09-06 06:42:07,2025-09-09 08:25:02,High,Sensing,0.129,2-High
2025,WIFI-749263,false,[Lenovo][Kailash][PTL/BE211][25H2]wifi cannot connect with MLO with wpa2/wpa3,WiFi,Panther Lake,Panther Lake,Panther Lake,2025-09-08 02:31:51,2025-09-11 02:17:20,Medium,Connectivity,0.1244,2-High
2025,,false,[Lenovo][Kailash][PTL/BE211][25H2]wifi showed asserts & cannot connect AP in awhile,WiFi,Panther Lake,,Panther Lake,2025-09-08 05:46:50,2025-10-13 06:26:14,High,Connectivity,0.121,2-High
2025,,false,[Lenovo][Compal]PTL][BE211_2230][ideapad S5P]Factory build stress test - Burnin/3D Mark test BT YB,BT,Panther Lake,,Panther Lake,2025-09-08 01:45:53,2025-10-09 05:45:35,High,YB/Lost,0.1729,2-High
2025,,false,[Lenovo IdeaPad/Consumer][HuaQin][PTL][BE213][S511_14_16]BE213 Sartable set fail with Ant tool,Other,Panther Lake,,Panther Lake,2025-09-09 01:56:40,2025-09-15 02:16:59,High,Performance,0.1401,2-High
2025,WIFI-753344,false,"[Lenovo NEC/Consumer][LCFC][ARL-HU][BE200][Lugia-DR] The WLAN transmission rate varies greatly between AC and DC modes.FR: 2/2Units, 8/8Cycles",WiFi,Arrow Lake,Arrow Lake-U,Arrow Lake-U,2025-09-09 07:59:04,2025-10-01 04:17:51,Critical,Connectivity,0.1198,1-Critical
2025,,false,"[Lenovo][Huaqin][S511_14_16][PTL][Win11_25H2][pre SIT][BE213]High CPU utilization (10-15%) in idle S0 state, exceeding spec limit (<5%)(F/R: 2/5 UUTs, 2/5 Cycles)",BT,Panther Lake,,Panther Lake,2025-09-09 12:21:30,2025-09-25 05:55:21,High,Connectivity,0.1673,2-High
2025,,false,Wi-Fi adapter failed to send data within the expected time,WiFi,Rocket Lake,,Rocket Lake,2025-09-09 03:05:29,2025-11-04 02:27:33,Medium,Sensing,0.1272,3-Medium
2025,WIFI-750602,true,[Lenovo][Kailash][PTL/BE211][25H2]wifi cannot search & connect specific AP,WiFi,Panther Lake,Panther Lake,Panther Lake,2025-09-09 02:48:12,2025-10-30 04:02:58,High,Connectivity,0.1293,1-Critical
2025,WOT-64944,false,[Lenovo][compal][PTL-P][BE201][Kailash] BE211 cant connect to WiFi AP in OWE mode,Other,Panther Lake,Panther Lake,Panther Lake,2025-09-10 06:13:40,2025-10-09 02:24:39,High,Connectivity,0.122,2-High
2025,BT-386293,false,"[Lenovo ldeaPad][LCFC][PTL 12Xe][CSLP][S511-16pro][25H2][FVT][BE211]BSOD_0*1E after resume from MS, 1/2units, 1/10cycles",BT,Panther Lake,Panther Lake,Panther Lake,2025-09-10 13:18:32,2025-09-25 04:28:47,High,Connectivity,0.1956,2-High
2025,,false,"[Lenovo ldeaPad][LCFC][PTL 12Xe][CSLP][S511-16pro][25H2][FVT][BE211]SystemEvent log show error ID_5 after connect the BT MS&KB&Hedset devices, FR: 1/1Unit, 3/3Cycles",BT,Panther Lake,,Panther Lake,2025-09-10 07:29:19,2025-10-17 07:21:24,High,Connectivity,0.2204,2-High
2025,,false,[Lenovo][Kailash][PTL/BE211][25H2]wifi tx stuck & ping timeout when doing ms test,WiFi,Panther Lake,,Panther Lake,2025-09-10 00:38:46,2025-10-09 06:01:21,High,Connectivity,0.0989,2-High
2025,WIFI-751930,false,[Lenovo][Huaqin][C711_1416][PTL][Win_25H2][SIT][BE213_QS] The WLNA/BT lost and have event ID 5002 duing CB stress test(F/R: 3/10 UUTs; 3/3000 Cycles),WiFi,Panther Lake,Panther Lake,Panther Lake,2025-09-11 09:32:12,2025-11-24 14:31:16,High,YB/Lost,0.1818,1-Critical
2025,BT-389629,false,[Lenovo][Kailash][PTL/BE211][25H2]Bluetooth connect too low,BT,Panther Lake,Panther Lake,Panther Lake,2025-09-12 00:08:44,2025-09-24 05:46:04,Medium,Connectivity,0.202,2-High
2025,,false,[Lenovo/Consumer][HQ][PTL-H] [BE211\BE213] [C711][EVT][Layout][#2],WiFi,Panther Lake,,Panther Lake,2025-09-12 06:43:26,2025-09-18 04:45:49,High,Connectivity,0.1319,2-High
2025,,false,"[Lenovo][Compal]PTL][BE211_2230][ideapad S5P]stress CB unit show black screen , force shutdown event log show bugcheck 0x9f",WiFi,Panther Lake,,Panther Lake,2025-09-16 07:03:12,2025-09-25 06:08:54,High,YB/Lost,0.1317,2-High
2025,,false,[Lenovo IdeaPad/Consumer][HuaQin][PTL][BE213][S511_14_16]BE213 of ES2 havent Ethernet 5G  share hotsport function,WiFi,Panther Lake,,Panther Lake,2025-09-17 12:43:02,2025-09-18 03:50:30,High,Performance,0.151,2-High
2025,,false,[lenovo_lnl_thames2] The wifi device show yellow bang or lose under OS.,WiFi,Lunar Lake,,Lunar Lake,2025-09-17 11:06:15,2025-11-04 02:47:19,High,YB/Lost,0.1352,2-High
2025,,false,[Lenovo][Poseidon][PTL/BE211][25H2]Event log shows Netwnw18 5005 & 5002 error,WiFi,Panther Lake,,Panther Lake,2025-09-18 07:14:46,2025-10-27 07:37:05,High,YB/Lost,0.1303,2-High
2025,,false,[Lenovo][Poseidon][PTL/BE211][25H2]Bluetooth device lost during WB Stress test,BT,Panther Lake,,Panther Lake,2025-09-18 07:08:47,2025-09-22 10:00:57,High,YB/Lost,0.1905,2-High
2025,,false,"[Lenovo][Poseidon][PTL/BE211][25H2]After pairing the Bluetooth headset, the sound output  takes about 15 seconds to switch to the headset.",BT,Panther Lake,,Panther Lake,2025-09-19 06:49:00,2025-10-09 05:57:18,High,Connectivity,0.2585,2-High
2025,WIFI-758005,false,"[2025_August_Cadence][Oak Gen1 intel][BIOS][GM2.0/GM8.0][Win11 24H2/Win10 22H2][LR]The EUT occur Blackscreen W/o Backlight(debug code:FC5A) during AC S4 longrun test with LongRunATS_AOAC_v5.2 tool.(FR:2/20 units,2/3826 total trials)",WiFi,Raptor Lake Client Platforms,Raptor Lake Client Platforms,Raptor Lake Client Platforms,2025-09-22 02:56:57,2025-10-31 01:05:19,Critical,Performance,0.0958,2-High
2025,,false,[Curie-2] WLAN YB during MFG run-in SOVP process,WiFi,Arrow Lake,,Arrow Lake-U,2025-09-22 08:01:03,2025-11-04 02:34:25,High,YB/Lost,0.21,2-High
2025,,false,[Lenovo][Compal]PTL][BE211_2230][ideapad S5P],BT,Panther Lake,,Panther Lake,2025-09-23 11:53:09,2025-09-23 11:55:35,Low,Connectivity,0.2168,4-Low
2025,,false,[Lenovo][Compal]PTL][BE211_2230][ideapad S5P]Use BT Speaker adjust system volume show mute,BT,Panther Lake,,Panther Lake,2025-09-23 12:07:11,2025-09-28 04:11:12,Low,Connectivity,0.1885,4-Low
2025,,false,"[Lenovo][Huaqin][Intel PTL][BE211][2230][LOQ L311-15][FVT]Layout[#1]CNVI 2 & CNVI 3 DSN & BRD checks , and CNVI 3 Signal Simulation",WiFi,Panther Lake,,Panther Lake,2025-09-23 04:12:53,2025-09-23 10:20:51,High,Connectivity,0.1298,2-High
2025,WIFI-758082,false,[Lenovo][Kailash][PTL/BE211][25H2]wifi suddenly disconnected during MS,WiFi,Panther Lake,Panther Lake,Panther Lake,2025-09-23 02:24:55,2025-10-13 06:25:02,High,Connectivity,0.1034,2-High
2025,,false,"[Lenovo][Huaqin][Intel PTL][BE213][2230][LOQ L311-15][FVT]Layout[#1]CNVI 2 & CNVI 3 DSN & BRD checks , and CNVI 3 Signal Simulation",WiFi,Panther Lake,,Panther Lake,2025-09-23 10:19:29,2025-09-24 05:44:31,High,Performance,0.1307,2-High
2025,,false,"[Lenovo][Poseidon][FVT][PTL/BE211][25H2]The SW/HW Drips < 90% (Intel(R) Wi-Fi 7 BE211 320MHz (\_SB.PC00.CNVW)) when running Stress-MS.(F/R:26/40units,142/5000cycles)",WiFi,Panther Lake,,Panther Lake,2025-09-23 08:12:50,2025-10-13 06:28:14,High,Power Consumption,0.2844,2-High
2025,,false,"[Lenovo][Poseidon][FVT][PTL/BE211][25H2]Playerfab HDCP video will lag for 5S when disconnecting miracast by turning off wifi.(F/R:2/2units,8/8cycles)",WiFi,Panther Lake,,Panther Lake,2025-09-23 06:11:15,2025-09-24 02:26:13,High,P2P,0.1659,2-High
2025,,false,"[Lenovo][Kailash][PTL/BE211][25H2]BT/WIFI LOST,CANNOT BE RECOVERED",WiFi,Panther Lake,,Panther Lake,2025-09-24 06:58:55,2025-10-16 01:48:51,High,Connectivity,0.1566,2-High
2025,,false,[Lenovo][Kailash][PTL/BE211][25H2]Bluetooth mouse lag at cpu heavy loading + DC  mode,BT,Panther Lake,,Panther Lake,2025-09-25 00:17:17,2025-10-09 05:49:10,High,Connectivity,0.1858,2-High
2025,,false,"[Lenovo][Compal][PTL][BE211_1216][Yoga_Slim 7 14IPH11]Volume OSD cant change 6 to 0 when connect BT speaker. (F/R: 2/2u, 4/4c)",BT,Panther Lake,,Panther Lake,2025-09-26 09:38:18,2025-09-28 04:11:41,High,Connectivity,0.1734,2-High
2025,,false,[Lenovo][Aster][ARL-HX][GaP2] Due to WiFi 5055 event happens then BE200 BT device lost during S4 stress test,WiFi,Arrow Lake,,Arrow Lake-Hx,2025-09-26 10:59:07,2025-11-04 02:36:52,Critical,YB/Lost,0.2759,1-Critical
2025,WIFI-759476,true,[Lenovo-Ideapad][YOGA9P 16][PTL][25H2] WIFI YB after idle with FVT build,WiFi,Panther Lake,Panther Lake,Panther Lake,2025-09-28 01:18:18,2025-11-28 04:24:11,Critical,YB/Lost,0.1565,1-Critical
2025,,false,[Lenovo][wistron][GEN4_AX201][ADL]Intel AX201 WiFi Roaming Issue with Windows Cu,WiFi,Alder Lake,,Alder Lake,2025-09-28 04:22:05,2025-10-13 05:23:18,High,Performance,0.1302,2-High
2025,,false,[Lenovo][Kailash][PTL/BE211][25H2]HW/Sw drips 0% caused by Bluetooth 10%,BT,Panther Lake,,Panther Lake,2025-09-28 07:04:22,2025-10-09 05:51:28,High,Power Consumption,0.2359,2-High
2025,,false,[Lenovo-Ideapad][Shangri-la][LNL][25H2] BT mic cant work,BT,Lunar Lake,,Lunar Lake,2025-09-28 02:40:56,2025-09-29 06:59:01,High,Connectivity,0.2,2-High
2025,,false,[Lenovo-Ideapad][YOGA9P 16][PTL][25H2] BT YB after idle with FVT build,BT,Panther Lake,,Panther Lake,2025-09-28 01:30:54,2025-10-09 02:20:04,Critical,Connectivity,0.1853,1-Critical
2025,,false,[Lenovo][Poseidon][FVT][PTL/BE211][25H2]BT mouse can not auto connect after reboot,BT,Panther Lake,,Panther Lake,2025-09-29 06:50:20,2025-10-20 05:21:57,High,Connectivity,0.2346,2-High
2025,,false,(Copy Of 00963307) [ADL][lenovo_thinkpad-JP][AX211][X13GEN3]ThinkPad X13 Gen3--The disconnection was caused by timeouts,WiFi,Alder Lake,,Alder Lake,2025-09-29 08:00:05,2025-11-18 07:47:43,Critical,P2P,0.1286,1-Critical
2025,,false,Intel BE200 2.4/5G have Pulse Power,WiFi,Meteor Lake,,Meteor Lake,2025-09-30 03:27:39,2025-10-01 04:21:35,Critical,P2P,0.0963,1-Critical
2025,,false,[Lenovo][Thinkpad-JP][LNL][BE201][T14S GEN6] BT LE Headset no sound output during video call by Teams/zoom.,BT,Lunar Lake,,Lunar Lake,2025-09-30 09:47:02,2025-10-17 06:33:58,High,Connectivity,0.2482,2-High
2025,,false,"[Lenovo][Poseidon][FVT][PTL/BE211][25H2] The result show fail when running Stress-WiFi Ping (MS) test.(F/R:3/40units,84/2800cycles)",WiFi,Panther Lake,,Panther Lake,2025-09-30 06:52:37,2025-10-30 06:32:32,High,Connectivity,0.1124,2-High
2025,,,[Lenovo][Compal][ldeaPad 5 2-in-1 IPH11][BE213][FVT1]System no sound form BT earbuds and device manager show ?Intel(R) Bluetooth PCI,BT,Panther Lake,,Panther Lake,2025-09-30 02:54:00,2025-11-10 00:00:00,,Connectivity,0.2003,(missing)
2025,,false,"[Lenovo][Poseidon][FVT][PTL/BE211][25H2] The result show fail when running Stress-WiFi Ping (Reboot) test.(F/R:7/40units,10/4000cycles)",WiFi,Panther Lake,,Panther Lake,2025-09-30 06:31:29,2025-11-03 03:16:25,High,Connectivity,0.1212,2-High
2025,,false,[Lenovo][compal][ARL][BE201][Kailash]System ping test fail during run Wi-Fi MS,WiFi,Arrow Lake,,Arrow Lake-H,2025-09-30 14:06:02,2025-10-23 03:42:07,High,Sensing,0.1042,2-High
2025,,false,[lenovo_ptl_peach]BE211 BT swift pair not wotking,BT,Panther Lake,,Panther Lake,2025-10-07 09:24:48,2025-10-29 03:52:26,Medium,Connectivity,0.2874,3-Medium
2025,,false,[Lenovo AIO_TCX][Compal][PTL-H][BE211]WLAN device will show YB and cant search.,WiFi,Panther Lake,,Panther Lake,2025-10-07 08:48:07,2025-10-23 03:44:29,High,YB/Lost,0.1863,2-High
2025,,false,[Lenovo AIO TCX][Compall[PTL-HI[BE211]Intel BT device show YB.,BT,Panther Lake,,Panther Lake,2025-10-07 09:25:16,2025-10-16 01:53:49,High,YB/Lost,0.2311,2-High
2025,,false,[Lenovo ldeaPad][LCFC][PTL 12Xe/4Xe][CSLP][S511-16pro][25H2][FVT][BE211/BE201]Stress_MS_SW drips is under 90%(relate to Intel Wifi7 BE201/BE211 ) when run MS test 10min with wifi connect (F/R:9/30units ),WiFi,Panther Lake,,Panther Lake,2025-10-09 08:16:39,2025-10-17 06:58:49,High,Sensing,0.0983,2-High
2025,WIFI-768485,false,[Lenovo-IdeaPad][wistron][Field_issue][Enterprise-Network][Jasper Lake][AX201][500W GEN4]WiFi show no internet after Roaming in the school.,WiFi,Jasper Lake,Jasper Lake,Jasper Lake,2025-10-13 05:45:10,2025-11-11 04:30:16,High,Connectivity,0.139,2-High
2025,,false,"[Lenovo][Thinkpad-CN][ARL][AX211][E14gen7]  [Win11 24H2]The EUT has presented YB during longrun_AC-S0i3 with  LongRunATS_AOAC_v5.2(FR:1/15 tunits,1/3000 trails)",WiFi,Arrow Lake,,Arrow Lake,2025-10-13 05:37:16,2025-10-17 06:36:12,Low,YB/Lost,0.1316,4-Low
2025,,false,BSOD DRIVER_POWER_STATE_FAILURE(0x9F) encountered during Windows Update[1/4 tota,WiFi,Arrow Lake,,Arrow Lake,2025-10-14 07:48:28,2025-10-14 08:53:47,Medium,BSOD,0.6168,3-Medium
2025,,false,[Lenovo][Aladdin][MP][BE201]Bluetooth earphone volume resets to 100% after reconnection. [2/2 machines; 6/6 errors],BT,Lunar Lake,,Lunar Lake,2025-10-15 07:08:14,2025-10-16 05:47:57,High,Connectivity,0.1991,2-High
2025,,false,[Lenovo][Compal][ldeaPad 5 2-in-1 IPH11][BE213][FVT1]System no sound form BT earbuds and device manager show Intel(R) Bluetooth PCI,WiFi,Panther Lake,,Panther Lake,2025-10-15 09:59:33,2025-10-16 03:40:35,Critical,Connectivity,0.1481,1-Critical
2025,WIFI-769091,false,[Lenovo][Compal][ldeaPad 5 2-in-1 IPH11][BE213][FVT1]System no sound form BT earbuds and device manager show Intel(R) Bluetooth PCI,WiFi,Panther Lake,Panther Lake,Panther Lake,2025-10-15 10:39:19,2025-11-03 01:52:36,Critical,Connectivity,0.1481,1-Critical
2025,,false,"[Lenovo Thinkbook/Consumer][Wistron][PTL][BE213][TB_1416_Gen9]WLAN driver: 24.0.0.1 has YB after installation.(FR:2/2units, 6/6times)",WiFi,Panther Lake,,Panther Lake,2025-10-15 09:09:09,2025-10-16 07:58:06,High,YB/Lost,0.1329,2-High
2025,,false,[lenovo_ptl_mario]BE211 BT YB code 31 during sleep resume test,BT,Panther Lake,,Panther Lake,2025-10-16 09:20:14,2025-11-18 09:40:07,Medium,YB/Lost,0.2119,3-Medium
2025,,false,"[Lenovo][Poseidon][FVT][PTL/BE211][25H2] The media player show error(0x888900F) when connecting another brand headset(Samsung/Sony) after having already connected a TWS headset.(F/R:2/2units,2/8cycles).",BT,Panther Lake,,Panther Lake,2025-10-17 15:39:42,2025-10-23 16:13:41,High,Connectivity,0.2139,2-High
2025,,false,"[Lenovo ldeaPad/Consumer][LCFC][PTL 4Xe][BE211][Teide]BT headset change to Connected mic, audio from ""connect"" takes long time when unit resume from S4,(FR:1/2units,1/14cycles",BT,Panther Lake,,Panther Lake,2025-10-17 07:47:26,2025-10-30 09:17:49,High,Connectivity,0.2069,2-High
2025,,false,[Lenovo-Ideapad][YOGA9P 16][PTL][25H2] BT headset no sound,BT,Panther Lake,,Panther Lake,2025-10-17 06:21:07,2025-10-28 06:49:26,High,Connectivity,0.2987,2-High
2025,,false,"[Lenovo][Compal][PTL][BE211_1216][Yoga_Slim 7 14IPH11]Batterylife_Battery Leackage_Unit show blue screen(Stop code: DRICER_POWER_START. (F/R: 1/3units,1/3cycles)",WiFi,Panther Lake,,Panther Lake,2025-10-20 01:52:52,2025-10-27 11:18:19,High,Connectivity,0.1104,2-High
2025,,false,[Lenovo/Commercial][Wistron][MTL][AX211][Fenrir3] connectivity issue at Shibuya,WiFi,Meteor Lake,,Meteor Lake,2025-10-20 09:21:39,2025-11-18 07:44:13,High,Connectivity,0.1511,2-High
2025,,false,[Lenovo][Poseidon][FVT][PTL/BE211][25H2] BT headset no output after S4 resume,BT,Panther Lake,,Panther Lake,2025-10-20 08:27:07,2025-11-17 07:25:40,High,Connectivity,0.2644,2-High
2025,WIFI-778110,false,[Lenovo][Huaqin][PTL][BE213][S511_14_16]BT YB due to wifi assert 0x4444,WiFi,Panther Lake,Panther Lake,Panther Lake,2025-10-21 14:15:57,2025-11-15 14:32:37,High,YB/Lost,0.1579,2-High
2025,,false,"[Lenovo ThinkPad China/Commercial][LCFC][PTL 4Xe][BE213][X14]The BT driver cannot be uninstalled from the driver details page in Device Management, FR: 4/4Units, 8/8cycles.",BT,Panther Lake,,Panther Lake,2025-10-21 06:04:49,2025-10-30 09:15:02,High,Connectivity,0.2158,2-High
2025,,false,"[Lenovo][Poseidon][FVT][PTL/BE211][25H2] Unit auto disconnects from the network and bluetooth show yellowbang when idle.(FR:1/2units,5/10cycles)",WiFi,Panther Lake,,Panther Lake,2025-10-21 03:03:46,2025-11-03 01:55:09,High,Connectivity,0.1492,2-High
2025,,false,[Lenovo][Huaqin][C711_1416][PTL][Win11_25H2][SIT]Event log show ID:5055 during MS stress(F/R: 3/20 UUTs 5/6000 Cycles),WiFi,Panther Lake,,Panther Lake,2025-10-21 14:22:04,2025-11-26 08:24:38,High,YB/Lost,0.1365,2-High
2025,,false,[Lenovo-Ideapad][YOGA9P 16][PTL][25H2] BT YB with MS stress,BT,Lunar Lake,,Lunar Lake,2025-10-21 00:15:08,2025-10-28 06:48:21,High,YB/Lost,0.1671,2-High
2025,,false,"[Lenovo][Thinkpad-JP][LNL][BE201][X9-14GEN1] [Win11 25H2]BSOD 0x7E W/ dumple file occur stop perf3_test_too and Restart.(FR:3/3 units,4/9 trials)",WiFi,Lunar Lake,,Lunar Lake,2025-10-22 03:20:50,2025-10-31 01:49:41,High,BSOD,0.2192,2-High
2025,,false,"[Lenovo][Thinkpad-JP][LNL][BE201][T14GEN6][Win11 25H2]:Test auto stop and server show error massage when do wlan stress test by iperf3(2/2 units, 4/4 trials)",WiFi,Lunar Lake,,Lunar Lake,2025-10-22 10:17:39,2025-12-08 02:56:17,High,YB/Lost,0.1207,2-High
2025,,false,"[Lenovo][Compal][Intel IPH][BE211][Sapu Yoga Slim 7 14IPH]  Stress-MS, BE211 320MHZ caused SW&HW drips(SW:2%/HW:2%) not meet SPEC(90%).",WiFi,Panther Lake,,Panther Lake,2025-10-23 09:29:23,2025-12-02 08:01:12,Medium,Power Consumption,0.5227,3-Medium
2025,,false,[Lenovo Thinkpad/LCFC][Daisy_ARL/ARL/FmP][USB] There are some Kernel-PNP events with event ID 1040 showing Bluetooth devices USB\VID_8087&PID_0037\5&1c9dc956&0&10. A platform-level device reset has been requested.,BT,Arrow Lake,,Arrow Lake-H,2025-10-28 05:53:52,2025-12-17 09:22:33,High,Connectivity,0.1223,2-High
2025,,false,"[Lenovo][Compal][PTL][BE211_1216][Yoga_Slim 7 14IPH11]Stress-MS,System show Bluetooth related device lost and Intel(R) Dual Bluetooth(R) PCI Enumerator yellow bang in device manager.(F/R: 1/20u,1/2500c)",BT,Panther Lake,,Panther Lake,2025-10-28 06:40:58,2025-11-10 05:23:33,High,YB/Lost,0.2764,2-High
2025,,false,"[Lenovo][Poseidon][FVT][PTL/BE211][25H2] Manually disconnect LE Audio headset, but it will auto reconnect",BT,Panther Lake,,Panther Lake,2025-10-29 10:19:59,2025-11-03 04:07:55,High,Connectivity,0.2338,2-High
2025,,false,"[Lenovo][Compal][PTL][BE211_1216][Yoga_Slim 7 14IPH11]Stress-MS,System show Bluetooth related device lost and Intel(R) Dual Bluetooth(R) PCI Enumerator yellow bang in device manager.(F/R: 1/20u,1/2500c)",WiFi,Panther Lake,,Panther Lake,2025-10-30 02:54:12,2025-11-10 05:21:31,High,YB/Lost,0.2664,2-High
2025,,false,"[Lenovo][Poseidon][FVT][PTL/BE211][25H2]The units show BSOD(stop code:DRIVER_POWER_STATE_FALURE, bug check ID:0x9f) after restart.(F/R:1/2units, 1/6cycles).",BT,Panther Lake,,Panther Lake,2025-10-30 07:35:25,2025-11-28 05:47:30,High,BSOD,0.2099,2-High
2025,,false,[Lenovo][Zhaoyang X7-16IAH][ARL/BE201][24H2]WiFi disconnected at DC mode,BT,Arrow Lake,,Arrow Lake-H,2025-10-30 13:24:48,2025-11-19 16:10:31,High,Connectivity,0.1613,2-High
2025,,false,[Lenovo][Wistron][PTL][BE213][TB1416G9_PTL]BT test fail when using BIOS tool  23.160.0.0,BT,Panther Lake,,Panther Lake,2025-10-31 09:11:07,2025-11-07 06:01:22,High,Connectivity,0.1438,2-High
2025,,false,DRTU  23.165.0.4,Other,Panther Lake,,Panther Lake,2025-11-03 03:17:16,2026-05-11 11:40:22,High,Connectivity,0.1044,2-High
2025,,false,[lenovo/DT BU][In-house][[RPL-R-Tiny10][BE200][M90q5]Intel BE200 WIFIBE 6GSSID WPA3(PS:BE 5G/2.4GSSID ),WiFi,Rocket Lake,,Rocket Lake,2025-11-04 10:23:11,2025-11-15 14:30:37,High,Connectivity,0.1039,2-High
2025,,false,[Lenovo ThinkPad/Commercial][Lenovo][ARL][BE201][L13 Abby1] PPAG/WDGS Impliment,WiFi,Arrow Lake,,Arrow Lake,2025-11-04 03:26:01,2025-11-18 07:34:54,Medium,Connectivity,0.096,3-Medium
2025,,false,"[Lenovo-DT][Huaqin][Yoga9][PTL] When the phone is connected to the computer via wireless mode, using the PC mouse to operate the phone experiences lag.(FR: 2/2 unit , 10/10cycles)",WiFi,Panther Lake,,Panther Lake,2025-11-05 12:58:23,2025-12-02 07:03:40,High,Connectivity,0.1383,2-High
2025,,false,"[Lenovo-DT][Huaqin][Yoga9][PTL] [PTL_Yoga32_SDV_Win11_SA][PTL_Yoga32_SDV_Win11_SA]When a computer connects to another computer via wireless display mode, playing videos may result in audio and video lag issues.FR: 2/2 unit , 10/10cycles)",WiFi,Panther Lake,,Panther Lake,2025-11-05 13:43:09,2025-12-03 05:56:26,High,Connectivity,0.1308,2-High
2025,BT-405968,false,"[Matterhorn2_LNL][Mobile][GMC1][Win11 25H2] The""2 channel, 16bit, 32000Hz"" cannot display completely  in the settings->Sound->Properties.(FR:2/2units,4/4 trials)",BT,Arrow Lake,Arrow Lake,Lunar Lake,2025-11-05 07:51:09,2025-12-22 02:26:10,High,Connectivity,0.2065,2-High
2025,WIFI-781567,true,[Lenovo][Kailash][PTL/BE211][25H2]wifi disconnect when plugging ROG keyboard,WiFi,Panther Lake,Panther Lake,Panther Lake,2025-11-06 03:08:52,2025-11-27 01:42:39,High,Connectivity,0.131,1-Critical
2025,,false,[Lenovo][Kailash][PTL/BE211][25H2]BSOD 0x139 caused by bluetooth,BT,Panther Lake,,Panther Lake,2025-11-06 06:23:35,2025-12-03 08:37:40,Medium,Connectivity,0.1958,3-Medium
2025,,false,[Lenovo][Kailash][PTL/BE211][25H2]BSOD caused by bluetooth 0X9F,BT,Panther Lake,,Panther Lake,2025-11-06 06:22:06,2025-11-27 01:38:44,Medium,BSOD,0.2039,3-Medium
2025,,false,"[Lenovo][Poseidon][FVT][PTL/BE211][25H2]The result show fail when running Stress-WiFi Ping (S4) test.(F/R:11/40units,13/4000cycles)",WiFi,Panther Lake,,Panther Lake,2025-11-06 05:51:39,2025-11-24 05:25:47,High,Connectivity,0.1191,2-High
2025,BT-407345,true,[Lenovo ThinkPad][Avon/PTL/BE211][PCI][25H2] BT Lost Device Issue on Modern Standby,BT,Panther Lake,Panther Lake,Panther Lake,2025-11-07 06:25:33,2026-01-28 02:07:36,High,Connectivity,0.1912,2-High
2025,,false,[Lenovo ThinkPad China][LCFC][MTL][KunLun1.0 Intel_MTL][25H2][SIT][AX211/AX203]Inter BT device show YB with error code38 during running Mike-II S4 manual resume test. (F/R: 3/8Units),BT,Meteor Lake,,Meteor Lake,2025-11-07 03:27:47,2025-11-19 02:31:54,High,YB/Lost,0.2115,2-High
2025,,false,KUN_LNL_add country code use 24.0.2.1bios_tool check return fail for BE200.,WiFi,Lunar Lake,,Lunar Lake,2025-11-07 02:49:55,2025-11-24 13:12:01,High,BSOD,0.0902,2-High
2025,,false,[lenovo_ptl_mario] BE211 cannot connect to hotspot after remote turn on with BT,WiFi,Panther Lake,,Panther Lake,2025-11-10 10:12:19,2025-11-24 02:13:15,Medium,Connectivity,0.1182,3-Medium
2025,,false,BE200_LNL_Use UEFI_3.4.00.25432G BIOS_WiFi_manager not found WiFiSSID,WiFi,Lunar Lake,,Lunar Lake,2025-11-11 10:17:08,2025-11-18 06:07:39,High,P2P,0.1207,2-High
2025,,false,"[Lenovo][Huaqin][TB_1416+_Gen8][PTL][Win11_25H2][SIT]  The UUT show event ID 17/5055 errors when coldboot test .(F/R 2/20 UUTs, 2/6000Cycles)",WiFi,Panther Lake,,Panther Lake,2025-11-12 06:16:10,2025-11-25 13:55:09,Medium,Performance,0.1131,3-Medium
2025,,false,"[Lenovo][Poseidon][FVT][PTL/BE211][25H2] The RerunCS test result show Fail (device lost: Intel(R) Wireless Dual Bluetooth(R)) and the Device Manager show yellow bang (Intel(R) Dual Bluetooth(R) PCI Enumerator) when running Stress-MS.(F/R:1/40units,75/4885",BT,Panther Lake,,Panther Lake,2025-11-12 05:42:41,2025-12-02 05:07:33,Medium,YB/Lost,0.2107,3-Medium
2025,,false,"[Lenovo][Compal][ldeaPad 5 2-in-1 IPH11][BE213@2230/160Mhz][FVT1 Wi-Fi 7 BE213 enter modern standby show  SW/HW drips ""65%""(\_SB.PC00.CNVW\\_SB.PC00.RP04.PXSX)",WiFi,Panther Lake,,Panther Lake,2025-11-13 05:56:09,2025-12-10 03:32:28,Medium,Power Consumption,0.3869,3-Medium
2025,,false,[Lenovo][Compal][ThinkCentre X AIO][PTL][BE211]Disconnected the wifi during use.,WiFi,Panther Lake,,Panther Lake,2025-11-14 05:51:16,2025-11-24 14:33:40,High,P2P,0.1161,2-High
2025,,false,[Lenovo][Huaqin][C711_1416][PTL][Win11_25H2][SIT]WLAN YB(Code 10)/BT Lost with EB4 drives during CB stress(Error ID5001/5010)(F/R: 1/14 UUTs 1/4200 Cycles),WiFi,Panther Lake,,Panther Lake,2025-11-15 07:29:43,2025-11-28 07:16:41,High,YB/Lost,0.2269,2-High
2025,,false,"[Lenovo][Poseidon][FVT][PTL/BE211][25H2] The SW Drips is 0 and HW drips no value(Intel(R) Dual Bluetooth(R) PCI Enumerator(\_SB.PC00.BTPC)) after entering MS more than 10mins.(FR:1/2units,2/10cycles)",BT,Panther Lake,,Panther Lake,2025-11-17 13:54:33,2025-12-04 08:55:23,Medium,Power Consumption,0.1995,3-Medium
2025,,false,[Lenovo][Poseidon][FVT][PTL/BE211][25H2] BT headset can not adjust audio volume,BT,Panther Lake,,Panther Lake,2025-11-17 12:02:01,2025-11-24 04:22:46,High,Connectivity,0.3065,2-High
2025,,false,"[Lenovo][Poseidon][FVT][PTL/BE211][25H2]Connect one BT headset, but show two BT device at  quick setting",BT,Panther Lake,,Panther Lake,2025-11-18 10:08:17,2025-11-25 07:02:10,High,Connectivity,0.2099,2-High
2025,,false,"[Lenovo][Poseidon][FVT][PTL/BE211][25H2]Connect BT headset and play music, but audio output from system speaker,",BT,Panther Lake,,Panther Lake,2025-11-18 10:12:38,2025-12-02 05:04:19,High,Connectivity,0.2272,2-High
2025,,false,"[Lenovo ldeaPad][LCFC][ARL-HX[Thinkbook Pro Gen6][25H2][SIT][BE200]Stress_CB_The unit occur BOSD_0x9F W/ dump file(Point tointel wifi(Netwaw18))during Stress Coldboot Core Test(F/R:1/20units, 1/5946cycles)",WiFi,Arrow Lake,,Arrow Lake-Hx,2025-11-18 02:27:42,2025-12-11 07:05:12,High,BSOD,0.1221,2-High
2025,,false,[Lenovo][Poseidon][FVT][PTL/BE211][25H2] Show Couldnt connect when BT off/on then click the BT headset,BT,Panther Lake,,Panther Lake,2025-11-19 14:25:45,2025-11-25 06:59:16,High,Connectivity,0.2558,2-High
2025,,false,[Lenovo][Poseidon][FVT][PTL/BE211][25H2] Can not play music after BT Off/On then reconnect BT headset,BT,Panther Lake,,Panther Lake,2025-11-19 14:39:08,2025-12-02 05:11:02,High,Connectivity,0.2507,2-High
2025,WIFI-791408,false,[LNV][Compal][PTL][BE211][IdeaPad Pro5 14IPH11]RSSI fail while connect to AP,WiFi,Panther Lake,Panther Lake,Panther Lake,2025-11-19 11:26:32,2025-12-04 05:21:18,High,Connectivity,0.1069,2-High
2025,,false,[Lenovo][JP]can not uninstall Bluetooth driver from device manager,BT,Lunar Lake,,Lunar Lake,2025-11-20 06:48:29,2025-12-22 02:30:37,Low,Connectivity,0.2127,4-Low
2025,,false,[Lenovo][Kailash][PTL/BE211][25H2]Bluetooth cannot auto reconnect after warmboot,BT,Panther Lake,,Panther Lake,2025-11-20 00:29:59,2025-12-03 08:09:43,Medium,Connectivity,0.2192,3-Medium
2025,,false,KunLNL[E14GEN7]_Add_BE200_There is no sound output When connecting the Bluetooth headphones then play loca,BT,Lunar Lake,,Lunar Lake,2025-11-24 06:43:09,2025-11-24 11:25:26,Critical,Connectivity,0.211,1-Critical
2025,,false,(Copy Of 00988224) [Lenovo][Kailash][PTL/BE211][25H2]Bluetooth no audio after resume from ms,BT,Panther Lake,,Panther Lake,2025-11-24 07:51:05,2025-12-03 08:10:45,Medium,Connectivity,0.2133,3-Medium
2025,,false,"[Lenovo Thinkbook/Consumer][Wistron][PTL][BE213][TB_1416_Gen9]SIT, Win11 x64 25H2, Bluetooth LE Audio VSAP - Stereo Render with Mono Capture related items failed on HLK kit not detected, FR: 5/5",BT,Panther Lake,,Panther Lake,2025-11-25 08:44:56,2025-12-02 05:19:09,High,Connectivity,0.1891,2-High
2025,,false,"[Lenovo ldeaPad/Consumer][LCFC][PTL 4Xe][BE211@1216/320Mhz][HuaGuoShan A1]CGTT Double roasting test occurred BSOD_0X9F point to ibtpci, FR: 1/330Units, 1/10cycles",BT,Panther Lake,,Panther Lake,2025-11-25 07:14:29,2025-12-08 16:03:08,High,Connectivity,0.1752,2-High
2025,WIFI-798451,false,[Lenovo][Foxconn][Thinkstation P5 Falcon][FHF(SPR)][BE200][Win11 25H2][100%]WiFi change device setting due to STATUS_DEVICE_POWER_FAILURE(code:10) Yellow bang.,WiFi,Fishhawk Falls,Fishhawk Falls,Fishhawk Falls,2025-11-25 01:27:01,2025-12-21 03:38:10,Critical,YB/Lost,0.1387,2-High
2025,,false,"[Lenovo TB/Consumer][Wistron][PTL][BE213@2230/160Mhz][TB_1416_Gen9] H484 Stress WiFi MS_ SW drips  90%, HW drips 90%(Color orange, impact device:Intel Wi-Fi 7 BE213 160MHz)in sleep study report during WiFi MS auto stress test.(F/R:6/10units,6/700times)",WiFi,Panther Lake,,Panther Lake,2025-11-25 03:27:34,2025-12-16 02:48:05,High,Power Consumption,0.2045,2-High
2025,,false,[Lenovo-ThinkPad][Wistron][LB4LC6-3][PTL][IntelBE211] WIFI 6E country list,WiFi,Panther Lake,,Panther Lake,2025-11-25 08:21:33,2025-12-22 02:58:24,Low,Connectivity,0.1187,4-Low
2025,,false,"[Lenovo][Compal]PTL][BE211@2230/320Mhz][ideapad S5P]Unit cannot change volume by pressing F2/F3 after resume from S4/WB/CB with BT device connected(F/R:1/2units,4/8cycles)",BT,Panther Lake,,Panther Lake,2025-11-26 11:04:54,2025-12-09 03:21:18,High,Connectivity,0.1813,2-High
2025,,false,[lenovo_ptl_peach]No sound after disconnect then connect BT earbuds,BT,Panther Lake,,Panther Lake,2025-11-27 09:07:01,2025-12-22 06:31:57,Medium,Connectivity,0.2609,3-Medium
2025,,false,KunLNL[E14GEN7]_Add_BE200_bios_disableOFFLOAD_and than discover bluetooth headse,BT,Lunar Lake,,Lunar Lake,2025-11-27 02:41:31,2025-12-03 08:12:19,Critical,Connectivity,0.1902,1-Critical
2025,,false,[lenovo_arlh_daisy]BE201 50xx events showing in system event log,WiFi,Arrow Lake,,Arrow Lake-H,2025-11-27 01:49:03,2025-12-22 06:19:58,Medium,YB/Lost,0.1347,3-Medium
2025,,false,"[AVC][Lenovo][Yogamini][PTL][BE211@2230/320Mhz/B213@2230/160Mhz] Play music with BT Headset/Speaker no sound, and device show yellow bang.",BT,Panther Lake,,Panther Lake,2025-11-27 05:42:21,2025-12-10 10:00:04,High,Connectivity,0.2236,2-High
2025,BT-413766,false,[Lenovo][Kailash][PTL/BE211@1216/320Mhz][25H2]Bluetooth showed bsod 0xfc,BT,Panther Lake,Panther Lake,Panther Lake,2025-11-27 08:38:06,2025-12-12 01:39:13,Medium,Connectivity,0.195,2-High
2025,,false,"[Lenovo][Poseidon][FVT][PTL/BE211][25H2]The sound will delay about 10s switch from the first TWS headset to the second after connect the second other brand headset (Samsung/Sony).(F/R:2/2units,4/4cycles)",BT,Panther Lake,,Panther Lake,2025-11-28 14:50:16,2025-12-04 08:54:20,Medium,Connectivity,0.2118,3-Medium
2025,,false,[lenovo_ptl_peach]HLK test fail: OnOffStateControllableViaSoftware2,BT,Panther Lake,,Panther Lake,2025-11-28 08:55:21,2026-01-22 03:28:53,Medium,HLK,0.7156,3-Medium
2025,,false,BE211 transmission speed low(2515~2873Mbps Expect:>2.88Gbps) with WIFI 7 after PM operations,WiFi,Panther Lake,,Panther Lake,2025-12-01 05:53:42,2025-12-11 07:12:18,High,Performance,0.243,2-High
2025,,false,[Lenovo_Thinkpad_China][Wistron][BlancCook3][Panther][BE211][Win11] Intel BE211 transmission speed low(2515~2873Mbps Expect:>2.88Gbps) with WIFI 7 after PM operations,WiFi,Panther Lake,,Panther Lake,2025-12-01 08:06:19,2025-12-16 04:22:55,High,Performance,0.1722,2-High
2025,,false,[Lenovo][Thinkpad-CN][LNL][BE200@2230/320Mhz]KunLNL[E14GEN7]_Add_BE200_test_PLDR_fail,BT,Lunar Lake,,Lunar Lake,2025-12-01 09:17:37,2025-12-16 03:04:03,Critical,Connectivity,0.1998,1-Critical
2025,WIFI-796164,true,[Lenovo][Kailash][PTL/BE211@1216/320Mhz][25H2]wifi easy to disconnect when doing MS test,WiFi,Panther Lake,Panther Lake,Panther Lake,2025-12-02 00:18:07,2025-12-12 01:28:47,High,P2P,0.1138,2-High
2025,WIFI-813463,false,"[Lenovo-DT][Wistron][ARL-S][BE200][M90t_PCB1] Connect the BE200 WIFI card to test the wireless mode. The test machine enters lecacy S3. On the server side, click WEB UI->remote control and the system will wake up automatically.",WiFi,Arrow Lake,Arrow Lake-S,Arrow Lake-S,2025-12-02 13:31:39,2026-01-07 11:05:23,Medium,P2P,0.1326,2-High
2025,,false,"[Lenovo ldeaPad/Consumer][LCFC][PTL/BE211@1216/320Mhz][HuaGuoShan]The audio file cannot be played with BT headset connected.FR: 1/2Units, 2/60Cycles",BT,Panther Lake,,Panther Lake,2025-12-02 06:10:28,2026-01-05 04:52:25,Medium,Connectivity,0.2782,3-Medium
2025,WIFI-795954,true,[Lenovo-Ideapad][YOGA9P 16][PTL/BE211@1216/320Mhz][25H2] WIFI 5002 with stress MS test,WiFi,Panther Lake,Panther Lake,Panther Lake,2025-12-02 00:41:40,2025-12-12 01:29:50,High,Connectivity,0.1067,1-Critical
2025,,false,[Lenovo ThinkPad/Commercial][LCFC][MTL][AX211][Thames/Mersey-1] Intermittent Disconnection on Wi-Fi during Remote Desktop Connection,WiFi,Meteor Lake,,Meteor Lake,2025-12-02 10:10:43,2026-02-04 08:34:38,High,Connectivity,0.1346,2-High
2025,WIFI-795918,true,[Lenovo][Kailash][PTL/BE211@1216/320Mhz][25H2]wifi showed 5002/500528afwhen doing MS test,WiFi,Panther Lake,Panther Lake,Panther Lake,2025-12-02 00:09:18,2025-12-12 01:27:36,High,Connectivity,0.1065,1-Critical
2025,,false,[Lenovo][Poseidon][SIT][PTL/BE211@1216/320Mhz][25H2] BT Lost during MS runin test after SIT build(1/690units),BT,Panther Lake,,Panther Lake,2025-12-03 14:38:06,2025-12-25 09:25:51,Medium,Connectivity,0.1624,3-Medium
2025,WOT-67921,false,[Lenovo][Nile][SIT1][PTL/BE211][25H2] Cannot connect to AP when using ANT tool,Other,Panther Lake,Panther Lake,Panther Lake,2025-12-03 11:05:23,2025-12-16 06:26:38,High,Connectivity,0.1229,2-High
2025,WIFI-797409,false,[Lenovo][Compal][Yoga AIO 27IPH11][PTL][BE213@2230/320Mhz]WiFi Linkspeed will fluctuate,WiFi,Panther Lake,Panther Lake,Panther Lake,2025-12-03 04:25:54,2025-12-25 01:24:21,High,Performance,0.133,4-Low
2025,WIFI-796742,false,[Lenovo-Ideapad][YOGA9P 16][PTL/BE211@1216/320Mhz][25H2] stress WB with security fail and reset soon,WiFi,Panther Lake,Panther Lake,Panther Lake,2025-12-03 06:09:39,2026-03-05 04:58:37,Medium,Connectivity,0.1236,2-High
2025,,false,"[Lenovo-DT][Huaqin][Yoga9][PTL/BE211@2230/320Mhz] After the OOBE process, play the video, connect the Bluetooth speaker, and output the audio through the Bluetooth speaker. The video will have lagging issues. RF: 50/100 uut",BT,Panther Lake,,Panther Lake,2025-12-04 14:54:50,2026-01-07 02:46:19,High,Connectivity,0.1939,2-High
2025,,false,[Lenovo ldeaPad/Consumer][LCFC][WCL][Hanyang II A2][BE213@2230/160Mhz]The system will automatically wake up after entering S4. FR:100%,BT,Wildcat Lake,,Wildcat Lake,2025-12-04 02:31:12,2025-12-23 06:26:42,Critical,Connectivity,0.1656,1-Critical
2025,,false,[NEC][LCFC][WCL][Yukimura][BE211/BE213]WLAN show YB with Error Code 10 after install WCL BKC driver_99.0.99.10 with ES2 Sample. FR: 100%,WiFi,Wildcat Lake,,Wildcat Lake,2025-12-04 05:42:57,2026-01-26 08:47:29,Critical,YB/Lost,0.1401,1-Critical
2025,,false,[Lenovo][Poseidon][SIT][PTL/BE211][25H2]BT headset mic not work(100%),BT,Panther Lake,,Panther Lake,2025-12-05 10:25:47,2025-12-11 16:25:31,High,Connectivity,0.2285,2-High
2025,,false,[Lenovo][Poseidon][SIT][PTL/BE211][25H2]BT headset speaker not work(100%),BT,Panther Lake,,Panther Lake,2025-12-08 11:16:42,2025-12-11 16:26:04,Medium,Connectivity,0.2228,3-Medium
2025,,false,TM2_ARL_BE201_can_not_install_wlan_inf,WiFi,Arrow Lake,,Arrow Lake,2025-12-08 05:55:57,2026-01-15 06:59:07,Low,P2P,0.1525,4-Low
2025,,false,Alloy_Test_PLDR_have_YB_,BT,Lunar Lake,,Lunar Lake,2025-12-08 14:01:10,2025-12-24 06:07:54,High,Connectivity,0.3285,2-High
2025,WIFI-800121,false,"[Lenovo][Kailash][PTL][BE211][25H2]The unit show BSOD(bugcheck 0x9f,stop code:DRIVER_POWER_STATE_FAILURE,w/ dump) when running Stress_WB.(F/R:1/60units,1/18000cycles)",WiFi,Panther Lake,Panther Lake,Panther Lake,2025-12-08 06:49:24,2026-01-04 14:11:23,Medium,BSOD,0.2511,1-Critical
2025,,false,"[Lenovo][Poseidon][SIT][PTL/BE211][25H2]Event log shows 5002/5005/5007/5010 error during MS stress test(Fail rate 9/40units, 125cycles each unit)",WiFi,Panther Lake,,Panther Lake,2025-12-08 10:55:27,2025-12-31 00:48:43,Medium,YB/Lost,0.159,3-Medium
2025,,false,[Lenovo][Kailash][PTL/BE211@1216/320Mhz][25H2]event showed 5002/0x20 errors,WiFi,Panther Lake,,Panther Lake,2025-12-09 00:08:16,2025-12-23 05:23:21,Medium,Connectivity,0.1242,3-Medium
2025,,false,[Lenovo][Alloy][MP][LNL/BE201][24H2] Bluetooth mouse has poor tracking perfo,BT,Lunar Lake,,Lunar Lake,2025-12-09 04:43:26,2026-01-28 02:14:49,Medium,Performance,0.1995,3-Medium
2025,,false,T14SGEN6_ALLOY_LNL_WLAN_YB,WiFi,Lunar Lake,,Lunar Lake,2025-12-09 07:12:03,2025-12-24 05:47:59,High,P2P,0.1525,2-High
2025,WIFI-801789,false,[AVC][Lenovo][Yogamini][PTL][BE211@2230/320Mhz] ESD Fail when connect wifi adapter.,WiFi,Panther Lake,Panther Lake,Panther Lake,2025-12-09 09:46:13,2025-12-23 01:21:09,High,Performance,0.1237,2-High
2025,,false,[Lenovo-Ideapad][Wistron][ThinkBook 1416 Gen9 IPL][IPL][BE213] BT control issue,BT,Panther Lake,,Panther Lake,2025-12-10 11:09:46,2025-12-18 09:10:08,High,Connectivity,0.1908,2-High
2025,,false,[Lenovo ldeaPad/Consumer][LCFC][PTL 4Xe][BE211][Teide]Stress_FB_System event log occur BthMini error(Event ID:17)(FR:21/30units),BT,Panther Lake,,Panther Lake,2025-12-10 07:45:05,2026-01-04 06:01:53,High,Connectivity,0.1566,2-High
2025,BT-418245,false,[Lenovo][Kailash][PTL/BE211@1216/320Mhz][25H2]Bluetooth no voice when resume from s4,BT,Panther Lake,Panther Lake,Panther Lake,2025-12-10 06:52:18,2025-12-16 03:08:11,Medium,Connectivity,0.208,2-High
2025,WIFI-801012,true,[Lenovo-Ideapad][YOGA9P 16][PTL/BE211@1216/320Mhz][25H2] 0x9f with stress CB,WiFi,Panther Lake,Panther Lake,Panther Lake,2025-12-10 02:13:07,2025-12-23 05:41:57,High,Connectivity,0.1207,1-Critical
2025,,false,[Lenovo][Compal][Yoga AIO 27IPH11][PTL][BE213@2230/320Mhz]WLAN get disconnected,WiFi,Panther Lake,,Panther Lake,2025-12-11 06:11:24,2026-01-07 03:04:29,High,Performance,0.1107,2-High
2025,WIFI-804612,true,[Lenovo][Kailash][PTL/BE211@1216/320Mhz][25H2]event showed 5002 errors when doing WB stress test,WiFi,Panther Lake,Panther Lake,Panther Lake,2025-12-11 02:06:28,2026-01-15 05:09:12,Medium,YB/Lost,0.1222,2-High
2025,BT-418278,true,[Lenovo][Kailash][PTL/BE211@1216/320Mhz][25H2]Bthmini showed error code 17 when doing S4 stress test,BT,Panther Lake,Panther Lake,Panther Lake,2025-12-11 00:12:46,2025-12-23 05:46:10,Medium,Connectivity,0.139,2-High
2025,,false,"[Oak Gen2 Intel][BIOS][SIT3.0][Win11 25H2]EUT occur BSOD (bugcheck code:0x9F) w/o dump file when the Find & Select operation is performed on SampleHugeExcelData.xlsx during CPU stress testing with the TAT tool. (F/R:2/2 units, 3/3 total trials)",BT,Meteor Lake,,Meteor Lake,2025-12-12 07:10:48,2025-12-15 08:33:33,High,BSOD,0.1949,2-High
2025,WIFI-802368,false,"[Lenovo Yoga][LCFC][PTL 4Xe][S711-15 Pro][25H2][Yoga Pro 7 15IPH11_FVT BF][Yoga Pro 7 15IPH11_FVT BF]Unit occurred a failed (WIFI) when run full (unattended) test in Lenovo Diagnostics tool.(F/R:1/4u,8/8cycles)",WiFi,Panther Lake,Panther Lake,Panther Lake,2025-12-12 08:59:13,2025-12-25 01:25:24,High,Connectivity,0.1016,2-High
2025,WIFI-805040,false,[Lenovo-Ideapad][YOGA9P 16][PTL/BE211@1216/320Mhz][25H2] WIFI 5002/5005/5010 with 0x85 0x503 0x13f1 assert,WiFi,Panther Lake,Panther Lake,Panther Lake,2025-12-12 00:48:27,2026-01-14 05:41:36,Medium,Connectivity,0.1187,1-Critical
2025,,false,"[Lenovo][Compal][PTL][BE211_1216][Yoga_Slim 7 14IPH11] Stress_Wifi_S4, System event log show red color with Event ID 17(The local Bluetooth adapter has failed in an undetermined manner and will not be used). (F/R:2/25u,2/2500c)",BT,Panther Lake,,Panther Lake,2025-12-12 02:16:46,2025-12-23 07:09:22,High,YB/Lost,0.1587,2-High
2025,,false,[Lenovo][Kailash][PTL/BE211@1216/320Mhz][25H2]Volume levels cant change when adjust volume via BT headset,BT,Panther Lake,,Panther Lake,2025-12-12 05:59:44,2025-12-17 07:56:03,Medium,Connectivity,0.2159,3-Medium
2025,,false,[lenovo_ptl_peach] WRT tool SOP for capturing BT/WLAN logs at the same time,WiFi,Panther Lake,,Panther Lake,2025-12-12 02:16:41,2025-12-22 06:33:16,High,OEM Tools,0.1208,2-High
2025,,false,[Lenovo][Huaqin][C711_1416][PTL][BE213 @2230/160Mh][Win11_25H2][SIT]Event log show ID:1820 with ibpci during S4 stress(F/R: 1/25 UUTs 1/75000 Cycles),BT,Panther Lake,,Panther Lake,2025-12-13 06:42:34,2026-01-04 06:06:49,Medium,YB/Lost,0.1624,3-Medium
2025,,false,[Lenovo][Compal][PTL][BE213][Yoga AIO 27IPH11] The audio and video in the media,BT,Panther Lake,,Panther Lake,2025-12-15 10:32:20,2025-12-24 02:12:22,High,Connectivity,0.2054,2-High
2025,BT-419745,false,[Lenovo][Kailash][PTL/BE211@1216/320Mhz][25H2]sometimes connect  BT headset failed,BT,Panther Lake,Panther Lake,Panther Lake,2025-12-15 08:22:07,2025-12-23 05:44:39,Medium,Connectivity,0.2543,2-High
2025,WIFI-817045,true,[Thinkpad][ARL][BE201][X13GEN6][24H2] Link_LOW_performance (frequently roaming to low RRSI AP),WiFi,Arrow Lake,Arrow Lake,Arrow Lake,2025-12-15 05:19:54,2026-03-24 03:12:55,High,Performance,0.118,1-Critical
2025,,false,[Lenovo][Poseidon][SIT][PTL/BE211@1216/320Mhz][25H2] The TWS Earbuds of BT page will show not connect after factory reset TWS Earbuds and reconnect to it.(FR:2/2units;4/4cycles),BT,Panther Lake,,Panther Lake,2025-12-16 08:32:10,2025-12-23 06:41:37,Medium,Connectivity,0.2009,3-Medium
2025,,false,[Lenovo-Ideapad][YOGA9P 16][PTL/BE211@1216/320Mhz][25H2] WIFI 5002 with PA daily test,WiFi,Panther Lake,,Panther Lake,2025-12-16 23:32:06,2025-12-18 05:37:38,High,Connectivity,0.1177,2-High
2025,,false,For BE200_Vpro_host PC is unable to access the AMT/ISM web UI interface of the target/client PC when connected via WLAN,WiFi,Lunar Lake,,Lunar Lake,2025-12-16 09:14:31,2025-12-24 05:45:57,High,P2P,0.1462,2-High
2025,,false,"[Lenovo Thinkbook/Consumer][Wistron][PTL][BE213][TB_1416_Gen9]The video will lag when connect BT headphone and then play video -> turn off/on BT or power off/on headphone.(FR:1/2 units,2/4times)",BT,Panther Lake,,Panther Lake,2025-12-17 01:55:57,2026-01-05 01:31:53,High,Connectivity,0.194,2-High
2025,,false,[Lenovo-Ideapad][YOGA9P 16][PTL/BE211][25H2] BT YB with ac enter S4  and dc resume,BT,Panther Lake,,Panther Lake,2025-12-17 06:22:36,2025-12-18 09:23:59,High,Connectivity,0.171,2-High
2025,,false,[Lenovo][Compal]PTL][BE211_2230][ideapad S5P]Event log show 5002 error when running Stress CB.(F/R:1/10units),WiFi,Panther Lake,,Panther Lake,2025-12-17 01:36:11,2025-12-23 01:22:06,High,YB/Lost,0.143,2-High
2025,,false,[Lenovo][Kailash][PTL/BE211@1216/320Mhz][25H2][Lenovo][Kailash][PTL/BE211@1216/320Mhz][25H2]bluetooth mouse lag when cpu high loading,BT,Panther Lake,,Panther Lake,2025-12-17 05:53:27,2025-12-23 05:43:03,Medium,Connectivity,0.1811,3-Medium
2025,,false,"[Lenovo][Poseidon][SIT][PTL/BE211@1216/320Mhz][25H2] Failed to connect BT mouse (Thinkpad fuji2.0).(F/R:2/2units,4/20cycles)",BT,Panther Lake,,Panther Lake,2025-12-18 13:57:04,2025-12-30 08:58:04,Medium,Connectivity,0.2232,3-Medium
2025,,false,"[Lenovo Thinkbook/Consumer][Wistron][PTL][BE213][TB_1416_Gen9]The headphone volume button cannot adjust the computer volume via the Lenovo Wireless Stereo Headset.(FR:2/2 units,4/4times)",BT,Panther Lake,,Panther Lake,2025-12-18 01:14:57,2026-01-08 08:59:35,High,Connectivity,0.2411,2-High
2025,,false,[Lenovo][Kailash][PTL/BE211][25H2]wifi disconnect when plugging ROG keyboard,WiFi,Panther Lake,,Panther Lake,2025-12-18 00:06:02,2025-12-25 05:19:12,High,Connectivity,0.131,2-High
2025,,false,[Lenovo][Kailash][PTL/BE211@1216/320Mhz][25H2]Bluetooth showed YB when stress FB,BT,Panther Lake,,Panther Lake,2025-12-18 02:58:37,2025-12-23 05:43:52,High,Connectivity,0.1927,2-High
2025,BT-420913,false,[Lenovo-Ideapad][YOGA9P 16][PTL/BE211][25H2] BT 0XE6 BSOD with S4  test,BT,Panther Lake,Panther Lake,Panther Lake,2025-12-19 06:57:49,2025-12-25 09:22:34,High,Connectivity,0.1724,2-High
2025,WIFI-807032,false,"[Lenovo-Ideapad][YOGA9P 16][PTL/BE211@1216/320Mhz][25H2] WIFI Tput drop when open ""Prime95"" tool",WiFi,Panther Lake,Panther Lake,Panther Lake,2025-12-21 03:02:34,2025-12-22 13:32:15,High,Connectivity,0.1149,1-Critical
2025,,false,[Lenovo][Thinkpad-JP][LNL][BE201][X1 Gen13][lenovo_lnl_thames2] The wifi device show yellow bang,WiFi,Lunar Lake,,Lunar Lake,2025-12-22 09:04:09,2026-02-06 06:10:15,High,YB/Lost,0.148,2-High
2025,,false,[Lenovo][Poseidon][SIT][PTL/BE211][25H2] The result show fail when running Stress-WiFi Ping (MS/Reboot/S4) test.,WiFi,Panther Lake,,Panther Lake,2025-12-22 06:07:33,2026-03-04 04:08:42,Medium,Connectivity,0.108,3-Medium
2025,WIFI-807667,true,"[Lenovo][Kailash][PTL/BE211][25H2][Yoga Slim 7 Ultra_SIT]Unit network band show one group after enable WIFI7 MLO then change wireless encryption mode(F/R:1/2units,1/10cycles)",WiFi,Panther Lake,Panther Lake,Panther Lake,2025-12-22 01:42:59,2026-01-15 05:08:32,Medium,Connectivity,0.151,1-Critical
2025,BT-423008,false,"[Lenovo ThinkPad China/Commercial][LCFC][PTL 4Xe][BE213][X14]The EUT show connection interruption when transferring files by nearby sharing.(FR: 2/2units, 2/10trials)",BT,Panther Lake,Panther Lake,Panther Lake,2025-12-23 11:44:59,2026-01-06 15:22:56,High,Connectivity,0.2291,2-High
2025,,false,[Lenovo][Kailash][PTL/BE211@1216/320Mhz][25H2]bluetooth headset no sound after resume from S4,BT,Panther Lake,,Panther Lake,2025-12-23 07:36:37,2026-01-05 09:39:19,Medium,Connectivity,0.2639,3-Medium
2025,,false,[Lenovo 8.2L ARL-S][25H2_10.0.26200.7171][M5WKT1AA][N50S]There is a 15-20 secon,BT,Arrow Lake,,Arrow Lake-S,2025-12-23 05:46:51,2026-01-21 02:21:08,High,Connectivity,0.1786,2-High
2025,,false,"[Lenovo ldeaPad/Consumer][LCFC][PTL 12XE/4XE][BE213][Thinkbook Plus G7_Eve]WLAN always auto reset after connect monitor with HDMI cable, FR: 2/2Units, 5/5Cycles",WiFi,Panther Lake,,Panther Lake,2025-12-24 09:43:03,2026-01-05 05:28:48,High,Connectivity,0.1307,2-High
2025,WIFI-816858,false,[Lenovo_LNL_Abby2] BE201 WLAN/BT disappear and reappear during S0 idle screen on,WiFi,Lunar Lake,Lunar Lake,Lunar Lake,2025-12-24 08:14:44,2026-02-06 06:12:36,High,YB/Lost,0.1285,1-Critical
2025,BT-431459,false,Eiger2 BE201-LNL have YB because can not get OTP of Bluetooth,BT,Lunar Lake,Lunar Lake,Lunar Lake,2025-12-25 02:49:53,2026-01-28 02:09:47,Low,Connectivity,0.1967,4-Low
2025,BT-425818,false,[Lenovo][Poseidon][SIT][PTL/BE211@1216/320Mhz][25H2]  BT headset can not auto connect after S4 resume (3/32),BT,Panther Lake,Panther Lake,Panther Lake,2025-12-29 03:16:33,2026-01-16 03:27:57,Medium,Connectivity,0.2578,2-High
2025,,false,"[Lenovo ThinkPad China/Commercial][LCFC][PTL 4Xe][BE213][X14] There is a lag(about 20s) in the sound switching when connecting the one BT headset and then connecting other one,(FR: 2/2 units,6/6 trials)",BT,Panther Lake,,Panther Lake,2025-12-30 11:14:32,2026-01-15 05:23:10,High,Connectivity,0.1981,2-High
2025,,false,"[Lenovo][Compal][PTL][BE211_1216][Yoga_Slim 7 14IPH11] System show error and cannot recover PC after download OS/driver finished from Cloud. (F/R:2/2u,4/4c)",WiFi,Panther Lake,,Panther Lake,2025-12-30 06:48:58,2026-01-06 01:09:28,High,P2P,0.1061,2-High
2025,,false,"[Lenovo][Poseidon][SIT][PTL/BE211][25H2] The SW Drips is 0 and HW drips no value(Intel(R) Dual Bluetooth(R) PCI Enumerator(\_SB.PC00.BTPC)) after entering MS more than 10mins.(FR:1/2units,2/10cycles)",BT,Panther Lake,,Panther Lake,2025-12-30 10:28:05,2026-01-06 06:39:00,Medium,Power Consumption,0.1934,3-Medium
2025,WIFI-816135,false,"[Lenovo][Compal][PTL][BE211_1216][Yoga_Slim 7 14IPH11] Stress_Wifi_WB, Event log show 5002 error. (F/R:1/25u,100/2500c)",WiFi,Panther Lake,Panther Lake,Panther Lake,2025-12-31 10:02:05,2026-01-08 02:40:04,High,YB/Lost,0.1494,1-Critical
