Issue key,project,year,category,Custom field (Root Cause)
WIFI-891080,WIFI,2026,Connectivity,"There was a function called tryWaitForSingleWlanext which waited for a single instance of wlanext.exe, and it just froze RouterDLL initialization until there is a single instance which eventually crashed wlanext.exe."
WIFI-887252,WIFI,2026,Connectivity,"Suspect that in some cases we can do speculating pre-fetch of instruction from an invalid address as this instruction will not execute, from CPU perspective no harm was done but from MBUS protection this address
is not allowed so it will do an NMI.
To overcome this issue we're allow access to the whole smem space.
Please note the bug item (WIFI-875663) and security evaluation (WIFI-880440)"
WIFI-885536,WIFI,2026,Connectivity,"after connecting to a stealth MLD AP and disconnecting
the stale MLD entry retained the old SSID"
WIFI-877482,WIFI,2026,Connectivity,detainer was not closed when disaremd from SX wasn't called from OS
WIFI-870206,WIFI,2026,Connectivity,"ROM asserts are not recoverable and should be treated as fatal.
Product reset will be triggered immediately
"
WIFI-863547,WIFI,2026,Connectivity,"[BUGFIX] Fix surface sar table size and bound flat array copy

Description: Update surface sar initialization and table conversion paths in
platform sar modules and add a sar bios test for radio off boot
per antenna config set flow on uhb platforms

These changes set table size from bios metadata and bound flat
array writes to prevent stack buffer overwrite when fw is not
operational and per antenna config set runs after radio off boot

The issue: Surface sar per antenna config set on uhb could
write beyond destination buffer and corrupt stack state when
source table size remained zero after radio off boot

The buggy flow: During radio off initialization fw command
failure left source table size unset then per antenna config set
converted data with four chain writes into a two chain surface
buffer

The fix: Persist surface table size from bios during init and
pass dest array size to bounded conversion so cdb chain writes
run only when buffer capacity allows

This commit message was generated using AI.

DeliveryType: BugFix - JIRA bug fix

BugOrigin: Code Change – Req Imp (SAS or FCM)

BugFoundBy: Microsoft

FcmPrevented: No

Issues: WIFI-863547

ExCr: Full PerCI

UnitTest: Added

CommitFormatterSha: 805340ecc792f0fc7f1622ac32e8ba5c

Change-Id: Ibc06731916244f955761af5ba804211aba2900c8
"
WIFI-863457,WIFI,2026,BSOD,"Missing states FW_INIT_FW_CONFIG_STATE and FW_INIT_WAIT_SETUP_COMPLETE_STATE
for FW_INIT_FW_ERROR_DURING_INIT event.

Without these states FW INIT SM gets stuck we saw that the prvFwInitCompleteFlowTimerWd didn't execute for an unknown reason.
In such case OS would trigger a 0x9F BSOD because driver init flow didn't
complete in time."
WIFI-860241,WIFI,2026,BSOD,"Missing states FW_INIT_FW_CONFIG_STATE and FW_INIT_WAIT_SETUP_COMPLETE_STATE
for FW_INIT_FW_ERROR_DURING_INIT event.

Without these states FW INIT SM gets stuck we saw that the prvFwInitCompleteFlowTimerWd didn't execute for an unknown reason.
In such case OS would trigger a 0x9F BSOD because driver init flow didn't
complete in time."
WIFI-856261,WIFI,2026,BSOD,"1 driver issue fixed and 1 BIOS TCP level configuration change:

1. driver fix:
IWL_TX_DMA_MASK was set to 0xFFFFFFFFF (36-bit), a leftover from gen1
code. GEN2 and future devices support full 64-bit DMA addressing and
TFD addresses.

The PciIo->Map() function can legitimately return addresses above
36-bit, but TransTxqBuildTfd() rejected these valid addresses,
silently dropping TFD entries while advancing the TXQ write pointer.
This leads to firmware assertions and TXQ watchdog timeouts.
The fix removes the obsolete 36‑bit DMA mask and the associated validation check, allowing proper handling of 64‑bit DMA addresses.

2. See WIFI-645065 regarding HTTP buffer size
"
WIFI-851835,WIFI,2026,BSOD,"Missing states FW_INIT_FW_CONFIG_STATE and FW_INIT_WAIT_SETUP_COMPLETE_STATE
for FW_INIT_FW_ERROR_DURING_INIT event.

Without these states FW INIT SM gets stuck we saw that the prvFwInitCompleteFlowTimerWd didn't execute for an unknown reason.
In such case OS would trigger a 0x9F BSOD because driver init flow didn't
complete in time.
"
WIFI-849226,WIFI,2026,Connectivity,"AP behavior:
After STA G3, the AP retains the old session state and has an SA Query in progress. As a result, it correctly rejects the STA Association Request with status 30 (comeback). The STA waits for the comeback interval and then retries the association. At this point, since the interval has elapsed, the AP should accept the request. Instead, the AP sends a Deauthentication frame with reason code 6 (CLASS2_FRAME_FROM_NONAUTH_STA), which is non-compliant behavior.

Why the reconnect fails:
The driver correctly treats reason code 6 as recoverable and initiates a fresh connection attempt. However, a race condition in the driver can cause this retry to fail, leading to “No suitable network found” / “No enabled networks,” and don't try to do actual connection.
In addition, when we retrigger a connection, we are not preserving the connect token, so even if we'll be able to connect the driver will eventually fail. Fix both issues."
WIFI-846914,WIFI,2026,Connectivity,dup rc
WIFI-845280,WIFI,2026,Connectivity,not properly configure smPowerSave field in HE Extended Capabilities IE
WIFI-843819,WIFI,2026,Connectivity,missing nullity check to the content of the pointer
WIFI-837812,WIFI,2026,Connectivity,"It is possible that between the time a channel was verified to
be valid for scanning and between the time the channel is
actually scanned, an MCC change has occurred and the channel
is no longer valid for scanning.

To handle such a race, check the regulatory DB before actually
starting to scan the channel and if the channel is no longer
valid do not scan it."
WIFI-829330,WIFI,2026,BSOD,"When encountering 0xa5a5a5af we were unable to read or write from CSR.
Before the change we would trigger PRODUCT reset only if encountered 0xFFFFFFFF.
The updated handling would trigger PRODUCT reset on inability to write to CSRs, which in also the case for 0xa5a5a5af.
This would allow us to recover the 0xa5a5a5af (unlike CORE reset) and on next enable we'd be able to operate, where as with CORE the issue didn't resolve and we would fail init being unable to detect HW properly."
WIFI-828131,WIFI,2026,Connectivity,"In the scenario where SAR is changing, GMPD will request paging. But when TAS is enabled, GMPD doesn't care about SAR limit since TAS can decide to ignore SAR limit, so GMPD must calibrate without SAR consideration. So when SAR has changed, GMPD requested paging. But if TAS is enabled, GMPD won't build a new plan. The bug is that if a plan is not built, GMPD won't relinquish the paging request - creating a never ending paging request (low LTR). To fix it, we won't request paging if TAS is enabled. Just save the SAR limit in GMPD manager for when TAS will be disabled."
WIFI-824640,WIFI,2026,Connectivity,"not an actual driver bug, but a bypass given by us.
Due to SMPS we sometimes don't have any energy on ANT B.
This feature causes some tests in GNNR to fail, so an OID can be used to turn SMPS mode."
WIFI-822445,WIFI,2026,BSOD,"During halt, when we call DPTF unregistration CB it took DPTF almost 10 sec to complete.
But since the timeout was short, we stopped waiting, released the memory
and when they did complete, then the WI resource release operation
operated on already freed memory and caused a BSOD"
WIFI-821675,WIFI,2026,Connectivity,"due to a workaround for MSFT bug we rejected any p2p client task connect with bRoamRequest

As MSFT should be ok now, we shall allow it again"
WIFI-817117,WIFI,2026,Connectivity,"TOP-18062 
In the move to disable flow for both CNVI and CNVR (for all directions I2I, I2R, R2R, R2I) after these instructions:           
1. INPUTS_OVRD<r2d2_step_tx_allow_dis[1:0]> 
2. INPUTS_OVRD<r2d2_step_tx_clk_req[1:0]>
3. Wait 1us
add a loop for 5 iterations to check the TX PMU state and break as soon it is found == 0x1(DISABLE) and then continue the rest of the flow. If after 5 iterations the loop doesn't break then let the assert happen.
"
WIFI-817045,WIFI,2026,Connectivity,too much weight for channel load and too big penalty for 11v request by AP
WIFI-817026,WIFI,2026,Connectivity,"'
When in native UI we turn off WAL option it can happen during we are
in spd / algo 1 and we are in proxmity, this will make us stuck in
proxmity and we will not report the status to ISH correctly, causing
the screen not to turn on.
"
WIFI-814700,WIFI,2026,Connectivity,
WIFI-812019,WIFI,2025,Connectivity,"In case we are aborting PAPD from PHY remove command,
we must restore the calibration enablement status since it won't be restored otherwise."
WIFI-811762,WIFI,2025,Connectivity,"https://gerritwcs.ir.intel.com/c/wcd_fw-dev/+/252821
It is a WA for the case that before association is completed, the FW stays in mimo mode and does not go to DSMPS. So, the 2 ants are active. It solves the problem of authentication rx frame receive error."
WIFI-810631,WIFI,2025,BSOD,"wdfSetDeviceFailed (trigger PLDR) was called during resume while driver still hold kmdf power thread, this led to OS bug which they didn't send surprise remove to us, which leads to a 9f BSOD"
WIFI-810250,WIFI,2025,Connectivity,"Change in requirement to increase the length of the P2P TBTT event in case of 3207.
"
WIFI-807667,WIFI,2025,Connectivity,"MLD requires WPA3 security.
MLD links with WPA2 are misbehaving, thus they are marked as such and they are no longer associated with each other in under the MLD AP.
Toggling between WPA2/3 caused the database which holds this information to go out of sync, so when the links became WPA3 we connected as MLD but without being aware of the other links in the same MLD."
WIFI-807648,WIFI,2025,Connectivity,using ref bssid before it was assigned
WIFI-805746,WIFI,2025,Connectivity,"couldn't hear the beacon - requirement changed

NDP after 4
driver disconnect after 6"
WIFI-804612,WIFI,2025,Connectivity,"We had bug in c101 (already fixed in c102)

That NOA that come from scan can be parsed when we handle our beacon

This use case we didn't see before

Seems one of the AP there, turn on oppPS

When we handle our beacon after got this beacon with oppPS=1 it will cause queues suspend

and we will not resume the queues as the oppPS enabled will clear right in next beacon 

++++++++++++++++++++++++++++++++++++++++==
This bug is a DUP of WIFI-754031"
WIFI-801012,WIFI,2025,BSOD,"wdfSetDeviceFailed (trigger PLDR) was called during resume while driver still hold kmdf power thread, this led to OS bug which they didn't send surprise remove to us, which leads to a 9f BSOD"
WIFI-800210,WIFI,2025,Connectivity,PHY remove's PAPD abort flow complete didn't restore PAPD calibration event trigger
WIFI-800123,WIFI,2025,Connectivity,"Description: The race is as follows
Start conditions: tid T for peer P has a valid back aggrement with drv baid DB and fw baid FB
Delba is received for T over P.
delba sync cmd is sent to FW
FW removed FB
core X and core Y handle the delba sync notification at the same time
both getting to rxAggMgrInvalidateStateForBaidApi at the same time.
each stores pAggMgrContext->rxAggMgrBaidIndexTable[baidIndex].delbaStatePerQueueBitmap in a local memory region before the second core reset the bit.
(so in this scenario, both holding the value 3)
each of them is seeing the he is not the last queue, and assumes that the another sync notif will arrive soon and will invalidate the baid entry.
leading to a scenario where the ent"
WIFI-796164,WIFI,2025,Connectivity,"We disconnect from APs that don't send beacons unless we still have
traffic. In case there is no traffic, we'll disconnect after 4 missed
beacons, In order to create traffic, send an NDP (using the keep alive infra) to
clear the consecMissedBconsSinceLastRxFromAP counter in case the NDP is
ACK'ed."
WIFI-795954,WIFI,2025,Connectivity,retry of PLL lock
WIFI-795918,WIFI,2025,Connectivity,retry of pll lock
WIFI-794048,WIFI,2025,Connectivity,
WIFI-794045,WIFI,2025,BSOD,"During halt, when we call DPTF unregistration CB it took DPTF almost 10 sec to complete.
But since the timeout was short, we stopped waiting, released the memory
and when they did complete, then the WI resource release operation
operated on already freed memory and caused a BSOD"
WIFI-793434,WIFI,2025,BSOD,"Removed 0x20101920 Debug assert from Core 97,"
WIFI-792801,WIFI,2025,Connectivity,"when sleep button is hit, OS takes a few second to trigger D3 and it is triggered during SPD.
When we abort spd we abort the last sample due to a historic bug.
during the spd sample abort we did not free SDFX buffer, causing SDFX not to accept any new adc SDFX buffer requesrts, causing sensing dead scenario."
WIFI-790843,WIFI,2025,Connectivity,"In this scenario we went to suspend when user hits the button.
it can happen during Sensing 1, Sensing 1--> SPD and middle of spd, or end of SPD.
in all those scenarios we would go to suspend with proximity 1, opposed to normal flow when during walk away we will always turn proximity to 0.
Additionally we did not update ISH correctly when this happens.
in this fix we have a 20 sec timer from the moment of suspend, after which we will evaluate sensing metric and will force no_proximity if smoothout< th_low and report ish that proximity is 0.
"
WIFI-790172,WIFI,2025,Connectivity,"no mcc update when getting back from hibernate.
introduced new flow in driver and fw to intimate scan upon this conidtion."
WIFI-789469,WIFI,2025,Connectivity,"Relevant INF changes weren't implemented for State Of Separation supporting drivers.
Also, WEV .rc file compilation wasn't enabled for NetAdapter based Drivers (e.g. Netwaw18.sys)"
WIFI-788884,WIFI,2025,Connectivity,changed bad sample logic upon 1 spd window 
WIFI-785633,WIFI,2025,BSOD,"wdfSetDeviceFailed (trigger PLDR) was called during resume while driver still hold kmdf power thread, this led to OS bug which they didn't send surprise remove to us, which leads to a 9f BSOD"
WIFI-781567,WIFI,2025,Connectivity,couldn't hear the beacon - requirement changed
WIFI-781521,WIFI,2025,Connectivity,UNII6 PP1 Regulatory tables in PNVM changed from LPI to AFC
WIFI-781121,WIFI,2025,Connectivity,Regulatory limit in PNVM changed from LPI to AFC.
WIFI-780520,WIFI,2025,Connectivity,"Product reset when WIMA isn't available on vPro platforms was ignored.
but if nic isn't vPro, we can do PLDR without waiting for WIMA.
so we are taking DcR-2960 which was introduced on master, to solve the issue by checking vPro nic before checking if need WIMA approval"
WIFI-779727,WIFI,2025,Connectivity,thresholds change - explained in bug
WIFI-779419,WIFI,2025,Connectivity,"Add missing Firmware Version field on device capabilities (WinA).
We reported for WinT but not for WinA/U"
WIFI-778106,WIFI,2025,Connectivity,"The logic controlling the fatal/non-fatal behavior is governed by the register CNVR_IRI_STEP_PRIM_CSR_PHY_INT_MASK.
When this register is set to its default value of 0x0, all interrupt sources are treated as fatal.
As a result, Assert 508 is observed in Data 1: cnvr_step_csr_phy_interrupt_status."
WIFI-777206,WIFI,2025,Connectivity,thresholds chage
WIFI-776970,WIFI,2025,Connectivity,Race between counter update and algo completion
WIFI-776963,WIFI,2025,Connectivity,DPLL lock problem
WIFI-776762,WIFI,2025,Connectivity,"Removed debug assert since more than 3 LE ADV connections is a valid case.
Fix was merged on https://gerritwcs.ir.intel.com/c/wcd_fw-dev/+/234423."
WIFI-774807,WIFI,2025,Connectivity,"during back from hibernate in case we have an mcc update and adc sample was sent before the update, we abort adc sample and need to resend after new mcc set.
during abort we did not release SDFX buffer, causing SDFX not to respect out next requests for buffer - causing sensing dead issue."
WIFI-772660,WIFI,2025,Connectivity,"with LPI enabled , if mcc change happens from vlp enabled country to disabled , FW as not able to turn off vlp"
WIFI-769938,WIFI,2025,Connectivity,DRTU continuous tx mode should not work together with sensing.
WIFI-769102,WIFI,2025,Connectivity,FW assertion triggered due to sending a command which is unsupported by the HW.
WIFI-768995,WIFI,2025,Connectivity,"MLD IE should not be inherited...

As we search for IEs to inherit from MBSS IEs, we keep the offset to the relevant IE.

So we go through the first MBSS IE, to the relevant profile, and saved the offset to MLD IE.

But we then proceed to the second MBSS IE,  wrongly zero the previous offset (as MLD is ""non inherited""), don't find the MLD IE in the MBSS IE and thus we don't copy it at all."
WIFI-768436,WIFI,2025,Connectivity,Need to adjust the calibration point parameters to avoid signal compression in case of high VSWR in low band
WIFI-762233,WIFI,2025,Connectivity,"Channel load impact is too high, causing too many roamings in customer's environment.
"
WIFI-760886,WIFI,2025,Connectivity,SW will set by default CNViO3 frequency to 9.6 GHz
WIFI-759476,WIFI,2025,Connectivity,"Root Cause:  TOP-15910
The logic controlling the fatal/non-fatal behavior is governed by the register CNVR_IRI_STEP_PRIM_CSR_PHY_INT_MASK.
When this register is set to its default value of 0x0, all interrupt sources are treated as fatal.
As a result, Assert 508 is observed in Data 1: cnvr_step_csr_phy_interrupt_status."
WIFI-758619,WIFI,2025,Connectivity,"we open DSMPS by default in assoc request on 6G (unlike 5G), 
so we got into situation where FW which is resposible to open and close DSMPS (since the RLC offload) wasn't sync that we are in DSMPS Mode.
"
WIFI-755355,WIFI,2025,BSOD,"WiAMT loads its WiFi FW very early (before BIOS runs),
WiFi FW runs FSEQ. As part of FSEQ it sets FINE locks (in particular AUX_HW_LOCK_2)
There is a logic in the top that prevent HW to write to registers when AUX_HW_LOCK_2 is set and relevant func_state is LOW
Relevant logic preventing BT OTP Reader (usee BT UMAC master) writing to Aux while BT func_state is LOW:
bt_umac_aux_connect_we_func_lock    = (~scu_aux_hw_lock_2 || bt_scu_func_state) && bt_umac_aux_connect_we;
When BIOS switches BT I/F to IOSF, BT HW kicks BT OTP Reader
OTP Reader tries writing to Aux register to enable OTP, but fails due to the early lock (BT func_state is LOW on this HW stage)
All next reads from OTP are failed since OTP is not enabled
BT config space remains with default values. In specific Sub_System_ID = 0x0000
OS doesn't load BT driver due to Sub_System_ID missmatch

solution: TOP-14807: Don't set AUX_HW_LOCK_2."
WIFI-755323,WIFI,2025,Connectivity,Need to adjust the calibration point parameters to avoid signal compression in case of high VSWR in low band
WIFI-753874,WIFI,2025,Connectivity,PHY: Attempt to calibrate LB channels using directional loopback in case of multiple failures
WIFI-750602,WIFI,2025,Connectivity,same as WIFI-751329
WIFI-750032,WIFI,2025,Connectivity,typo in formula
WIFI-746160,WIFI,2025,Connectivity,"Due to AP misbehavior of reporting Wifi7 IEs while being set as Wifi6 mode, we marked it as misbehaving and connected in HE mode.
"
WIFI-742498,WIFI,2025,Connectivity,"One of the CNVI HSIF timeout timers was not configured correctly to support worst case Channel/Package propagation time.
"
WIFI-741414,WIFI,2025,Connectivity,"not an actual driver bug, but a bypass given by us.
Due to SMPS we sometimes don't have any energy on ANT B.
This feature causes some tests in GNNR to fail, so an OID can be used to turn SMPS mode."
WIFI-740892,WIFI,2025,Connectivity,"DCR-3341
"
WIFI-739243,WIFI,2025,BSOD,"The CNVio3 interface transitions from full power to low power and back might cause PHY errors, mainly in low temp, triggering Assert 0x505
Fix:
Eliminate transitions of CNVio3 to low power during S0i3 (included in FSEQ 0.0.4.201)"
WIFI-739113,WIFI,2025,BSOD,"SW will set by default CNViO3 frequency to 9.6 GHz
Assert 0x505 is treated as non-fatal"
WIFI-736954,WIFI,2025,Connectivity,SW will set by default CNViO3 frequency to 9.6 GHz
WIFI-730512,WIFI,2025,Connectivity,"with LPI enabled , if mcc change happens from vlp enabled country to disabled , FW as not able to turn off vlp"
WIFI-724493,WIFI,2025,Connectivity,DCR-3341
WIFI-723912,WIFI,2025,Connectivity,Update of statistics datapoint ccaDefers
WIFI-719076,WIFI,2025,Connectivity,"One of the CNVI HSIF timeout timers was not configured correctly to support worst case Channel/Package propagation time.
"
WIFI-718655,WIFI,2025,Connectivity,Wrong PIE recommendation for 23.165.
WIFI-715726,WIFI,2025,Connectivity,DCR-3341
WIFI-714655,WIFI,2025,Connectivity,DCR-3341
WIFI-704190,WIFI,2025,Connectivity,DCR-3341
WIFI-697194,WIFI,2025,Connectivity,"same as WIFI-605715:
unicast action frame received on AUX PHY,
there was a bug on parsing the mac type of the RX packet.

When we receive packet on AUX Phy without specific address, we will FWD the packet to all the VIFs and the VIFs will parse the packet if needed.

due to the bug in RX parsing, the action frame was indicate twice to the OS."
WIFI-691994,WIFI,2025,Connectivity,"The hidden UHB AP discovery API with FW uses the short SSID index to find which
SSID to use.
As we only allow 1 short SSID per channel to be scanned, it has to be the hidden
one.
Otherwise FW won't know how to scan it (the short SSID won't be set in the short
SSID bitmap of the channel)

in this case, the single short SSID slot was taken by another AP, so we didn't set the hidden AP short SSID"
WIFI-691867,WIFI,2025,Connectivity,described in bug
WIFI-691354,WIFI,2025,Connectivity,"We didn't prioritize the PEER_PREFERRED_CHANNEL during the best channel selection.  Additionally, we haven't identified whether we are in INV/GON flows or in an AUTO GO scenario."
WIFI-687889,WIFI,2025,Connectivity,Race between rxTxFsm and the ImmBg task
WIFI-682006,WIFI,2025,BSOD,"Remove the sysassert 0x13d and exit the rcm agg loop in case of timeout.
The problem is many small RX frames in AGG and the decoder feedback in HrP/GfP makes big delays.
https://gerritwcs.ir.intel.com/c/wcd_fw-dev/+/202312"
WIFI-677488,WIFI,2025,Connectivity,drips issue was fixed with HW WA in last canary and 23.150.0 pc spin.
WIFI-676654,WIFI,2025,Connectivity,
WIFI-671650,WIFI,2025,BSOD,"memalloc failures cause our ieMap to return NULL when searching for an IE.
in this case, we just accessed the IE right after getting it, without a null check, thus a BSOD occurred."
WIFI-665615,WIFI,2025,BSOD,"In getting while losing flow, we first deschedule the timepoint
then call _mvmSchedTerminateLosingPrepareEvent() that should end the
event.
But because the timepoint already descheduled,
_mvmSchedTerminateLosingPrepareEvent() does nothing and
the event left in running state.

Later this cause persistentLosing as we see the prepare losing
still running.

If we are in link deactivate flow, driver removes the phy
context right after deactivate. If we don't run immediately
context switch, driver will remove the context while
context is active. This cause assert 0x970."
WIFI-663175,WIFI,2025,Connectivity,Stall upscale in case previous SR was above 95 and current is less than 70
WIFI-657509,WIFI,2025,Connectivity,"the power sensor is initialized only after FW init
if no FW init, than all SAR manager with the driver would fail because the power sensor is uninitialized"
WIFI-648590,WIFI,2025,Connectivity,"The issue root cause is “refactoring in MVM on link losing flow The problem was when driver deactivate link, MVM not deactivate the phy then when driver remove Phy it raise this assert”"
WIFI-645737,WIFI,2025,Connectivity,"2 Issues resolved:

1. Authentication Failure:
Handle scenarios where the SAE commit message is retransmitted (either STA→AP or AP→STA) in a more robust manner. The fix ensures that the second (duplicated) commit message from the AP is silently ignored, allowing the authentication process to continue.

2. Deauth frame is not sent to air when disconnecting:
Improve the deauth flow making sure the frame is transmitted to air."
WIFI-638770,WIFI,2025,Connectivity,Feature was disabled
WIFI-636094,WIFI,2025,Connectivity,DCR-2975 has caused SAR module to receive profileId > 31
WIFI-635251,WIFI,2025,Connectivity,"Bug root cause:
 - There are 2 active macs - BSS client and P2P client.
 - UMAC send 2 protection windows to LMAC - one for each mac.
 - LMAC start the first protection window.
 - Beacon is received, and LMAC remove the first protection window.
 - LMAC send NTF to UMAC that beacon is received.
 - LMAC allow PS.
 - PHY move to PS mode.
 - UMAC update 1 of the protection windows timing, and send it to LMAC.
   Since the current beacon event wasn't not removed yet, the UMAC send
   its window as well.
 - LMAC received hiscorical protection window, and set protection.
 - To configure the chain ant req, LMAC need to access the PHY.
   Since the PHY is in PS mode, we get assert when trying to access the PHY.

Fix:
If phy is not exist, coex status is off.
Check if coex status is not off before starting coex protection.

RC is the same as bug WIFI-527459. Fixed on: https://gerritwcs.ir.intel.com/c/wcd_fw-dev/+/177112"
WIFI-628009,WIFI,2025,Connectivity,Fix along with https://jira.idoc.intel.com/browse/DCR-3171
WIFI-626295,WIFI,2025,Connectivity,"2 sec delay in entering SX due to synchronization with CSME, which is unnecessary when its policy is not enabled.

"
WIFI-623947,WIFI,2025,Connectivity,"It is a dup of WIFI-410816
I could not reject it as dup."
WIFI-618492,WIFI,2025,Connectivity,
WIFI-616461,WIFI,2025,Connectivity,"When an older installer is already installed, the new installer looked for iProData.ini in the old installer original location instead of the currently running installer. If the old installer was removed, the new installer won't find iProData.ini and will fail."
WIFI-607289,WIFI,2025,Connectivity,wrong configuration sets 5 / 7
WIFI-594472,WIFI,2025,Connectivity,Fixing inconsistency of suspend command not being sent for certain tid's
WIFI-582252,WIFI,2025,Connectivity,"Disable DCDC modes for FmP / GaP. Which means we are not allowing transitions between PWM to PFM.
We suspect that those transition interfere the STEP."
WIFI-578697,WIFI,2025,Connectivity,UEFI fix cipher reset behavior after a failed SAE connection
WIFI-578536,WIFI,2025,Connectivity,"Changed the BA/CTS/ACK ant selection to be 1st based on RSSI and then on the preferred ant that is also controlled by the TLC.
Next fix was due to incorrect energy array index usage, so the energy compare was wrong."
WIFI-576597,WIFI,2025,Connectivity,"Assert was removed, found to be not properly set"
WIFI-576414,WIFI,2025,Connectivity,"LQ value should be updated upon receiving a beacon, it is
checked if the beacon is from our associated APs BSSID (which fails, as the
BSSID is different between VAP and actual beacon in air)"
WIFI-574875,WIFI,2025,Connectivity,"Fix Sar activation via addition of callback after tx end
"
WIFI-573979,WIFI,2025,Connectivity,fixed on core92
WIFI-564738,WIFI,2024,Connectivity,Improved platform stability by adding timeout for HW events which are not sent on time
WIFI-562968,WIFI,2024,Connectivity,explained by or
WIFI-560195,WIFI,2024,Connectivity,Addition of HW timeout during platform reset.
WIFI-558281,WIFI,2024,Connectivity,"LQ value should be updated upon receiving a beacon, it is
checked if the beacon is from our associated APs BSSID (which fails, as the
BSSID is different between VAP and actual beacon in air)"
WIFI-551095,WIFI,2024,Connectivity,"Improve behavior during multi-link probe response during rejection of a link.
"
WIFI-548045,WIFI,2024,Connectivity,Fix a race during back-to-back RFI commands that are being sent.
WIFI-546978,WIFI,2024,Connectivity,SAP fixes from Meir on WHQL WiMan version 2449.91.92
WIFI-546162,WIFI,2024,Connectivity,Miscalculation of pointers refcount when MLD AP changes from legacy to MLD mode
WIFI-544301,WIFI,2024,Performance,"DSP latency in 160MHz on HrP (long delay between rx_on_air drop to rx_frame drop) can cause false wpal error (move_to_tx) when responding with BA to Rx.
This NMI is now disabled in HrP when working on 160MHz"
WIFI-541811,WIFI,2024,Connectivity,"Fix STEP noise issues by removing DCDC modes.
"
WIFI-540995,WIFI,2024,Connectivity,Fixed Sensing installation issue due to invalid extension INF.
WIFI-538541,WIFI,2024,Connectivity,"In case the AP is sending in RRM request 2 different channels but on
different IEs, we will answer and scan only to the second.
the fix is to initiate the number of channel at before starting to parse the RRM
action frame so we will not override it"
WIFI-532614,WIFI,2024,Connectivity,"Addition of WPA3 Enterprise publication as part of supported OS security capabilities. 
"
WIFI-528912,WIFI,2024,Connectivity,Improvements of Scan efficiency during p2p scan discovery
WIFI-527235,WIFI,2024,Connectivity,Added optimizations to save time -  if we recently heard the ssid no need to trigger another scan.
WIFI-525518,WIFI,2024,Performance,Fixed initialization parameters of Windows performance counters
WIFI-524086,WIFI,2024,Connectivity,Improved error handling of WIFI-WIAMT communication in case WIFI driver is disabled and communication API is closed. 
WIFI-521571,WIFI,2024,Connectivity,Fix for MLD AP record keeping in the BSS table data base.
WIFI-520916,WIFI,2024,Connectivity,"Duplicate root cause as WIFI-503974, but can't set as duplicate as this is a different customer"
WIFI-520712,WIFI,2024,Connectivity,"In LSO flow, the TCP headers had to set the PSH flag only for the last fragment.
For that, driver reset this bit for all the fragments and tried to restore TCP headers back to original in the last fragment.
But the ""original"" was overwritten by the last used header, thus we never really set the PSH bit again."
WIFI-519220,WIFI,2024,Connectivity,Change in requirements
WIFI-517107,WIFI,2024,Connectivity,missing support HrP1 in HW list file
WIFI-515364,WIFI,2024,Connectivity,
WIFI-512869,WIFI,2024,Connectivity,rebuild with renewed certificate
WIFI-511534,WIFI,2024,Connectivity,the driver notified to the OS that it supported WPA3 ENT + TKIP (which is not a valid combination) 
WIFI-511524,WIFI,2024,Connectivity,issue was already implemented in newer build.
WIFI-509791,WIFI,2024,Connectivity,display error in netsh wlan show driver
WIFI-506182,WIFI,2024,Connectivity,"packets was not set to done if OS tried to send them and the queue was closed.
we are not 100% sure this is the root cause, but this should fix the issue anyway"
WIFI-504849,WIFI,2024,Connectivity,The requirement changed and the code was not updated accordingly.
WIFI-499116,WIFI,2024,Connectivity,instead of sizeof(SMBIOSHEADER) there is sizeof(PSMBIOSHEADER)
WIFI-496624,WIFI,2024,Connectivity,"FSEQ fix, FW: 2a9c8cc7c66f5f7441c8e1679214b76059a6aca1
STEP URM vs high speed changes."
WIFI-496617,WIFI,2024,Connectivity,"FSEQ fix, FW: 2a9c8cc7c66f5f7441c8e1679214b76059a6aca1
STEP URM vs high speed changes."
WIFI-495550,WIFI,2024,Connectivity,"Even though the original logs showed another issue, customer claims the fix for https://jira.idoc.intel.com/browse/WIFI-445053 resolved this issue.
Setting to implemented as requested.

If indeed it is the same issue, we can use the same root cause.
Otherwise, no real root cause can be filled :)"
WIFI-492962,WIFI,2024,Connectivity,
WIFI-490254,WIFI,2024,Connectivity,Got an Oid with discovery filter hint with channel 0
WIFI-479724,WIFI,2024,Connectivity,full URM solution implemented
WIFI-477517,WIFI,2024,Performance,Forcing STEP low latency from I -> R
WIFI-474818,WIFI,2024,Connectivity,"txScdSendFragReleaseCb is used from several locations(both tx complete and
from flush cmd cb)
when called from flush CB, it is called with status abort.
on this case, we released the SGL without locking the scheduler,
so tx complete flow might use released memory.
"
WIFI-474281,WIFI,2024,Connectivity,DCR-2966 was missing
WIFI-473507,WIFI,2024,BSOD,Seems that storm of 0x22ce caused the issue
WIFI-470924,WIFI,2024,Connectivity,"The FW DP marked log duration from > 18ms as error while this AP sends us frames of ~25ms.
Change the FW error limit to 32ms."
WIFI-470213,WIFI,2024,Connectivity,"RC for internal usage only:
PLL Power Up + Lock failure due to race between LMAC/WRCTRL Sequencer and the TCM."
WIFI-469496,WIFI,2024,Connectivity,"memAlloc failure, due to stressing with prime95"
WIFI-468811,WIFI,2024,Connectivity,implemented full URM solution
WIFI-468802,WIFI,2024,Connectivity,missing clear rxInProgress upon assert in rfdQueueProcessFragments
WIFI-468703,WIFI,2024,BSOD,"Description: The problem seems to be that we ran rfdQueueProcessFragments infinitely.

lets assume first packet was entered  rfdQueueProcessFragments and failed(as we saw assert).

when we exit rfdQueueProcessFragments in the middle we dont set pSingleQueueData[queueNum]->dispatchInProcess off.

this will cause the second packet to enter and do out immediately, without fetching any rb from the queue.

which eventually will cause as to run forever(or until bsod)"
WIFI-465691,WIFI,2024,Connectivity,"Fix STEP noise issues by removing DCDC modes.
"
WIFI-460321,WIFI,2024,Connectivity,Proper handling of memory allocation failure while parsing beacon.
WIFI-453973,WIFI,2024,Connectivity,"fseq change
"
WIFI-452771,WIFI,2024,Connectivity,"new lock register in the TOP that was part of the antenna toggle , created WA to use other PAD that control the antenna switch. 
Linked patch: wcd_fw-dev master Merged:15-Jul-2024
SHA1: 7c4607c5d7cac79c19700bd8f389aedea81dd69a
https://gerritwcs.ir.intel.com/c/wcd_fw-dev/+/113163 "
WIFI-446638,WIFI,2024,Connectivity,Modem drop update
WIFI-445283,WIFI,2024,Connectivity,"Usually the OS sets which AKM to use in TASK_CONNECT.
Driver kept the AKM set by OS from previous connection, and on the current one the OS did not set any AKM, so the OUI in WPA IE was incorrect"
WIFI-445053,WIFI,2024,Connectivity,"On busy UHB channels we opt to do a passive scan as it would be better.
But if there is a hidden SSID on that channel we would not find it as it requires an active scan."
WIFI-440285,WIFI,2024,Connectivity,bcast packet used on mgmt q which mapped to fifo 10 -> no cs calc on these packets
WIFI-433817,WIFI,2024,Connectivity,"Wrong handling of WI, caused us to indicate packet to OS after Halt flow started"
WIFI-431441,WIFI,2024,Connectivity,"when AUX peer exists on driver,
FW sends P2P_PUBLIC_ACTION_FRAME to driver on this peer.
driver dose it's peer agnostic logic of swapping the address 1 to
self address (which is 00:00:00:00:00:00 for AUX)
-> cause us  not to find proper VIF correlating to the address,
DBG assertion and dropping the packet."
WIFI-427687,WIFI,2024,Connectivity,Ch 132-144 160 Mhz bugfix for 3 PNVMs
WIFI-425707,WIFI,2024,Connectivity,"There is an interface between WiMan and the CSME WLAN driver via HECI.
HECI can build the interface with CSME FW only after the CSME completes the S0 (CM0) entry. The problem is that HECI cannot know when CSME is ready, and this depends on the platform and/or OS. So it tries and tries until he succeeds.

In this recovery mechanism, there was a bug that in one case, it was not triggered.

The fix was delivered in Core83, but BKC with the WiMan was published only in core88.

Duplicate root cause with WIFI-352620."
WIFI-425705,WIFI,2024,Connectivity,"LNA step above 10 doesn’t converge the RMS, 
Solution : in low Isolation we limited max LNA step to 10 and converge the rest  with TX power .
https://gerritwcs.ir.intel.com/c/wcd_fw-dev/+/123387
"
WIFI-425303,WIFI,2024,Connectivity,Ch 132-144 160 Mhz bugfix
WIFI-424127,WIFI,2024,Connectivity,
WIFI-422775,WIFI,2024,Connectivity,https://jira.idoc.intel.com/browse/WIFI-417459
WIFI-422495,WIFI,2024,Connectivity," The bug was caused by a new module (called internally 'DSM'), which is responsible for a system that organizes data efficiently. We noticed that when another part of our system, the scan module, asked the DSM for permission to use that data, the DSM attempted to complete the request but was interrupted by entering a low-power mode. This interruption prevented the process from finishing properly, lowering the LTR and allowing the machine to enter its own low-power state. We've updated the system so that the DSM can continue to manage these requests even if it goes into low-power mode, which should resolve the problem."
WIFI-420757,WIFI,2024,Connectivity,There was a racing condition between RPC client connection and adapter initialization that caused USC to get enum complete notification before adapter init notification.
WIFI-419324,WIFI,2024,Connectivity,Improved FW reset flow for not handling another SW error interrupt while FW already undergoes via reset.
WIFI-417722,WIFI,2024,Connectivity,There was a racing condition between RPC client connection and adapter initialization that caused USC to get duplicated adapter enable notifications.
WIFI-415685,WIFI,2024,Connectivity,"GRP_REGULATORY_SAR_OFFSET_MAPPING_CMD was not sent to FW, so even though OEM specified in SGOM that Korea (KR) is mapped to group 3, FW didn't know it. The reason is that starting from LNL it's possible to NOT have WGDS in ACPI (and this is our case here). So driver didn't read SGOM table from UEFI, and thus, didn't send the CMD to FW."
WIFI-415653,WIFI,2024,BSOD,"in case of un-initialized  pHwWritePtr,
rfdQueueProcessFragments returned status failure,
but this status was not checked in caller (prvIsrHandlerRoutineRx).
so when prvIsrHandlerRoutineRx called rfdqIsQueueEmptyApi
it de-referenced the NULL pointer and we got BSOD."
WIFI-413941,WIFI,2024,Connectivity,Fix FW assert in transition from RX to TX when underrun occurs in RX.
WIFI-413660,WIFI,2024,Connectivity,"STEP transition from LPH2 to active, involve change in circuit connection and checking differential connection P/N
Circuit sensitivity may lead to oscillations from time to time which lead to error 

To workaround that, LPH2 - low power mode is disabled.  which will avoid this scenario, but will result in increased power consumption
fixed in 23.60.5.11"
WIFI-413453,WIFI,2024,Connectivity,"UEFI wifi driver does not check the supported AKM _before_ initiating
the connection flow, so we end up with unexpected connection failure
in SMAC ARCH in the following scenario:
1. Selected AP supports mixed WPA2/WPA3
2. Connection Manager configures the connect request with both
   WPA2/WPA3 AKMs
3. Driver tries to connect with WPA3, which fails as it's unsupported
4. Driver does not try to connect with WPA2
Fix this by checking the supported AKM Suites by supplicant before initiating the connection and filter out unsupported suites."
WIFI-411918,WIFI,2024,Connectivity,wrong implementation of how we set the wifi PHY bits indicated to OS
WIFI-409998,WIFI,2024,Connectivity,"SW error and resume interrupt arrived at the same time
so 2 jobs were submitted where the first set to NULL the CB functions of resume. so the second job, when it ran, tried to call a NULL pointer"
WIFI-408529,WIFI,2024,Connectivity,"the root cause of the bug is a fix WIFI-357574.

in this bug' the values of the not activated antennas were not reset, so in case of MIMO and then SISO, we got values"
WIFI-404107,WIFI,2024,Connectivity,For master we follow and delivered DCR-2759 to core88
WIFI-401758,WIFI,2024,Connectivity,Prim_host_rst (from the platform) comes before rprep_ack (from the FW)
WIFI-401195,WIFI,2024,Connectivity,"driver published in-correct activeAntennaBitMap, and Tool didn’t consider “active antennas” value during RSSI test, hence when antenna stops the result was wrong."
WIFI-400007,WIFI,2024,Connectivity,we ran out of Tx descriptors
WIFI-397740,WIFI,2024,BSOD,"Each time FW was loaded Some memory in the HW of HrP is not initialized correctly and sometimes having unexpected values.
And the bug happens only on MTL (magnetar) HrP. There is some memory corruption in the FW which causes FW to use incorrect encryption method. HrP still supports older encryption method (RSA), 
When incorrect encryption is used, there is assert 0x303 which finally leads to YB, since happens in a loop.
We avoid this issue by optimizing and protecting the consistent encryption and decryption methods in the FW loading process under various test scenarios.
thanks!"
WIFI-397290,WIFI,2024,Connectivity,Enhanced WIFI recovery due to BT resets
WIFI-397284,WIFI,2024,Connectivity,
WIFI-396294,WIFI,2024,Connectivity,"Based on approval from Roi Fri. 
FSEQ 0.0.4.175 improve EQ calibration "
WIFI-395058,WIFI,2024,Connectivity,fix for ROW countries UHB enable by OEM logic
WIFI-395016,WIFI,2024,Connectivity,problem solved after moving from ES2 to rQS
WIFI-393435,WIFI,2024,Connectivity,"The customer added a workaround by EC, when the system entry to S4 and CSME policy is not allowed, the EC performs a power toggling for the WLAN device. However the BUS Driver logic assumes that the WLAN Card was powered in Sx, hence not performing the enumeration flow with Link Reset."
WIFI-393429,WIFI,2024,BSOD,"partially solved in 23.40 (partial fix for assert 0x120E)
partially solved in 23.50 (partial fix for assert 0x942)
"
WIFI-393156,WIFI,2024,Connectivity,FSEQ 0.0.4.175. Optimize EQ calibration flow for short ch. 
WIFI-392726,WIFI,2024,Connectivity,
WIFI-392708,WIFI,2024,Connectivity,"In case of AKM 5 , do not send PMKID because of issue in OS that
is wrongly handling the PMKID in this case"
WIFI-383978,WIFI,2024,Connectivity,fw SHA1 # 51c8cb contains the fix
WIFI-381933,WIFI,2024,Connectivity,"Fix with TOP-2991 on master/Core86_pv/Core86
core86_pv 4990ffef11fcfeb4b60d83f6a76ef17be4e10bc6
core86 - 037a741ced5fed16b371b3034e11e1730ccfa11e"
WIFI-380805,WIFI,2024,BSOD,"Hi All,
 
I suspect the issue is in PHY context activation flow during wakeup from sleep.
 
Below is the sequence for when in LPRX STATE OFF:
1.	During Wakeup, when there is valid context PHY applies the TX calibration values in calibExecuterPartialApplyDuringRadioPowerUp(). 
This will send update of power limit to TAS
2.       When tuning into context,  as part of  phyConfigurationActivateContext(), again TAS is updated with the current band and the limits are initialized to the default value
 
1940375     PS_PX_STATE_CNG    182414.494    state                           0x00000001    psPxFsmUmacStateEnum PS_PX_FSM_UMAC_STATE_PS_PX_CNVR_LP (0x1), 
1941266     PHY_CALIB_MANAGER_EVENT    182419.286    eventData                       0x03030016    CalibEventTypeEnum CALIB_MANAGER_EVENT_RUN_PARTIAL_CALIB_ON_POWER_UP_BEGIN (0x16), channelNum 48, band 0, bandwidth 3, controlChannelLocation 0, phyCtxId 0, 
1941292     PHY_CALIB_MANAGER_EVENT    182419.352    eventData                       0x03030017    CalibEventTypeEnum CALIB_MANAGER_EVENT_RUN_PARTIAL_CALIB_ON_POWER_UP_END (0x17), channelNum 48, band 0, bandwidth 3, controlChannelLocation 0, phyCtxId 0, 
1941297     PHY_CALIB_MANAGER_EVENT    182419.353    eventData                       0x03030022    CalibEventTypeEnum CALIB_MANAGER_EVENT_RUN_APPLY_TX_CALIBS_BEGIN (0x22), channelNum 48, band 0, bandwidth 3, controlChannelLocation 0, phyCtxId 0, 
 
•	TAS power Limits are updated here as part of calibExecuterPartialApplyDuringRadioPowerUp()
1941306     PRINT    182419.409    STR0x3                          0x00000000    tasUpdatePowerLimit powerLimitDbm = 0x97, g_tasDb.fsmParams.minPowerLimitDbm = 0x97, isAux = 0, 
1941314     PRINT    182419.411    STR0x3                          0x00000000    tasUpdatePowerLimit powerLimitDbm = 0xa6, g_tasDb.fsmParams.minPowerLimitDbm = 0x97, isAux = 0
1941322     PRINT    182419.412    STR0x3                          0x00000000    tasUpdatePowerLimit powerLimitDbm = 0xff, g_tasDb.fsmParams.minPowerLimitDbm = 0x97, isAux = 0, 
1941330     PRINT    182419.413    STR0x3                          0x00000000    tasUpdatePowerLimit powerLimitDbm = 0xff, g_tasDb.fsmParams.minPowerLimitDbm = 0x97, isAux = 0, 
1941524     PHY_CALIB_MANAGER_EVENT    182419.835    eventData                       0x03030023    CalibEventTypeEnum CALIB_MANAGER_EVENT_RUN_APPLY_TX_CALIBS_END (0x23), channelNum 48, band 0, bandwidth 3, controlChannelLocation 0, phyCtxId 0, 
 
•	TAS power Limit set to Default as part of phyConfigurationActivateContext()
1941558     PRINT    182419.859    STR0x2                          0x00000000    tasSetCurrentBand band = 0, isAux = 0, 
1941564     PRINT    182419.860    STR0x1                          0x00000000    tasSetCurrentBand g_tasDb.fsmParams.minPowerLimitDbm = 0x7fff, 
 
1941566 322224    WIFI_LARC POWER_LPRX_STATE
1941568     POWER_LPRX_STATE    182419.862    state                           0x00000000    state off (0x0), 
1941569     POWER_LPRX_STATE    182419.862    phyId                           0x00000000    phy_id 0x0, 
1941570     POWER_LPRX_STATE    182419.862    componentVector                 0x00000000    lna_low_bias lna_dynamic_power (0x0), reserved 0x0, 
1941574     PHY_ACTIVATE_CTX    182419.863    phyCtxData                      0x00003200    phyId 0x0, phyActivateContextStatusEnum PHY_ACTIVATE_CTX_BEGIN (0x0), centralChannel 0x32, 
1941646     PHY_ACTIVATE_CTX    182420.158    phyCtxData                      0x01003200    phyId 0x0, phyActivateContextStatusEnum PHY_ACTIVATE_CTX_END (0x1), centralChannel 0x32, 
1941697 322249    WIFI_LARC PS_PU_PHY_TS
1941699     PS_PU_PHY_TS    182420.202    start                           0x0adf7d64    start 182418788, 
1941700     PS_PU_PHY_TS    182420.202    phyFsmPuStart                   0x0adf7d65    phyFsmPuStart 182418789, 
1941701     PS_PU_PHY_TS    182420.202    phyFsmPuComplete                0x0adf7e97    phyFsmPuComplete 182419095, 
1941702     PS_PU_PHY_TS    182420.202    phyWmalInitComplete             0x0adf7eaa    phyWmalInitComplete 182419114, 
1941703     PS_PU_PHY_TS    182420.202    phyDomainPuCompleted            0x0adf82ce    phyDomainPuCompleted 182420174, 
1941704     PS_PU_PHY_TS    182420.202    dpDomainPuCompleted             0x0adf82db    phyDomainPuCompleted 182420187, 
1941705     PS_PU_PHY_TS    182420.202    phyPuEnd                        0x0adf82ea    phyPuEnd 182420202, 
1941706     PS_PU_PHY_TS    182420.202    wakeReason                      0x00000004    phyWakeReasonEnum PS_PHY_WAKE_REASON_UMAC (0x4), 
1941707     PS_PU_PHY_TS    182420.202    wakeData                        0x00000002    wakeData 2, 
 
 
 
Below is the sequence for When LPRX state != OFF, 
1.	calibExecuterPartialApplyDuringRadioPowerUp() => no TX calib apply is done as LPRX is active
2.	phyConfigurationActivateContext() => TAS is updated with the current band and the limits are initialized to the default value
 
1926369     PS_PX_STATE_CNG    182224.614    state                           0x00000001    psPxFsmUmacStateEnum PS_PX_FSM_UMAC_STATE_PS_PX_CNVR_LP (0x1), 
1926720     PHY_CALIB_MANAGER_EVENT    182225.265    eventData                       0x03030016    CalibEventTypeEnum CALIB_MANAGER_EVENT_RUN_PARTIAL_CALIB_ON_POWER_UP_BEGIN (0x16), channelNum 48, band 0, bandwidth 3, controlChannelLocation 0, phyCtxId 0, 
1926746     PHY_CALIB_MANAGER_EVENT    182225.332    eventData                       0x03030017    CalibEventTypeEnum CALIB_MANAGER_EVENT_RUN_PARTIAL_CALIB_ON_POWER_UP_END (0x17), channelNum 48, band 0, bandwidth 3, controlChannelLocation 0, phyCtxId 0, 
•	TAS power Limit set to Default as part of phyConfigurationActivateContext()
 
1926780     PRINT    182225.354    STR0x2                          0x00000000    tasSetCurrentBand band = 0, isAux = 0, 
1926786     PRINT    182225.355    STR0x1                          0x00000000    tasSetCurrentBand g_tasDb.fsmParams.minPowerLimitDbm = 0x7fff, 
1926788 319832    WIFI_LARC POWER_LPRX_STATE
1926790     POWER_LPRX_STATE    182225.357    state                           0x00000003    state max_ps_beacon_rx (0x3), 
1926791     POWER_LPRX_STATE    182225.357    phyId                           0x00000000    phy_id 0x0, 
1926792     POWER_LPRX_STATE    182225.357    componentVector                 0x00000000    lna_low_bias lna_dynamic_power (0x0), reserved 0x0, 
1926796     PHY_ACTIVATE_CTX    182225.357    phyCtxData                      0x00003200    phyId 0x0, phyActivateContextStatusEnum PHY_ACTIVATE_CTX_BEGIN (0x0), centralChannel 0x32, 
1926873     PHY_ACTIVATE_CTX    182225.574    phyCtxData                      0x01003200    phyId 0x0, phyActivateContextStatusEnum PHY_ACTIVATE_CTX_END (0x1), centralChannel 0x32, 
1929110     PHY_CALIB_MANAGER_EVENT    182234.834    eventData                       0x03030016    CalibEventTypeEnum CALIB_MANAGER_EVENT_RUN_PARTIAL_CALIB_ON_POWER_UP_BEGIN (0x16), channelNum 48, band 0, bandwidth 3, controlChannelLocation 0, phyCtxId 0, 
1929136     PHY_CALIB_MANAGER_EVENT    182234.901    eventData                       0x03030017    CalibEventTypeEnum CALIB_MANAGER_EVENT_RUN_PARTIAL_CALIB_ON_POWER_UP_END (0x17), channelNum 48, band 0, bandwidth 3, controlChannelLocation 0, phyCtxId 0, 
•	TAS power Limit set to Default as part of phyConfigurationActivateContext()
 
1929170     PRINT    182234.923    STR0x2                          0x00000000    tasSetCurrentBand band = 0, isAux = 0, 
1929176     PRINT    182234.925    STR0x1                          0x00000000    tasSetCurrentBand g_tasDb.fsmParams.minPowerLimitDbm = 0x7fff, 
1929178 320193    WIFI_LARC POWER_LPRX_STATE
1929180     POWER_LPRX_STATE    182234.926    state                           0x00000003    state max_ps_beacon_rx (0x3), 
1929181     POWER_LPRX_STATE    182234.926    phyId                           0x00000000    phy_id 0x0, 
1929182     POWER_LPRX_STATE    182234.926    componentVector                 0x00000000    lna_low_bias lna_dynamic_power (0x0), reserved 0x0, 
1929186     PHY_ACTIVATE_CTX    182234.927    phyCtxData                      0x00003200    phyId 0x0, phyActivateContextStatusEnum PHY_ACTIVATE_CTX_BEGIN (0x0), centralChannel 0x32, 
1929263     PHY_ACTIVATE_CTX    182235.143    phyCtxData                      0x01003200    phyId 0x0, phyActivateContextStatusEnum PHY_ACTIVATE_CTX_END (0x1), centralChannel 0x32, 
1930246     PS_PX_STATE_CNG    182240.747    state                           0x00000004    psPxFsmUmacStateEnum PS_PX_FSM_UMAC_STATE_PS_PX_CNVR_HP_PENDING (0x4), 
1930267     PS_PX_STATE_CNG    182240.758    state                           0x00000002    psPxFsmUmacStateEnum PS_PX_FSM_UMAC_STATE_PS_PX_CNVR_HP (0x2), 
 
•	TAS get info returns the Default limit
 
1930642     GET_TAS_STATE    182241.455    tasSarAndPowerLimit1            0x00407fff    max_power_regulatory 0x7fff, sar_limit 0x40,
 
 
Proposed solution:
 
1. during fast wakeup, update TAS with new band before TX calib apply in calibExecuterPartialApplyDuringRadioPowerUp()
2. update TAS with new band in phyConfigurationActivateContext() only when not in fast wake
 
@Mandil, Mai https://gerritwcs.ir.intel.com/c/wcd_fw-dev/+/94336 Can you please check the gerrit?
 
Regards
Aruna
"
WIFI-380730,WIFI,2024,YB/Lost,Better recovery from YB using PCI SBR (secondary bus reset).
WIFI-379345,WIFI,2024,Connectivity,"No distinction in INFGEN between more fine-tuned HWs.
Hard coded value instead."
WIFI-379342,WIFI,2024,Connectivity,"DPHY 2.5GHz only , Spur mitigation disabled and Fjump feature enabled"
WIFI-378432,WIFI,2024,Connectivity,"DPHY setting according to SNPS spec + remove Spur mitigation.
HF for Lenovo Only - 23.30.2.1
**** Branch ****"
WIFI-378385,WIFI,2024,Connectivity,iterate STEP PN swap in FSEQ 154
WIFI-378380,WIFI,2024,Connectivity,Improve SW/HW DRIPS in CS by decreasing idle timeout
WIFI-377623,WIFI,2024,Connectivity,"DPHY 2.5GHz only , Spur mitigation disabled and Fjump feature enabled"
WIFI-375260,WIFI,2024,Connectivity,Wrong DB values
WIFI-374518,WIFI,2024,Connectivity,"DPHY 2.5GHz only , Spur mitigation disabled and Fjump feature enabled"
WIFI-374208,WIFI,2024,Connectivity,"tlc calls paged memory in d3 - not allowed.

fix in https://gerritwcs.ir.intel.com/c/wcd_fw-dev/+/85917"
WIFI-373458,WIFI,2024,Connectivity,On some circumstances the GO would not expand bandwidth at the right timing for client to align to it
WIFI-373148,WIFI,2024,Connectivity,"The version in log contains FSEQ3.90. there was a fix in FSEQ version 3.91 for this issue, it might assist in your case. TOP-2421"
WIFI-370428,WIFI,2023,Connectivity,Dup of WIFI-345845
WIFI-370020,WIFI,2024,Connectivity,Has been delivered as HF to DELL
WIFI-369891,WIFI,2024,BSOD,"fixed by Ohad: 555bb3d1494d00a947277e70065f2a9764e622b2
though not proven that flow really runs as expected, customer did confirm that issue is fixed using latest master build. I would guess that it is some indirect fix, however, for the sake of completeness, this sha1 has a potential fix for 0xbadbad issues."
WIFI-368602,WIFI,2023,Connectivity,"Fixed by Lomanov:
5cb81ff25d2659bd12730061055f4a66ff9de9e7
64138927d5c51a80fd5560eb45b425189a91f8bf 
CTDP/DPTF Get/Set API handling: introduce dynamically allocated DPTF handler
data"
WIFI-368194,WIFI,2023,Connectivity,Improve SW/HW DRIPS in CS by decreasing idle timeout
WIFI-368122,WIFI,2023,Connectivity,a register in SV drop was misconfigured
WIFI-367755,WIFI,2023,Connectivity,"In this bug, we received from the AP NDPA with partial BW that its
RU end index belongs to BW 160 (value was 73), but the NDP BW is 80MHz.
This cause incorrect feedback calculation in the BFE.

Added a check for this purpose which return error status in case of
mismatch, and don't move forward for the feedback sending.
Check was added for both HE and EHT fields."
WIFI-365608,WIFI,2023,Connectivity,"DPHY setting according to SNPS spec + remove Spur mitigation.
HF for Lenovo Only - 23.30.2.1
**** Branch ****"
WIFI-365172,WIFI,2023,Connectivity,WIFI-358207
WIFI-364960,WIFI,2023,Connectivity,Silent losing
WIFI-364767,WIFI,2023,Connectivity,PHY fix. Tx DFE fix for 320M channels.  Clk diff between digital (top pll) to LO clk caused timing drift in long packets.  
WIFI-363422,WIFI,2023,Connectivity,
WIFI-361913,WIFI,2023,Connectivity,handle coex protection window even if BT not alive
WIFI-361708,WIFI,2023,Connectivity,"RFDQ allocation failure 
was fixed in the context of WIFI-342961"
WIFI-361696,WIFI,2023,Connectivity,
WIFI-361367,WIFI,2023,Connectivity,duplicate of WIFI-350543
WIFI-361107,WIFI,2023,Connectivity,"sensingManagerRfKill and sensingManagerSetChSelTriggerOnMcc in Typhoon should be located in ""D3 and Steady"" section"
WIFI-360472,WIFI,2023,Connectivity,"Fix with TOP-2991 on master/Core86_pv/Core86
core86_pv 4990ffef11fcfeb4b60d83f6a76ef17be4e10bc6
core86 - 037a741ced5fed16b371b3034e11e1730ccfa11e"
WIFI-358645,WIFI,2023,Connectivity,"fixed as part of : https://jira.idoc.intel.com/browse/TOP-1314
MTL C step should not see this issue anymore.
there was a WA in the FSEQ, which was removed when HW change was applied"
WIFI-358355,WIFI,2023,Performance,"PowerSensor used to be initialized by a 5ms timer that was
started as part of platformInitAPI...powerSensorContextInitAPI.
The initialization was using pMmacFlowProcessor that gets initialized
mmacAlMpInitialize - after platformInitAPI.
If the init flow is slow, then the timer will expire before
mmacAlMpInitialize is called and we'll hit null pointer exception.
Fix was to move the timer start to platformConfigAPI, after
mmacAlMpInitialize."
WIFI-358354,WIFI,2023,Connectivity,update EU 6E power tables
WIFI-358207,WIFI,2023,BSOD,"During execution, the mCtdpGetCurrentTemperatureApi stores provided callback arguments in CTDP context. Since this API relies on the FW response to get the current temperature from FW, this response may take time (as in this case - JS is busy). So when the next caller calls this API, it replaces the previously stored callback's arguments with its own. And that's what happened here. 
When the response started executing and working with the context, the memory that CTDP context is pointing to was already released by the next caller because of failure in sending FW command (transport layer was closed already). And this caused to the BSOD."
WIFI-357703,WIFI,2023,Connectivity,PHY fix. Tx DFE fix for 320M channels.  Clk diff between digital (top pll) to LO clk caused timing drift in long packets.  
WIFI-357574,WIFI,2023,Connectivity,"there were 2 issues
1. driver used old values of rssi if antenna was not used (siso)
2. bug in rlc in FW, if the rlc configuration arrived from driver is dsmps
we trigger timer that will change the state after 1 second
if during this second arriving new configuration (mimo for example)
we handle the change immediately, and when timer for dsmps expires we change the state to dsmps
although the last configuration was mimo"
WIFI-357039,WIFI,2023,BSOD,"Fixed by Ariel Dahan: FSEQ
FW sha1: 7f8a096cea9a7f28040a042caf6c41d5e15f2970

YB + Assert 0x515/ 0x91 came from DPHY SNPS IP which is part of MgR/ BzR/ ScP HW.
This issue occurred during periodic Deskew calibration process as a result of jitter on the Tx lane.
This jitter cause a phase jump and moved the clock samples to be out of the eye range.
In order to solve this issue, a SNPS HW feature was activated (Fjump) which monitor the phase during deskew calibration and correct it when needed.
"
WIFI-356402,WIFI,2023,Connectivity,
WIFI-355232,WIFI,2023,Connectivity,There was a racing between device disable flow and the thread that push notifications to the application.
WIFI-354876,WIFI,2023,Connectivity,"fixed by Zohar: 64ee5cd7d30d1eb85cc9128ae12070400df3f08e
fix wrong initialization of virtual RBs.
Fix initialization of bFree and index of virtual RBs.
The wrong init caused an issue that virutals RBs would never be returned to the virtual RBs pool and will be returned to operational free Q.
this can cause RBs to be run over and other strange issues."
WIFI-354875,WIFI,2023,Connectivity,Disabled the MAC option to work with XTAL. Irrelevant for HrP
WIFI-352594,WIFI,2023,Connectivity,"deliver WA to force SCU wake during FW disabled.
this will make sure the SCU will not get to sleep state and will be able to function correctly on the expanse of power consumption"
WIFI-352121,WIFI,2023,Connectivity,"At the time when DCR-880 was implemented, apparently it was tested in a way that didn't involve OID_WIFI_GEO_OFFSET_CONFIG_VER_1 or OID_WIFI_GEO_OFFSET_CONFIG, or that did involve these OIDs but didn't test specifying 4 to 8 SAR offset groups."
WIFI-351864,WIFI,2023,Connectivity,"In case of GO and the P2P device used BW signaling (addr2 is mcast), the RCM filtered out the frame."
WIFI-351836,WIFI,2023,Connectivity,"when we connected in 40Mhz BW and there are continuous cca_ex defers
there is mechanism that if defers timer (3.8 sec) expires, Lmac triggers roaming notification to driver
and driver performs roaming to 20Mhz
But if dp monitor timer started, and cca_ex defers started after 2 seconds (for example)
the dp mon timer will expire before defers timer, and then we will recevie 4424 or 4433 assert
so the decision was to extend dp mon timer if we see continuous cca_ex defers"
WIFI-351262,WIFI,2023,Connectivity,"MLD stealth APs had double entry in BSS table, which caused double ref count reduction the pApCommon info buffer
"
WIFI-351259,WIFI,2023,Connectivity,"Fixed by Anton: 23e3d73df58e9497c46ca0a50cdf6174c1c257af
WA for JS stall on halt flow due to WI delay for multiple minutes
In case of CPU / MEM aggressor (like Prime95) workItem execution might be significantly delayed Effective observation over 3 min delay
In case of HALT original timeout (1 min) could take place prior to trigger job called t an execution As result Halt progressed after complete report to OS leading to access to released resources

WorkAround: Set specific halt flow to 10 min (no effective resolution in case we indeed reach the timeout)"
WIFI-351150,WIFI,2023,Connectivity,"It is HW bug that causes the DSP to be stuck till FW reinit - by sysassert or by disable/enable
It was fixed on PV1."
WIFI-350935,WIFI,2023,Connectivity,SHVAL-52402
WIFI-350549,WIFI,2023,Connectivity,RC for device loss is HW issue covered by WA in in SW allowing recovery by performing SecondaryBusReset 
WIFI-350543,WIFI,2023,Connectivity,we wan out of Tx descriptors
WIFI-350479,WIFI,2023,Connectivity,"in UHB(6Ghz) scan request command, marking short ssid in invalid location causing FW assert"
WIFI-350293,WIFI,2023,Connectivity,"DPHY deskew disables RXE, which stops CW.
Since CW is using the DSP only, we can skip the DPHY deskew while in CW."
WIFI-349945,WIFI,2023,Connectivity,"Customer layout violation , fixed by HW workaround "
WIFI-349629,WIFI,2023,Connectivity,FW indicated wrong scan req ID complete so the scan client waited too long for completion
WIFI-349389,WIFI,2023,Connectivity,"[BUGFIX]  Coex: Fix Sync2Bt Timer Loss Sync

(-) Bug:
     Sync2Bt Timer is keep expired since in the past and prevent any LMAC other activity.

(-) Bug Description:
    Sync2BT Timer is use sync2BtRise-Timestamp in order to set the next timer expiration..
    But when the Sync2BtRise-Timestamp is in the past and not advanced for a long time
    it result with continues Sync2BtTimer expired and actually prevent any LMAC other activity

(-) Bug Scenario:
     Sync2Bt is enabled & working on timer, WiFi is on LB
     During that, WiFi is triggered Calbrations on HB which result with Phy LB Deactivate
     and Aux Phy Activate on HB. Following that on FullCoexOff we set Sync2BT Disable reason = SYNC_2_BT_BT_PROTOCOL_DIS
     Status: Sync2Bt is enabled from BT Side but since we are on HB now the Disable reason should allow all Tx but the tracking should continue.

    Then following mailbox we get to sync2BtEngineStatusUpdate() with sync2BT enabled status.
    but on _sync2BtEngineUpdatePtaInterrupts() since we ask for sync2BtEngineIsSync2BtAllowed() we disable the sync2Bt kick filter
    while the Sync2Bt machnisem (timer) is stiil working.

Bug Solution :
  (-) Remove the dependency of sync2BtEngineIsSync2BtAllowed on _sync2BtEngineUpdatePtaInterrupts.
       Following that  as long as Sync2BT is enabled the Sync2BT mechanism will keep working even when we enter to HB Phy.
       Only in case Sync2BT is disabled (by BT MBX or by CI change) the Sync2BT mechanism will disabled.
       Note - When Sync2BT mechanism is working but Phy is on Non LB (Aux\Calib) the Tx will allowed and not defered.

  (-) Disable Sync2Bt Timer & Enable Resync by Sync2Bt by ISR.
"
WIFI-348790,WIFI,2023,Connectivity,"fixed by Eilon: 1f67f7c1a234a9617e414475f0e599944616a82b
WA to fix ROM bug in MGR when using RSA.
fix is incomplete, might require additional fix from driver side, to force memory retention."
WIFI-348789,WIFI,2023,Connectivity,MAC pll off feature is not supported for HrP. disabled for all integrated HrP products
WIFI-348107,WIFI,2023,Connectivity,x
WIFI-347833,WIFI,2023,Connectivity,Change in EQ calibration to improve convergence 
WIFI-346828,WIFI,2023,Connectivity,using pointer that was referenced to null
WIFI-345845,WIFI,2023,Connectivity,"When running CITU, the wmal/wpal NMIs were still enabled (for projects which has the old phy init phases, pre-blazar family), and the fix is to disable such NMIs from Wmac code when Umac is running in ""silent mode""."
WIFI-345274,WIFI,2023,Connectivity,ignoring memory allocation failure
WIFI-344972,WIFI,2023,Connectivity,"continues TX test preventing LMAC timers interrupts, in case the test is more than 35 minutes (2^31 us), than after the test we get WDOG "
WIFI-344971,WIFI,2023,Connectivity,"Regulatory limit enforcement in PCAL for locked cards was not implemented in GaP
GMPD calibration is using the same PCAL API for its calibration process but we cannot enforce regulatory + 3dB on the calibration.
"
WIFI-342582,WIFI,2023,Connectivity,added a W/A based on Ofer's recommendation.
WIFI-342580,WIFI,2023,Connectivity,Initializing basicRatesTables member of g_macContainerDatapathData
WIFI-341472,WIFI,2023,Connectivity,"NotificationPopupProvider wasn't initialized for Dell's bootstrapper, which means that every popup in the installer would have throw an exception."
WIFI-340577,WIFI,2023,Connectivity,missed rx interrupt due to a race
WIFI-338036,WIFI,2023,Connectivity,Changed Description
WIFI-337736,WIFI,2023,Connectivity,Update osc_freq for SNPS IP
WIFI-337269,WIFI,2023,Connectivity,"Required fix :

HrP/CcP:
PP1 BE BO should be applied in MCC CA and PP3 central channels 36/38/42. (Already implemented)
MCC CA central channel 50 move from PP3 to PP1.

GfP/TyP:
PP1 BE BO should be applied in MCC CA and PP5 central channels 36/38/42. (Already implemented)
MCC CA central channel 50 move from PP5 to PP1."
WIFI-335395,WIFI,2023,Connectivity,"recently we started getting deafness/empty scan list in FmP which is caused
by consecutive plcp errors of type ""wrong byte count"" which happens when
we get 0 for rxe_bc indication, while rx vector value was ok.
this is not recovering on its own, so we will now trigger assert on it + we will gather some extra
debug data to hopefully advance with root causing of it."
WIFI-335071,WIFI,2023,Connectivity,"wrong WIFI version, need to take latest BKC."
WIFI-334418,WIFI,2023,Connectivity,"On receiving Init message from BT wifi sends Init_Response
message and but didn't clean the callbacks queue."
WIFI-334394,WIFI,2023,Connectivity,MAC pll off feature is not supported for HrP. disabled for all integrated HrP products
WIFI-333675,WIFI,2023,Connectivity,Update osc_freq for SNPS IP
WIFI-333542,WIFI,2023,Connectivity,Race with IRP handling in HECI driver and HECI connection close by WiMan.
WIFI-333524,WIFI,2023,Connectivity,"The Windows version that is used here doesn't recognize the parameter ""sysnative"" which suppose to point to system32."
WIFI-332532,WIFI,2023,Connectivity,Update osc_freq for SNPS IP
WIFI-331610,WIFI,2023,Connectivity,driver doesn't support H2E
WIFI-331588,WIFI,2023,Connectivity,"by Chigirincev, Dmitry:

When we receive data, the rate of ack/BA calculation is based on rate from RX packet
on of the parameters in the rate is antenna selection

the calculation of antenna selection in ack is based on RSSI of RX packet

In CCK there is a bug, that we first make decision of what antenna to use and only after that read rssi of rx packet from registers

In this case the RSSI in the decision is 0 for both antennas and in this case (when rssi is equal for both antennas) our algorithm takes antenna B always (not shared antenna with BT).

So the solution is to read rssi values of rx in right place, and only then make decision what antenna to use"
WIFI-331059,WIFI,2023,Connectivity,INF extension package is not getting installed when one if the extensions is missing.
WIFI-330884,WIFI,2023,Connectivity,"DTT can call `SDMC` API on non-supported NIC.
Missed check on driver side for RFIM support."
WIFI-330101,WIFI,2023,BSOD,"UEFI driver fills wrongly the lmac_id in PHY_CONTEXT_CMD in case of NIC supports CDB and the band is 6GHz. This leads to firmware 0x2B85 recoverable assert. fix it by handling CDB + UHB case and fill lmac_id correctly,"
WIFI-330099,WIFI,2023,Connectivity,"by Chigirincev, Dmitry:

When we receive data, the rate of ack/BA calculation is based on rate from RX packet
on of the parameters in the rate is antenna selection

the calculation of antenna selection in ack is based on RSSI of RX packet

In CCK there is a bug, that we first make decision of what antenna to use and only after that read rssi of rx packet from registers

In this case the RSSI in the decision is 0 for both antennas and in this case (when rssi is equal for both antennas) our algorithm takes antenna B always (not shared antenna with BT).

So the solution is to read rssi values of rx in right place, and only then make decision what antenna to use"
WIFI-329546,WIFI,2023,Connectivity,"Since PC migration doesn't call FreeLibrary for MurocApi DLL, the destructor that suppose to close PIE and PipeClient threads is not called. It's an incorrect behavior by the PC migration.
Up until 22.220, PIE and PipeClient used CreateThread API to open those threads, threads that are created using this API are closed (not gracefully) when the process is closed.
In 22.230, CreateThread API was replaced with std::async API, threads that are created by std::async must be closed before closing the process, otherwise the process will keep running.
In order to mitigate such an incorrect behavior, we changed std::async back to CreateThread."
WIFI-328926,WIFI,2023,Connectivity,"MSRPC implementation of callbacks seem to be faulty, sometimes the callbacks are getting stuck without any reason.
Reverted to the old notification polling mechanism."
WIFI-328516,WIFI,2023,Connectivity,fix binary in release 
WIFI-325395,WIFI,2023,Connectivity,change EQ values 
WIFI-323830,WIFI,2023,BSOD,UHB support was added in core79 and MaG + HrP was mistakenly marked as UHB supported which later led to the fmac 0x7026 assert which means firmware advertises less supported channels than driver (because of the additional UHB channels).
WIFI-323059,WIFI,2023,Performance,"firmware expects that driver will pass management frames on Tid=15 and UEFI driver wrongly use Tid=7.
When AP sends ADDBA Req, UEFI driver builds the ADDBA resp and pass it to firmware (Tid=7) then firmware does not handle it properly (there are different handling specifically for management frames on Tid=15) and when the connection is WPA2+11w disabled, the protected bit and CCMP header is set by the firmware on the ADDBA response (frame is sent unencrypted).
Some AP's may ignore it and we'll not experience low TpT, but other AP's may not ignore it and the block ack session will not be valid and this will lead to low TpT.
Fix it by use correctly Tid=15 for management frames."
WIFI-320974,WIFI,2023,Connectivity,"Same as WIFI-310098
TAS wrong while loop that causes it to be endless."
WIFI-320548,WIFI,2023,Connectivity,"Taking the MCS from static table, and not taking into consideration OTP limitations"
WIFI-320466,WIFI,2023,Connectivity,network address on INF
WIFI-319012,WIFI,2023,Connectivity,
WIFI-318975,WIFI,2023,Connectivity,"fixed by Lifshitz, Elad: 71ee2366f32f9b3a57dede3fd4de3890c212123e
PHY: do not set adc pll lock indication in loopback config"
WIFI-318707,WIFI,2023,Connectivity,"DCR-1009 SCU active to idle
FIXED FW was delivered to TyP xvt stream managed by PHY team"
WIFI-317378,WIFI,2023,Connectivity,
WIFI-316376,WIFI,2023,Connectivity,"HW wait event is not working well over ARC700.  Replace it w/ SW waiting

How it was found?
We see that during IPC protocol that using HW wait event, when handling
interrupt on exit from the wait, the UMAC start to behave strange and at
the end it is stuck and only PLDR resolve the issue."
WIFI-316292,WIFI,2023,Connectivity,SV script wasn't integrated to USC driver + missing definition and implementation of WREQ-225179
WIFI-315524,WIFI,2023,Connectivity,"mSAR feature is enabled for DTM. To disable it, need to send GRP_INTERNAL_SYSTEM_FEATURES_CONTROL_CMD"
WIFI-312707,WIFI,2023,Connectivity,
WIFI-312496,WIFI,2023,Connectivity,don't ignore multicast packets when calculating the rx link speed
WIFI-311191,WIFI,2023,Connectivity,SV script wasn't integrated to USC driver + missing definition and implementation of WREQ-225179
WIFI-310123,WIFI,2023,Connectivity,"Getting NDPA + NDP, VHT MU, when we are the 2nd STA to return feedback. Then getting beamformee report poll (BFRP) sent with VHT rate.
This seems to be an AP bug as it should be on legacy rate.
We fail on ppdu size comparison and we don't update the feedback rate accordingly - trying to return feedback with rate 6 Mbps (ack rate) so feedback is too long, which results in WPAL NMI. "
WIFI-310098,WIFI,2023,Connectivity,TAS code for TML implemented wrong loop over fifo mask so the loop was forever
WIFI-309847,WIFI,2023,Connectivity,"second scenario for the same bug of sys pwr req - cnvi_top is not rising in some cases wake arrive after vxtl got out of WAIT_FOR_SEQ state and MRG_SEQ go out of idle (wrong) and actually a short no needed wake occur and create a bad wake right after it. fixing the mrg_seq is needed. scu adding the cnvi_top to the wakeup vector in any case when it is missing, FW ignore  the stts in req resources status"
WIFI-309488,WIFI,2023,Connectivity,"FW sha1

797c20f3d026571a7047ee25174b022625ef1942"
WIFI-309456,WIFI,2023,BSOD,assert 0x508 due to SWCAP_TIMER_EXPIRED
WIFI-308133,WIFI,2023,Connectivity,switching to ES2 as planned
WIFI-307362,WIFI,2023,Connectivity,"Getting NDPA + NDP, VHT MU, when we are the 2nd STA to return feedback. Then getting beamformee report poll (BFRP) sent with VHT rate.
This seems to be an AP bug as it should be on legacy rate.
We fail on ppdu size comparison and we don't update the feedback rate accordingly - trying to return feedback with rate 6 Mbps (ack rate) so feedback is too long, which results in WPAL NMI. "
WIFI-306265,WIFI,2023,Connectivity,"WRT BT presets included forbidden register area
the BT related presets were updated and fixed
please test with the latest WRT tool as indicated below"
WIFI-303797,WIFI,2023,Connectivity,"TOP-1314 - WMPM CNVR top FSM deadlock, was not added for MGR.
Modified WA for MGR (details in latest comment) was added to FSEQ 3.88.
"
WIFI-303040,WIFI,2023,Connectivity,AGC table
WIFI-302568,WIFI,2023,Connectivity,Fixed in WIFI-294441
WIFI-302222,WIFI,2023,Connectivity,RDC - WMPM Reset Domain Crossing
WIFI-301735,WIFI,2023,Connectivity,"cross certification is no longer valid
need to move the machine to test mode"
WIFI-295482,WIFI,2023,BSOD,"cc51: ca0d5c43533964b034e84aa44a9e9c037269729e
Not needed for any other core (yet), seen on ThP only.

Flush PCI pipe before completing the PNP_SET_POWER task.
Fix for a race that was found on weak CPU/PCI, where
driver is writing into a CSR, however, the actual right occurs
after we complete the PNP_SET_POWER task.
This causes WHEA unrecoverable error and leading to BSOD 0x124.
Due to weak CPU, or might be a combination with multiple
PCI bridges on this platform, the actual write is not instant.

For some reason, issue was not seen on Win10, while stated appearing
on Win11 - might be different PCI error handling logic.

Deeper analysis: it was seen using PCI analyzer that after driver
is completing the PNP_SET_POWER task, OS puts the PCI in low power mode,
and no further transactions are allowed. However, then we see a memory
write TLP - our CSR write, which was obviously initiated before.

As a WA, need to “flush” the PCI, by reading from the last written CSR
before competing the task. This should ensure that all previous
transactions have completed and it is safe to put PCI into sleep."
WIFI-294189,WIFI,2023,Connectivity,"Duplicate of https://jira.idoc.intel.com/browse/WIFI-282405
Starvation of BK/BE fifos in P2P/GO scenarios causing early queue hang."
WIFI-293032,WIFI,2023,Connectivity,FmP's GEO profiles are ordered per band. GEO profile ID was parsed wrong in SAR functions
WIFI-292530,WIFI,2023,Connectivity,"in rarely cases power up resources vector is missing pwr & sys_clk req,
the issue occur while two wakeup sources arrive in specific scenario ,
in this case the trigger of second sequencer arrive while MAC in STATE_ON,
this causing the VXTL to skip the state of rising the pwr and sys clk request toward the SCU through the wmpm -> SCU channel,
the request will arrive in any case through the host VXTL to the SCU.
the suggested FW solution is adding the HOST - >SCU  (pwr,sys_clk) indication to the 4phs resources checking."
WIFI-291872,WIFI,2023,Connectivity,
WIFI-290882,WIFI,2023,Connectivity,
WIFI-290154,WIFI,2023,BSOD,"After allocating the TE_STA_AGGRESSIVE_ASSOCIATION event, we
want to use its apply time also for the TE_STA_ASSOCIATION event.

But, if the scheduler was not able to decide on an apply time
for TE_STA_AGGRESSIVE_ASSOCIATION (and will be decided later),
the apply time in TE_STA_AGGRESSIVE_ASSOCIATION event descriptor
will be zero.

Adding an event with time 0 can cause assert 0x300F (since the
event is located in the past and starts running immediately
while another event, from another binding, is already running.
This is also a bug that needs to be investigated)."
WIFI-287970,WIFI,2023,Connectivity,"https://gerritwcs.ir.intel.com/c/wifi_drv-dev/+/52756 
[BUGFIX] Return failure at EvtDeviceD0EntryPostInterruptsEnabled  on resume
to D0 in case reset recovery was requested by Driver

Description: Original issue issue if 9F post resume from D3, once PLDR requested by Driver
(WIFI-273238/WIFI-287970/...)

Following MSFT documentation, upon failure on power-up sequence stage, Driver is obligated to return failure for corresponding CB"
WIFI-287819,WIFI,2023,Connectivity,
WIFI-287055,WIFI,2023,Connectivity,"HW bug, Fast condition is not support thus results unusual behaviors"
WIFI-286819,WIFI,2023,Connectivity,"As per new Swad, Link state is no more updated with station config cmd but with Mac Config cmd. Moved the smartAntenna function which update Mac params from station config cmd handling to Mac config cmd."
WIFI-286793,WIFI,2023,BSOD,"The bug occurs with known misbehaving AP which advertises ECSA with CS-to-self
in its probe responses (not in beacons)
We saw this behavior in the past and implemented  DCR-261 (WREQ-36392) which allows us to connect to such APs
But in this setup the AP advertises operating class = 0x1a (26) while we’re in China MCC domain 0x434E (I see this in the RLG log didn’t find Country IE in AP beacons/probes)
According to the table E-6 in Annex E in the spec this operating class is invalid for China
So when we try to determine if the ECSA contains CS to self we attempt to retrieve the band by operating class + channel number, and since such operating class doesn’t exist
 in the current MCC we conclude that the CS is not CS to self, since the band is different (INVALID_BAND) though the channel number is the same
and thus we exclude such candidate and don’t connect though our competitors such as QCOM and RTEK do
The system requirement was to ignore the operating class in this specific case and assume the same band as the old one"
WIFI-286646,WIFI,2023,Connectivity,"We have an issue with Samsung where we got GON response at the  same
time we sent to FW GON confirm
This cause canceling the DAF to FW and GON confirm was never sent in this case
The solution is to check that we got the GON response with the same token we got
in the last GON response and simply discard it.(meaning not sending it to OS
and not canceling the DAF."
WIFI-284407,WIFI,2023,Connectivity,"due to Microsoft bug, memory allocation while DMAr enabled takes too long.
because we allocate all our needed buffers in init flow, the init flow duration increased.
the solution is to allocate the buffers in big memory chunks, which decrease the number of allocation dramatically -> init flow duration decreased."
WIFI-283806,WIFI,2023,Connectivity,"Issue with loading incorrect USC dll when installing the driver on QsR family HW's.

After QsR family core freeze (core74, net10) there was an issue with USC ext INF that loaded net12 USC dll instead of net10 USC dll causing mismatch issue between the USC version the driver compiled with and the USC that was installed."
WIFI-283451,WIFI,2023,Connectivity,"allocation of big memory chunks at the init flow, caused other memory allocation that have to be continues to fail.
we changed the memory allocation implementation to use a generic infra, which does not ""regret"" already allocated memory, does not re-try to alloc failed granularity, and change the alloc order, in order to allocate the buffers at the end of the flow."
WIFI-283154,WIFI,2023,BSOD,"In two places in the  hmfmCommonUpdateBssEntry() we
can return from the function without releasing the aquired lock on the
BSS table which caused BSOD"
WIFI-283151,WIFI,2023,Connectivity,Merged the WA after good feedback from client: https://gerritwcs.ir.intel.com/c/wcd_fw-dev/+/8391
WIFI-278898,WIFI,2023,Connectivity,Quasar / JfP based TICs were missing from DDD INF
WIFI-278839,WIFI,2023,Connectivity,"    [BUGFIX] mvm: don't account for the losing time of the wrong link

    When we want to look for a hole for an event, and our event is placed
    after event B, we want to make sure that we leave room for the link that
    runs event B to loose the medium properly before we run our event.
    In case of GO / BSS in SCM, we can have the following scenario:

    GO's beacon saver ends at 100
    BSS'es TBTT ends at 50

    This means that we could place an event at 101 since the losing time of
    the GO is 0, but we don't since we want to leave enough time for the
    losing for the client.

    This wouldn't be a big problem if we didn't have to re-allocate events.
    I saw in USIM the following problem:

    1) time is now 50
    2) GO / BSS in SCM, beacon of the GO is at 150, beacon of the BSS at 100
    3) Fragmented scan allocates events (50 ms long)
    4) We place one time NOA for a fragment of the scan at time 180, after
       the next beacon of the GO (because of the beacon saver)
       Note that this overrides the BSS's TBTT which is fine.
    5) the beacon saver event of the GO ends at 180 to give room for the
       scan event
    6) time passes by, we are at 100
    7) TBTT of the BSS runs and we remove the occurrence after beacon Rx
    8) Refresh
    9) we place again the the scan's fragment, but this time we place it at
       180 + BSS's losing time.
    <=== This is the bug ===>

    We just moved the fragmented scan's event, but we had a NOA that was
    placed exactly for that specific event and now the fragmented scan's
    event is unfortunate because of the beacon saver of the GO.

    We could have placed the fragmented scan's event again at 180 because
    the client already knows it needs to have left the channel by 180. But
    because we take into account the losing time of the BSS after an event
    that belongs to the GO, we delay the scan event by 4ms and it misses the
    window created by the GO's NOA.

    Fix this by looking at the losing time of the link of the specific event
    that precedes the hole, and do not consider all the events in the
    binding.
"
WIFI-278150,WIFI,2023,Connectivity,filling the scatter gather buffer wrong with the MDLs
WIFI-276319,WIFI,2023,Connectivity,"commit hash: 52ce48be2bbc2cd5e59357d52d8aea081c874f9d
b12ba8d1a1ad4e56e3426863b3fe05536450c3dc"
WIFI-276315,WIFI,2023,Connectivity,Clean NBL meta data in case of classification failure
WIFI-274576,WIFI,2022,Connectivity,"TLC command sent before PHY command for P2P client when upgrading to HE
Fixed in commit ac2964954cf6f750aeabd0699e2a4d7c4fab7128"
WIFI-274412,WIFI,2022,Connectivity,"PseudoHeSupport should be enabled in ADD MAC because FW stores HE STA's & Link's
params only if PseudoHeSupport is ON.
Meaning, in case the PPE thresholds is sent in STA command before the MAC was configured to PseudoHeSupport ON, the FW ignores the PPE thr params."
WIFI-274368,WIFI,2022,Connectivity,https://gerritwcs.ir.intel.com/c/wcd_fw-dev/+/33953
WIFI-272933,WIFI,2022,YB/Lost,"Protocol's Max TWT SP is 64TUs (65280us), (1 byte for SP in 256us units)
when BT doesn't care of the latency and request small quota and TBTT is big enough, it causes WF's SP to be bigger than max SP field. This overflow cause the multiple assert that finally cause YB.
This also reveals a faulty corner that is not related to TWT, as such scenario causes either bigger starvations to WF or to BT. 
The solution is to prevent such scenarios and not delete the assert.
"
WIFI-272412,WIFI,2022,Connectivity,"TGL platform run with quazar + JfP 1x1 card, there is no bug

ADL run with solar + JfP 1x1 and there is the bug in driver (mhiff) that didn't take bSadAlternativeAntUsed from fw meta info (rx packet)"
WIFI-270141,WIFI,2022,Connectivity,"he bug was due to a temporary workaround to DISABLE_UNII4_EU_AND_ALIKE, which was needed to be removed but was missed ."
WIFI-270139,WIFI,2022,Connectivity,The fix for the bug WIFI-251564 caused this bug.
WIFI-269893,WIFI,2022,Connectivity,"During repair mode, when using an SFX (like DUP), the installer searched for setup.xml in the DUP directory instead of the extracted installer directory."
WIFI-268398,WIFI,2022,Connectivity,"fix introducer during fuzzing run  - fixing queue tx allocation
see comment in patch"
WIFI-266055,WIFI,2022,Performance,"Bug: WiFi throughput drop when BT is enabled. Corun AGC table wasn't
properly characterized to define the gain steps accuracy
Fix: update AGC table for corun"
WIFI-264725,WIFI,2022,Connectivity,Missed setupComplete in case of SecondBiosMcc
WIFI-259929,WIFI,2022,BSOD,"Delivered by Borochov/Darzi:
7e9c1c8608ca52253e2aef4154966d307b7af5ca
[BUGFIX] phy: fill AGC table for COEX
in case of scanning HB, we clear the up entries of the AGC table,
when we return to LB, in antenna B, we filled only the first 16 entries
of the table with antenna B DB, but we didn't fill the COEX values.
This caused bad AGC values in case of COEX active, which led to
high energy measurements on the antenna (eventually led to assert 0x4444
due to TX defers).
This fix fills the COEX entries with the correct values."
WIFI-258005,WIFI,2022,Connectivity,Max delta gain table not updated for GFP4
WIFI-256268,WIFI,2022,Connectivity,"See patch details.
In short, an aborted scan triggered an MCC update although it should not have done so. The fix avoid MCC update on aborted scan."
WIFI-255990,WIFI,2022,Connectivity,"HW bug - SCD doesn't ignore out of window bits in the bitmap scratch area.
Added FW WA (clear all bits in entry).
the bug caused an errored frame in aggregation to be marked as DONE."
WIFI-255760,WIFI,2022,Connectivity,DDD buffer was fool
WIFI-255169,WIFI,2022,Connectivity,fix LARI change config for China BIOS
WIFI-253202,WIFI,2022,BSOD,"Delivered by Borochov/Darzi:
7e9c1c8608ca52253e2aef4154966d307b7af5ca
[BUGFIX] phy: fill AGC table for COEX
in case of scanning HB, we clear the up entries of the AGC table,
when we return to LB, in antenna B, we filled only the first 16 entries
of the table with antenna B DB, but we didn't fill the COEX values.
This caused bad AGC values in case of COEX active, which led to
high energy measurements on the antenna (eventually led to assert 0x4444
due to TX defers).
This fix fills the COEX entries with the correct values."
WIFI-252922,WIFI,2022,Connectivity,Fixed deadlock between RouterDLL and PIE IHV.
WIFI-252455,WIFI,2022,Connectivity,"Those threads are opened by a ""KeepAlive"" timer which runs a function every second to check if the connection to RPC is still valid.
The connection to RPC check is done by running an API that is sent to the RPC server, if the API fails, it returns an error.
When the Wlanext.exe process is in ""pending"" state, the RPC server doesn't respond to the RPC call which blocks the call forever (Bug in MSRPC).
Since the call is blocked, and the timer is still running, every second another thread is being stuck, and this is why there are so many threads.
To solve this, I put a boolean that signals if there is already a running thread, if there is already a running thread, the function will exit without doing anything."
WIFI-252267,WIFI,2022,Connectivity, DCR-924 being excluded from TyP BT FW
WIFI-251564,WIFI,2022,Connectivity,"GetAdapterList also returned success, regardless if it failed or not.
Also, count wasn't initialized with 0."
WIFI-249167,WIFI,2022,Connectivity,See patches
WIFI-247522,WIFI,2022,Connectivity,"Sensing Algo adaptations:
- WA = 100 us
- channel 36
- logarithmic metric
- rest parameters similar to MSI 
 "
WIFI-247381,WIFI,2022,Connectivity,This issue is being handled on DCR-1934
WIFI-246831,WIFI,2022,Connectivity,"he fix for BadDmaRead was worng because it allocated on existing
aloocation and caused a memory leak.
afterward we freed the last memory, therefore the memory was zero.

the fix is to set it in temporal value and copy it back again afterward."
WIFI-244597,WIFI,2022,Connectivity,
WIFI-244514,WIFI,2022,Connectivity,"[BUGFIX] PHY: correct context data in Modify

Update context data at relevant part of code.
Also change assert to make sure lmac ID remains the same."
WIFI-243533,WIFI,2022,Connectivity,typo in DMA remapping registry section Netwta10->Netwaw10
WIFI-242638,WIFI,2022,Connectivity,missing FW input validation
WIFI-241078,WIFI,2022,Connectivity,"fixing rlcChainSettings registry key,
when trying to use only antenna A or only antenna B separately, the registry key doesn't work.
the solution is to fill the valid mask param from the custom config while receiving
the Rx chain."
WIFI-240803,WIFI,2022,Connectivity,"The AP assoc at 80MHz while in the TF it sends the secondary 80MHz RU is set.
The fix is to abort this TF and avoid the sysassert.
https://gerritwcs.ir.intel.com/c/wcd_fw-dev/+/20325"
WIFI-239407,WIFI,2022,Connectivity,"StartupPath was wrong, instead of using the setup.xml of the running installer, it used that setup.xml in the bundle package cache folder."
WIFI-236751,WIFI,2022,Connectivity,"reset the link quality parameters with INVALDATE and not with 0.
"
WIFI-236550,WIFI,2022,Connectivity,"LAR flow (or part of it) was not enable in XVT mode. 
This specific issue where we see that BIOS regulatory values (e.g. UNII4) not applied was added to driver in the last year (DCR722- Regulatory - unii4 enablement bitmap),
in LAR section which is excluded in xvt mode. 
The fix is to enable this section in xvt mode. "
WIFI-231421,WIFI,2022,Connectivity,issue with driver when reading the SAR table from BIOS
WIFI-230886,WIFI,2022,Connectivity,"LPI tables were applied in 6 GHz when geo profile=US or Power Profile=0. The fix is applying the LPI tables when Power Profile is 0 or 1, regardless of the geo profile."
WIFI-230034,WIFI,2022,Connectivity,Invalid command size for reduced tx power command v7
WIFI-229851,WIFI,2022,Connectivity,"When reseting the link quality params, need to reset the last report rate time to INVALID and not to 0."
WIFI-229648,WIFI,2022,Connectivity,"HE connection with AP zeroing the basic MCS NSS.

Fixing driver bug as a result of ""missing behavior"" DCR, which is dealing with AP that resets the HE capabilities basic MCS NSS IE."
WIFI-227547,WIFI,2022,Connectivity,"Combination of few issues:
1. PPE thresholds in GO were taken from assoc response instead of request
2. Originally PktExt was initialized to 64-QAM instead of NONE
3. Due to another bug, when peer reports HE PPE thresholds for 2 NSS, the thresholds were not filled for 2 NSS
4. Combination of above caused PPE thresholds to be configured for 64-QAM for 2 NSS before EHT PPE thresholds commit, then due to #3 to be configured to NONE."
WIFI-226810,WIFI,2022,Connectivity,"Installer fails to load dell.dll:
The installer is using the API SetDefaultDllDirectories() in order to prevent loading DLLs from unsecured locations.
Before the installer calls an API from dell.dll, it's using the API SetDllDirectory() which should allow the installer to find dell.dll, but since it already called SetDefaultDllDirectories(), the API SetDllDirectory() doesn't do anything and therefore the installer doesn't find dell.dll."
WIFI-226325,WIFI,2022,Connectivity,missing lib from BIOS to  get the right PCH serial port address per platform ( real fix will be in DSC in BIOS  - but we fixed it localy so we will not wait for BIOS fix )
WIFI-221587,WIFI,2022,Connectivity,"PIE is using an asynchronous method in order to send a bind event, in this case there was a racing condition between that method and the FreeLibrary call:
1) Asynchronous method is called.
2) Router frees the PIE IHV module while the method is still working.
3) The asynchronous method is still working while the main thread of the DLL that host that method is closed.
4) This causes Wlanext.exe process to remain open.
5) On driver enable, a new Wlanext.exe process is created.
6) Since there are 2 running Wlanext.exe processes, this means that the RPC server is still working in the old process which prevents creating a new RPC server connection in the new process.
7) PIE service tries to connect to the RPC server which is stuck on the old process, which makes the service to also be stuck."
WIFI-221315,WIFI,2022,Connectivity,DCR 1747 
WIFI-220023,WIFI,2022,Connectivity,"In old cores where HE wasn't exist when non UNII4 STA tries to connect to UNII4
AP that its channel and BW violate regulatory, the connection was reduced to HT
as VHT was disabled.
In new cores with HE support there is a requirement that if VHT doesn't exist
the STA can't connect in any mode.
In new code the VHT dsabled interpreted as VHT doesn't exist so combination of
VHT disabled and HE must have a VHT otherwise it won't connect in any mode."
WIFI-219771,WIFI,2022,BSOD,An assert during ExitBootServices resulted in NIC reset leaving it in powered on and running state with misconfigured DMA. When the OS boots it hits DMA violation which resulted in BSOD
WIFI-219088,WIFI,2022,Connectivity,DELL SKUs were added to INF starting 22.150 release
WIFI-218884,WIFI,2022,Connectivity,"In case of LB channel 11 @40MHz, if the lite regulatory limit is bigger than full regulatory limit by more than 2dB,
skip calibrating full region 0"
WIFI-216109,WIFI,2022,Connectivity,no sad notification was sent in stealth ap mode.
WIFI-214885,WIFI,2022,Connectivity,Open DPHY clock forced open at init after the assert. Closing it lowered the frequency of the issue.
WIFI-214403,WIFI,2022,Connectivity,"when driver waits for reset interrupt response, it has a timer of 200ms to
complete the flow in case of missing interrupt.
if in the same time assert arrives, the timer expiry is ignored and FW stop is stuck on the same state with no way to exit from it.
had to move state in case of FW not responsive"
WIFI-213810,WIFI,2022,Connectivity,
WIFI-210835,WIFI,2022,Connectivity,"'
Channel 149 is passive in EEPROM (not allowed for GO Activation)
If we hear an AP on channel 149, it becomes active (allowed for GO activation)
But the function which gets the valid channels for GO activation checked the original EEPROM info.
That info does not contain passive to active channel transitions, so it is not up to date.
Eventually we will not start on channel 149, because we don't know it is active.

"
WIFI-210732,WIFI,2022,Connectivity,"Driver took max num of SAR tables from NumberSARTables field for all bios revisions (8 in this case).
This change was done starting from 1.7 bios revision. 
For the previous revisions the max number of SAR tables shall stay to be static (12) and this was missed."
WIFI-210058,WIFI,2022,Connectivity,
WIFI-209459,WIFI,2022,Connectivity,closing Q in modify flow as firat stage 
WIFI-209086,WIFI,2022,Performance,"when surface BIOS is disabled, the sensor isn't initialized for
surface.
This means, every request from SAR manager will cause DBG_ASSERT and failure flow.
A side effect would be to not update the FW about the SAR. this will cause the
safety timer in the FW to expire (5 minutes timer) and will move them to safety
SAR values which cause throughput degradation.
There is not a clear enough requirement for this behaviour.
The fix was to ignore the assert and set the power to no restriction as
requested by SAR manager and send to FW."
WIFI-206402,WIFI,2022,Connectivity,"See patches. In short, the periodic scan tracking in the FW was flowed."
WIFI-205478,WIFI,2022,Connectivity,Q closing in modify PHY flow 
WIFI-205003,WIFI,2022,Connectivity,"The current feature bits contain more information about the channels,
e.g. if the channel is active it will be present in the current channel info but
not in the eeprom channel info.

Example flow:
Channel 149 is passive in EEPROM (not allowed for GO Activation)
If we hear an AP on channel 149, it becomes active (allowed for GO activation)
But the function which gets the valid channels for GO activation checked the original EEPROM info.
That info does not contain passive to active channel transitions, so it is not up to date.
Eventually we will not start on channel 149, because we don't know it is active."
WIFI-204710,WIFI,2022,Connectivity,"When we roam and selected better candidate than we are connected, so on task
roam which OS may want us to make it as FT one we can select an active entry as
the best candidate, for example if between roam needed and task roam we got a
beacon from a missed beacon AP. In such case the reassoc frame will turn to
assoc frame as we are connecting to the same AP and we will do the roam as non
FT cause the field in task roam to do FT roaming is for reassoc flow. So we do
non FT roam and OS will disconnect us right away once we associated."
WIFI-204470,WIFI,2022,Connectivity,"when after RF ON with FW reset we don't send 11d scan
but wait for the mcc update and a scan from OS after that.
The issue is that if we don't send 11d scan and OS triggers OS scans we are
dependent on that that mcc update will arrive and OS will continue trigger scans
and one will be arrived after mcc update and we will scan the UHB and if OS will
stop trigger scans and mcc update still wasn't arrived we will not be able to
scan UHB."
WIFI-203181,WIFI,2022,Connectivity,"master: 638f8fcc5f9c3cecefac6c3087e6a91d233fea1e
BIOS ACPI EWRD extended sets configuration
The ACPI EWRD table has static size for CDB and UHB case.
This table consists of 3 additional sets. Even if OEM specifies
less additional sets (e.g. 1 or 2), driver should parse this table
as if 3 sets exist and ignore the once not specified in the
additional set parameter. Technically, OEM should fill the non-
existing additional sets with 0, however, this condition is not really
verified here."
WIFI-203026,WIFI,2022,Connectivity,The explicit channel index of channel 165 was not supported
WIFI-201762,WIFI,2022,Connectivity,Bad OTP causes the FW to failed over secure boot flow
WIFI-199234,WIFI,2022,Connectivity,"master:  47d31aecd013a59f6db9a8c0c519088f827ec204
HE basic MCS NSS - ignore zero IE
WA for stations who neglect this IE and set 0 in basic HE MCS NSS
zeroing the whole IE, means 8 SS. Obviously, no AP requires STA
with minimum of 8 SS to connect to it basically, it is a spec violation,
or even misinterpretation of this IE for such cases, need to avoid this checker and return 1 (the minimum possible)
issue was seen with iphone13 soft AP which zeroed this IE."
WIFI-198009,WIFI,2022,Connectivity,"SCU to go to a too short idle time ,Top is rest, while MBX values are left intact."
WIFI-196810,WIFI,2022,Connectivity,Define of queue num is incorrect.
WIFI-196777,WIFI,2022,Connectivity,"cc67 fixes debug data collection reads, by adding the correct offset to read WPAL registers via AUX"
WIFI-196588,WIFI,2022,Connectivity,"Description: after this efa77533053f663458feb0931b1e5f36c2b96e80
was delivered we changed the logic of detecting old SN packets,
and relied on FW to tell the driver when the SN is old, looks like
the FW is not indicating this correctly in
the packet we receive.
which resulted in TPUT degradation in OPEN TCP connection
since we forwarded old packets to the OS TCP stack.
in secured connection there is no TPUT issue since the old packets
are dropped due to PN check for REPLAY ATTACK after the re-order
buffer phase and hence not forwarding it to the OS.
in UDP there is no degradation also since there is no congestion
control in UDP
the solution is to check the newly arrived sequence if it is
old sequence and to drop it in old sn check
we also added a check on the newNormSsn position related
to the reorder window, and if it is outside it
we move the window accordignly
"
WIFI-194337,WIFI,2022,Connectivity,work item did not start in WinT driver
WIFI-188998,WIFI,2022,Connectivity,The driver should send deauth frame when GO is stopped by OS to the connected clients and sholdn't when the origin of the request is in the driver.
WIFI-188545,WIFI,2022,Connectivity,"AP sends rts to wake station and cause open 2 antennas, STA sends CTS
AP sends first aggregation and CTS to self  in order not allow medium
to move to idle and keep 2 antennas ready before sending next aggregation
The bug is that in Solar L2P doesn't set L2P_GCSR_STAT_SE_CTRL_PENDING_MSK bit at MH parsing
for CTRL frames that not for us, and when we recevie CTRL frame not for us in solar we don't path
thought regular ctlr frame flow that allows to delay the air protection time and allow to receive the next RX MIMO frame before 1 antenna is closed
in solar we just update nav, and dump CTRL frames not for us
the fix is to add the same logic as in regular CTRL frames flow in solar nad add air protection delay if required (DSMPS)"
WIFI-187281,WIFI,2022,Connectivity,"Hi,

The root cause is that some APs on some channels for some reason misses BAs transmitted by STA
AP retransmit the aggregation, but because of the bug in Win Driver, STA indicates duplicated packets to OS (instead of drop them)
This bug was delivered as part of another bug fix, and was already fixed
Sha1 of the delivery that inserted the bug:
core67: e84aead3ff8820daa34924b8349afcd170a33e74
master: efa77533053f663458feb0931b1e5f36c2b96e80
Sha1 of the fix:
Core68: 8f9f96d98fbfa1968bbd9a080bfb5b6741116940
master: 58588350197f72ad4d51ad2d88fe3832d0ee9da2"
WIFI-186460,WIFI,2022,Connectivity,"Fixed by Nevo:
master 225d8f0c1f83ef4b25b6db6675fc4cf9d1e29410
double PLDR, once coming from OS while the other is requested by driver.
Ignore PLDR request in case that PLDR is already running"
WIFI-184317,WIFI,2021,Performance,new HW introduced a little latency causing delay in the FW resume process.
WIFI-177852,WIFI,2021,Performance,New HW causing latency in the FW handling the sus/res doorbell
WIFI-177227,WIFI,2021,Connectivity,"We are trying to send trigger based  TX with mcs 12
MCS is coming from received trigger frame (trig_type bf_rprt_poll_(0x1)) - usrMcs = 0xC
It cause WPAL assert with MOVE_2_RX_ERR status
added checker and drop the frame if usrMcs is illegal"
WIFI-161161,WIFI,2021,Connectivity,
WIFI-161160,WIFI,2021,Connectivity,'@wortzel yossi to specify citu change
WIFI-160485,WIFI,2021,Connectivity,"SW assumed that rate is in hard coded location. However, this wasnt correct for Gfp4 where 2 LMACs use different rates"
WIFI-158158,WIFI,2021,Connectivity,because of mitigation limitation some pair of channel can't work together until we relax in some way this limitation as part of DCR-1221
WIFI-150854,WIFI,2021,Connectivity,"AP can send CCF0 == 0 in VHT operationnal element and we should allow the
channel switch
We found that in spec of 2016 AP can send value 0 in VHT operational
element and we should not reject the CS request from AP in this case.

We saw the issue only now because of AP behavior"
WIFI-147603,WIFI,2021,Connectivity,Wrong use of PROPVARIANT structure.
WIFI-146383,WIFI,2021,Connectivity,DCR-1009 expansion to TyP
WIFI-144823,WIFI,2021,Connectivity,wrong calculation of tables offset used when 3 extended sets were used
WIFI-143257,WIFI,2021,Connectivity,"Same issue as WIFI-138076.
Fix in master."
WIFI-142814,WIFI,2021,Connectivity,"alive WD expired while alive  arrived.
FW stop cleaned job scheduler and handled the alive so event FW_IS_RESPONSIVE arrived in the middle of FW stop which was an unexpected event - driver error"
WIFI-142456,WIFI,2021,Connectivity,When there no bss ports and wiman init notification arrives we don't check that bssvif context exist
WIFI-142116,WIFI,2021,Connectivity,"master: 758e3d7c9f568fbc8fffa7168b5ed55c478d3284
USC fixes were merged to master."
WIFI-141955,WIFI,2021,Connectivity,wrong indexes used when formatted the bios data sent to FW
WIFI-141734,WIFI,2021,Connectivity,missing safety SAR table  send to FW after radio ON flow
WIFI-138076,WIFI,2021,Connectivity,"In case number of TX packets per second is more than 200 link quality
calculation is based on RSSI and TX phy rate (RSSI - 60%, TX phy rate - 40%).
Link quality = ((40 * currRate) / maxRate) + (60 * rssiLevel) / 100))
The bug is that in case of 6GHz we always set max link speed value to legacy due to incorrect condition when we update this value. Before we update maxRate we check if HT rate is not 0 but HT IE don’t exist in 6GHz leading to miscalculation of link quality (we divide current rate by legacy rate).
Fix:
Remove HT rate condition."
WIFI-136616,WIFI,2021,Connectivity,"Bad input from FW not checked properly.
Trusted the ENUM boundaries without verifying the input is in range."
WIFI-134765,WIFI,2021,Connectivity,"bug in commit e193e1e990842d13278817e870732a867ae9e598 - umac: solve compile warnings of quasarz jfp build.

fix was already delivered to core63 and on
see https://jira.idoc.intel.com/browse/WIFI-118863"
WIFI-131687,WIFI,2021,Connectivity,DPHY wasnt on when reading r2d2 registers
WIFI-131222,WIFI,2021,Connectivity,"same as wifi-120545 and WIFI-120530 (fragmented beacon caused NMI)
"
WIFI-131216,WIFI,2021,Connectivity,"WRT changed the parsing of the CDB table
driver changed the order of tables read from BIOS"
WIFI-128843,WIFI,2021,BSOD,"[BUGFIX] remove not needed lcmResetFlowFwMisbehaviorApi call of unexpectred
fragmented packet

Description: During fuzzing tests, fragmented beacon is injected, driver logic was to trigger
NMI and 0xF7E5 assert.
WREQ-36091 was updated:
""MSDUs or MMPDUs carried in a group addressed MPDU shall not be
fragmented , in case these are recieved (Attack case) the LMAC shall pass these
fragments to the driver and shall be handled (dropped) by the driver.""
Aligned rxNoDefragmentationInDriver UT according to the driver / WREQ change"
WIFI-127806,WIFI,2021,Performance,"until now for ThP, we limited TLC on 160Mhz mimo not to
get to mcs higher than mcs6 due to massive underruns
on old gen AMD platform, today on new platforms it appears this is not needed any more, and the customer verified that without the limitation there
are no issues.
so we changed the tlcMaxAllowedMcsForSlowPci regKey
to be unlocked and its default valut to be MCS9 i.e. without
limitation, and if the limitation is neede the customer can
use the regKey to limit the TLC to MCS6"
WIFI-127249,WIFI,2021,Performance,"“In the OMI (operating mode indication), there is a field “channel width”, Our driver set the wrong value and lead the low throughput afterward”"
WIFI-127245,WIFI,2021,Connectivity,"upon complete of RSSI test - tool zero rssi ordinal in diversity mode. RSSI is update only after statistics notification from FW and if RSSI was changed comparing to older RSSI (which kept in different var than the ordinal).
update the ordinal also when it equals to -95"
WIFI-125079,WIFI,2021,Connectivity,Wrong behavior in OS - WlanSvc initiates the same adapter twice.
WIFI-122367,WIFI,2021,Connectivity,"Fix for device list buffer - Instead of calculating the required size of buffer for the present devices, we are now calculating the size of the buffer according to all devices, so if we get only the present devices, the buffer will always be sufficient."
WIFI-120545,WIFI,2021,Connectivity,"same issue as WIFI-119771

Delivered fix to core62. Gerrit: https://git-amr-10.devtools.intel.com/gerrit/96753
SHA1 239862e57c991c7679be61287002908d8cc2f2d7

Delivered fix to core62 Master. Gerrit: https://git-amr-10.devtools.intel.com/gerrit/#/c/96904/
SHA1: 32b695c193def7b9036626d0d8a46d26ddf0d4e9

Issue does not exist in core26, core36, core51

Will not be fixed in core61"
WIFI-119886,WIFI,2021,Connectivity,"The driver save the device mac address as part of go negotiation.
Dut to missing of delete of the mac address in seconed attempt to open
a stand alone GO the driver think that this GO openning is part of
negotiation and choose an UNII channel."
WIFI-118153,WIFI,2021,Connectivity,"The issue occurs in such sequence driver entry, open adapter close adapter, open adapter, close adapter. Since EepromControlContext is freed on the close adapter, then on the next open adapter the pnvm images buffer, which was the member of it is null. Therefore the pnvm images buffer should be a static member of
ImageDb, exactly the same as FW raw images"
WIFI-116864,WIFI,2021,Connectivity,"A calibration was registered for a phy context, received the auxiliary context and then the desired phy context get invalidated. In this case, since there is no calibration to run , no message was sent to LMAC to do the calibartion, so the state machine in calibManager was stuck at state ""Running"""
WIFI-116368,WIFI,2021,Connectivity,"The peer AP reports it supports VHT in the probes/beacons, but in the association response then decides no VHT support at all.
This AP was regarded as misbehaving, thus did not connect to it."
WIFI-116224,WIFI,2021,BSOD,"BSOD related to NAPS algo of MSFT. not related to wifi driver.
wifi driver removed NAPS capabilities support from the driver to avoid OS NAPS calls."
WIFI-115705,WIFI,2021,Connectivity,"Double nbl release to OS in case of TX and Remove Peer Race.
During remove peer we get an NBL list with 2 packets
We Drop the first one due to DATA port being closed, we have continue*and we *DO NOT move to next nbl, but current nbl on the next iteration will be the same nbl.
Same nbl fails in classification and we try to indicate it to OS again."
WIFI-115241,WIFI,2021,Connectivity,"The root cause is that there is a wrong parsing of IE IE_EXTENSION_HE_CAPABILITIES as driver receives P2P probe request frame.

The wrong parsing result would cause driver to drop any P2P probe-request containing IE HE Capability."
WIFI-115075,WIFI,2021,Connectivity,"Same as WIFI-55146.

driver fail to recover cmd translation error.
Flow:
1) RX cmd translation return with error
2) We try to free mdu and the sharedMem inside it but we didn't set the sharedMem pointer yet
3) Tring to access null pointer

Fix:
Release pMduDesc only after we updated SharedMemDesc."
WIFI-114876,WIFI,2021,Connectivity,same as wifi-100063
WIFI-114425,WIFI,2021,Connectivity,
WIFI-114177,WIFI,2021,Connectivity,"When directory contains square brackets, Wix resolved the string in the square brackets, which caused the directory to be invalid."
WIFI-114175,WIFI,2021,BSOD,nvm commands 0x88 didnt response to the driver which caused to wd and yb. the fix is to flush the tfd queue in case of check for hang in init in order to abort the commands and try to reload the image. in such case we will have debug data and we will have another chance of making the fw work and prevent YB.
WIFI-111096,WIFI,2021,Connectivity,\\amr.corp.intel.com\ec\proj\DPGEC\iag\mwg\COMP_Builds\WIFI_ENG_2G\PHWFW03634_22.60.0.5\Layout
WIFI-109314,WIFI,2021,Connectivity,"The issue is big stack allocation
we found in the flow a function taking too much stack memory so we change it into dynamic allocation"
WIFI-108709,WIFI,2021,Connectivity,"the AP was set to (IMO) wrong not optimal rates bug supported by spec, so we add support for that corner case."
WIFI-108511,WIFI,2021,Connectivity,
WIFI-108499,WIFI,2021,Connectivity,"same as duplicated
Double nbl release to OS in case of TX and Remove Peer Race.
During remove peer we get an NBL list with 2 packets
We Drop the first one due to DATA port being closed, we have continue*and we *DO NOT move to next nbl, but current nbl on the next iteration will be the same nbl.
Same nbl fails in classification and we try to indicate it to OS again.

Fix:

In case the port is closed we will drop the packets in prvTxFlowHandleSglMapRequest instead of calling dpReportPacketCompleteApi.
prvTxFlowHandleSglMapRequest checks if the port is open and in case not drop the packet by calling txDropOsPacket."
WIFI-108137,WIFI,2021,Connectivity,
WIFI-107960,WIFI,2021,Connectivity, add support for starting with legacy in non legacy mode
WIFI-107205,WIFI,2021,Performance,"[duplicate] - fixed by Adivi.
68cd89b1e3eb4e3ab4313b83b75e885c65f43584
OS scan client timers - avoid freeing except of halt flow
Description: OS scan client wrongly free timers during the driver lifetime flows. This behavior is leading to potential race between OS SCAN timer, which is being deleted while the actual timer was already executed and being stuck in the JobScheduler. The Fix: do not delete/destroy timers except of halt flow.
https://cbjenkins-il.devtools.intel.com/teams-windows-wifi-driver/job/windows-wifi-driver/job/BSOD_PARSER_DEBUG/213/artifact/bsod_parse_output.json
"
WIFI-106949,WIFI,2021,Connectivity,FW - SAS misalignment
WIFI-106937,WIFI,2021,Connectivity,"The fix is to calculate offset correctly while we have copy tb operations in scenario of DMA BUG.
when handling DMA bug we do copy
operation for the physical address element (SGL) that
crosses the 4GB address (Aligned), the length that we copy
was not correct, phyAddrElementLen is the correct len to copy
otherwise in cases where numOfBytesToProcess is greater than
phyAddrElementLen we will add an additional TB operation that
we already covered in the copy operation
"
WIFI-106894,WIFI,2021,Connectivity,Don't update LKD triage data in case of driver assert.
WIFI-106138,WIFI,2021,Connectivity,fix has been implemented in WIFI-97469 
WIFI-104028,WIFI,2021,Connectivity,DeinitService() was called from Dot11ExtIhvDeinitAdapter instead of Dot11ExtIhvDeinitService.
WIFI-103118,WIFI,2021,Connectivity,double nbl release
WIFI-102936,WIFI,2021,Connectivity,"'
Double nbl release to OS in case of TX and Remove Peer Race.
During remove peer we get an NBL list with 2 packets
We Drop the first one due to DATA port being closed, we have continue*and we *DO NOT move to next nbl, but current nbl on the next iteration will be the same nbl.
Same nbl fails in classification and we try to indicate it to OS again.

Fix:

In case the port is closed we will drop the packets in prvTxFlowHandleSglMapRequest instead of calling dpReportPacketCompleteApi.
prvTxFlowHandleSglMapRequest checks if the port is open and in case not drop the packet by calling txDropOsPacket."
WIFI-102934,WIFI,2021,Connectivity,"The new SW reset flow added to fix IOSF issue (when NIC debug enable). this flow causes overheads on CSME IPC, so we adjusted it slightly."
WIFI-102805,WIFI,2021,Connectivity,DPHY wasnt pn on reading r2d2 registers
WIFI-101634,WIFI,2021,BSOD,The BSOD is because we access invalid memory in hmacQos in hqosHandleActiveBeaconChanged function. This is a connectivity issue that Jeffrey fixed in commit fd3438e90267ad4e60f45cfcaf439719cec63475 (CC60). This BSOD is with driver version without this fix(CC59).  
WIFI-101605,WIFI,2021,Connectivity,"Link speed drop from 867Mbps to 144Mbps due to bandwidth reduction algorithm (DCR-746) in a noisy environment even though we are not far from the AP.

Fix:
Limit the bandwidth reduction algorithm (DCR-746) to low RSSI (below -75) to prevent switch from 80MHz to 20MHz when we are near the AP."
WIFI-100811,WIFI,2021,Connectivity,Double nbl release to OS in case of TX and Remove Peer Race.
WIFI-100483,WIFI,2021,Connectivity,
WIFI-99246,WIFI,2021,Connectivity,"https://git-amr-10.devtools.intel.com/gerrit/#/c/87892/
https://git-amr-10.devtools.intel.com/gerrit/#/c/87891/

rficTrmCommands.txp2TrmStts is updated earlier than it should
be. Even in case of ready TXP output lines, the lmac gets a wrong indication
that txp was not ready.
"
WIFI-99011,WIFI,2021,Connectivity,
WIFI-96491,WIFI,2021,BSOD,"If the BSS VMAC is not active, we would return
VIF_ID_AND_COLOR_NOT_VALID, and then access the bQosEnabled array in
location 0xff.

Fix:
Prevent access to invalid memory in hmacQos.
Already been fixed by Jeffrey commit sha:fd3438e90267ad4e60f45cfcaf439719cec63475"
WIFI-96488,WIFI,2021,Connectivity,customer was using an old FW version
WIFI-96076,WIFI,2021,BSOD,"The issue was fixed and delivered before the bug was raised:https://git-amr-10.devtools.intel.com/gerrit/#/c/83206/.
We try to reach a memory out of the array's bound. If the BSS VMAC is not active, we would return
VIF_ID_AND_COLOR_NOT_VALID, otherwise we tried to access the bQosEnabled array in
location 0xff."
WIFI-95904,WIFI,2021,Connectivity,lmac changing on the fly for cck the used rate for short preamble
WIFI-95494,WIFI,2021,Connectivity,
WIFI-95229,WIFI,2021,Connectivity,"The new SW reset flow added to fix IOSF issue (when NIC debug enable). this flow causes overheads on CSME IPC, so we adjusted it slightly."
WIFI-95068,WIFI,2021,Connectivity,Used wrong define on repair.
WIFI-94420,WIFI,2021,Connectivity,explained in bug
WIFI-94345,WIFI,2021,Connectivity,na
WIFI-94201,WIFI,2021,Connectivity,issue fixed in core58
WIFI-93864,WIFI,2021,Connectivity,
BT-478793,BT,2026,Connectivity,
BT-477053,BT,2026,Connectivity,"Being in Peripheral role, our device was unable to sync to
Central for sometime. This was due to a WA in our code
not to allow piconet time info."
BT-471462,BT,2026,Connectivity,DevOps host Configuration issue  
BT-470036,BT,2026,Connectivity,"InstaDock timer state persisted across power cycles due to incomplete cleanup during device power transitions and removal events, leading to potential Bluetooth connectivity loss."
BT-466439,BT,2026,Connectivity,Lockdown issue is triggering the PLDR first which is dependent on Wifi. Also in discrete the existing design was to do the Intel hard reset. Now aligned with system to have FLR first and then escalate to PLDR in case of repeated issues. In platforms where PLDR is not supported it will go with hard reset
BT-465361,BT,2026,Connectivity,During encryption restart procedure while disconnect request from LEC Layer is pending due to reception of illegal PDU and another illegal PDU is received the LEC layer was initiating second disconnect request to already released link. This resulted in firmware encountering system exception.
BT-462046,BT,2026,Connectivity,No Support present for PTL+GFP for SST present.
BT-457776,BT,2026,Connectivity,"Root Cause 1: SAR PDO NULL Dereference
IbtPciInitMsftSarCreatePdos can fail during
PrepareHardware, leaving sarServicePdo NULL. Packet
handlers called SendUnsolicitedUpdatedRequest without
PDO validation, risking NULL pointer crash.

Root Cause 2: Resource Waste on PDO Failure
When PDO creation failed, SAR buffers, timers, locks,
and work items still allocated for unusable feature."
BT-456135,BT,2026,BSOD,"Device removal triggers BtFdPowerSensorContextDeInit() to
unregister WMI callback, but sensor notifications can arrive
during/after unregistration. The callback invokes with pContext
pointing to freed memory, causing CFG violation and BSOD."
BT-446431,BT,2026,Connectivity,Lockdown issue is triggering the PLDR first which is dependent on Wifi. Also in discrete the existing design was to do the Intel hard reset. Now aligned with system to have FLR first and then escalate to PLDR in case of repeated issues. In platforms where PLDR is not supported it will go with hard reset
BT-435740,BT,2026,Connectivity,Lockdown issue is triggering the PLDR first which is dependent on Wifi. Also in discrete the existing design was to do the Intel hard reset. Now aligned with system to have FLR first and then escalate to PLDR in case of repeated issues. In platforms where PLDR is not supported it will go with hard reset
BT-426709,BT,2026,Connectivity,"Scan index is assigned to a device sending legacy adv PDU,
where the variable bSendEvtToHost was not cleared from the
previous transaction. This will make postproc to send out
two messages to LC(one for legacy and one for extended adv)
HC will generate legacy adv PDU report and clears the assembly buffer.
Now when the second message is picked, assembly buffer is already
cleared, hence we get into accessing NULL buffer."
BT-425845,BT,2026,Connectivity,"Root cause:

We are switching to secondary channel only when primary offset is lesser than secondary offset. This is wrong, this will result in two problems,

When we received the primary packet at the beginning of the scan window, and it has a valid far aux offset. we will end up switching to secondary channel though secondary offset is still far. This makes bad utilization of remaining scan window and end up with fewer primary packet detection.
 When we received the primary packet at the end of the scan window, and it has a valid far aux offset. we will end up switching to primary channel though secondary offset is near. This makes secondary job to get into past and eventually we release the entry from scan data base. This will add delay for the detection for the secondary PDU."
BT-424580,BT,2026,Connectivity,"The HW RF Kill along with APM On conditions were not part of sanity coverage in build and release. This requires manaul testing effort as it is required to manually toggle the HW RF Kill switch on RVP / OEM designs.

On the Implementation side, When APM is turned off, driver creating the BT Stack child PDO without checking the HW RFKILL state. Driver shall not create BT stack PDO when the HW RF Kill asserted e post the APM off condition."
BT-420157,BT,2025,Connectivity,"While downloading the SCP+GFP (frozen) artifacts, the SCP+GFP config (which is SCP:PCI:PCI:Win10_UWDx64) was being added. For normal SCP + WhP/FmP/SpP, the same config was also being added. Because of this, duplicate HWIDs were being added to the ibtpci.inf file. This has now been removed and validated properly."
BT-418278,BT,2025,Connectivity,Certain shared memory registers were being incorrectly accessed during firmware download stage (transition to S0 State). This happens especially when debug data buffers are required to be accessed. These register addresses are not available during FW download and accessing them led to invalid memory access and this system exception
BT-418270,BT,2025,Connectivity,
BT-417451,BT,2025,Connectivity,This is Build configuration issue.
BT-417424,BT,2025,Connectivity,Incorrect handling of reception of LL_PHY_REQ PDU during encryption process.
BT-416988,BT,2025,Connectivity,Wrong index was used to check for the secondary job.
BT-415937,BT,2025,Connectivity,BT Discrete function (CNVd) wasn't called (the CNVi one was called)
BT-415901,BT,2025,Connectivity,"R-side debug configurations (Signal Analyzer, WDBG, DRIM) cause
race conditions due to unprotected CRF register reads without FIQ
protection. This workaround was previously enabled only for WhP
onwards but affects all CRF products from FmP.

Move SWWA_BT402383 definition from base_whp.cmake to base_fmp.cmake
to apply the workaround consistently across all affected platforms.

BT-404216 should handle the CRF read in a thread safe manner, when it
will be merged, we can remove SWWA_BT402383.
"
BT-412181,BT,2025,Connectivity,"Child PDOs are not registered to DFx. It needs two thing.
1. Idle timeout has to be ""SystemManaged"" and WdfPowerEnable registry has to be added under PDO/Device Parameters/WDF folder"
BT-410482,BT,2025,Connectivity,"In IML mode, on doing Target access to SMEM region address is not returning valid address, due to DBGC2 is not configured in IML mode.
Fix added to check, if invalid address is returned on indirect read of DBGC2, then don't access that region."
BT-410458,BT,2025,Connectivity,"Child PDOs are not registered to DFx. It needs two thing.
1. Idle timeout has to be ""SystemManaged"" and WdfPowerEnable registry has to be added under PDO/Device Parameters/WDF folder"
BT-407715,BT,2025,BSOD,"ChSel bit in Connect-Ind is set to 0x00 (ChSel1 )
though IUT supports ChSel2. But, link is setup
using ChSel2."
BT-407345,BT,2025,Connectivity,uninitialized null pointer in use in the code.
BT-405888,BT,2025,Connectivity,Timeout is expected in millisecond as per UEFI Spec instead it was in sec.
BT-401199,BT,2025,Connectivity,BT USC sending the commands on Invalid file handle due to Windows OS enumreated file handles in different order.
BT-399223,BT,2025,Connectivity,"The issue was in the function that handles the TX for the packet
header.
A race condition between the BMC pushing data towards BRI MP FIFO,
while the CSR write to TX modem TX FIFO (over BRI LP FIFO) did not
arrive to the CRF.
This causes, under specific timing conditions, cause the TX FIFO reset
to arrive to the CRF after the first MP BRI data (18 bit) arrive to
TX FIFO, leading to corrupt data seen over the other end.
This fix adds BRI dummy read before pushing bits through the BMC.
to ensure BRI CSR FIFO drains completely before triggering the
transfer, preventing the race condition."
BT-399215,BT,2025,Connectivity,"Due to heavy debug logging in PCIe driver module, Tx Rx interrupts were missed"
BT-398843,BT,2025,Connectivity,"Race condition between DRTU HCI enablement and DTS SW ISR.
Race happened during RMW functionality of 1 FW thread and a 2nd FW thread.
"
BT-393965,BT,2025,Connectivity,"When the data status of the adv report is truncated
MSFT module is not checking for the condition,
this will result in generating the adv report though
MSFT filters are not matched."
BT-393573,BT,2025,Connectivity,"FW HCI R side Debug access is not IRQ/FIQ protected, hence disrupting FIQ."
BT-393270,BT,2025,Connectivity,
BT-391853,BT,2025,Connectivity,"This is duplicate of jira https://jira.idoc.intel.com/browse/BT-391255. Fix for this issue has been merged with jira https://jira.idoc.intel.com/browse/BT-391255.

Root cause of this issue is:
In Scorpius DRTU uses OTP delay which is internally using GPT3
timer based delay is randomly conflicting with same GPT timer which
is already running from other context and this is triggering error
ERR_ID_HAL_UDELAY_GPT_ALREADY_RUNNING.

In order to remove this conflict, now we are using wall clock based delay instead in the OTP delay for Scorpius products.
"
BT-391836,BT,2025,Connectivity,
BT-390980,BT,2025,Connectivity,"Incase of back-to-back channel map updates, with Channel Map PDU's
priority higher than the Ping Req PDU, PING procedure almost never
gets a chance resulting in APTO."
BT-389267,BT,2025,Connectivity,"The development do not include PTL+GfP configuration as part of the CFA testing. This comes with earlier alignment that GfP will not be supported with PTL. However, the directions are changed to support PTL+GfP over the PCI at later stage and the testing for the same is never incorporated.
So no support for PTL+GFP over PCIe is existing previously."
BT-389207,BT,2025,Connectivity,The signature failure verification during the Firmware download is known ROM issue. The latest implementation from driver side replaces the Intel Hard reset command With W_DISABLE#2 toggle for effective recovery. This OEM needs to implement the BIOS changes also to improve the recovery mechanism. This has been already implemented as part of BT-370338. The same is being delivered to another customer.
BT-388798,BT,2025,Connectivity,
BT-387794,BT,2025,Connectivity,
BT-387391,BT,2025,BSOD,"WiAMT loads its WiFi FW very early (before BIOS runs),
WiFi FW runs FSEQ. As part of FSEQ it sets FINE locks (in particular AUX_HW_LOCK_2)
There is a logic in the top that prevent HW to write to registers when AUX_HW_LOCK_2 is set and relevant func_state is LOW
Relevant logic preventing BT OTP Reader (usee BT UMAC master) writing to Aux while BT func_state is LOW:
bt_umac_aux_connect_we_func_lock    = (~scu_aux_hw_lock_2 || bt_scu_func_state) && bt_umac_aux_connect_we;
When BIOS switches BT I/F to IOSF, BT HW kicks BT OTP Reader
OTP Reader tries writing to Aux register to enable OTP, but fails due to the early lock (BT func_state is LOW on this HW stage)
All next reads from OTP are failed since OTP is not enabled
BT config space remains with default values. In specific Sub_System_ID = 0x0000
OS doesn't load BT driver due to Sub_System_ID missmatch

Solution: AUX_HW_LOCK_2 (bit [8]) in SCU fine locks register (cnvi_scu_cnvi_scu_lock @0x6EAC)."
BT-385936,BT,2025,BSOD,"While BT driver is unloading, Wifi driver triggering Product reset which is causing synchronizing issues in BT-WIFI D2D which caused BT driver accessing registers after deallocation or after null caused the BSOD."
BT-384348,BT,2025,Connectivity,Instadock configuration Timer value changed to 25 seconds .
BT-380947,BT,2025,Connectivity,
BT-376190,BT,2025,Connectivity,"Old issue exposed by new 25H2 OS.
Set LE RX PHY_OPTIONS to default S8 instead of zero. In the
current design, during extended scanning, when synchronization occurs on
the primary 1M channel and the AuxPtr refers to an LE_CODED_PHY,
PHY_OPTIONS were not initialized. This fix ensures that default PHY
options are now initialized correctly."
BT-370338,BT,2025,Connectivity,"The issue is due to Low speed device detection in case of recovery flows when Intel Hard Reset command is issued to firmware upon lockdown state detection. This is a known limitation aligned with system team on the initial days. For this failure condition, it was not having right recovery mechanism due to UTMI limitations for USB re-enumeration. however, Based on System review with HW team, the possible mechanism to overcome this Low speed device detection is by resetting the UTMI aswell as BT USB device as part of _PRR recovery flow. This requires changes to both BIOS and driver side. As this is needs customer OEM BIOS changes, the new changes are getting deployed only incases where BIOS adopted. However, it is suggested to change from Intel Hard Reset to FLR based recovery to enable all the OEMs migrate smoothly."
BT-358388,BT,2025,Connectivity,"Using ACL link index instead on eSCO channel designator 
(Same RC as BT-316132)"
BT-358385,BT,2025,Connectivity,"https://jira.idoc.intel.com/browse/BT-313952 - Is the duplicate JIRA. Changes are part of 23.150 & mainline.
When AuxPtrInfo is invalid we are not storing the AdvDataId and SetId,
Further we are trying to get scanEventIndex which will be invalid(6),
we are not validating scanEventIndex. Going further trying to access
stLcLeMultiScanConfig with invalid scanEventIndex(6).
which can lead to wrong data. for this issue same thing is happening,
so we are not releasing the buffer (RxPldBuffer),
further hitting the exception"
BT-358365,BT,2025,YB/Lost,During Restart of the Reset request capability the version check is wrongly done which is causing the Reset request to be not active resulting in YB during a Top fatal error
BT-356174,BT,2025,Connectivity,
BT-352739,BT,2025,Connectivity,ATSx on both sides may cause CTO if no time overlap exists.
BT-352722,BT,2025,Connectivity,"Root cause:

We are switching to secondary channel only when primary offset is lesser than secondary offset. This is wrong, this will result in two problems,

When we received the primary packet at the beginning of the scan window, and it has a valid far aux offset. we will end up switching to secondary channel though secondary offset is still far. This makes bad utilization of remaining scan window and end up with fewer primary packet detection.
 When we received the primary packet at the end of the scan window, and it has a valid far aux offset. we will end up switching to primary channel though secondary offset is near. This makes secondary job to get into past and eventually we release the entry from scan data base. This will add delay for the detection for the secondary PDU."
BT-347530,BT,2025,Connectivity,Incorrect invalidation of HW cache for ADV Data pointer in secondary ADV packets.
BT-345671,BT,2025,Connectivity,"When there are multiple ADV sets are enabled, among these
sets, if one ADV set is connectable, and if this connectable adv
set gets into connection. We will update ADV piconet slot offset
and bit offset, later in the postproc, these values are copied to the
new peripheral connection piconet. But ADV piconet slotoffset and bit
offset values are not cleared. This will result in wrong timing
calculation for the ADV sets."
BT-345317,BT,2025,Connectivity,Missing fixes from master branch
BT-343402,BT,2025,Connectivity,There is a race condition seen when CFA App is running and sending IOCTL's along with RFKILL on/off scenario. 
BT-343021,BT,2025,Connectivity,
BT-340842,BT,2025,Connectivity,We were running out of scan index in LC layers as a result scan wasn't working until BT is on/off. It was fixed in 23.110 rev5 & later
BT-339140,BT,2025,Connectivity,
BT-339138,BT,2025,Connectivity,"For any HCI command sent from driver, driver implements loop to
check corresponding response with default Receive timeout of
HCI_TIMEOUT ( 4sec). However, if the Firmware keeps generating
event other than expected one, the timer loop continues beyond
the expected time indefinitely.
The Patch implements a additional timer to ensure that specified
command response is received within the timeout value to avoid
indefinite loops."
BT-338754,BT,2025,Connectivity,
BT-338701,BT,2025,Connectivity,
BT-337045,BT,2025,Connectivity,
BT-336074,BT,2025,Connectivity,Shared RF circuitry was not ON. 
BT-334467,BT,2025,Connectivity,"'
During the transaction we override a register that limits the BRI max length according to the packet length of the current transaction. The issue was that we didn't override this register on time, and then we were limited to the previous value that was configured. It was smaller than the current packet so the BMC didn't get all the bits it was expected. The MIC bits didn't arrive and we got endless polling for MIC ready."
BT-333608,BT,2025,Connectivity,"Assembly buffer and corresponding index was cleared,
when ext adv on primary channel is received during init
scan. Later when AUX_ADV_IND is received on secondary
channel, scan index and assembly buffer was validated,
here this check will fail, resulting in setting ADV data length
to zero. due to this, BC state was jumped to CRC read though
we have received a valid ADV PDU which has actual ADV data.
this CRC read fails, eventually we used to drop the ADV PDU.
Hence connection never worked with devices doing EXT ADV and
our device having only init scan.(no unified scan, means normal
scan and init scan running together)."
BT-332477,BT,2025,Connectivity,Ext Scan PDUs with far offset was not handled  post refactory as a result the assembly buffer which was allocated for both primary & secondary PDU was lost & it was accessing incorrect buffer while scheduling for sec pdus
BT-327293,BT,2025,Connectivity,"Rx stop flow included an AES termination handling that
included a busy-wait loop that got stuck and activated
a WD timer.
The flow was replace with a full BMC HW reset flow."
BT-326901,BT,2025,Connectivity,
BT-325007,BT,2025,Connectivity,"As part of Code refactoring and cleanup suggested based on
the new WREQs to support PPAG query status, the existing
Legacy code for UHB and LHB has been removed. As part of
the clean up, the Buffer length update is removed. This
resulted into upper layer receiving invalid buffer length.
The fix is made to return the proper buffer length as part
of IOCTL handling."
BT-324220,BT,2025,Connectivity,Rx TX buffer handling issue during connect-disconnect-reconnect
BT-322413,BT,2025,Connectivity,
BT-320590,BT,2025,Connectivity,"During the transaction we override a register that limits the BRI max length according to the packet length of the current transaction. The issue was that we didn't override this register on time, and then we were limited to the previous value that was configured. It was smaller than the current packet so the BMC didn't get all the bits it was expected. The MIC bits didn't arrive and we got endless polling for MIC ready."
BT-319591,BT,2025,Connectivity,"RX stop flow included AES termination that had a busy wait loop that got stuck.
The flow was replaced with a full BMC reset flow in case of Rx stop."
BT-316459,BT,2025,Connectivity,Rx event is not received from the controller.
BT-315828,BT,2025,Connectivity,"The ARL Hx product family goes with the MTL PCH-S, integrating Solar-F.
Solar GfP2 products support Dynamic CODEC loading feature to download
required CODEC image for AAC or LC3 on demand.

It is observed in some platform like ARL-Hx + GfP2, CODEC download is
taking more than 500ms in some corner case scenario. It is suspected
that the additional delay could be due to device entering into LPM L1
low power mode in between CODEC download."
BT-315352,BT,2025,Connectivity,Solar is from frozen branch and the change is not taken into this branch from mainline where the original fix was delivered.
BT-314297,BT,2025,Connectivity,All blocks of a2dp fifo was not flushed in case when A2dp flag was cleared on getting L2CAP disconnect from peripheral. Added check to do flush of the remaining block if suspend data flag is set irrespective of A2dp link flag.
BT-313947,BT,2025,Connectivity,A reset for EP and Glue at transaction end created conditions for extra EP interrupt.
BT-312806,BT,2025,Connectivity,Fix is integrated with https://gerritwcs.ir.intel.com/c/ibt_core-fw/+/174491
BT-310409,BT,2025,Connectivity,FW Bug while reporting exception to the host
BT-309302,BT,2025,Connectivity,"Same issue as in BT-293863. As it's coming from external source, not duplicate, only linking the JIRAs.
25WW3 weekly contains the fix:

SBHBTW_AT_WEEKLY1891_23.130.25033.60371 

For 23.120 branch, it is contained in:

SBHBTW_PP_REL60773_23.120.0.2

(merged by https://gerritwcs.ir.intel.com/c/ibt_core-fw/+/167501)

 
 "
BT-307873,BT,2025,Connectivity,"Same root cause as in BT-293863.
167413: [TASK] Add EP + Glue logic reset to BMC close down flow | https://gerritwcs.ir.intel.com/c/ibt_core-fw/+/167413

Was merged already to the branch which 23.120 is build from."
BT-307864,BT,2025,Connectivity,MIC failure is caused by RPA corruption in LE Scan Transactions due to improper RPA configuring for wrong ADV packet lengths
BT-307497,BT,2025,Connectivity,RPA HW should not be configured in case if ADV packet received with less than minimum length or FW unable to allocate buffer for PDU to be received.
BT-306577,BT,2025,Connectivity,"TX PKT INT arrived 2nd time after LE PDU header was pushed to the BMC HW.
The 2nd PKT INT treated as TX EQ INT and this cause 2nd order issues."
BT-306253,BT,2025,Connectivity,"Fix to the LE refactor which makes flushes the CRC bits are flushed out of the BMC HW in all cases was delivered to 23.110 (used for 23.120) at:
168742: [REFACTOR] Handling CRC bits for LE Scan | https://gerritwcs.ir.intel.com/c/ibt_core-fw/+/168742"
BT-305900,BT,2025,Connectivity,"The root cause is a timing issue where there is pending SCO interrupt which is handled after remove ISO Data path.

As LE Audio considers the ISR is not LE , the flow going to classic path and have exception.

Validation for classic and LE Audio flows after handling ISR is done."
BT-305574,BT,2025,Connectivity,
BT-305285,BT,2025,BSOD,"This fix adds synchronization of instadock timer handler and
driver recovery/unloading procedure. Synchronization is needed in the timer handler
to avoid BSOD due to driver BAR data deletion. This race condition scenario is really hard to reproduced."
BT-304026,BT,2024,Connectivity,"TX PKT INT arrived 2nd time after LE PDU header was pushed to the BMC HW.
The 2nd PKT INT treated as TX EQ INT and this cause 2nd order issues."
BT-303616,BT,2024,Connectivity,"Observed no sound output with A2dp SBC
offload use case when doing back to back
disconnect/reconnect flow.
This is due to all blocks of a2dp fifo was not
flushed.
Added flush logic for A2dp fifo in AVDTP
close flow as a WA to make sure previous
blocks are flushed."
BT-303389,BT,2024,Connectivity,AES header bypass is set by mistake by AES HW
BT-302534,BT,2024,BSOD,"This fix adds synchronization of instadock timer handler and
driver recovery/unloading procedure. Synchronization is needed in the timer handler
to avoid BSOD due to driver BAR data deletion. This race condition scenario is really hard to reproduced."
BT-302523,BT,2024,Connectivity,Wdfrequest handling in IoStop callback is not synchronized with other request handling contexts
BT-302282,BT,2024,Connectivity,"It is learnt that we should not access PCIe host cluster register
when device is in D3 state in S4/S5 state. These registers can be
accessed when device is in D3 in S0 state.

Driver is updating Sleep control register to 3 which is D3_RPREP state
when device is in D3 in S4/S5 state. Otherwise it will update sleep
control register to 2 which is D3 state.

Added additional check in firmware for device state for not being
PCIE_IPC_SLEEP_STATE_D3_RPREP state before granting access to
host cluster register."
BT-302266,BT,2024,Connectivity,"1. Corrected the flush function which clears the pending data packets
in the disconnection flow to use the descriptor to dequeue.
2. In the flush function if we try to derive the connection handle
using the link index it will result as INVALID connection handle
because HC layer clears the connection table by the time TL layer
starts to flush the data packets. to handle this case passing the
link index and traffic type to flush function.
3. Added code to flush the LE ACL data packet.
4. In TL layer added fatal exception if connection handle is
invalid for data packet."
BT-302258,BT,2024,Connectivity,"When USB_NO_SUCH_DEVICE happens while D2D is already established, the recovery will be initiated and the status of that is getting override with the error status which results in infinite loop of read handling"
BT-302212,BT,2024,Connectivity,"TX PKT INT arrived 2nd time after LE PDU header was pushed to the BMC HW.
The 2nd PKT INT treated as TX EQ INT and this cause 2nd order issues."
BT-301609,BT,2024,Connectivity,Double register write is resulting in double interrupt in FW which is causing unexpected alive in host driver
BT-301248,BT,2024,Connectivity,"TX PKT INT arrived 2nd time after LE PDU header was pushed to the BMC HW.
The 2nd PKT INT treated as TX EQ INT and this cause 2nd order issues."
BT-301207,BT,2024,Connectivity,
BT-301151,BT,2024,Connectivity,"TX PKT INT arrived 2nd time after LE PDU header was pushed to the BMC HW.
The 2nd PKT INT treated as TX EQ INT and this cause 2nd order issues."
BT-301137,BT,2024,Connectivity,"Same root cause as in BT-293863.
LE scan had residual bits in the HW pipe.
BT-307616 delivery cleans the HW pipe at the end of the flow.
https://gerritwcs.ir.intel.com/c/ibt_core-fw/+/167413 merged to 23.110, waiting for next release build"
BT-300783,BT,2024,Connectivity,"The ARL Hx product family goes with the MTL PCH-S, integrating Solar-F.
Solar GfP2 products support Dynamic CODEC loading feature to download
required CODEC image for AAC or LC3 on demand.

It is observed in some platform like ARL-Hx + GfP2, CODEC download is
taking more than 500ms in some corner case scenario. It is  suspected
that the additional delay could be due to device entering into LPM L1
low power mode in between CODEC download."
BT-300754,BT,2024,Connectivity,"While in init scan scan rsp PDU with CRC pkt was not handle as a result we were not release the scan index. And gradually as a side effect connection was not going through.
Handling of scan rsp with CRC is taken care as part this gerrit"
BT-298660,BT,2024,Connectivity,
BT-298285,BT,2024,Connectivity,"When SHR performed for recovery, due to driver state
mismatch, stack is not reloaded which caused connections
are disconnected and scan not working after recovery.
Fixing the driver state here before triggering a
SHR here to decide reload of stack required or not."
BT-297810,BT,2024,Connectivity,"When SHR performed for recovery, due to driver state
mismatch, stack is not reloaded which caused connections
are disconnected and scan not working after recovery.
Fixing the driver state here before triggering a
SHR here to decide reload of stack required or not."
BT-297803,BT,2024,Connectivity,"It is observed that when controller had a ACL/event packet to send to
host when device is in D3 state it attempted PME wake. At the time
of PME wake request host disabled PME wake enable. As PME wake
enable is disabled by host PME wake request for ACL/event/SCO
packets are not performed and these packets are not transmitted.

But as ACL/event packet transmit request was already initiated in the
D3 state and PME wake request also not asserted the expected transmit
complete for ACL/event didnt happen. This is the reason ACL/event
request mask remained disabled which blocks all further packet
transmission. Due to this events are getting accumulated in the event
buffer and finally fatal exception for event packet overflow is getting
triggered."
BT-297390,BT,2024,YB/Lost,"Issue happening when fw download happening, there is OS switch to other task for 2 secs which resulted in Intel reset to timeout and controller moved to unlocker state which is not detected by driver and tried to recover with soft reset which also failed resulted to YB. "
BT-295927,BT,2024,Connectivity,
BT-295267,BT,2024,Connectivity,"While processing a redo, another redo is resulting in current transaction data structure clearance as a result exception is seen."
BT-295258,BT,2024,Connectivity,"Because of back-to-back redo we are canceling the data structure involved in ongoing transaction.
Back-to-back redo is avoided which will prevent such exception"
BT-295204,BT,2024,Connectivity,TA provided for USB Low speed device detection
BT-294209,BT,2024,Connectivity,"Same issue as in BT-280279. can't duplicate an external bug to internal one.
"
BT-293879,BT,2024,Connectivity,"Below Issue were fixed for Scan Issue: 
1.  While in Init Scan &  generic Scan primary PDU, if we receive CRC PDUs, assembly buffers & scan Index were not released.
2. On receiving Directed Legacy PDUs assembly buffer & Scan index was not released.
3. On BC Stuck for le scan transac clearing of the assembly was missed,

"
BT-293165,BT,2024,Connectivity,"This issue has a  repro rate of 1/3000 and  hard to reproduce, which happens due to the  race condition in workitem CB execution during driver framework ""Release hardware"" callback. Here Workitem is not synchronized between the callback contexts."
BT-292580,BT,2024,Connectivity,Issue got fixed in 23.110 after the scan related fixes with respect to buffer exhaustion on CRC PDUs & a case of DIRECTED_ADV PDU fix went & also related to Scan BC statemachine fix
BT-292252,BT,2024,Connectivity,"Below Issue were fixed for Scan Issue: 
1.  While in Init Scan &  generic Scan primary PDU, if we receive CRC PDUs, assembly buffers & scan Index were not released.
2. On receiving Directed Legacy PDUs assembly buffer & Scan index was not released.
3. On BC Stuck for le scan transac clearing of the assembly was missed,

"
BT-291551,BT,2024,Connectivity,"Below Issue were fixed for Scan Issue: 
1.  While in Init Scan &  generic Scan primary PDU, if we receive CRC PDUs, assembly buffers & scan Index were not released.
2. On receiving Directed Legacy PDUs assembly buffer & Scan index was not released.
3. On BC Stuck for le scan transac clearing of the assembly was missed,"
BT-291118,BT,2024,Connectivity,"Below Issue were fixed for Scan Issue: 
1.  While in Init Scan &  generic Scan primary PDU, if we receive CRC PDUs, assembly buffers & scan Index were not released.
2. On receiving Directed Legacy PDUs assembly buffer & Scan index was not released.
3. On BC Stuck for le scan transac clearing of the assembly was missed,

"
BT-290511,BT,2024,Connectivity,Dx update double write which was a WA for door bell interrupt miss issue is now causing double interrupt to FW
BT-288498,BT,2024,Connectivity,"For BIOS version 0, Support is not present for ANT tool or BIOS tool used by customer earlier. This support is added as part of this Fix."
BT-288221,BT,2024,Connectivity,
BT-288217,BT,2024,Connectivity,"Boot Up Event was not received by PCIe driver and there was race aound contindion between FW and Driver. 

Now the PCIe driver in UEFI host does attempt to get boot up event after INtel Reset (post FW DL ) and then proceeds. 3 attempts are given to safe guard the Rx handling.  Vendor config.efi has the fix. "
BT-285445,BT,2024,Connectivity,
BT-285438,BT,2024,Connectivity,"It is observed that host driver is timing out as it is not getting ACK
for D0 entry doorbell interrupt in some corner case scenario during
stress test. It is confirmed from the debugging that controller was
getting doorbell interrupt but not getting sleep control status bit
set when driver transition from D3 to D0.

Actual issue is not root caused yet. But identified a workaround for
this issue. When doorbell interrupt is detected, and if status register
read it as zero, then it is assumed as sleep control doorbell is
missing. In such cases, sleep control state is compared with
previous state and if this is detected as transition, then sleep
control doorbell bit in the status register is set and processed as
if this bit is set by hardware."
BT-285437,BT,2024,Connectivity,"It is observed that host driver is timing out as it is not getting ACK
for D0 entry doorbell interrupt in some corner case scenario during
stress test. It is confirmed from the debugging that controller was
getting doorbell interrupt but not getting sleep control status bit
set when driver transition from D3 to D0.

Actual issue is not root caused yet. But identified a workaround for
this issue. When doorbell interrupt is detected, and if status register
read it as zero, then it is assumed as sleep control doorbell is
missing. In such cases, sleep control state is compared with
previous state and if this is detected as transition, then sleep
control doorbell bit in the status register is set and processed as
if this bit is set by hardware."
BT-284694,BT,2024,Connectivity,
BT-284403,BT,2024,Connectivity,"Below Issue were fixed for Scan Issue: 
1.  While in Init Scan &  generic Scan primary PDU, if we receive CRC PDUs, assembly buffers & scan Index were not released.
2. On receiving Directed Legacy PDUs assembly buffer & Scan index was not released.
3. On BC Stuck for le scan transac clearing of the assembly was missed,

"
BT-284395,BT,2024,Connectivity,"Below Issue were fixed for Scan Issue: 
1.  While in Init Scan &  generic Scan, primary PDU, if we receive CRC PDUs, assembly buffers & scan Index were not released.
2. On receiving Directed Legacy PDUs assembly buffer & Scan index was not released.
3. On BC Stuck for le scan transac clearing of the assembly was missed,

"
BT-284342,BT,2024,Connectivity,"In FW download time, getting Unspecified error followed by Signature verification failed, for which driver recovers with SHR only once in existing model and on next iteration PLDR triggered which is not working all the time on customer platform."
BT-284037,BT,2024,Connectivity,"It is observed that when controller had a ACL/event packet to send to
host when device is in D3 state it attempted PME wake. At the time
of PME wake host already initiated D0 entry before controller trigger
PME wake and host disabled wake enable. As wake enable is disabled
by host at the time of entering into D0 PME wake for ACL/event
packet is not performed and ACL packet not transmitted.

But as ACL/event packet transmit request was already initiated in the
D3 state and PME wake also not completed the expected transmit
complete for ACL/event didnt happen. This is the reason ACL/event
request mask remained disabled which blocks all further packet
transmission.

Due to this race condition between controller initiated D0 entry due to
PME wake trigger and host initiated D0 entry all packets are blocked
and further ACL or events for HCI commands started accumulating
in the buffer and finally fatal exception for event packet overflow
is getting triggered."
BT-284034,BT,2024,Connectivity,"Below Issue were fixed for Scan Issue: 
1.  While in Init Scan &  generic Scan primary PDU, if we receive CRC PDUs, assembly buffers & scan Index were not released.
2. On receiving Directed Legacy PDUs assembly buffer & Scan index was not released.
3. On BC Stuck for le scan transac clearing of the assembly buffer was missed,

"
BT-283405,BT,2024,Connectivity,Rx data which is not consumed yet from the BT UEFI driver and that being the possibility of the RX FIFO full on the FW side
BT-281519,BT,2024,Connectivity,"In some corner case scenario, MAC access was not getting enabled when
device exit from ULPM. In the code review, we found that function
pcie_enable_host_mac_access_Irq was called with additional
device state check, which is not really required from the ULPM flow
in tl_pcie_mac_restore.
"
BT-279639,BT,2024,Connectivity,"In FW download time, getting Unspecified error followed by Signature verification failed, for which driver recovers with SHR only once in existing model and on next iteration PLDR triggered which is not working all the time on customer platform."
BT-279638,BT,2024,Connectivity,
BT-278402,BT,2024,Connectivity,"It is a negative scenario. Which is difficult to achieve,
This is a corner where central might have violated the spec or the Poll pkt OTA got missed due to interference and we did hit this case.
"
BT-276753,BT,2024,Connectivity,Race condition between windows putting device to D3 and RX from the device
BT-276063,BT,2024,Connectivity,
BT-275111,BT,2024,Connectivity,"While doing nonce +1, wrap around value
calculation was ignoring the carry forward.
This resulted in different HMAC calculation on PC
and docking station, causing the fail to wakeup
issue."
BT-275082,BT,2024,Connectivity,"Below Issue were fixed for Scan Issue: 
1.  While in Init Scan &  generic Scan primary PDU, if we receive CRC PDUs, assembly buffers & scan Index were not released.
2. On receiving Directed Legacy PDUs assembly buffer & Scan index was not released.
3. On BC Stuck for le scan transac clearing of the assembly was missed,

"
BT-274326,BT,2024,Connectivity,"Unexpected failure in the  instadock beacon configuration  during RS mode Entry.  Due to this failure further beacon configuration is trying to access a memory , which is not supposed to access during D3 Non wakable Idle device state "
BT-274320,BT,2024,Connectivity,"Driver was able to detect  the RS mode device entry and able to configure the  instadock beacons (LE Advs). But additional check  was needed while updating the persistence mode enablement flag  . It was not Set to TRUE , which causes driver to call SHR and reset the beacon started for RS mode device state . This is an additional flow needed only for PCI driver .  "
BT-274316,BT,2024,Connectivity,"Race condition between windows putting device to D3 and RX from the device.
This has been fixed as part of BT-272556."
BT-272964,BT,2024,Connectivity,
BT-272586,BT,2024,Connectivity,Fix is done
BT-272556,BT,2024,Connectivity,Race condition between windows putting device to D3 and RX from the device
BT-271922,BT,2024,Connectivity,"Rootcause for why sometimes (typically seen once in 6 to 24 hours) the first bri indirect read fails is still under investigation. Infinete loop is converted to timed loop and if there is no response within 1ms, fatal exception is raised. The fatal exception helps to recover from the scenario and avoids USB transaction error. "
BT-271615,BT,2024,Connectivity,"https://jira.idoc.intel.com/browse/DCR-2705 
DCR-2705 has changes from Driver/Fw/Bios to resolve this issue.

"
BT-271587,BT,2024,YB/Lost,"TOP Fatal error being observed when moving from Dx to D0 transition and WiFi is not available during this state. When the WiFi is not available, BT will force to YB as the product reset support will not be available.

Fix: Requirements and new design changes updated to handle the case where WiFi is taking longer time to publish D2D interface.

"
BT-270241,BT,2024,Connectivity," Gracefully exiting the firmware download procedure if it fails for some reason.
"
BT-268871,BT,2024,Connectivity,
BT-267862,BT,2024,Connectivity,"Found LE ACL connection with intel
controller randomly times out after
~30mins to 1 hour on frozen branch.
This is due to syncslot being calculated
is sometimes incorrect leading to large
value of drift being calculated (~5ms).
Added a work around to avoid saving
current drift value if it exceeds
half of the sync window."
BT-266896,BT,2024,Connectivity,"Customer HW (mouse) works out of spec (still susception, and under investigation by Intel) . RC modulation index of GFSK.
WA implemented on MLSE also to be more robust on receiving wider range of modulation index. "
BT-266355,BT,2024,Connectivity,"memory leak in async timer callback.
memfree() called in PCIe driver. 
"
BT-266164,BT,2024,Connectivity,"For IdleD3 Settings, timeout type used was DriverManagedIdleTimeout which does not register to PoFx. So fix is to use SystemManagedIdleTimeout instead"
BT-264484,BT,2024,Connectivity,"This issue has been addressed in the jira BT-241260
Root cause was,
In the current implementation, there was a mismatch in the ULPM
Block/Unblock counter due to imbalanced call of functions
sc_PscLpmBlock and sc_PscLpmUnBlock in the TL PCIe layer.

Identified the redundant/multiple sc_PscLpmUnBlock call and fixed.
"
BT-264169,BT,2024,Connectivity,This is an integration (Driver + Firmware) bug in HP insta dock feature . It is observed that calculation to derive the Advertisement interval for HP beacon (which is  read from bios configuration) is not meeting the customer expectation.  We have the fix that handles the calculation in driver code now.
BT-263832,BT,2024,Connectivity,"While executing a D3 scenario, prior to entering D0, we observed incorrect PCIE context info, which we suspect is due to an unidentified bug in the hardware. Consequently, the firmware (FW) triggered a fatal exception, leading to a soft reset of the CPU. During this soft reset, we encountered an additional Top exception rewriting all original exception data that was alraedy recorded in persistent.

The details of this Top exception suggest an issue that occurred during the initialization of the FSEQ following the soft reset due to original exception. However, the extra details provided by the Top exception data was inconclusive as per Top team. We assume that the hardware may have already been in a bad state due to the original issue when FW attempted to program the FSEQ as part of the initialization after the soft reset.

Due to the current exception handling approach, we lacked adequate data for debugging.

Proposed Solution: To address this issue, systems suggested halting the CPU immediately after any exception occurs. This will allow the host to collect debug information related to the exception before the firmware proceeds further and trigger further exceptions due to any instability already in the system."
BT-263368,BT,2024,Connectivity,
BT-262766,BT,2024,Connectivity,Missing build target to differentiating between NPI versus KTBR.
BT-260840,BT,2024,Connectivity,
BT-260809,BT,2024,Connectivity,
BT-260523,BT,2024,Connectivity,"Rx handling of the Data path in the PCi driver handling is optimized. 
Increasing priority of the thread or Rx processing. 
Reducing the timeout to Async Data read routine."
BT-260505,BT,2024,Connectivity,
BT-258275,BT,2024,Connectivity," WDfRequestComplete with Unsuccessful is not an expected
return value for the stack. Corrected this while, HW error
event received in top error case where we will not fwd it
to stack, instead we complete the request with status
success."
BT-258267,BT,2024,Connectivity,Product reset by wifi during FW download is not handled properly in driver
BT-257956,BT,2024,Connectivity,
BT-257509,BT,2024,Connectivity,
BT-256995,BT,2024,Connectivity,
BT-256692,BT,2024,Connectivity,
BT-255107,BT,2024,Connectivity,FW download is failing in USB status io timeout and usb recovery is also failing. So perform PLDR instead
BT-253020,BT,2024,Connectivity,
BT-251408,BT,2024,Connectivity,
BT-249593,BT,2024,Connectivity,Issue is driver trying to read or access unallocated memory.
BT-248403,BT,2024,Connectivity,"ROM alive interrupt timeout in driver is 200ms, but in this issue case it came only after 250ms which resulted in this failure"
BT-248088,BT,2024,Connectivity,"OEM Tools (DRTU) using Intel Hard reset cmd to exit from DTM for Linked mode tests, but this resulted in BT on USB going to Low speed device which is random case but observed 1/10 times in DRTU tests. It is known issue from pulsar but we don't have a solution for Low speed device.
Also for ibtpci, Hard reset can move BT fw to bad state. So moving to ShHwreset for ibtpci instead of hard reset from applications"
BT-247776,BT,2024,Connectivity,Fix handles InstaDock Beacon Reconfiguration when windows enter into RS mode .
BT-247163,BT,2024,Connectivity,"he function dwc_otg_flush_in_ep_Irq() is called to flush both event and
ACL buffers. Event buffer is deallocated using hcapi_ReleaseEventBuf().
But by mistake ACL buffer also attempted to deallocate with the same
API hcapi_ReleaseEventBuf(). As ACL buffer pointers are not there in the
event buffer pointer database, ACL buffer deallocation attempt will end
with fatal exception.

Added additional check in the function dwc_otg_flush_in_ep_Irq() to
deallocate event buffer with API hcapi_ReleaseEventBuf() and ACL buffer
with tld_ReleaseDataBlock();"
BT-244631,BT,2024,Connectivity,"Usb Notify callback has a buffer for ""device symbolic name""
of type unicode string. Driver has to compare this string
with HPDock Vid string. This comparison logic was dereferencing
the callback buffer beyond its array boundary.
This fix handles the pointer offset count within the array
boundary."
BT-242267,BT,2024,Connectivity,"While powering down in reboot scenario, FDO is moving to D3 final and PDO moved to D2, but PDO went back to D0 due to an IOCTL received from MSFT stack and wdfrequestcomplete is done with STATUS_DEVICE_BUSY which is not accepted by the stack as per msdn which can accept only STATUS_SUCCESS and if fails with STATUS_CANCELLED with proper data. "
BT-241749,BT,2024,Connectivity,Missing integration of PPAG support in PCI Test mode driver.
BT-241656,BT,2024,Connectivity,"Hcitool was not having ibtpci transport support available.
Added the ibtpci transport support to the hcitool to inquired rdbdaddr in testmode and inquire other commands for operational driver

Removed registry-based driver detection, instead opening the device interface and reading the Bluetooth device driver string from the device manager."
BT-241289,BT,2024,Connectivity,"As part of Blank OTP identification, The frozen SKU Product Identifiers are not considered. This resulted into JfP being considered as Blank silicon."
BT-235950,BT,2024,Connectivity,"As part of Blank OTP identification, The frozen SKU Product Identifiers are not considered. This resulted into JfP being considered as Blank silicon."
BT-234714,BT,2024,Connectivity,DCR 2640
BT-224323,BT,2024,BSOD,"Root cause:

When device moving to D3 Final, Framework should remove the driver objects and corresponding pdo's associated, but in a case where DUT connecting with an external HD, which triggered device to move the DUT to D3 Final and while resuming back to D0, where the corresponding associated PDO's are not removed and so driver trying to create again on D0 entry caused the bugcheck."
BT-223470,BT,2024,BSOD,"Root cause:

When device moving to D3 Final, Framework should remove the driver objects and corresponding pdo's associated, but in a case where DUT connecting with an external HD, which triggered device to move the DUT to D3 Final and while resuming back to D0, where the corresponding associated PDO's are not removed and so driver trying to create again on D0 entry caused the bugcheck."
BT-216334,BT,2024,Connectivity,"The EB with the fix provided as part of jira BT-205148, with this EB the issue is not reproduced."
BT-213904,BT,2024,Connectivity,There is no requirement available for Folder naming conventions or Layout structure.  This has been identified as part of release layouts for PCI.
BT-213877,BT,2024,Connectivity,"In SSP procedure, when we have collision, not handled properly, the bit mask which is used to check collision is not used any where, we need to use the different bit mask, updated the check with proper bit mask to handle the collision.                                                                                              When the role is peripheral, while sending IO Capabilities response via lmp, we need to clear some of the states. like BTH21_SSP_LMP_IO_CAP_TX, BTH21_SSP_INITIATOR, Taken care of that."
BT-211940,BT,2024,Connectivity,WokItem for WakeReq is not closed gracefully in error conditions.
BT-209225,BT,2024,Connectivity,Missing Dx to D0 Implementation during Beta1 drop.
BT-208709,BT,2024,Connectivity,Root cause for Signature verification failure is not available yet. This is currently under investigation by ROM team.
BT-205823,BT,2023,Connectivity,Root cause for Signature verification failure is not available yet. This is currently under investigation by ROM team.
BT-205785,BT,2023,Connectivity,Root cause for Signature verification failure is not available yet. This is currently under investigation by ROM team.
BT-205482,BT,2023,Connectivity,"1: Change in HP bios configuration structure , was not aligned with driver configuration code .
2:  Regression due to CFA refactoring patch "
BT-205148,BT,2023,Connectivity,Root caused the issue to be same as BT-149082
BT-205123,BT,2023,Connectivity,"The previous fix of doing soft disconnect to recover from USB Erratic error was not working with integrated solution.
So protecting the USB soft disconnect on erratic error for discreate products only."
BT-204781,BT,2023,Connectivity,Root cause for Signature verification failure is not available yet. This is currently under investigation by ROM team.
BT-195182,BT,2023,Connectivity,"When device is D0, driver tries to schedule a wake request which failed in particular situation which caused IOCTL to fail. So driver can check the device state, if it is already in D0, driver will not send wakereq."
BT-194974,BT,2023,Connectivity,"When IOCTL for MSFT LE commands received from app, sniffing api for sniffing the cfa events is having a wrong check to filter msft commands separately."
BT-194945,BT,2023,Connectivity,"Host is sending a bad USB packet leading to the USB controller on the BT side stuck with an erratic error.
Recovery with soft disconnect is solving the USB stuck issue"
BT-189625,BT,2023,Connectivity,Root cause is not available yet. Debug is in progress from ROM side. Root cause to be tracked through BT-200018
BT-188974,BT,2023,Connectivity,Scripts changes
BT-188956,BT,2023,Connectivity,"Root cause is not available yet. Debug is in progress from ROM side.  Root cause to be tracked through BT-200018, BT-167825"
BT-188774,BT,2023,Connectivity,Build issue fixed in 23.10
BT-188132,BT,2023,Connectivity,"When Instadock feature is enabled, scan state change confirmation
message of LC is handled by TILE handlers though TILE feature is
not at all enabled.

Added a variable to track if offload scan is enabled by Instadock,
if so, then scan cfm msg from LC to be handled by the Instadock module."
BT-187756,BT,2023,Connectivity,Fix is in 23.10
BT-186855,BT,2023,Connectivity,"Host is sending a bad USB packet leading to the USB controller on the BT side stuck with an erratic error.
Recovery with soft disconnect is solving the USB stuck issue"
BT-186086,BT,2023,Connectivity,"See details at https://jira.idoc.intel.com/browse/BT-179325

"
BT-185348,BT,2023,Connectivity,"Issue:

When any IOCTL sent from app, While synchronizing these command/resp with KeWaitForSingleObject and KeSetEvent, LastCmdSent and LastRespRexd are reset after KeSetEvent and tx thread scheduled immediately sending next command which got synchronization issue.

Solution:

LastHciCmdSent and LastHciCmdRxd are reset and then signalled with KeSetEvent which resolved the synchronization of Tx and Rx threads."
BT-183232,BT,2023,HLK,"details in https://jira.idoc.intel.com/browse/BT-180465 
[HLK][22H2][GfP] Bluetooth - HciExtensionsV2 (Development and Integration) fails with received 0 advertisements, but expected at least 16."
BT-180619,BT,2023,Connectivity,There was a design gap when the aux pointer is far(>15ms) in primary adv for secondary adv. As a result we were hiting LC_BC_WATCH_DOG.
BT-179319,BT,2023,Connectivity,Feature support should be limited to solar and quasar products .  Future products does not requires this support
BT-178977,BT,2023,HLK,•	Certification in FCC was done wrongly with a version that did not reach to high power
BT-177620,BT,2023,Connectivity,"Adding HCI_LE_Set_Host_Channel_Classification to align with change in WREQ-194415

This requirement included comamnd for BR/EDR AFH channels configuration, but didn`t included the same command for LE. Misfit found by DRTU testing."
BT-177314,BT,2023,Connectivity,Same root cause as BT-143012. This is propagation JIRA to Solar+JfP branch.
BT-173841,BT,2023,Connectivity,Classic Mouse lags in Coex as result of redundant REDO_PREPROC processes and a wrong attempt/timeout offset calculation.
BT-173022,BT,2023,Connectivity,"In few cases we observed that L and R are not
in sync for Teams call for CIS connection.
This is due to DMA being configured in voice use
case as soon as first data path is set, added a check
to not queue buffers if tx path is not set."
BT-168393,BT,2023,Connectivity,"When Application is exercising stress test on CFA ADV API's through IOCTL's, synchronization between the IOCTL is missing due to missing last Sent HCI Command and Last Received HCI Event assignment check in the implementation."
BT-163505,BT,2023,Connectivity,"'
When statistic counters are reset by default, both ACL and SCO
counters are reset. However, if there is no active SCO connection,
the existing code still resets the counter, which can lead to the
reset of invalid memory.

Duplicate of https://jira.idoc.intel.com/browse/BT-148273"
BT-162869,BT,2023,Connectivity,There is a global device context stored in the driver extension which is added in device add callback and removed in device context cleanup. In the device reset scenario there is a race condition happening where new device add is happening before the previous device cleanup which is causing device be null in the driver ext.
BT-161655,BT,2023,Connectivity,"As per the Original Requirement, the Audio Offload feature enablement / disablement will be controlled at BIOS level. However, The OEMs will use Different configuration connectivity cards on the same BIOS. 
The GaP is POR for Audio Offload. However, OEM used TyP on the same MTL Platform for testing  and  resulted into Audio Offload configuration issue."
BT-154743,BT,2023,Connectivity,"Peer is accepting connection and making role switch.
Role switch is passing good however, Intel DUT (Peripheral now) is
sending LMP_Set_AFH following the role switch.

The root cause for this issue is a race between the processing of
RS message and lmp-accepted-for-host-conn-request-packet.

RS and LMP don't pass the same flow:
Role switch related messages:	BC-> LC-> LLC-> LM
PDU packet reception:		BC-> LC-> LM

Since PDU packet reception has fewer steps than RS, LM may move to the
new role (slave role) too late.
When lmp-accepted-for-host-conn-request-packet is received at LM,
LM layer can still be in the old role (master)
i.e., LM is in old role, and LC is in the new role.

As a fix, the setup complete process is postponed till RS message is
processed by LM layer."
BT-147291,BT,2023,Connectivity,"DRTU tool reports crash in ibtusc dll, when connect/disconnect
Apis are ran in a loop for many iterations.
Crash is observed randomly, when ReadAcl Rx thread handler
is not cleanup properly on disconnect api().This fix add
changes to exit/terminate Read thread synchronously whenever
disconnect api is called"
BT-147271,BT,2023,Connectivity,"'
In LC when we move to TTD switch FSM, we block reception of  LMP PDUs until LM layer is updated on the new  Role.
Once LM layer gets notified from LLC on new Role( on success / failure), it resumes the reception of LMP PDUs thus avoiding the race condition of role state across the threads(layers) in our FW."
BT-144316,BT,2023,Connectivity,Classic Mouse lags in Coex as result of redundant REDO_PREPROC processes and a wrong attempt/timeout offset calculation.
BT-144293,BT,2023,Connectivity,Tile support for HRP SKU was missed to add during refactoring of Cfa feature . .This fix  added it back  to provide the support for HRP and to resolve this issue 
BT-143012,BT,2023,Connectivity,The IOP device is using one extra byte in the beginning of the mSBC header as padding pdu. The fw implementation for mSBC cannot handled unaligned frames.  The current change is WA to allow this extra padding byte.
BT-141646,BT,2023,Connectivity,
BT-141643,BT,2023,Connectivity,"There was a BWA refactoring in 2016 time frame and the use case which is failing now was now never part of the general HID/A2DP use case where the bandwidth is completely exhausted because of continuous Rx traffic on a link.
It is seen only in a special gaming controller."
BT-138108,BT,2023,Connectivity,Added the functionality for valid short name to display in UI 
BT-138107,BT,2023,Connectivity,
BT-128355,BT,2023,Connectivity,Remove 32 bit installers
BT-122614,BT,2023,Connectivity,"CQDDR retransmit control algorithm checked that
we have a low modulation Packet Type(2DH1 in that case-EDR) that is different from the pending Packet Type that was DM1.
the fix is that the algorithm must change modulation only from high rate to low rate and not in any case the low rate is different from the pending Packet Type
to low."
BT-121288,BT,2023,Connectivity,"During an audio connection establishment, BT controller sends LMP_QoSReq
(LMP_QUALITY_OF_SERVICE_REQ) to the speaker. If the speaker responds
with LMP_NOT_ACCEPTED. the QoS parameters are not activated and we
transfer the Audio data as ACL BE instead of A2DP (Guaranteed service).
As a fix, the QoS parameters are activated if A2DP profile detected
(guaranteed service is selected) regardless of LMP_QoSReq response."
BT-114759,BT,2022,Connectivity,
BT-114748,BT,2022,Connectivity,
BT-112751,BT,2022,Connectivity,"The missing logic to release the LC channel map resources
after role switch results in exhaustion of the available
entries.Due to this AFH enabling fails resulting in
link loss. This fix de-links the reference to the link in
both active as well as inactive map and additionally
triggers fatal exception if the resource allocation fails
occurs."
BT-110058,BT,2022,Connectivity,"If the command is responded before synchronization event is cleared,
it would cause the wait timeout. To avoid missing the Signaling event,
we need to clear the Sync event before sending HCI command."
BT-108517,BT,2022,Connectivity,readytoboot is replaced with exitbootservices.
BT-107764,BT,2022,Connectivity,Race Condition between the WorkItem Scheduling and Clearing the Signalling event from the workiten which resulted in missing a signal.
BT-107763,BT,2022,Connectivity,"Peer is accepting connection and making role switch.
Role switch is passing good however, Intel DUT (Peripheral now) is
sending LMP_Set_AFH following the role switch.

The root cause for this issue is a race between the processing of
RS message and lmp-accepted-for-host-conn-request-packet.

RS and LMP don't pass the same flow:
Role switch related messages: BC-> LC-> LLC-> LM
PDU packet reception: BC-> LC-> LM

Since PDU packet reception has fewer steps than RS, LM may move to the
new role (slave role) too late.
When lmp-accepted-for-host-conn-request-packet is received at LM,
LM layer can still be in the old role (master)
i.e., LM is in old role, and LC is in the new role.

As a fix, the setup complete process is postponed till RS message is
processed by LM layer."
BT-107255,BT,2022,Connectivity,"Updating the check for Adv state disabled by the host during the last
transaction while in the current transaction new connection setup completed.
Fixing this it will send command complete event with success as expected
for adv disable during new connection setup."
BT-102649,BT,2022,Connectivity,This issues is already fixed in 22.190 through  BT-90433. 
BT-102626,BT,2022,Connectivity,"when dell driver is installed as lower filter driver, Acpi Method is seen failing due to failure in driver IO call (IocallDriver API). This failure is due to insufficent buffer size requested/provided by driver.  Here driver has to update the input buffer size with new buffer size requested by lower driver(dell) and retry the method again. This fixes the issue. "
BT-102177,BT,2022,Connectivity,
BT-101371,BT,2022,Connectivity,
BT-99082,BT,2022,Connectivity,ACL was not scheduled when ATSx is enabled and when A2DP is suspended
BT-93911,BT,2022,Connectivity,Legacy SAR values from bios were not taken into account in tx power limits
BT-85109,BT,2022,Connectivity,"When PLDR Abort timeout detected by BIOS, W_DISABLE#2 is not de-asserted even though PLDR Abort flow eventually completes.
Fix is in BIOS to de-assert W_DISABLE#2 upon PLDR abort timeout to bring back BT."
BT-84608,BT,2022,Connectivity,"""The New Slave sending NULL response to POLL packet after FHS-ID transaction and switching piconet on it's side. But if Master has not received this NULL, it keeps on trying for next 16frames for POLL-NULL. If new Slave has other activities along with this link, it might schedule normal POLL frame with priority with Slave Idle priority"".
Since this issue is Multiprofile along with other link, scan and LE ADV. Slave role is scheduling ADV or scan during these 16 POLL transactions from Master.
Solution proposed:

We don't have clear explanation from Specification, what to do in this particular scenario.
The solution right now trying is to boost scheduling priority of Slave link for 16frames immediately after Roleswitch. So that if new Master misses NULL in one frame, it might receive NULL in consecutive slots, provided no other high priority activity blocks this transaction."
BT-79890,BT,2022,Connectivity,In Encryption Pause resume during role switch process only the ACL channel is blocked and the LMP Max_slot_req and Power_cntr_req are not blocked and are being send before the encryption process is resumed. This cause the issue with encyrption payload counters and wrong transaction IDs due to role switch.
BT-79085,BT,2022,Connectivity,"1. While entering LPM, driver can expect events/acl data.      - not handled
2. And also, while entering LPM, complete packet need to be read recvd from controller. - not handled"
BT-77293,BT,2022,Connectivity,In Encryption Pause resume during role switch process only the ACL channel is blocked and the LMP Max_slot_req and Power_cntr_req are not blocked and are being send before the encryption process is resumed. This cause the issue with encyrption payload counters and wrong transaction IDs due to role switch.
BT-75664,BT,2022,Connectivity,"'
During hci reset, the controller was in the middle of a USB transfer.
After the transfer complete, the buffer was not freed immediately.
The buffers was getting freed in the transfer complete handler which is invoked after the soft reset. But by this time, the buffer pools are re-initialized and hence the free operations end-up with an exception due to the buffer pointer being invalid w.r.t. to the re-initialized pools."
BT-75518,BT,2022,Connectivity,"During hci reset, the controller was in the middle of a USB transfer.
After the transfer complete, the buffer was not freed immediately.
The buffers was getting freed in the transfer complete handler which is invoked after the soft reset. But by this time, the buffer pools are re-initialized and hence the free operations end-up with an exception due to the buffer pointer being invalid w.r.t. to the re-initialized pools."
BT-74293,BT,2022,Connectivity,"Tile was not re-configuring for S3/S4 resume scenario with ""wake on BT"" feature  and S3(sleep) power state is enabled in bios. This causes device state transition D2->D0  instead of  D3->D0  followed by HCI_Reset (MSFT initiated) , when DUT wakes up using power button(Non-BT). This hci_reset command was not expected by driver , which disables the currently activated tile advertisements. 
Fix is to detect this scenario and reconfigure the tile Advertisements  after HCI_Reset is issued .  "
BT-72972,BT,2022,Connectivity,"During Encryption setup procedure, in some cases multiple retransmission of LMP_Accepted, LMP_Key_Size_req was happening after the LMP_start_encryption request is initiated by Master. Which was causing the payload counter mismatch between Master and Slave.
Solution: Before transmitting lmp-start-enc-pdu, ensure that our ack for the
previous packet ( lmp accepted for key size ) is received. We can
confirm this when the remote device sends a NULL packet."
BT-71204,BT,2022,Connectivity,Due to the multiple role switch during the connection setup and Override link policy settings enabled the connection process was failing with multiple issues. Changes done as part of BT-70469 fixed this issue of avoiding multiple role switches.
BT-70476,BT,2022,Connectivity,"During pairing process, while calculating the DHkey, locally generated
key handle for that particular BR/EDR link to be fetched and validated.
To fetch the keyhandle( pertaining to the link), we pass link index, and this
index was wrong, resulting in fetching a wrong key handle for that link.

Wrong index is fetched, because the Array(au8SSPDHKeyRequestedId) holding
the identifiers has duplicate entries. But this array is expected to have unique identifiers
for each and every BR/EDR link.

Why Array has duplicate entries, because array is updated with identifiers
by incrementing a static variable( u8NextSSPDHKeyCalcId),in multiples of 2.
And this variable is unsigned integer which can hold a maximum of value 255.
And in case of multiple pair-unpair operations, this variable will wrap around.
So we may end up with duplicate entries in the array.
"
BT-70178,BT,2022,Connectivity,"In the scenario of Pulse duraiton = 0, Pulse interval =0, we will only reload Ring duration timer, pulse duration, interval timers will be inactive.
In fw, we should reload Ring duration timer for 60sec.
we are calling ring start timer, which already active and running, so timer set api not reloading timer when it's already active.
FW should stop the timer before everytime before reloading it."
BT-69628,BT,2022,Connectivity,The root cause is same as BT-59628. The remote device is like fuzzing device which is giving wrong input to BIT rate supported to 0. This eventually impacting the Codec.  The validation of the range of input is added.
BT-69625,BT,2022,Connectivity,
BT-66763,BT,2022,Connectivity,Due to the multiple role switch during the connection setup and Override link policy settings enabled the connection process was failing with multiple issues. Changes done as part of BT-70469 fixed this issue of avoiding multiple role switches.
BT-64576,BT,2022,Connectivity,"Issue not root cause yet.
Workaround by avoiding using the relevant access addresses in central role.
"
BT-64111,BT,2022,Connectivity,"Changing ATS2 Quota - A2DP Peripheral + Hid

DCR-1714 - Increase ATS2 quota for Peripheral A2DP and HID device with 10%
From 70% to 80%. "
BT-62054,BT,2022,Connectivity,FW changes included to set LMP Version based on the CNVr
BT-61701,BT,2022,BSOD,The AAC Codec output is varaible in size due to VBR.  The length information of the PDU is to be ended with non 0xFF value.  When the length of the AAC frame is like 510 which is 0xFF 0xFF there is need to add extra 0x00 byte for the decoder to consider AAC header complete and start reading data. This is an implementation bug.
BT-59628,BT,2022,Connectivity,"The cases like updating Object type, sampling frequency and channel mode value for AAC were not taken care.  
              Added validation, Code-Correction and UT cases for the same
    
  "
BT-59625,BT,2022,Connectivity,
BT-59398,BT,2022,Connectivity,"Windows Os is using different PowerActions to notify driver shutdown using command line and UI menu. Tile is configuring for  S5 based on the powerAction values. Now with the given fix, driver handles both the powerActions for S5."
BT-59152,BT,2022,Connectivity,"Upgrade notification will have mismatch when inf installation is done and MSI upgrade is performed on top of Inf.
"
BT-57947,BT,2022,Connectivity,implemented a Fw WA to adjust 16 bit offset in the input of the PCM. This avoids the Solar issue of Left and Right channel switching. Working with HW team on exact defect leading to this problem
BT-56985,BT,2022,Connectivity,3rd Party Msft - Fixed in rs_prerelease.220202-1427
BT-56390,BT,2022,Connectivity,"During D0exit hci response for VS command(set S5 state) is not read . This packet remains in USB rx buffer , and doesnot allow controller to go in Low power mode"
BT-55864,BT,2022,Connectivity,
BT-55022,BT,2022,Connectivity,"The AAC Codec output is varaible in size due to VBR.  The requirement to fit one AAC packet in 1 L2CAP PDU needs Constrained bit rate.

The Constrained bit rate is integrated to solve the problem of AAC packet going beyond L2CAP MTU and causing the far end device into bad state."
BT-55019,BT,2022,Connectivity,
BT-54243,BT,2021,Connectivity,
BT-54023,BT,2021,Connectivity,"Second Fix: The last fix for this was Revert of BT-57020
First Fix: The uninitized RAM buffer for DMA has some extra data in boundary cases and it is causing the bubble noise."
BT-54013,BT,2021,Connectivity,implemented a Fw WA to adjust 16 bit offset in the input of the PCM. This avoids the Solar issue of Left and Right channel switching. Working with HW team on exact defect leading to this problem
BT-51583,BT,2021,Connectivity,"We see an issue where firmware is stuck in USB TX fifo flush, when
core is in USB LPML1 sleep.
We also see early suspend interrupt status as set when this issue occurs,
even when 3ms has not elapsed since the last packet over the line.
If LPM L1 is disabled, issue is not reproduced."
BT-50885,BT,2021,Connectivity,Version was not done for file itself. It was hardcoded in the source and provided command line option.
BT-49477,BT,2021,Connectivity,Blacklisted requested cnvi/cnvr combinations
BT-49205,BT,2021,Connectivity,"Issue disappeared when LPM L1 feature is disabled in 22.90 branch

This fix has bee delivered as part of JIRA BT-49899"
BT-48937,BT,2021,Connectivity,"Issue disappeared when LPM L1 feature is disabled in 22.90 branch

This fix has been delivered as part of JIRA BT-49899"
BT-46763,BT,2021,Connectivity,"If an advertiser, that matches a filter condition but could not be monitored,
as all the entries are allocated and all existing monitored devices are received with higher RSSI
than the new received advertising, then this ADV report was discarded.

"
BT-46469,BT,2021,Connectivity,MSI naming during signing needed modification
BT-46230,BT,2021,Connectivity,"The issue is L2CAP Packet Cntr is supposed to be in sync with Fifo Buffers.

When Fifo buffers are cleared without proper update on the cntr,  the ACL link priority scheme always keep the ACL link in highest priority and  Inquiry / Page scan/LE scan kind of jobs will be impacted.

The fix is to update the cntr in sync with buffer free logic."
BT-46081,BT,2021,Connectivity,"LT_ADDR mismatch is the cause for the paging procedure to fail.

When we get page req from any device & post baseband connection if we don't succeed, on newconnection timeout we are not clearing the LT_ADDR stored against the same linkIndex.

On the subsequent paging on any LT_ADDR different from the previous failing LT_ADDR will result in mismatch because it has the old LT_ADDR retained & the because of design we OR the LT_ADDR in a link.

we clear the LT_ADDR in a linkindex only when we start the pagescan not in the subsequent resume pagescan post failed to establish a connection as seen above."
BT-45837,BT,2021,Connectivity,"3EV3, 2EV5, 3EV5 ,EV4, EV5 packets demands more than 60bytes of
coded data OTA. The codec cannot perform in this mode, so in
offloaded codec solution we need to disable this."
BT-45129,BT,2021,HLK,"EtwRegister/Unregister calls expected as per MSDN KMDF drivers to be under DriverEntry and unload. Currently in ibtusb driver, we have put it under device context under preparehardware and devicecleanup and HLK not able to detect these calls. So moved to driver context as per MSDN rules."
BT-44506,BT,2021,Connectivity,"The concurrent DMA access for OPP, A2DP Offload and  Data path from DRAM to RF path.  The peripheral bus is busy with mutliple concurrent copies. This is a workaround to reduce the load to avoid the data corruption in DRAM"
BT-44232,BT,2021,Connectivity,There is codec bug in limiting the packet length. Currently the change is WA to reduce the bit rate to 128kbps and there by reducing chance to exceed 640bytes mostly.  But final fix will be from codec and it is tracked under BT-49458.
BT-42169,BT,2021,Connectivity,
BT-41928,BT,2021,Connectivity,"Cobalt RTM build number was not available during the A2DP offload feature integration. Due to this, the check was implemented to enable A2DP offload for Windows  builds greater than 19041."
BT-40609,BT,2021,Connectivity,
BT-40297,BT,2021,Connectivity,"The checks for the assert are updated.
This does not have core (protocol) changes."
BT-39873,BT,2021,Connectivity,RCA document attached.
BT-37959,BT,2021,Connectivity,"Windows BT stack does not use LL Privacy yet. Hence, it is responsible for periodic refreshing of the random address of ADV instances it owns. The period is assumed to be 15 mins with a margin of +-1min. The address refresh works fine when the PC is in S0. But, when the PC is in Modern Connected Standby, Windows BT stack stops refreshing the random address due to a bug. This causes Privacy issue (device is trackable as the MAC address remains same for as long as the device is in Modern Standby) as well as a breakdown in SmartThings functionality.
Controller resets the GATT Instance Addr field in Offload ADV instance Service Data if the address has not been refreshed for an hour. The address in this field is used by the remote device to identify the connectable ADV coming from the same device. Even though a connectible ADV is present, due to the field being set to 0, the remote device cannot connect to the device causing SmartThings functionality to breakdown.
Privacy issue in Windows platforms can only be fixed by MSFT. So, that is out of scope of this jira ticket. The fix here is to make sure that SmartThings functionality will still work with the accepted loss of privacy.
The fix done is to not reset the GATT instance MAC address field on PID rotation 1 hr timer expiry while GATT ADV instance is still enabled for advertising.
"
BT-37632,BT,2021,Connectivity,"https://jira.idoc.intel.com/browse/BT-37453 is implemented.
"
BT-37615,BT,2021,Connectivity,Please refer RCR doc
BT-35919,BT,2021,HLK,"as mentioned earlier, the issue got introduced because of signing/certification issues from MSFT end. The same is overcome by preparing the 22.30 Rev2 host with the same FW & Host bases & getting the corresponding CAT files & recreating the respin build. Please find the NEW 22.30 rev2 equivalent T layout.
- https://ubit-artifactory-ba.intel.com/artifactory/ibt-binaries-ba-local/RELEASE/HOST/PHBTW29126_22.30.0.2_T_/Layout/"
BT-33735,BT,2021,Connectivity,
BT-26472,BT,2021,Connectivity,"During ACL IN EP data traffic, USB reset is de-allocating ACL IN EP buffer in the USB reset interrupt context. This asynchronous action in the USB interrupt context is leading to accessing NULL pointer in thread context while it is still processing the incoming ACL data packets. This was the cause for generating fatal exception due to NULL pointer access."
BT-25285,BT,2021,Connectivity,"There is a race between remote initiated wake and host initiated wait.
Host is sending a wake request(because of host initiated wakeuo) and firmware is expecting a wake response.
"
