2026-01-29 01:00:58,544 [WARNING] KRB5CCNAME not set; Kerberos will use the system default credential cache.
2026-01-29 01:00:58,544 [INFO] Kerberos credential cache in use: system default
2026-01-29 01:00:58,544 [INFO] Using Kerberos authentication; ensure 'kinit' has been run and KRB5CCNAME is set.
2026-01-29 01:00:58,544 [WARNING] SSL verification disabled for HSD API requests; set HSD_CA_CERT to enable.
2026-01-29 01:00:58,544 [INFO] HSD authentication mode in use: kerberos
2026-01-29 01:00:58,544 [INFO] Fetching bugs from saved query ID: 16021056445 (limit: 500)
2026-01-29 01:00:58,545 [INFO] Query URL: https://hsdes.intel.com/appstore/generalapps/#/pages/community/1203659509?queryId=16021056445
2026-01-29 01:00:58,545 [INFO] [Attempt 1/5] Trying endpoint: https://hsdes-api.intel.com/rest/query/16021056445
2026-01-29 01:00:58,545 [DEBUG] API request: GET https://hsdes-api.intel.com/rest/query/16021056445
2026-01-29 01:01:00,047 [INFO] Successfully fetched 7 bugs from query 16021056445
2026-01-29 08:29:41,152 [DEBUG] Using existing KRB5CCNAME=FILE:C:\Temp\krb5cache
2026-01-29 08:29:41,153 [INFO] Kerberos credential cache in use: FILE:C:\Temp\krb5cache
2026-01-29 08:29:41,153 [INFO] Using Kerberos authentication with cache FILE:C:\Temp\krb5cache
2026-01-29 08:29:41,153 [WARNING] SSL verification disabled for HSD API requests; set HSD_CA_CERT to enable.
2026-01-29 08:29:41,153 [INFO] HSD authentication mode in use: kerberos
2026-01-29 08:29:41,153 [INFO] Fetching bugs from saved query ID: 16021056445 (limit: 500)
2026-01-29 08:29:41,153 [INFO] Query URL: https://hsdes.intel.com/appstore/generalapps/#/pages/community/1203659509?queryId=16021056445
2026-01-29 08:29:41,153 [INFO] [Attempt 1/5] Trying endpoint: https://hsdes-api.intel.com/rest/query/16021056445
2026-01-29 08:29:41,153 [DEBUG] API request: GET https://hsdes-api.intel.com/rest/query/16021056445
2026-01-29 08:29:43,847 [INFO] Successfully fetched 7 bugs from query 16021056445
2026-01-29 09:11:35,112 [DEBUG] Using existing KRB5CCNAME=FILE:C:\Temp\krb5cache
2026-01-29 09:11:35,113 [INFO] Kerberos credential cache in use: FILE:C:\Temp\krb5cache
2026-01-29 09:11:35,113 [INFO] Using Kerberos authentication with cache FILE:C:\Temp\krb5cache
2026-01-29 09:11:35,113 [WARNING] SSL verification disabled for HSD API requests; set HSD_CA_CERT to enable.
2026-01-29 09:11:35,113 [INFO] HSD authentication mode in use: kerberos
2026-01-29 09:11:35,113 [INFO] Fetching bugs from saved query ID: 16021056445 (limit: 500)
2026-01-29 09:11:35,113 [INFO] Query URL: https://hsdes.intel.com/appstore/generalapps/#/pages/community/1203659509?queryId=16021056445
2026-01-29 09:11:35,113 [INFO] [Attempt 1/5] Trying endpoint: https://hsdes-api.intel.com/rest/query/16021056445
2026-01-29 09:11:35,113 [DEBUG] API request: GET https://hsdes-api.intel.com/rest/query/16021056445
2026-01-29 09:11:36,787 [INFO] Successfully fetched 7 bugs from query 16021056445
2026-01-29 09:17:11,050 [DEBUG] Using existing KRB5CCNAME=FILE:C:\Temp\krb5cache
2026-01-29 09:17:11,050 [INFO] Kerberos credential cache in use: FILE:C:\Temp\krb5cache
2026-01-29 09:17:11,050 [INFO] Using Kerberos authentication with cache FILE:C:\Temp\krb5cache
2026-01-29 09:17:11,050 [WARNING] SSL verification disabled for HSD API requests; set HSD_CA_CERT to enable.
2026-01-29 09:17:11,050 [INFO] HSD authentication mode in use: kerberos
2026-01-29 09:17:11,051 [INFO] Fetching bugs from saved query ID: 16021056445 (limit: 500)
2026-01-29 09:17:11,051 [INFO] Query URL: https://hsdes.intel.com/appstore/generalapps/#/pages/community/1203659509?queryId=16021056445
2026-01-29 09:17:11,051 [INFO] [Attempt 1/5] Trying endpoint: https://hsdes-api.intel.com/rest/query/16021056445
2026-01-29 09:17:11,051 [DEBUG] API request: GET https://hsdes-api.intel.com/rest/query/16021056445
2026-01-29 09:17:12,639 [INFO] Successfully fetched 7 bugs from query 16021056445
2026-01-29 09:18:24,017 [DEBUG] Using existing KRB5CCNAME=FILE:C:\Temp\krb5cache
2026-01-29 09:18:24,018 [INFO] Kerberos credential cache in use: FILE:C:\Temp\krb5cache
2026-01-29 09:18:24,018 [INFO] Using Kerberos authentication with cache FILE:C:\Temp\krb5cache
2026-01-29 09:18:24,018 [WARNING] SSL verification disabled for HSD API requests; set HSD_CA_CERT to enable.
2026-01-29 09:18:24,018 [INFO] HSD authentication mode in use: kerberos
2026-01-29 09:18:24,018 [INFO] Fetching bugs from saved query ID: 16021056445 (limit: 500)
2026-01-29 09:18:24,018 [INFO] Query URL: https://hsdes.intel.com/appstore/generalapps/#/pages/community/1203659509?queryId=16021056445
2026-01-29 09:18:24,018 [INFO] [Attempt 1/5] Trying endpoint: https://hsdes-api.intel.com/rest/query/16021056445
2026-01-29 09:18:24,018 [DEBUG] API request: GET https://hsdes-api.intel.com/rest/query/16021056445
2026-01-29 09:18:24,934 [INFO] Successfully fetched 7 bugs from query 16021056445
2026-01-29 11:37:06,828 [DEBUG] Using existing KRB5CCNAME=FILE:C:\Temp\krb5cache
2026-01-29 11:37:06,829 [INFO] Kerberos credential cache in use: FILE:C:\Temp\krb5cache
2026-01-29 11:37:06,829 [INFO] Using Kerberos authentication with cache FILE:C:\Temp\krb5cache
2026-01-29 11:37:06,829 [WARNING] SSL verification disabled for HSD API requests; set HSD_CA_CERT to enable.
2026-01-29 11:37:06,830 [INFO] HSD authentication mode in use: kerberos
2026-01-29 11:37:06,830 [INFO] Fetching bugs from saved query ID: 16021056445 (limit: 500)
2026-01-29 11:37:06,830 [INFO] Query URL: https://hsdes.intel.com/appstore/generalapps/#/pages/community/1203659509?queryId=16021056445
2026-01-29 11:37:06,830 [INFO] [Attempt 1/5] Trying endpoint: https://hsdes-api.intel.com/rest/query/16021056445
2026-01-29 11:37:06,830 [DEBUG] API request: GET https://hsdes-api.intel.com/rest/query/16021056445
2026-01-29 11:37:08,884 [INFO] Successfully fetched 7 bugs from query 16021056445
2026-01-29 11:42:04,569 [DEBUG] Using existing KRB5CCNAME=FILE:C:\Temp\krb5cache
2026-01-29 11:42:04,570 [INFO] Kerberos credential cache in use: FILE:C:\Temp\krb5cache
2026-01-29 11:42:04,570 [INFO] Using Kerberos authentication with cache FILE:C:\Temp\krb5cache
2026-01-29 11:42:04,570 [WARNING] SSL verification disabled for HSD API requests; set HSD_CA_CERT to enable.
2026-01-29 11:42:04,570 [INFO] HSD authentication mode in use: kerberos
2026-01-29 11:42:04,570 [INFO] Fetching bugs from saved query ID: 16021056445 (limit: 500)
2026-01-29 11:42:04,571 [INFO] Query URL: https://hsdes.intel.com/appstore/generalapps/#/pages/community/1203659509?queryId=16021056445
2026-01-29 11:42:04,571 [INFO] [Attempt 1/5] Trying endpoint: https://hsdes-api.intel.com/rest/query/16021056445
2026-01-29 11:42:04,571 [DEBUG] API request: GET https://hsdes-api.intel.com/rest/query/16021056445
2026-01-29 11:42:05,438 [INFO] Successfully fetched 7 bugs from query 16021056445
2026-01-29 11:43:56,663 [DEBUG] Using existing KRB5CCNAME=FILE:C:\Temp\krb5cache
2026-01-29 11:43:56,663 [INFO] Kerberos credential cache in use: FILE:C:\Temp\krb5cache
2026-01-29 11:43:56,664 [INFO] Using Kerberos authentication with cache FILE:C:\Temp\krb5cache
2026-01-29 11:43:56,664 [WARNING] SSL verification disabled for HSD API requests; set HSD_CA_CERT to enable.
2026-01-29 11:43:56,664 [INFO] HSD authentication mode in use: kerberos
2026-01-29 11:43:56,664 [INFO] Fetching bugs from saved query ID: 16021056445 (limit: 500)
2026-01-29 11:43:56,664 [INFO] Query URL: https://hsdes.intel.com/appstore/generalapps/#/pages/community/1203659509?queryId=16021056445
2026-01-29 11:43:56,664 [INFO] [Attempt 1/5] Trying endpoint: https://hsdes-api.intel.com/rest/query/16021056445
2026-01-29 11:43:56,665 [DEBUG] API request: GET https://hsdes-api.intel.com/rest/query/16021056445
2026-01-29 11:43:58,036 [INFO] Successfully fetched 7 bugs from query 16021056445
2026-01-29 12:29:10,480 [DEBUG] Using existing KRB5CCNAME=FILE:C:\Temp\krb5cache
2026-01-29 12:29:10,480 [INFO] Kerberos credential cache in use: FILE:C:\Temp\krb5cache
2026-01-29 12:29:10,481 [INFO] Using Kerberos authentication with cache FILE:C:\Temp\krb5cache
2026-01-29 12:29:10,481 [WARNING] SSL verification disabled for HSD API requests; set HSD_CA_CERT to enable.
2026-01-29 12:29:10,481 [INFO] HSD authentication mode in use: kerberos
2026-01-29 12:29:10,481 [INFO] Fetching bugs from saved query ID: 16021056445 (limit: 500)
2026-01-29 12:29:10,481 [INFO] Query URL: https://hsdes.intel.com/appstore/generalapps/#/pages/community/1203659509?queryId=16021056445
2026-01-29 12:29:10,481 [INFO] [Attempt 1/5] Trying endpoint: https://hsdes-api.intel.com/rest/query/16021056445
2026-01-29 12:29:10,481 [DEBUG] API request: GET https://hsdes-api.intel.com/rest/query/16021056445
2026-01-29 12:29:12,441 [INFO] Successfully fetched 4 bugs from query 16021056445
2026-01-29 13:42:01,720 [DEBUG] Using existing KRB5CCNAME=FILE:C:\Temp\krb5cache
2026-01-29 13:42:01,720 [INFO] Kerberos credential cache in use: FILE:C:\Temp\krb5cache
2026-01-29 13:42:01,720 [INFO] Using Kerberos authentication with cache FILE:C:\Temp\krb5cache
2026-01-29 13:42:01,721 [WARNING] SSL verification disabled for HSD API requests; set HSD_CA_CERT to enable.
2026-01-29 13:42:01,721 [INFO] HSD authentication mode in use: kerberos
2026-01-29 13:42:01,721 [INFO] Fetching bugs from saved query ID: 16021056445 (limit: 500)
2026-01-29 13:42:01,721 [INFO] Query URL: https://hsdes.intel.com/appstore/generalapps/#/pages/community/1203659509?queryId=16021056445
2026-01-29 13:42:01,721 [INFO] [Attempt 1/5] Trying endpoint: https://hsdes-api.intel.com/rest/query/16021056445
2026-01-29 13:42:01,721 [DEBUG] API request: GET https://hsdes-api.intel.com/rest/query/16021056445
2026-01-29 13:42:02,772 [INFO] Successfully fetched 4 bugs from query 16021056445
2026-01-29 13:45:52,573 [DEBUG] Using existing KRB5CCNAME=FILE:C:\Temp\krb5cache
2026-01-29 13:45:52,574 [INFO] Kerberos credential cache in use: FILE:C:\Temp\krb5cache
2026-01-29 13:45:52,574 [INFO] Using Kerberos authentication with cache FILE:C:\Temp\krb5cache
2026-01-29 13:45:52,574 [WARNING] SSL verification disabled for HSD API requests; set HSD_CA_CERT to enable.
2026-01-29 13:45:52,574 [INFO] HSD authentication mode in use: kerberos
2026-01-29 13:45:52,575 [INFO] Fetching bugs from saved query ID: 16021056445 (limit: 500)
2026-01-29 13:45:52,575 [INFO] Query URL: https://hsdes.intel.com/appstore/generalapps/#/pages/community/1203659509?queryId=16021056445
2026-01-29 13:45:52,575 [INFO] [Attempt 1/5] Trying endpoint: https://hsdes-api.intel.com/rest/query/16021056445
2026-01-29 13:45:52,575 [DEBUG] API request: GET https://hsdes-api.intel.com/rest/query/16021056445
2026-01-29 13:45:54,234 [INFO] Successfully fetched 4 bugs from query 16021056445
2026-01-29 13:54:20,260 [DEBUG] Using existing KRB5CCNAME=FILE:C:\Temp\krb5cache
2026-01-29 13:54:20,261 [INFO] Kerberos credential cache in use: FILE:C:\Temp\krb5cache
2026-01-29 13:54:20,261 [INFO] Using Kerberos authentication with cache FILE:C:\Temp\krb5cache
2026-01-29 13:54:20,261 [WARNING] SSL verification disabled for HSD API requests; set HSD_CA_CERT to enable.
2026-01-29 13:54:20,261 [INFO] HSD authentication mode in use: kerberos
2026-01-29 13:54:20,261 [INFO] Fetching bugs from saved query ID: 16021056445 (limit: 500)
2026-01-29 13:54:20,262 [INFO] Query URL: https://hsdes.intel.com/appstore/generalapps/#/pages/community/1203659509?queryId=16021056445
2026-01-29 13:54:20,262 [INFO] [Attempt 1/5] Trying endpoint: https://hsdes-api.intel.com/rest/query/16021056445
2026-01-29 13:54:20,262 [DEBUG] API request: GET https://hsdes-api.intel.com/rest/query/16021056445
2026-01-29 13:54:21,034 [INFO] Successfully fetched 4 bugs from query 16021056445
2026-01-29 14:00:40,586 [DEBUG] Using existing KRB5CCNAME=FILE:C:\Temp\krb5cache
2026-01-29 14:00:40,586 [INFO] Kerberos credential cache in use: FILE:C:\Temp\krb5cache
2026-01-29 14:00:40,586 [INFO] Using Kerberos authentication with cache FILE:C:\Temp\krb5cache
2026-01-29 14:00:40,587 [WARNING] SSL verification disabled for HSD API requests; set HSD_CA_CERT to enable.
2026-01-29 14:00:40,587 [INFO] HSD authentication mode in use: kerberos
2026-01-29 14:00:40,587 [INFO] Fetching bugs from saved query ID: 16021056445 (limit: 500)
2026-01-29 14:00:40,587 [INFO] Query URL: https://hsdes.intel.com/appstore/generalapps/#/pages/community/1203659509?queryId=16021056445
2026-01-29 14:00:40,587 [INFO] [Attempt 1/5] Trying endpoint: https://hsdes-api.intel.com/rest/query/16021056445
2026-01-29 14:00:40,587 [DEBUG] API request: GET https://hsdes-api.intel.com/rest/query/16021056445
2026-01-29 14:00:41,349 [INFO] Successfully fetched 4 bugs from query 16021056445
2026-01-29 14:09:19,854 [DEBUG] Using existing KRB5CCNAME=FILE:C:\Temp\krb5cache
2026-01-29 14:09:19,855 [INFO] Kerberos credential cache in use: FILE:C:\Temp\krb5cache
2026-01-29 14:09:19,855 [INFO] Using Kerberos authentication with cache FILE:C:\Temp\krb5cache
2026-01-29 14:09:19,855 [WARNING] SSL verification disabled for HSD API requests; set HSD_CA_CERT to enable.
2026-01-29 14:09:19,855 [INFO] HSD authentication mode in use: kerberos
2026-01-29 14:09:19,855 [INFO] Fetching bugs from saved query ID: 16021056445 (limit: 500)
2026-01-29 14:09:19,855 [INFO] Query URL: https://hsdes.intel.com/appstore/generalapps/#/pages/community/1203659509?queryId=16021056445
2026-01-29 14:09:19,856 [INFO] [Attempt 1/5] Trying endpoint: https://hsdes-api.intel.com/rest/query/16021056445
2026-01-29 14:09:19,856 [DEBUG] API request: GET https://hsdes-api.intel.com/rest/query/16021056445
2026-01-29 14:09:20,744 [INFO] Successfully fetched 4 bugs from query 16021056445
2026-01-29 18:23:54,952 [DEBUG] Using existing KRB5CCNAME=FILE:C:\Temp\krb5cache
2026-01-29 18:23:54,953 [INFO] Kerberos credential cache in use: FILE:C:\Temp\krb5cache
2026-01-29 18:23:54,953 [INFO] Using Kerberos authentication with cache FILE:C:\Temp\krb5cache
2026-01-29 18:23:54,953 [WARNING] SSL verification disabled for HSD API requests; set HSD_CA_CERT to enable.
2026-01-29 18:23:54,953 [INFO] HSD authentication mode in use: kerberos
2026-01-29 18:23:54,954 [INFO] Fetching bugs from saved query ID: 16021056445 (limit: 500)
2026-01-29 18:23:54,954 [INFO] Query URL: https://hsdes.intel.com/appstore/generalapps/#/pages/community/1203659509?queryId=16021056445
2026-01-29 18:23:54,954 [INFO] [Attempt 1/5] Trying endpoint: https://hsdes-api.intel.com/rest/query/16021056445
2026-01-29 18:23:54,954 [DEBUG] API request: GET https://hsdes-api.intel.com/rest/query/16021056445
2026-01-29 18:23:56,963 [INFO] Successfully fetched 4 bugs from query 16021056445
2026-01-29 21:17:26,095 [DEBUG] Using existing KRB5CCNAME=FILE:C:\Temp\krb5cache
2026-01-29 21:17:26,096 [INFO] Kerberos credential cache in use: FILE:C:\Temp\krb5cache
2026-01-29 21:17:26,096 [INFO] Using Kerberos authentication with cache FILE:C:\Temp\krb5cache
2026-01-29 21:17:26,096 [WARNING] SSL verification disabled for HSD API requests; set HSD_CA_CERT to enable.
2026-01-29 21:17:26,097 [INFO] HSD authentication mode in use: kerberos
2026-01-29 21:17:26,097 [INFO] Fetching bugs from saved query ID: 16021056445 (limit: 500)
2026-01-29 21:17:26,097 [INFO] Query URL: https://hsdes.intel.com/appstore/generalapps/#/pages/community/1203659509?queryId=16021056445
2026-01-29 21:17:26,097 [INFO] [Attempt 1/5] Trying endpoint: https://hsdes-api.intel.com/rest/query/16021056445
2026-01-29 21:17:26,097 [DEBUG] API request: GET https://hsdes-api.intel.com/rest/query/16021056445
2026-01-29 21:17:29,422 [INFO] Successfully fetched 4 bugs from query 16021056445
2026-01-30 14:19:03,738 [DEBUG] Using existing KRB5CCNAME=FILE:C:\Temp\krb5cache
2026-01-30 14:19:03,739 [INFO] Kerberos credential cache in use: FILE:C:\Temp\krb5cache
2026-01-30 14:19:03,739 [INFO] Using Kerberos authentication with cache FILE:C:\Temp\krb5cache
2026-01-30 14:19:03,740 [WARNING] SSL verification disabled for HSD API requests; set HSD_CA_CERT to enable.
2026-01-30 14:19:03,740 [INFO] HSD authentication mode in use: kerberos
2026-01-30 14:19:03,740 [INFO] Fetching bugs from saved query ID: 16021056445 (limit: 500)
2026-01-30 14:19:03,740 [INFO] Query URL: https://hsdes.intel.com/appstore/generalapps/#/pages/community/1203659509?queryId=16021056445
2026-01-30 14:19:03,740 [INFO] [Attempt 1/5] Trying endpoint: https://hsdes-api.intel.com/rest/query/16021056445
2026-01-30 14:19:03,741 [DEBUG] API request: GET https://hsdes-api.intel.com/rest/query/16021056445
2026-01-30 14:19:05,942 [INFO] Successfully fetched 5 bugs from query 16021056445
2026-01-31 17:04:03,101 [DEBUG] Using existing KRB5CCNAME=FILE:C:\Temp\krb5cache
2026-01-31 17:04:03,105 [INFO] Kerberos credential cache in use: FILE:C:\Temp\krb5cache
2026-01-31 17:04:03,106 [INFO] Using Kerberos authentication with cache FILE:C:\Temp\krb5cache
2026-01-31 17:04:03,107 [WARNING] SSL verification disabled for HSD API requests; set HSD_CA_CERT to enable.
2026-01-31 17:04:03,108 [INFO] HSD authentication mode in use: kerberos
2026-01-31 17:04:03,108 [INFO] Fetching bugs from saved query ID: 16021056445 (limit: 500)
2026-01-31 17:04:03,109 [INFO] Query URL: https://hsdes.intel.com/appstore/generalapps/#/pages/community/1203659509?queryId=16021056445
2026-01-31 17:04:03,109 [INFO] [Attempt 1/5] Trying endpoint: https://hsdes-api.intel.com/rest/query/16021056445
2026-01-31 17:04:03,110 [DEBUG] API request: GET https://hsdes-api.intel.com/rest/query/16021056445
2026-01-31 17:04:05,728 [INFO] Successfully fetched 5 bugs from query 16021056445
2026-02-05 16:07:06,496 [DEBUG] Using existing KRB5CCNAME=FILE:C:\Temp\krb5cache
2026-02-05 16:07:06,497 [INFO] Kerberos credential cache in use: FILE:C:\Temp\krb5cache
2026-02-05 16:07:06,497 [INFO] Using Kerberos authentication with cache FILE:C:\Temp\krb5cache
2026-02-05 16:07:06,498 [WARNING] SSL verification disabled for HSD API requests; set HSD_CA_CERT to enable.
2026-02-05 16:07:06,498 [INFO] HSD authentication mode in use: kerberos
2026-02-05 16:07:06,498 [INFO] Fetching bugs from saved query ID: 16021056445 (limit: 500)
2026-02-05 16:07:06,498 [INFO] Query URL: https://hsdes.intel.com/appstore/generalapps/#/pages/community/1203659509?queryId=16021056445
2026-02-05 16:07:06,498 [INFO] [Attempt 1/5] Trying endpoint: https://hsdes-api.intel.com/rest/query/16021056445
2026-02-05 16:07:06,499 [DEBUG] API request: GET https://hsdes-api.intel.com/rest/query/16021056445
2026-02-05 16:07:09,215 [INFO] Successfully fetched 7 bugs from query 16021056445
2026-02-06 01:33:45,064 [DEBUG] Using existing KRB5CCNAME=FILE:C:\Temp\krb5cache
2026-02-06 01:33:45,065 [INFO] Kerberos credential cache in use: FILE:C:\Temp\krb5cache
2026-02-06 01:33:45,065 [INFO] Using Kerberos authentication with cache FILE:C:\Temp\krb5cache
2026-02-06 01:33:45,066 [WARNING] SSL verification disabled for HSD API requests; set HSD_CA_CERT to enable.
2026-02-06 01:33:45,066 [INFO] HSD authentication mode in use: kerberos
2026-02-06 01:33:45,066 [INFO] Fetching bugs from saved query ID: 15019019900 (limit: 500)
2026-02-06 01:33:45,066 [INFO] Query URL: https://hsdes.intel.com/appstore/generalapps/#/pages/community/1203659509?queryId=15019019900
2026-02-06 01:33:45,066 [INFO] [Attempt 1/5] Trying endpoint: https://hsdes-api.intel.com/rest/query/15019019900
2026-02-06 01:33:45,067 [DEBUG] API request: GET https://hsdes-api.intel.com/rest/query/15019019900
2026-02-06 01:33:47,397 [INFO] Successfully fetched 292 bugs from query 15019019900
2026-02-06 10:26:35,044 [DEBUG] Using existing KRB5CCNAME=FILE:C:\Temp\krb5cache
2026-02-06 10:26:35,045 [INFO] Kerberos credential cache in use: FILE:C:\Temp\krb5cache
2026-02-06 10:26:35,045 [INFO] Using Kerberos authentication with cache FILE:C:\Temp\krb5cache
2026-02-06 10:26:35,045 [WARNING] SSL verification disabled for HSD API requests; set HSD_CA_CERT to enable.
2026-02-06 10:26:35,046 [INFO] HSD authentication mode in use: kerberos
2026-02-06 10:26:35,046 [INFO] Fetching bugs from saved query ID: 16021056445 (limit: 500)
2026-02-06 10:26:35,046 [INFO] Query URL: https://hsdes.intel.com/appstore/generalapps/#/pages/community/1203659509?queryId=16021056445
2026-02-06 10:26:35,046 [INFO] [Attempt 1/5] Trying endpoint: https://hsdes-api.intel.com/rest/query/16021056445
2026-02-06 10:26:35,047 [DEBUG] API request: GET https://hsdes-api.intel.com/rest/query/16021056445
2026-02-06 10:26:37,329 [INFO] Successfully fetched 7 bugs from query 16021056445
2026-02-06 11:15:03,993 [DEBUG] Using existing KRB5CCNAME=FILE:C:\Temp\krb5cache
2026-02-06 11:15:03,994 [INFO] Kerberos credential cache in use: FILE:C:\Temp\krb5cache
2026-02-06 11:15:03,994 [INFO] Using Kerberos authentication with cache FILE:C:\Temp\krb5cache
2026-02-06 11:15:03,994 [WARNING] SSL verification disabled for HSD API requests; set HSD_CA_CERT to enable.
2026-02-06 11:15:03,995 [INFO] HSD authentication mode in use: kerberos
2026-02-06 11:15:03,995 [INFO] Fetching bugs from saved query ID: 16021056445 (limit: 500)
2026-02-06 11:15:03,995 [INFO] Query URL: https://hsdes.intel.com/appstore/generalapps/#/pages/community/1203659509?queryId=16021056445
2026-02-06 11:15:03,995 [INFO] [Attempt 1/5] Trying endpoint: https://hsdes-api.intel.com/rest/query/16021056445
2026-02-06 11:15:03,995 [DEBUG] API request: GET https://hsdes-api.intel.com/rest/query/16021056445
2026-02-06 11:15:05,862 [INFO] Successfully fetched 7 bugs from query 16021056445
2026-02-06 23:27:31,886 [DEBUG] Using existing KRB5CCNAME=FILE:C:\Temp\krb5cache
2026-02-06 23:27:31,887 [INFO] Kerberos credential cache in use: FILE:C:\Temp\krb5cache
2026-02-06 23:27:31,887 [INFO] Using Kerberos authentication with cache FILE:C:\Temp\krb5cache
2026-02-06 23:27:31,887 [WARNING] SSL verification disabled for HSD API requests; set HSD_CA_CERT to enable.
2026-02-06 23:27:31,888 [INFO] HSD authentication mode in use: kerberos
2026-02-06 23:27:31,888 [INFO] Fetching bugs from saved query ID: 15019019900 (limit: 500)
2026-02-06 23:27:31,888 [INFO] Query URL: https://hsdes.intel.com/appstore/generalapps/#/pages/community/1203659509?queryId=15019019900
2026-02-06 23:27:31,888 [INFO] [Attempt 1/5] Trying endpoint: https://hsdes-api.intel.com/rest/query/15019019900
2026-02-06 23:27:31,888 [DEBUG] API request: GET https://hsdes-api.intel.com/rest/query/15019019900
2026-02-06 23:27:33,931 [INFO] Successfully fetched 292 bugs from query 15019019900
2026-02-07 11:05:11,891 [DEBUG] Using existing KRB5CCNAME=FILE:C:\Temp\krb5cache
2026-02-07 11:05:11,892 [INFO] Kerberos credential cache in use: FILE:C:\Temp\krb5cache
2026-02-07 11:05:11,892 [INFO] Using Kerberos authentication with cache FILE:C:\Temp\krb5cache
2026-02-07 11:05:11,893 [WARNING] SSL verification disabled for HSD API requests; set HSD_CA_CERT to enable.
2026-02-07 11:05:11,893 [INFO] HSD authentication mode in use: kerberos
2026-02-07 11:05:11,893 [INFO] Fetching bugs from saved query ID: 15019019900 (limit: 500)
2026-02-07 11:05:11,893 [INFO] Query URL: https://hsdes.intel.com/appstore/generalapps/#/pages/community/1203659509?queryId=15019019900
2026-02-07 11:05:11,893 [INFO] [Attempt 1/5] Trying endpoint: https://hsdes-api.intel.com/rest/query/15019019900
2026-02-07 11:05:11,893 [DEBUG] API request: GET https://hsdes-api.intel.com/rest/query/15019019900
2026-02-07 11:05:14,084 [INFO] Successfully fetched 292 bugs from query 15019019900
2026-02-07 11:15:03,540 [DEBUG] Using existing KRB5CCNAME=FILE:C:\Temp\krb5cache
2026-02-07 11:15:03,540 [INFO] Kerberos credential cache in use: FILE:C:\Temp\krb5cache
2026-02-07 11:15:03,540 [INFO] Using Kerberos authentication with cache FILE:C:\Temp\krb5cache
2026-02-07 11:15:03,541 [WARNING] SSL verification disabled for HSD API requests; set HSD_CA_CERT to enable.
2026-02-07 11:15:03,541 [INFO] HSD authentication mode in use: kerberos
2026-02-07 11:15:03,541 [INFO] Fetching bugs from saved query ID: 16021056445 (limit: 500)
2026-02-07 11:15:03,541 [INFO] Query URL: https://hsdes.intel.com/appstore/generalapps/#/pages/community/1203659509?queryId=16021056445
2026-02-07 11:15:03,541 [INFO] [Attempt 1/5] Trying endpoint: https://hsdes-api.intel.com/rest/query/16021056445
2026-02-07 11:15:03,541 [DEBUG] API request: GET https://hsdes-api.intel.com/rest/query/16021056445
2026-02-07 11:15:05,128 [INFO] Successfully fetched 7 bugs from query 16021056445
2026-02-07 11:27:22,227 [DEBUG] Using existing KRB5CCNAME=FILE:C:\Temp\krb5cache
2026-02-07 11:27:22,228 [INFO] Kerberos credential cache in use: FILE:C:\Temp\krb5cache
2026-02-07 11:27:22,228 [INFO] Using Kerberos authentication with cache FILE:C:\Temp\krb5cache
2026-02-07 11:27:22,228 [WARNING] SSL verification disabled for HSD API requests; set HSD_CA_CERT to enable.
2026-02-07 11:27:22,228 [INFO] HSD authentication mode in use: kerberos
2026-02-07 11:27:22,228 [INFO] Fetching bugs from saved query ID: 15019019900 (limit: 500)
2026-02-07 11:27:22,228 [INFO] Query URL: https://hsdes.intel.com/appstore/generalapps/#/pages/community/1203659509?queryId=15019019900
2026-02-07 11:27:22,228 [INFO] [Attempt 1/5] Trying endpoint: https://hsdes-api.intel.com/rest/query/15019019900
2026-02-07 11:27:22,229 [DEBUG] API request: GET https://hsdes-api.intel.com/rest/query/15019019900
2026-02-07 11:27:23,626 [INFO] Successfully fetched 292 bugs from query 15019019900
2026-02-07 11:35:36,539 [DEBUG] Using existing KRB5CCNAME=FILE:C:\Temp\krb5cache
2026-02-07 11:35:36,540 [INFO] Kerberos credential cache in use: FILE:C:\Temp\krb5cache
2026-02-07 11:35:36,540 [INFO] Using Kerberos authentication with cache FILE:C:\Temp\krb5cache
2026-02-07 11:35:36,541 [WARNING] SSL verification disabled for HSD API requests; set HSD_CA_CERT to enable.
2026-02-07 11:35:36,541 [INFO] HSD authentication mode in use: kerberos
2026-02-07 11:35:36,542 [INFO] Fetching bugs from saved query ID: 15019019900 (limit: 500)
2026-02-07 11:35:36,542 [INFO] Query URL: https://hsdes.intel.com/appstore/generalapps/#/pages/community/1203659509?queryId=15019019900
2026-02-07 11:35:36,542 [INFO] [Attempt 1/5] Trying endpoint: https://hsdes-api.intel.com/rest/query/15019019900
2026-02-07 11:35:36,542 [DEBUG] API request: GET https://hsdes-api.intel.com/rest/query/15019019900
2026-02-07 11:35:38,211 [INFO] Successfully fetched 292 bugs from query 15019019900
2026-02-07 11:43:29,673 [DEBUG] Using existing KRB5CCNAME=FILE:C:\Temp\krb5cache
2026-02-07 11:43:29,674 [INFO] Kerberos credential cache in use: FILE:C:\Temp\krb5cache
2026-02-07 11:43:29,674 [INFO] Using Kerberos authentication with cache FILE:C:\Temp\krb5cache
2026-02-07 11:43:29,675 [WARNING] SSL verification disabled for HSD API requests; set HSD_CA_CERT to enable.
2026-02-07 11:43:29,675 [INFO] HSD authentication mode in use: kerberos
2026-02-07 11:43:29,675 [INFO] Fetching bugs from saved query ID: 15019019900 (limit: 500)
2026-02-07 11:43:29,675 [INFO] Query URL: https://hsdes.intel.com/appstore/generalapps/#/pages/community/1203659509?queryId=15019019900
2026-02-07 11:43:29,676 [INFO] [Attempt 1/5] Trying endpoint: https://hsdes-api.intel.com/rest/query/15019019900
2026-02-07 11:43:29,676 [DEBUG] API request: GET https://hsdes-api.intel.com/rest/query/15019019900
2026-02-07 11:43:31,054 [INFO] Successfully fetched 292 bugs from query 15019019900
2026-02-09 11:15:18,614 [DEBUG] Using existing KRB5CCNAME=FILE:C:\Temp\krb5cache
2026-02-09 11:15:18,616 [INFO] Kerberos credential cache in use: FILE:C:\Temp\krb5cache
2026-02-09 11:15:18,617 [INFO] Using Kerberos authentication with cache FILE:C:\Temp\krb5cache
2026-02-09 11:15:18,618 [WARNING] SSL verification disabled for HSD API requests; set HSD_CA_CERT to enable.
2026-02-09 11:15:18,618 [INFO] HSD authentication mode in use: kerberos
2026-02-09 11:15:18,619 [INFO] Fetching bugs from saved query ID: 16021056445 (limit: 500)
2026-02-09 11:15:18,619 [INFO] Query URL: https://hsdes.intel.com/appstore/generalapps/#/pages/community/1203659509?queryId=16021056445
2026-02-09 11:15:18,619 [INFO] [Attempt 1/5] Trying endpoint: https://hsdes-api.intel.com/rest/query/16021056445
2026-02-09 11:15:18,620 [DEBUG] API request: GET https://hsdes-api.intel.com/rest/query/16021056445
2026-02-09 11:15:20,382 [INFO] Successfully fetched 7 bugs from query 16021056445
2026-02-10 11:15:06,102 [DEBUG] Using existing KRB5CCNAME=FILE:C:\Temp\krb5cache
2026-02-10 11:15:06,103 [INFO] Kerberos credential cache in use: FILE:C:\Temp\krb5cache
2026-02-10 11:15:06,104 [INFO] Using Kerberos authentication with cache FILE:C:\Temp\krb5cache
2026-02-10 11:15:06,104 [WARNING] SSL verification disabled for HSD API requests; set HSD_CA_CERT to enable.
2026-02-10 11:15:06,104 [INFO] HSD authentication mode in use: kerberos
2026-02-10 11:15:06,104 [INFO] Fetching bugs from saved query ID: 16021056445 (limit: 500)
2026-02-10 11:15:06,104 [INFO] Query URL: https://hsdes.intel.com/appstore/generalapps/#/pages/community/1203659509?queryId=16021056445
2026-02-10 11:15:06,104 [INFO] [Attempt 1/5] Trying endpoint: https://hsdes-api.intel.com/rest/query/16021056445
2026-02-10 11:15:06,104 [DEBUG] API request: GET https://hsdes-api.intel.com/rest/query/16021056445
2026-02-10 11:15:07,868 [INFO] Successfully fetched 6 bugs from query 16021056445
2026-02-11 11:15:06,691 [DEBUG] Using existing KRB5CCNAME=FILE:C:\Temp\krb5cache
2026-02-11 11:15:06,692 [INFO] Kerberos credential cache in use: FILE:C:\Temp\krb5cache
2026-02-11 11:15:06,692 [INFO] Using Kerberos authentication with cache FILE:C:\Temp\krb5cache
2026-02-11 11:15:06,692 [WARNING] SSL verification disabled for HSD API requests; set HSD_CA_CERT to enable.
2026-02-11 11:15:06,693 [INFO] HSD authentication mode in use: kerberos
2026-02-11 11:15:06,693 [INFO] Fetching bugs from saved query ID: 16021056445 (limit: 500)
2026-02-11 11:15:06,693 [INFO] Query URL: https://hsdes.intel.com/appstore/generalapps/#/pages/community/1203659509?queryId=16021056445
2026-02-11 11:15:06,693 [INFO] [Attempt 1/5] Trying endpoint: https://hsdes-api.intel.com/rest/query/16021056445
2026-02-11 11:15:06,693 [DEBUG] API request: GET https://hsdes-api.intel.com/rest/query/16021056445
2026-02-11 11:15:08,775 [INFO] Successfully fetched 6 bugs from query 16021056445
2026-02-12 11:15:14,613 [DEBUG] Using existing KRB5CCNAME=FILE:C:\Temp\krb5cache
2026-02-12 11:15:14,614 [INFO] Kerberos credential cache in use: FILE:C:\Temp\krb5cache
2026-02-12 11:15:14,614 [INFO] Using Kerberos authentication with cache FILE:C:\Temp\krb5cache
2026-02-12 11:15:14,615 [WARNING] SSL verification disabled for HSD API requests; set HSD_CA_CERT to enable.
2026-02-12 11:15:14,615 [INFO] HSD authentication mode in use: kerberos
2026-02-12 11:15:14,615 [INFO] Fetching bugs from saved query ID: 16021056445 (limit: 500)
2026-02-12 11:15:14,615 [INFO] Query URL: https://hsdes.intel.com/appstore/generalapps/#/pages/community/1203659509?queryId=16021056445
2026-02-12 11:15:14,616 [INFO] [Attempt 1/5] Trying endpoint: https://hsdes-api.intel.com/rest/query/16021056445
2026-02-12 11:15:14,616 [DEBUG] API request: GET https://hsdes-api.intel.com/rest/query/16021056445
2026-02-12 11:15:16,481 [INFO] Successfully fetched 7 bugs from query 16021056445
2026-02-13 11:15:06,717 [DEBUG] Using existing KRB5CCNAME=FILE:C:\Temp\krb5cache
2026-02-13 11:15:06,718 [INFO] Kerberos credential cache in use: FILE:C:\Temp\krb5cache
2026-02-13 11:15:06,718 [INFO] Using Kerberos authentication with cache FILE:C:\Temp\krb5cache
2026-02-13 11:15:06,719 [WARNING] SSL verification disabled for HSD API requests; set HSD_CA_CERT to enable.
2026-02-13 11:15:06,719 [INFO] HSD authentication mode in use: kerberos
2026-02-13 11:15:06,719 [INFO] Fetching bugs from saved query ID: 16021056445 (limit: 500)
2026-02-13 11:15:06,719 [INFO] Query URL: https://hsdes.intel.com/appstore/generalapps/#/pages/community/1203659509?queryId=16021056445
2026-02-13 11:15:06,719 [INFO] [Attempt 1/5] Trying endpoint: https://hsdes-api.intel.com/rest/query/16021056445
2026-02-13 11:15:06,720 [DEBUG] API request: GET https://hsdes-api.intel.com/rest/query/16021056445
2026-02-13 11:15:08,998 [INFO] Successfully fetched 7 bugs from query 16021056445
2026-02-18 11:15:16,954 [DEBUG] Using existing KRB5CCNAME=FILE:C:\Temp\krb5cache
2026-02-18 11:15:16,955 [INFO] Kerberos credential cache in use: FILE:C:\Temp\krb5cache
2026-02-18 11:15:16,956 [INFO] Using Kerberos authentication with cache FILE:C:\Temp\krb5cache
2026-02-18 11:15:16,957 [WARNING] SSL verification disabled for HSD API requests; set HSD_CA_CERT to enable.
2026-02-18 11:15:16,957 [INFO] HSD authentication mode in use: kerberos
2026-02-18 11:15:16,957 [INFO] Fetching bugs from saved query ID: 16021056445 (limit: 500)
2026-02-18 11:15:16,958 [INFO] Query URL: https://hsdes.intel.com/appstore/generalapps/#/pages/community/1203659509?queryId=16021056445
2026-02-18 11:15:16,958 [INFO] [Attempt 1/5] Trying endpoint: https://hsdes-api.intel.com/rest/query/16021056445
2026-02-18 11:15:16,958 [DEBUG] API request: GET https://hsdes-api.intel.com/rest/query/16021056445
2026-02-18 11:15:20,315 [INFO] Successfully fetched 12 bugs from query 16021056445
2026-02-19 11:15:08,808 [DEBUG] Using existing KRB5CCNAME=FILE:C:\Temp\krb5cache
2026-02-19 11:15:08,811 [INFO] Kerberos credential cache in use: FILE:C:\Temp\krb5cache
2026-02-19 11:15:08,812 [INFO] Using Kerberos authentication with cache FILE:C:\Temp\krb5cache
2026-02-19 11:15:08,813 [WARNING] SSL verification disabled for HSD API requests; set HSD_CA_CERT to enable.
2026-02-19 11:15:08,814 [INFO] HSD authentication mode in use: kerberos
2026-02-19 11:15:08,814 [INFO] Fetching bugs from saved query ID: 16021056445 (limit: 500)
2026-02-19 11:15:08,815 [INFO] Query URL: https://hsdes.intel.com/appstore/generalapps/#/pages/community/1203659509?queryId=16021056445
2026-02-19 11:15:08,816 [INFO] [Attempt 1/5] Trying endpoint: https://hsdes-api.intel.com/rest/query/16021056445
2026-02-19 11:15:08,817 [DEBUG] API request: GET https://hsdes-api.intel.com/rest/query/16021056445
2026-02-19 11:15:11,283 [INFO] Successfully fetched 12 bugs from query 16021056445
2026-02-20 11:15:05,204 [DEBUG] Using existing KRB5CCNAME=FILE:C:\Temp\krb5cache
2026-02-20 11:15:05,205 [INFO] Kerberos credential cache in use: FILE:C:\Temp\krb5cache
2026-02-20 11:15:05,205 [INFO] Using Kerberos authentication with cache FILE:C:\Temp\krb5cache
2026-02-20 11:15:05,206 [WARNING] SSL verification disabled for HSD API requests; set HSD_CA_CERT to enable.
2026-02-20 11:15:05,206 [INFO] HSD authentication mode in use: kerberos
2026-02-20 11:15:05,206 [INFO] Fetching bugs from saved query ID: 16021056445 (limit: 500)
2026-02-20 11:15:05,206 [INFO] Query URL: https://hsdes.intel.com/appstore/generalapps/#/pages/community/1203659509?queryId=16021056445
2026-02-20 11:15:05,207 [INFO] [Attempt 1/5] Trying endpoint: https://hsdes-api.intel.com/rest/query/16021056445
2026-02-20 11:15:05,207 [DEBUG] API request: GET https://hsdes-api.intel.com/rest/query/16021056445
2026-02-20 11:15:07,530 [INFO] Successfully fetched 14 bugs from query 16021056445
2026-03-09 19:05:00,460 [DEBUG] Using existing KRB5CCNAME=FILE:C:\Temp\krb5cache
2026-03-09 19:05:00,463 [INFO] Kerberos credential cache in use: FILE:C:\Temp\krb5cache
2026-03-09 19:05:00,463 [INFO] Using Kerberos authentication with cache FILE:C:\Temp\krb5cache
2026-03-09 19:05:00,463 [WARNING] SSL verification disabled for HSD API requests; set HSD_CA_CERT to enable.
2026-03-09 19:05:00,464 [INFO] HSD authentication mode in use: kerberos
2026-03-09 19:05:00,464 [INFO] Fetching bugs from saved query ID: 16021056445 (limit: 500)
2026-03-09 19:05:00,464 [INFO] Query URL: https://hsdes.intel.com/appstore/generalapps/#/pages/community/1203659509?queryId=16021056445
2026-03-09 19:05:00,464 [INFO] [Attempt 1/5] Trying endpoint: https://hsdes-api.intel.com/rest/query/16021056445
2026-03-09 19:05:00,464 [DEBUG] API request: GET https://hsdes-api.intel.com/rest/query/16021056445
2026-03-09 19:05:02,525 [INFO] Successfully fetched 13 bugs from query 16021056445
2026-03-09 19:07:26,449 [DEBUG] Using existing KRB5CCNAME=FILE:C:\Temp\krb5cache
2026-03-09 19:07:26,450 [INFO] Kerberos credential cache in use: FILE:C:\Temp\krb5cache
2026-03-09 19:07:26,450 [INFO] Using Kerberos authentication with cache FILE:C:\Temp\krb5cache
2026-03-09 19:07:26,451 [WARNING] SSL verification disabled for HSD API requests; set HSD_CA_CERT to enable.
2026-03-09 19:07:26,451 [INFO] HSD authentication mode in use: kerberos
2026-03-09 19:07:26,452 [INFO] Fetching bugs from saved query ID: 16021056445 (limit: 500)
2026-03-09 19:07:26,452 [INFO] Query URL: https://hsdes.intel.com/appstore/generalapps/#/pages/community/1203659509?queryId=16021056445
2026-03-09 19:07:26,453 [INFO] [Attempt 1/5] Trying endpoint: https://hsdes-api.intel.com/rest/query/16021056445
2026-03-09 19:07:26,453 [DEBUG] API request: GET https://hsdes-api.intel.com/rest/query/16021056445
2026-03-09 19:07:27,471 [INFO] Successfully fetched 13 bugs from query 16021056445
2026-03-10 11:15:03,747 [DEBUG] Using existing KRB5CCNAME=FILE:C:\Temp\krb5cache
2026-03-10 11:15:03,748 [INFO] Kerberos credential cache in use: FILE:C:\Temp\krb5cache
2026-03-10 11:15:03,748 [INFO] Using Kerberos authentication with cache FILE:C:\Temp\krb5cache
2026-03-10 11:15:03,749 [WARNING] SSL verification disabled for HSD API requests; set HSD_CA_CERT to enable.
2026-03-10 11:15:03,749 [INFO] HSD authentication mode in use: kerberos
2026-03-10 11:15:03,749 [INFO] Fetching bugs from saved query ID: 16021056445 (limit: 500)
2026-03-10 11:15:03,750 [INFO] Query URL: https://hsdes.intel.com/appstore/generalapps/#/pages/community/1203659509?queryId=16021056445
2026-03-10 11:15:03,750 [INFO] [Attempt 1/5] Trying endpoint: https://hsdes-api.intel.com/rest/query/16021056445
2026-03-10 11:15:03,750 [DEBUG] API request: GET https://hsdes-api.intel.com/rest/query/16021056445
2026-03-10 11:15:06,128 [INFO] Successfully fetched 13 bugs from query 16021056445
2026-03-11 11:15:04,748 [DEBUG] Using existing KRB5CCNAME=FILE:C:\Temp\krb5cache
2026-03-11 11:15:04,748 [INFO] Kerberos credential cache in use: FILE:C:\Temp\krb5cache
2026-03-11 11:15:04,749 [INFO] Using Kerberos authentication with cache FILE:C:\Temp\krb5cache
2026-03-11 11:15:04,749 [WARNING] SSL verification disabled for HSD API requests; set HSD_CA_CERT to enable.
2026-03-11 11:15:04,749 [INFO] HSD authentication mode in use: kerberos
2026-03-11 11:15:04,749 [INFO] Fetching bugs from saved query ID: 16021056445 (limit: 500)
2026-03-11 11:15:04,749 [INFO] Query URL: https://hsdes.intel.com/appstore/generalapps/#/pages/community/1203659509?queryId=16021056445
2026-03-11 11:15:04,750 [INFO] [Attempt 1/5] Trying endpoint: https://hsdes-api.intel.com/rest/query/16021056445
2026-03-11 11:15:04,750 [DEBUG] API request: GET https://hsdes-api.intel.com/rest/query/16021056445
2026-03-11 11:15:08,231 [INFO] Successfully fetched 13 bugs from query 16021056445
2026-03-12 11:15:04,442 [DEBUG] Using existing KRB5CCNAME=FILE:C:\Temp\krb5cache
2026-03-12 11:15:04,459 [INFO] Kerberos credential cache in use: FILE:C:\Temp\krb5cache
2026-03-12 11:15:04,459 [INFO] Using Kerberos authentication with cache FILE:C:\Temp\krb5cache
2026-03-12 11:15:04,460 [WARNING] SSL verification disabled for HSD API requests; set HSD_CA_CERT to enable.
2026-03-12 11:15:04,460 [INFO] HSD authentication mode in use: kerberos
2026-03-12 11:15:04,460 [INFO] Fetching bugs from saved query ID: 16021056445 (limit: 500)
2026-03-12 11:15:04,461 [INFO] Query URL: https://hsdes.intel.com/appstore/generalapps/#/pages/community/1203659509?queryId=16021056445
2026-03-12 11:15:04,461 [INFO] [Attempt 1/5] Trying endpoint: https://hsdes-api.intel.com/rest/query/16021056445
2026-03-12 11:15:04,461 [DEBUG] API request: GET https://hsdes-api.intel.com/rest/query/16021056445
2026-03-12 11:15:06,863 [INFO] Successfully fetched 13 bugs from query 16021056445
2026-03-13 11:15:06,279 [DEBUG] Using existing KRB5CCNAME=FILE:C:\Temp\krb5cache
2026-03-13 11:15:06,280 [INFO] Kerberos credential cache in use: FILE:C:\Temp\krb5cache
2026-03-13 11:15:06,280 [INFO] Using Kerberos authentication with cache FILE:C:\Temp\krb5cache
2026-03-13 11:15:06,280 [WARNING] SSL verification disabled for HSD API requests; set HSD_CA_CERT to enable.
2026-03-13 11:15:06,281 [INFO] HSD authentication mode in use: kerberos
2026-03-13 11:15:06,281 [INFO] Fetching bugs from saved query ID: 16021056445 (limit: 500)
2026-03-13 11:15:06,281 [INFO] Query URL: https://hsdes.intel.com/appstore/generalapps/#/pages/community/1203659509?queryId=16021056445
2026-03-13 11:15:06,281 [INFO] [Attempt 1/5] Trying endpoint: https://hsdes-api.intel.com/rest/query/16021056445
2026-03-13 11:15:06,281 [DEBUG] API request: GET https://hsdes-api.intel.com/rest/query/16021056445
2026-03-13 11:15:08,836 [INFO] Successfully fetched 6 bugs from query 16021056445
2026-03-14 11:15:05,813 [DEBUG] Using existing KRB5CCNAME=FILE:C:\Temp\krb5cache
2026-03-14 11:15:05,814 [INFO] Kerberos credential cache in use: FILE:C:\Temp\krb5cache
2026-03-14 11:15:05,814 [INFO] Using Kerberos authentication with cache FILE:C:\Temp\krb5cache
2026-03-14 11:15:05,814 [WARNING] SSL verification disabled for HSD API requests; set HSD_CA_CERT to enable.
2026-03-14 11:15:05,815 [INFO] HSD authentication mode in use: kerberos
2026-03-14 11:15:05,815 [INFO] Fetching bugs from saved query ID: 16021056445 (limit: 500)
2026-03-14 11:15:05,815 [INFO] Query URL: https://hsdes.intel.com/appstore/generalapps/#/pages/community/1203659509?queryId=16021056445
2026-03-14 11:15:05,815 [INFO] [Attempt 1/5] Trying endpoint: https://hsdes-api.intel.com/rest/query/16021056445
2026-03-14 11:15:05,815 [DEBUG] API request: GET https://hsdes-api.intel.com/rest/query/16021056445
2026-03-14 11:15:10,369 [INFO] Successfully fetched 6 bugs from query 16021056445
2026-03-15 11:15:03,620 [DEBUG] Using existing KRB5CCNAME=FILE:C:\Temp\krb5cache
2026-03-15 11:15:03,621 [INFO] Kerberos credential cache in use: FILE:C:\Temp\krb5cache
2026-03-15 11:15:03,621 [INFO] Using Kerberos authentication with cache FILE:C:\Temp\krb5cache
2026-03-15 11:15:03,621 [WARNING] SSL verification disabled for HSD API requests; set HSD_CA_CERT to enable.
2026-03-15 11:15:03,622 [INFO] HSD authentication mode in use: kerberos
2026-03-15 11:15:03,622 [INFO] Fetching bugs from saved query ID: 16021056445 (limit: 500)
2026-03-15 11:15:03,622 [INFO] Query URL: https://hsdes.intel.com/appstore/generalapps/#/pages/community/1203659509?queryId=16021056445
2026-03-15 11:15:03,622 [INFO] [Attempt 1/5] Trying endpoint: https://hsdes-api.intel.com/rest/query/16021056445
2026-03-15 11:15:03,622 [DEBUG] API request: GET https://hsdes-api.intel.com/rest/query/16021056445
2026-03-15 11:15:03,995 [ERROR] API request failed: GET https://hsdes-api.intel.com/rest/query/16021056445 - ctx step failed: SpnegoError (4294967295): [WinError -2146893039] No authority could be contacted for authentication, Context: Processing security token
2026-03-15 11:15:03,995 [DEBUG] Endpoint {'path': 'query/16021056445', 'params': {'include_text_fields': 'Y', 'start_at': 1, 'max_results': 500}} error: ctx step failed: SpnegoError (4294967295): [WinError -2146893039] No authority could be contacted for authentication, Context: Processing security token
2026-03-15 11:15:03,995 [INFO] [Attempt 2/5] Trying endpoint: https://hsdes-api.intel.com/rest/query/execute/16021056445
2026-03-15 11:15:03,995 [DEBUG] API request: GET https://hsdes-api.intel.com/rest/query/execute/16021056445
2026-03-15 11:15:04,013 [ERROR] API request failed: GET https://hsdes-api.intel.com/rest/query/execute/16021056445 - ctx step failed: SpnegoError (4294967295): [WinError -2146893039] No authority could be contacted for authentication, Context: Processing security token
2026-03-15 11:15:04,013 [DEBUG] Endpoint {'path': 'query/execute/16021056445', 'params': {'limit': 500}} error: ctx step failed: SpnegoError (4294967295): [WinError -2146893039] No authority could be contacted for authentication, Context: Processing security token
2026-03-15 11:15:04,014 [INFO] [Attempt 3/5] Trying endpoint: https://hsdes-api.intel.com/rest/query/16021056445/execute
2026-03-15 11:15:04,014 [DEBUG] API request: GET https://hsdes-api.intel.com/rest/query/16021056445/execute
2026-03-15 11:15:04,028 [ERROR] API request failed: GET https://hsdes-api.intel.com/rest/query/16021056445/execute - ctx step failed: SpnegoError (4294967295): [WinError -2146893039] No authority could be contacted for authentication, Context: Processing security token
2026-03-15 11:15:04,029 [DEBUG] Endpoint {'path': 'query/16021056445/execute', 'params': {'limit': 500}} error: ctx step failed: SpnegoError (4294967295): [WinError -2146893039] No authority could be contacted for authentication, Context: Processing security token
2026-03-15 11:15:04,029 [INFO] [Attempt 4/5] Trying endpoint: https://hsdes-api.intel.com/rest/savedquery/16021056445
2026-03-15 11:15:04,029 [DEBUG] API request: GET https://hsdes-api.intel.com/rest/savedquery/16021056445
2026-03-15 11:15:04,048 [ERROR] API request failed: GET https://hsdes-api.intel.com/rest/savedquery/16021056445 - ctx step failed: SpnegoError (4294967295): [WinError -2146893039] No authority could be contacted for authentication, Context: Processing security token
2026-03-15 11:15:04,048 [DEBUG] Endpoint {'path': 'savedquery/16021056445', 'params': {'limit': 500}} error: ctx step failed: SpnegoError (4294967295): [WinError -2146893039] No authority could be contacted for authentication, Context: Processing security token
2026-03-15 11:15:04,048 [INFO] [Attempt 5/5] Trying endpoint: https://hsdes-api.intel.com/rest/article/query/16021056445
2026-03-15 11:15:04,048 [DEBUG] API request: GET https://hsdes-api.intel.com/rest/article/query/16021056445
2026-03-15 11:15:04,065 [ERROR] API request failed: GET https://hsdes-api.intel.com/rest/article/query/16021056445 - ctx step failed: SpnegoError (4294967295): [WinError -2146893039] No authority could be contacted for authentication, Context: Processing security token
2026-03-15 11:15:04,065 [DEBUG] Endpoint {'path': 'article/query/16021056445', 'params': {'limit': 500}} error: ctx step failed: SpnegoError (4294967295): [WinError -2146893039] No authority could be contacted for authentication, Context: Processing security token
2026-03-15 11:15:04,065 [WARNING] Could not fetch bugs from query ID 16021056445 via API endpoints
2026-03-15 11:15:04,065 [INFO] You may need to access the query directly via web interface or use alternate authentication
2026-03-15 11:15:04,065 [INFO] ======================================================================
2026-03-15 11:15:04,065 [INFO] HSD API Authentication Failed - Alternative Options:
2026-03-15 11:15:04,065 [INFO] ======================================================================
2026-03-15 11:15:04,065 [INFO] 1. Validate Kerberos ticket:
2026-03-15 11:15:04,065 [INFO]    - Run 'klist' to verify a valid ticket exists
2026-03-15 11:15:04,066 [INFO]    - If expired or missing, run 'kinit your_upi@INTEL.COM'
2026-03-15 11:15:04,066 [INFO] 
2026-03-15 11:15:04,066 [INFO] 2. Manual Export (recommended for now):
2026-03-15 11:15:04,066 [INFO]    - Visit: https://hsdes.intel.com/appstore/generalapps/#/pages/community/1203659509?queryId=16021056445
2026-03-15 11:15:04,066 [INFO]    - Click 'Export' button
2026-03-15 11:15:04,066 [INFO]    - Save as CSV/Excel
2026-03-15 11:15:04,066 [INFO] 
2026-03-15 11:15:04,066 [INFO] 3. Request Faceless Account:
2026-03-15 11:15:04,066 [INFO]    - Email: ags@intel.com
2026-03-15 11:15:04,066 [INFO]    - Subject: 'Faceless Account for HSD API Access'
2026-03-15 11:15:04,066 [INFO]    - Get dedicated service account credentials
2026-03-15 11:15:04,066 [INFO] ======================================================================
2026-03-16 11:15:06,668 [DEBUG] Using existing KRB5CCNAME=FILE:C:\Temp\krb5cache
2026-03-16 11:15:06,671 [INFO] Kerberos credential cache in use: FILE:C:\Temp\krb5cache
2026-03-16 11:15:06,672 [INFO] Using Kerberos authentication with cache FILE:C:\Temp\krb5cache
2026-03-16 11:15:06,672 [WARNING] SSL verification disabled for HSD API requests; set HSD_CA_CERT to enable.
2026-03-16 11:15:06,673 [INFO] HSD authentication mode in use: kerberos
2026-03-16 11:15:06,673 [INFO] Fetching bugs from saved query ID: 16021056445 (limit: 500)
2026-03-16 11:15:06,674 [INFO] Query URL: https://hsdes.intel.com/appstore/generalapps/#/pages/community/1203659509?queryId=16021056445
2026-03-16 11:15:06,675 [INFO] [Attempt 1/5] Trying endpoint: https://hsdes-api.intel.com/rest/query/16021056445
2026-03-16 11:15:06,675 [DEBUG] API request: GET https://hsdes-api.intel.com/rest/query/16021056445
2026-03-16 11:15:10,250 [INFO] Successfully fetched 6 bugs from query 16021056445
2026-03-17 11:15:04,293 [DEBUG] Using existing KRB5CCNAME=FILE:C:\Temp\krb5cache
2026-03-17 11:15:04,294 [INFO] Kerberos credential cache in use: FILE:C:\Temp\krb5cache
2026-03-17 11:15:04,295 [INFO] Using Kerberos authentication with cache FILE:C:\Temp\krb5cache
2026-03-17 11:15:04,295 [WARNING] SSL verification disabled for HSD API requests; set HSD_CA_CERT to enable.
2026-03-17 11:15:04,295 [INFO] HSD authentication mode in use: kerberos
2026-03-17 11:15:04,295 [INFO] Fetching bugs from saved query ID: 16021056445 (limit: 500)
2026-03-17 11:15:04,295 [INFO] Query URL: https://hsdes.intel.com/appstore/generalapps/#/pages/community/1203659509?queryId=16021056445
2026-03-17 11:15:04,295 [INFO] [Attempt 1/5] Trying endpoint: https://hsdes-api.intel.com/rest/query/16021056445
2026-03-17 11:15:04,295 [DEBUG] API request: GET https://hsdes-api.intel.com/rest/query/16021056445
2026-03-17 11:15:06,792 [INFO] Successfully fetched 6 bugs from query 16021056445
2026-03-18 11:15:04,706 [DEBUG] Using existing KRB5CCNAME=FILE:C:\Temp\krb5cache
2026-03-18 11:15:04,707 [INFO] Kerberos credential cache in use: FILE:C:\Temp\krb5cache
2026-03-18 11:15:04,708 [INFO] Using Kerberos authentication with cache FILE:C:\Temp\krb5cache
2026-03-18 11:15:04,708 [WARNING] SSL verification disabled for HSD API requests; set HSD_CA_CERT to enable.
2026-03-18 11:15:04,708 [INFO] HSD authentication mode in use: kerberos
2026-03-18 11:15:04,708 [INFO] Fetching bugs from saved query ID: 16021056445 (limit: 500)
2026-03-18 11:15:04,708 [INFO] Query URL: https://hsdes.intel.com/appstore/generalapps/#/pages/community/1203659509?queryId=16021056445
2026-03-18 11:15:04,709 [INFO] [Attempt 1/5] Trying endpoint: https://hsdes-api.intel.com/rest/query/16021056445
2026-03-18 11:15:04,710 [DEBUG] API request: GET https://hsdes-api.intel.com/rest/query/16021056445
2026-03-18 11:15:06,739 [INFO] Successfully fetched 6 bugs from query 16021056445
2026-03-19 11:15:05,127 [DEBUG] Using existing KRB5CCNAME=FILE:C:\Temp\krb5cache
2026-03-19 11:15:05,128 [INFO] Kerberos credential cache in use: FILE:C:\Temp\krb5cache
2026-03-19 11:15:05,129 [INFO] Using Kerberos authentication with cache FILE:C:\Temp\krb5cache
2026-03-19 11:15:05,129 [WARNING] SSL verification disabled for HSD API requests; set HSD_CA_CERT to enable.
2026-03-19 11:15:05,129 [INFO] HSD authentication mode in use: kerberos
2026-03-19 11:15:05,129 [INFO] Fetching bugs from saved query ID: 16021056445 (limit: 500)
2026-03-19 11:15:05,129 [INFO] Query URL: https://hsdes.intel.com/appstore/generalapps/#/pages/community/1203659509?queryId=16021056445
2026-03-19 11:15:05,130 [INFO] [Attempt 1/5] Trying endpoint: https://hsdes-api.intel.com/rest/query/16021056445
2026-03-19 11:15:05,130 [DEBUG] API request: GET https://hsdes-api.intel.com/rest/query/16021056445
2026-03-19 11:15:07,040 [INFO] Successfully fetched 6 bugs from query 16021056445
2026-03-22 11:15:05,681 [DEBUG] Using existing KRB5CCNAME=FILE:C:\Temp\krb5cache
2026-03-22 11:15:05,684 [INFO] Kerberos credential cache in use: FILE:C:\Temp\krb5cache
2026-03-22 11:15:05,685 [INFO] Using Kerberos authentication with cache FILE:C:\Temp\krb5cache
2026-03-22 11:15:05,685 [WARNING] SSL verification disabled for HSD API requests; set HSD_CA_CERT to enable.
2026-03-22 11:15:05,685 [INFO] HSD authentication mode in use: kerberos
2026-03-22 11:15:05,685 [INFO] Fetching bugs from saved query ID: 16021056445 (limit: 500)
2026-03-22 11:15:05,686 [INFO] Query URL: https://hsdes.intel.com/appstore/generalapps/#/pages/community/1203659509?queryId=16021056445
2026-03-22 11:15:05,686 [INFO] [Attempt 1/5] Trying endpoint: https://hsdes-api.intel.com/rest/query/16021056445
2026-03-22 11:15:05,686 [DEBUG] API request: GET https://hsdes-api.intel.com/rest/query/16021056445
2026-03-22 11:15:08,755 [INFO] Successfully fetched 7 bugs from query 16021056445
2026-03-23 11:15:05,796 [DEBUG] Using existing KRB5CCNAME=FILE:C:\Temp\krb5cache
2026-03-23 11:15:05,797 [INFO] Kerberos credential cache in use: FILE:C:\Temp\krb5cache
2026-03-23 11:15:05,797 [INFO] Using Kerberos authentication with cache FILE:C:\Temp\krb5cache
2026-03-23 11:15:05,798 [WARNING] SSL verification disabled for HSD API requests; set HSD_CA_CERT to enable.
2026-03-23 11:15:05,798 [INFO] HSD authentication mode in use: kerberos
2026-03-23 11:15:05,798 [INFO] Fetching bugs from saved query ID: 16021056445 (limit: 500)
2026-03-23 11:15:05,798 [INFO] Query URL: https://hsdes.intel.com/appstore/generalapps/#/pages/community/1203659509?queryId=16021056445
2026-03-23 11:15:05,798 [INFO] [Attempt 1/5] Trying endpoint: https://hsdes-api.intel.com/rest/query/16021056445
2026-03-23 11:15:05,798 [DEBUG] API request: GET https://hsdes-api.intel.com/rest/query/16021056445
2026-03-23 11:15:08,132 [INFO] Successfully fetched 7 bugs from query 16021056445
2026-03-24 11:15:05,243 [DEBUG] Using existing KRB5CCNAME=FILE:C:\Temp\krb5cache
2026-03-24 11:15:05,244 [INFO] Kerberos credential cache in use: FILE:C:\Temp\krb5cache
2026-03-24 11:15:05,244 [INFO] Using Kerberos authentication with cache FILE:C:\Temp\krb5cache
2026-03-24 11:15:05,245 [WARNING] SSL verification disabled for HSD API requests; set HSD_CA_CERT to enable.
2026-03-24 11:15:05,245 [INFO] HSD authentication mode in use: kerberos
2026-03-24 11:15:05,245 [INFO] Fetching bugs from saved query ID: 16021056445 (limit: 500)
2026-03-24 11:15:05,245 [INFO] Query URL: https://hsdes.intel.com/appstore/generalapps/#/pages/community/1203659509?queryId=16021056445
2026-03-24 11:15:05,245 [INFO] [Attempt 1/5] Trying endpoint: https://hsdes-api.intel.com/rest/query/16021056445
2026-03-24 11:15:05,245 [DEBUG] API request: GET https://hsdes-api.intel.com/rest/query/16021056445
2026-03-24 11:15:07,598 [INFO] Successfully fetched 6 bugs from query 16021056445
2026-03-26 11:15:04,417 [DEBUG] Using existing KRB5CCNAME=FILE:C:\Temp\krb5cache
2026-03-26 11:15:04,418 [INFO] Kerberos credential cache in use: FILE:C:\Temp\krb5cache
2026-03-26 11:15:04,418 [INFO] Using Kerberos authentication with cache FILE:C:\Temp\krb5cache
2026-03-26 11:15:04,419 [WARNING] SSL verification disabled for HSD API requests; set HSD_CA_CERT to enable.
2026-03-26 11:15:04,419 [INFO] HSD authentication mode in use: kerberos
2026-03-26 11:15:04,419 [INFO] Fetching bugs from saved query ID: 16021056445 (limit: 500)
2026-03-26 11:15:04,419 [INFO] Query URL: https://hsdes.intel.com/appstore/generalapps/#/pages/community/1203659509?queryId=16021056445
2026-03-26 11:15:04,419 [INFO] [Attempt 1/5] Trying endpoint: https://hsdes-api.intel.com/rest/query/16021056445
2026-03-26 11:15:04,419 [DEBUG] API request: GET https://hsdes-api.intel.com/rest/query/16021056445
2026-03-26 11:15:06,525 [INFO] Successfully fetched 7 bugs from query 16021056445
2026-03-27 11:15:35,156 [DEBUG] Using existing KRB5CCNAME=FILE:C:\Temp\krb5cache
2026-03-27 11:15:35,157 [INFO] Kerberos credential cache in use: FILE:C:\Temp\krb5cache
2026-03-27 11:15:35,158 [INFO] Using Kerberos authentication with cache FILE:C:\Temp\krb5cache
2026-03-27 11:15:35,159 [WARNING] SSL verification disabled for HSD API requests; set HSD_CA_CERT to enable.
2026-03-27 11:15:35,159 [INFO] HSD authentication mode in use: kerberos
2026-03-27 11:15:35,159 [INFO] Fetching bugs from saved query ID: 16021056445 (limit: 500)
2026-03-27 11:15:35,159 [INFO] Query URL: https://hsdes.intel.com/appstore/generalapps/#/pages/community/1203659509?queryId=16021056445
2026-03-27 11:15:35,160 [INFO] [Attempt 1/5] Trying endpoint: https://hsdes-api.intel.com/rest/query/16021056445
2026-03-27 11:15:35,160 [DEBUG] API request: GET https://hsdes-api.intel.com/rest/query/16021056445
2026-03-27 11:15:37,714 [INFO] Successfully fetched 7 bugs from query 16021056445
2026-03-28 11:15:03,675 [DEBUG] Using existing KRB5CCNAME=FILE:C:\Temp\krb5cache
2026-03-28 11:15:03,676 [INFO] Kerberos credential cache in use: FILE:C:\Temp\krb5cache
2026-03-28 11:15:03,676 [INFO] Using Kerberos authentication with cache FILE:C:\Temp\krb5cache
2026-03-28 11:15:03,676 [WARNING] SSL verification disabled for HSD API requests; set HSD_CA_CERT to enable.
2026-03-28 11:15:03,677 [INFO] HSD authentication mode in use: kerberos
2026-03-28 11:15:03,677 [INFO] Fetching bugs from saved query ID: 16021056445 (limit: 500)
2026-03-28 11:15:03,677 [INFO] Query URL: https://hsdes.intel.com/appstore/generalapps/#/pages/community/1203659509?queryId=16021056445
2026-03-28 11:15:03,677 [INFO] [Attempt 1/5] Trying endpoint: https://hsdes-api.intel.com/rest/query/16021056445
2026-03-28 11:15:03,677 [DEBUG] API request: GET https://hsdes-api.intel.com/rest/query/16021056445
2026-03-28 11:15:05,058 [ERROR] API request failed: GET https://hsdes-api.intel.com/rest/query/16021056445 - ctx step failed: SpnegoError (4294967295): [WinError -2146893039] No authority could be contacted for authentication, Context: Processing security token
2026-03-28 11:15:05,058 [DEBUG] Endpoint {'path': 'query/16021056445', 'params': {'include_text_fields': 'Y', 'start_at': 1, 'max_results': 500}} error: ctx step failed: SpnegoError (4294967295): [WinError -2146893039] No authority could be contacted for authentication, Context: Processing security token
2026-03-28 11:15:05,058 [INFO] [Attempt 2/5] Trying endpoint: https://hsdes-api.intel.com/rest/query/execute/16021056445
2026-03-28 11:15:05,058 [DEBUG] API request: GET https://hsdes-api.intel.com/rest/query/execute/16021056445
2026-03-28 11:15:06,243 [ERROR] API request failed: GET https://hsdes-api.intel.com/rest/query/execute/16021056445 - ctx step failed: SpnegoError (4294967295): [WinError -2146893039] No authority could be contacted for authentication, Context: Processing security token
2026-03-28 11:15:06,244 [DEBUG] Endpoint {'path': 'query/execute/16021056445', 'params': {'limit': 500}} error: ctx step failed: SpnegoError (4294967295): [WinError -2146893039] No authority could be contacted for authentication, Context: Processing security token
2026-03-28 11:15:06,244 [INFO] [Attempt 3/5] Trying endpoint: https://hsdes-api.intel.com/rest/query/16021056445/execute
2026-03-28 11:15:06,244 [DEBUG] API request: GET https://hsdes-api.intel.com/rest/query/16021056445/execute
2026-03-28 11:15:07,850 [ERROR] API request failed: GET https://hsdes-api.intel.com/rest/query/16021056445/execute - ctx step failed: SpnegoError (4294967295): [WinError -2146893039] No authority could be contacted for authentication, Context: Processing security token
2026-03-28 11:15:07,850 [DEBUG] Endpoint {'path': 'query/16021056445/execute', 'params': {'limit': 500}} error: ctx step failed: SpnegoError (4294967295): [WinError -2146893039] No authority could be contacted for authentication, Context: Processing security token
2026-03-28 11:15:07,850 [INFO] [Attempt 4/5] Trying endpoint: https://hsdes-api.intel.com/rest/savedquery/16021056445
2026-03-28 11:15:07,850 [DEBUG] API request: GET https://hsdes-api.intel.com/rest/savedquery/16021056445
2026-03-28 11:15:09,053 [ERROR] API request failed: GET https://hsdes-api.intel.com/rest/savedquery/16021056445 - ctx step failed: SpnegoError (4294967295): [WinError -2146893039] No authority could be contacted for authentication, Context: Processing security token
2026-03-28 11:15:09,054 [DEBUG] Endpoint {'path': 'savedquery/16021056445', 'params': {'limit': 500}} error: ctx step failed: SpnegoError (4294967295): [WinError -2146893039] No authority could be contacted for authentication, Context: Processing security token
2026-03-28 11:15:09,054 [INFO] [Attempt 5/5] Trying endpoint: https://hsdes-api.intel.com/rest/article/query/16021056445
2026-03-28 11:15:09,054 [DEBUG] API request: GET https://hsdes-api.intel.com/rest/article/query/16021056445
2026-03-28 11:15:10,249 [ERROR] API request failed: GET https://hsdes-api.intel.com/rest/article/query/16021056445 - ctx step failed: SpnegoError (4294967295): [WinError -2146893039] No authority could be contacted for authentication, Context: Processing security token
2026-03-28 11:15:10,249 [DEBUG] Endpoint {'path': 'article/query/16021056445', 'params': {'limit': 500}} error: ctx step failed: SpnegoError (4294967295): [WinError -2146893039] No authority could be contacted for authentication, Context: Processing security token
2026-03-28 11:15:10,249 [WARNING] Could not fetch bugs from query ID 16021056445 via API endpoints
2026-03-28 11:15:10,249 [INFO] You may need to access the query directly via web interface or use alternate authentication
2026-03-28 11:15:10,249 [INFO] ======================================================================
2026-03-28 11:15:10,249 [INFO] HSD API Authentication Failed - Alternative Options:
2026-03-28 11:15:10,249 [INFO] ======================================================================
2026-03-28 11:15:10,249 [INFO] 1. Validate Kerberos ticket:
2026-03-28 11:15:10,249 [INFO]    - Run 'klist' to verify a valid ticket exists
2026-03-28 11:15:10,249 [INFO]    - If expired or missing, run 'kinit your_upi@INTEL.COM'
2026-03-28 11:15:10,249 [INFO] 
2026-03-28 11:15:10,249 [INFO] 2. Manual Export (recommended for now):
2026-03-28 11:15:10,249 [INFO]    - Visit: https://hsdes.intel.com/appstore/generalapps/#/pages/community/1203659509?queryId=16021056445
2026-03-28 11:15:10,249 [INFO]    - Click 'Export' button
2026-03-28 11:15:10,249 [INFO]    - Save as CSV/Excel
2026-03-28 11:15:10,249 [INFO] 
2026-03-28 11:15:10,250 [INFO] 3. Request Faceless Account:
2026-03-28 11:15:10,250 [INFO]    - Email: ags@intel.com
2026-03-28 11:15:10,250 [INFO]    - Subject: 'Faceless Account for HSD API Access'
2026-03-28 11:15:10,250 [INFO]    - Get dedicated service account credentials
2026-03-28 11:15:10,250 [INFO] ======================================================================
2026-03-29 11:15:04,564 [DEBUG] Using existing KRB5CCNAME=FILE:C:\Temp\krb5cache
2026-03-29 11:15:04,565 [INFO] Kerberos credential cache in use: FILE:C:\Temp\krb5cache
2026-03-29 11:15:04,565 [INFO] Using Kerberos authentication with cache FILE:C:\Temp\krb5cache
2026-03-29 11:15:04,565 [WARNING] SSL verification disabled for HSD API requests; set HSD_CA_CERT to enable.
2026-03-29 11:15:04,565 [INFO] HSD authentication mode in use: kerberos
2026-03-29 11:15:04,565 [INFO] Fetching bugs from saved query ID: 16021056445 (limit: 500)
2026-03-29 11:15:04,566 [INFO] Query URL: https://hsdes.intel.com/appstore/generalapps/#/pages/community/1203659509?queryId=16021056445
2026-03-29 11:15:04,566 [INFO] [Attempt 1/5] Trying endpoint: https://hsdes-api.intel.com/rest/query/16021056445
2026-03-29 11:15:04,566 [DEBUG] API request: GET https://hsdes-api.intel.com/rest/query/16021056445
2026-03-29 11:15:05,410 [ERROR] API request failed: GET https://hsdes-api.intel.com/rest/query/16021056445 - ctx step failed: SpnegoError (4294967295): [WinError -2146893039] No authority could be contacted for authentication, Context: Processing security token
2026-03-29 11:15:05,410 [DEBUG] Endpoint {'path': 'query/16021056445', 'params': {'include_text_fields': 'Y', 'start_at': 1, 'max_results': 500}} error: ctx step failed: SpnegoError (4294967295): [WinError -2146893039] No authority could be contacted for authentication, Context: Processing security token
2026-03-29 11:15:05,410 [INFO] [Attempt 2/5] Trying endpoint: https://hsdes-api.intel.com/rest/query/execute/16021056445
2026-03-29 11:15:05,411 [DEBUG] API request: GET https://hsdes-api.intel.com/rest/query/execute/16021056445
2026-03-29 11:15:06,719 [ERROR] API request failed: GET https://hsdes-api.intel.com/rest/query/execute/16021056445 - ctx step failed: SpnegoError (4294967295): [WinError -2146893039] No authority could be contacted for authentication, Context: Processing security token
2026-03-29 11:15:06,720 [DEBUG] Endpoint {'path': 'query/execute/16021056445', 'params': {'limit': 500}} error: ctx step failed: SpnegoError (4294967295): [WinError -2146893039] No authority could be contacted for authentication, Context: Processing security token
2026-03-29 11:15:06,720 [INFO] [Attempt 3/5] Trying endpoint: https://hsdes-api.intel.com/rest/query/16021056445/execute
2026-03-29 11:15:06,720 [DEBUG] API request: GET https://hsdes-api.intel.com/rest/query/16021056445/execute
2026-03-29 11:15:08,326 [ERROR] API request failed: GET https://hsdes-api.intel.com/rest/query/16021056445/execute - ctx step failed: SpnegoError (4294967295): [WinError -2146893039] No authority could be contacted for authentication, Context: Processing security token
2026-03-29 11:15:08,326 [DEBUG] Endpoint {'path': 'query/16021056445/execute', 'params': {'limit': 500}} error: ctx step failed: SpnegoError (4294967295): [WinError -2146893039] No authority could be contacted for authentication, Context: Processing security token
2026-03-29 11:15:08,326 [INFO] [Attempt 4/5] Trying endpoint: https://hsdes-api.intel.com/rest/savedquery/16021056445
2026-03-29 11:15:08,326 [DEBUG] API request: GET https://hsdes-api.intel.com/rest/savedquery/16021056445
2026-03-29 11:15:09,724 [ERROR] API request failed: GET https://hsdes-api.intel.com/rest/savedquery/16021056445 - ctx step failed: SpnegoError (4294967295): [WinError -2146893039] No authority could be contacted for authentication, Context: Processing security token
2026-03-29 11:15:09,724 [DEBUG] Endpoint {'path': 'savedquery/16021056445', 'params': {'limit': 500}} error: ctx step failed: SpnegoError (4294967295): [WinError -2146893039] No authority could be contacted for authentication, Context: Processing security token
2026-03-29 11:15:09,725 [INFO] [Attempt 5/5] Trying endpoint: https://hsdes-api.intel.com/rest/article/query/16021056445
2026-03-29 11:15:09,725 [DEBUG] API request: GET https://hsdes-api.intel.com/rest/article/query/16021056445
2026-03-29 11:15:11,054 [ERROR] API request failed: GET https://hsdes-api.intel.com/rest/article/query/16021056445 - ctx step failed: SpnegoError (4294967295): [WinError -2146893039] No authority could be contacted for authentication, Context: Processing security token
2026-03-29 11:15:11,054 [DEBUG] Endpoint {'path': 'article/query/16021056445', 'params': {'limit': 500}} error: ctx step failed: SpnegoError (4294967295): [WinError -2146893039] No authority could be contacted for authentication, Context: Processing security token
2026-03-29 11:15:11,054 [WARNING] Could not fetch bugs from query ID 16021056445 via API endpoints
2026-03-29 11:15:11,054 [INFO] You may need to access the query directly via web interface or use alternate authentication
2026-03-29 11:15:11,054 [INFO] ======================================================================
2026-03-29 11:15:11,054 [INFO] HSD API Authentication Failed - Alternative Options:
2026-03-29 11:15:11,054 [INFO] ======================================================================
2026-03-29 11:15:11,054 [INFO] 1. Validate Kerberos ticket:
2026-03-29 11:15:11,054 [INFO]    - Run 'klist' to verify a valid ticket exists
2026-03-29 11:15:11,054 [INFO]    - If expired or missing, run 'kinit your_upi@INTEL.COM'
2026-03-29 11:15:11,054 [INFO] 
2026-03-29 11:15:11,054 [INFO] 2. Manual Export (recommended for now):
2026-03-29 11:15:11,054 [INFO]    - Visit: https://hsdes.intel.com/appstore/generalapps/#/pages/community/1203659509?queryId=16021056445
2026-03-29 11:15:11,055 [INFO]    - Click 'Export' button
2026-03-29 11:15:11,055 [INFO]    - Save as CSV/Excel
2026-03-29 11:15:11,055 [INFO] 
2026-03-29 11:15:11,055 [INFO] 3. Request Faceless Account:
2026-03-29 11:15:11,055 [INFO]    - Email: ags@intel.com
2026-03-29 11:15:11,055 [INFO]    - Subject: 'Faceless Account for HSD API Access'
2026-03-29 11:15:11,055 [INFO]    - Get dedicated service account credentials
2026-03-29 11:15:11,055 [INFO] ======================================================================
2026-03-30 11:15:04,656 [DEBUG] Using existing KRB5CCNAME=FILE:C:\Temp\krb5cache
2026-03-30 11:15:04,658 [INFO] Kerberos credential cache in use: FILE:C:\Temp\krb5cache
2026-03-30 11:15:04,658 [INFO] Using Kerberos authentication with cache FILE:C:\Temp\krb5cache
2026-03-30 11:15:04,658 [WARNING] SSL verification disabled for HSD API requests; set HSD_CA_CERT to enable.
2026-03-30 11:15:04,658 [INFO] HSD authentication mode in use: kerberos
2026-03-30 11:15:04,658 [INFO] Fetching bugs from saved query ID: 16021056445 (limit: 500)
2026-03-30 11:15:04,659 [INFO] Query URL: https://hsdes.intel.com/appstore/generalapps/#/pages/community/1203659509?queryId=16021056445
2026-03-30 11:15:04,659 [INFO] [Attempt 1/5] Trying endpoint: https://hsdes-api.intel.com/rest/query/16021056445
2026-03-30 11:15:04,659 [DEBUG] API request: GET https://hsdes-api.intel.com/rest/query/16021056445
2026-03-30 11:15:06,067 [ERROR] API request failed: GET https://hsdes-api.intel.com/rest/query/16021056445 - ctx step failed: SpnegoError (4294967295): [WinError -2146893039] No authority could be contacted for authentication, Context: Processing security token
2026-03-30 11:15:06,067 [DEBUG] Endpoint {'path': 'query/16021056445', 'params': {'include_text_fields': 'Y', 'start_at': 1, 'max_results': 500}} error: ctx step failed: SpnegoError (4294967295): [WinError -2146893039] No authority could be contacted for authentication, Context: Processing security token
2026-03-30 11:15:06,067 [INFO] [Attempt 2/5] Trying endpoint: https://hsdes-api.intel.com/rest/query/execute/16021056445
2026-03-30 11:15:06,068 [DEBUG] API request: GET https://hsdes-api.intel.com/rest/query/execute/16021056445
2026-03-30 11:15:07,319 [ERROR] API request failed: GET https://hsdes-api.intel.com/rest/query/execute/16021056445 - ctx step failed: SpnegoError (4294967295): [WinError -2146893039] No authority could be contacted for authentication, Context: Processing security token
2026-03-30 11:15:07,319 [DEBUG] Endpoint {'path': 'query/execute/16021056445', 'params': {'limit': 500}} error: ctx step failed: SpnegoError (4294967295): [WinError -2146893039] No authority could be contacted for authentication, Context: Processing security token
2026-03-30 11:15:07,319 [INFO] [Attempt 3/5] Trying endpoint: https://hsdes-api.intel.com/rest/query/16021056445/execute
2026-03-30 11:15:07,319 [DEBUG] API request: GET https://hsdes-api.intel.com/rest/query/16021056445/execute
2026-03-30 11:15:08,550 [ERROR] API request failed: GET https://hsdes-api.intel.com/rest/query/16021056445/execute - ctx step failed: SpnegoError (4294967295): [WinError -2146893039] No authority could be contacted for authentication, Context: Processing security token
2026-03-30 11:15:08,550 [DEBUG] Endpoint {'path': 'query/16021056445/execute', 'params': {'limit': 500}} error: ctx step failed: SpnegoError (4294967295): [WinError -2146893039] No authority could be contacted for authentication, Context: Processing security token
2026-03-30 11:15:08,550 [INFO] [Attempt 4/5] Trying endpoint: https://hsdes-api.intel.com/rest/savedquery/16021056445
2026-03-30 11:15:08,551 [DEBUG] API request: GET https://hsdes-api.intel.com/rest/savedquery/16021056445
2026-03-30 11:15:09,776 [ERROR] API request failed: GET https://hsdes-api.intel.com/rest/savedquery/16021056445 - ctx step failed: SpnegoError (4294967295): [WinError -2146893039] No authority could be contacted for authentication, Context: Processing security token
2026-03-30 11:15:09,776 [DEBUG] Endpoint {'path': 'savedquery/16021056445', 'params': {'limit': 500}} error: ctx step failed: SpnegoError (4294967295): [WinError -2146893039] No authority could be contacted for authentication, Context: Processing security token
2026-03-30 11:15:09,776 [INFO] [Attempt 5/5] Trying endpoint: https://hsdes-api.intel.com/rest/article/query/16021056445
2026-03-30 11:15:09,776 [DEBUG] API request: GET https://hsdes-api.intel.com/rest/article/query/16021056445
2026-03-30 11:15:11,085 [ERROR] API request failed: GET https://hsdes-api.intel.com/rest/article/query/16021056445 - ctx step failed: SpnegoError (4294967295): [WinError -2146893039] No authority could be contacted for authentication, Context: Processing security token
2026-03-30 11:15:11,085 [DEBUG] Endpoint {'path': 'article/query/16021056445', 'params': {'limit': 500}} error: ctx step failed: SpnegoError (4294967295): [WinError -2146893039] No authority could be contacted for authentication, Context: Processing security token
2026-03-30 11:15:11,085 [WARNING] Could not fetch bugs from query ID 16021056445 via API endpoints
2026-03-30 11:15:11,085 [INFO] You may need to access the query directly via web interface or use alternate authentication
2026-03-30 11:15:11,085 [INFO] ======================================================================
2026-03-30 11:15:11,085 [INFO] HSD API Authentication Failed - Alternative Options:
2026-03-30 11:15:11,085 [INFO] ======================================================================
2026-03-30 11:15:11,085 [INFO] 1. Validate Kerberos ticket:
2026-03-30 11:15:11,085 [INFO]    - Run 'klist' to verify a valid ticket exists
2026-03-30 11:15:11,085 [INFO]    - If expired or missing, run 'kinit your_upi@INTEL.COM'
2026-03-30 11:15:11,085 [INFO] 
2026-03-30 11:15:11,085 [INFO] 2. Manual Export (recommended for now):
2026-03-30 11:15:11,085 [INFO]    - Visit: https://hsdes.intel.com/appstore/generalapps/#/pages/community/1203659509?queryId=16021056445
2026-03-30 11:15:11,085 [INFO]    - Click 'Export' button
2026-03-30 11:15:11,085 [INFO]    - Save as CSV/Excel
2026-03-30 11:15:11,085 [INFO] 
2026-03-30 11:15:11,085 [INFO] 3. Request Faceless Account:
2026-03-30 11:15:11,085 [INFO]    - Email: ags@intel.com
2026-03-30 11:15:11,085 [INFO]    - Subject: 'Faceless Account for HSD API Access'
2026-03-30 11:15:11,085 [INFO]    - Get dedicated service account credentials
2026-03-30 11:15:11,085 [INFO] ======================================================================
2026-03-31 11:15:04,279 [DEBUG] Using existing KRB5CCNAME=FILE:C:\Temp\krb5cache
2026-03-31 11:15:04,280 [INFO] Kerberos credential cache in use: FILE:C:\Temp\krb5cache
2026-03-31 11:15:04,280 [INFO] Using Kerberos authentication with cache FILE:C:\Temp\krb5cache
2026-03-31 11:15:04,280 [WARNING] SSL verification disabled for HSD API requests; set HSD_CA_CERT to enable.
2026-03-31 11:15:04,281 [INFO] HSD authentication mode in use: kerberos
2026-03-31 11:15:04,281 [INFO] Fetching bugs from saved query ID: 16021056445 (limit: 500)
2026-03-31 11:15:04,281 [INFO] Query URL: https://hsdes.intel.com/appstore/generalapps/#/pages/community/1203659509?queryId=16021056445
2026-03-31 11:15:04,281 [INFO] [Attempt 1/5] Trying endpoint: https://hsdes-api.intel.com/rest/query/16021056445
2026-03-31 11:15:04,281 [DEBUG] API request: GET https://hsdes-api.intel.com/rest/query/16021056445
2026-03-31 11:15:05,846 [ERROR] API request failed: GET https://hsdes-api.intel.com/rest/query/16021056445 - ctx step failed: SpnegoError (4294967295): [WinError -2146893039] No authority could be contacted for authentication, Context: Processing security token
2026-03-31 11:15:05,846 [DEBUG] Endpoint {'path': 'query/16021056445', 'params': {'include_text_fields': 'Y', 'start_at': 1, 'max_results': 500}} error: ctx step failed: SpnegoError (4294967295): [WinError -2146893039] No authority could be contacted for authentication, Context: Processing security token
2026-03-31 11:15:05,847 [INFO] [Attempt 2/5] Trying endpoint: https://hsdes-api.intel.com/rest/query/execute/16021056445
2026-03-31 11:15:05,847 [DEBUG] API request: GET https://hsdes-api.intel.com/rest/query/execute/16021056445
2026-03-31 11:15:07,209 [ERROR] API request failed: GET https://hsdes-api.intel.com/rest/query/execute/16021056445 - ctx step failed: SpnegoError (4294967295): [WinError -2146893039] No authority could be contacted for authentication, Context: Processing security token
2026-03-31 11:15:07,209 [DEBUG] Endpoint {'path': 'query/execute/16021056445', 'params': {'limit': 500}} error: ctx step failed: SpnegoError (4294967295): [WinError -2146893039] No authority could be contacted for authentication, Context: Processing security token
2026-03-31 11:15:07,210 [INFO] [Attempt 3/5] Trying endpoint: https://hsdes-api.intel.com/rest/query/16021056445/execute
2026-03-31 11:15:07,210 [DEBUG] API request: GET https://hsdes-api.intel.com/rest/query/16021056445/execute
2026-03-31 11:15:08,676 [ERROR] API request failed: GET https://hsdes-api.intel.com/rest/query/16021056445/execute - ctx step failed: SpnegoError (4294967295): [WinError -2146893039] No authority could be contacted for authentication, Context: Processing security token
2026-03-31 11:15:08,676 [DEBUG] Endpoint {'path': 'query/16021056445/execute', 'params': {'limit': 500}} error: ctx step failed: SpnegoError (4294967295): [WinError -2146893039] No authority could be contacted for authentication, Context: Processing security token
2026-03-31 11:15:08,677 [INFO] [Attempt 4/5] Trying endpoint: https://hsdes-api.intel.com/rest/savedquery/16021056445
2026-03-31 11:15:08,677 [DEBUG] API request: GET https://hsdes-api.intel.com/rest/savedquery/16021056445
2026-03-31 11:15:10,111 [ERROR] API request failed: GET https://hsdes-api.intel.com/rest/savedquery/16021056445 - ctx step failed: SpnegoError (4294967295): [WinError -2146893039] No authority could be contacted for authentication, Context: Processing security token
2026-03-31 11:15:10,111 [DEBUG] Endpoint {'path': 'savedquery/16021056445', 'params': {'limit': 500}} error: ctx step failed: SpnegoError (4294967295): [WinError -2146893039] No authority could be contacted for authentication, Context: Processing security token
2026-03-31 11:15:10,111 [INFO] [Attempt 5/5] Trying endpoint: https://hsdes-api.intel.com/rest/article/query/16021056445
2026-03-31 11:15:10,111 [DEBUG] API request: GET https://hsdes-api.intel.com/rest/article/query/16021056445
2026-03-31 11:15:11,470 [ERROR] API request failed: GET https://hsdes-api.intel.com/rest/article/query/16021056445 - ctx step failed: SpnegoError (4294967295): [WinError -2146893039] No authority could be contacted for authentication, Context: Processing security token
2026-03-31 11:15:11,471 [DEBUG] Endpoint {'path': 'article/query/16021056445', 'params': {'limit': 500}} error: ctx step failed: SpnegoError (4294967295): [WinError -2146893039] No authority could be contacted for authentication, Context: Processing security token
2026-03-31 11:15:11,471 [WARNING] Could not fetch bugs from query ID 16021056445 via API endpoints
2026-03-31 11:15:11,471 [INFO] You may need to access the query directly via web interface or use alternate authentication
2026-03-31 11:15:11,471 [INFO] ======================================================================
2026-03-31 11:15:11,471 [INFO] HSD API Authentication Failed - Alternative Options:
2026-03-31 11:15:11,471 [INFO] ======================================================================
2026-03-31 11:15:11,471 [INFO] 1. Validate Kerberos ticket:
2026-03-31 11:15:11,471 [INFO]    - Run 'klist' to verify a valid ticket exists
2026-03-31 11:15:11,471 [INFO]    - If expired or missing, run 'kinit your_upi@INTEL.COM'
2026-03-31 11:15:11,471 [INFO] 
2026-03-31 11:15:11,471 [INFO] 2. Manual Export (recommended for now):
2026-03-31 11:15:11,471 [INFO]    - Visit: https://hsdes.intel.com/appstore/generalapps/#/pages/community/1203659509?queryId=16021056445
2026-03-31 11:15:11,471 [INFO]    - Click 'Export' button
2026-03-31 11:15:11,471 [INFO]    - Save as CSV/Excel
2026-03-31 11:15:11,471 [INFO] 
2026-03-31 11:15:11,471 [INFO] 3. Request Faceless Account:
2026-03-31 11:15:11,471 [INFO]    - Email: ags@intel.com
2026-03-31 11:15:11,471 [INFO]    - Subject: 'Faceless Account for HSD API Access'
2026-03-31 11:15:11,471 [INFO]    - Get dedicated service account credentials
2026-03-31 11:15:11,471 [INFO] ======================================================================
2026-04-01 11:15:04,621 [DEBUG] Using existing KRB5CCNAME=FILE:C:\Temp\krb5cache
2026-04-01 11:15:04,622 [INFO] Kerberos credential cache in use: FILE:C:\Temp\krb5cache
2026-04-01 11:15:04,622 [INFO] Using Kerberos authentication with cache FILE:C:\Temp\krb5cache
2026-04-01 11:15:04,622 [WARNING] SSL verification disabled for HSD API requests; set HSD_CA_CERT to enable.
2026-04-01 11:15:04,622 [INFO] HSD authentication mode in use: kerberos
2026-04-01 11:15:04,622 [INFO] Fetching bugs from saved query ID: 16021056445 (limit: 500)
2026-04-01 11:15:04,623 [INFO] Query URL: https://hsdes.intel.com/appstore/generalapps/#/pages/community/1203659509?queryId=16021056445
2026-04-01 11:15:04,623 [INFO] [Attempt 1/5] Trying endpoint: https://hsdes-api.intel.com/rest/query/16021056445
2026-04-01 11:15:04,623 [DEBUG] API request: GET https://hsdes-api.intel.com/rest/query/16021056445
2026-04-01 11:15:06,253 [ERROR] API request failed: GET https://hsdes-api.intel.com/rest/query/16021056445 - ctx step failed: SpnegoError (4294967295): [WinError -2146893039] No authority could be contacted for authentication, Context: Processing security token
2026-04-01 11:15:06,253 [DEBUG] Endpoint {'path': 'query/16021056445', 'params': {'include_text_fields': 'Y', 'start_at': 1, 'max_results': 500}} error: ctx step failed: SpnegoError (4294967295): [WinError -2146893039] No authority could be contacted for authentication, Context: Processing security token
2026-04-01 11:15:06,253 [INFO] [Attempt 2/5] Trying endpoint: https://hsdes-api.intel.com/rest/query/execute/16021056445
2026-04-01 11:15:06,253 [DEBUG] API request: GET https://hsdes-api.intel.com/rest/query/execute/16021056445
2026-04-01 11:15:07,568 [ERROR] API request failed: GET https://hsdes-api.intel.com/rest/query/execute/16021056445 - ctx step failed: SpnegoError (4294967295): [WinError -2146893039] No authority could be contacted for authentication, Context: Processing security token
2026-04-01 11:15:07,568 [DEBUG] Endpoint {'path': 'query/execute/16021056445', 'params': {'limit': 500}} error: ctx step failed: SpnegoError (4294967295): [WinError -2146893039] No authority could be contacted for authentication, Context: Processing security token
2026-04-01 11:15:07,568 [INFO] [Attempt 3/5] Trying endpoint: https://hsdes-api.intel.com/rest/query/16021056445/execute
2026-04-01 11:15:07,568 [DEBUG] API request: GET https://hsdes-api.intel.com/rest/query/16021056445/execute
2026-04-01 11:15:08,960 [ERROR] API request failed: GET https://hsdes-api.intel.com/rest/query/16021056445/execute - ctx step failed: SpnegoError (4294967295): [WinError -2146893039] No authority could be contacted for authentication, Context: Processing security token
2026-04-01 11:15:08,960 [DEBUG] Endpoint {'path': 'query/16021056445/execute', 'params': {'limit': 500}} error: ctx step failed: SpnegoError (4294967295): [WinError -2146893039] No authority could be contacted for authentication, Context: Processing security token
2026-04-01 11:15:08,960 [INFO] [Attempt 4/5] Trying endpoint: https://hsdes-api.intel.com/rest/savedquery/16021056445
2026-04-01 11:15:08,960 [DEBUG] API request: GET https://hsdes-api.intel.com/rest/savedquery/16021056445
2026-04-01 11:15:10,250 [ERROR] API request failed: GET https://hsdes-api.intel.com/rest/savedquery/16021056445 - ctx step failed: SpnegoError (4294967295): [WinError -2146893039] No authority could be contacted for authentication, Context: Processing security token
2026-04-01 11:15:10,250 [DEBUG] Endpoint {'path': 'savedquery/16021056445', 'params': {'limit': 500}} error: ctx step failed: SpnegoError (4294967295): [WinError -2146893039] No authority could be contacted for authentication, Context: Processing security token
2026-04-01 11:15:10,250 [INFO] [Attempt 5/5] Trying endpoint: https://hsdes-api.intel.com/rest/article/query/16021056445
2026-04-01 11:15:10,250 [DEBUG] API request: GET https://hsdes-api.intel.com/rest/article/query/16021056445
2026-04-01 11:15:11,534 [ERROR] API request failed: GET https://hsdes-api.intel.com/rest/article/query/16021056445 - ctx step failed: SpnegoError (4294967295): [WinError -2146893039] No authority could be contacted for authentication, Context: Processing security token
2026-04-01 11:15:11,534 [DEBUG] Endpoint {'path': 'article/query/16021056445', 'params': {'limit': 500}} error: ctx step failed: SpnegoError (4294967295): [WinError -2146893039] No authority could be contacted for authentication, Context: Processing security token
2026-04-01 11:15:11,535 [WARNING] Could not fetch bugs from query ID 16021056445 via API endpoints
2026-04-01 11:15:11,535 [INFO] You may need to access the query directly via web interface or use alternate authentication
2026-04-01 11:15:11,535 [INFO] ======================================================================
2026-04-01 11:15:11,535 [INFO] HSD API Authentication Failed - Alternative Options:
2026-04-01 11:15:11,535 [INFO] ======================================================================
2026-04-01 11:15:11,535 [INFO] 1. Validate Kerberos ticket:
2026-04-01 11:15:11,535 [INFO]    - Run 'klist' to verify a valid ticket exists
2026-04-01 11:15:11,535 [INFO]    - If expired or missing, run 'kinit your_upi@INTEL.COM'
2026-04-01 11:15:11,535 [INFO] 
2026-04-01 11:15:11,535 [INFO] 2. Manual Export (recommended for now):
2026-04-01 11:15:11,535 [INFO]    - Visit: https://hsdes.intel.com/appstore/generalapps/#/pages/community/1203659509?queryId=16021056445
2026-04-01 11:15:11,535 [INFO]    - Click 'Export' button
2026-04-01 11:15:11,535 [INFO]    - Save as CSV/Excel
2026-04-01 11:15:11,535 [INFO] 
2026-04-01 11:15:11,535 [INFO] 3. Request Faceless Account:
2026-04-01 11:15:11,535 [INFO]    - Email: ags@intel.com
2026-04-01 11:15:11,535 [INFO]    - Subject: 'Faceless Account for HSD API Access'
2026-04-01 11:15:11,535 [INFO]    - Get dedicated service account credentials
2026-04-01 11:15:11,535 [INFO] ======================================================================
2026-04-02 11:15:04,125 [DEBUG] Using existing KRB5CCNAME=FILE:C:\Temp\krb5cache
2026-04-02 11:15:04,126 [INFO] Kerberos credential cache in use: FILE:C:\Temp\krb5cache
2026-04-02 11:15:04,126 [INFO] Using Kerberos authentication with cache FILE:C:\Temp\krb5cache
2026-04-02 11:15:04,126 [WARNING] SSL verification disabled for HSD API requests; set HSD_CA_CERT to enable.
2026-04-02 11:15:04,126 [INFO] HSD authentication mode in use: kerberos
2026-04-02 11:15:04,126 [INFO] Fetching bugs from saved query ID: 16021056445 (limit: 500)
2026-04-02 11:15:04,126 [INFO] Query URL: https://hsdes.intel.com/appstore/generalapps/#/pages/community/1203659509?queryId=16021056445
2026-04-02 11:15:04,127 [INFO] [Attempt 1/5] Trying endpoint: https://hsdes-api.intel.com/rest/query/16021056445
2026-04-02 11:15:04,127 [DEBUG] API request: GET https://hsdes-api.intel.com/rest/query/16021056445
2026-04-02 11:15:05,789 [ERROR] API request failed: GET https://hsdes-api.intel.com/rest/query/16021056445 - ctx step failed: SpnegoError (4294967295): [WinError -2146893039] No authority could be contacted for authentication, Context: Processing security token
2026-04-02 11:15:05,789 [DEBUG] Endpoint {'path': 'query/16021056445', 'params': {'include_text_fields': 'Y', 'start_at': 1, 'max_results': 500}} error: ctx step failed: SpnegoError (4294967295): [WinError -2146893039] No authority could be contacted for authentication, Context: Processing security token
2026-04-02 11:15:05,789 [INFO] [Attempt 2/5] Trying endpoint: https://hsdes-api.intel.com/rest/query/execute/16021056445
2026-04-02 11:15:05,790 [DEBUG] API request: GET https://hsdes-api.intel.com/rest/query/execute/16021056445
2026-04-02 11:15:07,155 [ERROR] API request failed: GET https://hsdes-api.intel.com/rest/query/execute/16021056445 - ctx step failed: SpnegoError (4294967295): [WinError -2146893039] No authority could be contacted for authentication, Context: Processing security token
2026-04-02 11:15:07,156 [DEBUG] Endpoint {'path': 'query/execute/16021056445', 'params': {'limit': 500}} error: ctx step failed: SpnegoError (4294967295): [WinError -2146893039] No authority could be contacted for authentication, Context: Processing security token
2026-04-02 11:15:07,156 [INFO] [Attempt 3/5] Trying endpoint: https://hsdes-api.intel.com/rest/query/16021056445/execute
2026-04-02 11:15:07,156 [DEBUG] API request: GET https://hsdes-api.intel.com/rest/query/16021056445/execute
2026-04-02 11:15:08,505 [ERROR] API request failed: GET https://hsdes-api.intel.com/rest/query/16021056445/execute - ctx step failed: SpnegoError (4294967295): [WinError -2146893039] No authority could be contacted for authentication, Context: Processing security token
2026-04-02 11:15:08,505 [DEBUG] Endpoint {'path': 'query/16021056445/execute', 'params': {'limit': 500}} error: ctx step failed: SpnegoError (4294967295): [WinError -2146893039] No authority could be contacted for authentication, Context: Processing security token
2026-04-02 11:15:08,505 [INFO] [Attempt 4/5] Trying endpoint: https://hsdes-api.intel.com/rest/savedquery/16021056445
2026-04-02 11:15:08,506 [DEBUG] API request: GET https://hsdes-api.intel.com/rest/savedquery/16021056445
2026-04-02 11:15:09,862 [ERROR] API request failed: GET https://hsdes-api.intel.com/rest/savedquery/16021056445 - ctx step failed: SpnegoError (4294967295): [WinError -2146893039] No authority could be contacted for authentication, Context: Processing security token
2026-04-02 11:15:09,862 [DEBUG] Endpoint {'path': 'savedquery/16021056445', 'params': {'limit': 500}} error: ctx step failed: SpnegoError (4294967295): [WinError -2146893039] No authority could be contacted for authentication, Context: Processing security token
2026-04-02 11:15:09,862 [INFO] [Attempt 5/5] Trying endpoint: https://hsdes-api.intel.com/rest/article/query/16021056445
2026-04-02 11:15:09,862 [DEBUG] API request: GET https://hsdes-api.intel.com/rest/article/query/16021056445
2026-04-02 11:15:11,648 [ERROR] API request failed: GET https://hsdes-api.intel.com/rest/article/query/16021056445 - ctx step failed: SpnegoError (4294967295): [WinError -2146893039] No authority could be contacted for authentication, Context: Processing security token
2026-04-02 11:15:11,648 [DEBUG] Endpoint {'path': 'article/query/16021056445', 'params': {'limit': 500}} error: ctx step failed: SpnegoError (4294967295): [WinError -2146893039] No authority could be contacted for authentication, Context: Processing security token
2026-04-02 11:15:11,648 [WARNING] Could not fetch bugs from query ID 16021056445 via API endpoints
2026-04-02 11:15:11,648 [INFO] You may need to access the query directly via web interface or use alternate authentication
2026-04-02 11:15:11,649 [INFO] ======================================================================
2026-04-02 11:15:11,649 [INFO] HSD API Authentication Failed - Alternative Options:
2026-04-02 11:15:11,649 [INFO] ======================================================================
2026-04-02 11:15:11,649 [INFO] 1. Validate Kerberos ticket:
2026-04-02 11:15:11,649 [INFO]    - Run 'klist' to verify a valid ticket exists
2026-04-02 11:15:11,649 [INFO]    - If expired or missing, run 'kinit your_upi@INTEL.COM'
2026-04-02 11:15:11,649 [INFO] 
2026-04-02 11:15:11,649 [INFO] 2. Manual Export (recommended for now):
2026-04-02 11:15:11,649 [INFO]    - Visit: https://hsdes.intel.com/appstore/generalapps/#/pages/community/1203659509?queryId=16021056445
2026-04-02 11:15:11,649 [INFO]    - Click 'Export' button
2026-04-02 11:15:11,649 [INFO]    - Save as CSV/Excel
2026-04-02 11:15:11,650 [INFO] 
2026-04-02 11:15:11,650 [INFO] 3. Request Faceless Account:
2026-04-02 11:15:11,650 [INFO]    - Email: ags@intel.com
2026-04-02 11:15:11,650 [INFO]    - Subject: 'Faceless Account for HSD API Access'
2026-04-02 11:15:11,650 [INFO]    - Get dedicated service account credentials
2026-04-02 11:15:11,650 [INFO] ======================================================================
2026-04-03 11:15:03,676 [DEBUG] Using existing KRB5CCNAME=FILE:C:\Temp\krb5cache
2026-04-03 11:15:03,677 [INFO] Kerberos credential cache in use: FILE:C:\Temp\krb5cache
2026-04-03 11:15:03,678 [INFO] Using Kerberos authentication with cache FILE:C:\Temp\krb5cache
2026-04-03 11:15:03,678 [WARNING] SSL verification disabled for HSD API requests; set HSD_CA_CERT to enable.
2026-04-03 11:15:03,678 [INFO] HSD authentication mode in use: kerberos
2026-04-03 11:15:03,678 [INFO] Fetching bugs from saved query ID: 16021056445 (limit: 500)
2026-04-03 11:15:03,678 [INFO] Query URL: https://hsdes.intel.com/appstore/generalapps/#/pages/community/1203659509?queryId=16021056445
2026-04-03 11:15:03,679 [INFO] [Attempt 1/5] Trying endpoint: https://hsdes-api.intel.com/rest/query/16021056445
2026-04-03 11:15:03,679 [DEBUG] API request: GET https://hsdes-api.intel.com/rest/query/16021056445
2026-04-03 11:15:05,301 [ERROR] API request failed: GET https://hsdes-api.intel.com/rest/query/16021056445 - ctx step failed: SpnegoError (4294967295): [WinError -2146893039] No authority could be contacted for authentication, Context: Processing security token
2026-04-03 11:15:05,301 [DEBUG] Endpoint {'path': 'query/16021056445', 'params': {'include_text_fields': 'Y', 'start_at': 1, 'max_results': 500}} error: ctx step failed: SpnegoError (4294967295): [WinError -2146893039] No authority could be contacted for authentication, Context: Processing security token
2026-04-03 11:15:05,302 [INFO] [Attempt 2/5] Trying endpoint: https://hsdes-api.intel.com/rest/query/execute/16021056445
2026-04-03 11:15:05,302 [DEBUG] API request: GET https://hsdes-api.intel.com/rest/query/execute/16021056445
2026-04-03 11:15:06,633 [ERROR] API request failed: GET https://hsdes-api.intel.com/rest/query/execute/16021056445 - ctx step failed: SpnegoError (4294967295): [WinError -2146893039] No authority could be contacted for authentication, Context: Processing security token
2026-04-03 11:15:06,633 [DEBUG] Endpoint {'path': 'query/execute/16021056445', 'params': {'limit': 500}} error: ctx step failed: SpnegoError (4294967295): [WinError -2146893039] No authority could be contacted for authentication, Context: Processing security token
2026-04-03 11:15:06,633 [INFO] [Attempt 3/5] Trying endpoint: https://hsdes-api.intel.com/rest/query/16021056445/execute
2026-04-03 11:15:06,633 [DEBUG] API request: GET https://hsdes-api.intel.com/rest/query/16021056445/execute
2026-04-03 11:15:07,912 [ERROR] API request failed: GET https://hsdes-api.intel.com/rest/query/16021056445/execute - ctx step failed: SpnegoError (4294967295): [WinError -2146893039] No authority could be contacted for authentication, Context: Processing security token
2026-04-03 11:15:07,912 [DEBUG] Endpoint {'path': 'query/16021056445/execute', 'params': {'limit': 500}} error: ctx step failed: SpnegoError (4294967295): [WinError -2146893039] No authority could be contacted for authentication, Context: Processing security token
2026-04-03 11:15:07,912 [INFO] [Attempt 4/5] Trying endpoint: https://hsdes-api.intel.com/rest/savedquery/16021056445
2026-04-03 11:15:07,912 [DEBUG] API request: GET https://hsdes-api.intel.com/rest/savedquery/16021056445
2026-04-03 11:15:09,151 [ERROR] API request failed: GET https://hsdes-api.intel.com/rest/savedquery/16021056445 - ctx step failed: SpnegoError (4294967295): [WinError -2146893039] No authority could be contacted for authentication, Context: Processing security token
2026-04-03 11:15:09,151 [DEBUG] Endpoint {'path': 'savedquery/16021056445', 'params': {'limit': 500}} error: ctx step failed: SpnegoError (4294967295): [WinError -2146893039] No authority could be contacted for authentication, Context: Processing security token
2026-04-03 11:15:09,151 [INFO] [Attempt 5/5] Trying endpoint: https://hsdes-api.intel.com/rest/article/query/16021056445
2026-04-03 11:15:09,151 [DEBUG] API request: GET https://hsdes-api.intel.com/rest/article/query/16021056445
2026-04-03 11:15:10,467 [ERROR] API request failed: GET https://hsdes-api.intel.com/rest/article/query/16021056445 - ctx step failed: SpnegoError (4294967295): [WinError -2146893039] No authority could be contacted for authentication, Context: Processing security token
2026-04-03 11:15:10,467 [DEBUG] Endpoint {'path': 'article/query/16021056445', 'params': {'limit': 500}} error: ctx step failed: SpnegoError (4294967295): [WinError -2146893039] No authority could be contacted for authentication, Context: Processing security token
2026-04-03 11:15:10,467 [WARNING] Could not fetch bugs from query ID 16021056445 via API endpoints
2026-04-03 11:15:10,467 [INFO] You may need to access the query directly via web interface or use alternate authentication
2026-04-03 11:15:10,467 [INFO] ======================================================================
2026-04-03 11:15:10,467 [INFO] HSD API Authentication Failed - Alternative Options:
2026-04-03 11:15:10,467 [INFO] ======================================================================
2026-04-03 11:15:10,467 [INFO] 1. Validate Kerberos ticket:
2026-04-03 11:15:10,467 [INFO]    - Run 'klist' to verify a valid ticket exists
2026-04-03 11:15:10,467 [INFO]    - If expired or missing, run 'kinit your_upi@INTEL.COM'
2026-04-03 11:15:10,467 [INFO] 
2026-04-03 11:15:10,467 [INFO] 2. Manual Export (recommended for now):
2026-04-03 11:15:10,467 [INFO]    - Visit: https://hsdes.intel.com/appstore/generalapps/#/pages/community/1203659509?queryId=16021056445
2026-04-03 11:15:10,467 [INFO]    - Click 'Export' button
2026-04-03 11:15:10,467 [INFO]    - Save as CSV/Excel
2026-04-03 11:15:10,467 [INFO] 
2026-04-03 11:15:10,467 [INFO] 3. Request Faceless Account:
2026-04-03 11:15:10,467 [INFO]    - Email: ags@intel.com
2026-04-03 11:15:10,468 [INFO]    - Subject: 'Faceless Account for HSD API Access'
2026-04-03 11:15:10,468 [INFO]    - Get dedicated service account credentials
2026-04-03 11:15:10,468 [INFO] ======================================================================
2026-04-04 11:15:03,668 [DEBUG] Using existing KRB5CCNAME=FILE:C:\Temp\krb5cache
2026-04-04 11:15:03,669 [INFO] Kerberos credential cache in use: FILE:C:\Temp\krb5cache
2026-04-04 11:15:03,670 [INFO] Using Kerberos authentication with cache FILE:C:\Temp\krb5cache
2026-04-04 11:15:03,670 [WARNING] SSL verification disabled for HSD API requests; set HSD_CA_CERT to enable.
2026-04-04 11:15:03,670 [INFO] HSD authentication mode in use: kerberos
2026-04-04 11:15:03,670 [INFO] Fetching bugs from saved query ID: 16021056445 (limit: 500)
2026-04-04 11:15:03,671 [INFO] Query URL: https://hsdes.intel.com/appstore/generalapps/#/pages/community/1203659509?queryId=16021056445
2026-04-04 11:15:03,671 [INFO] [Attempt 1/5] Trying endpoint: https://hsdes-api.intel.com/rest/query/16021056445
2026-04-04 11:15:03,671 [DEBUG] API request: GET https://hsdes-api.intel.com/rest/query/16021056445
2026-04-04 11:15:05,444 [ERROR] API request failed: GET https://hsdes-api.intel.com/rest/query/16021056445 - ctx step failed: SpnegoError (4294967295): [WinError -2146893039] No authority could be contacted for authentication, Context: Processing security token
2026-04-04 11:15:05,444 [DEBUG] Endpoint {'path': 'query/16021056445', 'params': {'include_text_fields': 'Y', 'start_at': 1, 'max_results': 500}} error: ctx step failed: SpnegoError (4294967295): [WinError -2146893039] No authority could be contacted for authentication, Context: Processing security token
2026-04-04 11:15:05,444 [INFO] [Attempt 2/5] Trying endpoint: https://hsdes-api.intel.com/rest/query/execute/16021056445
2026-04-04 11:15:05,444 [DEBUG] API request: GET https://hsdes-api.intel.com/rest/query/execute/16021056445
2026-04-04 11:15:06,813 [ERROR] API request failed: GET https://hsdes-api.intel.com/rest/query/execute/16021056445 - ctx step failed: SpnegoError (4294967295): [WinError -2146893039] No authority could be contacted for authentication, Context: Processing security token
2026-04-04 11:15:06,814 [DEBUG] Endpoint {'path': 'query/execute/16021056445', 'params': {'limit': 500}} error: ctx step failed: SpnegoError (4294967295): [WinError -2146893039] No authority could be contacted for authentication, Context: Processing security token
2026-04-04 11:15:06,814 [INFO] [Attempt 3/5] Trying endpoint: https://hsdes-api.intel.com/rest/query/16021056445/execute
2026-04-04 11:15:06,814 [DEBUG] API request: GET https://hsdes-api.intel.com/rest/query/16021056445/execute
2026-04-04 11:15:08,367 [ERROR] API request failed: GET https://hsdes-api.intel.com/rest/query/16021056445/execute - ctx step failed: SpnegoError (4294967295): [WinError -2146893039] No authority could be contacted for authentication, Context: Processing security token
2026-04-04 11:15:08,367 [DEBUG] Endpoint {'path': 'query/16021056445/execute', 'params': {'limit': 500}} error: ctx step failed: SpnegoError (4294967295): [WinError -2146893039] No authority could be contacted for authentication, Context: Processing security token
2026-04-04 11:15:08,367 [INFO] [Attempt 4/5] Trying endpoint: https://hsdes-api.intel.com/rest/savedquery/16021056445
2026-04-04 11:15:08,367 [DEBUG] API request: GET https://hsdes-api.intel.com/rest/savedquery/16021056445
2026-04-04 11:15:09,712 [ERROR] API request failed: GET https://hsdes-api.intel.com/rest/savedquery/16021056445 - ctx step failed: SpnegoError (4294967295): [WinError -2146893039] No authority could be contacted for authentication, Context: Processing security token
2026-04-04 11:15:09,712 [DEBUG] Endpoint {'path': 'savedquery/16021056445', 'params': {'limit': 500}} error: ctx step failed: SpnegoError (4294967295): [WinError -2146893039] No authority could be contacted for authentication, Context: Processing security token
2026-04-04 11:15:09,712 [INFO] [Attempt 5/5] Trying endpoint: https://hsdes-api.intel.com/rest/article/query/16021056445
2026-04-04 11:15:09,712 [DEBUG] API request: GET https://hsdes-api.intel.com/rest/article/query/16021056445
2026-04-04 11:15:11,123 [ERROR] API request failed: GET https://hsdes-api.intel.com/rest/article/query/16021056445 - ctx step failed: SpnegoError (4294967295): [WinError -2146893039] No authority could be contacted for authentication, Context: Processing security token
2026-04-04 11:15:11,123 [DEBUG] Endpoint {'path': 'article/query/16021056445', 'params': {'limit': 500}} error: ctx step failed: SpnegoError (4294967295): [WinError -2146893039] No authority could be contacted for authentication, Context: Processing security token
2026-04-04 11:15:11,123 [WARNING] Could not fetch bugs from query ID 16021056445 via API endpoints
2026-04-04 11:15:11,123 [INFO] You may need to access the query directly via web interface or use alternate authentication
2026-04-04 11:15:11,123 [INFO] ======================================================================
2026-04-04 11:15:11,123 [INFO] HSD API Authentication Failed - Alternative Options:
2026-04-04 11:15:11,123 [INFO] ======================================================================
2026-04-04 11:15:11,123 [INFO] 1. Validate Kerberos ticket:
2026-04-04 11:15:11,123 [INFO]    - Run 'klist' to verify a valid ticket exists
2026-04-04 11:15:11,123 [INFO]    - If expired or missing, run 'kinit your_upi@INTEL.COM'
2026-04-04 11:15:11,123 [INFO] 
2026-04-04 11:15:11,123 [INFO] 2. Manual Export (recommended for now):
2026-04-04 11:15:11,123 [INFO]    - Visit: https://hsdes.intel.com/appstore/generalapps/#/pages/community/1203659509?queryId=16021056445
2026-04-04 11:15:11,123 [INFO]    - Click 'Export' button
2026-04-04 11:15:11,123 [INFO]    - Save as CSV/Excel
2026-04-04 11:15:11,123 [INFO] 
2026-04-04 11:15:11,123 [INFO] 3. Request Faceless Account:
2026-04-04 11:15:11,123 [INFO]    - Email: ags@intel.com
2026-04-04 11:15:11,124 [INFO]    - Subject: 'Faceless Account for HSD API Access'
2026-04-04 11:15:11,124 [INFO]    - Get dedicated service account credentials
2026-04-04 11:15:11,124 [INFO] ======================================================================
2026-04-05 11:15:04,395 [DEBUG] Using existing KRB5CCNAME=FILE:C:\Temp\krb5cache
2026-04-05 11:15:04,396 [INFO] Kerberos credential cache in use: FILE:C:\Temp\krb5cache
2026-04-05 11:15:04,396 [INFO] Using Kerberos authentication with cache FILE:C:\Temp\krb5cache
2026-04-05 11:15:04,396 [WARNING] SSL verification disabled for HSD API requests; set HSD_CA_CERT to enable.
2026-04-05 11:15:04,396 [INFO] HSD authentication mode in use: kerberos
2026-04-05 11:15:04,397 [INFO] Fetching bugs from saved query ID: 16021056445 (limit: 500)
2026-04-05 11:15:04,397 [INFO] Query URL: https://hsdes.intel.com/appstore/generalapps/#/pages/community/1203659509?queryId=16021056445
2026-04-05 11:15:04,397 [INFO] [Attempt 1/5] Trying endpoint: https://hsdes-api.intel.com/rest/query/16021056445
2026-04-05 11:15:04,397 [DEBUG] API request: GET https://hsdes-api.intel.com/rest/query/16021056445
2026-04-05 11:15:07,876 [INFO] Successfully fetched 5 bugs from query 16021056445
2026-04-07 11:15:08,494 [DEBUG] Using existing KRB5CCNAME=FILE:C:\Temp\krb5cache
2026-04-07 11:15:08,495 [INFO] Kerberos credential cache in use: FILE:C:\Temp\krb5cache
2026-04-07 11:15:08,495 [INFO] Using Kerberos authentication with cache FILE:C:\Temp\krb5cache
2026-04-07 11:15:08,495 [WARNING] SSL verification disabled for HSD API requests; set HSD_CA_CERT to enable.
2026-04-07 11:15:08,495 [INFO] HSD authentication mode in use: kerberos
2026-04-07 11:15:08,495 [INFO] Fetching bugs from saved query ID: 16021056445 (limit: 500)
2026-04-07 11:15:08,495 [INFO] Query URL: https://hsdes.intel.com/appstore/generalapps/#/pages/community/1203659509?queryId=16021056445
2026-04-07 11:15:08,495 [INFO] [Attempt 1/5] Trying endpoint: https://hsdes-api.intel.com/rest/query/16021056445
2026-04-07 11:15:08,495 [DEBUG] API request: GET https://hsdes-api.intel.com/rest/query/16021056445
2026-04-07 11:15:11,335 [INFO] Successfully fetched 7 bugs from query 16021056445
2026-04-08 11:15:04,782 [DEBUG] Using existing KRB5CCNAME=FILE:C:\Temp\krb5cache
2026-04-08 11:15:04,783 [INFO] Kerberos credential cache in use: FILE:C:\Temp\krb5cache
2026-04-08 11:15:04,784 [INFO] Using Kerberos authentication with cache FILE:C:\Temp\krb5cache
2026-04-08 11:15:04,784 [WARNING] SSL verification disabled for HSD API requests; set HSD_CA_CERT to enable.
2026-04-08 11:15:04,784 [INFO] HSD authentication mode in use: kerberos
2026-04-08 11:15:04,785 [INFO] Fetching bugs from saved query ID: 16021056445 (limit: 500)
2026-04-08 11:15:04,785 [INFO] Query URL: https://hsdes.intel.com/appstore/generalapps/#/pages/community/1203659509?queryId=16021056445
2026-04-08 11:15:04,785 [INFO] [Attempt 1/5] Trying endpoint: https://hsdes-api.intel.com/rest/query/16021056445
2026-04-08 11:15:04,785 [DEBUG] API request: GET https://hsdes-api.intel.com/rest/query/16021056445
2026-04-08 11:15:07,893 [INFO] Successfully fetched 8 bugs from query 16021056445
2026-04-09 11:15:05,014 [DEBUG] Using existing KRB5CCNAME=FILE:C:\Temp\krb5cache
2026-04-09 11:15:05,015 [INFO] Kerberos credential cache in use: FILE:C:\Temp\krb5cache
2026-04-09 11:15:05,016 [INFO] Using Kerberos authentication with cache FILE:C:\Temp\krb5cache
2026-04-09 11:15:05,016 [WARNING] SSL verification disabled for HSD API requests; set HSD_CA_CERT to enable.
2026-04-09 11:15:05,016 [INFO] HSD authentication mode in use: kerberos
2026-04-09 11:15:05,016 [INFO] Fetching bugs from saved query ID: 16021056445 (limit: 500)
2026-04-09 11:15:05,016 [INFO] Query URL: https://hsdes.intel.com/appstore/generalapps/#/pages/community/1203659509?queryId=16021056445
2026-04-09 11:15:05,016 [INFO] [Attempt 1/5] Trying endpoint: https://hsdes-api.intel.com/rest/query/16021056445
2026-04-09 11:15:05,017 [DEBUG] API request: GET https://hsdes-api.intel.com/rest/query/16021056445
2026-04-09 11:15:07,134 [INFO] Successfully fetched 9 bugs from query 16021056445
2026-04-10 11:15:03,456 [DEBUG] Using existing KRB5CCNAME=FILE:C:\Temp\krb5cache
2026-04-10 11:15:03,459 [INFO] Kerberos credential cache in use: FILE:C:\Temp\krb5cache
2026-04-10 11:15:03,460 [INFO] Using Kerberos authentication with cache FILE:C:\Temp\krb5cache
2026-04-10 11:15:03,460 [WARNING] SSL verification disabled for HSD API requests; set HSD_CA_CERT to enable.
2026-04-10 11:15:03,460 [INFO] HSD authentication mode in use: kerberos
2026-04-10 11:15:03,460 [INFO] Fetching bugs from saved query ID: 16021056445 (limit: 500)
2026-04-10 11:15:03,460 [INFO] Query URL: https://hsdes.intel.com/appstore/generalapps/#/pages/community/1203659509?queryId=16021056445
2026-04-10 11:15:03,461 [INFO] [Attempt 1/5] Trying endpoint: https://hsdes-api.intel.com/rest/query/16021056445
2026-04-10 11:15:03,461 [DEBUG] API request: GET https://hsdes-api.intel.com/rest/query/16021056445
2026-04-10 11:15:06,561 [INFO] Successfully fetched 9 bugs from query 16021056445
2026-04-12 11:15:03,521 [DEBUG] Using existing KRB5CCNAME=FILE:C:\Temp\krb5cache
2026-04-12 11:15:03,523 [INFO] Kerberos credential cache in use: FILE:C:\Temp\krb5cache
2026-04-12 11:15:03,524 [INFO] Using Kerberos authentication with cache FILE:C:\Temp\krb5cache
2026-04-12 11:15:03,526 [WARNING] SSL verification disabled for HSD API requests; set HSD_CA_CERT to enable.
2026-04-12 11:15:03,526 [INFO] HSD authentication mode in use: kerberos
2026-04-12 11:15:03,527 [INFO] Fetching bugs from saved query ID: 16021056445 (limit: 500)
2026-04-12 11:15:03,527 [INFO] Query URL: https://hsdes.intel.com/appstore/generalapps/#/pages/community/1203659509?queryId=16021056445
2026-04-12 11:15:03,527 [INFO] [Attempt 1/5] Trying endpoint: https://hsdes-api.intel.com/rest/query/16021056445
2026-04-12 11:15:03,527 [DEBUG] API request: GET https://hsdes-api.intel.com/rest/query/16021056445
2026-04-12 11:15:06,530 [INFO] Successfully fetched 9 bugs from query 16021056445
2026-04-13 11:15:04,843 [DEBUG] Using existing KRB5CCNAME=FILE:C:\Temp\krb5cache
2026-04-13 11:15:04,844 [INFO] Kerberos credential cache in use: FILE:C:\Temp\krb5cache
2026-04-13 11:15:04,844 [INFO] Using Kerberos authentication with cache FILE:C:\Temp\krb5cache
2026-04-13 11:15:04,845 [WARNING] SSL verification disabled for HSD API requests; set HSD_CA_CERT to enable.
2026-04-13 11:15:04,845 [INFO] HSD authentication mode in use: kerberos
2026-04-13 11:15:04,845 [INFO] Fetching bugs from saved query ID: 16021056445 (limit: 500)
2026-04-13 11:15:04,846 [INFO] Query URL: https://hsdes.intel.com/appstore/generalapps/#/pages/community/1203659509?queryId=16021056445
2026-04-13 11:15:04,846 [INFO] [Attempt 1/5] Trying endpoint: https://hsdes-api.intel.com/rest/query/16021056445
2026-04-13 11:15:04,846 [DEBUG] API request: GET https://hsdes-api.intel.com/rest/query/16021056445
2026-04-13 11:15:08,353 [INFO] Successfully fetched 9 bugs from query 16021056445
2026-04-14 11:15:03,534 [DEBUG] Using existing KRB5CCNAME=FILE:C:\Temp\krb5cache
2026-04-14 11:15:03,535 [INFO] Kerberos credential cache in use: FILE:C:\Temp\krb5cache
2026-04-14 11:15:03,536 [INFO] Using Kerberos authentication with cache FILE:C:\Temp\krb5cache
2026-04-14 11:15:03,536 [WARNING] SSL verification disabled for HSD API requests; set HSD_CA_CERT to enable.
2026-04-14 11:15:03,536 [INFO] HSD authentication mode in use: kerberos
2026-04-14 11:15:03,537 [INFO] Fetching bugs from saved query ID: 16021056445 (limit: 500)
2026-04-14 11:15:03,537 [INFO] Query URL: https://hsdes.intel.com/appstore/generalapps/#/pages/community/1203659509?queryId=16021056445
2026-04-14 11:15:03,537 [INFO] [Attempt 1/5] Trying endpoint: https://hsdes-api.intel.com/rest/query/16021056445
2026-04-14 11:15:03,537 [DEBUG] API request: GET https://hsdes-api.intel.com/rest/query/16021056445
2026-04-14 11:15:05,557 [INFO] Successfully fetched 10 bugs from query 16021056445
2026-04-15 11:15:04,530 [DEBUG] Using existing KRB5CCNAME=FILE:C:\Temp\krb5cache
2026-04-15 11:15:04,531 [INFO] Kerberos credential cache in use: FILE:C:\Temp\krb5cache
2026-04-15 11:15:04,531 [INFO] Using Kerberos authentication with cache FILE:C:\Temp\krb5cache
2026-04-15 11:15:04,531 [WARNING] SSL verification disabled for HSD API requests; set HSD_CA_CERT to enable.
2026-04-15 11:15:04,532 [INFO] HSD authentication mode in use: kerberos
2026-04-15 11:15:04,532 [INFO] Fetching bugs from saved query ID: 16021056445 (limit: 500)
2026-04-15 11:15:04,532 [INFO] Query URL: https://hsdes.intel.com/appstore/generalapps/#/pages/community/1203659509?queryId=16021056445
2026-04-15 11:15:04,532 [INFO] [Attempt 1/5] Trying endpoint: https://hsdes-api.intel.com/rest/query/16021056445
2026-04-15 11:15:04,532 [DEBUG] API request: GET https://hsdes-api.intel.com/rest/query/16021056445
2026-04-15 11:15:07,043 [INFO] Successfully fetched 10 bugs from query 16021056445
2026-04-16 11:15:07,783 [DEBUG] Using existing KRB5CCNAME=FILE:C:\Temp\krb5cache
2026-04-16 11:15:07,785 [INFO] Kerberos credential cache in use: FILE:C:\Temp\krb5cache
2026-04-16 11:15:07,785 [INFO] Using Kerberos authentication with cache FILE:C:\Temp\krb5cache
2026-04-16 11:15:07,786 [WARNING] SSL verification disabled for HSD API requests; set HSD_CA_CERT to enable.
2026-04-16 11:15:07,786 [INFO] HSD authentication mode in use: kerberos
2026-04-16 11:15:07,786 [INFO] Fetching bugs from saved query ID: 16021056445 (limit: 500)
2026-04-16 11:15:07,787 [INFO] Query URL: https://hsdes.intel.com/appstore/generalapps/#/pages/community/1203659509?queryId=16021056445
2026-04-16 11:15:07,787 [INFO] [Attempt 1/5] Trying endpoint: https://hsdes-api.intel.com/rest/query/16021056445
2026-04-16 11:15:07,788 [DEBUG] API request: GET https://hsdes-api.intel.com/rest/query/16021056445
2026-04-16 11:15:09,987 [INFO] Successfully fetched 19 bugs from query 16021056445
2026-04-18 11:15:04,319 [DEBUG] Using existing KRB5CCNAME=FILE:C:\Temp\krb5cache
2026-04-18 11:15:04,320 [INFO] Kerberos credential cache in use: FILE:C:\Temp\krb5cache
2026-04-18 11:15:04,320 [INFO] Using Kerberos authentication with cache FILE:C:\Temp\krb5cache
2026-04-18 11:15:04,321 [WARNING] SSL verification disabled for HSD API requests; set HSD_CA_CERT to enable.
2026-04-18 11:15:04,321 [INFO] HSD authentication mode in use: kerberos
2026-04-18 11:15:04,321 [INFO] Fetching bugs from saved query ID: 16021056445 (limit: 500)
2026-04-18 11:15:04,321 [INFO] Query URL: https://hsdes.intel.com/appstore/generalapps/#/pages/community/1203659509?queryId=16021056445
2026-04-18 11:15:04,321 [INFO] [Attempt 1/5] Trying endpoint: https://hsdes-api.intel.com/rest/query/16021056445
2026-04-18 11:15:04,322 [DEBUG] API request: GET https://hsdes-api.intel.com/rest/query/16021056445
2026-04-18 11:15:06,521 [INFO] Successfully fetched 18 bugs from query 16021056445
2026-04-21 11:15:03,802 [DEBUG] Using existing KRB5CCNAME=FILE:C:\Temp\krb5cache
2026-04-21 11:15:03,822 [INFO] Kerberos credential cache in use: FILE:C:\Temp\krb5cache
2026-04-21 11:15:03,823 [INFO] Using Kerberos authentication with cache FILE:C:\Temp\krb5cache
2026-04-21 11:15:03,823 [WARNING] SSL verification disabled for HSD API requests; set HSD_CA_CERT to enable.
2026-04-21 11:15:03,823 [INFO] HSD authentication mode in use: kerberos
2026-04-21 11:15:03,823 [INFO] Fetching bugs from saved query ID: 16021056445 (limit: 500)
2026-04-21 11:15:03,824 [INFO] Query URL: https://hsdes.intel.com/appstore/generalapps/#/pages/community/1203659509?queryId=16021056445
2026-04-21 11:15:03,824 [INFO] [Attempt 1/5] Trying endpoint: https://hsdes-api.intel.com/rest/query/16021056445
2026-04-21 11:15:03,824 [DEBUG] API request: GET https://hsdes-api.intel.com/rest/query/16021056445
2026-04-21 11:15:07,942 [INFO] Successfully fetched 17 bugs from query 16021056445
2026-04-22 11:15:05,067 [DEBUG] Using existing KRB5CCNAME=FILE:C:\Temp\krb5cache
2026-04-22 11:15:05,068 [INFO] Kerberos credential cache in use: FILE:C:\Temp\krb5cache
2026-04-22 11:15:05,068 [INFO] Using Kerberos authentication with cache FILE:C:\Temp\krb5cache
2026-04-22 11:15:05,068 [WARNING] SSL verification disabled for HSD API requests; set HSD_CA_CERT to enable.
2026-04-22 11:15:05,068 [INFO] HSD authentication mode in use: kerberos
2026-04-22 11:15:05,069 [INFO] Fetching bugs from saved query ID: 16021056445 (limit: 500)
2026-04-22 11:15:05,069 [INFO] Query URL: https://hsdes.intel.com/appstore/generalapps/#/pages/community/1203659509?queryId=16021056445
2026-04-22 11:15:05,069 [INFO] [Attempt 1/5] Trying endpoint: https://hsdes-api.intel.com/rest/query/16021056445
2026-04-22 11:15:05,069 [DEBUG] API request: GET https://hsdes-api.intel.com/rest/query/16021056445
2026-04-22 11:15:09,494 [INFO] Successfully fetched 19 bugs from query 16021056445
2026-04-23 11:15:04,442 [DEBUG] Using existing KRB5CCNAME=FILE:C:\Temp\krb5cache
2026-04-23 11:15:04,443 [INFO] Kerberos credential cache in use: FILE:C:\Temp\krb5cache
2026-04-23 11:15:04,444 [INFO] Using Kerberos authentication with cache FILE:C:\Temp\krb5cache
2026-04-23 11:15:04,444 [WARNING] SSL verification disabled for HSD API requests; set HSD_CA_CERT to enable.
2026-04-23 11:15:04,444 [INFO] HSD authentication mode in use: kerberos
2026-04-23 11:15:04,445 [INFO] Fetching bugs from saved query ID: 16021056445 (limit: 500)
2026-04-23 11:15:04,445 [INFO] Query URL: https://hsdes.intel.com/appstore/generalapps/#/pages/community/1203659509?queryId=16021056445
2026-04-23 11:15:04,445 [INFO] [Attempt 1/5] Trying endpoint: https://hsdes-api.intel.com/rest/query/16021056445
2026-04-23 11:15:04,445 [DEBUG] API request: GET https://hsdes-api.intel.com/rest/query/16021056445
2026-04-23 11:15:06,719 [INFO] Successfully fetched 19 bugs from query 16021056445
2026-04-23 11:15:36,465 [DEBUG] Using existing KRB5CCNAME=FILE:C:\Temp\krb5cache
2026-04-23 11:15:36,466 [INFO] Kerberos credential cache in use: FILE:C:\Temp\krb5cache
2026-04-23 11:15:36,466 [INFO] Using Kerberos authentication with cache FILE:C:\Temp\krb5cache
2026-04-23 11:15:36,466 [WARNING] SSL verification disabled for HSD API requests; set HSD_CA_CERT to enable.
2026-04-23 11:15:36,467 [INFO] HSD authentication mode in use: kerberos
2026-04-23 11:15:36,467 [INFO] Fetching bugs from saved query ID: 16021056445 (limit: 500)
2026-04-23 11:15:36,467 [INFO] Query URL: https://hsdes.intel.com/appstore/generalapps/#/pages/community/1203659509?queryId=16021056445
2026-04-23 11:15:36,467 [INFO] [Attempt 1/5] Trying endpoint: https://hsdes-api.intel.com/rest/query/16021056445
2026-04-23 11:15:36,467 [DEBUG] API request: GET https://hsdes-api.intel.com/rest/query/16021056445
2026-04-23 11:15:37,534 [INFO] Successfully fetched 19 bugs from query 16021056445
2026-04-23 11:15:44,211 [DEBUG] Using existing KRB5CCNAME=FILE:C:\Temp\krb5cache
2026-04-23 11:15:44,211 [INFO] Kerberos credential cache in use: FILE:C:\Temp\krb5cache
2026-04-23 11:15:44,211 [INFO] Using Kerberos authentication with cache FILE:C:\Temp\krb5cache
2026-04-23 11:15:44,212 [WARNING] SSL verification disabled for HSD API requests; set HSD_CA_CERT to enable.
2026-04-23 11:15:44,212 [INFO] HSD authentication mode in use: kerberos
2026-04-23 11:15:44,212 [INFO] Fetching bugs from saved query ID: 15019304932 (limit: 500)
2026-04-23 11:15:44,212 [INFO] Query URL: https://hsdes.intel.com/appstore/generalapps/#/pages/community/1203659509?queryId=15019304932
2026-04-23 11:15:44,212 [INFO] [Attempt 1/5] Trying endpoint: https://hsdes-api.intel.com/rest/query/15019304932
2026-04-23 11:15:44,212 [DEBUG] API request: GET https://hsdes-api.intel.com/rest/query/15019304932
2026-04-23 11:15:45,460 [INFO] Successfully fetched 14 bugs from query 15019304932
2026-04-23 11:24:49,139 [DEBUG] Using existing KRB5CCNAME=FILE:C:\Temp\krb5cache
2026-04-23 11:24:49,140 [INFO] Kerberos credential cache in use: FILE:C:\Temp\krb5cache
2026-04-23 11:24:49,140 [INFO] Using Kerberos authentication with cache FILE:C:\Temp\krb5cache
2026-04-23 11:24:49,140 [WARNING] SSL verification disabled for HSD API requests; set HSD_CA_CERT to enable.
2026-04-23 11:24:49,140 [INFO] HSD authentication mode in use: kerberos
2026-04-23 11:24:49,140 [INFO] Fetching bugs from saved query ID: 16021056445 (limit: 500)
2026-04-23 11:24:49,141 [INFO] Query URL: https://hsdes.intel.com/appstore/generalapps/#/pages/community/1203659509?queryId=16021056445
2026-04-23 11:24:49,141 [INFO] [Attempt 1/5] Trying endpoint: https://hsdes-api.intel.com/rest/query/16021056445
2026-04-23 11:24:49,141 [DEBUG] API request: GET https://hsdes-api.intel.com/rest/query/16021056445
2026-04-23 11:24:50,595 [INFO] Successfully fetched 19 bugs from query 16021056445
2026-04-23 18:58:04,515 [DEBUG] Using existing KRB5CCNAME=FILE:C:\Temp\krb5cache
2026-04-23 18:58:04,515 [INFO] Kerberos credential cache in use: FILE:C:\Temp\krb5cache
2026-04-23 18:58:04,516 [INFO] Using Kerberos authentication with cache FILE:C:\Temp\krb5cache
2026-04-23 18:58:04,516 [WARNING] SSL verification disabled for HSD API requests; set HSD_CA_CERT to enable.
2026-04-23 18:58:04,517 [INFO] HSD authentication mode in use: kerberos
2026-04-23 18:58:04,517 [DEBUG] API request: GET https://hsdes-api.intel.com/rest/article/22022043646
2026-04-23 18:58:17,369 [DEBUG] Using existing KRB5CCNAME=FILE:C:\Temp\krb5cache
2026-04-23 18:58:17,370 [INFO] Kerberos credential cache in use: FILE:C:\Temp\krb5cache
2026-04-23 18:58:17,370 [INFO] Using Kerberos authentication with cache FILE:C:\Temp\krb5cache
2026-04-23 18:58:17,371 [WARNING] SSL verification disabled for HSD API requests; set HSD_CA_CERT to enable.
2026-04-23 18:58:17,371 [INFO] HSD authentication mode in use: kerberos
2026-04-23 18:58:17,372 [INFO] Executing query: id:22022043646
2026-04-23 18:58:17,372 [DEBUG] Query parameters: {'q': 'id:22022043646', 'limit': 10, 'fields': 'id,title,status,severity,priority,component,owner,submitter,created_date,modified_date'}
2026-04-23 18:58:17,372 [DEBUG] API request: GET https://hsdes-api.intel.com/rest/query
2026-04-23 18:58:31,135 [INFO] Query returned 780478 bugs: id:22022043646
2026-04-23 19:07:13,760 [DEBUG] Using existing KRB5CCNAME=FILE:C:\Temp\krb5cache
2026-04-23 19:07:13,760 [INFO] Kerberos credential cache in use: FILE:C:\Temp\krb5cache
2026-04-23 19:07:13,761 [INFO] Using Kerberos authentication with cache FILE:C:\Temp\krb5cache
2026-04-23 19:07:13,761 [WARNING] SSL verification disabled for HSD API requests; set HSD_CA_CERT to enable.
2026-04-23 19:07:13,761 [INFO] HSD authentication mode in use: kerberos
2026-04-23 19:07:13,762 [INFO] Searching by owner - Query: owner:timdaway
2026-04-23 19:07:13,762 [INFO] Executing query: owner:timdaway
2026-04-23 19:07:13,762 [DEBUG] Query parameters: {'q': 'owner:timdaway', 'limit': 5000, 'fields': 'id,title,status,severity,priority,component,owner,submitter,created_date,modified_date'}
2026-04-23 19:07:13,763 [DEBUG] API request: GET https://hsdes-api.intel.com/rest/query
2026-04-23 19:07:29,378 [INFO] Query returned 780479 bugs: owner:timdaway
2026-04-23 19:08:18,157 [DEBUG] Using existing KRB5CCNAME=FILE:C:\Temp\krb5cache
2026-04-23 19:08:18,159 [INFO] Kerberos credential cache in use: FILE:C:\Temp\krb5cache
2026-04-23 19:08:18,159 [INFO] Using Kerberos authentication with cache FILE:C:\Temp\krb5cache
2026-04-23 19:08:18,160 [WARNING] SSL verification disabled for HSD API requests; set HSD_CA_CERT to enable.
2026-04-23 19:08:18,160 [INFO] HSD authentication mode in use: kerberos
2026-04-23 19:08:18,160 [INFO] Fetching bugs from saved query ID: 15019019900 (limit: 5000)
2026-04-23 19:08:18,161 [INFO] Query URL: https://hsdes.intel.com/appstore/generalapps/#/pages/community/1203659509?queryId=15019019900
2026-04-23 19:08:18,161 [INFO] [Attempt 1/5] Trying endpoint: https://hsdes-api.intel.com/rest/query/15019019900
2026-04-23 19:08:18,161 [DEBUG] API request: GET https://hsdes-api.intel.com/rest/query/15019019900
2026-04-23 19:08:19,732 [INFO] Successfully fetched 303 bugs from query 15019019900
2026-04-23 19:18:11,334 [DEBUG] Using existing KRB5CCNAME=FILE:C:\Temp\krb5cache
2026-04-23 19:18:11,334 [INFO] Kerberos credential cache in use: FILE:C:\Temp\krb5cache
2026-04-23 19:18:11,335 [INFO] Using Kerberos authentication with cache FILE:C:\Temp\krb5cache
2026-04-23 19:18:11,335 [WARNING] SSL verification disabled for HSD API requests; set HSD_CA_CERT to enable.
2026-04-23 19:18:11,335 [INFO] HSD authentication mode in use: kerberos
2026-04-23 19:18:11,336 [INFO] Fetching bugs from saved query ID: 16021056445 (limit: 5000)
2026-04-23 19:18:11,337 [INFO] Query URL: https://hsdes.intel.com/appstore/generalapps/#/pages/community/1203659509?queryId=16021056445
2026-04-23 19:18:11,337 [INFO] [Attempt 1/5] Trying endpoint: https://hsdes-api.intel.com/rest/query/16021056445
2026-04-23 19:18:11,338 [DEBUG] API request: GET https://hsdes-api.intel.com/rest/query/16021056445
2026-04-23 19:18:12,993 [INFO] Successfully fetched 19 bugs from query 16021056445
2026-04-23 19:20:42,354 [DEBUG] Using existing KRB5CCNAME=FILE:C:\Temp\krb5cache
2026-04-23 19:20:42,355 [INFO] Kerberos credential cache in use: FILE:C:\Temp\krb5cache
2026-04-23 19:20:42,356 [INFO] Using Kerberos authentication with cache FILE:C:\Temp\krb5cache
2026-04-23 19:20:42,356 [WARNING] SSL verification disabled for HSD API requests; set HSD_CA_CERT to enable.
2026-04-23 19:20:42,356 [INFO] HSD authentication mode in use: kerberos
2026-04-23 19:20:42,357 [DEBUG] API request: GET https://hsdes-api.intel.com/rest/article/15013718751
2026-04-23 19:20:43,543 [ERROR] API request failed: GET https://hsdes-api.intel.com/rest/article/15013718751 - 400 Client Error: Bad Request for url: https://hsdes-api.intel.com/rest/article/15013718751
2026-04-23 19:23:17,309 [DEBUG] Using existing KRB5CCNAME=FILE:C:\Temp\krb5cache
2026-04-23 19:23:17,310 [INFO] Kerberos credential cache in use: FILE:C:\Temp\krb5cache
2026-04-23 19:23:17,311 [INFO] Using Kerberos authentication with cache FILE:C:\Temp\krb5cache
2026-04-23 19:23:17,311 [WARNING] SSL verification disabled for HSD API requests; set HSD_CA_CERT to enable.
2026-04-23 19:23:17,312 [INFO] HSD authentication mode in use: kerberos
2026-04-23 19:23:17,312 [DEBUG] API request: GET https://hsdes-api.intel.com/rest/article/15013718751
2026-04-23 19:23:18,195 [ERROR] API request failed: GET https://hsdes-api.intel.com/rest/article/15013718751 - 400 Client Error: Bad Request for url: https://hsdes-api.intel.com/rest/article/15013718751
2026-04-23 19:23:18,196 [DEBUG] API request: GET https://hsdes-api.intel.com/rest/article/15014841887
2026-04-23 19:23:18,690 [DEBUG] API request: GET https://hsdes-api.intel.com/rest/article/16030160389
2026-04-23 19:23:18,823 [DEBUG] API request: GET https://hsdes-api.intel.com/rest/article/22022045968
2026-04-23 19:23:18,993 [DEBUG] API request: GET https://hsdes-api.intel.com/rest/article/22022083023
2026-04-23 19:23:19,118 [DEBUG] API request: GET https://hsdes-api.intel.com/rest/article/22022137274
2026-04-23 19:23:19,245 [DEBUG] API request: GET https://hsdes-api.intel.com/rest/article/22022275671
2026-04-23 19:23:19,371 [DEBUG] API request: GET https://hsdes-api.intel.com/rest/article/22022280341
2026-04-23 19:32:21,455 [DEBUG] Using existing KRB5CCNAME=FILE:C:\Temp\krb5cache
2026-04-23 19:32:21,455 [INFO] Kerberos credential cache in use: FILE:C:\Temp\krb5cache
2026-04-23 19:32:21,456 [INFO] Using Kerberos authentication with cache FILE:C:\Temp\krb5cache
2026-04-23 19:32:21,456 [WARNING] SSL verification disabled for HSD API requests; set HSD_CA_CERT to enable.
2026-04-23 19:32:21,457 [INFO] HSD authentication mode in use: kerberos
2026-04-23 19:32:21,457 [INFO] Fetching bugs from saved query ID: 16021056445 (limit: 5000)
2026-04-23 19:32:21,457 [INFO] Query URL: https://hsdes.intel.com/appstore/generalapps/#/pages/community/1203659509?queryId=16021056445
2026-04-23 19:32:21,458 [INFO] [Attempt 1/5] Trying endpoint: https://hsdes-api.intel.com/rest/query/16021056445
2026-04-23 19:32:21,458 [DEBUG] API request: GET https://hsdes-api.intel.com/rest/query/16021056445
2026-04-23 19:32:22,953 [INFO] Successfully fetched 19 bugs from query 16021056445
2026-04-23 19:33:49,974 [DEBUG] Using existing KRB5CCNAME=FILE:C:\Temp\krb5cache
2026-04-23 19:33:49,974 [INFO] Kerberos credential cache in use: FILE:C:\Temp\krb5cache
2026-04-23 19:33:49,975 [INFO] Using Kerberos authentication with cache FILE:C:\Temp\krb5cache
2026-04-23 19:33:49,975 [WARNING] SSL verification disabled for HSD API requests; set HSD_CA_CERT to enable.
2026-04-23 19:33:49,975 [INFO] HSD authentication mode in use: kerberos
2026-04-23 19:33:49,976 [INFO] Fetching bugs from saved query ID: 16021056445 (limit: 5000)
2026-04-23 19:33:49,976 [INFO] Query URL: https://hsdes.intel.com/appstore/generalapps/#/pages/community/1203659509?queryId=16021056445
2026-04-23 19:33:49,977 [INFO] [Attempt 1/5] Trying endpoint: https://hsdes-api.intel.com/rest/query/16021056445
2026-04-23 19:33:49,977 [DEBUG] API request: GET https://hsdes-api.intel.com/rest/query/16021056445
2026-04-23 19:33:51,143 [INFO] Successfully fetched 19 bugs from query 16021056445
2026-04-24 11:15:04,652 [DEBUG] Using existing KRB5CCNAME=FILE:C:\Temp\krb5cache
2026-04-24 11:15:04,653 [INFO] Kerberos credential cache in use: FILE:C:\Temp\krb5cache
2026-04-24 11:15:04,653 [INFO] Using Kerberos authentication with cache FILE:C:\Temp\krb5cache
2026-04-24 11:15:04,653 [WARNING] SSL verification disabled for HSD API requests; set HSD_CA_CERT to enable.
2026-04-24 11:15:04,653 [INFO] HSD authentication mode in use: kerberos
2026-04-24 11:15:04,654 [INFO] Fetching bugs from saved query ID: 16021056445 (limit: 500)
2026-04-24 11:15:04,654 [INFO] Query URL: https://hsdes.intel.com/appstore/generalapps/#/pages/community/1203659509?queryId=16021056445
2026-04-24 11:15:04,655 [INFO] [Attempt 1/5] Trying endpoint: https://hsdes-api.intel.com/rest/query/16021056445
2026-04-24 11:15:04,655 [DEBUG] API request: GET https://hsdes-api.intel.com/rest/query/16021056445
2026-04-24 11:15:06,554 [INFO] Successfully fetched 19 bugs from query 16021056445
2026-04-25 11:15:04,325 [DEBUG] Using existing KRB5CCNAME=FILE:C:\Temp\krb5cache
2026-04-25 11:15:04,326 [INFO] Kerberos credential cache in use: FILE:C:\Temp\krb5cache
2026-04-25 11:15:04,326 [INFO] Using Kerberos authentication with cache FILE:C:\Temp\krb5cache
2026-04-25 11:15:04,327 [WARNING] SSL verification disabled for HSD API requests; set HSD_CA_CERT to enable.
2026-04-25 11:15:04,327 [INFO] HSD authentication mode in use: kerberos
2026-04-25 11:15:04,327 [INFO] Fetching bugs from saved query ID: 16021056445 (limit: 500)
2026-04-25 11:15:04,327 [INFO] Query URL: https://hsdes.intel.com/appstore/generalapps/#/pages/community/1203659509?queryId=16021056445
2026-04-25 11:15:04,328 [INFO] [Attempt 1/5] Trying endpoint: https://hsdes-api.intel.com/rest/query/16021056445
2026-04-25 11:15:04,328 [DEBUG] API request: GET https://hsdes-api.intel.com/rest/query/16021056445
2026-04-25 11:15:12,061 [INFO] Successfully fetched 19 bugs from query 16021056445
2026-04-25 22:20:29,066 [DEBUG] Using existing KRB5CCNAME=FILE:C:\Temp\krb5cache
2026-04-25 22:20:29,067 [INFO] Kerberos credential cache in use: FILE:C:\Temp\krb5cache
2026-04-25 22:20:29,068 [INFO] Using Kerberos authentication with cache FILE:C:\Temp\krb5cache
2026-04-25 22:20:29,068 [WARNING] SSL verification disabled for HSD API requests; set HSD_CA_CERT to enable.
2026-04-25 22:20:29,068 [INFO] HSD authentication mode in use: kerberos
2026-04-25 22:20:29,068 [INFO] Fetching bugs from saved query ID: 16021056445 (limit: 500)
2026-04-25 22:20:29,068 [INFO] Query URL: https://hsdes.intel.com/appstore/generalapps/#/pages/community/1203659509?queryId=16021056445
2026-04-25 22:20:29,069 [INFO] [Attempt 1/5] Trying endpoint: https://hsdes-api.intel.com/rest/query/16021056445
2026-04-25 22:20:29,069 [DEBUG] API request: GET https://hsdes-api.intel.com/rest/query/16021056445
2026-04-25 22:20:30,610 [INFO] Successfully fetched 19 bugs from query 16021056445
2026-04-25 22:24:23,798 [DEBUG] Using existing KRB5CCNAME=FILE:C:\Temp\krb5cache
2026-04-25 22:24:23,799 [INFO] Kerberos credential cache in use: FILE:C:\Temp\krb5cache
2026-04-25 22:24:23,799 [INFO] Using Kerberos authentication with cache FILE:C:\Temp\krb5cache
2026-04-25 22:24:23,800 [WARNING] SSL verification disabled for HSD API requests; set HSD_CA_CERT to enable.
2026-04-25 22:24:23,800 [INFO] HSD authentication mode in use: kerberos
2026-04-25 22:24:23,800 [INFO] Fetching bugs from saved query ID: 16021056445 (limit: 500)
2026-04-25 22:24:23,801 [INFO] Query URL: https://hsdes.intel.com/appstore/generalapps/#/pages/community/1203659509?queryId=16021056445
2026-04-25 22:24:23,801 [INFO] [Attempt 1/5] Trying endpoint: https://hsdes-api.intel.com/rest/query/16021056445
2026-04-25 22:24:23,801 [DEBUG] API request: GET https://hsdes-api.intel.com/rest/query/16021056445
2026-04-25 22:24:25,094 [INFO] Successfully fetched 19 bugs from query 16021056445
2026-04-25 22:24:38,180 [DEBUG] Using existing KRB5CCNAME=FILE:C:\Temp\krb5cache
2026-04-25 22:24:38,180 [INFO] Kerberos credential cache in use: FILE:C:\Temp\krb5cache
2026-04-25 22:24:38,180 [INFO] Using Kerberos authentication with cache FILE:C:\Temp\krb5cache
2026-04-25 22:24:38,181 [WARNING] SSL verification disabled for HSD API requests; set HSD_CA_CERT to enable.
2026-04-25 22:24:38,181 [INFO] HSD authentication mode in use: kerberos
2026-04-25 22:24:38,181 [INFO] Searching by owner - Query: owner:jtsao1
2026-04-25 22:24:38,181 [INFO] Executing query: owner:jtsao1
2026-04-25 22:24:38,181 [DEBUG] Query parameters: {'q': 'owner:jtsao1', 'limit': 500, 'fields': 'id,title,status,severity,priority,component,owner,submitter,created_date,modified_date'}
2026-04-25 22:24:38,181 [DEBUG] API request: GET https://hsdes-api.intel.com/rest/query
2026-04-25 22:24:56,458 [INFO] Query returned 780828 bugs: owner:jtsao1
2026-04-25 22:31:51,888 [DEBUG] Using existing KRB5CCNAME=FILE:C:\Temp\krb5cache
2026-04-25 22:31:51,888 [INFO] Kerberos credential cache in use: FILE:C:\Temp\krb5cache
2026-04-25 22:31:51,889 [INFO] Using Kerberos authentication with cache FILE:C:\Temp\krb5cache
2026-04-25 22:31:51,889 [WARNING] SSL verification disabled for HSD API requests; set HSD_CA_CERT to enable.
2026-04-25 22:31:51,889 [INFO] HSD authentication mode in use: kerberos
2026-04-25 22:31:51,890 [INFO] Fetching bugs from saved query ID: 16021056445 (limit: 500)
2026-04-25 22:31:51,890 [INFO] Query URL: https://hsdes.intel.com/appstore/generalapps/#/pages/community/1203659509?queryId=16021056445
2026-04-25 22:31:51,890 [INFO] [Attempt 1/5] Trying endpoint: https://hsdes-api.intel.com/rest/query/16021056445
2026-04-25 22:31:51,891 [DEBUG] API request: GET https://hsdes-api.intel.com/rest/query/16021056445
2026-04-25 22:31:52,734 [INFO] Successfully fetched 19 bugs from query 16021056445
2026-04-25 22:32:07,298 [DEBUG] Using existing KRB5CCNAME=FILE:C:\Temp\krb5cache
2026-04-25 22:32:07,298 [INFO] Kerberos credential cache in use: FILE:C:\Temp\krb5cache
2026-04-25 22:32:07,299 [INFO] Using Kerberos authentication with cache FILE:C:\Temp\krb5cache
2026-04-25 22:32:07,299 [WARNING] SSL verification disabled for HSD API requests; set HSD_CA_CERT to enable.
2026-04-25 22:32:07,299 [INFO] HSD authentication mode in use: kerberos
2026-04-25 22:32:07,299 [INFO] [owner-search 1/3] GET https://hsdes-api.intel.com/rest/article owner=jtsao1
2026-04-25 22:32:07,299 [DEBUG] API request: GET https://hsdes-api.intel.com/rest/article
2026-04-25 22:32:07,675 [INFO] owner-search format 1 succeeded: 0 bug(s) for owner=jtsao1
2026-04-25 22:33:28,688 [DEBUG] Using existing KRB5CCNAME=FILE:C:\Temp\krb5cache
2026-04-25 22:33:28,688 [INFO] Kerberos credential cache in use: FILE:C:\Temp\krb5cache
2026-04-25 22:33:28,688 [INFO] Using Kerberos authentication with cache FILE:C:\Temp\krb5cache
2026-04-25 22:33:28,689 [WARNING] SSL verification disabled for HSD API requests; set HSD_CA_CERT to enable.
2026-04-25 22:33:28,689 [INFO] HSD authentication mode in use: kerberos
2026-04-25 22:33:28,689 [INFO] Fetching bugs from saved query ID: 16021056445 (limit: 500)
2026-04-25 22:33:28,689 [INFO] Query URL: https://hsdes.intel.com/appstore/generalapps/#/pages/community/1203659509?queryId=16021056445
2026-04-25 22:33:28,689 [INFO] [Attempt 1/5] Trying endpoint: https://hsdes-api.intel.com/rest/query/16021056445
2026-04-25 22:33:28,690 [DEBUG] API request: GET https://hsdes-api.intel.com/rest/query/16021056445
2026-04-25 22:33:29,536 [INFO] Successfully fetched 19 bugs from query 16021056445
2026-04-25 22:33:42,575 [DEBUG] Using existing KRB5CCNAME=FILE:C:\Temp\krb5cache
2026-04-25 22:33:42,575 [INFO] Kerberos credential cache in use: FILE:C:\Temp\krb5cache
2026-04-25 22:33:42,575 [INFO] Using Kerberos authentication with cache FILE:C:\Temp\krb5cache
2026-04-25 22:33:42,575 [WARNING] SSL verification disabled for HSD API requests; set HSD_CA_CERT to enable.
2026-04-25 22:33:42,576 [INFO] HSD authentication mode in use: kerberos
2026-04-25 22:33:42,576 [INFO] Fetching bugs from saved query ID: 15019322642 (limit: 500)
2026-04-25 22:33:42,576 [INFO] Query URL: https://hsdes.intel.com/appstore/generalapps/#/pages/community/1203659509?queryId=15019322642
2026-04-25 22:33:42,576 [INFO] [Attempt 1/5] Trying endpoint: https://hsdes-api.intel.com/rest/query/15019322642
2026-04-25 22:33:42,576 [DEBUG] API request: GET https://hsdes-api.intel.com/rest/query/15019322642
2026-04-25 22:33:44,217 [INFO] Successfully fetched 19 bugs from query 15019322642
2026-04-26 11:15:03,622 [DEBUG] Using existing KRB5CCNAME=FILE:C:\Temp\krb5cache
2026-04-26 11:15:03,623 [INFO] Kerberos credential cache in use: FILE:C:\Temp\krb5cache
2026-04-26 11:15:03,623 [INFO] Using Kerberos authentication with cache FILE:C:\Temp\krb5cache
2026-04-26 11:15:03,623 [WARNING] SSL verification disabled for HSD API requests; set HSD_CA_CERT to enable.
2026-04-26 11:15:03,624 [INFO] HSD authentication mode in use: kerberos
2026-04-26 11:15:03,624 [INFO] Fetching bugs from saved query ID: 15019322642 (limit: 500)
2026-04-26 11:15:03,624 [INFO] Query URL: https://hsdes.intel.com/appstore/generalapps/#/pages/community/1203659509?queryId=15019322642
2026-04-26 11:15:03,624 [INFO] [Attempt 1/5] Trying endpoint: https://hsdes-api.intel.com/rest/query/15019322642
2026-04-26 11:15:03,624 [DEBUG] API request: GET https://hsdes-api.intel.com/rest/query/15019322642
2026-04-26 11:15:06,124 [INFO] Successfully fetched 19 bugs from query 15019322642
2026-04-26 23:14:34,759 [DEBUG] Using existing KRB5CCNAME=FILE:C:\Temp\krb5cache
2026-04-26 23:14:34,760 [INFO] Kerberos credential cache in use: FILE:C:\Temp\krb5cache
2026-04-26 23:14:34,761 [INFO] Using Kerberos authentication with cache FILE:C:\Temp\krb5cache
2026-04-26 23:14:34,761 [WARNING] SSL verification disabled for HSD API requests; set HSD_CA_CERT to enable.
2026-04-26 23:14:34,761 [INFO] HSD authentication mode in use: kerberos
2026-04-26 23:14:34,762 [INFO] Fetching bugs from saved query ID: 15019322642 (limit: 500)
2026-04-26 23:14:34,762 [INFO] Query URL: https://hsdes.intel.com/appstore/generalapps/#/pages/community/1203659509?queryId=15019322642
2026-04-26 23:14:34,762 [INFO] [Attempt 1/5] Trying endpoint: https://hsdes-api.intel.com/rest/query/15019322642
2026-04-26 23:14:34,762 [DEBUG] API request: GET https://hsdes-api.intel.com/rest/query/15019322642
2026-04-26 23:14:36,965 [INFO] Successfully fetched 19 bugs from query 15019322642
2026-04-26 23:17:35,335 [DEBUG] Using existing KRB5CCNAME=FILE:C:\Temp\krb5cache
2026-04-26 23:17:35,336 [INFO] Kerberos credential cache in use: FILE:C:\Temp\krb5cache
2026-04-26 23:17:35,336 [INFO] Using Kerberos authentication with cache FILE:C:\Temp\krb5cache
2026-04-26 23:17:35,336 [WARNING] SSL verification disabled for HSD API requests; set HSD_CA_CERT to enable.
2026-04-26 23:17:35,336 [INFO] HSD authentication mode in use: kerberos
2026-04-26 23:17:35,336 [INFO] Fetching bugs from saved query ID: 15019322642 (limit: 500)
2026-04-26 23:17:35,337 [INFO] Query URL: https://hsdes.intel.com/appstore/generalapps/#/pages/community/1203659509?queryId=15019322642
2026-04-26 23:17:35,337 [INFO] [Attempt 1/5] Trying endpoint: https://hsdes-api.intel.com/rest/query/15019322642
2026-04-26 23:17:35,337 [DEBUG] API request: GET https://hsdes-api.intel.com/rest/query/15019322642
2026-04-26 23:17:36,859 [INFO] Successfully fetched 19 bugs from query 15019322642
2026-04-26 23:22:20,821 [DEBUG] Using existing KRB5CCNAME=FILE:C:\Temp\krb5cache
2026-04-26 23:22:20,822 [INFO] Kerberos credential cache in use: FILE:C:\Temp\krb5cache
2026-04-26 23:22:20,822 [INFO] Using Kerberos authentication with cache FILE:C:\Temp\krb5cache
2026-04-26 23:22:20,822 [WARNING] SSL verification disabled for HSD API requests; set HSD_CA_CERT to enable.
2026-04-26 23:22:20,822 [INFO] HSD authentication mode in use: kerberos
2026-04-26 23:22:20,822 [INFO] Fetching bugs from saved query ID: 15019322642 (limit: 500)
2026-04-26 23:22:20,822 [INFO] Query URL: https://hsdes.intel.com/appstore/generalapps/#/pages/community/1203659509?queryId=15019322642
2026-04-26 23:22:20,823 [INFO] [Attempt 1/5] Trying endpoint: https://hsdes-api.intel.com/rest/query/15019322642
2026-04-26 23:22:20,823 [DEBUG] API request: GET https://hsdes-api.intel.com/rest/query/15019322642
2026-04-26 23:22:21,731 [INFO] Successfully fetched 19 bugs from query 15019322642
2026-04-26 23:30:58,492 [DEBUG] Using existing KRB5CCNAME=FILE:C:\Temp\krb5cache
2026-04-26 23:30:58,493 [INFO] Kerberos credential cache in use: FILE:C:\Temp\krb5cache
2026-04-26 23:30:58,493 [INFO] Using Kerberos authentication with cache FILE:C:\Temp\krb5cache
2026-04-26 23:30:58,493 [WARNING] SSL verification disabled for HSD API requests; set HSD_CA_CERT to enable.
2026-04-26 23:30:58,494 [INFO] HSD authentication mode in use: kerberos
2026-04-26 23:30:58,494 [INFO] Fetching bugs from saved query ID: 15019322642 (limit: 500)
2026-04-26 23:30:58,494 [INFO] Query URL: https://hsdes.intel.com/appstore/generalapps/#/pages/community/1203659509?queryId=15019322642
2026-04-26 23:30:58,494 [INFO] [Attempt 1/5] Trying endpoint: https://hsdes-api.intel.com/rest/query/15019322642
2026-04-26 23:30:58,494 [DEBUG] API request: GET https://hsdes-api.intel.com/rest/query/15019322642
2026-04-26 23:30:59,429 [INFO] Successfully fetched 19 bugs from query 15019322642
2026-04-27 11:15:03,323 [DEBUG] Using existing KRB5CCNAME=FILE:C:\Temp\krb5cache
2026-04-27 11:15:03,323 [INFO] Kerberos credential cache in use: FILE:C:\Temp\krb5cache
2026-04-27 11:15:03,324 [INFO] Using Kerberos authentication with cache FILE:C:\Temp\krb5cache
2026-04-27 11:15:03,324 [WARNING] SSL verification disabled for HSD API requests; set HSD_CA_CERT to enable.
2026-04-27 11:15:03,324 [INFO] HSD authentication mode in use: kerberos
2026-04-27 11:15:03,324 [INFO] Fetching bugs from saved query ID: 15019322642 (limit: 500)
2026-04-27 11:15:03,324 [INFO] Query URL: https://hsdes.intel.com/appstore/generalapps/#/pages/community/1203659509?queryId=15019322642
2026-04-27 11:15:03,324 [INFO] [Attempt 1/5] Trying endpoint: https://hsdes-api.intel.com/rest/query/15019322642
2026-04-27 11:15:03,325 [DEBUG] API request: GET https://hsdes-api.intel.com/rest/query/15019322642
2026-04-27 11:15:05,518 [INFO] Successfully fetched 19 bugs from query 15019322642
2026-04-28 11:15:12,546 [DEBUG] Using existing KRB5CCNAME=FILE:C:\Temp\krb5cache
2026-04-28 11:15:12,548 [INFO] Kerberos credential cache in use: FILE:C:\Temp\krb5cache
2026-04-28 11:15:12,548 [INFO] Using Kerberos authentication with cache FILE:C:\Temp\krb5cache
2026-04-28 11:15:12,549 [WARNING] SSL verification disabled for HSD API requests; set HSD_CA_CERT to enable.
2026-04-28 11:15:12,549 [INFO] HSD authentication mode in use: kerberos
2026-04-28 11:15:12,549 [INFO] Fetching bugs from saved query ID: 15019322642 (limit: 500)
2026-04-28 11:15:12,550 [INFO] Query URL: https://hsdes.intel.com/appstore/generalapps/#/pages/community/1203659509?queryId=15019322642
2026-04-28 11:15:12,550 [INFO] [Attempt 1/5] Trying endpoint: https://hsdes-api.intel.com/rest/query/15019322642
2026-04-28 11:15:12,551 [DEBUG] API request: GET https://hsdes-api.intel.com/rest/query/15019322642
2026-04-28 11:15:14,953 [INFO] Successfully fetched 13 bugs from query 15019322642
2026-04-29 11:15:04,255 [DEBUG] Using existing KRB5CCNAME=FILE:C:\Temp\krb5cache
2026-04-29 11:15:04,256 [INFO] Kerberos credential cache in use: FILE:C:\Temp\krb5cache
2026-04-29 11:15:04,257 [INFO] Using Kerberos authentication with cache FILE:C:\Temp\krb5cache
2026-04-29 11:15:04,257 [WARNING] SSL verification disabled for HSD API requests; set HSD_CA_CERT to enable.
2026-04-29 11:15:04,257 [INFO] HSD authentication mode in use: kerberos
2026-04-29 11:15:04,257 [INFO] Fetching bugs from saved query ID: 15019322642 (limit: 500)
2026-04-29 11:15:04,257 [INFO] Query URL: https://hsdes.intel.com/appstore/generalapps/#/pages/community/1203659509?queryId=15019322642
2026-04-29 11:15:04,258 [INFO] [Attempt 1/5] Trying endpoint: https://hsdes-api.intel.com/rest/query/15019322642
2026-04-29 11:15:04,258 [DEBUG] API request: GET https://hsdes-api.intel.com/rest/query/15019322642
2026-04-29 11:15:06,519 [INFO] Successfully fetched 12 bugs from query 15019322642
2026-04-30 11:15:05,856 [DEBUG] Using existing KRB5CCNAME=FILE:C:\Temp\krb5cache
2026-04-30 11:15:05,858 [INFO] Kerberos credential cache in use: FILE:C:\Temp\krb5cache
2026-04-30 11:15:05,859 [INFO] Using Kerberos authentication with cache FILE:C:\Temp\krb5cache
2026-04-30 11:15:05,860 [WARNING] SSL verification disabled for HSD API requests; set HSD_CA_CERT to enable.
2026-04-30 11:15:05,860 [INFO] HSD authentication mode in use: kerberos
2026-04-30 11:15:05,861 [INFO] Fetching bugs from saved query ID: 15019322642 (limit: 500)
2026-04-30 11:15:05,861 [INFO] Query URL: https://hsdes.intel.com/appstore/generalapps/#/pages/community/1203659509?queryId=15019322642
2026-04-30 11:15:05,862 [INFO] [Attempt 1/5] Trying endpoint: https://hsdes-api.intel.com/rest/query/15019322642
2026-04-30 11:15:05,863 [DEBUG] API request: GET https://hsdes-api.intel.com/rest/query/15019322642
2026-04-30 11:15:07,876 [INFO] Successfully fetched 13 bugs from query 15019322642
2026-05-01 11:15:04,244 [DEBUG] Using existing KRB5CCNAME=FILE:C:\Temp\krb5cache
2026-05-01 11:15:04,250 [INFO] Kerberos credential cache in use: FILE:C:\Temp\krb5cache
2026-05-01 11:15:04,250 [INFO] Using Kerberos authentication with cache FILE:C:\Temp\krb5cache
2026-05-01 11:15:04,251 [WARNING] SSL verification disabled for HSD API requests; set HSD_CA_CERT to enable.
2026-05-01 11:15:04,251 [INFO] HSD authentication mode in use: kerberos
2026-05-01 11:15:04,251 [INFO] Fetching bugs from saved query ID: 15019322642 (limit: 500)
2026-05-01 11:15:04,252 [INFO] Query URL: https://hsdes.intel.com/appstore/generalapps/#/pages/community/1203659509?queryId=15019322642
2026-05-01 11:15:04,252 [INFO] [Attempt 1/5] Trying endpoint: https://hsdes-api.intel.com/rest/query/15019322642
2026-05-01 11:15:04,252 [DEBUG] API request: GET https://hsdes-api.intel.com/rest/query/15019322642
2026-05-01 11:15:06,771 [INFO] Successfully fetched 10 bugs from query 15019322642
2026-05-02 11:15:03,625 [DEBUG] Using existing KRB5CCNAME=FILE:C:\Temp\krb5cache
2026-05-02 11:15:03,626 [INFO] Kerberos credential cache in use: FILE:C:\Temp\krb5cache
2026-05-02 11:15:03,627 [INFO] Using Kerberos authentication with cache FILE:C:\Temp\krb5cache
2026-05-02 11:15:03,627 [WARNING] SSL verification disabled for HSD API requests; set HSD_CA_CERT to enable.
2026-05-02 11:15:03,627 [INFO] HSD authentication mode in use: kerberos
2026-05-02 11:15:03,628 [INFO] Fetching bugs from saved query ID: 15019322642 (limit: 500)
2026-05-02 11:15:03,628 [INFO] Query URL: https://hsdes.intel.com/appstore/generalapps/#/pages/community/1203659509?queryId=15019322642
2026-05-02 11:15:03,628 [INFO] [Attempt 1/5] Trying endpoint: https://hsdes-api.intel.com/rest/query/15019322642
2026-05-02 11:15:03,629 [DEBUG] API request: GET https://hsdes-api.intel.com/rest/query/15019322642
2026-05-02 11:15:05,732 [INFO] Successfully fetched 10 bugs from query 15019322642
2026-05-03 17:30:00,441 [DEBUG] Using existing KRB5CCNAME=FILE:C:\Temp\krb5cache
2026-05-03 17:30:00,442 [INFO] Kerberos credential cache in use: FILE:C:\Temp\krb5cache
2026-05-03 17:30:00,443 [INFO] Using Kerberos authentication with cache FILE:C:\Temp\krb5cache
2026-05-03 17:30:00,443 [WARNING] SSL verification disabled for HSD API requests; set HSD_CA_CERT to enable.
2026-05-03 17:30:00,444 [INFO] HSD authentication mode in use: kerberos
2026-05-03 17:30:00,444 [INFO] Fetching bugs from saved query ID: 15019322642 (limit: 500)
2026-05-03 17:30:00,444 [INFO] Query URL: https://hsdes.intel.com/appstore/generalapps/#/pages/community/1203659509?queryId=15019322642
2026-05-03 17:30:00,445 [INFO] [Attempt 1/5] Trying endpoint: https://hsdes-api.intel.com/rest/query/15019322642
2026-05-03 17:30:00,445 [DEBUG] API request: GET https://hsdes-api.intel.com/rest/query/15019322642
2026-05-03 17:30:00,505 [ERROR] API request failed: GET https://hsdes-api.intel.com/rest/query/15019322642 - ctx step failed: SpnegoError (4294967295): [WinError -2146893039] No authority could be contacted for authentication, Context: Processing security token
2026-05-03 17:30:00,506 [DEBUG] Endpoint {'path': 'query/15019322642', 'params': {'include_text_fields': 'Y', 'start_at': 1, 'max_results': 500}} error: ctx step failed: SpnegoError (4294967295): [WinError -2146893039] No authority could be contacted for authentication, Context: Processing security token
2026-05-03 17:30:00,506 [INFO] [Attempt 2/5] Trying endpoint: https://hsdes-api.intel.com/rest/query/execute/15019322642
2026-05-03 17:30:00,507 [DEBUG] API request: GET https://hsdes-api.intel.com/rest/query/execute/15019322642
2026-05-03 17:30:00,517 [ERROR] API request failed: GET https://hsdes-api.intel.com/rest/query/execute/15019322642 - ctx step failed: SpnegoError (4294967295): [WinError -2146893039] No authority could be contacted for authentication, Context: Processing security token
2026-05-03 17:30:00,518 [DEBUG] Endpoint {'path': 'query/execute/15019322642', 'params': {'limit': 500}} error: ctx step failed: SpnegoError (4294967295): [WinError -2146893039] No authority could be contacted for authentication, Context: Processing security token
2026-05-03 17:30:00,519 [INFO] [Attempt 3/5] Trying endpoint: https://hsdes-api.intel.com/rest/query/15019322642/execute
2026-05-03 17:30:00,519 [DEBUG] API request: GET https://hsdes-api.intel.com/rest/query/15019322642/execute
2026-05-03 17:30:00,528 [ERROR] API request failed: GET https://hsdes-api.intel.com/rest/query/15019322642/execute - ctx step failed: SpnegoError (4294967295): [WinError -2146893039] No authority could be contacted for authentication, Context: Processing security token
2026-05-03 17:30:00,528 [DEBUG] Endpoint {'path': 'query/15019322642/execute', 'params': {'limit': 500}} error: ctx step failed: SpnegoError (4294967295): [WinError -2146893039] No authority could be contacted for authentication, Context: Processing security token
2026-05-03 17:30:00,528 [INFO] [Attempt 4/5] Trying endpoint: https://hsdes-api.intel.com/rest/savedquery/15019322642
2026-05-03 17:30:00,528 [DEBUG] API request: GET https://hsdes-api.intel.com/rest/savedquery/15019322642
2026-05-03 17:30:00,535 [ERROR] API request failed: GET https://hsdes-api.intel.com/rest/savedquery/15019322642 - ctx step failed: SpnegoError (4294967295): [WinError -2146893039] No authority could be contacted for authentication, Context: Processing security token
2026-05-03 17:30:00,535 [DEBUG] Endpoint {'path': 'savedquery/15019322642', 'params': {'limit': 500}} error: ctx step failed: SpnegoError (4294967295): [WinError -2146893039] No authority could be contacted for authentication, Context: Processing security token
2026-05-03 17:30:00,535 [INFO] [Attempt 5/5] Trying endpoint: https://hsdes-api.intel.com/rest/article/query/15019322642
2026-05-03 17:30:00,535 [DEBUG] API request: GET https://hsdes-api.intel.com/rest/article/query/15019322642
2026-05-03 17:30:00,542 [ERROR] API request failed: GET https://hsdes-api.intel.com/rest/article/query/15019322642 - ctx step failed: SpnegoError (4294967295): [WinError -2146893039] No authority could be contacted for authentication, Context: Processing security token
2026-05-03 17:30:00,542 [DEBUG] Endpoint {'path': 'article/query/15019322642', 'params': {'limit': 500}} error: ctx step failed: SpnegoError (4294967295): [WinError -2146893039] No authority could be contacted for authentication, Context: Processing security token
2026-05-03 17:30:00,542 [WARNING] Could not fetch bugs from query ID 15019322642 via API endpoints
2026-05-03 17:30:00,542 [INFO] You may need to access the query directly via web interface or use alternate authentication
2026-05-03 17:30:00,543 [INFO] ======================================================================
2026-05-03 17:30:00,543 [INFO] HSD API Authentication Failed - Alternative Options:
2026-05-03 17:30:00,543 [INFO] ======================================================================
2026-05-03 17:30:00,543 [INFO] 1. Validate Kerberos ticket:
2026-05-03 17:30:00,543 [INFO]    - Run 'klist' to verify a valid ticket exists
2026-05-03 17:30:00,543 [INFO]    - If expired or missing, run 'kinit your_upi@INTEL.COM'
2026-05-03 17:30:00,543 [INFO] 
2026-05-03 17:30:00,543 [INFO] 2. Manual Export (recommended for now):
2026-05-03 17:30:00,544 [INFO]    - Visit: https://hsdes.intel.com/appstore/generalapps/#/pages/community/1203659509?queryId=15019322642
2026-05-03 17:30:00,544 [INFO]    - Click 'Export' button
2026-05-03 17:30:00,544 [INFO]    - Save as CSV/Excel
2026-05-03 17:30:00,544 [INFO] 
2026-05-03 17:30:00,544 [INFO] 3. Request Faceless Account:
2026-05-03 17:30:00,544 [INFO]    - Email: ags@intel.com
2026-05-03 17:30:00,545 [INFO]    - Subject: 'Faceless Account for HSD API Access'
2026-05-03 17:30:00,545 [INFO]    - Get dedicated service account credentials
2026-05-03 17:30:00,545 [INFO] ======================================================================
2026-05-04 22:15:22,722 [DEBUG] Using existing KRB5CCNAME=FILE:C:\Temp\krb5cache
2026-05-04 22:15:22,724 [INFO] Kerberos credential cache in use: FILE:C:\Temp\krb5cache
2026-05-04 22:15:22,724 [INFO] Using Kerberos authentication with cache FILE:C:\Temp\krb5cache
2026-05-04 22:15:22,725 [WARNING] SSL verification disabled for HSD API requests; set HSD_CA_CERT to enable.
2026-05-04 22:15:22,725 [INFO] HSD authentication mode in use: kerberos
2026-05-04 22:15:22,725 [INFO] Fetching bugs from saved query ID: 15019322642 (limit: 500)
2026-05-04 22:15:22,725 [INFO] Query URL: https://hsdes.intel.com/appstore/generalapps/#/pages/community/1203659509?queryId=15019322642
2026-05-04 22:15:22,726 [INFO] [Attempt 1/5] Trying endpoint: https://hsdes-api.intel.com/rest/query/15019322642
2026-05-04 22:15:22,726 [DEBUG] API request: GET https://hsdes-api.intel.com/rest/query/15019322642
2026-05-04 22:15:46,746 [INFO] Successfully fetched 9 bugs from query 15019322642
2026-05-05 11:15:05,851 [DEBUG] Using existing KRB5CCNAME=FILE:C:\Temp\krb5cache
2026-05-05 11:15:05,853 [INFO] Kerberos credential cache in use: FILE:C:\Temp\krb5cache
2026-05-05 11:15:05,853 [INFO] Using Kerberos authentication with cache FILE:C:\Temp\krb5cache
2026-05-05 11:15:05,853 [WARNING] SSL verification disabled for HSD API requests; set HSD_CA_CERT to enable.
2026-05-05 11:15:05,854 [INFO] HSD authentication mode in use: kerberos
2026-05-05 11:15:05,854 [INFO] Fetching bugs from saved query ID: 15019322642 (limit: 500)
2026-05-05 11:15:05,854 [INFO] Query URL: https://hsdes.intel.com/appstore/generalapps/#/pages/community/1203659509?queryId=15019322642
2026-05-05 11:15:05,854 [INFO] [Attempt 1/5] Trying endpoint: https://hsdes-api.intel.com/rest/query/15019322642
2026-05-05 11:15:05,854 [DEBUG] API request: GET https://hsdes-api.intel.com/rest/query/15019322642
2026-05-05 11:15:08,175 [INFO] Successfully fetched 9 bugs from query 15019322642
2026-05-06 11:15:05,289 [DEBUG] Using existing KRB5CCNAME=FILE:C:\Temp\krb5cache
2026-05-06 11:15:05,291 [INFO] Kerberos credential cache in use: FILE:C:\Temp\krb5cache
2026-05-06 11:15:05,291 [INFO] Using Kerberos authentication with cache FILE:C:\Temp\krb5cache
2026-05-06 11:15:05,291 [WARNING] SSL verification disabled for HSD API requests; set HSD_CA_CERT to enable.
2026-05-06 11:15:05,291 [INFO] HSD authentication mode in use: kerberos
2026-05-06 11:15:05,291 [INFO] Fetching bugs from saved query ID: 15019322642 (limit: 500)
2026-05-06 11:15:05,292 [INFO] Query URL: https://hsdes.intel.com/appstore/generalapps/#/pages/community/1203659509?queryId=15019322642
2026-05-06 11:15:05,292 [INFO] [Attempt 1/5] Trying endpoint: https://hsdes-api.intel.com/rest/query/15019322642
2026-05-06 11:15:05,292 [DEBUG] API request: GET https://hsdes-api.intel.com/rest/query/15019322642
2026-05-06 11:15:07,229 [INFO] Successfully fetched 7 bugs from query 15019322642
2026-05-07 18:06:01,577 [DEBUG] Using existing KRB5CCNAME=FILE:C:\Temp\krb5cache
2026-05-07 18:06:01,583 [INFO] Kerberos credential cache in use: FILE:C:\Temp\krb5cache
2026-05-07 18:06:01,584 [INFO] Using Kerberos authentication with cache FILE:C:\Temp\krb5cache
2026-05-07 18:06:01,584 [WARNING] SSL verification disabled for HSD API requests; set HSD_CA_CERT to enable.
2026-05-07 18:06:01,584 [INFO] HSD authentication mode in use: kerberos
2026-05-07 18:06:01,584 [INFO] Fetching bugs from saved query ID: 15019322642 (limit: 500)
2026-05-07 18:06:01,585 [INFO] Query URL: https://hsdes.intel.com/appstore/generalapps/#/pages/community/1203659509?queryId=15019322642
2026-05-07 18:06:01,585 [INFO] [Attempt 1/5] Trying endpoint: https://hsdes-api.intel.com/rest/query/15019322642
2026-05-07 18:06:01,585 [DEBUG] API request: GET https://hsdes-api.intel.com/rest/query/15019322642
2026-05-07 18:06:01,648 [ERROR] API request failed: GET https://hsdes-api.intel.com/rest/query/15019322642 - ctx step failed: SpnegoError (4294967295): [WinError -2146893039] No authority could be contacted for authentication, Context: Processing security token
2026-05-07 18:06:01,649 [DEBUG] Endpoint {'path': 'query/15019322642', 'params': {'include_text_fields': 'Y', 'start_at': 1, 'max_results': 500}} error: ctx step failed: SpnegoError (4294967295): [WinError -2146893039] No authority could be contacted for authentication, Context: Processing security token
2026-05-07 18:06:01,649 [INFO] [Attempt 2/5] Trying endpoint: https://hsdes-api.intel.com/rest/query/execute/15019322642
2026-05-07 18:06:01,649 [DEBUG] API request: GET https://hsdes-api.intel.com/rest/query/execute/15019322642
2026-05-07 18:06:01,653 [ERROR] API request failed: GET https://hsdes-api.intel.com/rest/query/execute/15019322642 - ctx step failed: SpnegoError (4294967295): [WinError -2146893039] No authority could be contacted for authentication, Context: Processing security token
2026-05-07 18:06:01,653 [DEBUG] Endpoint {'path': 'query/execute/15019322642', 'params': {'limit': 500}} error: ctx step failed: SpnegoError (4294967295): [WinError -2146893039] No authority could be contacted for authentication, Context: Processing security token
2026-05-07 18:06:01,653 [INFO] [Attempt 3/5] Trying endpoint: https://hsdes-api.intel.com/rest/query/15019322642/execute
2026-05-07 18:06:01,653 [DEBUG] API request: GET https://hsdes-api.intel.com/rest/query/15019322642/execute
2026-05-07 18:06:01,656 [ERROR] API request failed: GET https://hsdes-api.intel.com/rest/query/15019322642/execute - ctx step failed: SpnegoError (4294967295): [WinError -2146893039] No authority could be contacted for authentication, Context: Processing security token
2026-05-07 18:06:01,656 [DEBUG] Endpoint {'path': 'query/15019322642/execute', 'params': {'limit': 500}} error: ctx step failed: SpnegoError (4294967295): [WinError -2146893039] No authority could be contacted for authentication, Context: Processing security token
2026-05-07 18:06:01,656 [INFO] [Attempt 4/5] Trying endpoint: https://hsdes-api.intel.com/rest/savedquery/15019322642
2026-05-07 18:06:01,656 [DEBUG] API request: GET https://hsdes-api.intel.com/rest/savedquery/15019322642
2026-05-07 18:06:01,659 [ERROR] API request failed: GET https://hsdes-api.intel.com/rest/savedquery/15019322642 - ctx step failed: SpnegoError (4294967295): [WinError -2146893039] No authority could be contacted for authentication, Context: Processing security token
2026-05-07 18:06:01,659 [DEBUG] Endpoint {'path': 'savedquery/15019322642', 'params': {'limit': 500}} error: ctx step failed: SpnegoError (4294967295): [WinError -2146893039] No authority could be contacted for authentication, Context: Processing security token
2026-05-07 18:06:01,659 [INFO] [Attempt 5/5] Trying endpoint: https://hsdes-api.intel.com/rest/article/query/15019322642
2026-05-07 18:06:01,660 [DEBUG] API request: GET https://hsdes-api.intel.com/rest/article/query/15019322642
2026-05-07 18:06:01,664 [ERROR] API request failed: GET https://hsdes-api.intel.com/rest/article/query/15019322642 - ctx step failed: SpnegoError (4294967295): [WinError -2146893039] No authority could be contacted for authentication, Context: Processing security token
2026-05-07 18:06:01,665 [DEBUG] Endpoint {'path': 'article/query/15019322642', 'params': {'limit': 500}} error: ctx step failed: SpnegoError (4294967295): [WinError -2146893039] No authority could be contacted for authentication, Context: Processing security token
2026-05-07 18:06:01,665 [WARNING] Could not fetch bugs from query ID 15019322642 via API endpoints
2026-05-07 18:06:01,665 [INFO] You may need to access the query directly via web interface or use alternate authentication
2026-05-07 18:06:01,665 [INFO] ======================================================================
2026-05-07 18:06:01,665 [INFO] HSD API Authentication Failed - Alternative Options:
2026-05-07 18:06:01,665 [INFO] ======================================================================
2026-05-07 18:06:01,665 [INFO] 1. Validate Kerberos ticket:
2026-05-07 18:06:01,665 [INFO]    - Run 'klist' to verify a valid ticket exists
2026-05-07 18:06:01,665 [INFO]    - If expired or missing, run 'kinit your_upi@INTEL.COM'
2026-05-07 18:06:01,665 [INFO] 
2026-05-07 18:06:01,666 [INFO] 2. Manual Export (recommended for now):
2026-05-07 18:06:01,666 [INFO]    - Visit: https://hsdes.intel.com/appstore/generalapps/#/pages/community/1203659509?queryId=15019322642
2026-05-07 18:06:01,666 [INFO]    - Click 'Export' button
2026-05-07 18:06:01,666 [INFO]    - Save as CSV/Excel
2026-05-07 18:06:01,666 [INFO] 
2026-05-07 18:06:01,666 [INFO] 3. Request Faceless Account:
2026-05-07 18:06:01,666 [INFO]    - Email: ags@intel.com
2026-05-07 18:06:01,666 [INFO]    - Subject: 'Faceless Account for HSD API Access'
2026-05-07 18:06:01,666 [INFO]    - Get dedicated service account credentials
2026-05-07 18:06:01,666 [INFO] ======================================================================
2026-05-08 23:04:03,003 [DEBUG] Using existing KRB5CCNAME=FILE:C:\Temp\krb5cache
2026-05-08 23:04:03,021 [INFO] Kerberos credential cache in use: FILE:C:\Temp\krb5cache
2026-05-08 23:04:03,022 [INFO] Using Kerberos authentication with cache FILE:C:\Temp\krb5cache
2026-05-08 23:04:03,022 [WARNING] SSL verification disabled for HSD API requests; set HSD_CA_CERT to enable.
2026-05-08 23:04:03,023 [INFO] HSD authentication mode in use: kerberos
2026-05-08 23:04:03,023 [INFO] Fetching bugs from saved query ID: 15019322642 (limit: 500)
2026-05-08 23:04:03,024 [INFO] Query URL: https://hsdes.intel.com/appstore/generalapps/#/pages/community/1203659509?queryId=15019322642
2026-05-08 23:04:03,024 [INFO] [Attempt 1/5] Trying endpoint: https://hsdes-api.intel.com/rest/query/15019322642
2026-05-08 23:04:03,025 [DEBUG] API request: GET https://hsdes-api.intel.com/rest/query/15019322642
2026-05-08 23:04:03,141 [ERROR] API request failed: GET https://hsdes-api.intel.com/rest/query/15019322642 - ctx step failed: SpnegoError (4294967295): [WinError -2146893039] No authority could be contacted for authentication, Context: Processing security token
2026-05-08 23:04:03,142 [DEBUG] Endpoint {'path': 'query/15019322642', 'params': {'include_text_fields': 'Y', 'start_at': 1, 'max_results': 500}} error: ctx step failed: SpnegoError (4294967295): [WinError -2146893039] No authority could be contacted for authentication, Context: Processing security token
2026-05-08 23:04:03,143 [INFO] [Attempt 2/5] Trying endpoint: https://hsdes-api.intel.com/rest/query/execute/15019322642
2026-05-08 23:04:03,143 [DEBUG] API request: GET https://hsdes-api.intel.com/rest/query/execute/15019322642
2026-05-08 23:04:03,175 [ERROR] API request failed: GET https://hsdes-api.intel.com/rest/query/execute/15019322642 - ctx step failed: SpnegoError (4294967295): [WinError -2146893039] No authority could be contacted for authentication, Context: Processing security token
2026-05-08 23:04:03,176 [DEBUG] Endpoint {'path': 'query/execute/15019322642', 'params': {'limit': 500}} error: ctx step failed: SpnegoError (4294967295): [WinError -2146893039] No authority could be contacted for authentication, Context: Processing security token
2026-05-08 23:04:03,176 [INFO] [Attempt 3/5] Trying endpoint: https://hsdes-api.intel.com/rest/query/15019322642/execute
2026-05-08 23:04:03,177 [DEBUG] API request: GET https://hsdes-api.intel.com/rest/query/15019322642/execute
2026-05-08 23:04:03,203 [ERROR] API request failed: GET https://hsdes-api.intel.com/rest/query/15019322642/execute - ctx step failed: SpnegoError (4294967295): [WinError -2146893039] No authority could be contacted for authentication, Context: Processing security token
2026-05-08 23:04:03,204 [DEBUG] Endpoint {'path': 'query/15019322642/execute', 'params': {'limit': 500}} error: ctx step failed: SpnegoError (4294967295): [WinError -2146893039] No authority could be contacted for authentication, Context: Processing security token
2026-05-08 23:04:03,204 [INFO] [Attempt 4/5] Trying endpoint: https://hsdes-api.intel.com/rest/savedquery/15019322642
2026-05-08 23:04:03,204 [DEBUG] API request: GET https://hsdes-api.intel.com/rest/savedquery/15019322642
2026-05-08 23:04:03,238 [ERROR] API request failed: GET https://hsdes-api.intel.com/rest/savedquery/15019322642 - ctx step failed: SpnegoError (4294967295): [WinError -2146893039] No authority could be contacted for authentication, Context: Processing security token
2026-05-08 23:04:03,238 [DEBUG] Endpoint {'path': 'savedquery/15019322642', 'params': {'limit': 500}} error: ctx step failed: SpnegoError (4294967295): [WinError -2146893039] No authority could be contacted for authentication, Context: Processing security token
2026-05-08 23:04:03,238 [INFO] [Attempt 5/5] Trying endpoint: https://hsdes-api.intel.com/rest/article/query/15019322642
2026-05-08 23:04:03,238 [DEBUG] API request: GET https://hsdes-api.intel.com/rest/article/query/15019322642
2026-05-08 23:04:03,266 [ERROR] API request failed: GET https://hsdes-api.intel.com/rest/article/query/15019322642 - ctx step failed: SpnegoError (4294967295): [WinError -2146893039] No authority could be contacted for authentication, Context: Processing security token
2026-05-08 23:04:03,267 [DEBUG] Endpoint {'path': 'article/query/15019322642', 'params': {'limit': 500}} error: ctx step failed: SpnegoError (4294967295): [WinError -2146893039] No authority could be contacted for authentication, Context: Processing security token
2026-05-08 23:04:03,267 [WARNING] Could not fetch bugs from query ID 15019322642 via API endpoints
2026-05-08 23:04:03,267 [INFO] You may need to access the query directly via web interface or use alternate authentication
2026-05-08 23:04:03,267 [INFO] ======================================================================
2026-05-08 23:04:03,267 [INFO] HSD API Authentication Failed - Alternative Options:
2026-05-08 23:04:03,268 [INFO] ======================================================================
2026-05-08 23:04:03,268 [INFO] 1. Validate Kerberos ticket:
2026-05-08 23:04:03,268 [INFO]    - Run 'klist' to verify a valid ticket exists
2026-05-08 23:04:03,268 [INFO]    - If expired or missing, run 'kinit your_upi@INTEL.COM'
2026-05-08 23:04:03,268 [INFO] 
2026-05-08 23:04:03,268 [INFO] 2. Manual Export (recommended for now):
2026-05-08 23:04:03,268 [INFO]    - Visit: https://hsdes.intel.com/appstore/generalapps/#/pages/community/1203659509?queryId=15019322642
2026-05-08 23:04:03,268 [INFO]    - Click 'Export' button
2026-05-08 23:04:03,268 [INFO]    - Save as CSV/Excel
2026-05-08 23:04:03,269 [INFO] 
2026-05-08 23:04:03,269 [INFO] 3. Request Faceless Account:
2026-05-08 23:04:03,269 [INFO]    - Email: ags@intel.com
2026-05-08 23:04:03,269 [INFO]    - Subject: 'Faceless Account for HSD API Access'
2026-05-08 23:04:03,269 [INFO]    - Get dedicated service account credentials
2026-05-08 23:04:03,269 [INFO] ======================================================================
2026-05-11 15:10:31,382 [DEBUG] Using existing KRB5CCNAME=FILE:C:\Temp\krb5cache
2026-05-11 15:10:31,419 [INFO] Kerberos credential cache in use: FILE:C:\Temp\krb5cache
2026-05-11 15:10:31,419 [INFO] Using Kerberos authentication with cache FILE:C:\Temp\krb5cache
2026-05-11 15:10:31,420 [WARNING] SSL verification disabled for HSD API requests; set HSD_CA_CERT to enable.
2026-05-11 15:10:31,420 [INFO] HSD authentication mode in use: kerberos
2026-05-11 15:10:31,421 [INFO] Fetching bugs from saved query ID: 15019322642 (limit: 500)
2026-05-11 15:10:31,421 [INFO] Query URL: https://hsdes.intel.com/appstore/generalapps/#/pages/community/1203659509?queryId=15019322642
2026-05-11 15:10:31,421 [INFO] [Attempt 1/5] Trying endpoint: https://hsdes-api.intel.com/rest/query/15019322642
2026-05-11 15:10:31,422 [DEBUG] API request: GET https://hsdes-api.intel.com/rest/query/15019322642
2026-05-11 15:10:38,939 [INFO] Successfully fetched 5 bugs from query 15019322642
2026-05-13 03:15:04,142 [DEBUG] Using existing KRB5CCNAME=FILE:C:\Temp\krb5cache
2026-05-13 03:15:04,144 [INFO] Kerberos credential cache in use: FILE:C:\Temp\krb5cache
2026-05-13 03:15:04,144 [INFO] Using Kerberos authentication with cache FILE:C:\Temp\krb5cache
2026-05-13 03:15:04,144 [WARNING] SSL verification disabled for HSD API requests; set HSD_CA_CERT to enable.
2026-05-13 03:15:04,145 [INFO] HSD authentication mode in use: kerberos
2026-05-13 03:15:04,145 [INFO] Fetching bugs from saved query ID: 15019322642 (limit: 500)
2026-05-13 03:15:04,145 [INFO] Query URL: https://hsdes.intel.com/appstore/generalapps/#/pages/community/1203659509?queryId=15019322642
2026-05-13 03:15:04,145 [INFO] [Attempt 1/5] Trying endpoint: https://hsdes-api.intel.com/rest/query/15019322642
2026-05-13 03:15:04,145 [DEBUG] API request: GET https://hsdes-api.intel.com/rest/query/15019322642
2026-05-13 03:15:06,828 [INFO] Successfully fetched 2 bugs from query 15019322642
2026-05-14 03:15:03,683 [DEBUG] Using existing KRB5CCNAME=FILE:C:\Temp\krb5cache
2026-05-14 03:15:03,685 [INFO] Kerberos credential cache in use: FILE:C:\Temp\krb5cache
2026-05-14 03:15:03,685 [INFO] Using Kerberos authentication with cache FILE:C:\Temp\krb5cache
2026-05-14 03:15:03,685 [WARNING] SSL verification disabled for HSD API requests; set HSD_CA_CERT to enable.
2026-05-14 03:15:03,685 [INFO] HSD authentication mode in use: kerberos
2026-05-14 03:15:03,685 [INFO] Fetching bugs from saved query ID: 15019322642 (limit: 500)
2026-05-14 03:15:03,685 [INFO] Query URL: https://hsdes.intel.com/appstore/generalapps/#/pages/community/1203659509?queryId=15019322642
2026-05-14 03:15:03,686 [INFO] [Attempt 1/5] Trying endpoint: https://hsdes-api.intel.com/rest/query/15019322642
2026-05-14 03:15:03,686 [DEBUG] API request: GET https://hsdes-api.intel.com/rest/query/15019322642
2026-05-14 03:15:07,824 [INFO] Successfully fetched 3 bugs from query 15019322642
2026-05-15 11:15:06,920 [DEBUG] Using existing KRB5CCNAME=FILE:C:\Temp\krb5cache
2026-05-15 11:15:06,922 [INFO] Kerberos credential cache in use: FILE:C:\Temp\krb5cache
2026-05-15 11:15:06,922 [INFO] Using Kerberos authentication with cache FILE:C:\Temp\krb5cache
2026-05-15 11:15:06,923 [WARNING] SSL verification disabled for HSD API requests; set HSD_CA_CERT to enable.
2026-05-15 11:15:06,923 [INFO] HSD authentication mode in use: kerberos
2026-05-15 11:15:06,924 [INFO] Fetching bugs from saved query ID: 15019322642 (limit: 500)
2026-05-15 11:15:06,924 [INFO] Query URL: https://hsdes.intel.com/appstore/generalapps/#/pages/community/1203659509?queryId=15019322642
2026-05-15 11:15:06,925 [INFO] [Attempt 1/5] Trying endpoint: https://hsdes-api.intel.com/rest/query/15019322642
2026-05-15 11:15:06,925 [DEBUG] API request: GET https://hsdes-api.intel.com/rest/query/15019322642
2026-05-15 11:15:10,075 [INFO] Successfully fetched 3 bugs from query 15019322642
2026-05-17 11:15:03,044 [DEBUG] Using existing KRB5CCNAME=FILE:C:\Temp\krb5cache
2026-05-17 11:15:03,045 [INFO] Kerberos credential cache in use: FILE:C:\Temp\krb5cache
2026-05-17 11:15:03,045 [INFO] Using Kerberos authentication with cache FILE:C:\Temp\krb5cache
2026-05-17 11:15:03,046 [WARNING] SSL verification disabled for HSD API requests; set HSD_CA_CERT to enable.
2026-05-17 11:15:03,046 [INFO] HSD authentication mode in use: kerberos
2026-05-17 11:15:03,046 [INFO] Fetching bugs from saved query ID: 15019322642 (limit: 500)
2026-05-17 11:15:03,046 [INFO] Query URL: https://hsdes.intel.com/appstore/generalapps/#/pages/community/1203659509?queryId=15019322642
2026-05-17 11:15:03,046 [INFO] [Attempt 1/5] Trying endpoint: https://hsdes-api.intel.com/rest/query/15019322642
2026-05-17 11:15:03,046 [DEBUG] API request: GET https://hsdes-api.intel.com/rest/query/15019322642
2026-05-17 11:15:04,051 [ERROR] API request failed: GET https://hsdes-api.intel.com/rest/query/15019322642 - ctx step failed: SpnegoError (4294967295): [WinError -2146893039] No authority could be contacted for authentication, Context: Processing security token
2026-05-17 11:15:04,051 [DEBUG] Endpoint {'path': 'query/15019322642', 'params': {'include_text_fields': 'Y', 'start_at': 1, 'max_results': 500}} error: ctx step failed: SpnegoError (4294967295): [WinError -2146893039] No authority could be contacted for authentication, Context: Processing security token
2026-05-17 11:15:04,052 [INFO] [Attempt 2/5] Trying endpoint: https://hsdes-api.intel.com/rest/query/execute/15019322642
2026-05-17 11:15:04,052 [DEBUG] API request: GET https://hsdes-api.intel.com/rest/query/execute/15019322642
2026-05-17 11:15:05,378 [ERROR] API request failed: GET https://hsdes-api.intel.com/rest/query/execute/15019322642 - ctx step failed: SpnegoError (4294967295): [WinError -2146893039] No authority could be contacted for authentication, Context: Processing security token
2026-05-17 11:15:05,378 [DEBUG] Endpoint {'path': 'query/execute/15019322642', 'params': {'limit': 500}} error: ctx step failed: SpnegoError (4294967295): [WinError -2146893039] No authority could be contacted for authentication, Context: Processing security token
2026-05-17 11:15:05,378 [INFO] [Attempt 3/5] Trying endpoint: https://hsdes-api.intel.com/rest/query/15019322642/execute
2026-05-17 11:15:05,378 [DEBUG] API request: GET https://hsdes-api.intel.com/rest/query/15019322642/execute
2026-05-17 11:15:06,871 [ERROR] API request failed: GET https://hsdes-api.intel.com/rest/query/15019322642/execute - ctx step failed: SpnegoError (4294967295): [WinError -2146893039] No authority could be contacted for authentication, Context: Processing security token
2026-05-17 11:15:06,872 [DEBUG] Endpoint {'path': 'query/15019322642/execute', 'params': {'limit': 500}} error: ctx step failed: SpnegoError (4294967295): [WinError -2146893039] No authority could be contacted for authentication, Context: Processing security token
2026-05-17 11:15:06,872 [INFO] [Attempt 4/5] Trying endpoint: https://hsdes-api.intel.com/rest/savedquery/15019322642
2026-05-17 11:15:06,872 [DEBUG] API request: GET https://hsdes-api.intel.com/rest/savedquery/15019322642
2026-05-17 11:15:08,271 [ERROR] API request failed: GET https://hsdes-api.intel.com/rest/savedquery/15019322642 - ctx step failed: SpnegoError (4294967295): [WinError -2146893039] No authority could be contacted for authentication, Context: Processing security token
2026-05-17 11:15:08,271 [DEBUG] Endpoint {'path': 'savedquery/15019322642', 'params': {'limit': 500}} error: ctx step failed: SpnegoError (4294967295): [WinError -2146893039] No authority could be contacted for authentication, Context: Processing security token
2026-05-17 11:15:08,271 [INFO] [Attempt 5/5] Trying endpoint: https://hsdes-api.intel.com/rest/article/query/15019322642
2026-05-17 11:15:08,271 [DEBUG] API request: GET https://hsdes-api.intel.com/rest/article/query/15019322642
2026-05-17 11:15:09,665 [ERROR] API request failed: GET https://hsdes-api.intel.com/rest/article/query/15019322642 - ctx step failed: SpnegoError (4294967295): [WinError -2146893039] No authority could be contacted for authentication, Context: Processing security token
2026-05-17 11:15:09,665 [DEBUG] Endpoint {'path': 'article/query/15019322642', 'params': {'limit': 500}} error: ctx step failed: SpnegoError (4294967295): [WinError -2146893039] No authority could be contacted for authentication, Context: Processing security token
2026-05-17 11:15:09,665 [WARNING] Could not fetch bugs from query ID 15019322642 via API endpoints
2026-05-17 11:15:09,665 [INFO] You may need to access the query directly via web interface or use alternate authentication
2026-05-17 11:15:09,665 [INFO] ======================================================================
2026-05-17 11:15:09,665 [INFO] HSD API Authentication Failed - Alternative Options:
2026-05-17 11:15:09,665 [INFO] ======================================================================
2026-05-17 11:15:09,665 [INFO] 1. Validate Kerberos ticket:
2026-05-17 11:15:09,665 [INFO]    - Run 'klist' to verify a valid ticket exists
2026-05-17 11:15:09,665 [INFO]    - If expired or missing, run 'kinit your_upi@INTEL.COM'
2026-05-17 11:15:09,665 [INFO] 
2026-05-17 11:15:09,665 [INFO] 2. Manual Export (recommended for now):
2026-05-17 11:15:09,665 [INFO]    - Visit: https://hsdes.intel.com/appstore/generalapps/#/pages/community/1203659509?queryId=15019322642
2026-05-17 11:15:09,665 [INFO]    - Click 'Export' button
2026-05-17 11:15:09,665 [INFO]    - Save as CSV/Excel
2026-05-17 11:15:09,666 [INFO] 
2026-05-17 11:15:09,666 [INFO] 3. Request Faceless Account:
2026-05-17 11:15:09,666 [INFO]    - Email: ags@intel.com
2026-05-17 11:15:09,666 [INFO]    - Subject: 'Faceless Account for HSD API Access'
2026-05-17 11:15:09,666 [INFO]    - Get dedicated service account credentials
2026-05-17 11:15:09,666 [INFO] ======================================================================
2026-05-18 11:15:07,225 [DEBUG] Using existing KRB5CCNAME=FILE:C:\Temp\krb5cache
2026-05-18 11:15:07,227 [INFO] Kerberos credential cache in use: FILE:C:\Temp\krb5cache
2026-05-18 11:15:07,228 [INFO] Using Kerberos authentication with cache FILE:C:\Temp\krb5cache
2026-05-18 11:15:07,229 [WARNING] SSL verification disabled for HSD API requests; set HSD_CA_CERT to enable.
2026-05-18 11:15:07,229 [INFO] HSD authentication mode in use: kerberos
2026-05-18 11:15:07,230 [INFO] Fetching bugs from saved query ID: 15019322642 (limit: 500)
2026-05-18 11:15:07,231 [INFO] Query URL: https://hsdes.intel.com/appstore/generalapps/#/pages/community/1203659509?queryId=15019322642
2026-05-18 11:15:07,231 [INFO] [Attempt 1/5] Trying endpoint: https://hsdes-api.intel.com/rest/query/15019322642
2026-05-18 11:15:07,232 [DEBUG] API request: GET https://hsdes-api.intel.com/rest/query/15019322642
2026-05-18 11:15:09,936 [INFO] Successfully fetched 3 bugs from query 15019322642
2026-05-19 11:15:03,971 [DEBUG] Using existing KRB5CCNAME=FILE:C:\Temp\krb5cache
2026-05-19 11:15:03,974 [INFO] Kerberos credential cache in use: FILE:C:\Temp\krb5cache
2026-05-19 11:15:03,974 [INFO] Using Kerberos authentication with cache FILE:C:\Temp\krb5cache
2026-05-19 11:15:03,975 [WARNING] SSL verification disabled for HSD API requests; set HSD_CA_CERT to enable.
2026-05-19 11:15:03,975 [INFO] HSD authentication mode in use: kerberos
2026-05-19 11:15:03,975 [INFO] Fetching bugs from saved query ID: 15019322642 (limit: 500)
2026-05-19 11:15:03,976 [INFO] Query URL: https://hsdes.intel.com/appstore/generalapps/#/pages/community/1203659509?queryId=15019322642
2026-05-19 11:15:03,976 [INFO] [Attempt 1/5] Trying endpoint: https://hsdes-api.intel.com/rest/query/15019322642
2026-05-19 11:15:03,976 [DEBUG] API request: GET https://hsdes-api.intel.com/rest/query/15019322642
2026-05-19 11:15:05,858 [INFO] Successfully fetched 4 bugs from query 15019322642
2026-05-20 13:13:03,635 [DEBUG] Using existing KRB5CCNAME=FILE:C:\Temp\krb5cache
2026-05-20 13:13:03,641 [INFO] Kerberos credential cache in use: FILE:C:\Temp\krb5cache
2026-05-20 13:13:03,641 [INFO] Using Kerberos authentication with cache FILE:C:\Temp\krb5cache
2026-05-20 13:13:03,642 [WARNING] SSL verification disabled for HSD API requests; set HSD_CA_CERT to enable.
2026-05-20 13:13:03,642 [INFO] HSD authentication mode in use: kerberos
2026-05-20 13:13:03,643 [INFO] Fetching bugs from saved query ID: 15019322642 (limit: 500)
2026-05-20 13:13:03,643 [INFO] Query URL: https://hsdes.intel.com/appstore/generalapps/#/pages/community/1203659509?queryId=15019322642
2026-05-20 13:13:03,643 [INFO] [Attempt 1/5] Trying endpoint: https://hsdes-api.intel.com/rest/query/15019322642
2026-05-20 13:13:03,644 [DEBUG] API request: GET https://hsdes-api.intel.com/rest/query/15019322642
2026-05-20 13:13:07,236 [INFO] Successfully fetched 5 bugs from query 15019322642
2026-05-20 19:06:04,993 [DEBUG] Using existing KRB5CCNAME=FILE:C:\Temp\krb5cache
2026-05-20 19:06:04,994 [INFO] Kerberos credential cache in use: FILE:C:\Temp\krb5cache
2026-05-20 19:06:04,994 [INFO] Using Kerberos authentication with cache FILE:C:\Temp\krb5cache
2026-05-20 19:06:04,995 [INFO] HSD authentication mode in use: kerberos
2026-05-20 19:06:04,995 [INFO] Fetching bugs from saved query ID: 16021056445 (limit: 500)
2026-05-20 19:06:04,995 [INFO] Query URL: https://hsdes.intel.com/appstore/generalapps/#/pages/community/1203659509?queryId=16021056445
2026-05-20 19:06:04,995 [INFO] [Attempt 1/5] Trying endpoint: https://hsdes-api.intel.com/rest/query/16021056445
2026-05-20 19:06:04,996 [DEBUG] API request: GET https://hsdes-api.intel.com/rest/query/16021056445
2026-05-20 19:06:05,390 [DEBUG] Endpoint {'path': 'query/16021056445', 'params': {'include_text_fields': 'Y', 'start_at': 1, 'max_results': 500}} error: Could not find a suitable TLS CA certificate bundle, invalid path: C:\Users\jtsao1\AppData\Roaming\Python\Python314\site-packages\certifi\cacert.pem
2026-05-20 19:06:05,391 [INFO] [Attempt 2/5] Trying endpoint: https://hsdes-api.intel.com/rest/query/execute/16021056445
2026-05-20 19:06:05,391 [DEBUG] API request: GET https://hsdes-api.intel.com/rest/query/execute/16021056445
2026-05-20 19:06:05,393 [DEBUG] Endpoint {'path': 'query/execute/16021056445', 'params': {'limit': 500}} error: Could not find a suitable TLS CA certificate bundle, invalid path: C:\Users\jtsao1\AppData\Roaming\Python\Python314\site-packages\certifi\cacert.pem
2026-05-20 19:06:05,393 [INFO] [Attempt 3/5] Trying endpoint: https://hsdes-api.intel.com/rest/query/16021056445/execute
2026-05-20 19:06:05,393 [DEBUG] API request: GET https://hsdes-api.intel.com/rest/query/16021056445/execute
2026-05-20 19:06:05,395 [DEBUG] Endpoint {'path': 'query/16021056445/execute', 'params': {'limit': 500}} error: Could not find a suitable TLS CA certificate bundle, invalid path: C:\Users\jtsao1\AppData\Roaming\Python\Python314\site-packages\certifi\cacert.pem
2026-05-20 19:06:05,395 [INFO] [Attempt 4/5] Trying endpoint: https://hsdes-api.intel.com/rest/savedquery/16021056445
2026-05-20 19:06:05,395 [DEBUG] API request: GET https://hsdes-api.intel.com/rest/savedquery/16021056445
2026-05-20 19:06:05,398 [DEBUG] Endpoint {'path': 'savedquery/16021056445', 'params': {'limit': 500}} error: Could not find a suitable TLS CA certificate bundle, invalid path: C:\Users\jtsao1\AppData\Roaming\Python\Python314\site-packages\certifi\cacert.pem
2026-05-20 19:06:05,398 [INFO] [Attempt 5/5] Trying endpoint: https://hsdes-api.intel.com/rest/article/query/16021056445
2026-05-20 19:06:05,398 [DEBUG] API request: GET https://hsdes-api.intel.com/rest/article/query/16021056445
2026-05-20 19:06:05,400 [DEBUG] Endpoint {'path': 'article/query/16021056445', 'params': {'limit': 500}} error: Could not find a suitable TLS CA certificate bundle, invalid path: C:\Users\jtsao1\AppData\Roaming\Python\Python314\site-packages\certifi\cacert.pem
2026-05-20 19:06:05,400 [WARNING] Could not fetch bugs from query ID 16021056445 via API endpoints
2026-05-20 19:06:05,401 [INFO] You may need to access the query directly via web interface or use alternate authentication
2026-05-20 19:06:05,401 [INFO] ======================================================================
2026-05-20 19:06:05,401 [INFO] HSD API Authentication Failed - Alternative Options:
2026-05-20 19:06:05,401 [INFO] ======================================================================
2026-05-20 19:06:05,401 [INFO] 1. Validate Kerberos ticket:
2026-05-20 19:06:05,401 [INFO]    - Run 'klist' to verify a valid ticket exists
2026-05-20 19:06:05,401 [INFO]    - If expired or missing, run 'kinit your_upi@INTEL.COM'
2026-05-20 19:06:05,401 [INFO] 
2026-05-20 19:06:05,401 [INFO] 2. Manual Export (recommended for now):
2026-05-20 19:06:05,401 [INFO]    - Visit: https://hsdes.intel.com/appstore/generalapps/#/pages/community/1203659509?queryId=16021056445
2026-05-20 19:06:05,401 [INFO]    - Click 'Export' button
2026-05-20 19:06:05,401 [INFO]    - Save as CSV/Excel
2026-05-20 19:06:05,401 [INFO] 
2026-05-20 19:06:05,401 [INFO] 3. Request Faceless Account:
2026-05-20 19:06:05,401 [INFO]    - Email: ags@intel.com
2026-05-20 19:06:05,401 [INFO]    - Subject: 'Faceless Account for HSD API Access'
2026-05-20 19:06:05,401 [INFO]    - Get dedicated service account credentials
2026-05-20 19:06:05,401 [INFO] ======================================================================
2026-05-20 19:34:54,084 [DEBUG] Using existing KRB5CCNAME=FILE:C:\Temp\krb5cache
2026-05-20 19:34:54,084 [INFO] Kerberos credential cache in use: FILE:C:\Temp\krb5cache
2026-05-20 19:34:54,085 [INFO] Using Kerberos authentication with cache FILE:C:\Temp\krb5cache
2026-05-20 19:34:54,085 [WARNING] SSL verification disabled for HSD API requests; set HSD_CA_CERT to enable.
2026-05-20 19:34:54,085 [INFO] HSD authentication mode in use: kerberos
2026-05-20 19:34:54,085 [INFO] Fetching bugs from saved query ID: 15019322642 (limit: 500)
2026-05-20 19:34:54,085 [INFO] Query URL: https://hsdes.intel.com/appstore/generalapps/#/pages/community/1203659509?queryId=15019322642
2026-05-20 19:34:54,085 [INFO] [Attempt 1/5] Trying endpoint: https://hsdes-api.intel.com/rest/query/15019322642
2026-05-20 19:34:54,085 [DEBUG] API request: GET https://hsdes-api.intel.com/rest/query/15019322642
2026-05-20 19:34:55,546 [INFO] Successfully fetched 5 bugs from query 15019322642
2026-05-20 19:35:22,611 [DEBUG] Using existing KRB5CCNAME=FILE:C:\Temp\krb5cache
2026-05-20 19:35:22,612 [INFO] Kerberos credential cache in use: FILE:C:\Temp\krb5cache
2026-05-20 19:35:22,612 [INFO] Using Kerberos authentication with cache FILE:C:\Temp\krb5cache
2026-05-20 19:35:22,612 [WARNING] SSL verification disabled for HSD API requests; set HSD_CA_CERT to enable.
2026-05-20 19:35:22,612 [INFO] HSD authentication mode in use: kerberos
2026-05-20 19:35:22,612 [INFO] Fetching bugs from saved query ID: 15019322642 (limit: 500)
2026-05-20 19:35:22,613 [INFO] Query URL: https://hsdes.intel.com/appstore/generalapps/#/pages/community/1203659509?queryId=15019322642
2026-05-20 19:35:22,613 [INFO] [Attempt 1/5] Trying endpoint: https://hsdes-api.intel.com/rest/query/15019322642
2026-05-20 19:35:22,613 [DEBUG] API request: GET https://hsdes-api.intel.com/rest/query/15019322642
2026-05-20 19:35:23,508 [INFO] Successfully fetched 5 bugs from query 15019322642
2026-05-20 19:41:13,223 [DEBUG] Using existing KRB5CCNAME=FILE:C:\Temp\krb5cache
2026-05-20 19:41:13,223 [INFO] Kerberos credential cache in use: FILE:C:\Temp\krb5cache
2026-05-20 19:41:13,224 [INFO] Using Kerberos authentication with cache FILE:C:\Temp\krb5cache
2026-05-20 19:41:13,224 [WARNING] SSL verification disabled for HSD API requests; set HSD_CA_CERT to enable.
2026-05-20 19:41:13,224 [INFO] HSD authentication mode in use: kerberos
2026-05-20 19:41:13,224 [INFO] Fetching bugs from saved query ID: 15019322642 (limit: 500)
2026-05-20 19:41:13,224 [INFO] Query URL: https://hsdes.intel.com/appstore/generalapps/#/pages/community/1203659509?queryId=15019322642
2026-05-20 19:41:13,225 [INFO] [Attempt 1/5] Trying endpoint: https://hsdes-api.intel.com/rest/query/15019322642
2026-05-20 19:41:13,225 [DEBUG] API request: GET https://hsdes-api.intel.com/rest/query/15019322642
2026-05-20 19:41:14,810 [INFO] Successfully fetched 5 bugs from query 15019322642
2026-05-21 11:15:08,643 [DEBUG] Using existing KRB5CCNAME=FILE:C:\Temp\krb5cache
2026-05-21 11:15:08,646 [INFO] Kerberos credential cache in use: FILE:C:\Temp\krb5cache
2026-05-21 11:15:08,647 [INFO] Using Kerberos authentication with cache FILE:C:\Temp\krb5cache
2026-05-21 11:15:08,647 [WARNING] SSL verification disabled for HSD API requests; set HSD_CA_CERT to enable.
2026-05-21 11:15:08,648 [INFO] HSD authentication mode in use: kerberos
2026-05-21 11:15:08,648 [INFO] Fetching bugs from saved query ID: 15019322642 (limit: 500)
2026-05-21 11:15:08,649 [INFO] Query URL: https://hsdes.intel.com/appstore/generalapps/#/pages/community/1203659509?queryId=15019322642
2026-05-21 11:15:08,650 [INFO] [Attempt 1/5] Trying endpoint: https://hsdes-api.intel.com/rest/query/15019322642
2026-05-21 11:15:08,650 [DEBUG] API request: GET https://hsdes-api.intel.com/rest/query/15019322642
2026-05-21 11:15:11,792 [INFO] Successfully fetched 6 bugs from query 15019322642
2026-05-23 11:15:04,850 [DEBUG] Using existing KRB5CCNAME=FILE:C:\Temp\krb5cache
2026-05-23 11:15:04,867 [INFO] Kerberos credential cache in use: FILE:C:\Temp\krb5cache
2026-05-23 11:15:04,868 [INFO] Using Kerberos authentication with cache FILE:C:\Temp\krb5cache
2026-05-23 11:15:04,868 [WARNING] SSL verification disabled for HSD API requests; set HSD_CA_CERT to enable.
2026-05-23 11:15:04,868 [INFO] HSD authentication mode in use: kerberos
2026-05-23 11:15:04,868 [INFO] Fetching bugs from saved query ID: 15019322642 (limit: 500)
2026-05-23 11:15:04,868 [INFO] Query URL: https://hsdes.intel.com/appstore/generalapps/#/pages/community/1203659509?queryId=15019322642
2026-05-23 11:15:04,868 [INFO] [Attempt 1/5] Trying endpoint: https://hsdes-api.intel.com/rest/query/15019322642
2026-05-23 11:15:04,869 [DEBUG] API request: GET https://hsdes-api.intel.com/rest/query/15019322642
2026-05-23 11:15:06,819 [INFO] Successfully fetched 6 bugs from query 15019322642
2026-05-24 11:15:03,666 [DEBUG] Using existing KRB5CCNAME=FILE:C:\Temp\krb5cache
2026-05-24 11:15:03,667 [INFO] Kerberos credential cache in use: FILE:C:\Temp\krb5cache
2026-05-24 11:15:03,667 [INFO] Using Kerberos authentication with cache FILE:C:\Temp\krb5cache
2026-05-24 11:15:03,668 [WARNING] SSL verification disabled for HSD API requests; set HSD_CA_CERT to enable.
2026-05-24 11:15:03,668 [INFO] HSD authentication mode in use: kerberos
2026-05-24 11:15:03,668 [INFO] Fetching bugs from saved query ID: 15019322642 (limit: 500)
2026-05-24 11:15:03,668 [INFO] Query URL: https://hsdes.intel.com/appstore/generalapps/#/pages/community/1203659509?queryId=15019322642
2026-05-24 11:15:03,669 [INFO] [Attempt 1/5] Trying endpoint: https://hsdes-api.intel.com/rest/query/15019322642
2026-05-24 11:15:03,669 [DEBUG] API request: GET https://hsdes-api.intel.com/rest/query/15019322642
2026-05-24 11:15:06,650 [INFO] Successfully fetched 6 bugs from query 15019322642
2026-05-25 11:15:03,960 [DEBUG] Using existing KRB5CCNAME=FILE:C:\Temp\krb5cache
2026-05-25 11:15:03,961 [INFO] Kerberos credential cache in use: FILE:C:\Temp\krb5cache
2026-05-25 11:15:03,961 [INFO] Using Kerberos authentication with cache FILE:C:\Temp\krb5cache
2026-05-25 11:15:03,961 [WARNING] SSL verification disabled for HSD API requests; set HSD_CA_CERT to enable.
2026-05-25 11:15:03,961 [INFO] HSD authentication mode in use: kerberos
2026-05-25 11:15:03,961 [INFO] Fetching bugs from saved query ID: 15019322642 (limit: 500)
2026-05-25 11:15:03,962 [INFO] Query URL: https://hsdes.intel.com/appstore/generalapps/#/pages/community/1203659509?queryId=15019322642
2026-05-25 11:15:03,962 [INFO] [Attempt 1/5] Trying endpoint: https://hsdes-api.intel.com/rest/query/15019322642
2026-05-25 11:15:03,962 [DEBUG] API request: GET https://hsdes-api.intel.com/rest/query/15019322642
2026-05-25 11:15:07,978 [INFO] Successfully fetched 6 bugs from query 15019322642
2026-05-26 11:15:05,839 [DEBUG] Using existing KRB5CCNAME=FILE:C:\Temp\krb5cache
2026-05-26 11:15:05,841 [INFO] Kerberos credential cache in use: FILE:C:\Temp\krb5cache
2026-05-26 11:15:05,842 [INFO] Using Kerberos authentication with cache FILE:C:\Temp\krb5cache
2026-05-26 11:15:05,842 [WARNING] SSL verification disabled for HSD API requests; set HSD_CA_CERT to enable.
2026-05-26 11:15:05,842 [INFO] HSD authentication mode in use: kerberos
2026-05-26 11:15:05,843 [INFO] Fetching bugs from saved query ID: 15019322642 (limit: 500)
2026-05-26 11:15:05,843 [INFO] Query URL: https://hsdes.intel.com/appstore/generalapps/#/pages/community/1203659509?queryId=15019322642
2026-05-26 11:15:05,843 [INFO] [Attempt 1/5] Trying endpoint: https://hsdes-api.intel.com/rest/query/15019322642
2026-05-26 11:15:05,844 [DEBUG] API request: GET https://hsdes-api.intel.com/rest/query/15019322642
2026-05-26 11:15:08,484 [INFO] Successfully fetched 6 bugs from query 15019322642
2026-05-27 11:15:03,904 [DEBUG] Using existing KRB5CCNAME=FILE:C:\Temp\krb5cache
2026-05-27 11:15:03,905 [INFO] Kerberos credential cache in use: FILE:C:\Temp\krb5cache
2026-05-27 11:15:03,906 [INFO] Using Kerberos authentication with cache FILE:C:\Temp\krb5cache
2026-05-27 11:15:03,906 [WARNING] SSL verification disabled for HSD API requests; set HSD_CA_CERT to enable.
2026-05-27 11:15:03,906 [INFO] HSD authentication mode in use: kerberos
2026-05-27 11:15:03,906 [INFO] Fetching bugs from saved query ID: 15019322642 (limit: 500)
2026-05-27 11:15:03,907 [INFO] Query URL: https://hsdes.intel.com/appstore/generalapps/#/pages/community/1203659509?queryId=15019322642
2026-05-27 11:15:03,908 [INFO] [Attempt 1/5] Trying endpoint: https://hsdes-api.intel.com/rest/query/15019322642
2026-05-27 11:15:03,908 [DEBUG] API request: GET https://hsdes-api.intel.com/rest/query/15019322642
2026-05-27 11:15:07,060 [INFO] Successfully fetched 7 bugs from query 15019322642
2026-05-28 11:15:03,484 [DEBUG] Using existing KRB5CCNAME=FILE:C:\Temp\krb5cache
2026-05-28 11:15:03,485 [INFO] Kerberos credential cache in use: FILE:C:\Temp\krb5cache
2026-05-28 11:15:03,486 [INFO] Using Kerberos authentication with cache FILE:C:\Temp\krb5cache
2026-05-28 11:15:03,486 [WARNING] SSL verification disabled for HSD API requests; set HSD_CA_CERT to enable.
2026-05-28 11:15:03,487 [INFO] HSD authentication mode in use: kerberos
2026-05-28 11:15:03,487 [INFO] Fetching bugs from saved query ID: 15019322642 (limit: 500)
2026-05-28 11:15:03,487 [INFO] Query URL: https://hsdes.intel.com/appstore/generalapps/#/pages/community/1203659509?queryId=15019322642
2026-05-28 11:15:03,488 [INFO] [Attempt 1/5] Trying endpoint: https://hsdes-api.intel.com/rest/query/15019322642
2026-05-28 11:15:03,488 [DEBUG] API request: GET https://hsdes-api.intel.com/rest/query/15019322642
2026-05-28 11:15:07,903 [INFO] Successfully fetched 7 bugs from query 15019322642
2026-05-29 11:15:04,363 [DEBUG] Using existing KRB5CCNAME=FILE:C:\Temp\krb5cache
2026-05-29 11:15:04,364 [INFO] Kerberos credential cache in use: FILE:C:\Temp\krb5cache
2026-05-29 11:15:04,364 [INFO] Using Kerberos authentication with cache FILE:C:\Temp\krb5cache
2026-05-29 11:15:04,365 [WARNING] SSL verification disabled for HSD API requests; set HSD_CA_CERT to enable.
2026-05-29 11:15:04,365 [INFO] HSD authentication mode in use: kerberos
2026-05-29 11:15:04,365 [INFO] Fetching bugs from saved query ID: 15019322642 (limit: 500)
2026-05-29 11:15:04,365 [INFO] Query URL: https://hsdes.intel.com/appstore/generalapps/#/pages/community/1203659509?queryId=15019322642
2026-05-29 11:15:04,365 [INFO] [Attempt 1/5] Trying endpoint: https://hsdes-api.intel.com/rest/query/15019322642
2026-05-29 11:15:04,365 [DEBUG] API request: GET https://hsdes-api.intel.com/rest/query/15019322642
2026-05-29 11:15:07,020 [INFO] Successfully fetched 7 bugs from query 15019322642
2026-05-30 11:15:04,146 [DEBUG] Using existing KRB5CCNAME=FILE:C:\Temp\krb5cache
2026-05-30 11:15:04,147 [INFO] Kerberos credential cache in use: FILE:C:\Temp\krb5cache
2026-05-30 11:15:04,148 [INFO] Using Kerberos authentication with cache FILE:C:\Temp\krb5cache
2026-05-30 11:15:04,148 [WARNING] SSL verification disabled for HSD API requests; set HSD_CA_CERT to enable.
2026-05-30 11:15:04,148 [INFO] HSD authentication mode in use: kerberos
2026-05-30 11:15:04,149 [INFO] Fetching bugs from saved query ID: 15019322642 (limit: 500)
2026-05-30 11:15:04,149 [INFO] Query URL: https://hsdes.intel.com/appstore/generalapps/#/pages/community/1203659509?queryId=15019322642
2026-05-30 11:15:04,149 [INFO] [Attempt 1/5] Trying endpoint: https://hsdes-api.intel.com/rest/query/15019322642
2026-05-30 11:15:04,149 [DEBUG] API request: GET https://hsdes-api.intel.com/rest/query/15019322642
2026-05-30 11:15:09,225 [INFO] Successfully fetched 7 bugs from query 15019322642
2026-05-31 11:15:03,843 [DEBUG] Using existing KRB5CCNAME=FILE:C:\Temp\krb5cache
2026-05-31 11:15:03,847 [INFO] Kerberos credential cache in use: FILE:C:\Temp\krb5cache
2026-05-31 11:15:03,847 [INFO] Using Kerberos authentication with cache FILE:C:\Temp\krb5cache
2026-05-31 11:15:03,847 [WARNING] SSL verification disabled for HSD API requests; set HSD_CA_CERT to enable.
2026-05-31 11:15:03,848 [INFO] HSD authentication mode in use: kerberos
2026-05-31 11:15:03,848 [INFO] Fetching bugs from saved query ID: 15019322642 (limit: 500)
2026-05-31 11:15:03,848 [INFO] Query URL: https://hsdes.intel.com/appstore/generalapps/#/pages/community/1203659509?queryId=15019322642
2026-05-31 11:15:03,848 [INFO] [Attempt 1/5] Trying endpoint: https://hsdes-api.intel.com/rest/query/15019322642
2026-05-31 11:15:03,848 [DEBUG] API request: GET https://hsdes-api.intel.com/rest/query/15019322642
2026-05-31 11:15:09,827 [INFO] Successfully fetched 7 bugs from query 15019322642
2026-06-01 11:15:04,498 [DEBUG] Using existing KRB5CCNAME=FILE:C:\Temp\krb5cache
2026-06-01 11:15:04,499 [INFO] Kerberos credential cache in use: FILE:C:\Temp\krb5cache
2026-06-01 11:15:04,499 [INFO] Using Kerberos authentication with cache FILE:C:\Temp\krb5cache
2026-06-01 11:15:04,499 [WARNING] SSL verification disabled for HSD API requests; set HSD_CA_CERT to enable.
2026-06-01 11:15:04,499 [INFO] HSD authentication mode in use: kerberos
2026-06-01 11:15:04,499 [INFO] Fetching bugs from saved query ID: 15019322642 (limit: 500)
2026-06-01 11:15:04,499 [INFO] Query URL: https://hsdes.intel.com/appstore/generalapps/#/pages/community/1203659509?queryId=15019322642
2026-06-01 11:15:04,500 [INFO] [Attempt 1/5] Trying endpoint: https://hsdes-api.intel.com/rest/query/15019322642
2026-06-01 11:15:04,500 [DEBUG] API request: GET https://hsdes-api.intel.com/rest/query/15019322642
2026-06-01 11:15:06,529 [INFO] Successfully fetched 7 bugs from query 15019322642
2026-06-02 11:19:45,525 [DEBUG] Using existing KRB5CCNAME=FILE:C:\Temp\krb5cache
2026-06-02 11:19:45,548 [INFO] Kerberos credential cache in use: FILE:C:\Temp\krb5cache
2026-06-02 11:19:45,548 [INFO] Using Kerberos authentication with cache FILE:C:\Temp\krb5cache
2026-06-02 11:19:45,548 [WARNING] SSL verification disabled for HSD API requests; set HSD_CA_CERT to enable.
2026-06-02 11:19:45,549 [INFO] HSD authentication mode in use: kerberos
2026-06-02 11:19:45,549 [INFO] Fetching bugs from saved query ID: 15019322642 (limit: 500)
2026-06-02 11:19:45,550 [INFO] Query URL: https://hsdes.intel.com/appstore/generalapps/#/pages/community/1203659509?queryId=15019322642
2026-06-02 11:19:45,551 [INFO] [Attempt 1/5] Trying endpoint: https://hsdes-api.intel.com/rest/query/15019322642
2026-06-02 11:19:45,551 [DEBUG] API request: GET https://hsdes-api.intel.com/rest/query/15019322642
2026-06-02 11:19:48,223 [INFO] Successfully fetched 7 bugs from query 15019322642
2026-06-03 11:15:03,632 [DEBUG] Using existing KRB5CCNAME=FILE:C:\Temp\krb5cache
2026-06-03 11:15:03,633 [INFO] Kerberos credential cache in use: FILE:C:\Temp\krb5cache
2026-06-03 11:15:03,634 [INFO] Using Kerberos authentication with cache FILE:C:\Temp\krb5cache
2026-06-03 11:15:03,634 [WARNING] SSL verification disabled for HSD API requests; set HSD_CA_CERT to enable.
2026-06-03 11:15:03,634 [INFO] HSD authentication mode in use: kerberos
2026-06-03 11:15:03,634 [INFO] Fetching bugs from saved query ID: 15019322642 (limit: 500)
2026-06-03 11:15:03,634 [INFO] Query URL: https://hsdes.intel.com/appstore/generalapps/#/pages/community/1203659509?queryId=15019322642
2026-06-03 11:15:03,634 [INFO] [Attempt 1/5] Trying endpoint: https://hsdes-api.intel.com/rest/query/15019322642
2026-06-03 11:15:03,635 [DEBUG] API request: GET https://hsdes-api.intel.com/rest/query/15019322642
2026-06-03 11:15:05,460 [INFO] Successfully fetched 6 bugs from query 15019322642
2026-06-04 11:15:04,415 [DEBUG] Using existing KRB5CCNAME=FILE:C:\Temp\krb5cache
2026-06-04 11:15:04,417 [INFO] Kerberos credential cache in use: FILE:C:\Temp\krb5cache
2026-06-04 11:15:04,417 [INFO] Using Kerberos authentication with cache FILE:C:\Temp\krb5cache
2026-06-04 11:15:04,417 [WARNING] SSL verification disabled for HSD API requests; set HSD_CA_CERT to enable.
2026-06-04 11:15:04,418 [INFO] HSD authentication mode in use: kerberos
2026-06-04 11:15:04,418 [INFO] Fetching bugs from saved query ID: 15019322642 (limit: 500)
2026-06-04 11:15:04,418 [INFO] Query URL: https://hsdes.intel.com/appstore/generalapps/#/pages/community/1203659509?queryId=15019322642
2026-06-04 11:15:04,419 [INFO] [Attempt 1/5] Trying endpoint: https://hsdes-api.intel.com/rest/query/15019322642
2026-06-04 11:15:04,419 [DEBUG] API request: GET https://hsdes-api.intel.com/rest/query/15019322642
2026-06-04 11:15:06,407 [INFO] Successfully fetched 6 bugs from query 15019322642
2026-06-05 11:15:04,801 [DEBUG] Using existing KRB5CCNAME=FILE:C:\Temp\krb5cache
2026-06-05 11:15:04,802 [INFO] Kerberos credential cache in use: FILE:C:\Temp\krb5cache
2026-06-05 11:15:04,803 [INFO] Using Kerberos authentication with cache FILE:C:\Temp\krb5cache
2026-06-05 11:15:04,803 [WARNING] SSL verification disabled for HSD API requests; set HSD_CA_CERT to enable.
2026-06-05 11:15:04,803 [INFO] HSD authentication mode in use: kerberos
2026-06-05 11:15:04,804 [INFO] Fetching bugs from saved query ID: 15019322642 (limit: 500)
2026-06-05 11:15:04,804 [INFO] Query URL: https://hsdes.intel.com/appstore/generalapps/#/pages/community/1203659509?queryId=15019322642
2026-06-05 11:15:04,804 [INFO] [Attempt 1/5] Trying endpoint: https://hsdes-api.intel.com/rest/query/15019322642
2026-06-05 11:15:04,805 [DEBUG] API request: GET https://hsdes-api.intel.com/rest/query/15019322642
2026-06-05 11:15:07,665 [INFO] Successfully fetched 7 bugs from query 15019322642
2026-06-08 11:15:04,723 [DEBUG] Using existing KRB5CCNAME=FILE:C:\Temp\krb5cache
2026-06-08 11:15:04,724 [INFO] Kerberos credential cache in use: FILE:C:\Temp\krb5cache
2026-06-08 11:15:04,724 [INFO] Using Kerberos authentication with cache FILE:C:\Temp\krb5cache
2026-06-08 11:15:04,724 [WARNING] SSL verification disabled for HSD API requests; set HSD_CA_CERT to enable.
2026-06-08 11:15:04,724 [INFO] HSD authentication mode in use: kerberos
2026-06-08 11:15:04,724 [INFO] Fetching bugs from saved query ID: 15019322642 (limit: 500)
2026-06-08 11:15:04,725 [INFO] Query URL: https://hsdes.intel.com/appstore/generalapps/#/pages/community/1203659509?queryId=15019322642
2026-06-08 11:15:04,725 [INFO] [Attempt 1/5] Trying endpoint: https://hsdes-api.intel.com/rest/query/15019322642
2026-06-08 11:15:04,725 [DEBUG] API request: GET https://hsdes-api.intel.com/rest/query/15019322642
2026-06-08 11:15:06,751 [INFO] Successfully fetched 7 bugs from query 15019322642
2026-06-09 11:15:04,933 [DEBUG] Using existing KRB5CCNAME=FILE:C:\Temp\krb5cache
2026-06-09 11:15:04,934 [INFO] Kerberos credential cache in use: FILE:C:\Temp\krb5cache
2026-06-09 11:15:04,934 [INFO] Using Kerberos authentication with cache FILE:C:\Temp\krb5cache
2026-06-09 11:15:04,934 [WARNING] SSL verification disabled for HSD API requests; set HSD_CA_CERT to enable.
2026-06-09 11:15:04,935 [INFO] HSD authentication mode in use: kerberos
2026-06-09 11:15:04,935 [INFO] Fetching bugs from saved query ID: 15019322642 (limit: 500)
2026-06-09 11:15:04,935 [INFO] Query URL: https://hsdes.intel.com/appstore/generalapps/#/pages/community/1203659509?queryId=15019322642
2026-06-09 11:15:04,935 [INFO] [Attempt 1/5] Trying endpoint: https://hsdes-api.intel.com/rest/query/15019322642
2026-06-09 11:15:04,935 [DEBUG] API request: GET https://hsdes-api.intel.com/rest/query/15019322642
2026-06-09 11:15:06,847 [INFO] Successfully fetched 5 bugs from query 15019322642
2026-06-10 11:15:04,422 [DEBUG] Using existing KRB5CCNAME=FILE:C:\Temp\krb5cache
2026-06-10 11:15:04,423 [INFO] Kerberos credential cache in use: FILE:C:\Temp\krb5cache
2026-06-10 11:15:04,423 [INFO] Using Kerberos authentication with cache FILE:C:\Temp\krb5cache
2026-06-10 11:15:04,423 [WARNING] SSL verification disabled for HSD API requests; set HSD_CA_CERT to enable.
2026-06-10 11:15:04,424 [INFO] HSD authentication mode in use: kerberos
2026-06-10 11:15:04,424 [INFO] Fetching bugs from saved query ID: 15019322642 (limit: 500)
2026-06-10 11:15:04,424 [INFO] Query URL: https://hsdes.intel.com/appstore/generalapps/#/pages/community/1203659509?queryId=15019322642
2026-06-10 11:15:04,424 [INFO] [Attempt 1/5] Trying endpoint: https://hsdes-api.intel.com/rest/query/15019322642
2026-06-10 11:15:04,424 [DEBUG] API request: GET https://hsdes-api.intel.com/rest/query/15019322642
2026-06-10 11:15:06,456 [INFO] Successfully fetched 5 bugs from query 15019322642
2026-06-11 14:08:30,117 [DEBUG] Using existing KRB5CCNAME=FILE:C:\Temp\krb5cache
2026-06-11 14:08:30,121 [INFO] Kerberos credential cache in use: FILE:C:\Temp\krb5cache
2026-06-11 14:08:30,122 [INFO] Using Kerberos authentication with cache FILE:C:\Temp\krb5cache
2026-06-11 14:08:30,122 [WARNING] SSL verification disabled for HSD API requests; set HSD_CA_CERT to enable.
2026-06-11 14:08:30,122 [INFO] HSD authentication mode in use: kerberos
2026-06-11 14:08:30,122 [INFO] Fetching bugs from saved query ID: 15019322642 (limit: 500)
2026-06-11 14:08:30,123 [INFO] Query URL: https://hsdes.intel.com/appstore/generalapps/#/pages/community/1203659509?queryId=15019322642
2026-06-11 14:08:30,123 [INFO] [Attempt 1/5] Trying endpoint: https://hsdes-api.intel.com/rest/query/15019322642
2026-06-11 14:08:30,123 [DEBUG] API request: GET https://hsdes-api.intel.com/rest/query/15019322642
2026-06-11 14:08:37,299 [INFO] Successfully fetched 5 bugs from query 15019322642
2026-06-12 11:44:20,510 [DEBUG] Using existing KRB5CCNAME=FILE:C:\Temp\krb5cache
2026-06-12 11:44:20,520 [INFO] Kerberos credential cache in use: FILE:C:\Temp\krb5cache
2026-06-12 11:44:20,521 [INFO] Using Kerberos authentication with cache FILE:C:\Temp\krb5cache
2026-06-12 11:44:20,522 [WARNING] SSL verification disabled for HSD API requests; set HSD_CA_CERT to enable.
2026-06-12 11:44:20,523 [INFO] HSD authentication mode in use: kerberos
2026-06-12 11:44:20,524 [INFO] Fetching bugs from saved query ID: 15019322642 (limit: 500)
2026-06-12 11:44:20,524 [INFO] Query URL: https://hsdes.intel.com/appstore/generalapps/#/pages/community/1203659509?queryId=15019322642
2026-06-12 11:44:20,525 [INFO] [Attempt 1/5] Trying endpoint: https://hsdes-api.intel.com/rest/query/15019322642
2026-06-12 11:44:20,526 [DEBUG] API request: GET https://hsdes-api.intel.com/rest/query/15019322642
2026-06-12 11:44:22,960 [INFO] Successfully fetched 5 bugs from query 15019322642
2026-06-13 11:15:03,851 [DEBUG] Using existing KRB5CCNAME=FILE:C:\Temp\krb5cache
2026-06-13 11:15:03,852 [INFO] Kerberos credential cache in use: FILE:C:\Temp\krb5cache
2026-06-13 11:15:03,853 [INFO] Using Kerberos authentication with cache FILE:C:\Temp\krb5cache
2026-06-13 11:15:03,853 [WARNING] SSL verification disabled for HSD API requests; set HSD_CA_CERT to enable.
2026-06-13 11:15:03,853 [INFO] HSD authentication mode in use: kerberos
2026-06-13 11:15:03,853 [INFO] Fetching bugs from saved query ID: 15019322642 (limit: 500)
2026-06-13 11:15:03,853 [INFO] Query URL: https://hsdes.intel.com/appstore/generalapps/#/pages/community/1203659509?queryId=15019322642
2026-06-13 11:15:03,854 [INFO] [Attempt 1/5] Trying endpoint: https://hsdes-api.intel.com/rest/query/15019322642
2026-06-13 11:15:03,854 [DEBUG] API request: GET https://hsdes-api.intel.com/rest/query/15019322642
2026-06-13 11:15:07,561 [INFO] Successfully fetched 4 bugs from query 15019322642
2026-06-14 15:50:15,829 [DEBUG] Using existing KRB5CCNAME=FILE:C:\Temp\krb5cache
2026-06-14 15:50:15,836 [INFO] Kerberos credential cache in use: FILE:C:\Temp\krb5cache
2026-06-14 15:50:15,837 [INFO] Using Kerberos authentication with cache FILE:C:\Temp\krb5cache
2026-06-14 15:50:15,837 [WARNING] SSL verification disabled for HSD API requests; set HSD_CA_CERT to enable.
2026-06-14 15:50:15,839 [INFO] HSD authentication mode in use: kerberos
2026-06-14 15:50:15,840 [INFO] Fetching bugs from saved query ID: 15019322642 (limit: 500)
2026-06-14 15:50:15,840 [INFO] Query URL: https://hsdes.intel.com/appstore/generalapps/#/pages/community/1203659509?queryId=15019322642
2026-06-14 15:50:15,841 [INFO] [Attempt 1/5] Trying endpoint: https://hsdes-api.intel.com/rest/query/15019322642
2026-06-14 15:50:15,842 [DEBUG] API request: GET https://hsdes-api.intel.com/rest/query/15019322642
2026-06-14 15:50:19,847 [INFO] Successfully fetched 4 bugs from query 15019322642
2026-06-15 11:15:04,942 [DEBUG] Using existing KRB5CCNAME=FILE:C:\Temp\krb5cache
2026-06-15 11:15:04,943 [INFO] Kerberos credential cache in use: FILE:C:\Temp\krb5cache
2026-06-15 11:15:04,943 [INFO] Using Kerberos authentication with cache FILE:C:\Temp\krb5cache
2026-06-15 11:15:04,944 [WARNING] SSL verification disabled for HSD API requests; set HSD_CA_CERT to enable.
2026-06-15 11:15:04,944 [INFO] HSD authentication mode in use: kerberos
2026-06-15 11:15:04,944 [INFO] Fetching bugs from saved query ID: 15019322642 (limit: 500)
2026-06-15 11:15:04,944 [INFO] Query URL: https://hsdes.intel.com/appstore/generalapps/#/pages/community/1203659509?queryId=15019322642
2026-06-15 11:15:04,945 [INFO] [Attempt 1/5] Trying endpoint: https://hsdes-api.intel.com/rest/query/15019322642
2026-06-15 11:15:04,945 [DEBUG] API request: GET https://hsdes-api.intel.com/rest/query/15019322642
2026-06-15 11:15:08,286 [INFO] Successfully fetched 4 bugs from query 15019322642
2026-06-16 11:15:06,453 [DEBUG] Using existing KRB5CCNAME=FILE:C:\Temp\krb5cache
2026-06-16 11:15:06,454 [INFO] Kerberos credential cache in use: FILE:C:\Temp\krb5cache
2026-06-16 11:15:06,455 [INFO] Using Kerberos authentication with cache FILE:C:\Temp\krb5cache
2026-06-16 11:15:06,455 [WARNING] SSL verification disabled for HSD API requests; set HSD_CA_CERT to enable.
2026-06-16 11:15:06,455 [INFO] HSD authentication mode in use: kerberos
2026-06-16 11:15:06,456 [INFO] Fetching bugs from saved query ID: 15019322642 (limit: 500)
2026-06-16 11:15:06,456 [INFO] Query URL: https://hsdes.intel.com/appstore/generalapps/#/pages/community/1203659509?queryId=15019322642
2026-06-16 11:15:06,456 [INFO] [Attempt 1/5] Trying endpoint: https://hsdes-api.intel.com/rest/query/15019322642
2026-06-16 11:15:06,457 [DEBUG] API request: GET https://hsdes-api.intel.com/rest/query/15019322642
2026-06-16 11:15:09,552 [INFO] Successfully fetched 4 bugs from query 15019322642
2026-06-17 11:15:05,601 [DEBUG] Using existing KRB5CCNAME=FILE:C:\Temp\krb5cache
2026-06-17 11:15:05,603 [INFO] Kerberos credential cache in use: FILE:C:\Temp\krb5cache
2026-06-17 11:15:05,603 [INFO] Using Kerberos authentication with cache FILE:C:\Temp\krb5cache
2026-06-17 11:15:05,603 [WARNING] SSL verification disabled for HSD API requests; set HSD_CA_CERT to enable.
2026-06-17 11:15:05,603 [INFO] HSD authentication mode in use: kerberos
2026-06-17 11:15:05,604 [INFO] Fetching bugs from saved query ID: 15019322642 (limit: 500)
2026-06-17 11:15:05,604 [INFO] Query URL: https://hsdes.intel.com/appstore/generalapps/#/pages/community/1203659509?queryId=15019322642
2026-06-17 11:15:05,604 [INFO] [Attempt 1/5] Trying endpoint: https://hsdes-api.intel.com/rest/query/15019322642
2026-06-17 11:15:05,604 [DEBUG] API request: GET https://hsdes-api.intel.com/rest/query/15019322642
2026-06-17 11:15:07,426 [INFO] Successfully fetched 2 bugs from query 15019322642
2026-06-18 11:15:05,996 [DEBUG] Using existing KRB5CCNAME=FILE:C:\Temp\krb5cache
2026-06-18 11:15:05,997 [INFO] Kerberos credential cache in use: FILE:C:\Temp\krb5cache
2026-06-18 11:15:05,998 [INFO] Using Kerberos authentication with cache FILE:C:\Temp\krb5cache
2026-06-18 11:15:05,998 [WARNING] SSL verification disabled for HSD API requests; set HSD_CA_CERT to enable.
2026-06-18 11:15:05,998 [INFO] HSD authentication mode in use: kerberos
2026-06-18 11:15:05,998 [INFO] Fetching bugs from saved query ID: 15019322642 (limit: 500)
2026-06-18 11:15:05,999 [INFO] Query URL: https://hsdes.intel.com/appstore/generalapps/#/pages/community/1203659509?queryId=15019322642
2026-06-18 11:15:05,999 [INFO] [Attempt 1/5] Trying endpoint: https://hsdes-api.intel.com/rest/query/15019322642
2026-06-18 11:15:05,999 [DEBUG] API request: GET https://hsdes-api.intel.com/rest/query/15019322642
2026-06-18 11:15:08,739 [INFO] Successfully fetched 2 bugs from query 15019322642
2026-06-19 11:15:05,093 [DEBUG] Using existing KRB5CCNAME=FILE:C:\Temp\krb5cache
2026-06-19 11:15:05,094 [INFO] Kerberos credential cache in use: FILE:C:\Temp\krb5cache
2026-06-19 11:15:05,094 [INFO] Using Kerberos authentication with cache FILE:C:\Temp\krb5cache
2026-06-19 11:15:05,095 [WARNING] SSL verification disabled for HSD API requests; set HSD_CA_CERT to enable.
2026-06-19 11:15:05,095 [INFO] HSD authentication mode in use: kerberos
2026-06-19 11:15:05,095 [INFO] Fetching bugs from saved query ID: 15019322642 (limit: 500)
2026-06-19 11:15:05,095 [INFO] Query URL: https://hsdes.intel.com/appstore/generalapps/#/pages/community/1203659509?queryId=15019322642
2026-06-19 11:15:05,095 [INFO] [Attempt 1/5] Trying endpoint: https://hsdes-api.intel.com/rest/query/15019322642
2026-06-19 11:15:05,095 [DEBUG] API request: GET https://hsdes-api.intel.com/rest/query/15019322642
2026-06-19 11:15:07,959 [INFO] Successfully fetched 2 bugs from query 15019322642
2026-06-21 17:46:25,868 [DEBUG] Using existing KRB5CCNAME=FILE:C:\Temp\krb5cache
2026-06-21 17:46:25,870 [INFO] Kerberos credential cache in use: FILE:C:\Temp\krb5cache
2026-06-21 17:46:25,871 [INFO] Using Kerberos authentication with cache FILE:C:\Temp\krb5cache
2026-06-21 17:46:25,871 [WARNING] SSL verification disabled for HSD API requests; set HSD_CA_CERT to enable.
2026-06-21 17:46:25,871 [INFO] HSD authentication mode in use: kerberos
2026-06-21 17:46:25,872 [INFO] Fetching bugs from saved query ID: 15019533347 (limit: 5000)
2026-06-21 17:46:25,872 [INFO] Query URL: https://hsdes.intel.com/appstore/generalapps/#/pages/community/1203659509?queryId=15019533347
2026-06-21 17:46:25,872 [INFO] [Attempt 1/5] Trying endpoint: https://hsdes-api.intel.com/rest/query/15019533347
2026-06-21 17:46:25,873 [DEBUG] API request: GET https://hsdes-api.intel.com/rest/query/15019533347
2026-06-21 17:46:28,417 [INFO] Successfully fetched 122 bugs from query 15019533347
2026-06-21 17:52:08,365 [DEBUG] Using existing KRB5CCNAME=FILE:C:\Temp\krb5cache
2026-06-21 17:52:08,366 [INFO] Kerberos credential cache in use: FILE:C:\Temp\krb5cache
2026-06-21 17:52:08,366 [INFO] Using Kerberos authentication with cache FILE:C:\Temp\krb5cache
2026-06-21 17:52:08,366 [WARNING] SSL verification disabled for HSD API requests; set HSD_CA_CERT to enable.
2026-06-21 17:52:08,366 [INFO] HSD authentication mode in use: kerberos
2026-06-21 17:52:08,367 [INFO] Fetching bugs from saved query ID: 15019533347 (limit: 5000)
2026-06-21 17:52:08,367 [INFO] Query URL: https://hsdes.intel.com/appstore/generalapps/#/pages/community/1203659509?queryId=15019533347
2026-06-21 17:52:08,367 [INFO] [Attempt 1/5] Trying endpoint: https://hsdes-api.intel.com/rest/query/15019533347
2026-06-21 17:52:08,367 [DEBUG] API request: GET https://hsdes-api.intel.com/rest/query/15019533347
2026-06-21 17:52:09,650 [INFO] Successfully fetched 122 bugs from query 15019533347
2026-06-21 18:19:18,096 [DEBUG] Using existing KRB5CCNAME=FILE:C:\Temp\krb5cache
2026-06-21 18:19:18,097 [INFO] Kerberos credential cache in use: FILE:C:\Temp\krb5cache
2026-06-21 18:19:18,098 [INFO] Using Kerberos authentication with cache FILE:C:\Temp\krb5cache
2026-06-21 18:19:18,098 [WARNING] SSL verification disabled for HSD API requests; set HSD_CA_CERT to enable.
2026-06-21 18:19:18,099 [INFO] HSD authentication mode in use: kerberos
2026-06-21 18:19:18,099 [INFO] Fetching bugs from saved query ID: 15019533347 (limit: 5000)
2026-06-21 18:19:18,099 [INFO] Query URL: https://hsdes.intel.com/appstore/generalapps/#/pages/community/1203659509?queryId=15019533347
2026-06-21 18:19:18,100 [INFO] [Attempt 1/5] Trying endpoint: https://hsdes-api.intel.com/rest/query/15019533347
2026-06-21 18:19:18,100 [DEBUG] API request: GET https://hsdes-api.intel.com/rest/query/15019533347
2026-06-21 18:19:19,659 [INFO] Successfully fetched 122 bugs from query 15019533347
2026-06-21 18:25:33,239 [DEBUG] Using existing KRB5CCNAME=FILE:C:\Temp\krb5cache
2026-06-21 18:25:33,240 [INFO] Kerberos credential cache in use: FILE:C:\Temp\krb5cache
2026-06-21 18:25:33,240 [INFO] Using Kerberos authentication with cache FILE:C:\Temp\krb5cache
2026-06-21 18:25:33,241 [WARNING] SSL verification disabled for HSD API requests; set HSD_CA_CERT to enable.
2026-06-21 18:25:33,241 [INFO] HSD authentication mode in use: kerberos
2026-06-21 18:25:33,241 [INFO] Fetching bugs from saved query ID: 15019533347 (limit: 5000)
2026-06-21 18:25:33,241 [INFO] Query URL: https://hsdes.intel.com/appstore/generalapps/#/pages/community/1203659509?queryId=15019533347
2026-06-21 18:25:33,241 [INFO] [Attempt 1/5] Trying endpoint: https://hsdes-api.intel.com/rest/query/15019533347
2026-06-21 18:25:33,242 [DEBUG] API request: GET https://hsdes-api.intel.com/rest/query/15019533347
2026-06-21 18:25:34,060 [INFO] Successfully fetched 122 bugs from query 15019533347
2026-06-21 18:32:26,384 [DEBUG] Using existing KRB5CCNAME=FILE:C:\Temp\krb5cache
2026-06-21 18:32:26,385 [INFO] Kerberos credential cache in use: FILE:C:\Temp\krb5cache
2026-06-21 18:32:26,385 [INFO] Using Kerberos authentication with cache FILE:C:\Temp\krb5cache
2026-06-21 18:32:26,385 [WARNING] SSL verification disabled for HSD API requests; set HSD_CA_CERT to enable.
2026-06-21 18:32:26,386 [INFO] HSD authentication mode in use: kerberos
2026-06-21 18:32:26,386 [INFO] Fetching bugs from saved query ID: 15019533347 (limit: 5000)
2026-06-21 18:32:26,386 [INFO] Query URL: https://hsdes.intel.com/appstore/generalapps/#/pages/community/1203659509?queryId=15019533347
2026-06-21 18:32:26,386 [INFO] [Attempt 1/5] Trying endpoint: https://hsdes-api.intel.com/rest/query/15019533347
2026-06-21 18:32:26,387 [DEBUG] API request: GET https://hsdes-api.intel.com/rest/query/15019533347
2026-06-21 18:32:28,628 [INFO] Successfully fetched 122 bugs from query 15019533347
2026-06-29 17:10:34,320 [DEBUG] Using existing KRB5CCNAME=FILE:C:\Temp\krb5cache
2026-06-29 17:10:34,321 [INFO] Kerberos credential cache in use: FILE:C:\Temp\krb5cache
2026-06-29 17:10:34,321 [INFO] Using Kerberos authentication with cache FILE:C:\Temp\krb5cache
2026-06-29 17:10:34,321 [WARNING] SSL verification disabled for HSD API requests; set HSD_CA_CERT to enable.
2026-06-29 17:10:34,322 [INFO] HSD authentication mode in use: kerberos
2026-06-29 17:10:34,322 [INFO] Fetching bugs from saved query ID: 15019575844 (limit: 5000)
2026-06-29 17:10:34,322 [INFO] Query URL: https://hsdes.intel.com/appstore/generalapps/#/pages/community/1203659509?queryId=15019575844
2026-06-29 17:10:34,322 [INFO] [Attempt 1/5] Trying endpoint: https://hsdes-api.intel.com/rest/query/15019575844
2026-06-29 17:10:34,322 [DEBUG] API request: GET https://hsdes-api.intel.com/rest/query/15019575844
2026-06-29 17:10:35,815 [INFO] Successfully fetched 7 bugs from query 15019575844
2026-06-30 11:15:08,796 [DEBUG] Using existing KRB5CCNAME=FILE:C:\Temp\krb5cache
2026-06-30 11:15:08,799 [INFO] Kerberos credential cache in use: FILE:C:\Temp\krb5cache
2026-06-30 11:15:08,800 [INFO] Using Kerberos authentication with cache FILE:C:\Temp\krb5cache
2026-06-30 11:15:08,801 [WARNING] SSL verification disabled for HSD API requests; set HSD_CA_CERT to enable.
2026-06-30 11:15:08,801 [INFO] HSD authentication mode in use: kerberos
2026-06-30 11:15:08,802 [INFO] Fetching bugs from saved query ID: 15019575844 (limit: 5000)
2026-06-30 11:15:08,802 [INFO] Query URL: https://hsdes.intel.com/appstore/generalapps/#/pages/community/1203659509?queryId=15019575844
2026-06-30 11:15:08,803 [INFO] [Attempt 1/5] Trying endpoint: https://hsdes-api.intel.com/rest/query/15019575844
2026-06-30 11:15:08,803 [DEBUG] API request: GET https://hsdes-api.intel.com/rest/query/15019575844
2026-06-30 11:15:10,114 [INFO] Successfully fetched 7 bugs from query 15019575844
2026-07-01 11:15:07,243 [DEBUG] Using existing KRB5CCNAME=FILE:C:\Temp\krb5cache
2026-07-01 11:15:07,245 [INFO] Kerberos credential cache in use: FILE:C:\Temp\krb5cache
2026-07-01 11:15:07,245 [INFO] Using Kerberos authentication with cache FILE:C:\Temp\krb5cache
2026-07-01 11:15:07,246 [WARNING] SSL verification disabled for HSD API requests; set HSD_CA_CERT to enable.
2026-07-01 11:15:07,246 [INFO] HSD authentication mode in use: kerberos
2026-07-01 11:15:07,246 [INFO] Fetching bugs from saved query ID: 15019575844 (limit: 5000)
2026-07-01 11:15:07,247 [INFO] Query URL: https://hsdes.intel.com/appstore/generalapps/#/pages/community/1203659509?queryId=15019575844
2026-07-01 11:15:07,247 [INFO] [Attempt 1/5] Trying endpoint: https://hsdes-api.intel.com/rest/query/15019575844
2026-07-01 11:15:07,248 [DEBUG] API request: GET https://hsdes-api.intel.com/rest/query/15019575844
2026-07-01 11:15:10,550 [INFO] Successfully fetched 6 bugs from query 15019575844
2026-07-02 11:15:08,172 [DEBUG] Using existing KRB5CCNAME=FILE:C:\Temp\krb5cache
2026-07-02 11:15:08,174 [INFO] Kerberos credential cache in use: FILE:C:\Temp\krb5cache
2026-07-02 11:15:08,174 [INFO] Using Kerberos authentication with cache FILE:C:\Temp\krb5cache
2026-07-02 11:15:08,175 [WARNING] SSL verification disabled for HSD API requests; set HSD_CA_CERT to enable.
2026-07-02 11:15:08,175 [INFO] HSD authentication mode in use: kerberos
2026-07-02 11:15:08,176 [INFO] Fetching bugs from saved query ID: 15019575844 (limit: 5000)
2026-07-02 11:15:08,176 [INFO] Query URL: https://hsdes.intel.com/appstore/generalapps/#/pages/community/1203659509?queryId=15019575844
2026-07-02 11:15:08,177 [INFO] [Attempt 1/5] Trying endpoint: https://hsdes-api.intel.com/rest/query/15019575844
2026-07-02 11:15:08,177 [DEBUG] API request: GET https://hsdes-api.intel.com/rest/query/15019575844
2026-07-02 11:15:10,829 [INFO] Successfully fetched 6 bugs from query 15019575844
2026-07-03 11:15:04,674 [DEBUG] Using existing KRB5CCNAME=FILE:C:\Temp\krb5cache
2026-07-03 11:15:04,676 [INFO] Kerberos credential cache in use: FILE:C:\Temp\krb5cache
2026-07-03 11:15:04,676 [INFO] Using Kerberos authentication with cache FILE:C:\Temp\krb5cache
2026-07-03 11:15:04,676 [WARNING] SSL verification disabled for HSD API requests; set HSD_CA_CERT to enable.
2026-07-03 11:15:04,676 [INFO] HSD authentication mode in use: kerberos
2026-07-03 11:15:04,676 [INFO] Fetching bugs from saved query ID: 15019575844 (limit: 5000)
2026-07-03 11:15:04,677 [INFO] Query URL: https://hsdes.intel.com/appstore/generalapps/#/pages/community/1203659509?queryId=15019575844
2026-07-03 11:15:04,677 [INFO] [Attempt 1/5] Trying endpoint: https://hsdes-api.intel.com/rest/query/15019575844
2026-07-03 11:15:04,677 [DEBUG] API request: GET https://hsdes-api.intel.com/rest/query/15019575844
2026-07-03 11:15:07,965 [INFO] Successfully fetched 6 bugs from query 15019575844
2026-07-07 11:15:07,619 [DEBUG] Using existing KRB5CCNAME=FILE:C:\Temp\krb5cache
2026-07-07 11:15:07,620 [INFO] Kerberos credential cache in use: FILE:C:\Temp\krb5cache
2026-07-07 11:15:07,620 [INFO] Using Kerberos authentication with cache FILE:C:\Temp\krb5cache
2026-07-07 11:15:07,621 [WARNING] SSL verification disabled for HSD API requests; set HSD_CA_CERT to enable.
2026-07-07 11:15:07,621 [INFO] HSD authentication mode in use: kerberos
2026-07-07 11:15:07,621 [INFO] Fetching bugs from saved query ID: 15019575844 (limit: 5000)
2026-07-07 11:15:07,621 [INFO] Query URL: https://hsdes.intel.com/appstore/generalapps/#/pages/community/1203659509?queryId=15019575844
2026-07-07 11:15:07,621 [INFO] [Attempt 1/5] Trying endpoint: https://hsdes-api.intel.com/rest/query/15019575844
2026-07-07 11:15:07,622 [DEBUG] API request: GET https://hsdes-api.intel.com/rest/query/15019575844
2026-07-07 11:15:10,879 [INFO] Successfully fetched 6 bugs from query 15019575844
2026-07-07 16:24:52,121 [INFO] HSD token detected; using token authentication
2026-07-07 16:24:52,122 [INFO] Using HSD token authentication (token supplied via env/CLI)
2026-07-07 16:24:52,123 [INFO] HSD authentication mode in use: token
2026-07-07 16:24:52,123 [INFO] Fetching bugs from saved query ID: 15019575844 (limit: 20)
2026-07-07 16:24:52,123 [INFO] Query URL: https://hsdes.intel.com/appstore/generalapps/#/pages/community/1203659509?queryId=15019575844
2026-07-07 16:24:52,123 [INFO] [Attempt 1/5] Trying endpoint: https://hsdes-api.intel.com/rest/query/15019575844
2026-07-07 16:24:52,124 [DEBUG] API request: GET https://hsdes-api.intel.com/rest/query/15019575844
2026-07-07 16:24:52,126 [DEBUG] Endpoint {'path': 'query/15019575844', 'params': {'include_text_fields': 'Y', 'start_at': 1, 'max_results': 20}} error: Could not find a suitable TLS CA certificate bundle, invalid path: C:\Users\jtsao1\AppData\Roaming\Python\Python314\site-packages\certifi\cacert.pem
2026-07-07 16:24:52,126 [INFO] [Attempt 2/5] Trying endpoint: https://hsdes-api.intel.com/rest/query/execute/15019575844
2026-07-07 16:24:52,127 [DEBUG] API request: GET https://hsdes-api.intel.com/rest/query/execute/15019575844
2026-07-07 16:24:52,128 [DEBUG] Endpoint {'path': 'query/execute/15019575844', 'params': {'limit': 20}} error: Could not find a suitable TLS CA certificate bundle, invalid path: C:\Users\jtsao1\AppData\Roaming\Python\Python314\site-packages\certifi\cacert.pem
2026-07-07 16:24:52,128 [INFO] [Attempt 3/5] Trying endpoint: https://hsdes-api.intel.com/rest/query/15019575844/execute
2026-07-07 16:24:52,128 [DEBUG] API request: GET https://hsdes-api.intel.com/rest/query/15019575844/execute
2026-07-07 16:24:52,129 [DEBUG] Endpoint {'path': 'query/15019575844/execute', 'params': {'limit': 20}} error: Could not find a suitable TLS CA certificate bundle, invalid path: C:\Users\jtsao1\AppData\Roaming\Python\Python314\site-packages\certifi\cacert.pem
2026-07-07 16:24:52,129 [INFO] [Attempt 4/5] Trying endpoint: https://hsdes-api.intel.com/rest/savedquery/15019575844
2026-07-07 16:24:52,129 [DEBUG] API request: GET https://hsdes-api.intel.com/rest/savedquery/15019575844
2026-07-07 16:24:52,130 [DEBUG] Endpoint {'path': 'savedquery/15019575844', 'params': {'limit': 20}} error: Could not find a suitable TLS CA certificate bundle, invalid path: C:\Users\jtsao1\AppData\Roaming\Python\Python314\site-packages\certifi\cacert.pem
2026-07-07 16:24:52,130 [INFO] [Attempt 5/5] Trying endpoint: https://hsdes-api.intel.com/rest/article/query/15019575844
2026-07-07 16:24:52,130 [DEBUG] API request: GET https://hsdes-api.intel.com/rest/article/query/15019575844
2026-07-07 16:24:52,130 [DEBUG] Endpoint {'path': 'article/query/15019575844', 'params': {'limit': 20}} error: Could not find a suitable TLS CA certificate bundle, invalid path: C:\Users\jtsao1\AppData\Roaming\Python\Python314\site-packages\certifi\cacert.pem
2026-07-07 16:24:52,131 [WARNING] Could not fetch bugs from query ID 15019575844 via API endpoints
2026-07-07 16:24:52,131 [INFO] You may need to access the query directly via web interface or use alternate authentication
2026-07-07 16:24:52,131 [INFO] ======================================================================
2026-07-07 16:24:52,131 [INFO] HSD API Authentication Failed - Alternative Options:
2026-07-07 16:24:52,131 [INFO] ======================================================================
2026-07-07 16:24:52,131 [INFO] 1. Validate Kerberos ticket:
2026-07-07 16:24:52,131 [INFO]    - Run 'klist' to verify a valid ticket exists
2026-07-07 16:24:52,131 [INFO]    - If expired or missing, run 'kinit your_upi@INTEL.COM'
2026-07-07 16:24:52,132 [INFO] 
2026-07-07 16:24:52,132 [INFO] 2. Manual Export (recommended for now):
2026-07-07 16:24:52,132 [INFO]    - Visit: https://hsdes.intel.com/appstore/generalapps/#/pages/community/1203659509?queryId=15019575844
2026-07-07 16:24:52,132 [INFO]    - Click 'Export' button
2026-07-07 16:24:52,132 [INFO]    - Save as CSV/Excel
2026-07-07 16:24:52,132 [INFO] 
2026-07-07 16:24:52,132 [INFO] 3. Request Faceless Account:
2026-07-07 16:24:52,132 [INFO]    - Email: ags@intel.com
2026-07-07 16:24:52,133 [INFO]    - Subject: 'Faceless Account for HSD API Access'
2026-07-07 16:24:52,133 [INFO]    - Get dedicated service account credentials
2026-07-07 16:24:52,133 [INFO] ======================================================================
2026-07-07 16:24:52,133 [WARNING] No bugs returned from query ID 15019575844
2026-07-07 16:24:52,133 [INFO] Note: You may need to configure API authentication or access via web interface
2026-07-07 16:26:08,809 [DEBUG] Using existing KRB5CCNAME=FILE:C:\Temp\krb5cache
2026-07-07 16:26:08,809 [INFO] Kerberos credential cache in use: FILE:C:\Temp\krb5cache
2026-07-07 16:26:08,809 [INFO] Using Kerberos authentication with cache FILE:C:\Temp\krb5cache
2026-07-07 16:26:08,809 [WARNING] SSL verification disabled for HSD API requests; set HSD_CA_CERT to enable.
2026-07-07 16:26:08,810 [INFO] HSD authentication mode in use: kerberos
2026-07-07 16:26:08,810 [INFO] Fetching bugs from saved query ID: 15019575844 (limit: 5000)
2026-07-07 16:26:08,810 [INFO] Query URL: https://hsdes.intel.com/appstore/generalapps/#/pages/community/1203659509?queryId=15019575844
2026-07-07 16:26:08,810 [INFO] [Attempt 1/5] Trying endpoint: https://hsdes-api.intel.com/rest/query/15019575844
2026-07-07 16:26:08,810 [DEBUG] API request: GET https://hsdes-api.intel.com/rest/query/15019575844
2026-07-07 16:26:10,439 [INFO] Successfully fetched 6 bugs from query 15019575844
2026-07-07 17:38:16,999 [DEBUG] Using existing KRB5CCNAME=FILE:C:\Temp\krb5cache
2026-07-07 17:38:17,000 [INFO] Kerberos credential cache in use: FILE:C:\Temp\krb5cache
2026-07-07 17:38:17,000 [INFO] Using Kerberos authentication with cache FILE:C:\Temp\krb5cache
2026-07-07 17:38:17,000 [WARNING] SSL verification disabled for HSD API requests; set HSD_CA_CERT to enable.
2026-07-07 17:38:17,000 [INFO] HSD authentication mode in use: kerberos
2026-07-07 17:38:17,001 [INFO] Fetching bugs from saved query ID: 15019608847 (limit: 50000)
2026-07-07 17:38:17,001 [INFO] Query URL: https://hsdes.intel.com/appstore/generalapps/#/pages/community/1203659509?queryId=15019608847
2026-07-07 17:38:17,001 [INFO] [Attempt 1/5] Trying endpoint: https://hsdes-api.intel.com/rest/query/15019608847
2026-07-07 17:38:17,001 [DEBUG] API request: GET https://hsdes-api.intel.com/rest/query/15019608847
2026-07-07 17:38:18,148 [INFO] Successfully fetched 123 bugs from query 15019608847
2026-07-07 18:52:24,814 [DEBUG] Using existing KRB5CCNAME=FILE:C:\Temp\krb5cache
2026-07-07 18:52:24,815 [INFO] Kerberos credential cache in use: FILE:C:\Temp\krb5cache
2026-07-07 18:52:24,815 [INFO] Using Kerberos authentication with cache FILE:C:\Temp\krb5cache
2026-07-07 18:52:24,815 [WARNING] SSL verification disabled for HSD API requests; set HSD_CA_CERT to enable.
2026-07-07 18:52:24,815 [INFO] HSD authentication mode in use: kerberos
2026-07-07 18:52:24,816 [INFO] Fetching bugs from saved query ID: 15019575844 (limit: 5000)
2026-07-07 18:52:24,816 [INFO] Query URL: https://hsdes.intel.com/appstore/generalapps/#/pages/community/1203659509?queryId=15019575844
2026-07-07 18:52:24,816 [INFO] [Attempt 1/5] Trying endpoint: https://hsdes-api.intel.com/rest/query/15019575844
2026-07-07 18:52:24,816 [DEBUG] API request: GET https://hsdes-api.intel.com/rest/query/15019575844
2026-07-07 18:52:25,524 [INFO] Successfully fetched 6 bugs from query 15019575844
2026-07-07 19:01:29,740 [DEBUG] Using existing KRB5CCNAME=FILE:C:\Temp\krb5cache
2026-07-07 19:01:29,741 [INFO] Kerberos credential cache in use: FILE:C:\Temp\krb5cache
2026-07-07 19:01:29,741 [INFO] Using Kerberos authentication with cache FILE:C:\Temp\krb5cache
2026-07-07 19:01:29,741 [WARNING] SSL verification disabled for HSD API requests; set HSD_CA_CERT to enable.
2026-07-07 19:01:29,741 [INFO] HSD authentication mode in use: kerberos
2026-07-07 19:01:29,741 [INFO] Fetching bugs from saved query ID: 15019608847 (limit: 50000)
2026-07-07 19:01:29,742 [INFO] Query URL: https://hsdes.intel.com/appstore/generalapps/#/pages/community/1203659509?queryId=15019608847
2026-07-07 19:01:29,742 [INFO] [Attempt 1/5] Trying endpoint: https://hsdes-api.intel.com/rest/query/15019608847
2026-07-07 19:01:29,742 [DEBUG] API request: GET https://hsdes-api.intel.com/rest/query/15019608847
2026-07-07 19:01:30,403 [INFO] Successfully fetched 439 bugs from query 15019608847
2026-07-07 19:06:46,958 [DEBUG] Using existing KRB5CCNAME=FILE:C:\Temp\krb5cache
2026-07-07 19:06:46,959 [INFO] Kerberos credential cache in use: FILE:C:\Temp\krb5cache
2026-07-07 19:06:46,959 [INFO] Using Kerberos authentication with cache FILE:C:\Temp\krb5cache
2026-07-07 19:06:46,959 [WARNING] SSL verification disabled for HSD API requests; set HSD_CA_CERT to enable.
2026-07-07 19:06:46,960 [INFO] HSD authentication mode in use: kerberos
2026-07-07 19:06:46,960 [INFO] Fetching bugs from saved query ID: 15019608847 (limit: 50000)
2026-07-07 19:06:46,960 [INFO] Query URL: https://hsdes.intel.com/appstore/generalapps/#/pages/community/1203659509?queryId=15019608847
2026-07-07 19:06:46,960 [INFO] [Attempt 1/5] Trying endpoint: https://hsdes-api.intel.com/rest/query/15019608847
2026-07-07 19:06:46,960 [DEBUG] API request: GET https://hsdes-api.intel.com/rest/query/15019608847
2026-07-07 19:06:47,671 [INFO] Successfully fetched 439 bugs from query 15019608847
2026-07-08 11:15:05,144 [DEBUG] Using existing KRB5CCNAME=FILE:C:\Temp\krb5cache
2026-07-08 11:15:05,146 [INFO] Kerberos credential cache in use: FILE:C:\Temp\krb5cache
2026-07-08 11:15:05,146 [INFO] Using Kerberos authentication with cache FILE:C:\Temp\krb5cache
2026-07-08 11:15:05,146 [WARNING] SSL verification disabled for HSD API requests; set HSD_CA_CERT to enable.
2026-07-08 11:15:05,146 [INFO] HSD authentication mode in use: kerberos
2026-07-08 11:15:05,146 [INFO] Fetching bugs from saved query ID: 15019575844 (limit: 5000)
2026-07-08 11:15:05,147 [INFO] Query URL: https://hsdes.intel.com/appstore/generalapps/#/pages/community/1203659509?queryId=15019575844
2026-07-08 11:15:05,147 [INFO] [Attempt 1/5] Trying endpoint: https://hsdes-api.intel.com/rest/query/15019575844
2026-07-08 11:15:05,147 [DEBUG] API request: GET https://hsdes-api.intel.com/rest/query/15019575844
2026-07-08 11:15:06,724 [INFO] Successfully fetched 5 bugs from query 15019575844
