ips_case_number,customer,suggested_customer,reason,ips_customer_name,ips_oem,ips_created_date,ips_title
1010434,LENOVO,NEC,title_brand_mismatch,LENOVO COMPAL FUTURE CENTER,NEC,2026-04-30 01:48:11,"[NEC][LCFC][PTL[Yukimura-IP][25H2][SIT][BE211]Under S0 with a Bluetooth headset connected and running 1080P, the PHM log shows that C10 does not reach 50%.FR: 9/10Cycles"
1010143,HP,NEC,title_brand_mismatch,HP Inc,HP,2026-04-28 19:32:03,"[Intel][Internal][RPL-P (I)][AX211] WiFi Disconnect, not roaming, stationary"
1009762,DELL,NEC,title_brand_mismatch,NA,Dell,2026-04-27 01:53:50,[WCL][Roma] DUT still need to be connected under MS
1007714,LENOVO,NEC,title_brand_mismatch,LENOVO COMPAL FUTURE CENTER,NEC,2026-04-13 07:09:43,"[NEC][LCFC][WCL][Yukimura-WCL VP][25H2][SIT][BE211]The BT driver shows Dual BT in the Device Manager details, and the language used for the Device Manager name is different. FR: 1/1unit"
1005602,HP,NEC,title_brand_mismatch,HP Inc,HP,2026-03-26 15:30:07,SIP129319 - EB 840 G8/ Spain/ ROCHES /T1/EMEA/ Wireless drops and disconnections
1005039,LENOVO,NEC,title_brand_mismatch,LENOVO COMPAL FUTURE CENTER,NEC,2026-03-24 08:06:35,[NEC][LCFC][PTL[Yukimura-IP][25H2][FVT][BE211]There is no sound output from BT headset after reconnect the BLE headset.[EUT FR:1/2units]
1004966,LENOVO,NEC,title_brand_mismatch,LENOVO COMPAL FUTURE CENTER,NEC,2026-03-24 03:17:42,"[NEC][LCFC][PTL[Yukimura-IP][25H2][FVT][BE211]MCC change to 00 after rerume from S4, FR: 1/1Unit, 1/5cycles"
1004664,LENOVO,NEC,title_brand_mismatch,LENOVO COMPAL FUTURE CENTER,NEC,2026-03-20 07:24:15,[NEC][LCFC][WCL][Yukimura-WCL LV][25H2][FVT][AX211]BT device show Yellow Bang during normal function test. 2/10Units
1003693,WIKO,NEC,title_brand_mismatch,LONGCHEER,WIKO,2026-03-14 09:45:26,[WIKO][Longcheer][MarseilleJ][Win11][Intel-PTL][AX211][BT]BLE bluetooth mouse reconnection time after restart is double times than MarseilleI.
1003222,PANASONIC,HP,title_brand_mismatch,Panasonic Connect,Panasonic,2026-03-11 07:06:41,[PTL][WhP2] How to test Bluetooth HADM (Channel Sounding) with DRTU
1002802,LENOVO,HP|NEC,title_brand_mismatch,LENOVO COMPAL FUTURE CENTER,NEC,2026-03-10 04:29:05,"[NEC][LCFC][PTL[Maetel-IP][25H2][SIT][BE211]Occurred Wi-Fi low throughput and disconnection issue on 2.4GHz when do ""5773PA 2.4G PM Scenario1"" test."
1002591,VAIO,NEC,title_brand_mismatch,VAIO Corporation,VAIO,2026-03-09 01:07:08,Network disconnects intermittently when 802.11r is enabled
1002353,WIKO,NEC,title_brand_mismatch,LONGCHEER,WIKO,2026-03-05 08:59:04,[WIKO][Longcheer][MarseilleJ][Win11][Intel-PTL][AX211][WiFi]Connect 2.4G WiFi fail.
1002287,LENOVO,NEC,title_brand_mismatch,LENOVO COMPAL FUTURE CENTER,NEC,2026-03-05 05:44:49,"[NEC][LCFC][PTL[Yukimura-IP][25H2][FVT][BE211]BT device auto disconnect durinng normal use, FR: 1/10cycles"
1002269,LENOVO,NEC,title_brand_mismatch,LENOVO COMPAL FUTURE CENTER,Lenovo - ThinkPad JP,2026-03-05 03:06:51,Users experience frequent disconnections during roaming between access points when 802.11ax is enabled
1001416,LENOVO,NEC,title_brand_mismatch,LENOVO COMPAL FUTURE CENTER,NEC,2026-02-27 10:58:34,[NEC][LCFC][PTL[Yukimura-IP][25H2][FVT][BE211]There is no sound output from BT headset after resuming from MS/S5.[EUT FR:2/2units]
1001374,LENOVO,NEC,title_brand_mismatch,LENOVO COMPAL FUTURE CENTER,Lenovo - ThinkPad JP,2026-02-27 06:00:06,X9-14GEN1 connect BT headset mic not working
1000767,PANASONIC,HP,title_brand_mismatch,Panasonic Connect,Panasonic,2026-02-24 03:28:42,[PTL_WhP2_BM24Xmk2MVT] Wi-Fi YB / Wi-Fi YB and BT NG
1000086,LENOVO,NEC,title_brand_mismatch,LENOVO COMPAL FUTURE CENTER,Lenovo - ThinkPad JP,2026-02-12 04:08:35,Wi-Fi Always auto Connect to 2.4Ghz on INDONESIA
1000072,LENOVO,NEC,title_brand_mismatch,WISTRON CORPORATION,Lenovo - ThinkPad China,2026-02-12 02:42:54,Media Player will report an error 0x8889000F when connecting two headphone and change headphone output
999468,PANASONIC,HP,title_brand_mismatch,Panasonic Connect,Panasonic,2026-02-09 05:14:01,[PTL][WhP2] DRTU Output power is NG when Dynamic SAR is enabled
998821,LENOVO,NEC,title_brand_mismatch,LENOVO COMPAL FUTURE CENTER,NEC,2026-02-04 01:25:22,"[NEC][LCFC][PTL[Yukimura-IP][25H2][FVT][BE211]""Request timed out"" message show in EXECping.log after resuming from RS mode.[FR:4/4times,100%][EUT FR:2/2units]"
998397,WIKO,NEC,title_brand_mismatch,"SHENZHEN BITLAND INFORMATION TECHNOLOGYCO., LTD.",WIKO,2026-02-02 03:16:54,[Wiko][DumasHz][RPL-R][AX201][BT] Bluetooth mouse connection failed
997362,SAMSUNG,NEC,title_brand_mismatch,"SAMSUNG ELECTRONICS CO., LTD.",Samsung,2026-01-26 06:11:41,[Venus5-14LNL][FmP2] The sound doesnt come out from the connected BT earphone after hibernate
996591,VAIO,NEC,title_brand_mismatch,VAIO Corporation,VAIO,2026-01-20 10:12:09,"[PTL+BE211]After the LE Audio device is disconnected once and then reconnected, the music does not play."
994251,LENOVO,NEC,title_brand_mismatch,WISTRON CORPORATION,Lenovo - ThinkPad JP,2026-01-05 03:15:41,[Curie3 PTL-H] The BT6.0 device does not display 16bit 32k Hz when connected.
993439,PANASONIC,HP,title_brand_mismatch,Panasonic Connect,Panasonic,2025-12-25 01:22:12,[PTL][WhP2] CITU Fail of BM23xmk2 DVT2(Review passed PCB)
992864,SAMSUNG,NEC,title_brand_mismatch,"SAMSUNG ELECTRONICS CO., LTD.",Samsung,2025-12-23 09:15:02,[Venus5-16LNL][FmP2] It takes more that 10 seconds for connecting R bud while only L bud was connected to the PC
992659,FUJITSU,NEC,title_brand_mismatch,Fujitsu Client Computing Limited (Lenovo/FCCL),Fujitsu,2025-12-22 10:09:19,[FCCL][RPL][GfP2]EAP authentication fails and disconnection from AP
992567,LENOVO,NEC,title_brand_mismatch,LENOVO COMPAL FUTURE CENTER,NEC,2025-12-22 07:45:15,"[NEC][LCFC][Citron3_VP][25H2][ICPS] ID0(Child process [9344 - IDBWM.exe] finished with 1073740791) and ID7034(Intel Dynamic Bandwidth Management Service) and ID1000(IDBWM.exe) shows up while running FSU long run test.[FR: 8/356,2.25%][1/1 Units]"
992362,TOSHIBA,NEC,title_brand_mismatch,Dynabook Inc.,Dynabook Inc,2025-12-19 01:39:43,[Dynabook][Win11][RPL] Wifi connection with some APs are unstable
991916,LENOVO,NEC,title_brand_mismatch,LENOVO COMPAL FUTURE CENTER,Lenovo - ThinkPad China,2025-12-16 09:14:31,For BE200_Vpro_host PC is unable to access the AMT/ISM web UI interface of the target/client PC when connected via WLAN
990825,TOSHIBA,NEC,title_brand_mismatch,Dynabook Inc.,Dynabook Inc,2025-12-08 07:43:58,Wifi connection with some APs are unstable
990709,LENOVO,NEC,title_brand_mismatch,LENOVO COMPAL FUTURE CENTER,NEC,2025-12-05 09:42:38,"(Copy Of 00986763) [NEC][LCFC][Citron3_VP][25H2][ICPS]ID1000( IDBWM.exe) shows up while running FSU long run test.[FR: 4/250,1.6%][1/1 Units]"
990641,FUJITSU,NEC,title_brand_mismatch,Fujitsu Client Computing Limited (Lenovo/FCCL),Fujitsu,2025-12-05 06:57:20,Audio is not heard when LE Audio headphone is disconnected and reconnected
990433,LENOVO,NEC,title_brand_mismatch,LENOVO COMPAL FUTURE CENTER,NEC,2025-12-04 05:42:57,[NEC][LCFC][WCL][Yukimura][BE211/BE213]WLAN show YB with Error Code 10 after install WCL BKC driver_99.0.99.10 with ES2 Sample. FR: 100%
988678,LENOVO,NEC,title_brand_mismatch,LENOVO COMPAL FUTURE CENTER,Lenovo - ThinkPad China,2025-11-24 06:43:09,KunLNL[E14GEN7]_Add_BE200_There is no sound output When connecting the Bluetooth headphones then play loca
987527,LENOVO,NEC,title_brand_mismatch,LENOVO COMPAL FUTURE CENTER,NEC,2025-11-17 08:01:25,"[NEC][LCFC][Citron3_VP][25H2][ICPS]ID0(Child process [10672 - IDBWM.exe] finished with 255) and ID7034(Intel Dynamic Bandwidth Management Service) shows up while running FSU long run test.[FR: 4/750,1.6%][1/1 Units]"
986825,CLEVO,NEC,title_brand_mismatch,CLEVO CO.,Clevo,2025-11-12 08:09:14,BE211 connect different AP MLO no internet
986763,LENOVO,NEC,title_brand_mismatch,LENOVO COMPAL FUTURE CENTER,NEC,2025-11-12 05:46:02,"[NEC][LCFC][Citron3_VP][25H2][ICPS]ID0(Child process [10672 - IDBWM.exe] finished with 255) and ID7034(Intel Dynamic Bandwidth Management Service) shows up while running FSU long run test.[FR: 4/250,1.6%][1/1 Units]"
986139,HONOR,NEC,title_brand_mismatch,LUXSHAREPC,Honor,2025-11-07 06:29:15,"[525203] [H6onor][LuxsharePC][NvwaB][DVT][25H2]PC connected 2.4G/5G AP(802.11AX/AC,20M/40M) do UDP downstream can not meet spec.(F/R:1/1U,6/6C))"
983979,WIKO,NEC,title_brand_mismatch,"Huaqin Technology Co., Ltd",WIKO,2025-10-28 07:54:56,[Wiko][NiceI][RPL][AX201]Problem of failed Miracast wireless connection from PC to smart TV(6/10).
982974,HP,OPPO,title_brand_mismatch,HP Inc,HP,2025-10-21 10:04:35,SIO2422105 - [DT][25CQ4][Coppola][QTA][SCIT-SUS][Win11][25H2][REF][HW][S22_924200] YB in Device Manager when  press any key on the Bluetooth keyboard/mouse to wake up the UUT.
981049,PANASONIC,HP,title_brand_mismatch,Panasonic Connect,Panasonic,2025-10-09 14:18:32,[PTL][WhP2] CITU marginal test Fail
977518,TOSHIBA,NEC,title_brand_mismatch,Dynabook Inc.,Dynabook Inc,2025-09-17 08:54:58,Bluetooth connection during ModS
976665,ACER,NEC,title_brand_mismatch,ACER INCORPORATED,Acer,2025-09-12 06:57:46,BLE data exchanged times in a connection interval
976420,TOSHIBA,NEC,title_brand_mismatch,Dynabook Inc.,Dynabook Inc,2025-09-11 06:14:40,[ARL][FmP2][BE201] CITU Connection Error
973605,PANASONIC,HP,title_brand_mismatch,Panasonic Connect,Panasonic,2025-08-26 05:24:09,[PTL][WhP2] Layout check request for FM232mk1 DVT1.5 board
970917,SAMSUNG,HP,title_brand_mismatch,"SAMSUNG ELECTRONICS CO., LTD.",Samsung,2025-08-08 06:27:39,[PTL][WhP2] No sound after putting one side earbud inside cradle and WMP error occurs
968922,LENOVO,NEC,title_brand_mismatch,Lenovo (Beijing) Limited,Lenovo - ThinkPad JP,2025-07-29 04:24:17,T14S Laptop (AX211) keeps switching between different Wi-Fi access points (APs) unnecessarily
968828,FUJITSU,NEC,title_brand_mismatch,Fujitsu Client Computing Limited (Lenovo/FCCL),Fujitsu,2025-07-28 13:05:29,[FCCL][GfP2]Ping timeout or disconnect during Teams meeting
968361,SAMSUNG,HP,title_brand_mismatch,"SAMSUNG ELECTRONICS CO., LTD.",Samsung,2025-07-24 07:14:39,[PTL][WhP2] BT HFP audio offload is not working with DSP drivers I2S colock for HFP option
968280,ACER,HP,title_brand_mismatch,"COMPAL ELECTRONICS, INC.",Acer,2025-07-24 01:52:50,PTL BE201 WiFi7 Throughput Tx Fail
966246,PANASONIC,HP,title_brand_mismatch,Panasonic Connect,Panasonic,2025-07-15 01:39:09,[PTL][WhP2] Wi-Fi YB occurs
966004,TOSHIBA,NEC,title_brand_mismatch,Dynabook Inc.,Dynabook Inc,2025-07-12 07:15:59,[Dynabook]Failed to connect to the network from ICPS App
965058,SAMSUNG,HP,title_brand_mismatch,"SAMSUNG ELECTRONICS CO., LTD.",Samsung,2025-07-08 07:13:23,[PTL] [WhP2]BT YB code 10 after installing v23.150.25244.10527 in PTL ES2
963288,PANASONIC,NEC,title_brand_mismatch,Panasonic Connect,Panasonic,2025-06-30 06:16:35,"[WiFi][Windows 11]can not connect to AP with ""WPA2/AES/Password: Hexadecimal number 64 digits"""
959976,PANASONIC,NEC,title_brand_mismatch,Panasonic Connect,Panasonic,2025-06-10 05:40:57,[WiFi][AX211][BE200][BE201][Windows 11]can not connect to stealth AP with 6GHz
959886,HP,NEC,title_brand_mismatch,HP Inc,HP,2025-06-09 12:27:59,SIP125787 - 840 G8 / Win 11 23H2 / Roche Pharma/Intermittent WLAN disconnection
957783,WIKO,NEC,title_brand_mismatch,LONGCHEER,WIKO,2025-05-27 02:08:39,"[WIKO][LC][MarseilleI][ARL-AX201][DVT2][24H2]After connecting the Bluetooth headset, it cannot be reconnected by pulling and sawing"
957537,MICROSOFT,NEC,title_brand_mismatch,Cybernet Manufacturing Inc,Microsoft,2025-05-23 17:19:27,"Intel 7260 and 7265 WiFi, are both antenna connectors for WiFi and Bluetooth?"
955063,WIKO,NEC,title_brand_mismatch,"Huaqin Technology Co., Ltd",WIKO,2025-05-10 06:23:52,[WIKO][HUAQIN][LyonI][Intel RPL-R][Intel AX201][WiFi][Win11]System will disconnect when system occur 4003 error.
955062,WIKO,XIAOMI,title_brand_mismatch,"Huaqin Technology Co., Ltd",WIKO,2025-05-10 06:21:40,[WIKO][HUAQIN][LyonI][Intel RPL-R][Intel AX201][WiFi][Win11]Play video very lag via Miracast to XiaomiTV.
954988,VAIO,HP,title_brand_mismatch,VAIO Corporation,VAIO,2025-05-09 08:15:41,Low Throughput Issue with Driver ver.23.120.0.3 or later
954540,WIKO,NEC,title_brand_mismatch,LONGCHEER,WIKO,2025-05-07 11:14:46,"[WIKO][LC][MarseilleI][ARL-AX201][DVT2][24H2]The headset reconnected fail and show ""DUT indicates that this item does not work. Please make sure your Bluetooth device can still detect it and then try again"""
954103,LENOVO,NEC,title_brand_mismatch,Lenovo (Beijing) Limited,Lenovo - ThinkPad JP,2025-05-05 18:49:30,AX211 Constant Disconnects on 6GHz with TP X1 2-in-1 Gen 9
952981,WIKO,NEC,title_brand_mismatch,"Huaqin Technology Co., Ltd",WIKO,2025-04-28 02:22:40,[WIKO][HUAQIN][NiceI][Intel RPL-R][Intel AX201][WiFi][Win11]System will disconnect when system occur 4003 error.
952979,WIKO,XIAOMI,title_brand_mismatch,"Huaqin Technology Co., Ltd",WIKO,2025-04-28 02:19:50,[WIKO][HUAQIN][NiceI][Intel RPL-R][Intel AX201][WiFi][Win11]Play video very lag via Miracast to XiaomiTV.
952339,HP,NEC,title_brand_mismatch,HP Inc,HTC,2025-04-23 10:09:52,3LS - SIP126446 - x360 1040 G11 (ErnestoX) / Delta / GC / AX211 WLAN disconnect intermittently / PC APJ
950714,WIKO,NEC,title_brand_mismatch,LONGCHEER,WIKO,2025-04-15 09:07:04,[WIKO][LC][MarseilleI][ARL-AX201][DVT1][24H2]BT will reset after connected BT headset
950708,WIKO,NEC,title_brand_mismatch,LONGCHEER,WIKO,2025-04-15 09:00:21,[WIKO][LC][MarseilleI][ARL-AX201][DVT1][24H2]BT rest after connected BT headset
950516,WIKO,NEC,title_brand_mismatch,LONGCHEER,WIKO,2025-04-14 12:34:29,[WIKO][LC][MarseilleI][ARL-AX201][DVT1][24H2]No sound out put After connected  BT earphone (Airpods4)
950508,WIKO,NEC,title_brand_mismatch,LONGCHEER,WIKO,2025-04-14 11:24:33,[WIKO][LC][MarseilleI][ARL-AX201][DVT1][24H2]FreeBuds Pro 3 Show the connected microphone and output music from the unit speaker.
950443,LENOVO,NEC,title_brand_mismatch,"Huaqin Technology Co., Ltd",Lenovo - ThinkPad JP,2025-04-14 07:26:20,"When set router 2.4G/5G wifi authentication type: WPA-PSA and RF mode:802.11b/g/n/ax,after the machine connect it and display 802.11n instead of 802.11ax(F/R:3/3  6/6cycles)"
949944,MSI,NEC,title_brand_mismatch,"MICRO-STAR INTERNATIONAL CO., LTD.",MSI,2025-04-10 07:00:05,The system is connected to a Wireless Display TV and the video playback is stuck or Screen freezes
949661,WIKO,NEC,title_brand_mismatch,LONGCHEER,WIKO,2025-04-09 03:19:42,"[WIKO][LC][MarseilleI][DVT1] When the mouse or keyboard is paired with the units,  prompt ""Connection failed, please try to connect again"""
949169,LG,ASUS,title_brand_mismatch,LG ELECTRONICS INC.,LG,2025-04-07 02:34:41,(Copy Of 00949160) 16/17Z90TR + BE201 event ID 5002 issue with ASUS GT-AXE11000 ap
949160,LG,ASUS,title_brand_mismatch,LG ELECTRONICS INC.,LG,2025-04-07 02:05:47,16/17Z90TR + BE201 event ID 5002 issue with ASUS GT-AXE11000 ap
947419,WIKO,NEC,title_brand_mismatch,LONGCHEER,WIKO,2025-04-02 10:05:42,[WIKO][LC][MarseilleI][DVT1] The BT earphone auto disconnected when play local music by media player
947318,WIKO,NEC,title_brand_mismatch,LONGCHEER,WIKO,2025-04-02 03:57:58,[WIKO][LC][MarseilleI][DVT1]The unit show BSOD when disconnected BT earphone
947313,WIKO,NEC,title_brand_mismatch,LONGCHEER,WIKO,2025-04-02 03:45:01,[WIKO][LC][MarseilleI][DVT1]The unit show BSOD when disconnected BT earphone
947269,WIKO,NEC,title_brand_mismatch,LONGCHEER,WIKO,2025-04-02 01:25:14,"[WIKO][LC][MarseilleI][DVT1]After the unit connect to monitor by  mircast,the sound will lag when play local video"
945995,FUJITSU,NEC,title_brand_mismatch,Fujitsu Client Computing Limited (Lenovo/FCCL),Fujitsu,2025-03-25 07:40:25,[FmP2/GaP2] Cannot connect at 40MHz bandwidth for 2.4GHz band
942735,PANASONIC,NEC,title_brand_mismatch,Panasonic Connect,Panasonic,2025-03-07 04:13:36,[WiFi]AX211( and AX201) are more likely to disconnect than 9560
941852,HP,NEC,title_brand_mismatch,INVENTEC CORPORATION,HP,2025-03-04 02:54:26,The connected Wi-Fi has been forgotten after switch Advanced Optimus to Integrated Graphics Only in OGH
941729,LENOVO,NEC,title_brand_mismatch,LENOVO COMPAL FUTURE CENTER,Lenovo - ThinkPad JP,2025-03-03 09:32:16,[Thinkpad][JP}cannot connect hidden network SG wifi6e(6Ghz) on T14 G4 & T14 G5
940923,CLEVO,NEC,title_brand_mismatch,CLEVO CO.,Other - OEM,2025-02-26 08:32:32,Blue screen after connecting Bluetooth speaker to S3
940752,HP,NEC,title_brand_mismatch,HP Inc,HP,2025-02-25 18:42:52,SIE294675: EMEA/T1/Roches/Intermittent WLAN disconnection
937821,DELL,NEC,title_brand_mismatch,"COMPAL ELECTRONICS, INC.",Dell,2025-02-10 01:41:15,[Precision 5570]Unstable Wi-Fi causing frequent disconnects analysis
935962,PANASONIC,NEC,title_brand_mismatch,Panasonic Connect,Panasonic,2025-01-31 08:23:50,[WiFi]Can not connect to AP using WPA3-Enterprise
934517,CLEVO,NEC,title_brand_mismatch,CLEVO CO.,Other - OEM,2025-01-17 11:39:02,ARL-HX _ BE200BE1750x Connect BT Headset no sound
934388,WIKO,NEC,title_brand_mismatch,"Huaqin Technology Co., Ltd",WIKO,2025-01-17 02:06:52,[WIKO][HUAQIN][NiceI][Intel RPL-R][Intel AX201][BT][Win11 24H2]Bluetooth devices will disconnect automatically in ten seconds after connected.
934281,WIKO,NEC,title_brand_mismatch,"Huaqin Technology Co., Ltd",WIKO,2025-01-16 09:28:34,[WIKO][HUAQIN][NiceI][Intel RPL-R][Intel AX201][BT][Win11 24H2]The bluetooth headset can not reconnect automatically after reopen bluetooth switch.
934228,SAMSUNG,NEC,title_brand_mismatch,"SAMSUNG ELECTRONICS CO., LTD.",Samsung,2025-01-16 07:19:24,[Venus5-16 LNL][FmP2] Buds3 is disconnected several times during watching youtube
932716,LENOVO,NEC,title_brand_mismatch,Lenovo (Beijing) Limited,Lenovo - IdeaPad,2025-01-08 09:12:32,"[S790_15_LNL_OLED]The connected BT devices have no function and unit can not find other BT devices.(F/R:1/2units,5/10cycles)"
931215,LENOVO,NEC,title_brand_mismatch,Lenovo (Beijing) Limited,Lenovo - Desktop,2024-12-30 06:12:44,[P3 Ultra Gen2-BE200-Hide the SSID in 6g WPA3 mode. The hidden network cannot be connected[23.100.0.4]
930078,TOSHIBA,NEC,title_brand_mismatch,Dynabook Inc.,Dynabook Inc,2024-12-20 11:32:14,[Dynabook][ARL]WLAN YB and BT lost occurred after reboot PC with AP connected
929133,LENOVO,NEC,title_brand_mismatch,Lenovo (Beijing) Limited,Lenovo - ThinkPad JP,2024-12-17 05:49:20,"Application error with Event ID 1000 ""IntelConnectivityNetworkService.exe"", found after F11 LAN Reset"
928087,DELL,NEC,title_brand_mismatch,WISTRON CORPORATION,Dell,2024-12-11 07:33:00,[Oasis13][RPL]Latitude 7340 Wi-Fi packet lost when VGA monitor is connected through HDMI-VGA Dongle(DPN HVG6H)
927701,LENOVO,NEC,title_brand_mismatch,SINGAPORE MOE,Lenovo - ThinkPad JP,2024-12-10 11:12:26,Intel(R) Wi-Fi 6E AX211keep disconnecting
927671,TOSHIBA,NEC,title_brand_mismatch,Dynabook Inc.,Dynabook Inc,2024-12-10 09:41:50,"[Dynabook][WiFi] AX211(GfP2)+Win10 case, WiFi connection blocks during around 1min after OS booted."
926309,ASUS,NEC,title_brand_mismatch,INVENTEC CORPORATION,Asus,2024-12-04 10:14:49,[IEC][ARL][S5x06CA]Android OS will be disconnected after Bluetooth connection
925122,TOSHIBA,NEC,title_brand_mismatch,Dynabook Inc.,Dynabook Inc,2024-11-28 08:37:17,"[Dynabook][HLK]A crash with exception code 0xC0000409 occurred in process ""IntelConnect.exe"" during system PNP (disable and enable) test"
924238,DELL,NEC,title_brand_mismatch,WISTRON CORPORATION,Dell,2024-11-25 09:17:52,[Arwing ARL]connect to 2.4/5G WIFI first then we cant reach 6E WIFI on BE202
923067,LENOVO,NEC,title_brand_mismatch,Lenovo (Beijing) Limited,Lenovo - ThinkPad China,2024-11-19 20:18:22,P15 Gen 2 Intel AX210 - WLAN Driver Will Crash When Connecting to 6Ghz Network
922063,FUJITSU,NEC,title_brand_mismatch,Fujitsu Client Computing Limited (Lenovo/FCCL),Fujitsu,2024-11-14 07:57:12,Poor communication performance when connected with 11ax
920919,LENOVO,NEC,title_brand_mismatch,"COMPAL ELECTRONICS, INC.",Lenovo - IdeaPad,2024-11-11 02:11:49,[TB 14 G7+ IAH_mini FVT ] [BE200]Running MS stress tool SW/HW drips cannot meet spec 90% when WiFi connected Internet.
920889,TOSHIBA,NEC,title_brand_mismatch,Dynabook Inc.,Dynabook Inc,2024-11-09 09:04:18,[Dynabook][ICPS]BT device still shows connected status in ICPS after disconnecting it from BT settings
920518,WIKO,NEC,title_brand_mismatch,"Huaqin Technology Co., Ltd",Other - OEM,2024-11-07 08:19:44,[WIKO][HUAQIN][MarseilleH][Intel MTL][Intel AX201][WiFi][Win11]System will disconnect when system occur 4003 error.
920516,WIKO,XIAOMI,title_brand_mismatch,"Huaqin Technology Co., Ltd",Other - OEM,2024-11-07 08:17:51,[WIKO][HUAQIN][MarseilleH][Intel MTL][Intel AX201][WiFi][Win11]Play video very lag via Miracast to XiaomiTV.
918653,DELL,NEC,title_brand_mismatch,DELL U S A CORPORATION,Dell,2024-10-30 00:46:06,Tributo LNL with BE201(BT IOSF) Bluetooth device connection drop
917701,LENOVO,NEC,title_brand_mismatch,WISTRON CORPORATION,Lenovo - ThinkPad JP,2024-10-24 10:51:54,"[Cheetah-3]:The EUT cant connect the WPA2-Enterprise(EAP-TLS) Wi-Fi in the Wi-Fi Configuration menu.(FR:2/2 units,10/10 trials)"
916498,LENOVO,NEC,title_brand_mismatch,LENOVO COMPAL FUTURE CENTER,Lenovo - IdeaPad,2024-10-18 10:47:48,BLE headset show disconnect after change the sound mode from recording to playback
914865,FUJITSU,NEC,title_brand_mismatch,Fujitsu Client Computing Limited (Lenovo/FCCL),Fujitsu,2024-10-11 11:11:47,Disconnected from AP for 1 minute after PC startup
914585,SAMSUNG,NEC,title_brand_mismatch,"SAMSUNG ELECTRONICS CO., LTD.",Samsung,2024-10-10 05:19:57,[Venus5-16][FmP2] BT device is disconnected when leave 5~10 minute after sleep/shutdown
913678,CLEVO,NEC,title_brand_mismatch,CLEVO CO.,Other - OEM,2024-10-07 06:46:08,V255RNB2_AX211_K375S+M590_CANT_CONNECT
912274,LENOVO,NEC,title_brand_mismatch,Lenovo (Beijing) Limited,Lenovo - IdeaPad,2024-09-27 03:44:54,S990 cant connect TPlink WIFI7 AP with BE for 90% FR
910912,LENOVO,NEC,title_brand_mismatch,"COMPAL ELECTRONICS, INC.",Lenovo - IdeaPad,2024-09-23 07:27:51,Intel WLAN device show YB after connect to internal
908310,WIKO,NEC,title_brand_mismatch,"Huaqin Technology Co., Ltd",Other - OEM,2024-09-09 12:08:35,[WIKO][Huaqin][NiceG][Intel RPL][PVT][Intel AX201][WiFi][24H2]System will disconnect when system occur 4003 error.
908307,WIKO,XIAOMI,title_brand_mismatch,"Huaqin Technology Co., Ltd",Other - OEM,2024-09-09 11:58:10,[WIKO][Huaqin][NiceG][Intel RPL][PVT][Intel AX201][WiFi][24H2] Play video very lag via Miracast to XiaomiTV.
903676,GETAC,NEC,title_brand_mismatch,GETAC TECHNOLOGY CORPORATION,Getac,2024-08-20 04:18:02,Bluetooth LE Audio Offload function cannot remain functional after re-connected
901990,LENOVO,NEC,title_brand_mismatch,LENOVO COMPAL FUTURE CENTER,Lenovo - ThinkPad JP,2024-08-12 09:39:50,[MR2][ThinkPaid-JP][Win11 24H2][GM2.1][Network][BE200]EUT show one channel when connect to MLO
900676,SAMSUNG,NEC,title_brand_mismatch,"SAMSUNG ELECTRONICS CO., LTD.",Samsung,2024-08-06 07:00:08,[Mars4][GfP2][MTL] Video is not played after connecting Buds (LE Audio)
899317,TOSHIBA,NEC,title_brand_mismatch,Dynabook Inc.,Dynabook Inc,2024-07-30 09:55:20,"The system will pop up option ""Enter your user name and password"" when connecting AP with WPA3+TLS on Win11 24H2"
898408,DELL,NEC,title_brand_mismatch,DELL U S A CORPORATION,Dell,2024-07-25 03:00:46,AX211 | Wireless connection disconnected every 30 min When IPv6 network is ON
898398,SAMSUNG,NEC,title_brand_mismatch,"SAMSUNG ELECTRONICS CO., LTD.",Samsung,2024-07-25 02:29:29,[Kairos-14 ADL][GfP] WMP error after disconnecting right bud
896262,PANASONIC,NEC,title_brand_mismatch,Panasonic Connect,Panasonic,2024-07-15 23:50:08,[WiFi][QA]How to improve operation when disconnected from AP with status code 17
892503,TOSHIBA,NEC,title_brand_mismatch,Dynabook Inc.,Dynabook Inc,2024-06-29 08:38:18,[Dynabook]Sometimes the sound/video get stuck during playback when connecting by Miracast
892132,GIGABYTE,NEC,title_brand_mismatch,"COMPAL ELECTRONICS, INC.",Gigabyte,2024-06-27 08:09:48,[GBT] [RPL][AX211] Connect a bluetooth headset then found no recording device
890028,PANASONIC,NEC,title_brand_mismatch,Panasonic Connect,Panasonic,2024-06-18 07:48:58,[Bluetooth][HrP2][Re-open]BT is going slowly after some hour and then disconnection happens
887026,TOSHIBA,NEC,title_brand_mismatch,Dynabook Inc.,Dynabook Inc,2024-06-04 04:01:23,[Dynabook]BSOD occurs when PC resume from Hibernation with travel G4 adapter connected
886084,FUJITSU,NEC,title_brand_mismatch,Fujitsu Client Computing Limited (Lenovo/FCCL),Fujitsu,2024-05-29 11:09:24,Unable to connect to AP on 6GHz channel when SSID is hidden
885492,LENOVO,NEC,title_brand_mismatch,Lenovo (Beijing) Limited,Lenovo - IdeaPad,2024-05-27 07:53:07,only one connection with LE-audio headset
883967,ACER,NEC,title_brand_mismatch,ACER INCORPORATED,Acer,2024-05-20 09:40:55,ICPS-Wrong traffic interface while manually configure connecting path in ACM
882230,HP,NEC,title_brand_mismatch,HP Inc,HP,2024-05-10 19:42:49,(Copy Of 00869189) SIP121691 - 840 G10 / Win11 22H2 / Avtalat / NE/ PC US / AX211 random disconnect
881636,LENOVO,NEC,title_brand_mismatch,Lenovo (Beijing) Limited,Lenovo - ThinkPad China,2024-05-09 02:40:55,T16 Gen 1 - Intel AX211 Connection Dropping with Home router Arris TG4482A
879755,LENOVO,NEC,title_brand_mismatch,LENOVO COMPAL FUTURE CENTER,NEC,2024-04-29 06:13:52,[NEC][LCFC][TopaZ][FVT][Win11 24H2 Beta] Bluetooth - LEExtendedAdvertising (Development and Integration)
876536,XIAOMI,LENOVO,title_brand_mismatch,"Huaqin Technology Co., Ltd",Xiaomi,2024-04-15 03:25:03,[HQ][Lenovo][S790] all Units only when modifying the Country code for South Korea and Chile can search for 6G hotspotsother Country code fail
870504,LENOVO,NEC,title_brand_mismatch,"COMPAL ELECTRONICS, INC.",Lenovo - IdeaPad,2024-03-21 01:34:43,WLAN device show YB after connect to internal
869189,HP,NEC,title_brand_mismatch,HP Inc,HP,2024-03-14 16:45:38,SIP121691 - 840 G10 / Win11 22H2 / Avtalat / NE/ PC US / AX211 random disconnect
868467,PANASONIC,NEC,title_brand_mismatch,Panasonic Connect,Panasonic,2024-03-12 22:53:20,[Bluetooth][HrP2]BT is going slowly after some hour and then disconnection happens
867434,PANASONIC,NEC,title_brand_mismatch,Panasonic Connect,Panasonic,2024-03-07 06:42:43,[WiFi][Win 11 24H2][JfP2]WiFi is disconnected immediately when entering ModS state in AC mode
865833,ASUS,NEC,title_brand_mismatch,ASUSTEK COMPUTER INCORPORATION,Asus,2024-02-29 10:19:14,[Beta User][UX8406M][Gap]network disconnected
864236,LENOVO,NEC,title_brand_mismatch,SINGAPORE MOE,Lenovo - ThinkPad JP,2024-02-21 06:21:56,"[Intel/Commercial][External][Intel WIFI card AX201, AX210 & AX211] WIFI keep disconnecting / Roaming Aggressiveness"
864154,LENOVO,NEC,title_brand_mismatch,Lenovo (Beijing) Limited,Lenovo - ThinkPad JP,2024-02-21 01:06:40,[Jaguar-3][RPL][AX211] Wifi randomly disconnects
860647,PANASONIC,NEC,title_brand_mismatch,Panasonic Connect,Panasonic,2024-01-30 06:47:33,[WiFi]WiFi is disconnected immediately when entering ModS state in AC mode
855963,LENOVO,NEC,title_brand_mismatch,Lenovo (Beijing) Limited,Lenovo - ThinkPad JP,2024-01-10 23:48:57,BE200 WLAN can connect to WPA3 Enterprise with expired cert
855066,TOSHIBA,NEC,title_brand_mismatch,Dynabook Inc.,Dynabook Inc,2024-01-06 07:45:09,"[Dynabook]Controller information is ""Audio Kernel-Mode Proxy Unit Device"" when connected with LE audio headset"
853688,OTHER - OEM,NEC,title_brand_mismatch,AIstone,Other - OEM,2023-12-29 09:00:30,[TONGFANG][Meteor Lake H][GX] Bluetooth disconnected after resume from S4
852740,DELL,NEC,title_brand_mismatch,"COMPAL ELECTRONICS, INC.",Dell,2023-12-25 02:28:53,PIMS-258681 [Tributo LNL_EVT] Unable to Connect Phone via Bluetooth
852623,HP,NEC,title_brand_mismatch,QUANTA COMPUTER INC.,HP,2023-12-22 09:10:26,[Quanta][bnb][Rex][W11_23h2][GFP2-AX211]SIO2244813_The wireless ap auto disconnect after connected it about 5 mins.
848044,SAMSUNG,NEC,title_brand_mismatch,"SAMSUNG ELECTRONICS CO., LTD.",Samsung,2023-12-04 07:17:33,[Venus4-MTL][GfP2] BT earphone is not connected completely
847679,HP,NEC,title_brand_mismatch,INVENTEC CORPORATION,HP,2023-12-01 02:38:39,WiFi NDT Tool Connection Fail
846451,LENOVO,NEC,title_brand_mismatch,Lenovo (Beijing) Limited,Lenovo - Desktop,2023-11-27 02:23:50,Motorola Ready for disconnection
845986,LENOVO,NEC,title_brand_mismatch,LENOVO COMPAL FUTURE CENTER,NEC,2023-11-23 03:40:04,[LCFC][NEC][Citron][SOVP][Win11]system got 0x18b BSOD during Warm Boot stress test which is related with Intel BT
845448,DELL,HP,title_brand_mismatch,WISTRON CORPORATION,Dell,2023-11-21 08:04:04,Intel BE200 & BE202 Initial Throughput limit
845439,"FOXCONN TECHNOLOGY CO., LTD.",HP,title_brand_mismatch,"FOXCONN TECHNOLOGY CO., LTD.","FOXCONN TECHNOLOGY CO., LTD.",2023-11-20 23:36:00,"[HP][Foxconn][RPL-S Refresh][GaP2-BE200]BSE 0x9f with ""DRIVER POWER STATE FAILURE"" occurred when idle in OS for several minutes with PCIe add-on card."
845195,"COMPAL ELECTRONICS, INC.",ASUS|NEC,title_brand_mismatch,"COMPAL ELECTRONICS, INC.","COMPAL ELECTRONICS, INC.",2023-11-20 02:50:00,[RPL U/U Refresh][ASUS A32/A34]fail to connect WPA2 WIFI AP
844252,HP,NEC,title_brand_mismatch,HP Inc,HP,2023-11-15 19:31:53,SIP120269 - EliteBook 840 G8/UAE/Windows 11 21H2/WIFI disconnection
843735,PEGATRON CORPORATION,ASUS,title_brand_mismatch,Pegatron Corporation,Pegatron Corporation,2023-11-14 01:46:00,[ASUS][Commercial][B5404CMA] vPro CPU + BE200 can not enter MS
842655,LENOVO,NEC,title_brand_mismatch,Lenovo (Beijing) Limited,Lenovo - Desktop,2023-11-09 02:49:08,PC cant connect with Motorola Phone by P2P mode
841726,TOSHIBA,NEC,title_brand_mismatch,Dynabook Inc.,Dynabook Inc,2023-11-06 05:42:21,[Dynabook][MTL-H][Win11][WW47-48WS][PreWork]cannot reconnect to BT LE headset by clicking headset right earbud
841081,OTHER - OEM,NEC,title_brand_mismatch,"COMPAL ELECTRONICS, INC.",Other - OEM,2023-11-02 02:21:48,[Compal][JQX50][LNL Platform]WLAN sometimes yellow bang & BT could detect devices but could not connect
840812,TOSHIBA,NEC,title_brand_mismatch,Dynabook Inc.,Dynabook Inc,2023-11-01 02:11:56,[Dynabook][MTL-H][Win11][WW47-48WS][PreWork]Start Menu show 2 ICPS Apps after connecting to Internet about 20 minutes
840735,ASUS,NEC,title_brand_mismatch,ASUSTEK COMPUTER INCORPORATION,Asus,2023-10-31 15:37:09,(Copy Of 00834136) WiFi disconnected when running YouTube live streaming and CPU burn-in test
838546,DELL,HP,title_brand_mismatch,"COMPAL ELECTRONICS, INC.",Dell,2023-10-20 09:43:22,Killer1750x has 6E band throughput issue in 6E 160M CH197 ATT90 RX Fail conductive test in SPORTON lab
836298,LENOVO,NEC,title_brand_mismatch,Lenovo (Beijing) Limited,Lenovo - ThinkPad JP,2023-10-13 04:07:16,[AX211][RPL] Wifi suddenly disconnects during roaming transition
834577,ASUS,NEC,title_brand_mismatch,ASUSTEK COMPUTER INCORPORATION,Asus,2023-10-04 06:50:04,[ASUC_CCBU][B3302CEA][AX201][22.240.0.6] Cant connect with some 5G WIFI access
833891,WISTRON CORPORATION,LENOVO,title_brand_mismatch,WISTRON CORPORATION,WISTRON CORPORATION,2023-09-28 02:12:00,[Lenovo][Wistron][RPL-R][DT]Intel AX211 WiFi Card has Yellow Bang
833593,ACER,HP,title_brand_mismatch,ACER INCORPORATED,Acer,2023-09-27 06:34:31,WiFi 7 throughput abnormal
832516,ASUS,NEC,title_brand_mismatch,ASUSTEK COMPUTER INCORPORATION,Asus,2023-09-22 02:14:17,System not able to fully enter sleep when connect ROG Gladius III mouse
832561,PEGATRON CORPORATION,ASUS|HP,title_brand_mismatch,Pegatron Corporation,Pegatron Corporation,2023-09-21 21:13:00,[ASUS][B3404/3604/5404/5604CMA][BE200 QS]WIFI 7 Max TX Throughput issue
831971,ASUS,NEC,title_brand_mismatch,ASUSTEK COMPUTER INCORPORATION,Asus,2023-09-20 08:32:50,[ASUC_CCBU][B3302CEA][AX201][22.240.0.6] Can not connect with NTF 5G network.
832137,"COMPAL ELECTRONICS, INC.",LENOVO,title_brand_mismatch,"COMPAL ELECTRONICS, INC.","COMPAL ELECTRONICS, INC.",2023-09-20 06:06:00,"[Lenovo] [Compal][TB 16 Gen6+ IMH][Meteor Lake] [AX211][Win11][F/R:18/39u, 79/3,900c]Stress_Wifi WB System show wifi ping test fail."
831669,PANASONIC,NEC,title_brand_mismatch,Panasonic Connect,Panasonic,2023-09-19 07:47:19,[WiFi]Unable to connect to AP with default settings
829437,LENOVO,NEC,title_brand_mismatch,"COMPAL ELECTRONICS, INC.",Lenovo - IdeaPad,2023-09-11 02:30:48,System only show connected to Microphone but w/o audio after paired BT headset
829201,XIAOMI,NEC,title_brand_mismatch,XIAOMI CORPORATION,Xiaomi,2023-09-08 05:09:01,[MIUI+][AX203]ble connection failed
828851,XIAOMI,NEC,title_brand_mismatch,XIAOMI CORPORATION,Xiaomi,2023-09-07 03:43:13,[MIUI+][AX211]PC abnormally disconnected from mobile phone hotspot
828495,QUANTA COMPUTER INC.,ACER,title_brand_mismatch,QUANTA COMPUTER INC.,QUANTA COMPUTER INC.,2023-09-06 00:59:00,[Acer][Quanta][RPL-R] Failed to use Intel ANT tool on Intel Wi-Fi7 BE200
827930,SAMSUNG,NEC,title_brand_mismatch,"SAMSUNG ELECTRONICS CO., LTD.",Samsung,2023-09-04 07:09:15,"[Win11][GfP2] Only mic is connected with BT earphone, not audio after windows update"
827401,ASUS,NEC,title_brand_mismatch,ASUSTEK COMPUTER INCORPORATION,Asus,2023-08-31 10:13:45,[UX3405MA][LE Audio]Gaxaly buds pro cannot disconnect
827332,"COMPAL ELECTRONICS, INC.",LENOVO|NEC,title_brand_mismatch,"COMPAL ELECTRONICS, INC.","COMPAL ELECTRONICS, INC.",2023-08-31 00:58:00,[Lenovo_AIO][Compal][A390][Raptor Lake-H]The unit show BSOD(0x1e) after connecting to a mobile hotspot and Bluetooth devices.
826286,WISTRON CORPORATION,DELL,title_brand_mismatch,WISTRON CORPORATION,WISTRON CORPORATION,2023-08-27 20:07:00,[Dell][Wistron] WLAN v23.0.0.18 show YB on Odin MLK RPL(AX211)
819784,PEGATRON CORPORATION,ASUS|HP,title_brand_mismatch,Pegatron Corporation,Pegatron Corporation,2023-07-30 23:48:00,[ASUS][B3404/3604/5404/5604CMA][BE200]WIFI 7 Max Throughput issue
818545,WISTRON CORPORATION,DELL,title_brand_mismatch,WISTRON CORPORATION,WISTRON CORPORATION,2023-07-24 19:51:00,[Dell][Wistron][RPL S Refresh]WiAMT can't be accessed when disable WLAN driver
815237,PEGATRON CORPORATION,ASUS,title_brand_mismatch,Pegatron Corporation,Pegatron Corporation,2023-07-10 19:58:00,[ASUS][PEGATRON][Meteor Lake-U/H][B3404CMA] CITU test fail
813237,FUJITSU,NEC,title_brand_mismatch,Fujitsu Client Computing Limited (Lenovo/FCCL),Fujitsu,2023-06-30 11:00:41,Cannot connect with WPA3-Personal (H2E) on JfP2
812257,QUANTA COMPUTER INC.,NEC,title_brand_mismatch,QUANTA COMPUTER INC.,QUANTA COMPUTER INC.,2023-06-27 00:31:00,[RPL-H][Sportage_RTH][OS:22621] widi will auto disconnect within 5 seconds when resume from S3/S4/S5
812081,"HUAQIN TECHNOLOGY CO., LTD",LENOVO,title_brand_mismatch,"Huaqin Technology Co., Ltd","Huaqin Technology Co., Ltd",2023-06-26 08:38:00,[Lenovo][Huaqin][S790-14 Pro][AX203][22H2][100%]cannot test by using CITU
811193,LENOVO,NEC,title_brand_mismatch,LENOVO COMPAL FUTURE CENTER,NEC,2023-06-20 12:21:47,[NEC_IdeaPad][LCFC][NECS380][SIT][Win11/Win10] Intel Bluetooth (AX203) show Yellow Bang during Modern Standby stress test
807779,DELL,NEC,title_brand_mismatch,WISTRON CORPORATION,Dell,2023-06-05 10:03:23,D13.5 Dolphin V MLK2 cant connect DRTU (22.235.04)
805557,HP,NEC,title_brand_mismatch,HP Inc,HP,2023-05-24 14:59:45,[3LS] SIP117708 - 840 G8 / Win 10 21h2 / Flydubai / PC US / Wireless disconnect
804363,HP,NEC,title_brand_mismatch,HP Inc,HP,2023-05-18 17:42:46,SIP117708 - 840 G8 / Win 10 21h2 / Flydubai / ISE / PC US / Wireless disconnect issue
802973,LENOVO,NEC,title_brand_mismatch,LENOVO COMPAL FUTURE CENTER,Lenovo - IdeaPad,2023-05-12 01:44:43,"[Y560A+A AMD]Unit disconnect AP without choose ""connect automatically"" overnight"
800497,OTHER - OEM,NEC,title_brand_mismatch,"COMPAL ELECTRONICS, INC.",Other - OEM,2023-05-02 01:27:47,BE200 connect to Wi-Fi 6E
799096,CLEVO,NEC,title_brand_mismatch,CLEVO CO.,Clevo,2023-04-24 07:40:42,youtube MV show error after S3/S4 resume with BT earphone connected.
797804,SAMSUNG,NEC,title_brand_mismatch,"SAMSUNG ELECTRONICS CO., LTD.",Samsung,2023-04-19 02:00:59,Sound doesnt come out from the connected BT speaker
797571,LENOVO,NEC,title_brand_mismatch,LENOVO COMPAL FUTURE CENTER,Lenovo - IdeaPad,2023-04-18 04:59:02,[Y760S AMD][Intel Killer1650x & AX200]Unit B has no internet after connecting un
795689,WISTRON CORPORATION,DELL,title_brand_mismatch,WISTRON CORPORATION,WISTRON CORPORATION,2023-04-10 04:20:00,[Dell][Wistron][MTL-H][Odin] Wireless CITU tool install fail
794086,WISTRON CORPORATION,HP,title_brand_mismatch,WISTRON CORPORATION,WISTRON CORPORATION,2023-03-30 02:45:00,[HP][Wistron][Tuffy] Wake on WLAN function test fail in AX211 module
792875,GETAC,HP,title_brand_mismatch,GETAC TECHNOLOGY CORPORATION,Getac,2023-03-24 08:06:12,Ax211 BT throughput Tx/Rx performance is low
791133,HP,NEC,title_brand_mismatch,HP Inc,HP,2023-03-16 00:20:58,SIP116265 - x360 1040 G9 / Win 10 21H2 / MSB / NE / PC US / AX211 loses connect
787273,LENOVO,NEC,title_brand_mismatch,Lenovo (Beijing) Limited,Lenovo - ThinkPad China,2023-02-28 01:47:29,T14s Gen1a with Intel AX201 -  WiFi disconnects when roaming from 40 to 80MHz AP
786636,"COMPAL ELECTRONICS, INC.",DELL,title_brand_mismatch,"COMPAL ELECTRONICS, INC.","COMPAL ELECTRONICS, INC.",2023-02-22 21:05:00,[Dell_Axiom ADL]SUT can?t search WIFI6E AP in WIFI setting list for JP country.
785849,HUAWEI,NEC,title_brand_mismatch,"Huaqin Technology Co., Ltd",Huawei,2023-02-20 07:44:05,[HUAQIN][NB3757C][22621.1194][Win11][RPL][BT]The bluetooth headset can not reconnect when close to computer.
784552,"COMPAL ELECTRONICS, INC.",HP,title_brand_mismatch,"COMPAL ELECTRONICS, INC.","COMPAL ELECTRONICS, INC.",2023-02-13 01:12:00,[HP] - SIO2160897 [SIT][FIT-COMM][RPL_H][RPL_HX][INT] Occurred lag/interrupt/echo/zizi noise from BT earphone during Zoom call
784551,WISTRON CORPORATION,NEC,title_brand_mismatch,WISTRON CORPORATION,WISTRON CORPORATION,2023-02-13 01:12:00,[Thinkpad L13-G3][DOA][AX201]wifi disconnected randomly in customer environment
784399,INVENTEC CORPORATION,HP|NEC,title_brand_mismatch,INVENTEC CORPORATION,INVENTEC CORPORATION,2023-02-10 19:02:00,[HP][IEC] - [Baymax][MTL][GFP2-AX211][Win11 22621.963] - BT driver will become unknown device and WLAN will YB in DM after connected BT headset
784216,QUANTA COMPUTER INC.,HP,title_brand_mismatch,QUANTA COMPUTER INC.,QUANTA COMPUTER INC.,2023-02-09 22:31:00,[HP][Quanta]-[Willie][MTL][AX211][Win11 22H2]WiFi device YB with CPU C10 enabled
782720,WISTRON CORPORATION,ACER,title_brand_mismatch,WISTRON CORPORATION,WISTRON CORPORATION,2023-02-05 02:16:00,[Acer_Ape][RPL-U] [AX211] System auto wake from Sleep to S4 path every 5 minutes
782584,QUANTA COMPUTER INC.,NEC,title_brand_mismatch,QUANTA COMPUTER INC.,QUANTA COMPUTER INC.,2023-02-03 03:10:00,Intel 1690i network card cannot connect to two networks at the same time
782493,WISTRON CORPORATION,DELL,title_brand_mismatch,WISTRON CORPORATION,WISTRON CORPORATION,2023-02-02 23:08:00,"[Dell][Wistron][Odin ADL]The dell pair will not pop up the pairing information, it will be normal only after BT turn off / on."
782264,"COMPAL ELECTRONICS, INC.",DELL,title_brand_mismatch,"COMPAL ELECTRONICS, INC.","COMPAL ELECTRONICS, INC.",2023-02-02 02:01:00,[Dell_TGL_Montreux]The dell pair will not pop up the pairing information when just been installed without restarted
781788,"COMPAL ELECTRONICS, INC.",LENOVO,title_brand_mismatch,"COMPAL ELECTRONICS, INC.","COMPAL ELECTRONICS, INC.",2023-02-01 00:57:00,"[Lenovo-Ideapad][Compal][S580-14&16 IRL H45 SIT] AX211:Unit show ""No WI-FI network found"" in action center.(F/R:1/2)"
781730,QUANTA COMPUTER INC.,HP,title_brand_mismatch,QUANTA COMPUTER INC.,QUANTA COMPUTER INC.,2023-01-31 23:28:00,HP_bnb_Iaso_The NFC mouse doesn't work after turn on NFC and Bluetooth with Airplane mode on.(Intel AX211)(SIO2168560)
781578,QUANTA COMPUTER INC.,HP,title_brand_mismatch,QUANTA COMPUTER INC.,QUANTA COMPUTER INC.,2023-01-31 19:18:00,HP_bnb_Iaso_No sound output from Poly BT Headset when playing online music and pairing Poly BT headset.(Intel AX211)(SIO2168824)
781553,"HUAQIN TECHNOLOGY CO., LTD",HONOR,title_brand_mismatch,"Huaqin Technology Co., Ltd","Huaqin Technology Co., Ltd",2023-01-31 18:20:00,[Honor][HUAQIN][Born&fermiG][Intel RPL][Intel AX201][BT]The Bluetooth file transfer rate is lower than 120KB/s
781420,QUANTA COMPUTER INC.,HP|NEC,title_brand_mismatch,QUANTA COMPUTER INC.,QUANTA COMPUTER INC.,2023-01-31 03:07:00,"HP_bnb_Iaso_Win11_Wifi list show ""No wifi networks found"" when connecting wifi 6G and playing online video about 2 hours.(AX211)(SIO2168454)"
780890,INVENTEC CORPORATION,HP|NEC,title_brand_mismatch,INVENTEC CORPORATION,INVENTEC CORPORATION,2023-01-29 22:57:00,[HP][IEC] - SIO2165868 - [Medusa][RPL][GFP2-AX211][Win11 22621.963]Poly headset cannot automatically connect after disconnecting the Bluetooth connection and reopening the Bluetooth.
780866,"HUAQIN TECHNOLOGY CO., LTD",ASUS,title_brand_mismatch,"Huaqin Technology Co., Ltd","Huaqin Technology Co., Ltd",2023-01-29 21:44:00,[ASUS Huqain] AX211 BIOS TAS setting
780865,QUANTA COMPUTER INC.,HONOR,title_brand_mismatch,QUANTA COMPUTER INC.,QUANTA COMPUTER INC.,2023-01-29 21:31:00,"[Honor][Quanta][9R1B][GalileoG][AX201][22H2][BT][91013] The file transfer is abnormal, some files cannot be transferred or the long file name cannot be transferred successfully"
779382,"COMPAL ELECTRONICS, INC.",HP|NEC,title_brand_mismatch,"COMPAL ELECTRONICS, INC.","COMPAL ELECTRONICS, INC.",2023-01-18 04:06:00,"[HP] - SIO2166367 - [SIT][FIT-COMM][RPL][INT] The BT headset just show ""Connected voice"" in PC setting and show ""Hands-Free"" in sound output list after reconnect it during ZOOM video call"
779329,"HUAQIN TECHNOLOGY CO., LTD",ASUS,title_brand_mismatch,"Huaqin Technology Co., Ltd","Huaqin Technology Co., Ltd",2023-01-18 00:37:00,[Huaqin][ASUS_TP3402VA][RPL_H45][Win11 21H2]Bsod occurred 0x5c with memory dump point to AX211 BT related
778542,"HUAQIN TECHNOLOGY CO., LTD",ASUS,title_brand_mismatch,"Huaqin Technology Co., Ltd","Huaqin Technology Co., Ltd",2023-01-14 01:46:00,[Huaqin][ASUS][UP3404VA-RPL-P]Intel AX211 BT show YB during S4 Stress test(F/R:1/1 PC ?1/900 cycles)
777804,"COMPAL ELECTRONICS, INC.",HP,title_brand_mismatch,"COMPAL ELECTRONICS, INC.","COMPAL ELECTRONICS, INC.",2023-01-11 04:45:00,[HP] - SIO2166375 - [SIT][FIT-COMM][RPL][INT] BSOD 0X9F occurred after BT no response and then restart
777793,WISTRON CORPORATION,ASUS,title_brand_mismatch,WISTRON CORPORATION,WISTRON CORPORATION,2023-01-11 03:49:00,[ASUS][Wistron]D700ME RPL-S CITU marginal test fail on Wlan 9462 card
777770,"COMPAL ELECTRONICS, INC.",DELL,title_brand_mismatch,"COMPAL ELECTRONICS, INC.","COMPAL ELECTRONICS, INC.",2023-01-11 02:24:00,[Dell/Compal][MayaBayRPL]System occur will BSOD_INTERNAL_POWER_ERROR (a0) after do S4
777674,"COMPAL ELECTRONICS, INC.",HP,title_brand_mismatch,"COMPAL ELECTRONICS, INC.","COMPAL ELECTRONICS, INC.",2023-01-10 23:06:00,[HP] - SIO2161586 - [SIT][FIT-COMM][RPL-U][INT] The bluetooth button has no function when click BT button in PC setting and sys-tray during video call
777623,"COMPAL ELECTRONICS, INC.",DELL,title_brand_mismatch,"COMPAL ELECTRONICS, INC.","COMPAL ELECTRONICS, INC.",2023-01-10 21:38:00,[Dell_Galio_Intel] Killer WLAN can't enter D3 mode when PHM test.
776850,"HUAQIN TECHNOLOGY CO., LTD",ASUS,title_brand_mismatch,"Huaqin Technology Co., Ltd","Huaqin Technology Co., Ltd",2023-01-08 18:01:00,"?ASUS??UX3404?Use Ant tool to check TAS function, the TAS state is invalid"
776810,"COMPAL ELECTRONICS, INC.",DELL,title_brand_mismatch,"COMPAL ELECTRONICS, INC.","COMPAL ELECTRONICS, INC.",2023-01-07 02:48:00,[Dell\Compal] [MayaBay] Stress_MS_ BSOD_ SYSTEM_SERVICE_ EXCEPTION (code:3B) (w/ dump)
776225,"COMPAL ELECTRONICS, INC.",DELL,title_brand_mismatch,"COMPAL ELECTRONICS, INC.","COMPAL ELECTRONICS, INC.",2023-01-04 21:37:00,[Dell/Compal]Mayabay RPL_HLK_FAIL_System - Sleep with IO Before and After (Reliability SysFund)
775881,"COMPAL ELECTRONICS, INC.",HP,title_brand_mismatch,"COMPAL ELECTRONICS, INC.","COMPAL ELECTRONICS, INC.",2023-01-03 20:24:00,"(Copy Of 00775162) [HP] - SIO2163876 - [SIT][WPVT][RPL-U][Win11]Blackscreen without backlit (with Bugcheck 0x9F,point at ""BTHport.sys"") occurred as running Winpvt- Hibernation Focus + AC/DC Cycling test."
775459,"HUAQIN TECHNOLOGY CO., LTD",HONOR,title_brand_mismatch,"Huaqin Technology Co., Ltd","Huaqin Technology Co., Ltd",2023-01-01 08:45:00,[Honor][HUAQIN][Born&fermiG][Intel RPL][Intel AX201][BT]The Bluetooth file transfer rate is lower than 120KB/s
775162,"COMPAL ELECTRONICS, INC.",HP,title_brand_mismatch,NA,"COMPAL ELECTRONICS, INC.",2022-12-29 01:36:00,"[HP] - SIO2163876 - [SIT][WPVT][RPL-U][Win11]Blackscreen without backlit (with Bugcheck 0x9F,point at ""BTHport.sys"") occurred as running Winpvt- Hibernation Focus + AC/DC Cycling test."
775162,"COMPAL ELECTRONICS, INC.",HP,title_brand_mismatch,NA,"COMPAL ELECTRONICS, INC.",2022-12-29 01:36:00,"[HP] - SIO2163876 - [SIT][WPVT][RPL-U][Win11]Blackscreen without backlit (with Bugcheck 0x9F,point at ""BTHport.sys"") occurred as running Winpvt- Hibernation Focus + AC/DC Cycling test."
775162,"COMPAL ELECTRONICS, INC.",HP,title_brand_mismatch,NA,"COMPAL ELECTRONICS, INC.",2022-12-29 01:36:00,"[HP] - SIO2163876 - [SIT][WPVT][RPL-U][Win11]Blackscreen without backlit (with Bugcheck 0x9F,point at ""BTHport.sys"") occurred as running Winpvt- Hibernation Focus + AC/DC Cycling test."
774784,LENOVO,NEC,title_brand_mismatch,NA,Lenovo (Beijing) Limited,2022-12-27 08:40:00,[Jaguar3][Gfp2] Machine cannot connect to Wireless Display (FR:10/10 trials)
774784,LENOVO,NEC,title_brand_mismatch,NA,Lenovo (Beijing) Limited,2022-12-27 08:40:00,[Jaguar3][Gfp2] Machine cannot connect to Wireless Display (FR:10/10 trials)
774784,LENOVO,NEC,title_brand_mismatch,NA,Lenovo (Beijing) Limited,2022-12-27 08:40:00,[Jaguar3][Gfp2] Machine cannot connect to Wireless Display (FR:10/10 trials)
774179,"COMPAL ELECTRONICS, INC.",DELL,title_brand_mismatch,NA,"COMPAL ELECTRONICS, INC.",2022-12-22 19:51:00,[Dell/Compal]Mayabay RPL_HLK_FAIL_Bluetooth - SupportsBluetooth21AndEdr (Development and Integration)
774179,"COMPAL ELECTRONICS, INC.",DELL,title_brand_mismatch,NA,"COMPAL ELECTRONICS, INC.",2022-12-22 19:51:00,[Dell/Compal]Mayabay RPL_HLK_FAIL_Bluetooth - SupportsBluetooth21AndEdr (Development and Integration)
774179,"COMPAL ELECTRONICS, INC.",DELL,title_brand_mismatch,NA,"COMPAL ELECTRONICS, INC.",2022-12-22 19:51:00,[Dell/Compal]Mayabay RPL_HLK_FAIL_Bluetooth - SupportsBluetooth21AndEdr (Development and Integration)
774175,"COMPAL ELECTRONICS, INC.",DELL,title_brand_mismatch,NA,"COMPAL ELECTRONICS, INC.",2022-12-22 19:37:00,[Dell/Compal]Mayabay RPL_HLK_FAIL_Bluetooth - NonUsbScoSupport (Development and Integration)
774175,"COMPAL ELECTRONICS, INC.",DELL,title_brand_mismatch,NA,"COMPAL ELECTRONICS, INC.",2022-12-22 19:37:00,[Dell/Compal]Mayabay RPL_HLK_FAIL_Bluetooth - NonUsbScoSupport (Development and Integration)
774175,"COMPAL ELECTRONICS, INC.",DELL,title_brand_mismatch,NA,"COMPAL ELECTRONICS, INC.",2022-12-22 19:37:00,[Dell/Compal]Mayabay RPL_HLK_FAIL_Bluetooth - NonUsbScoSupport (Development and Integration)
774172,"COMPAL ELECTRONICS, INC.",DELL,title_brand_mismatch,NA,"COMPAL ELECTRONICS, INC.",2022-12-22 19:29:00,[Dell/Compal]Mayabay RPL_HLK_FAIL_Bluetooth - LEExtendedAdvertising (Development and Integration)
774172,"COMPAL ELECTRONICS, INC.",DELL,title_brand_mismatch,NA,"COMPAL ELECTRONICS, INC.",2022-12-22 19:29:00,[Dell/Compal]Mayabay RPL_HLK_FAIL_Bluetooth - LEExtendedAdvertising (Development and Integration)
774172,"COMPAL ELECTRONICS, INC.",DELL,title_brand_mismatch,NA,"COMPAL ELECTRONICS, INC.",2022-12-22 19:29:00,[Dell/Compal]Mayabay RPL_HLK_FAIL_Bluetooth - LEExtendedAdvertising (Development and Integration)
774161,"COMPAL ELECTRONICS, INC.",DELL,title_brand_mismatch,NA,"COMPAL ELECTRONICS, INC.",2022-12-22 18:48:00,[Dell/Compal]Mayabay RPL_HLK_FAIL_Bluetooth - HciExtensions (Development and Integration)
774161,"COMPAL ELECTRONICS, INC.",DELL,title_brand_mismatch,NA,"COMPAL ELECTRONICS, INC.",2022-12-22 18:48:00,[Dell/Compal]Mayabay RPL_HLK_FAIL_Bluetooth - HciExtensions (Development and Integration)
774161,"COMPAL ELECTRONICS, INC.",DELL,title_brand_mismatch,NA,"COMPAL ELECTRONICS, INC.",2022-12-22 18:48:00,[Dell/Compal]Mayabay RPL_HLK_FAIL_Bluetooth - HciExtensions (Development and Integration)
774159,"COMPAL ELECTRONICS, INC.",DELL,title_brand_mismatch,NA,"COMPAL ELECTRONICS, INC.",2022-12-22 18:41:00,[Dell/Compal][Mayabay RPL_HLK_FAIL_Bluetooth - 4LeSpecification (Development and Integration)
774159,"COMPAL ELECTRONICS, INC.",DELL,title_brand_mismatch,NA,"COMPAL ELECTRONICS, INC.",2022-12-22 18:41:00,[Dell/Compal][Mayabay RPL_HLK_FAIL_Bluetooth - 4LeSpecification (Development and Integration)
774159,"COMPAL ELECTRONICS, INC.",DELL,title_brand_mismatch,NA,"COMPAL ELECTRONICS, INC.",2022-12-22 18:41:00,[Dell/Compal][Mayabay RPL_HLK_FAIL_Bluetooth - 4LeSpecification (Development and Integration)
774155,"COMPAL ELECTRONICS, INC.",DELL,title_brand_mismatch,NA,"COMPAL ELECTRONICS, INC.",2022-12-22 18:27:00,[Dell/Compal]Mayabay RPL_HLK_FAIL_Bluetooth - SimultaneousBrEdrAndLeTraffic (Development and Integration)
774155,"COMPAL ELECTRONICS, INC.",DELL,title_brand_mismatch,NA,"COMPAL ELECTRONICS, INC.",2022-12-22 18:27:00,[Dell/Compal]Mayabay RPL_HLK_FAIL_Bluetooth - SimultaneousBrEdrAndLeTraffic (Development and Integration)
774155,"COMPAL ELECTRONICS, INC.",DELL,title_brand_mismatch,NA,"COMPAL ELECTRONICS, INC.",2022-12-22 18:27:00,[Dell/Compal]Mayabay RPL_HLK_FAIL_Bluetooth - SimultaneousBrEdrAndLeTraffic (Development and Integration)
774151,"COMPAL ELECTRONICS, INC.",DELL,title_brand_mismatch,NA,"COMPAL ELECTRONICS, INC.",2022-12-22 18:12:00,[Dell/Compal]Mayabay RPL_HLK_FAIL_Bluetooth - 4LeSpecification (Reliability)
774151,"COMPAL ELECTRONICS, INC.",DELL,title_brand_mismatch,NA,"COMPAL ELECTRONICS, INC.",2022-12-22 18:12:00,[Dell/Compal]Mayabay RPL_HLK_FAIL_Bluetooth - 4LeSpecification (Reliability)
774151,"COMPAL ELECTRONICS, INC.",DELL,title_brand_mismatch,NA,"COMPAL ELECTRONICS, INC.",2022-12-22 18:12:00,[Dell/Compal]Mayabay RPL_HLK_FAIL_Bluetooth - 4LeSpecification (Reliability)
773353,"COMPAL ELECTRONICS, INC.",HP|NEC,title_brand_mismatch,NA,"COMPAL ELECTRONICS, INC.",2022-12-20 17:20:00,"[HP] - SIO2161559 - [SIT][FIT-COMM][RPL][INT] An error message ""Microphone is not working"" will pop up when video call via ZOOM/Microsoft Teams with BT headset connected"
773353,"COMPAL ELECTRONICS, INC.",HP|NEC,title_brand_mismatch,NA,"COMPAL ELECTRONICS, INC.",2022-12-20 17:20:00,"[HP] - SIO2161559 - [SIT][FIT-COMM][RPL][INT] An error message ""Microphone is not working"" will pop up when video call via ZOOM/Microsoft Teams with BT headset connected"
773353,"COMPAL ELECTRONICS, INC.",HP|NEC,title_brand_mismatch,NA,"COMPAL ELECTRONICS, INC.",2022-12-20 17:20:00,"[HP] - SIO2161559 - [SIT][FIT-COMM][RPL][INT] An error message ""Microphone is not working"" will pop up when video call via ZOOM/Microsoft Teams with BT headset connected"
772897,QUANTA COMPUTER INC.,HP,title_brand_mismatch,NA,QUANTA COMPUTER INC.,2022-12-19 00:58:00,[HP][Quanta][NB][WHQL][Roc][RPL][GFP2-AX211][W11]:Bluetooth - Audio - Source increase music volume with A2DP offload fail.
772897,QUANTA COMPUTER INC.,HP,title_brand_mismatch,NA,QUANTA COMPUTER INC.,2022-12-19 00:58:00,[HP][Quanta][NB][WHQL][Roc][RPL][GFP2-AX211][W11]:Bluetooth - Audio - Source increase music volume with A2DP offload fail.
772897,QUANTA COMPUTER INC.,HP,title_brand_mismatch,NA,QUANTA COMPUTER INC.,2022-12-19 00:58:00,[HP][Quanta][NB][WHQL][Roc][RPL][GFP2-AX211][W11]:Bluetooth - Audio - Source increase music volume with A2DP offload fail.
772891,QUANTA COMPUTER INC.,HP,title_brand_mismatch,NA,QUANTA COMPUTER INC.,2022-12-19 00:41:00,[HP][Quanta]-[Roku][RPL][GFP2-AX211][Win11 22H2 ]Could not remove BT speaker/headphone successfully.(Intel AX211)
772891,QUANTA COMPUTER INC.,HP,title_brand_mismatch,NA,QUANTA COMPUTER INC.,2022-12-19 00:41:00,[HP][Quanta]-[Roku][RPL][GFP2-AX211][Win11 22H2 ]Could not remove BT speaker/headphone successfully.(Intel AX211)
772891,QUANTA COMPUTER INC.,HP,title_brand_mismatch,NA,QUANTA COMPUTER INC.,2022-12-19 00:41:00,[HP][Quanta]-[Roku][RPL][GFP2-AX211][Win11 22H2 ]Could not remove BT speaker/headphone successfully.(Intel AX211)
772882,QUANTA COMPUTER INC.,ASUS,title_brand_mismatch,NA,QUANTA COMPUTER INC.,2022-12-19 00:15:00,[Asus][K3405_3605][ADL-P]Bluetooth - Audio - Voice interrupt music with A2DP offload
772882,QUANTA COMPUTER INC.,ASUS,title_brand_mismatch,NA,QUANTA COMPUTER INC.,2022-12-19 00:15:00,[Asus][K3405_3605][ADL-P]Bluetooth - Audio - Voice interrupt music with A2DP offload
772882,QUANTA COMPUTER INC.,ASUS,title_brand_mismatch,NA,QUANTA COMPUTER INC.,2022-12-19 00:15:00,[Asus][K3405_3605][ADL-P]Bluetooth - Audio - Voice interrupt music with A2DP offload
772852,QUANTA COMPUTER INC.,HP|NEC,title_brand_mismatch,NA,QUANTA COMPUTER INC.,2022-12-18 23:08:00,[HP][Quanta]-[Cybug][RPL][GFP2-AX211][Win11 22H2 ] - The online web page display audio driver has a problem after connect BT headset and BT speaker.(Intel AX211)
772852,QUANTA COMPUTER INC.,HP|NEC,title_brand_mismatch,NA,QUANTA COMPUTER INC.,2022-12-18 23:08:00,[HP][Quanta]-[Cybug][RPL][GFP2-AX211][Win11 22H2 ] - The online web page display audio driver has a problem after connect BT headset and BT speaker.(Intel AX211)
772852,QUANTA COMPUTER INC.,HP|NEC,title_brand_mismatch,NA,QUANTA COMPUTER INC.,2022-12-18 23:08:00,[HP][Quanta]-[Cybug][RPL][GFP2-AX211][Win11 22H2 ] - The online web page display audio driver has a problem after connect BT headset and BT speaker.(Intel AX211)
772841,"HUAQIN TECHNOLOGY CO., LTD",HONOR|NEC,title_brand_mismatch,NA,"Huaqin Technology Co., Ltd",2022-12-18 22:48:00,[Honor][HUAQIN][Born&fermiG][Intel RPL][Intel AX201][BT]The phone will pop the window twice when PC connect the phone by BT.
772841,"HUAQIN TECHNOLOGY CO., LTD",HONOR|NEC,title_brand_mismatch,NA,"Huaqin Technology Co., Ltd",2022-12-18 22:48:00,[Honor][HUAQIN][Born&fermiG][Intel RPL][Intel AX201][BT]The phone will pop the window twice when PC connect the phone by BT.
772841,"HUAQIN TECHNOLOGY CO., LTD",HONOR|NEC,title_brand_mismatch,NA,"Huaqin Technology Co., Ltd",2022-12-18 22:48:00,[Honor][HUAQIN][Born&fermiG][Intel RPL][Intel AX201][BT]The phone will pop the window twice when PC connect the phone by BT.
772838,QUANTA COMPUTER INC.,HP,title_brand_mismatch,NA,QUANTA COMPUTER INC.,2022-12-18 22:39:00,[HP][Quanta]-[Cybug][RPL][GFP2-AX211][Win11 22H2 ]Neither the internal speaker nor the BT headset/speaker could output the sound of local/online video after switching devices in the sound output list.(Intel AX211)
772838,QUANTA COMPUTER INC.,HP,title_brand_mismatch,NA,QUANTA COMPUTER INC.,2022-12-18 22:39:00,[HP][Quanta]-[Cybug][RPL][GFP2-AX211][Win11 22H2 ]Neither the internal speaker nor the BT headset/speaker could output the sound of local/online video after switching devices in the sound output list.(Intel AX211)
772838,QUANTA COMPUTER INC.,HP,title_brand_mismatch,NA,QUANTA COMPUTER INC.,2022-12-18 22:39:00,[HP][Quanta]-[Cybug][RPL][GFP2-AX211][Win11 22H2 ]Neither the internal speaker nor the BT headset/speaker could output the sound of local/online video after switching devices in the sound output list.(Intel AX211)
772804,QUANTA COMPUTER INC.,HP|NEC,title_brand_mismatch,NA,QUANTA COMPUTER INC.,2022-12-18 21:48:00,"[HP][Quanta]-[Cybug][RPL][GFP2-AX211][Win11 22H2 ] Local video can't play with error code ""0x8889000F/0xc00D36B4..."" pop up when connect BT Headset and BT Speaker.(Intel AX211)"
772804,QUANTA COMPUTER INC.,HP|NEC,title_brand_mismatch,NA,QUANTA COMPUTER INC.,2022-12-18 21:48:00,"[HP][Quanta]-[Cybug][RPL][GFP2-AX211][Win11 22H2 ] Local video can't play with error code ""0x8889000F/0xc00D36B4..."" pop up when connect BT Headset and BT Speaker.(Intel AX211)"
772804,QUANTA COMPUTER INC.,HP|NEC,title_brand_mismatch,NA,QUANTA COMPUTER INC.,2022-12-18 21:48:00,"[HP][Quanta]-[Cybug][RPL][GFP2-AX211][Win11 22H2 ] Local video can't play with error code ""0x8889000F/0xc00D36B4..."" pop up when connect BT Headset and BT Speaker.(Intel AX211)"
772802,QUANTA COMPUTER INC.,HP,title_brand_mismatch,NA,QUANTA COMPUTER INC.,2022-12-18 21:31:00,[HP][Quanta]-[Cybug][RPL][GFP2-AX211][Win11 22H2 ]Sound output list shows Speaker/ Headset Hands-Free and Speakers after successfu
772802,QUANTA COMPUTER INC.,HP,title_brand_mismatch,NA,QUANTA COMPUTER INC.,2022-12-18 21:31:00,[HP][Quanta]-[Cybug][RPL][GFP2-AX211][Win11 22H2 ]Sound output list shows Speaker/ Headset Hands-Free and Speakers after successfu
772802,QUANTA COMPUTER INC.,HP,title_brand_mismatch,NA,QUANTA COMPUTER INC.,2022-12-18 21:31:00,[HP][Quanta]-[Cybug][RPL][GFP2-AX211][Win11 22H2 ]Sound output list shows Speaker/ Headset Hands-Free and Speakers after successfu
772797,QUANTA COMPUTER INC.,HP,title_brand_mismatch,NA,QUANTA COMPUTER INC.,2022-12-18 21:06:00,[HP][Quanta]-[Roku][RPL][GFP2-AX211][Win11 22H2 ] Error: Device 'Intel Tile Device' with ID...removed...added occurred when run WinPVT11.9.0 Restart AP/LAN+AC/DC test.
772797,QUANTA COMPUTER INC.,HP,title_brand_mismatch,NA,QUANTA COMPUTER INC.,2022-12-18 21:06:00,[HP][Quanta]-[Roku][RPL][GFP2-AX211][Win11 22H2 ] Error: Device 'Intel Tile Device' with ID...removed...added occurred when run WinPVT11.9.0 Restart AP/LAN+AC/DC test.
772797,QUANTA COMPUTER INC.,HP,title_brand_mismatch,NA,QUANTA COMPUTER INC.,2022-12-18 21:06:00,[HP][Quanta]-[Roku][RPL][GFP2-AX211][Win11 22H2 ] Error: Device 'Intel Tile Device' with ID...removed...added occurred when run WinPVT11.9.0 Restart AP/LAN+AC/DC test.
772778,QUANTA COMPUTER INC.,HP|NEC,title_brand_mismatch,NA,QUANTA COMPUTER INC.,2022-12-18 19:17:00,[HP][Quanta][NB][Iaso][RPL-H][GFP2-AX211][W11v22621]Can't play video via Media Player/Movie&TV/WMP after connect BT Headset.
772778,QUANTA COMPUTER INC.,HP|NEC,title_brand_mismatch,NA,QUANTA COMPUTER INC.,2022-12-18 19:17:00,[HP][Quanta][NB][Iaso][RPL-H][GFP2-AX211][W11v22621]Can't play video via Media Player/Movie&TV/WMP after connect BT Headset.
772778,QUANTA COMPUTER INC.,HP|NEC,title_brand_mismatch,NA,QUANTA COMPUTER INC.,2022-12-18 19:17:00,[HP][Quanta][NB][Iaso][RPL-H][GFP2-AX211][W11v22621]Can't play video via Media Player/Movie&TV/WMP after connect BT Headset.
769917,QUANTA COMPUTER INC.,HP,title_brand_mismatch,NA,QUANTA COMPUTER INC.,2022-12-15 18:51:00,[HP][Quanta]-[Roku][RPL][GFP2-AX211][Win11 22H2 ]-Run Bluetooth - LEExtendedAdvertising (Development and Integration) item fail.
769917,QUANTA COMPUTER INC.,HP,title_brand_mismatch,NA,QUANTA COMPUTER INC.,2022-12-15 18:51:00,[HP][Quanta]-[Roku][RPL][GFP2-AX211][Win11 22H2 ]-Run Bluetooth - LEExtendedAdvertising (Development and Integration) item fail.
769917,QUANTA COMPUTER INC.,HP,title_brand_mismatch,NA,QUANTA COMPUTER INC.,2022-12-15 18:51:00,[HP][Quanta]-[Roku][RPL][GFP2-AX211][Win11 22H2 ]-Run Bluetooth - LEExtendedAdvertising (Development and Integration) item fail.
767100,WISTRON CORPORATION,DELL,title_brand_mismatch,NA,WISTRON CORPORATION,2022-12-13 00:39:00,[Dell][Aegis MLK]Lullaby Test Desktop fail when Bluetooth enable in 4G RAM SKU
767100,WISTRON CORPORATION,DELL,title_brand_mismatch,NA,WISTRON CORPORATION,2022-12-13 00:39:00,[Dell][Aegis MLK]Lullaby Test Desktop fail when Bluetooth enable in 4G RAM SKU
767100,WISTRON CORPORATION,DELL,title_brand_mismatch,NA,WISTRON CORPORATION,2022-12-13 00:39:00,[Dell][Aegis MLK]Lullaby Test Desktop fail when Bluetooth enable in 4G RAM SKU
764903,QUANTA COMPUTER INC.,HP,title_brand_mismatch,NA,QUANTA COMPUTER INC.,2022-12-12 19:39:00,[HP][Quanta][NB][Roc][RPL-P][GFP2-AX211][W11v22621]0x9F BSOD while run iPAS
764903,QUANTA COMPUTER INC.,HP,title_brand_mismatch,NA,QUANTA COMPUTER INC.,2022-12-12 19:39:00,[HP][Quanta][NB][Roc][RPL-P][GFP2-AX211][W11v22621]0x9F BSOD while run iPAS
764903,QUANTA COMPUTER INC.,HP,title_brand_mismatch,NA,QUANTA COMPUTER INC.,2022-12-12 19:39:00,[HP][Quanta][NB][Roc][RPL-P][GFP2-AX211][W11v22621]0x9F BSOD while run iPAS
762291,QUANTA COMPUTER INC.,ASUS,title_brand_mismatch,NA,QUANTA COMPUTER INC.,2022-12-12 01:26:00,[Asus Quanta][K3405_3605][RPL-H][AX211 22.190.0.2 ]WHQL:Source radio disabled and re-enabled while playing music tone with A2DP offload fail
762291,QUANTA COMPUTER INC.,ASUS,title_brand_mismatch,NA,QUANTA COMPUTER INC.,2022-12-12 01:26:00,[Asus Quanta][K3405_3605][RPL-H][AX211 22.190.0.2 ]WHQL:Source radio disabled and re-enabled while playing music tone with A2DP offload fail
762291,QUANTA COMPUTER INC.,ASUS,title_brand_mismatch,NA,QUANTA COMPUTER INC.,2022-12-12 01:26:00,[Asus Quanta][K3405_3605][RPL-H][AX211 22.190.0.2 ]WHQL:Source radio disabled and re-enabled while playing music tone with A2DP offload fail
760807,"COMPAL ELECTRONICS, INC.",HP|NEC,title_brand_mismatch,NA,"COMPAL ELECTRONICS, INC.",2022-12-11 23:53:00,[HP] - SIO2156597 - [SIT][FIT-COMM][RPL_H][RPL_HX][INT] Sound output list show less/more than actual connected BT earphone/Speaker
760807,"COMPAL ELECTRONICS, INC.",HP|NEC,title_brand_mismatch,NA,"COMPAL ELECTRONICS, INC.",2022-12-11 23:53:00,[HP] - SIO2156597 - [SIT][FIT-COMM][RPL_H][RPL_HX][INT] Sound output list show less/more than actual connected BT earphone/Speaker
760807,"COMPAL ELECTRONICS, INC.",HP|NEC,title_brand_mismatch,NA,"COMPAL ELECTRONICS, INC.",2022-12-11 23:53:00,[HP] - SIO2156597 - [SIT][FIT-COMM][RPL_H][RPL_HX][INT] Sound output list show less/more than actual connected BT earphone/Speaker
760753,QUANTA COMPUTER INC.,ASUS|NEC,title_brand_mismatch,NA,QUANTA COMPUTER INC.,2022-12-11 21:33:00,[ASUS][K3405VF][RPL-H]: The system occurred BSOD(0x9f) when restart with BT headset connecting.
760753,QUANTA COMPUTER INC.,ASUS|NEC,title_brand_mismatch,NA,QUANTA COMPUTER INC.,2022-12-11 21:33:00,[ASUS][K3405VF][RPL-H]: The system occurred BSOD(0x9f) when restart with BT headset connecting.
760753,QUANTA COMPUTER INC.,ASUS|NEC,title_brand_mismatch,NA,QUANTA COMPUTER INC.,2022-12-11 21:33:00,[ASUS][K3405VF][RPL-H]: The system occurred BSOD(0x9f) when restart with BT headset connecting.
760486,PEGATRON CORPORATION,SAMSUNG,title_brand_mismatch,NA,Pegatron Corporation,2022-12-09 01:06:00,[Samsung-Nova2][9462 JfP1][Pegatron][WHQL test:Bluetooth - LEExtendedAdvertising (Development and Integration)test fail with BT driver v22.180.0.2 & v22.190.0.2.
760486,PEGATRON CORPORATION,SAMSUNG,title_brand_mismatch,NA,Pegatron Corporation,2022-12-09 01:06:00,[Samsung-Nova2][9462 JfP1][Pegatron][WHQL test:Bluetooth - LEExtendedAdvertising (Development and Integration)test fail with BT driver v22.180.0.2 & v22.190.0.2.
760486,PEGATRON CORPORATION,SAMSUNG,title_brand_mismatch,NA,Pegatron Corporation,2022-12-09 01:06:00,[Samsung-Nova2][9462 JfP1][Pegatron][WHQL test:Bluetooth - LEExtendedAdvertising (Development and Integration)test fail with BT driver v22.180.0.2 & v22.190.0.2.
760139,"COMPAL ELECTRONICS, INC.",HP,title_brand_mismatch,NA,"COMPAL ELECTRONICS, INC.",2022-12-08 01:17:00,[HP] - SIO2158719 - [SIT][WHQL][Win11][Edna][ADL]Bluetooth - Audio - Source increase music volume with A2DP offload fail
760139,"COMPAL ELECTRONICS, INC.",HP,title_brand_mismatch,NA,"COMPAL ELECTRONICS, INC.",2022-12-08 01:17:00,[HP] - SIO2158719 - [SIT][WHQL][Win11][Edna][ADL]Bluetooth - Audio - Source increase music volume with A2DP offload fail
760139,"COMPAL ELECTRONICS, INC.",HP,title_brand_mismatch,NA,"COMPAL ELECTRONICS, INC.",2022-12-08 01:17:00,[HP] - SIO2158719 - [SIT][WHQL][Win11][Edna][ADL]Bluetooth - Audio - Source increase music volume with A2DP offload fail
759774,"HUAQIN TECHNOLOGY CO., LTD",HONOR|NEC,title_brand_mismatch,NA,"Huaqin Technology Co., Ltd",2022-12-07 00:57:00,[HONOR][HUAQIN][Born&FermiG][Intel RPL][Intel AX201][BT]The sound still output from PC and the Bluetooth headset status shows connected vioce when the bluetooth headset reconnected with PC
759774,"HUAQIN TECHNOLOGY CO., LTD",HONOR|NEC,title_brand_mismatch,NA,"Huaqin Technology Co., Ltd",2022-12-07 00:57:00,[HONOR][HUAQIN][Born&FermiG][Intel RPL][Intel AX201][BT]The sound still output from PC and the Bluetooth headset status shows connected vioce when the bluetooth headset reconnected with PC
759774,"HUAQIN TECHNOLOGY CO., LTD",HONOR|NEC,title_brand_mismatch,NA,"Huaqin Technology Co., Ltd",2022-12-07 00:57:00,[HONOR][HUAQIN][Born&FermiG][Intel RPL][Intel AX201][BT]The sound still output from PC and the Bluetooth headset status shows connected vioce when the bluetooth headset reconnected with PC
759606,DYNABOOK INC.,NEC,title_brand_mismatch,NA,Dynabook Inc.,2022-12-06 19:01:00,[Dynabook][ICPS]BSOD happens when set Manually Configure Connection settings
759606,DYNABOOK INC.,NEC,title_brand_mismatch,NA,Dynabook Inc.,2022-12-06 19:01:00,[Dynabook][ICPS]BSOD happens when set Manually Configure Connection settings
759606,DYNABOOK INC.,NEC,title_brand_mismatch,NA,Dynabook Inc.,2022-12-06 19:01:00,[Dynabook][ICPS]BSOD happens when set Manually Configure Connection settings
759409,"COMPAL ELECTRONICS, INC.",HP,title_brand_mismatch,NA,"COMPAL ELECTRONICS, INC.",2022-12-06 02:07:00,[HP] - SIO2158547 - [SIT][FIT-COMM][RPL_H][RPL_HX] Bluetooth search list show blank after idle for overnight
759409,"COMPAL ELECTRONICS, INC.",HP,title_brand_mismatch,NA,"COMPAL ELECTRONICS, INC.",2022-12-06 02:07:00,[HP] - SIO2158547 - [SIT][FIT-COMM][RPL_H][RPL_HX] Bluetooth search list show blank after idle for overnight
759409,"COMPAL ELECTRONICS, INC.",HP,title_brand_mismatch,NA,"COMPAL ELECTRONICS, INC.",2022-12-06 02:07:00,[HP] - SIO2158547 - [SIT][FIT-COMM][RPL_H][RPL_HX] Bluetooth search list show blank after idle for overnight
759354,"COMPAL ELECTRONICS, INC.",HP|NEC,title_brand_mismatch,NA,"COMPAL ELECTRONICS, INC.",2022-12-06 00:11:00,[HP]- SIO2158922 - [RPL-U][GFP2][Win11 22H2] The unit can not connect to Hidden 6G wireless AP.(Intel AX211)
759354,"COMPAL ELECTRONICS, INC.",HP|NEC,title_brand_mismatch,NA,"COMPAL ELECTRONICS, INC.",2022-12-06 00:11:00,[HP]- SIO2158922 - [RPL-U][GFP2][Win11 22H2] The unit can not connect to Hidden 6G wireless AP.(Intel AX211)
759354,"COMPAL ELECTRONICS, INC.",HP|NEC,title_brand_mismatch,NA,"COMPAL ELECTRONICS, INC.",2022-12-06 00:11:00,[HP]- SIO2158922 - [RPL-U][GFP2][Win11 22H2] The unit can not connect to Hidden 6G wireless AP.(Intel AX211)
758737,WISTRON CORPORATION,HP,title_brand_mismatch,NA,WISTRON CORPORATION,2022-12-02 06:07:00,[HP] [Wistron][RPL][GFP2-AX211] [Win11 22H2 Build 10.0.22621.819] - SUT can't search for 6.0GHz band Wi-Fi after run the ANT.exe tool (GP2).
758737,WISTRON CORPORATION,HP,title_brand_mismatch,NA,WISTRON CORPORATION,2022-12-02 06:07:00,[HP] [Wistron][RPL][GFP2-AX211] [Win11 22H2 Build 10.0.22621.819] - SUT can't search for 6.0GHz band Wi-Fi after run the ANT.exe tool (GP2).
758737,WISTRON CORPORATION,HP,title_brand_mismatch,NA,WISTRON CORPORATION,2022-12-02 06:07:00,[HP] [Wistron][RPL][GFP2-AX211] [Win11 22H2 Build 10.0.22621.819] - SUT can't search for 6.0GHz band Wi-Fi after run the ANT.exe tool (GP2).
758265,DELL,NEC,title_brand_mismatch,NA,DELL U S A CORPORATION,2022-12-01 00:06:00,SP14-Latitude 5420 - AX201 Intermittent WLAN Connection Drops -CIPS-29064
758265,DELL,NEC,title_brand_mismatch,NA,DELL U S A CORPORATION,2022-12-01 00:06:00,SP14-Latitude 5420 - AX201 Intermittent WLAN Connection Drops -CIPS-29064
758265,DELL,NEC,title_brand_mismatch,NA,DELL U S A CORPORATION,2022-12-01 00:06:00,SP14-Latitude 5420 - AX201 Intermittent WLAN Connection Drops -CIPS-29064
758151,WISTRON CORPORATION,DELL,title_brand_mismatch,NA,WISTRON CORPORATION,2022-11-30 19:41:00,[Dell][Wistron][Infinity Intel RPL] Install Killer BT Driver find incorrect translation in French and German
758151,WISTRON CORPORATION,DELL,title_brand_mismatch,NA,WISTRON CORPORATION,2022-11-30 19:41:00,[Dell][Wistron][Infinity Intel RPL] Install Killer BT Driver find incorrect translation in French and German
758151,WISTRON CORPORATION,DELL,title_brand_mismatch,NA,WISTRON CORPORATION,2022-11-30 19:41:00,[Dell][Wistron][Infinity Intel RPL] Install Killer BT Driver find incorrect translation in French and German
758139,QUANTA COMPUTER INC.,ACER,title_brand_mismatch,NA,QUANTA COMPUTER INC.,2022-11-30 19:04:00,[Acer][Quanta][RPL_HX][Acer Nitro 17_ZGRA]WRT Tool could not work
758139,QUANTA COMPUTER INC.,ACER,title_brand_mismatch,NA,QUANTA COMPUTER INC.,2022-11-30 19:04:00,[Acer][Quanta][RPL_HX][Acer Nitro 17_ZGRA]WRT Tool could not work
758139,QUANTA COMPUTER INC.,ACER,title_brand_mismatch,NA,QUANTA COMPUTER INC.,2022-11-30 19:04:00,[Acer][Quanta][RPL_HX][Acer Nitro 17_ZGRA]WRT Tool could not work
757746,INVENTEC CORPORATION,HP|NEC,title_brand_mismatch,NA,INVENTEC CORPORATION,2022-11-29 18:45:00,[HP/SIO2146892/Win11/RPL/GfP2][Inventec][Warg]UUT cannot connect to wifi network with EAP-TLS/PEAP/TTLS.
757746,INVENTEC CORPORATION,HP|NEC,title_brand_mismatch,NA,INVENTEC CORPORATION,2022-11-29 18:45:00,[HP/SIO2146892/Win11/RPL/GfP2][Inventec][Warg]UUT cannot connect to wifi network with EAP-TLS/PEAP/TTLS.
757746,INVENTEC CORPORATION,HP|NEC,title_brand_mismatch,NA,INVENTEC CORPORATION,2022-11-29 18:45:00,[HP/SIO2146892/Win11/RPL/GfP2][Inventec][Warg]UUT cannot connect to wifi network with EAP-TLS/PEAP/TTLS.
757391,QUANTA COMPUTER INC.,ACER,title_brand_mismatch,NA,QUANTA COMPUTER INC.,2022-11-28 18:08:00,[Acer][Quanta][RPL-H][Acer Nitro 16_ZGS]WRT Tool could not work
757391,QUANTA COMPUTER INC.,ACER,title_brand_mismatch,NA,QUANTA COMPUTER INC.,2022-11-28 18:08:00,[Acer][Quanta][RPL-H][Acer Nitro 16_ZGS]WRT Tool could not work
757391,QUANTA COMPUTER INC.,ACER,title_brand_mismatch,NA,QUANTA COMPUTER INC.,2022-11-28 18:08:00,[Acer][Quanta][RPL-H][Acer Nitro 16_ZGS]WRT Tool could not work
757318,"FOXCONN TECHNOLOGY CO., LTD.",LENOVO,title_brand_mismatch,NA,"FOXCONN TECHNOLOGY CO., LTD.",2022-11-28 06:17:00,[Lenovo-ThinkStation][FXN][Hornet/Xeon/ADLS/AX210][Win10/22H2]ECR616943-Bluetooth device lost during Coldboot stress
757318,"FOXCONN TECHNOLOGY CO., LTD.",LENOVO,title_brand_mismatch,NA,"FOXCONN TECHNOLOGY CO., LTD.",2022-11-28 06:17:00,[Lenovo-ThinkStation][FXN][Hornet/Xeon/ADLS/AX210][Win10/22H2]ECR616943-Bluetooth device lost during Coldboot stress
757318,"FOXCONN TECHNOLOGY CO., LTD.",LENOVO,title_brand_mismatch,NA,"FOXCONN TECHNOLOGY CO., LTD.",2022-11-28 06:17:00,[Lenovo-ThinkStation][FXN][Hornet/Xeon/ADLS/AX210][Win10/22H2]ECR616943-Bluetooth device lost during Coldboot stress
757252,PEGATRON CORPORATION,ASUS|HP,title_brand_mismatch,NA,Pegatron Corporation,2022-11-28 02:47:00,[ASUS][B1_CGA][ADL-N] S4 aging occurs the BSOD 0x9f(BTHport).
757252,PEGATRON CORPORATION,ASUS|HP,title_brand_mismatch,NA,Pegatron Corporation,2022-11-28 02:47:00,[ASUS][B1_CGA][ADL-N] S4 aging occurs the BSOD 0x9f(BTHport).
757252,PEGATRON CORPORATION,ASUS|HP,title_brand_mismatch,NA,Pegatron Corporation,2022-11-28 02:47:00,[ASUS][B1_CGA][ADL-N] S4 aging occurs the BSOD 0x9f(BTHport).
756495,"COMPAL ELECTRONICS, INC.",HP|NEC,title_brand_mismatch,NA,"COMPAL ELECTRONICS, INC.",2022-11-24 01:02:00,[HP] - SIO2154063 - [SIT][FIT-COMM][RPL][INT] Sound output shows Speaker/ Headset hands free and headphones with the same device after connecting successfully the BT Speaker/Headset
756495,"COMPAL ELECTRONICS, INC.",HP|NEC,title_brand_mismatch,NA,"COMPAL ELECTRONICS, INC.",2022-11-24 01:02:00,[HP] - SIO2154063 - [SIT][FIT-COMM][RPL][INT] Sound output shows Speaker/ Headset hands free and headphones with the same device after connecting successfully the BT Speaker/Headset
756495,"COMPAL ELECTRONICS, INC.",HP|NEC,title_brand_mismatch,NA,"COMPAL ELECTRONICS, INC.",2022-11-24 01:02:00,[HP] - SIO2154063 - [SIT][FIT-COMM][RPL][INT] Sound output shows Speaker/ Headset hands free and headphones with the same device after connecting successfully the BT Speaker/Headset
756189,"COMPAL ELECTRONICS, INC.",DELL|NEC,title_brand_mismatch,NA,"COMPAL ELECTRONICS, INC.",2022-11-23 02:17:00,[Dell][Compal][Nexus]More than 3 connection errors of netsh wlan show wlanreport
756189,"COMPAL ELECTRONICS, INC.",DELL|NEC,title_brand_mismatch,NA,"COMPAL ELECTRONICS, INC.",2022-11-23 02:17:00,[Dell][Compal][Nexus]More than 3 connection errors of netsh wlan show wlanreport
756189,"COMPAL ELECTRONICS, INC.",DELL|NEC,title_brand_mismatch,NA,"COMPAL ELECTRONICS, INC.",2022-11-23 02:17:00,[Dell][Compal][Nexus]More than 3 connection errors of netsh wlan show wlanreport
756036,"COMPAL ELECTRONICS, INC.",DELL|NEC,title_brand_mismatch,NA,"COMPAL ELECTRONICS, INC.",2022-11-22 19:50:00,?  [Dell/Compal][RPL][IDB41][AX211] [802.11n/ac/ax Mode]CMW500  connect to AX211 but  output TX power abnormal
756036,"COMPAL ELECTRONICS, INC.",DELL|NEC,title_brand_mismatch,NA,"COMPAL ELECTRONICS, INC.",2022-11-22 19:50:00,?  [Dell/Compal][RPL][IDB41][AX211] [802.11n/ac/ax Mode]CMW500  connect to AX211 but  output TX power abnormal
756036,"COMPAL ELECTRONICS, INC.",DELL|NEC,title_brand_mismatch,NA,"COMPAL ELECTRONICS, INC.",2022-11-22 19:50:00,?  [Dell/Compal][RPL][IDB41][AX211] [802.11n/ac/ax Mode]CMW500  connect to AX211 but  output TX power abnormal
755900,"COMPAL ELECTRONICS, INC.",HP,title_brand_mismatch,NA,"COMPAL ELECTRONICS, INC.",2022-11-22 04:22:00,[HP] - SIO2154075 - [SIT][FIT-COMM][RPL][INT] Online web page display audio driver has a problem after switching the Bluetooth audio output device several times in Sys-tray
755900,"COMPAL ELECTRONICS, INC.",HP,title_brand_mismatch,NA,"COMPAL ELECTRONICS, INC.",2022-11-22 04:22:00,[HP] - SIO2154075 - [SIT][FIT-COMM][RPL][INT] Online web page display audio driver has a problem after switching the Bluetooth audio output device several times in Sys-tray
755900,"COMPAL ELECTRONICS, INC.",HP,title_brand_mismatch,NA,"COMPAL ELECTRONICS, INC.",2022-11-22 04:22:00,[HP] - SIO2154075 - [SIT][FIT-COMM][RPL][INT] Online web page display audio driver has a problem after switching the Bluetooth audio output device several times in Sys-tray
755740,"COMPAL ELECTRONICS, INC.",HP,title_brand_mismatch,NA,"COMPAL ELECTRONICS, INC.",2022-11-21 22:49:00,[HP] - SIO2155265 - [SIT][FIT-COMM][RPL-H][RPL-HX] BT icon in sys tray cannot be turn off immediately when turn on Airplane mode
755740,"COMPAL ELECTRONICS, INC.",HP,title_brand_mismatch,NA,"COMPAL ELECTRONICS, INC.",2022-11-21 22:49:00,[HP] - SIO2155265 - [SIT][FIT-COMM][RPL-H][RPL-HX] BT icon in sys tray cannot be turn off immediately when turn on Airplane mode
755740,"COMPAL ELECTRONICS, INC.",HP,title_brand_mismatch,NA,"COMPAL ELECTRONICS, INC.",2022-11-21 22:49:00,[HP] - SIO2155265 - [SIT][FIT-COMM][RPL-H][RPL-HX] BT icon in sys tray cannot be turn off immediately when turn on Airplane mode
755711,"COMPAL ELECTRONICS, INC.",HP|NEC,title_brand_mismatch,NA,"COMPAL ELECTRONICS, INC.",2022-11-21 21:25:00,[HP] - SIO2154741 - [SIT][FIT-COMM][RPL][INT] BT earphone or speaker cannot be removed or disconnected successfully
755711,"COMPAL ELECTRONICS, INC.",HP|NEC,title_brand_mismatch,NA,"COMPAL ELECTRONICS, INC.",2022-11-21 21:25:00,[HP] - SIO2154741 - [SIT][FIT-COMM][RPL][INT] BT earphone or speaker cannot be removed or disconnected successfully
755711,"COMPAL ELECTRONICS, INC.",HP|NEC,title_brand_mismatch,NA,"COMPAL ELECTRONICS, INC.",2022-11-21 21:25:00,[HP] - SIO2154741 - [SIT][FIT-COMM][RPL][INT] BT earphone or speaker cannot be removed or disconnected successfully
755504,"COMPAL ELECTRONICS, INC.",HP,title_brand_mismatch,NA,"COMPAL ELECTRONICS, INC.",2022-11-21 01:47:00,[HP] - SIO2153216 - [SIT][FIT-COMM][RPL] BT auto turn on after restart when turn off BT with BT headset paired
755504,"COMPAL ELECTRONICS, INC.",HP,title_brand_mismatch,NA,"COMPAL ELECTRONICS, INC.",2022-11-21 01:47:00,[HP] - SIO2153216 - [SIT][FIT-COMM][RPL] BT auto turn on after restart when turn off BT with BT headset paired
755504,"COMPAL ELECTRONICS, INC.",HP,title_brand_mismatch,NA,"COMPAL ELECTRONICS, INC.",2022-11-21 01:47:00,[HP] - SIO2153216 - [SIT][FIT-COMM][RPL] BT auto turn on after restart when turn off BT with BT headset paired
754041,"HUAQIN TECHNOLOGY CO., LTD",HONOR|NEC,title_brand_mismatch,NA,"Huaqin Technology Co., Ltd",2022-11-15 04:56:00,[HONOR][HUAQIN][HiggsF][Intel ADL][Intel AX 211][BT][Win11]There was no sound when connected the Bluetooth headset
754041,"HUAQIN TECHNOLOGY CO., LTD",HONOR|NEC,title_brand_mismatch,NA,"Huaqin Technology Co., Ltd",2022-11-15 04:56:00,[HONOR][HUAQIN][HiggsF][Intel ADL][Intel AX 211][BT][Win11]There was no sound when connected the Bluetooth headset
754041,"HUAQIN TECHNOLOGY CO., LTD",HONOR|NEC,title_brand_mismatch,NA,"Huaqin Technology Co., Ltd",2022-11-15 04:56:00,[HONOR][HUAQIN][HiggsF][Intel ADL][Intel AX 211][BT][Win11]There was no sound when connected the Bluetooth headset
754023,"HUAQIN TECHNOLOGY CO., LTD",HONOR|NEC,title_brand_mismatch,NA,"Huaqin Technology Co., Ltd",2022-11-15 04:04:00,[Honor][Huaqin][HiggsF][Intel ADL][Intel AX211][WIFI][22H2]Bluetooth Mouse in Settings Bluetooth pairing interface disappears when the Bluetooth mouse is disconnected
754023,"HUAQIN TECHNOLOGY CO., LTD",HONOR|NEC,title_brand_mismatch,NA,"Huaqin Technology Co., Ltd",2022-11-15 04:04:00,[Honor][Huaqin][HiggsF][Intel ADL][Intel AX211][WIFI][22H2]Bluetooth Mouse in Settings Bluetooth pairing interface disappears when the Bluetooth mouse is disconnected
754023,"HUAQIN TECHNOLOGY CO., LTD",HONOR|NEC,title_brand_mismatch,NA,"Huaqin Technology Co., Ltd",2022-11-15 04:04:00,[Honor][Huaqin][HiggsF][Intel ADL][Intel AX211][WIFI][22H2]Bluetooth Mouse in Settings Bluetooth pairing interface disappears when the Bluetooth mouse is disconnected
753959,"COMPAL ELECTRONICS, INC.",HP,title_brand_mismatch,NA,"COMPAL ELECTRONICS, INC.",2022-11-15 01:36:00,[HP] - SIO2152780 - [SIT][WPVT][RPL-U] Intel Tile Device is removed while running Winpvt- Hibernation Focus +AC/DC Cycling
753959,"COMPAL ELECTRONICS, INC.",HP,title_brand_mismatch,NA,"COMPAL ELECTRONICS, INC.",2022-11-15 01:36:00,[HP] - SIO2152780 - [SIT][WPVT][RPL-U] Intel Tile Device is removed while running Winpvt- Hibernation Focus +AC/DC Cycling
753959,"COMPAL ELECTRONICS, INC.",HP,title_brand_mismatch,NA,"COMPAL ELECTRONICS, INC.",2022-11-15 01:36:00,[HP] - SIO2152780 - [SIT][WPVT][RPL-U] Intel Tile Device is removed while running Winpvt- Hibernation Focus +AC/DC Cycling
753958,QUANTA COMPUTER INC.,ACER,title_brand_mismatch,NA,QUANTA COMPUTER INC.,2022-11-15 01:35:00,[Acer 216569][Killer BT] HLK test : Bluetooth - Initiate platform-level device reset --> Fail
753958,QUANTA COMPUTER INC.,ACER,title_brand_mismatch,NA,QUANTA COMPUTER INC.,2022-11-15 01:35:00,[Acer 216569][Killer BT] HLK test : Bluetooth - Initiate platform-level device reset --> Fail
753958,QUANTA COMPUTER INC.,ACER,title_brand_mismatch,NA,QUANTA COMPUTER INC.,2022-11-15 01:35:00,[Acer 216569][Killer BT] HLK test : Bluetooth - Initiate platform-level device reset --> Fail
753890,"HUAQIN TECHNOLOGY CO., LTD",ACER,title_brand_mismatch,NA,"Huaqin Technology Co., Ltd",2022-11-14 22:49:00,"[Acer][Huaqin][Verrou_AND][22H2]Enable wifi device and refresh,AX101 wifi device shows YB after run 3dmark test through ABAT tool.(F/R:1/3units  3/6 cycles )"
753890,"HUAQIN TECHNOLOGY CO., LTD",ACER,title_brand_mismatch,NA,"Huaqin Technology Co., Ltd",2022-11-14 22:49:00,"[Acer][Huaqin][Verrou_AND][22H2]Enable wifi device and refresh,AX101 wifi device shows YB after run 3dmark test through ABAT tool.(F/R:1/3units  3/6 cycles )"
753890,"HUAQIN TECHNOLOGY CO., LTD",ACER,title_brand_mismatch,NA,"Huaqin Technology Co., Ltd",2022-11-14 22:49:00,"[Acer][Huaqin][Verrou_AND][22H2]Enable wifi device and refresh,AX101 wifi device shows YB after run 3dmark test through ABAT tool.(F/R:1/3units  3/6 cycles )"
753874,"FOXCONN TECHNOLOGY CO., LTD.",LENOVO,title_brand_mismatch,NA,"FOXCONN TECHNOLOGY CO., LTD.",2022-11-14 22:17:00,[Lenovo-ThinkPad China/Foxcon][Falcon/Xeon/ADLS/AX211][Win10/21H2]Falcon P5:W10:HLK:Bluetooth - Initiate platform-level device reset test ?Bluetooth in DM will be changed to Yellow mark after the test)
753874,"FOXCONN TECHNOLOGY CO., LTD.",LENOVO,title_brand_mismatch,NA,"FOXCONN TECHNOLOGY CO., LTD.",2022-11-14 22:17:00,[Lenovo-ThinkPad China/Foxcon][Falcon/Xeon/ADLS/AX211][Win10/21H2]Falcon P5:W10:HLK:Bluetooth - Initiate platform-level device reset test ?Bluetooth in DM will be changed to Yellow mark after the test)
753874,"FOXCONN TECHNOLOGY CO., LTD.",LENOVO,title_brand_mismatch,NA,"FOXCONN TECHNOLOGY CO., LTD.",2022-11-14 22:17:00,[Lenovo-ThinkPad China/Foxcon][Falcon/Xeon/ADLS/AX211][Win10/21H2]Falcon P5:W10:HLK:Bluetooth - Initiate platform-level device reset test ?Bluetooth in DM will be changed to Yellow mark after the test)
753839,"HUAQIN TECHNOLOGY CO., LTD",ACER,title_brand_mismatch,NA,"Huaqin Technology Co., Ltd",2022-11-14 20:36:00,[Acer][Huaqin][Verrou_AND][22H2][PVT]Intel 9560 shows YB on DM when run wifi stress(F/R:5/15units  5/15 cycles )
753839,"HUAQIN TECHNOLOGY CO., LTD",ACER,title_brand_mismatch,NA,"Huaqin Technology Co., Ltd",2022-11-14 20:36:00,[Acer][Huaqin][Verrou_AND][22H2][PVT]Intel 9560 shows YB on DM when run wifi stress(F/R:5/15units  5/15 cycles )
753839,"HUAQIN TECHNOLOGY CO., LTD",ACER,title_brand_mismatch,NA,"Huaqin Technology Co., Ltd",2022-11-14 20:36:00,[Acer][Huaqin][Verrou_AND][22H2][PVT]Intel 9560 shows YB on DM when run wifi stress(F/R:5/15units  5/15 cycles )
753816,"HUAQIN TECHNOLOGY CO., LTD",ACER,title_brand_mismatch,NA,"Huaqin Technology Co., Ltd",2022-11-14 19:39:00,[Acer][Huaqin][Verrou_AND][22H2][PVT]0xce bsod ocurrs when run wifi stress(F/R:2/15units  2/15 cycles )
753816,"HUAQIN TECHNOLOGY CO., LTD",ACER,title_brand_mismatch,NA,"Huaqin Technology Co., Ltd",2022-11-14 19:39:00,[Acer][Huaqin][Verrou_AND][22H2][PVT]0xce bsod ocurrs when run wifi stress(F/R:2/15units  2/15 cycles )
753816,"HUAQIN TECHNOLOGY CO., LTD",ACER,title_brand_mismatch,NA,"Huaqin Technology Co., Ltd",2022-11-14 19:39:00,[Acer][Huaqin][Verrou_AND][22H2][PVT]0xce bsod ocurrs when run wifi stress(F/R:2/15units  2/15 cycles )
753340,"COMPAL ELECTRONICS, INC.",HP|NEC,title_brand_mismatch,NA,"COMPAL ELECTRONICS, INC.",2022-11-13 16:01:00,[HP] - SIO2152274 - [SIT][FIT-COMM][RPL-U][Win11][INT] Unable to play music and video when the unit connect with three bluetooth audio devices
753340,"COMPAL ELECTRONICS, INC.",HP|NEC,title_brand_mismatch,NA,"COMPAL ELECTRONICS, INC.",2022-11-13 16:01:00,[HP] - SIO2152274 - [SIT][FIT-COMM][RPL-U][Win11][INT] Unable to play music and video when the unit connect with three bluetooth audio devices
753340,"COMPAL ELECTRONICS, INC.",HP|NEC,title_brand_mismatch,NA,"COMPAL ELECTRONICS, INC.",2022-11-13 16:01:00,[HP] - SIO2152274 - [SIT][FIT-COMM][RPL-U][Win11][INT] Unable to play music and video when the unit connect with three bluetooth audio devices
753328,"HUAQIN TECHNOLOGY CO., LTD",LENOVO|NEC,title_brand_mismatch,NA,"Huaqin Technology Co., Ltd",2022-11-12 22:32:00,"[Lenovo][Thinkbook Gen5 IRH][AX211]Connected a BT headset instability, and can't play sound by BT headset"
753328,"HUAQIN TECHNOLOGY CO., LTD",LENOVO|NEC,title_brand_mismatch,NA,"Huaqin Technology Co., Ltd",2022-11-12 22:32:00,"[Lenovo][Thinkbook Gen5 IRH][AX211]Connected a BT headset instability, and can't play sound by BT headset"
753328,"HUAQIN TECHNOLOGY CO., LTD",LENOVO|NEC,title_brand_mismatch,NA,"Huaqin Technology Co., Ltd",2022-11-12 22:32:00,"[Lenovo][Thinkbook Gen5 IRH][AX211]Connected a BT headset instability, and can't play sound by BT headset"
752495,"COMPAL ELECTRONICS, INC.",DELL,title_brand_mismatch,NA,"COMPAL ELECTRONICS, INC.",2022-11-09 01:18:00,[Dell/Compal Oasis] Oasis SAR table check by DRTU will over limits
752495,"COMPAL ELECTRONICS, INC.",DELL,title_brand_mismatch,NA,"COMPAL ELECTRONICS, INC.",2022-11-09 01:18:00,[Dell/Compal Oasis] Oasis SAR table check by DRTU will over limits
752495,"COMPAL ELECTRONICS, INC.",DELL,title_brand_mismatch,NA,"COMPAL ELECTRONICS, INC.",2022-11-09 01:18:00,[Dell/Compal Oasis] Oasis SAR table check by DRTU will over limits
752157,"HUAQIN TECHNOLOGY CO., LTD",ASUS|NEC,title_brand_mismatch,NA,"Huaqin Technology Co., Ltd",2022-11-08 02:53:00,[Huaqin][ASUS_TP3604VA][RPL][AX211][22H2]Can't operate the BT option and BT headset show YB after turn off/on BT when connected BT headset to play video
752157,"HUAQIN TECHNOLOGY CO., LTD",ASUS|NEC,title_brand_mismatch,NA,"Huaqin Technology Co., Ltd",2022-11-08 02:53:00,[Huaqin][ASUS_TP3604VA][RPL][AX211][22H2]Can't operate the BT option and BT headset show YB after turn off/on BT when connected BT headset to play video
752157,"HUAQIN TECHNOLOGY CO., LTD",ASUS|NEC,title_brand_mismatch,NA,"Huaqin Technology Co., Ltd",2022-11-08 02:53:00,[Huaqin][ASUS_TP3604VA][RPL][AX211][22H2]Can't operate the BT option and BT headset show YB after turn off/on BT when connected BT headset to play video
752018,"FOXCONN TECHNOLOGY CO., LTD.",LENOVO,title_brand_mismatch,NA,"FOXCONN TECHNOLOGY CO., LTD.",2022-11-07 22:13:00,[Lenovo-ThinkPad China/Foxcon][Falcon/Xeon/ADLS/AX211][Win11/22H2]Falcon P5:W11:HLK:Bluetooth - Initiate platform-level device reset test failed
752018,"FOXCONN TECHNOLOGY CO., LTD.",LENOVO,title_brand_mismatch,NA,"FOXCONN TECHNOLOGY CO., LTD.",2022-11-07 22:13:00,[Lenovo-ThinkPad China/Foxcon][Falcon/Xeon/ADLS/AX211][Win11/22H2]Falcon P5:W11:HLK:Bluetooth - Initiate platform-level device reset test failed
752018,"FOXCONN TECHNOLOGY CO., LTD.",LENOVO,title_brand_mismatch,NA,"FOXCONN TECHNOLOGY CO., LTD.",2022-11-07 22:13:00,[Lenovo-ThinkPad China/Foxcon][Falcon/Xeon/ADLS/AX211][Win11/22H2]Falcon P5:W11:HLK:Bluetooth - Initiate platform-level device reset test failed
751408,"COMPAL ELECTRONICS, INC.",HP|NEC,title_brand_mismatch,NA,"COMPAL ELECTRONICS, INC.",2022-11-06 07:58:00,"[HP] - SIO2149328 - [SIT][WAT][RPL-U] BSOD 0x9F(System, BthEnum) occurred when connect bluetooth speaker and restart"
751408,"COMPAL ELECTRONICS, INC.",HP|NEC,title_brand_mismatch,NA,"COMPAL ELECTRONICS, INC.",2022-11-06 07:58:00,"[HP] - SIO2149328 - [SIT][WAT][RPL-U] BSOD 0x9F(System, BthEnum) occurred when connect bluetooth speaker and restart"
751408,"COMPAL ELECTRONICS, INC.",HP|NEC,title_brand_mismatch,NA,"COMPAL ELECTRONICS, INC.",2022-11-06 07:58:00,"[HP] - SIO2149328 - [SIT][WAT][RPL-U] BSOD 0x9F(System, BthEnum) occurred when connect bluetooth speaker and restart"
751169,"HUAQIN TECHNOLOGY CO., LTD",SAMSUNG,title_brand_mismatch,NA,"Huaqin Technology Co., Ltd",2022-11-03 23:25:00,"[Huaqin][Samsung][NB099B] [Intel RPL] [SV2] [AX201] After playing video with media player, found the headphone sound abnormality. (FR: 1 out of 2 units, 2 out of 20 times)"
751169,"HUAQIN TECHNOLOGY CO., LTD",SAMSUNG,title_brand_mismatch,NA,"Huaqin Technology Co., Ltd",2022-11-03 23:25:00,"[Huaqin][Samsung][NB099B] [Intel RPL] [SV2] [AX201] After playing video with media player, found the headphone sound abnormality. (FR: 1 out of 2 units, 2 out of 20 times)"
751169,"HUAQIN TECHNOLOGY CO., LTD",SAMSUNG,title_brand_mismatch,NA,"Huaqin Technology Co., Ltd",2022-11-03 23:25:00,"[Huaqin][Samsung][NB099B] [Intel RPL] [SV2] [AX201] After playing video with media player, found the headphone sound abnormality. (FR: 1 out of 2 units, 2 out of 20 times)"
750849,"COMPAL ELECTRONICS, INC.",ASUS,title_brand_mismatch,NA,"COMPAL ELECTRONICS, INC.",2022-11-03 00:14:00,[ASUS Compal][BR1102 [ADL-N][AX201][22.170]ANT tool can't work
750849,"COMPAL ELECTRONICS, INC.",ASUS,title_brand_mismatch,NA,"COMPAL ELECTRONICS, INC.",2022-11-03 00:14:00,[ASUS Compal][BR1102 [ADL-N][AX201][22.170]ANT tool can't work
750849,"COMPAL ELECTRONICS, INC.",ASUS,title_brand_mismatch,NA,"COMPAL ELECTRONICS, INC.",2022-11-03 00:14:00,[ASUS Compal][BR1102 [ADL-N][AX201][22.170]ANT tool can't work
750733,QUANTA COMPUTER INC.,HP,title_brand_mismatch,NA,QUANTA COMPUTER INC.,2022-11-02 20:03:00,[HP][Quanta]-[Cybug][RPL-HX][RPL][GFP2-AX211][Win11 22H2 ]- Can't search 6GHz AP in WiFi search list via ANT tool.(Intel AX211)
750733,QUANTA COMPUTER INC.,HP,title_brand_mismatch,NA,QUANTA COMPUTER INC.,2022-11-02 20:03:00,[HP][Quanta]-[Cybug][RPL-HX][RPL][GFP2-AX211][Win11 22H2 ]- Can't search 6GHz AP in WiFi search list via ANT tool.(Intel AX211)
750733,QUANTA COMPUTER INC.,HP,title_brand_mismatch,NA,QUANTA COMPUTER INC.,2022-11-02 20:03:00,[HP][Quanta]-[Cybug][RPL-HX][RPL][GFP2-AX211][Win11 22H2 ]- Can't search 6GHz AP in WiFi search list via ANT tool.(Intel AX211)
750576,"COMPAL ELECTRONICS, INC.",DELL,title_brand_mismatch,NA,"COMPAL ELECTRONICS, INC.",2022-11-02 04:35:00,[Dell_Rialto MLK] System can enter HW/SW drips when enter Modern Standby
750576,"COMPAL ELECTRONICS, INC.",DELL,title_brand_mismatch,NA,"COMPAL ELECTRONICS, INC.",2022-11-02 04:35:00,[Dell_Rialto MLK] System can enter HW/SW drips when enter Modern Standby
750576,"COMPAL ELECTRONICS, INC.",DELL,title_brand_mismatch,NA,"COMPAL ELECTRONICS, INC.",2022-11-02 04:35:00,[Dell_Rialto MLK] System can enter HW/SW drips when enter Modern Standby
750470,QUANTA COMPUTER INC.,HP,title_brand_mismatch,NA,QUANTA COMPUTER INC.,2022-11-02 00:41:00,[HP][Quanta]-SIO2140726[bNB G10][RPL][GFP2-AX211][Win11 22H2 Build 22621.674]-The DUT can't search WiFi 6G(ch37) signals after MCC set to US by ANT tool
750470,QUANTA COMPUTER INC.,HP,title_brand_mismatch,NA,QUANTA COMPUTER INC.,2022-11-02 00:41:00,[HP][Quanta]-SIO2140726[bNB G10][RPL][GFP2-AX211][Win11 22H2 Build 22621.674]-The DUT can't search WiFi 6G(ch37) signals after MCC set to US by ANT tool
750470,QUANTA COMPUTER INC.,HP,title_brand_mismatch,NA,QUANTA COMPUTER INC.,2022-11-02 00:41:00,[HP][Quanta]-SIO2140726[bNB G10][RPL][GFP2-AX211][Win11 22H2 Build 22621.674]-The DUT can't search WiFi 6G(ch37) signals after MCC set to US by ANT tool
750358,"COMPAL ELECTRONICS, INC.",LENOVO,title_brand_mismatch,NA,"COMPAL ELECTRONICS, INC.",2022-11-01 20:13:00,[Lenovo-Ideapad] [Compal] [S580] [RPL-U15] [AX203] MS battery sleep mode fail
750358,"COMPAL ELECTRONICS, INC.",LENOVO,title_brand_mismatch,NA,"COMPAL ELECTRONICS, INC.",2022-11-01 20:13:00,[Lenovo-Ideapad] [Compal] [S580] [RPL-U15] [AX203] MS battery sleep mode fail
750358,"COMPAL ELECTRONICS, INC.",LENOVO,title_brand_mismatch,NA,"COMPAL ELECTRONICS, INC.",2022-11-01 20:13:00,[Lenovo-Ideapad] [Compal] [S580] [RPL-U15] [AX203] MS battery sleep mode fail
750131,WISTRON CORPORATION,ACER,title_brand_mismatch,NA,WISTRON CORPORATION,2022-11-01 02:16:00,[ACER][Wistron] Music volume not automatically reduced while Skype calls are active
750131,WISTRON CORPORATION,ACER,title_brand_mismatch,NA,WISTRON CORPORATION,2022-11-01 02:16:00,[ACER][Wistron] Music volume not automatically reduced while Skype calls are active
750131,WISTRON CORPORATION,ACER,title_brand_mismatch,NA,WISTRON CORPORATION,2022-11-01 02:16:00,[ACER][Wistron] Music volume not automatically reduced while Skype calls are active
750115,WISTRON CORPORATION,ACER|NEC,title_brand_mismatch,NA,WISTRON CORPORATION,2022-11-01 01:58:00,[ACER][WISTRON] Unknown devices appeared in device manager when connect Bluetooth Cellular phone
750115,WISTRON CORPORATION,ACER|NEC,title_brand_mismatch,NA,WISTRON CORPORATION,2022-11-01 01:58:00,[ACER][WISTRON] Unknown devices appeared in device manager when connect Bluetooth Cellular phone
750115,WISTRON CORPORATION,ACER|NEC,title_brand_mismatch,NA,WISTRON CORPORATION,2022-11-01 01:58:00,[ACER][WISTRON] Unknown devices appeared in device manager when connect Bluetooth Cellular phone
750102,INVENTEC CORPORATION,HP,title_brand_mismatch,NA,INVENTEC CORPORATION,2022-11-01 01:46:00,[HP][IEC] - SIO2149705[Arizona][ADL][GFP2-AX211][Win10 19045.2130]BSOD 0x9f occurred when running WinPVT Run-in 48Hr.
750102,INVENTEC CORPORATION,HP,title_brand_mismatch,NA,INVENTEC CORPORATION,2022-11-01 01:46:00,[HP][IEC] - SIO2149705[Arizona][ADL][GFP2-AX211][Win10 19045.2130]BSOD 0x9f occurred when running WinPVT Run-in 48Hr.
750102,INVENTEC CORPORATION,HP,title_brand_mismatch,NA,INVENTEC CORPORATION,2022-11-01 01:46:00,[HP][IEC] - SIO2149705[Arizona][ADL][GFP2-AX211][Win10 19045.2130]BSOD 0x9f occurred when running WinPVT Run-in 48Hr.
750100,WISTRON CORPORATION,ACER,title_brand_mismatch,NA,WISTRON CORPORATION,2022-11-01 01:42:00,[ACER][Wistron]  Sound volume will changed after Bluetooth headset or earphone device power interruptions
750100,WISTRON CORPORATION,ACER,title_brand_mismatch,NA,WISTRON CORPORATION,2022-11-01 01:42:00,[ACER][Wistron]  Sound volume will changed after Bluetooth headset or earphone device power interruptions
750100,WISTRON CORPORATION,ACER,title_brand_mismatch,NA,WISTRON CORPORATION,2022-11-01 01:42:00,[ACER][Wistron]  Sound volume will changed after Bluetooth headset or earphone device power interruptions
750089,INVENTEC CORPORATION,HP|NEC,title_brand_mismatch,INVENTEC CORPORATION,INVENTEC CORPORATION,2022-11-01 01:13:00,[HP][Zonin][RPL-S] It takes about 3 mins to change the network band information when the system re-connects to 5G hotspot wifi.
749935,"COMPAL ELECTRONICS, INC.",LENOVO,title_brand_mismatch,NA,"COMPAL ELECTRONICS, INC.",2022-10-31 19:16:00,"[Lenovo-Ideapad][Compal][S580-14_16-IRL][RPL][Win11 SV2]Stress_MS SW DRIPS=0%, after 8 hours. (F/R:3/4)."
749935,"COMPAL ELECTRONICS, INC.",LENOVO,title_brand_mismatch,NA,"COMPAL ELECTRONICS, INC.",2022-10-31 19:16:00,"[Lenovo-Ideapad][Compal][S580-14_16-IRL][RPL][Win11 SV2]Stress_MS SW DRIPS=0%, after 8 hours. (F/R:3/4)."
749935,"COMPAL ELECTRONICS, INC.",LENOVO,title_brand_mismatch,NA,"COMPAL ELECTRONICS, INC.",2022-10-31 19:16:00,"[Lenovo-Ideapad][Compal][S580-14_16-IRL][RPL][Win11 SV2]Stress_MS SW DRIPS=0%, after 8 hours. (F/R:3/4)."
749769,"HUAQIN TECHNOLOGY CO., LTD",SAMSUNG,title_brand_mismatch,NA,"Huaqin Technology Co., Ltd",2022-10-31 03:08:00,"[Huaqin][Samsung][NB099B][Intel RPL] [SV2] [AX201] After playing video with media player, found the headphone no sound. (FR: 1 out of 2 units, 2 out of 50 times)"
749769,"HUAQIN TECHNOLOGY CO., LTD",SAMSUNG,title_brand_mismatch,NA,"Huaqin Technology Co., Ltd",2022-10-31 03:08:00,"[Huaqin][Samsung][NB099B][Intel RPL] [SV2] [AX201] After playing video with media player, found the headphone no sound. (FR: 1 out of 2 units, 2 out of 50 times)"
749769,"HUAQIN TECHNOLOGY CO., LTD",SAMSUNG,title_brand_mismatch,NA,"Huaqin Technology Co., Ltd",2022-10-31 03:08:00,"[Huaqin][Samsung][NB099B][Intel RPL] [SV2] [AX201] After playing video with media player, found the headphone no sound. (FR: 1 out of 2 units, 2 out of 50 times)"
749661,WISTRON CORPORATION,LENOVO,title_brand_mismatch,NA,WISTRON CORPORATION,2022-10-31 00:34:00,[Lenovo-Ideapad][Wistron][IdeaPad Flex 5 14/16IRU8][RPL][IntelAX203][22H2][100%] WiFi Stress Test fail
749661,WISTRON CORPORATION,LENOVO,title_brand_mismatch,NA,WISTRON CORPORATION,2022-10-31 00:34:00,[Lenovo-Ideapad][Wistron][IdeaPad Flex 5 14/16IRU8][RPL][IntelAX203][22H2][100%] WiFi Stress Test fail
749661,WISTRON CORPORATION,LENOVO,title_brand_mismatch,NA,WISTRON CORPORATION,2022-10-31 00:34:00,[Lenovo-Ideapad][Wistron][IdeaPad Flex 5 14/16IRU8][RPL][IntelAX203][22H2][100%] WiFi Stress Test fail
749170,WISTRON CORPORATION,NEC,title_brand_mismatch,NA,WISTRON CORPORATION,2022-10-28 00:19:00,Thinkpad L13 Gen2 + AX201 cannot connect to 40/80MHz WIFI network in Indonesia
749170,WISTRON CORPORATION,NEC,title_brand_mismatch,NA,WISTRON CORPORATION,2022-10-28 00:19:00,Thinkpad L13 Gen2 + AX201 cannot connect to 40/80MHz WIFI network in Indonesia
749170,WISTRON CORPORATION,NEC,title_brand_mismatch,NA,WISTRON CORPORATION,2022-10-28 00:19:00,Thinkpad L13 Gen2 + AX201 cannot connect to 40/80MHz WIFI network in Indonesia
749108,"COMPAL ELECTRONICS, INC.",HP|NEC,title_brand_mismatch,NA,"COMPAL ELECTRONICS, INC.",2022-10-27 22:38:00,[HP] - SIO2148172 - [SIT][FIT-COMM][ADL][Win11][SI2] Cursor does not move smoothly by using trackpad on BT soft-KB when connecting BT A2DP device during audio/video call via online meeting APP
749108,"COMPAL ELECTRONICS, INC.",HP|NEC,title_brand_mismatch,NA,"COMPAL ELECTRONICS, INC.",2022-10-27 22:38:00,[HP] - SIO2148172 - [SIT][FIT-COMM][ADL][Win11][SI2] Cursor does not move smoothly by using trackpad on BT soft-KB when connecting BT A2DP device during audio/video call via online meeting APP
749108,"COMPAL ELECTRONICS, INC.",HP|NEC,title_brand_mismatch,NA,"COMPAL ELECTRONICS, INC.",2022-10-27 22:38:00,[HP] - SIO2148172 - [SIT][FIT-COMM][ADL][Win11][SI2] Cursor does not move smoothly by using trackpad on BT soft-KB when connecting BT A2DP device during audio/video call via online meeting APP
749095,"COMPAL ELECTRONICS, INC.",HP,title_brand_mismatch,NA,"COMPAL ELECTRONICS, INC.",2022-10-27 21:52:00,[HP] - SIO2143487 [SIT][FIT-COMM][ADL][Win11][SI2] The volume bar is stuck when adjusting the BT speaker volume by pressing hotkey F6/F7 or volume button during audio/video call with online meeting APP
749095,"COMPAL ELECTRONICS, INC.",HP,title_brand_mismatch,NA,"COMPAL ELECTRONICS, INC.",2022-10-27 21:52:00,[HP] - SIO2143487 [SIT][FIT-COMM][ADL][Win11][SI2] The volume bar is stuck when adjusting the BT speaker volume by pressing hotkey F6/F7 or volume button during audio/video call with online meeting APP
749095,"COMPAL ELECTRONICS, INC.",HP,title_brand_mismatch,NA,"COMPAL ELECTRONICS, INC.",2022-10-27 21:52:00,[HP] - SIO2143487 [SIT][FIT-COMM][ADL][Win11][SI2] The volume bar is stuck when adjusting the BT speaker volume by pressing hotkey F6/F7 or volume button during audio/video call with online meeting APP
749069,PEGATRON CORPORATION,DELL|NEC,title_brand_mismatch,NA,Pegatron Corporation,2022-10-27 20:46:00,[DELL][PEGATRON][Delta][TGL-U] 120836.010 WiFi: BIOS DSM Specific setting for Intel WLAN connectivity overview ? Basic Verification
749069,PEGATRON CORPORATION,DELL|NEC,title_brand_mismatch,NA,Pegatron Corporation,2022-10-27 20:46:00,[DELL][PEGATRON][Delta][TGL-U] 120836.010 WiFi: BIOS DSM Specific setting for Intel WLAN connectivity overview ? Basic Verification
749069,PEGATRON CORPORATION,DELL|NEC,title_brand_mismatch,NA,Pegatron Corporation,2022-10-27 20:46:00,[DELL][PEGATRON][Delta][TGL-U] 120836.010 WiFi: BIOS DSM Specific setting for Intel WLAN connectivity overview ? Basic Verification
748741,WISTRON CORPORATION,LENOVO|NEC,title_brand_mismatch,NA,WISTRON CORPORATION,2022-10-26 23:58:00,[Lenovo-Ideapad][Wistron][ThinkBook 13x G2 IAP][IAP][IntelAX211][21H2][30%] Wi-fi disconnect issue on Wi-Fi dock
748741,WISTRON CORPORATION,LENOVO|NEC,title_brand_mismatch,NA,WISTRON CORPORATION,2022-10-26 23:58:00,[Lenovo-Ideapad][Wistron][ThinkBook 13x G2 IAP][IAP][IntelAX211][21H2][30%] Wi-fi disconnect issue on Wi-Fi dock
748741,WISTRON CORPORATION,LENOVO|NEC,title_brand_mismatch,NA,WISTRON CORPORATION,2022-10-26 23:58:00,[Lenovo-Ideapad][Wistron][ThinkBook 13x G2 IAP][IAP][IntelAX211][21H2][30%] Wi-fi disconnect issue on Wi-Fi dock
748695,WISTRON CORPORATION,LENOVO,title_brand_mismatch,NA,WISTRON CORPORATION,2022-10-26 22:07:00,[Lenovo][Wistron ADL-N][500W GEN4 _FVT_Win11]:Intel BT YB appears in S3 stress test
748695,WISTRON CORPORATION,LENOVO,title_brand_mismatch,NA,WISTRON CORPORATION,2022-10-26 22:07:00,[Lenovo][Wistron ADL-N][500W GEN4 _FVT_Win11]:Intel BT YB appears in S3 stress test
748695,WISTRON CORPORATION,LENOVO,title_brand_mismatch,NA,WISTRON CORPORATION,2022-10-26 22:07:00,[Lenovo][Wistron ADL-N][500W GEN4 _FVT_Win11]:Intel BT YB appears in S3 stress test
748529,"COMPAL ELECTRONICS, INC.",LENOVO,title_brand_mismatch,NA,"COMPAL ELECTRONICS, INC.",2022-10-26 07:05:00,Lenovo-IdeaPad] [Compal][Taitan4.0-14 G5 IRL][SV2][RPL-P] [AX211] Conductive T-put test fail in 6E band CH37 &CH117 &CH213 at bw-ant lab
748529,"COMPAL ELECTRONICS, INC.",LENOVO,title_brand_mismatch,NA,"COMPAL ELECTRONICS, INC.",2022-10-26 07:05:00,Lenovo-IdeaPad] [Compal][Taitan4.0-14 G5 IRL][SV2][RPL-P] [AX211] Conductive T-put test fail in 6E band CH37 &CH117 &CH213 at bw-ant lab
748529,"COMPAL ELECTRONICS, INC.",LENOVO,title_brand_mismatch,NA,"COMPAL ELECTRONICS, INC.",2022-10-26 07:05:00,Lenovo-IdeaPad] [Compal][Taitan4.0-14 G5 IRL][SV2][RPL-P] [AX211] Conductive T-put test fail in 6E band CH37 &CH117 &CH213 at bw-ant lab
748482,"HUAQIN TECHNOLOGY CO., LTD",SAMSUNG,title_brand_mismatch,NA,"Huaqin Technology Co., Ltd",2022-10-26 03:37:00,"[Huaqin][Samsung][NB6100B][Intel RPL][SV2][AX201]After an online video is played, the Bluetooth is turned on and off repeatedly, and the headset is abnormal. (FR: 2 out of 2 units, 4 out of 60 times)"
748482,"HUAQIN TECHNOLOGY CO., LTD",SAMSUNG,title_brand_mismatch,NA,"Huaqin Technology Co., Ltd",2022-10-26 03:37:00,"[Huaqin][Samsung][NB6100B][Intel RPL][SV2][AX201]After an online video is played, the Bluetooth is turned on and off repeatedly, and the headset is abnormal. (FR: 2 out of 2 units, 4 out of 60 times)"
748482,"HUAQIN TECHNOLOGY CO., LTD",SAMSUNG,title_brand_mismatch,NA,"Huaqin Technology Co., Ltd",2022-10-26 03:37:00,"[Huaqin][Samsung][NB6100B][Intel RPL][SV2][AX201]After an online video is played, the Bluetooth is turned on and off repeatedly, and the headset is abnormal. (FR: 2 out of 2 units, 4 out of 60 times)"
748129,"COMPAL ELECTRONICS, INC.",HP,title_brand_mismatch,NA,"COMPAL ELECTRONICS, INC.",2022-10-25 08:21:00,[HP] - SIO2147209 [SIT][BIOS][RPL][INT] Black screen (0x9f BSOD) occur during running Acceptance weekends NO SCMB WinPVT script
748129,"COMPAL ELECTRONICS, INC.",HP,title_brand_mismatch,NA,"COMPAL ELECTRONICS, INC.",2022-10-25 08:21:00,[HP] - SIO2147209 [SIT][BIOS][RPL][INT] Black screen (0x9f BSOD) occur during running Acceptance weekends NO SCMB WinPVT script
748129,"COMPAL ELECTRONICS, INC.",HP,title_brand_mismatch,NA,"COMPAL ELECTRONICS, INC.",2022-10-25 08:21:00,[HP] - SIO2147209 [SIT][BIOS][RPL][INT] Black screen (0x9f BSOD) occur during running Acceptance weekends NO SCMB WinPVT script
747885,PEGATRON CORPORATION,NEC,title_brand_mismatch,NA,Pegatron Corporation,2022-10-24 22:55:00,[Pegatron][B1402/1502CGA][AlderLake_N] WiFi card can not connect network under BIOS setup
747885,PEGATRON CORPORATION,NEC,title_brand_mismatch,NA,Pegatron Corporation,2022-10-24 22:55:00,[Pegatron][B1402/1502CGA][AlderLake_N] WiFi card can not connect network under BIOS setup
747885,PEGATRON CORPORATION,NEC,title_brand_mismatch,NA,Pegatron Corporation,2022-10-24 22:55:00,[Pegatron][B1402/1502CGA][AlderLake_N] WiFi card can not connect network under BIOS setup
747827,WISTRON CORPORATION,HP|LENOVO,title_brand_mismatch,NA,WISTRON CORPORATION,2022-10-24 20:35:00,[Lenovo-Ideapad][Wistron][IdeaPad Flex 5 14/16IRU8][RPL][IntelAX211][22H2][100%] WiFi conductive throughput test fail
747827,WISTRON CORPORATION,HP|LENOVO,title_brand_mismatch,NA,WISTRON CORPORATION,2022-10-24 20:35:00,[Lenovo-Ideapad][Wistron][IdeaPad Flex 5 14/16IRU8][RPL][IntelAX211][22H2][100%] WiFi conductive throughput test fail
747827,WISTRON CORPORATION,HP|LENOVO,title_brand_mismatch,NA,WISTRON CORPORATION,2022-10-24 20:35:00,[Lenovo-Ideapad][Wistron][IdeaPad Flex 5 14/16IRU8][RPL][IntelAX211][22H2][100%] WiFi conductive throughput test fail
747824,WISTRON CORPORATION,HP|LENOVO,title_brand_mismatch,NA,WISTRON CORPORATION,2022-10-24 20:25:00,[Lenovo-Ideapad][Wistron][IdeaPad Flex 5 14/16IRU8][RPL][IntelAX203][22H2][100%] WiFi conductive throughput test fail
747824,WISTRON CORPORATION,HP|LENOVO,title_brand_mismatch,NA,WISTRON CORPORATION,2022-10-24 20:25:00,[Lenovo-Ideapad][Wistron][IdeaPad Flex 5 14/16IRU8][RPL][IntelAX203][22H2][100%] WiFi conductive throughput test fail
747824,WISTRON CORPORATION,HP|LENOVO,title_brand_mismatch,NA,WISTRON CORPORATION,2022-10-24 20:25:00,[Lenovo-Ideapad][Wistron][IdeaPad Flex 5 14/16IRU8][RPL][IntelAX203][22H2][100%] WiFi conductive throughput test fail
747492,"FOXCONN TECHNOLOGY CO., LTD.",HP,title_brand_mismatch,NA,"FOXCONN TECHNOLOGY CO., LTD.",2022-10-24 00:24:00,"[HP][Foxconn][RPL][GFP2-AX211][Win10 22H2]WIV_2PP_CheckDevices.err and WIV_3PP_CheckDevices.err exist in C:\system.sav and Yellow bang about ""Intel(R) Wi-Fi 6E AX211"" in Device Manager."
747492,"FOXCONN TECHNOLOGY CO., LTD.",HP,title_brand_mismatch,NA,"FOXCONN TECHNOLOGY CO., LTD.",2022-10-24 00:24:00,"[HP][Foxconn][RPL][GFP2-AX211][Win10 22H2]WIV_2PP_CheckDevices.err and WIV_3PP_CheckDevices.err exist in C:\system.sav and Yellow bang about ""Intel(R) Wi-Fi 6E AX211"" in Device Manager."
747492,"FOXCONN TECHNOLOGY CO., LTD.",HP,title_brand_mismatch,NA,"FOXCONN TECHNOLOGY CO., LTD.",2022-10-24 00:24:00,"[HP][Foxconn][RPL][GFP2-AX211][Win10 22H2]WIV_2PP_CheckDevices.err and WIV_3PP_CheckDevices.err exist in C:\system.sav and Yellow bang about ""Intel(R) Wi-Fi 6E AX211"" in Device Manager."
747467,"COMPAL ELECTRONICS, INC.",DELL,title_brand_mismatch,NA,"COMPAL ELECTRONICS, INC.",2022-10-23 23:48:00,"[Dell/Compal][FioranoRPL] AX211 w/ killer got BSOD when run CB stress test Stop code: WDF_VIOLATION ""(0x10D)"
747467,"COMPAL ELECTRONICS, INC.",DELL,title_brand_mismatch,NA,"COMPAL ELECTRONICS, INC.",2022-10-23 23:48:00,"[Dell/Compal][FioranoRPL] AX211 w/ killer got BSOD when run CB stress test Stop code: WDF_VIOLATION ""(0x10D)"
747467,"COMPAL ELECTRONICS, INC.",DELL,title_brand_mismatch,NA,"COMPAL ELECTRONICS, INC.",2022-10-23 23:48:00,"[Dell/Compal][FioranoRPL] AX211 w/ killer got BSOD when run CB stress test Stop code: WDF_VIOLATION ""(0x10D)"
747145,"COMPAL ELECTRONICS, INC.",DELL,title_brand_mismatch,NA,"COMPAL ELECTRONICS, INC.",2022-10-21 02:41:00,<Dell><Nexus14/16(IDP40/60)<DVT><WIFI Function Test>PPAG does not work on KILLER1690i
747145,"COMPAL ELECTRONICS, INC.",DELL,title_brand_mismatch,NA,"COMPAL ELECTRONICS, INC.",2022-10-21 02:41:00,<Dell><Nexus14/16(IDP40/60)<DVT><WIFI Function Test>PPAG does not work on KILLER1690i
747145,"COMPAL ELECTRONICS, INC.",DELL,title_brand_mismatch,NA,"COMPAL ELECTRONICS, INC.",2022-10-21 02:41:00,<Dell><Nexus14/16(IDP40/60)<DVT><WIFI Function Test>PPAG does not work on KILLER1690i
747104,"HUAQIN TECHNOLOGY CO., LTD",ACER,title_brand_mismatch,NA,"Huaqin Technology Co., Ltd",2022-10-21 01:36:00,[Acer][Huaqin][NB630X][Gardenparty-ADN][Evelyne_ADN]Unable to Use the Windows 11 Mobile Hotspot Feature on 5 GHz Band
747104,"HUAQIN TECHNOLOGY CO., LTD",ACER,title_brand_mismatch,NA,"Huaqin Technology Co., Ltd",2022-10-21 01:36:00,[Acer][Huaqin][NB630X][Gardenparty-ADN][Evelyne_ADN]Unable to Use the Windows 11 Mobile Hotspot Feature on 5 GHz Band
747104,"HUAQIN TECHNOLOGY CO., LTD",ACER,title_brand_mismatch,NA,"Huaqin Technology Co., Ltd",2022-10-21 01:36:00,[Acer][Huaqin][NB630X][Gardenparty-ADN][Evelyne_ADN]Unable to Use the Windows 11 Mobile Hotspot Feature on 5 GHz Band
746620,DYNABOOK INC.,NEC,title_brand_mismatch,NA,Dynabook Inc.,2022-10-19 23:17:00,[Dynabook][ICPS]Advanced Connection Manager page disappeared after Install and launch ICPS App
746620,DYNABOOK INC.,NEC,title_brand_mismatch,NA,Dynabook Inc.,2022-10-19 23:17:00,[Dynabook][ICPS]Advanced Connection Manager page disappeared after Install and launch ICPS App
746620,DYNABOOK INC.,NEC,title_brand_mismatch,NA,Dynabook Inc.,2022-10-19 23:17:00,[Dynabook][ICPS]Advanced Connection Manager page disappeared after Install and launch ICPS App
746594,WISTRON CORPORATION,ACER,title_brand_mismatch,WISTRON CORPORATION,WISTRON CORPORATION,2022-10-19 22:46:00,[Acer - CopperBox][CFL-S]The WiFi Device Shows YB after Intall WiFi Driver v.22.170.0.3
746488,"HUAQIN TECHNOLOGY CO., LTD",ACER,title_brand_mismatch,NA,"Huaqin Technology Co., Ltd",2022-10-19 19:20:00,[Huaqin][Acer][Halzan_ADN][NB63A]The DUT takes a long time(5S~20S) to remove BT mouse.?FR?1/10?
746488,"HUAQIN TECHNOLOGY CO., LTD",ACER,title_brand_mismatch,NA,"Huaqin Technology Co., Ltd",2022-10-19 19:20:00,[Huaqin][Acer][Halzan_ADN][NB63A]The DUT takes a long time(5S~20S) to remove BT mouse.?FR?1/10?
746488,"HUAQIN TECHNOLOGY CO., LTD",ACER,title_brand_mismatch,NA,"Huaqin Technology Co., Ltd",2022-10-19 19:20:00,[Huaqin][Acer][Halzan_ADN][NB63A]The DUT takes a long time(5S~20S) to remove BT mouse.?FR?1/10?
746238,"COMPAL ELECTRONICS, INC.",ASUS|NEC,title_brand_mismatch,NA,"COMPAL ELECTRONICS, INC.",2022-10-19 00:29:00,[Compal_ASUS_B5402_ADL-P] WIFI connect fail in BIOS setup
746238,"COMPAL ELECTRONICS, INC.",ASUS|NEC,title_brand_mismatch,NA,"COMPAL ELECTRONICS, INC.",2022-10-19 00:29:00,[Compal_ASUS_B5402_ADL-P] WIFI connect fail in BIOS setup
746238,"COMPAL ELECTRONICS, INC.",ASUS|NEC,title_brand_mismatch,NA,"COMPAL ELECTRONICS, INC.",2022-10-19 00:29:00,[Compal_ASUS_B5402_ADL-P] WIFI connect fail in BIOS setup
746221,"HUAQIN TECHNOLOGY CO., LTD",NEC,title_brand_mismatch,NA,"Huaqin Technology Co., Ltd",2022-10-18 23:58:00,[Huaqin][Evelyne_ADN][NB6302A]The DM appears AX101 yellow bang when connected to the Bluetooth headset and playing music or run Wireless Display overnight
746221,"HUAQIN TECHNOLOGY CO., LTD",NEC,title_brand_mismatch,NA,"Huaqin Technology Co., Ltd",2022-10-18 23:58:00,[Huaqin][Evelyne_ADN][NB6302A]The DM appears AX101 yellow bang when connected to the Bluetooth headset and playing music or run Wireless Display overnight
746221,"HUAQIN TECHNOLOGY CO., LTD",NEC,title_brand_mismatch,NA,"Huaqin Technology Co., Ltd",2022-10-18 23:58:00,[Huaqin][Evelyne_ADN][NB6302A]The DM appears AX101 yellow bang when connected to the Bluetooth headset and playing music or run Wireless Display overnight
746214,WISTRON CORPORATION,LENOVO|NEC,title_brand_mismatch,NA,WISTRON CORPORATION,2022-10-18 23:43:00,"[Lenovo-Thinkpad][wistron][Golem2 Talos2 Intel][Raptor][AX201/AX211][Win10&Win11] 22H2 FVT1.0 22621.457: Local/Online Video show temporary lag when connect the WIDI adapter with external monitor.(FR: 2/2 units, 8/12 cycles)"
746214,WISTRON CORPORATION,LENOVO|NEC,title_brand_mismatch,NA,WISTRON CORPORATION,2022-10-18 23:43:00,"[Lenovo-Thinkpad][wistron][Golem2 Talos2 Intel][Raptor][AX201/AX211][Win10&Win11] 22H2 FVT1.0 22621.457: Local/Online Video show temporary lag when connect the WIDI adapter with external monitor.(FR: 2/2 units, 8/12 cycles)"
746214,WISTRON CORPORATION,LENOVO|NEC,title_brand_mismatch,NA,WISTRON CORPORATION,2022-10-18 23:43:00,"[Lenovo-Thinkpad][wistron][Golem2 Talos2 Intel][Raptor][AX201/AX211][Win10&Win11] 22H2 FVT1.0 22621.457: Local/Online Video show temporary lag when connect the WIDI adapter with external monitor.(FR: 2/2 units, 8/12 cycles)"
746191,WISTRON CORPORATION,LENOVO,title_brand_mismatch,NA,WISTRON CORPORATION,2022-10-18 22:50:00,[Lenovo-Thinkpad][Fenrir2][RPL]AX211 WIfi randomly not work
746191,WISTRON CORPORATION,LENOVO,title_brand_mismatch,NA,WISTRON CORPORATION,2022-10-18 22:50:00,[Lenovo-Thinkpad][Fenrir2][RPL]AX211 WIfi randomly not work
746191,WISTRON CORPORATION,LENOVO,title_brand_mismatch,NA,WISTRON CORPORATION,2022-10-18 22:50:00,[Lenovo-Thinkpad][Fenrir2][RPL]AX211 WIfi randomly not work
746090,"FOXCONN TECHNOLOGY CO., LTD.",LENOVO,title_brand_mismatch,NA,"FOXCONN TECHNOLOGY CO., LTD.",2022-10-18 18:59:00,ECR615163[ITT:189236] [Lenovo RPL-S B660][SIT]Bluetooth LANs accept and send at speed below 1.0Mbps with Intel AX201 and AX211.
746090,"FOXCONN TECHNOLOGY CO., LTD.",LENOVO,title_brand_mismatch,NA,"FOXCONN TECHNOLOGY CO., LTD.",2022-10-18 18:59:00,ECR615163[ITT:189236] [Lenovo RPL-S B660][SIT]Bluetooth LANs accept and send at speed below 1.0Mbps with Intel AX201 and AX211.
746090,"FOXCONN TECHNOLOGY CO., LTD.",LENOVO,title_brand_mismatch,NA,"FOXCONN TECHNOLOGY CO., LTD.",2022-10-18 18:59:00,ECR615163[ITT:189236] [Lenovo RPL-S B660][SIT]Bluetooth LANs accept and send at speed below 1.0Mbps with Intel AX201 and AX211.
746004,"HUAQIN TECHNOLOGY CO., LTD",ASUS|NEC,title_brand_mismatch,NA,"Huaqin Technology Co., Ltd",2022-10-18 06:03:00,[Huaqin][ASUS][K6502VI][Intel-RPL][AX211]There is about 5s delay in turning Bluetooth off in the notification when the host connected more than 5 BT device
746004,"HUAQIN TECHNOLOGY CO., LTD",ASUS|NEC,title_brand_mismatch,NA,"Huaqin Technology Co., Ltd",2022-10-18 06:03:00,[Huaqin][ASUS][K6502VI][Intel-RPL][AX211]There is about 5s delay in turning Bluetooth off in the notification when the host connected more than 5 BT device
746004,"HUAQIN TECHNOLOGY CO., LTD",ASUS|NEC,title_brand_mismatch,NA,"Huaqin Technology Co., Ltd",2022-10-18 06:03:00,[Huaqin][ASUS][K6502VI][Intel-RPL][AX211]There is about 5s delay in turning Bluetooth off in the notification when the host connected more than 5 BT device
745503,WISTRON CORPORATION,LENOVO,title_brand_mismatch,NA,WISTRON CORPORATION,2022-10-17 01:51:00,[Lenovo][Thinkpad][Padme-3]WiFi Randomly drop issue
745503,WISTRON CORPORATION,LENOVO,title_brand_mismatch,NA,WISTRON CORPORATION,2022-10-17 01:51:00,[Lenovo][Thinkpad][Padme-3]WiFi Randomly drop issue
745503,WISTRON CORPORATION,LENOVO,title_brand_mismatch,NA,WISTRON CORPORATION,2022-10-17 01:51:00,[Lenovo][Thinkpad][Padme-3]WiFi Randomly drop issue
745453,"HUAQIN TECHNOLOGY CO., LTD",LENOVO|NEC,title_brand_mismatch,NA,"Huaqin Technology Co., Ltd",2022-10-17 00:04:00,[Lenovo-IdeaPad][HUAQIN][NB6388A][Intel ADL][Intel AX 201][WIFI][Win11]Garbage occurs on the miracast projection screen when the WLAN is connected to a 11ax AP
745453,"HUAQIN TECHNOLOGY CO., LTD",LENOVO|NEC,title_brand_mismatch,NA,"Huaqin Technology Co., Ltd",2022-10-17 00:04:00,[Lenovo-IdeaPad][HUAQIN][NB6388A][Intel ADL][Intel AX 201][WIFI][Win11]Garbage occurs on the miracast projection screen when the WLAN is connected to a 11ax AP
745453,"HUAQIN TECHNOLOGY CO., LTD",LENOVO|NEC,title_brand_mismatch,NA,"Huaqin Technology Co., Ltd",2022-10-17 00:04:00,[Lenovo-IdeaPad][HUAQIN][NB6388A][Intel ADL][Intel AX 201][WIFI][Win11]Garbage occurs on the miracast projection screen when the WLAN is connected to a 11ax AP
745433,PEGATRON CORPORATION,ASUS,title_brand_mismatch,NA,Pegatron Corporation,2022-10-16 23:23:00,"[ASUS][B2402/B2502 CVA/FVA][RPL/ADL] Error event 5002, 5005, 5007 and 5010 logged in system event when running S4 stress test with AX201/AX211."
745433,PEGATRON CORPORATION,ASUS,title_brand_mismatch,NA,Pegatron Corporation,2022-10-16 23:23:00,"[ASUS][B2402/B2502 CVA/FVA][RPL/ADL] Error event 5002, 5005, 5007 and 5010 logged in system event when running S4 stress test with AX201/AX211."
745433,PEGATRON CORPORATION,ASUS,title_brand_mismatch,NA,Pegatron Corporation,2022-10-16 23:23:00,"[ASUS][B2402/B2502 CVA/FVA][RPL/ADL] Error event 5002, 5005, 5007 and 5010 logged in system event when running S4 stress test with AX201/AX211."
745302,PEGATRON CORPORATION,SAMSUNG,title_brand_mismatch,NA,Pegatron Corporation,2022-10-16 19:27:00,[Samsung][Nova2-AIO][Raptor Lake-P][WIFI-9462 CNVI Card] system can't be waked up from modern standy through WIFI v 22.170.0.3.
745302,PEGATRON CORPORATION,SAMSUNG,title_brand_mismatch,NA,Pegatron Corporation,2022-10-16 19:27:00,[Samsung][Nova2-AIO][Raptor Lake-P][WIFI-9462 CNVI Card] system can't be waked up from modern standy through WIFI v 22.170.0.3.
745302,PEGATRON CORPORATION,SAMSUNG,title_brand_mismatch,NA,Pegatron Corporation,2022-10-16 19:27:00,[Samsung][Nova2-AIO][Raptor Lake-P][WIFI-9462 CNVI Card] system can't be waked up from modern standy through WIFI v 22.170.0.3.
745244,"HUAQIN TECHNOLOGY CO., LTD",ASUS,title_brand_mismatch,NA,"Huaqin Technology Co., Ltd",2022-10-15 00:17:00,[ASUS][HUAQIN][UX3402VA][RPL-P][AX211][BT][22H2] BSOD 0xA appear when run MS stress test (F/R: 11/200Untis)
745244,"HUAQIN TECHNOLOGY CO., LTD",ASUS,title_brand_mismatch,NA,"Huaqin Technology Co., Ltd",2022-10-15 00:17:00,[ASUS][HUAQIN][UX3402VA][RPL-P][AX211][BT][22H2] BSOD 0xA appear when run MS stress test (F/R: 11/200Untis)
745244,"HUAQIN TECHNOLOGY CO., LTD",ASUS,title_brand_mismatch,NA,"Huaqin Technology Co., Ltd",2022-10-15 00:17:00,[ASUS][HUAQIN][UX3402VA][RPL-P][AX211][BT][22H2] BSOD 0xA appear when run MS stress test (F/R: 11/200Untis)
745111,"HUAQIN TECHNOLOGY CO., LTD",ASUS|NEC,title_brand_mismatch,NA,"Huaqin Technology Co., Ltd",2022-10-14 01:59:00,[ASUS][HUAQIN][NB3993B][Intel ADL][Intel AX 211][WIFI][Win11] Garbage occurs on the miracast projection screen when the WLAN is connected to a 5G AP.
745111,"HUAQIN TECHNOLOGY CO., LTD",ASUS|NEC,title_brand_mismatch,NA,"Huaqin Technology Co., Ltd",2022-10-14 01:59:00,[ASUS][HUAQIN][NB3993B][Intel ADL][Intel AX 211][WIFI][Win11] Garbage occurs on the miracast projection screen when the WLAN is connected to a 5G AP.
745111,"HUAQIN TECHNOLOGY CO., LTD",ASUS|NEC,title_brand_mismatch,NA,"Huaqin Technology Co., Ltd",2022-10-14 01:59:00,[ASUS][HUAQIN][NB3993B][Intel ADL][Intel AX 211][WIFI][Win11] Garbage occurs on the miracast projection screen when the WLAN is connected to a 5G AP.
745066,"COMPAL ELECTRONICS, INC.",DELL,title_brand_mismatch,NA,"COMPAL ELECTRONICS, INC.",2022-10-14 00:58:00,[Dell]DVT1_Oasis_Run PLDR Test tool fail(Failed to disable the radio). (F/R:5/5 Units 3/3)
745066,"COMPAL ELECTRONICS, INC.",DELL,title_brand_mismatch,NA,"COMPAL ELECTRONICS, INC.",2022-10-14 00:58:00,[Dell]DVT1_Oasis_Run PLDR Test tool fail(Failed to disable the radio). (F/R:5/5 Units 3/3)
745066,"COMPAL ELECTRONICS, INC.",DELL,title_brand_mismatch,NA,"COMPAL ELECTRONICS, INC.",2022-10-14 00:58:00,[Dell]DVT1_Oasis_Run PLDR Test tool fail(Failed to disable the radio). (F/R:5/5 Units 3/3)
745008,"HUAQIN TECHNOLOGY CO., LTD",SAMSUNG,title_brand_mismatch,NA,"Huaqin Technology Co., Ltd",2022-10-13 23:40:00,"[Huaqin][Samsung][NB6100B][Intel RPL][SV2][AX201]After playing online video, found the headphones no sound.(FR: 2 out of 2 units, 4 out of 60 times)"
745008,"HUAQIN TECHNOLOGY CO., LTD",SAMSUNG,title_brand_mismatch,NA,"Huaqin Technology Co., Ltd",2022-10-13 23:40:00,"[Huaqin][Samsung][NB6100B][Intel RPL][SV2][AX201]After playing online video, found the headphones no sound.(FR: 2 out of 2 units, 4 out of 60 times)"
745008,"HUAQIN TECHNOLOGY CO., LTD",SAMSUNG,title_brand_mismatch,NA,"Huaqin Technology Co., Ltd",2022-10-13 23:40:00,"[Huaqin][Samsung][NB6100B][Intel RPL][SV2][AX201]After playing online video, found the headphones no sound.(FR: 2 out of 2 units, 4 out of 60 times)"
744993,"HUAQIN TECHNOLOGY CO., LTD",ACER|NEC,title_brand_mismatch,NA,"Huaqin Technology Co., Ltd",2022-10-13 22:56:00,[Acer][Huaqin][Verrou_ADN][NB6306A][DVT][22H2]Intel 9560 Wlan scan list is empty during run website connection stress test ?F/R:4/15units   6/19cycles )
744993,"HUAQIN TECHNOLOGY CO., LTD",ACER|NEC,title_brand_mismatch,NA,"Huaqin Technology Co., Ltd",2022-10-13 22:56:00,[Acer][Huaqin][Verrou_ADN][NB6306A][DVT][22H2]Intel 9560 Wlan scan list is empty during run website connection stress test ?F/R:4/15units   6/19cycles )
744993,"HUAQIN TECHNOLOGY CO., LTD",ACER|NEC,title_brand_mismatch,NA,"Huaqin Technology Co., Ltd",2022-10-13 22:56:00,[Acer][Huaqin][Verrou_ADN][NB6306A][DVT][22H2]Intel 9560 Wlan scan list is empty during run website connection stress test ?F/R:4/15units   6/19cycles )
744947,"COMPAL ELECTRONICS, INC.",DELL,title_brand_mismatch,NA,"COMPAL ELECTRONICS, INC.",2022-10-13 20:25:00,[Dell]DVT1_Teton_Run PLDR Test tool fail(Failed to disable the radio). (F/R:3/5U 3/5T)
744947,"COMPAL ELECTRONICS, INC.",DELL,title_brand_mismatch,NA,"COMPAL ELECTRONICS, INC.",2022-10-13 20:25:00,[Dell]DVT1_Teton_Run PLDR Test tool fail(Failed to disable the radio). (F/R:3/5U 3/5T)
744947,"COMPAL ELECTRONICS, INC.",DELL,title_brand_mismatch,NA,"COMPAL ELECTRONICS, INC.",2022-10-13 20:25:00,[Dell]DVT1_Teton_Run PLDR Test tool fail(Failed to disable the radio). (F/R:3/5U 3/5T)
744682,"COMPAL ELECTRONICS, INC.",LENOVO,title_brand_mismatch,NA,"COMPAL ELECTRONICS, INC.",2022-10-13 01:05:00,[Lenovo-Ideapad] [Compal] [S580] [RPL-P] [AX211] Conductive Tput test fail at 6E ch213
744682,"COMPAL ELECTRONICS, INC.",LENOVO,title_brand_mismatch,NA,"COMPAL ELECTRONICS, INC.",2022-10-13 01:05:00,[Lenovo-Ideapad] [Compal] [S580] [RPL-P] [AX211] Conductive Tput test fail at 6E ch213
744682,"COMPAL ELECTRONICS, INC.",LENOVO,title_brand_mismatch,NA,"COMPAL ELECTRONICS, INC.",2022-10-13 01:05:00,[Lenovo-Ideapad] [Compal] [S580] [RPL-P] [AX211] Conductive Tput test fail at 6E ch213
744548,SAMSUNG,NEC,title_brand_mismatch,NA,"SAMSUNG ELECTRONICS CO., LTD.",2022-10-12 19:51:00,[Win10][TyP] BT speaker is disconnected during playing music
744548,SAMSUNG,NEC,title_brand_mismatch,NA,"SAMSUNG ELECTRONICS CO., LTD.",2022-10-12 19:51:00,[Win10][TyP] BT speaker is disconnected during playing music
744548,SAMSUNG,NEC,title_brand_mismatch,NA,"SAMSUNG ELECTRONICS CO., LTD.",2022-10-12 19:51:00,[Win10][TyP] BT speaker is disconnected during playing music
744515,"HUAQIN TECHNOLOGY CO., LTD",NEC,title_brand_mismatch,NA,"Huaqin Technology Co., Ltd",2022-10-12 18:47:00,"[Huaqin][Halzan_ADL_N][NB6302]The DM appears INT9560 wireless yellow Bang, after connecting to WIFI and using USB disk to copy files. (FR:1/6 )"
744515,"HUAQIN TECHNOLOGY CO., LTD",NEC,title_brand_mismatch,NA,"Huaqin Technology Co., Ltd",2022-10-12 18:47:00,"[Huaqin][Halzan_ADL_N][NB6302]The DM appears INT9560 wireless yellow Bang, after connecting to WIFI and using USB disk to copy files. (FR:1/6 )"
744515,"HUAQIN TECHNOLOGY CO., LTD",NEC,title_brand_mismatch,NA,"Huaqin Technology Co., Ltd",2022-10-12 18:47:00,"[Huaqin][Halzan_ADL_N][NB6302]The DM appears INT9560 wireless yellow Bang, after connecting to WIFI and using USB disk to copy files. (FR:1/6 )"
744324,PEGATRON CORPORATION,ASUS,title_brand_mismatch,NA,Pegatron Corporation,2022-10-12 00:26:00,[ASUS][AX201][B2402/B2502_CVA/FVA ]WRT Tool can't work on B2402/2502_CVA/FVA with AX201
744324,PEGATRON CORPORATION,ASUS,title_brand_mismatch,NA,Pegatron Corporation,2022-10-12 00:26:00,[ASUS][AX201][B2402/B2502_CVA/FVA ]WRT Tool can't work on B2402/2502_CVA/FVA with AX201
744324,PEGATRON CORPORATION,ASUS,title_brand_mismatch,NA,Pegatron Corporation,2022-10-12 00:26:00,[ASUS][AX201][B2402/B2502_CVA/FVA ]WRT Tool can't work on B2402/2502_CVA/FVA with AX201
743881,"COMPAL ELECTRONICS, INC.",DELL,title_brand_mismatch,NA,"COMPAL ELECTRONICS, INC.",2022-10-10 20:52:00,"[Dell][Compal][Nexus]SUT shows PLDR Test failed after run ""ibterverify.exe -p -t -v"""
743881,"COMPAL ELECTRONICS, INC.",DELL,title_brand_mismatch,NA,"COMPAL ELECTRONICS, INC.",2022-10-10 20:52:00,"[Dell][Compal][Nexus]SUT shows PLDR Test failed after run ""ibterverify.exe -p -t -v"""
743881,"COMPAL ELECTRONICS, INC.",DELL,title_brand_mismatch,NA,"COMPAL ELECTRONICS, INC.",2022-10-10 20:52:00,"[Dell][Compal][Nexus]SUT shows PLDR Test failed after run ""ibterverify.exe -p -t -v"""
743293,"COMPAL ELECTRONICS, INC.",DELL,title_brand_mismatch,NA,"COMPAL ELECTRONICS, INC.",2022-10-07 02:50:00,[Dell][RPL]Oasis_Dell pair makes Audio offload function lost
743293,"COMPAL ELECTRONICS, INC.",DELL,title_brand_mismatch,NA,"COMPAL ELECTRONICS, INC.",2022-10-07 02:50:00,[Dell][RPL]Oasis_Dell pair makes Audio offload function lost
743293,"COMPAL ELECTRONICS, INC.",DELL,title_brand_mismatch,NA,"COMPAL ELECTRONICS, INC.",2022-10-07 02:50:00,[Dell][RPL]Oasis_Dell pair makes Audio offload function lost
742441,PEGATRON CORPORATION,ASUS,title_brand_mismatch,NA,Pegatron Corporation,2022-10-03 18:41:00,[ASUS][B1402/B1502CBA][ADL-P] Wake on WALN issue
742441,PEGATRON CORPORATION,ASUS,title_brand_mismatch,NA,Pegatron Corporation,2022-10-03 18:41:00,[ASUS][B1402/B1502CBA][ADL-P] Wake on WALN issue
742441,PEGATRON CORPORATION,ASUS,title_brand_mismatch,NA,Pegatron Corporation,2022-10-03 18:41:00,[ASUS][B1402/B1502CBA][ADL-P] Wake on WALN issue
741966,DELL,HP,title_brand_mismatch,NA,DELL U S A CORPORATION,2022-09-29 21:08:00,RFQ HrP1 Throughput Evaluation...abnormal throughput at 2.4GHz 40MHz channel 6L 11n mode TX direction
741966,DELL,HP,title_brand_mismatch,NA,DELL U S A CORPORATION,2022-09-29 21:08:00,RFQ HrP1 Throughput Evaluation...abnormal throughput at 2.4GHz 40MHz channel 6L 11n mode TX direction
741966,DELL,HP,title_brand_mismatch,NA,DELL U S A CORPORATION,2022-09-29 21:08:00,RFQ HrP1 Throughput Evaluation...abnormal throughput at 2.4GHz 40MHz channel 6L 11n mode TX direction
741467,"HUAQIN TECHNOLOGY CO., LTD",ASUS,title_brand_mismatch,NA,"Huaqin Technology Co., Ltd",2022-09-28 06:17:00,[Huaqin][ASUS_B5302][ADL][22H2]WiFi YB when running reboot stress test
741467,"HUAQIN TECHNOLOGY CO., LTD",ASUS,title_brand_mismatch,NA,"Huaqin Technology Co., Ltd",2022-09-28 06:17:00,[Huaqin][ASUS_B5302][ADL][22H2]WiFi YB when running reboot stress test
741467,"HUAQIN TECHNOLOGY CO., LTD",ASUS,title_brand_mismatch,NA,"Huaqin Technology Co., Ltd",2022-09-28 06:17:00,[Huaqin][ASUS_B5302][ADL][22H2]WiFi YB when running reboot stress test
741309,PEGATRON CORPORATION,DELL,title_brand_mismatch,NA,Pegatron Corporation,2022-09-28 00:10:00,[Dell][Pega]Intel Wifi - the Wifi driver 22.170.0.2 will cause the system reboot time too long(about 2min) when the OS is Win10.
741309,PEGATRON CORPORATION,DELL,title_brand_mismatch,NA,Pegatron Corporation,2022-09-28 00:10:00,[Dell][Pega]Intel Wifi - the Wifi driver 22.170.0.2 will cause the system reboot time too long(about 2min) when the OS is Win10.
741309,PEGATRON CORPORATION,DELL,title_brand_mismatch,NA,Pegatron Corporation,2022-09-28 00:10:00,[Dell][Pega]Intel Wifi - the Wifi driver 22.170.0.2 will cause the system reboot time too long(about 2min) when the OS is Win10.
740904,"COMPAL ELECTRONICS, INC.",DELL,title_brand_mismatch,NA,"COMPAL ELECTRONICS, INC.",2022-09-27 00:53:00,[Dell/Compal][Teton][RPL] System longer boot(circling) time after install WLAN 22.170.2.1
740904,"COMPAL ELECTRONICS, INC.",DELL,title_brand_mismatch,NA,"COMPAL ELECTRONICS, INC.",2022-09-27 00:53:00,[Dell/Compal][Teton][RPL] System longer boot(circling) time after install WLAN 22.170.2.1
740904,"COMPAL ELECTRONICS, INC.",DELL,title_brand_mismatch,NA,"COMPAL ELECTRONICS, INC.",2022-09-27 00:53:00,[Dell/Compal][Teton][RPL] System longer boot(circling) time after install WLAN 22.170.2.1
740501,"HUAQIN TECHNOLOGY CO., LTD",LENOVO,title_brand_mismatch,NA,"Huaqin Technology Co., Ltd",2022-09-26 00:15:00,"[Huaqin][Lenovo]Raptor Lake P][C780][]22H2[AX211][BT]System encountered BSOD (0x1E) when run the S4 stress . (F/R: 1/30 by UUT, 1/1500by cycles)"
740501,"HUAQIN TECHNOLOGY CO., LTD",LENOVO,title_brand_mismatch,NA,"Huaqin Technology Co., Ltd",2022-09-26 00:15:00,"[Huaqin][Lenovo]Raptor Lake P][C780][]22H2[AX211][BT]System encountered BSOD (0x1E) when run the S4 stress . (F/R: 1/30 by UUT, 1/1500by cycles)"
740501,"HUAQIN TECHNOLOGY CO., LTD",LENOVO,title_brand_mismatch,NA,"Huaqin Technology Co., Ltd",2022-09-26 00:15:00,"[Huaqin][Lenovo]Raptor Lake P][C780][]22H2[AX211][BT]System encountered BSOD (0x1E) when run the S4 stress . (F/R: 1/30 by UUT, 1/1500by cycles)"
739480,"HUAQIN TECHNOLOGY CO., LTD",ASUS,title_brand_mismatch,NA,"Huaqin Technology Co., Ltd",2022-09-21 02:14:00,[ASUS] [HQ] [UX3404/UP3404] [Raptor Lake] CNV_BRI_RSP&CNV_RGI_RSP not monotonous
739480,"HUAQIN TECHNOLOGY CO., LTD",ASUS,title_brand_mismatch,NA,"Huaqin Technology Co., Ltd",2022-09-21 02:14:00,[ASUS] [HQ] [UX3404/UP3404] [Raptor Lake] CNV_BRI_RSP&CNV_RGI_RSP not monotonous
739480,"HUAQIN TECHNOLOGY CO., LTD",ASUS,title_brand_mismatch,NA,"Huaqin Technology Co., Ltd",2022-09-21 02:14:00,[ASUS] [HQ] [UX3404/UP3404] [Raptor Lake] CNV_BRI_RSP&CNV_RGI_RSP not monotonous
738903,WISTRON CORPORATION,DELL,title_brand_mismatch,NA,WISTRON CORPORATION,2022-09-19 19:46:00,Dell Quake Series TAS test has some problem
738903,WISTRON CORPORATION,DELL,title_brand_mismatch,NA,WISTRON CORPORATION,2022-09-19 19:46:00,Dell Quake Series TAS test has some problem
738903,WISTRON CORPORATION,DELL,title_brand_mismatch,NA,WISTRON CORPORATION,2022-09-19 19:46:00,Dell Quake Series TAS test has some problem
738338,"HUAQIN TECHNOLOGY CO., LTD",NEC|SAMSUNG,title_brand_mismatch,NA,"Huaqin Technology Co., Ltd",2022-09-16 05:02:00,"[Huaqin][Samsung][Titian 3-15][Intel RPL][Win11 22H2][AX201 ]Bluetooth device cannot display the name of the connected phone properly, when the Bluetooth is connected to the mobile phone. (FR: 1 out of 3 units, 2 out of 15 times)"
738338,"HUAQIN TECHNOLOGY CO., LTD",NEC|SAMSUNG,title_brand_mismatch,NA,"Huaqin Technology Co., Ltd",2022-09-16 05:02:00,"[Huaqin][Samsung][Titian 3-15][Intel RPL][Win11 22H2][AX201 ]Bluetooth device cannot display the name of the connected phone properly, when the Bluetooth is connected to the mobile phone. (FR: 1 out of 3 units, 2 out of 15 times)"
738338,"HUAQIN TECHNOLOGY CO., LTD",NEC|SAMSUNG,title_brand_mismatch,NA,"Huaqin Technology Co., Ltd",2022-09-16 05:02:00,"[Huaqin][Samsung][Titian 3-15][Intel RPL][Win11 22H2][AX201 ]Bluetooth device cannot display the name of the connected phone properly, when the Bluetooth is connected to the mobile phone. (FR: 1 out of 3 units, 2 out of 15 times)"
738224,"FOXCONN TECHNOLOGY CO., LTD.",LENOVO,title_brand_mismatch,NA,"FOXCONN TECHNOLOGY CO., LTD.",2022-09-15 22:48:00,[Lenovo-IdeaPad][SIT2]System occur drop shadow during play video or dragging windows when test wireless display out with Intel AX211 WLAN card.
738224,"FOXCONN TECHNOLOGY CO., LTD.",LENOVO,title_brand_mismatch,NA,"FOXCONN TECHNOLOGY CO., LTD.",2022-09-15 22:48:00,[Lenovo-IdeaPad][SIT2]System occur drop shadow during play video or dragging windows when test wireless display out with Intel AX211 WLAN card.
738224,"FOXCONN TECHNOLOGY CO., LTD.",LENOVO,title_brand_mismatch,NA,"FOXCONN TECHNOLOGY CO., LTD.",2022-09-15 22:48:00,[Lenovo-IdeaPad][SIT2]System occur drop shadow during play video or dragging windows when test wireless display out with Intel AX211 WLAN card.
737723,"HUAQIN TECHNOLOGY CO., LTD",ACER,title_brand_mismatch,NA,"Huaqin Technology Co., Ltd",2022-09-14 18:30:00,[Acer][Halzan_ADN][NB6305A] Unit show 'Intel Wireless Bluetooth(R)' in Bluetooth setting page
737723,"HUAQIN TECHNOLOGY CO., LTD",ACER,title_brand_mismatch,NA,"Huaqin Technology Co., Ltd",2022-09-14 18:30:00,[Acer][Halzan_ADN][NB6305A] Unit show 'Intel Wireless Bluetooth(R)' in Bluetooth setting page
737723,"HUAQIN TECHNOLOGY CO., LTD",ACER,title_brand_mismatch,NA,"Huaqin Technology Co., Ltd",2022-09-14 18:30:00,[Acer][Halzan_ADN][NB6305A] Unit show 'Intel Wireless Bluetooth(R)' in Bluetooth setting page
737613,"HUAQIN TECHNOLOGY CO., LTD",ACER,title_brand_mismatch,NA,"Huaqin Technology Co., Ltd",2022-09-14 03:05:00,"[Huaqin][Acer][Picotin_ADN][NB6303A]The volume OSD will not change when adjust Bluetooth speaker volume after resuming from S4.[ FR:1/2by UUTs,4/10by cycles ]"
737613,"HUAQIN TECHNOLOGY CO., LTD",ACER,title_brand_mismatch,NA,"Huaqin Technology Co., Ltd",2022-09-14 03:05:00,"[Huaqin][Acer][Picotin_ADN][NB6303A]The volume OSD will not change when adjust Bluetooth speaker volume after resuming from S4.[ FR:1/2by UUTs,4/10by cycles ]"
737613,"HUAQIN TECHNOLOGY CO., LTD",ACER,title_brand_mismatch,NA,"Huaqin Technology Co., Ltd",2022-09-14 03:05:00,"[Huaqin][Acer][Picotin_ADN][NB6303A]The volume OSD will not change when adjust Bluetooth speaker volume after resuming from S4.[ FR:1/2by UUTs,4/10by cycles ]"
737509,"COMPAL ELECTRONICS, INC.",DELL,title_brand_mismatch,NA,"COMPAL ELECTRONICS, INC.",2022-09-13 23:48:00,(Copy Of 00737388)[Dell/Compal] FCC 5.9GHz U-NII-4 extension bands could not see in DRTU 22.160 version for AX211(1216)
737509,"COMPAL ELECTRONICS, INC.",DELL,title_brand_mismatch,NA,"COMPAL ELECTRONICS, INC.",2022-09-13 23:48:00,(Copy Of 00737388)[Dell/Compal] FCC 5.9GHz U-NII-4 extension bands could not see in DRTU 22.160 version for AX211(1216)
737509,"COMPAL ELECTRONICS, INC.",DELL,title_brand_mismatch,NA,"COMPAL ELECTRONICS, INC.",2022-09-13 23:48:00,(Copy Of 00737388)[Dell/Compal] FCC 5.9GHz U-NII-4 extension bands could not see in DRTU 22.160 version for AX211(1216)
735552,"HUAQIN TECHNOLOGY CO., LTD",HONOR,title_brand_mismatch,NA,"Huaqin Technology Co., Ltd",2022-09-05 20:17:00,[HONOR][HUAQIN][Fermi&Born][Intel ADL][Intel AX 201][BT][Win11]Sound become stuttering and BT mouse is not smoothly when downloading file via weak 2.4G network.
735552,"HUAQIN TECHNOLOGY CO., LTD",HONOR,title_brand_mismatch,NA,"Huaqin Technology Co., Ltd",2022-09-05 20:17:00,[HONOR][HUAQIN][Fermi&Born][Intel ADL][Intel AX 201][BT][Win11]Sound become stuttering and BT mouse is not smoothly when downloading file via weak 2.4G network.
735552,"HUAQIN TECHNOLOGY CO., LTD",HONOR,title_brand_mismatch,NA,"Huaqin Technology Co., Ltd",2022-09-05 20:17:00,[HONOR][HUAQIN][Fermi&Born][Intel ADL][Intel AX 201][BT][Win11]Sound become stuttering and BT mouse is not smoothly when downloading file via weak 2.4G network.
735233,"SHENZHEN BITLAND INFORMATION TECHNOLOGYCO., LTD.",LENOVO,title_brand_mismatch,NA,"SHENZHEN BITLAND INFORMATION TECHNOLOGYCO., LTD.",2022-09-04 20:13:00,"[Lenovo][Bitland][Y770s][ADL][Win11][3/5 units,6/150 cycle]The DUT into MS with Killer(R) AX1690i less than (SW:90%,HW:90%) when run wifi-MS stress test."
735233,"SHENZHEN BITLAND INFORMATION TECHNOLOGYCO., LTD.",LENOVO,title_brand_mismatch,NA,"SHENZHEN BITLAND INFORMATION TECHNOLOGYCO., LTD.",2022-09-04 20:13:00,"[Lenovo][Bitland][Y770s][ADL][Win11][3/5 units,6/150 cycle]The DUT into MS with Killer(R) AX1690i less than (SW:90%,HW:90%) when run wifi-MS stress test."
735233,"SHENZHEN BITLAND INFORMATION TECHNOLOGYCO., LTD.",LENOVO,title_brand_mismatch,NA,"SHENZHEN BITLAND INFORMATION TECHNOLOGYCO., LTD.",2022-09-04 20:13:00,"[Lenovo][Bitland][Y770s][ADL][Win11][3/5 units,6/150 cycle]The DUT into MS with Killer(R) AX1690i less than (SW:90%,HW:90%) when run wifi-MS stress test."
734441,"HUAQIN TECHNOLOGY CO., LTD",LENOVO,title_brand_mismatch,NA,"Huaqin Technology Co., Ltd",2022-08-31 07:11:00,"[Lenovo][Huaqi][S780-14 Pro][RPL][Win11 22H2][AX211]UUT occur BSOD 0x7E,and dump file point to ""BthA2dp.sys"" when turn on airplane mode and then turn on BT.[FR:1/12cycles]"
734441,"HUAQIN TECHNOLOGY CO., LTD",LENOVO,title_brand_mismatch,NA,"Huaqin Technology Co., Ltd",2022-08-31 07:11:00,"[Lenovo][Huaqi][S780-14 Pro][RPL][Win11 22H2][AX211]UUT occur BSOD 0x7E,and dump file point to ""BthA2dp.sys"" when turn on airplane mode and then turn on BT.[FR:1/12cycles]"
734441,"HUAQIN TECHNOLOGY CO., LTD",LENOVO,title_brand_mismatch,NA,"Huaqin Technology Co., Ltd",2022-08-31 07:11:00,"[Lenovo][Huaqi][S780-14 Pro][RPL][Win11 22H2][AX211]UUT occur BSOD 0x7E,and dump file point to ""BthA2dp.sys"" when turn on airplane mode and then turn on BT.[FR:1/12cycles]"
734435,"HUAQIN TECHNOLOGY CO., LTD",LENOVO|NEC,title_brand_mismatch,NA,"Huaqin Technology Co., Ltd",2022-08-31 06:50:00,[Lenovo][Huaqin][S780-14 Pro][RPL][Win11 22H2][AX211&AX203]Cannot connect hotspot sucessfully.
734435,"HUAQIN TECHNOLOGY CO., LTD",LENOVO|NEC,title_brand_mismatch,NA,"Huaqin Technology Co., Ltd",2022-08-31 06:50:00,[Lenovo][Huaqin][S780-14 Pro][RPL][Win11 22H2][AX211&AX203]Cannot connect hotspot sucessfully.
734435,"HUAQIN TECHNOLOGY CO., LTD",LENOVO|NEC,title_brand_mismatch,NA,"Huaqin Technology Co., Ltd",2022-08-31 06:50:00,[Lenovo][Huaqin][S780-14 Pro][RPL][Win11 22H2][AX211&AX203]Cannot connect hotspot sucessfully.
734303,INVENTEC CORPORATION,HP,title_brand_mismatch,NA,INVENTEC CORPORATION,2022-08-31 00:55:00,[HP][IEC] - SIO2132701[Varcolac][RPL][GFP2-AX211][Win11 22000.194]BT disappear in Device Manager after PLDR test.
734303,INVENTEC CORPORATION,HP,title_brand_mismatch,NA,INVENTEC CORPORATION,2022-08-31 00:55:00,[HP][IEC] - SIO2132701[Varcolac][RPL][GFP2-AX211][Win11 22000.194]BT disappear in Device Manager after PLDR test.
734303,INVENTEC CORPORATION,HP,title_brand_mismatch,NA,INVENTEC CORPORATION,2022-08-31 00:55:00,[HP][IEC] - SIO2132701[Varcolac][RPL][GFP2-AX211][Win11 22000.194]BT disappear in Device Manager after PLDR test.
732479,QUANTA COMPUTER INC.,HONOR,title_brand_mismatch,NA,QUANTA COMPUTER INC.,2022-08-24 18:07:00,"[Honor][Quanta][H9R][GalileoF][AX201][21H2][WLAN] [#21720] After the automatic test, turn on Bluetooth, and the search list is empty when searching for devices"
732479,QUANTA COMPUTER INC.,HONOR,title_brand_mismatch,NA,QUANTA COMPUTER INC.,2022-08-24 18:07:00,"[Honor][Quanta][H9R][GalileoF][AX201][21H2][WLAN] [#21720] After the automatic test, turn on Bluetooth, and the search list is empty when searching for devices"
732479,QUANTA COMPUTER INC.,HONOR,title_brand_mismatch,NA,QUANTA COMPUTER INC.,2022-08-24 18:07:00,"[Honor][Quanta][H9R][GalileoF][AX201][21H2][WLAN] [#21720] After the automatic test, turn on Bluetooth, and the search list is empty when searching for devices"
732340,"HUAQIN TECHNOLOGY CO., LTD",ASUS,title_brand_mismatch,NA,"Huaqin Technology Co., Ltd",2022-08-24 03:07:00,[HuaQin][Asus][UP3404VA_RPL-P][UX3404VA_VC-RPL-H][UX3402VA-RPL-P][Win11 OS 22H2]Intel ICPS(BKC31) app can not work normally(F/R:100%).
732340,"HUAQIN TECHNOLOGY CO., LTD",ASUS,title_brand_mismatch,NA,"Huaqin Technology Co., Ltd",2022-08-24 03:07:00,[HuaQin][Asus][UP3404VA_RPL-P][UX3404VA_VC-RPL-H][UX3402VA-RPL-P][Win11 OS 22H2]Intel ICPS(BKC31) app can not work normally(F/R:100%).
732340,"HUAQIN TECHNOLOGY CO., LTD",ASUS,title_brand_mismatch,NA,"Huaqin Technology Co., Ltd",2022-08-24 03:07:00,[HuaQin][Asus][UP3404VA_RPL-P][UX3404VA_VC-RPL-H][UX3402VA-RPL-P][Win11 OS 22H2]Intel ICPS(BKC31) app can not work normally(F/R:100%).
732195,BYD COMPANY LIMITED,RAZER,title_brand_mismatch,NA,BYD COMPANY LIMITED,2022-08-23 23:40:00,[Razer][Sonya9][RPL-HX] AX211 RX sensitivity test value have gap with spec
732195,BYD COMPANY LIMITED,RAZER,title_brand_mismatch,NA,BYD COMPANY LIMITED,2022-08-23 23:40:00,[Razer][Sonya9][RPL-HX] AX211 RX sensitivity test value have gap with spec
732195,BYD COMPANY LIMITED,RAZER,title_brand_mismatch,NA,BYD COMPANY LIMITED,2022-08-23 23:40:00,[Razer][Sonya9][RPL-HX] AX211 RX sensitivity test value have gap with spec
732133,"COMPAL ELECTRONICS, INC.",LENOVO,title_brand_mismatch,NA,"COMPAL ELECTRONICS, INC.",2022-08-23 20:30:00,[Lenovo - Desktop] [Compal] [AIO 5 24IAP 07] [APL-H] [9560] [Win11 22H2 22621.317] [2/23] The Wlan(Intel AC-9560) show yellow bang in Device Manager during running Unigine heaven.
732133,"COMPAL ELECTRONICS, INC.",LENOVO,title_brand_mismatch,NA,"COMPAL ELECTRONICS, INC.",2022-08-23 20:30:00,[Lenovo - Desktop] [Compal] [AIO 5 24IAP 07] [APL-H] [9560] [Win11 22H2 22621.317] [2/23] The Wlan(Intel AC-9560) show yellow bang in Device Manager during running Unigine heaven.
732133,"COMPAL ELECTRONICS, INC.",LENOVO,title_brand_mismatch,NA,"COMPAL ELECTRONICS, INC.",2022-08-23 20:30:00,[Lenovo - Desktop] [Compal] [AIO 5 24IAP 07] [APL-H] [9560] [Win11 22H2 22621.317] [2/23] The Wlan(Intel AC-9560) show yellow bang in Device Manager during running Unigine heaven.
731717,"HUAQIN TECHNOLOGY CO., LTD",ACER|NEC,title_brand_mismatch,NA,"Huaqin Technology Co., Ltd",2022-08-22 20:19:00,[Huaqin][Acer_Evelyne_ADL-N] [NB6302A]The Bluetooth mouse that has been successfully connected to DUT does not function after being restarted.(10%~20%)
731717,"HUAQIN TECHNOLOGY CO., LTD",ACER|NEC,title_brand_mismatch,NA,"Huaqin Technology Co., Ltd",2022-08-22 20:19:00,[Huaqin][Acer_Evelyne_ADL-N] [NB6302A]The Bluetooth mouse that has been successfully connected to DUT does not function after being restarted.(10%~20%)
731717,"HUAQIN TECHNOLOGY CO., LTD",ACER|NEC,title_brand_mismatch,NA,"Huaqin Technology Co., Ltd",2022-08-22 20:19:00,[Huaqin][Acer_Evelyne_ADL-N] [NB6302A]The Bluetooth mouse that has been successfully connected to DUT does not function after being restarted.(10%~20%)
731490,"COMPAL ELECTRONICS, INC.",LENOVO,title_brand_mismatch,NA,"COMPAL ELECTRONICS, INC.",2022-08-22 02:05:00,[Lenovo - Desktop] [COMPAL] [Neo 50a-24IAH] [ADL-H] [9560] [Win11 22H2] [2.6%] BT yellow band
731490,"COMPAL ELECTRONICS, INC.",LENOVO,title_brand_mismatch,NA,"COMPAL ELECTRONICS, INC.",2022-08-22 02:05:00,[Lenovo - Desktop] [COMPAL] [Neo 50a-24IAH] [ADL-H] [9560] [Win11 22H2] [2.6%] BT yellow band
731490,"COMPAL ELECTRONICS, INC.",LENOVO,title_brand_mismatch,NA,"COMPAL ELECTRONICS, INC.",2022-08-22 02:05:00,[Lenovo - Desktop] [COMPAL] [Neo 50a-24IAH] [ADL-H] [9560] [Win11 22H2] [2.6%] BT yellow band
731028,"COMPAL ELECTRONICS, INC.",LENOVO,title_brand_mismatch,NA,"COMPAL ELECTRONICS, INC.",2022-08-18 23:09:00,"[Lenovo-Ideapad][Compal][Titan-ITU 14&15][TGL][Win11 SV2]Stress_WB test, Intel WiFI 6 AX201 device yellow bang. (Fail rate issue)"
731028,"COMPAL ELECTRONICS, INC.",LENOVO,title_brand_mismatch,NA,"COMPAL ELECTRONICS, INC.",2022-08-18 23:09:00,"[Lenovo-Ideapad][Compal][Titan-ITU 14&15][TGL][Win11 SV2]Stress_WB test, Intel WiFI 6 AX201 device yellow bang. (Fail rate issue)"
731028,"COMPAL ELECTRONICS, INC.",LENOVO,title_brand_mismatch,NA,"COMPAL ELECTRONICS, INC.",2022-08-18 23:09:00,"[Lenovo-Ideapad][Compal][Titan-ITU 14&15][TGL][Win11 SV2]Stress_WB test, Intel WiFI 6 AX201 device yellow bang. (Fail rate issue)"
729497,WISTRON CORPORATION,DELL,title_brand_mismatch,NA,WISTRON CORPORATION,2022-08-15 17:43:00,[Dell][Intel][ALD-P][Desktop][Inspiron 7710/5410/5411] AX211 may cause system freeze?
729497,WISTRON CORPORATION,DELL,title_brand_mismatch,NA,WISTRON CORPORATION,2022-08-15 17:43:00,[Dell][Intel][ALD-P][Desktop][Inspiron 7710/5410/5411] AX211 may cause system freeze?
729497,WISTRON CORPORATION,DELL,title_brand_mismatch,NA,WISTRON CORPORATION,2022-08-15 17:43:00,[Dell][Intel][ALD-P][Desktop][Inspiron 7710/5410/5411] AX211 may cause system freeze?
729384,"COMPAL ELECTRONICS, INC.",DELL,title_brand_mismatch,NA,"COMPAL ELECTRONICS, INC.",2022-08-15 02:24:00,[Dell_Galio_Intel] System hang black screen w/ dump
729384,"COMPAL ELECTRONICS, INC.",DELL,title_brand_mismatch,NA,"COMPAL ELECTRONICS, INC.",2022-08-15 02:24:00,[Dell_Galio_Intel] System hang black screen w/ dump
729384,"COMPAL ELECTRONICS, INC.",DELL,title_brand_mismatch,NA,"COMPAL ELECTRONICS, INC.",2022-08-15 02:24:00,[Dell_Galio_Intel] System hang black screen w/ dump
729298,"HUAQIN TECHNOLOGY CO., LTD",ACER,title_brand_mismatch,NA,"Huaqin Technology Co., Ltd",2022-08-15 00:19:00,[Acer][huaqin][Oboe_TL]system can not wake up from modernstanby by AX201 wlan
729298,"HUAQIN TECHNOLOGY CO., LTD",ACER,title_brand_mismatch,NA,"Huaqin Technology Co., Ltd",2022-08-15 00:19:00,[Acer][huaqin][Oboe_TL]system can not wake up from modernstanby by AX201 wlan
729298,"HUAQIN TECHNOLOGY CO., LTD",ACER,title_brand_mismatch,NA,"Huaqin Technology Co., Ltd",2022-08-15 00:19:00,[Acer][huaqin][Oboe_TL]system can not wake up from modernstanby by AX201 wlan
728684,"FOXCONN TECHNOLOGY CO., LTD.",ACER|DELL,title_brand_mismatch,NA,"FOXCONN TECHNOLOGY CO., LTD.",2022-08-11 03:39:00,[DELL cons/Foxconn/Intel RPL-S] [D13 Tracer RPL] TR_RPL_SUT can enter Modern Standby with AMD RX 6600XT and Killer  Wi-Fi AX1675i but Sleepstudy-report .html SW/HW69%
728684,"FOXCONN TECHNOLOGY CO., LTD.",ACER|DELL,title_brand_mismatch,NA,"FOXCONN TECHNOLOGY CO., LTD.",2022-08-11 03:39:00,[DELL cons/Foxconn/Intel RPL-S] [D13 Tracer RPL] TR_RPL_SUT can enter Modern Standby with AMD RX 6600XT and Killer  Wi-Fi AX1675i but Sleepstudy-report .html SW/HW69%
728684,"FOXCONN TECHNOLOGY CO., LTD.",ACER|DELL,title_brand_mismatch,NA,"FOXCONN TECHNOLOGY CO., LTD.",2022-08-11 03:39:00,[DELL cons/Foxconn/Intel RPL-S] [D13 Tracer RPL] TR_RPL_SUT can enter Modern Standby with AMD RX 6600XT and Killer  Wi-Fi AX1675i but Sleepstudy-report .html SW/HW69%
728255,"HUAQIN TECHNOLOGY CO., LTD",ASUS|NEC,title_brand_mismatch,NA,"Huaqin Technology Co., Ltd",2022-08-09 23:57:00,"[ASUS][TP3402ZA][Intel-ADL][AX201]""Sound output"" have no device when connected BT speaker"
728255,"HUAQIN TECHNOLOGY CO., LTD",ASUS|NEC,title_brand_mismatch,NA,"Huaqin Technology Co., Ltd",2022-08-09 23:57:00,"[ASUS][TP3402ZA][Intel-ADL][AX201]""Sound output"" have no device when connected BT speaker"
728255,"HUAQIN TECHNOLOGY CO., LTD",ASUS|NEC,title_brand_mismatch,NA,"Huaqin Technology Co., Ltd",2022-08-09 23:57:00,"[ASUS][TP3402ZA][Intel-ADL][AX201]""Sound output"" have no device when connected BT speaker"
727728,"HUAQIN TECHNOLOGY CO., LTD",HONOR,title_brand_mismatch,NA,"Huaqin Technology Co., Ltd",2022-08-08 07:52:00,[HONOR][HUAQIN][FermiF&BornF][Intel ADL][Intel AX 201][BT][Win11]BT driver show YB and its missing in settings after turning on and off by cycles.
727728,"HUAQIN TECHNOLOGY CO., LTD",HONOR,title_brand_mismatch,NA,"Huaqin Technology Co., Ltd",2022-08-08 07:52:00,[HONOR][HUAQIN][FermiF&BornF][Intel ADL][Intel AX 201][BT][Win11]BT driver show YB and its missing in settings after turning on and off by cycles.
727728,"HUAQIN TECHNOLOGY CO., LTD",HONOR,title_brand_mismatch,NA,"Huaqin Technology Co., Ltd",2022-08-08 07:52:00,[HONOR][HUAQIN][FermiF&BornF][Intel ADL][Intel AX 201][BT][Win11]BT driver show YB and its missing in settings after turning on and off by cycles.
727713,"HUAQIN TECHNOLOGY CO., LTD",HONOR|NEC,title_brand_mismatch,NA,"Huaqin Technology Co., Ltd",2022-08-08 06:31:00,[HONOR][HUAQIN][FermiF&BornF][Intel ADL][Intel AX 201][BT][Win11]BT device still show connected when Bluetooth turned off.
727713,"HUAQIN TECHNOLOGY CO., LTD",HONOR|NEC,title_brand_mismatch,NA,"Huaqin Technology Co., Ltd",2022-08-08 06:31:00,[HONOR][HUAQIN][FermiF&BornF][Intel ADL][Intel AX 201][BT][Win11]BT device still show connected when Bluetooth turned off.
727713,"HUAQIN TECHNOLOGY CO., LTD",HONOR|NEC,title_brand_mismatch,NA,"Huaqin Technology Co., Ltd",2022-08-08 06:31:00,[HONOR][HUAQIN][FermiF&BornF][Intel ADL][Intel AX 201][BT][Win11]BT device still show connected when Bluetooth turned off.
727417,"HUAQIN TECHNOLOGY CO., LTD",HONOR|NEC,title_brand_mismatch,NA,"Huaqin Technology Co., Ltd",2022-08-05 20:34:00,[HONOR][HUAQIN][FermiF&BornF][Intel ADL][Intel AX 201][BT][Win11]BT mouse would disconnected unexpectly after connecting succussfully.
727417,"HUAQIN TECHNOLOGY CO., LTD",HONOR|NEC,title_brand_mismatch,NA,"Huaqin Technology Co., Ltd",2022-08-05 20:34:00,[HONOR][HUAQIN][FermiF&BornF][Intel ADL][Intel AX 201][BT][Win11]BT mouse would disconnected unexpectly after connecting succussfully.
727417,"HUAQIN TECHNOLOGY CO., LTD",HONOR|NEC,title_brand_mismatch,NA,"Huaqin Technology Co., Ltd",2022-08-05 20:34:00,[HONOR][HUAQIN][FermiF&BornF][Intel ADL][Intel AX 201][BT][Win11]BT mouse would disconnected unexpectly after connecting succussfully.
726822,"FOXCONN TECHNOLOGY CO., LTD.",HP|NEC,title_brand_mismatch,NA,"FOXCONN TECHNOLOGY CO., LTD.",2022-08-03 19:50:00,[HP][Foxconn][RPL][GFP2-AX211][Win11 22H2 Build 22621]BSOD without dump_(Stop code: DRIVER VERIFIER DMA VIOLATION) occurs and can't boot to OS successfully after connect Wi-Fi network in F3.
726822,"FOXCONN TECHNOLOGY CO., LTD.",HP|NEC,title_brand_mismatch,NA,"FOXCONN TECHNOLOGY CO., LTD.",2022-08-03 19:50:00,[HP][Foxconn][RPL][GFP2-AX211][Win11 22H2 Build 22621]BSOD without dump_(Stop code: DRIVER VERIFIER DMA VIOLATION) occurs and can't boot to OS successfully after connect Wi-Fi network in F3.
726822,"FOXCONN TECHNOLOGY CO., LTD.",HP|NEC,title_brand_mismatch,NA,"FOXCONN TECHNOLOGY CO., LTD.",2022-08-03 19:50:00,[HP][Foxconn][RPL][GFP2-AX211][Win11 22H2 Build 22621]BSOD without dump_(Stop code: DRIVER VERIFIER DMA VIOLATION) occurs and can't boot to OS successfully after connect Wi-Fi network in F3.
726507,"COMPAL ELECTRONICS, INC.",DELL|NEC,title_brand_mismatch,NA,"COMPAL ELECTRONICS, INC.",2022-08-02 22:37:00,[Dell/Compal][BMMLK]System can't enter MS HW drips when connect WLAN
726507,"COMPAL ELECTRONICS, INC.",DELL|NEC,title_brand_mismatch,NA,"COMPAL ELECTRONICS, INC.",2022-08-02 22:37:00,[Dell/Compal][BMMLK]System can't enter MS HW drips when connect WLAN
726507,"COMPAL ELECTRONICS, INC.",DELL|NEC,title_brand_mismatch,NA,"COMPAL ELECTRONICS, INC.",2022-08-02 22:37:00,[Dell/Compal][BMMLK]System can't enter MS HW drips when connect WLAN
726303,QUANTA COMPUTER INC.,HP,title_brand_mismatch,NA,QUANTA COMPUTER INC.,2022-08-02 02:35:00,[MSFT][Quanta][Salix][ADL-N][AX201][Win11] WiFi 5G ax160 CH36 throughput rate is lower
726303,QUANTA COMPUTER INC.,HP,title_brand_mismatch,NA,QUANTA COMPUTER INC.,2022-08-02 02:35:00,[MSFT][Quanta][Salix][ADL-N][AX201][Win11] WiFi 5G ax160 CH36 throughput rate is lower
726303,QUANTA COMPUTER INC.,HP,title_brand_mismatch,NA,QUANTA COMPUTER INC.,2022-08-02 02:35:00,[MSFT][Quanta][Salix][ADL-N][AX201][Win11] WiFi 5G ax160 CH36 throughput rate is lower
726112,"HUAQIN TECHNOLOGY CO., LTD",HONOR,title_brand_mismatch,NA,"Huaqin Technology Co., Ltd",2022-08-01 19:52:00,[HONOR][HUAQIN][FermiF&BornF][Intel ADL][Intel AX 201][BT][Win11]File transfer failed when send file from mobile phone to DUT by BT.
726112,"HUAQIN TECHNOLOGY CO., LTD",HONOR,title_brand_mismatch,NA,"Huaqin Technology Co., Ltd",2022-08-01 19:52:00,[HONOR][HUAQIN][FermiF&BornF][Intel ADL][Intel AX 201][BT][Win11]File transfer failed when send file from mobile phone to DUT by BT.
726112,"HUAQIN TECHNOLOGY CO., LTD",HONOR,title_brand_mismatch,NA,"Huaqin Technology Co., Ltd",2022-08-01 19:52:00,[HONOR][HUAQIN][FermiF&BornF][Intel ADL][Intel AX 201][BT][Win11]File transfer failed when send file from mobile phone to DUT by BT.
725995,"HUAQIN TECHNOLOGY CO., LTD",LENOVO,title_brand_mismatch,NA,"Huaqin Technology Co., Ltd",2022-08-01 06:33:00,"[Huaqin][Lenovo][NB6287A][Intel ADL][Win11R][AX201/AX211]UUT 2 meters away from miracast display screen 1080p video lag.(FR: 3 out of 3 units, 6 out of 6 times)"
725995,"HUAQIN TECHNOLOGY CO., LTD",LENOVO,title_brand_mismatch,NA,"Huaqin Technology Co., Ltd",2022-08-01 06:33:00,"[Huaqin][Lenovo][NB6287A][Intel ADL][Win11R][AX201/AX211]UUT 2 meters away from miracast display screen 1080p video lag.(FR: 3 out of 3 units, 6 out of 6 times)"
725995,"HUAQIN TECHNOLOGY CO., LTD",LENOVO,title_brand_mismatch,NA,"Huaqin Technology Co., Ltd",2022-08-01 06:33:00,"[Huaqin][Lenovo][NB6287A][Intel ADL][Win11R][AX201/AX211]UUT 2 meters away from miracast display screen 1080p video lag.(FR: 3 out of 3 units, 6 out of 6 times)"
725708,"HUAQIN TECHNOLOGY CO., LTD",HONOR|NEC,title_brand_mismatch,NA,"Huaqin Technology Co., Ltd",2022-07-31 19:18:00,[HONOR][HUAQIN][FermiF&BornF][Intel ADL][Intel AX 201][BT][Win11]BT device still show connected when Bluetooth turned off.
725708,"HUAQIN TECHNOLOGY CO., LTD",HONOR|NEC,title_brand_mismatch,NA,"Huaqin Technology Co., Ltd",2022-07-31 19:18:00,[HONOR][HUAQIN][FermiF&BornF][Intel ADL][Intel AX 201][BT][Win11]BT device still show connected when Bluetooth turned off.
725708,"HUAQIN TECHNOLOGY CO., LTD",HONOR|NEC,title_brand_mismatch,NA,"Huaqin Technology Co., Ltd",2022-07-31 19:18:00,[HONOR][HUAQIN][FermiF&BornF][Intel ADL][Intel AX 201][BT][Win11]BT device still show connected when Bluetooth turned off.
725631,"HUAQIN TECHNOLOGY CO., LTD",HONOR,title_brand_mismatch,NA,"Huaqin Technology Co., Ltd",2022-07-29 20:00:00,[HONOR][HUAQIN][FermiF&BornF][Intel ADL][Intel AX 201][BT][Win11]BT headset show driver error in system settings after turning on and off BT.
725631,"HUAQIN TECHNOLOGY CO., LTD",HONOR,title_brand_mismatch,NA,"Huaqin Technology Co., Ltd",2022-07-29 20:00:00,[HONOR][HUAQIN][FermiF&BornF][Intel ADL][Intel AX 201][BT][Win11]BT headset show driver error in system settings after turning on and off BT.
725631,"HUAQIN TECHNOLOGY CO., LTD",HONOR,title_brand_mismatch,NA,"Huaqin Technology Co., Ltd",2022-07-29 20:00:00,[HONOR][HUAQIN][FermiF&BornF][Intel ADL][Intel AX 201][BT][Win11]BT headset show driver error in system settings after turning on and off BT.
725276,"COMPAL ELECTRONICS, INC.",LENOVO|NEC,title_brand_mismatch,NA,"COMPAL ELECTRONICS, INC.",2022-07-28 22:23:00,(Copy Of 00660802) [Lenovo-Ideapad][Compal][V350][ADL-P][Win11] AX211 WLAN card Wifi auto disconnect when run Wifi S3 w/ 6G network
725276,"COMPAL ELECTRONICS, INC.",LENOVO|NEC,title_brand_mismatch,NA,"COMPAL ELECTRONICS, INC.",2022-07-28 22:23:00,(Copy Of 00660802) [Lenovo-Ideapad][Compal][V350][ADL-P][Win11] AX211 WLAN card Wifi auto disconnect when run Wifi S3 w/ 6G network
725276,"COMPAL ELECTRONICS, INC.",LENOVO|NEC,title_brand_mismatch,NA,"COMPAL ELECTRONICS, INC.",2022-07-28 22:23:00,(Copy Of 00660802) [Lenovo-Ideapad][Compal][V350][ADL-P][Win11] AX211 WLAN card Wifi auto disconnect when run Wifi S3 w/ 6G network
724327,"COMPAL ELECTRONICS, INC.",DELL,title_brand_mismatch,NA,"COMPAL ELECTRONICS, INC.",2022-07-27 19:08:00,[Dell/Compal][Teton][RPL-P] Review Power Sequence for WLAN
724327,"COMPAL ELECTRONICS, INC.",DELL,title_brand_mismatch,NA,"COMPAL ELECTRONICS, INC.",2022-07-27 19:08:00,[Dell/Compal][Teton][RPL-P] Review Power Sequence for WLAN
724327,"COMPAL ELECTRONICS, INC.",DELL,title_brand_mismatch,NA,"COMPAL ELECTRONICS, INC.",2022-07-27 19:08:00,[Dell/Compal][Teton][RPL-P] Review Power Sequence for WLAN
723710,"HUAQIN TECHNOLOGY CO., LTD",HONOR|NEC,title_brand_mismatch,NA,"Huaqin Technology Co., Ltd",2022-07-26 05:32:00,[HONOR][HUAQIN][FermiF&BornF][Intel ADL][Intel AX 201][BT][Win11]No sounds output from BT headset and it only show connected voice in device setting when reconnecting it to PC
723710,"HUAQIN TECHNOLOGY CO., LTD",HONOR|NEC,title_brand_mismatch,NA,"Huaqin Technology Co., Ltd",2022-07-26 05:32:00,[HONOR][HUAQIN][FermiF&BornF][Intel ADL][Intel AX 201][BT][Win11]No sounds output from BT headset and it only show connected voice in device setting when reconnecting it to PC
723710,"HUAQIN TECHNOLOGY CO., LTD",HONOR|NEC,title_brand_mismatch,NA,"Huaqin Technology Co., Ltd",2022-07-26 05:32:00,[HONOR][HUAQIN][FermiF&BornF][Intel ADL][Intel AX 201][BT][Win11]No sounds output from BT headset and it only show connected voice in device setting when reconnecting it to PC
723669,"COMPAL ELECTRONICS, INC.",DELL|NEC,title_brand_mismatch,NA,"COMPAL ELECTRONICS, INC.",2022-07-26 02:42:00,[Dell/Compal][[Portofino]Sometimes SUT won't auto re-connect to 6G Wi-Fi SSID after resume from S4/S5
723669,"COMPAL ELECTRONICS, INC.",DELL|NEC,title_brand_mismatch,NA,"COMPAL ELECTRONICS, INC.",2022-07-26 02:42:00,[Dell/Compal][[Portofino]Sometimes SUT won't auto re-connect to 6G Wi-Fi SSID after resume from S4/S5
723669,"COMPAL ELECTRONICS, INC.",DELL|NEC,title_brand_mismatch,NA,"COMPAL ELECTRONICS, INC.",2022-07-26 02:42:00,[Dell/Compal][[Portofino]Sometimes SUT won't auto re-connect to 6G Wi-Fi SSID after resume from S4/S5
723635,INVENTEC CORPORATION,HP,title_brand_mismatch,NA,INVENTEC CORPORATION,2022-07-26 01:03:00,[HP][Inventec][Boggle][RPL-S][GfP2-AX211][Win11 Pro ] Wlan UNII-4 & DRTU
723635,INVENTEC CORPORATION,HP,title_brand_mismatch,NA,INVENTEC CORPORATION,2022-07-26 01:03:00,[HP][Inventec][Boggle][RPL-S][GfP2-AX211][Win11 Pro ] Wlan UNII-4 & DRTU
723635,INVENTEC CORPORATION,HP,title_brand_mismatch,NA,INVENTEC CORPORATION,2022-07-26 01:03:00,[HP][Inventec][Boggle][RPL-S][GfP2-AX211][Win11 Pro ] Wlan UNII-4 & DRTU
723568,"COMPAL ELECTRONICS, INC.",LENOVO,title_brand_mismatch,NA,"COMPAL ELECTRONICS, INC.",2022-07-25 22:51:00,[Lenovo-Ideapad][Compal][V350][ADL][Win11SV2] Can't search 6G AP after modifi area to US by ANT tool
723568,"COMPAL ELECTRONICS, INC.",LENOVO,title_brand_mismatch,NA,"COMPAL ELECTRONICS, INC.",2022-07-25 22:51:00,[Lenovo-Ideapad][Compal][V350][ADL][Win11SV2] Can't search 6G AP after modifi area to US by ANT tool
723568,"COMPAL ELECTRONICS, INC.",LENOVO,title_brand_mismatch,NA,"COMPAL ELECTRONICS, INC.",2022-07-25 22:51:00,[Lenovo-Ideapad][Compal][V350][ADL][Win11SV2] Can't search 6G AP after modifi area to US by ANT tool
723508,"COMPAL ELECTRONICS, INC.",ASUS,title_brand_mismatch,NA,"COMPAL ELECTRONICS, INC.",2022-07-25 20:39:00,[ASUS][Compal][A3402WBA_A3202WBA]BSOD(0x9f) w/o backlight during run S4 stress.
723508,"COMPAL ELECTRONICS, INC.",ASUS,title_brand_mismatch,NA,"COMPAL ELECTRONICS, INC.",2022-07-25 20:39:00,[ASUS][Compal][A3402WBA_A3202WBA]BSOD(0x9f) w/o backlight during run S4 stress.
723508,"COMPAL ELECTRONICS, INC.",ASUS,title_brand_mismatch,NA,"COMPAL ELECTRONICS, INC.",2022-07-25 20:39:00,[ASUS][Compal][A3402WBA_A3202WBA]BSOD(0x9f) w/o backlight during run S4 stress.
723176,"HUAQIN TECHNOLOGY CO., LTD",HONOR|NEC,title_brand_mismatch,NA,"Huaqin Technology Co., Ltd",2022-07-24 23:27:00,[HONOR][HUAQIN][FermiF&BornF][Intel ADL][Intel AX 201][BT][Win11]BT mouse does not work and keep switching between connected and paired when reconnecting it to PC.
723176,"HUAQIN TECHNOLOGY CO., LTD",HONOR|NEC,title_brand_mismatch,NA,"Huaqin Technology Co., Ltd",2022-07-24 23:27:00,[HONOR][HUAQIN][FermiF&BornF][Intel ADL][Intel AX 201][BT][Win11]BT mouse does not work and keep switching between connected and paired when reconnecting it to PC.
723176,"HUAQIN TECHNOLOGY CO., LTD",HONOR|NEC,title_brand_mismatch,NA,"Huaqin Technology Co., Ltd",2022-07-24 23:27:00,[HONOR][HUAQIN][FermiF&BornF][Intel ADL][Intel AX 201][BT][Win11]BT mouse does not work and keep switching between connected and paired when reconnecting it to PC.
722053,"COMPAL ELECTRONICS, INC.",DELL,title_brand_mismatch,NA,"COMPAL ELECTRONICS, INC.",2022-07-20 00:15:00,[Dell_Compal_TGL] [ItaliaTGL]Killer AX1650 WLAN card shows yellow bang after installing WLAN driver
722053,"COMPAL ELECTRONICS, INC.",DELL,title_brand_mismatch,NA,"COMPAL ELECTRONICS, INC.",2022-07-20 00:15:00,[Dell_Compal_TGL] [ItaliaTGL]Killer AX1650 WLAN card shows yellow bang after installing WLAN driver
722053,"COMPAL ELECTRONICS, INC.",DELL,title_brand_mismatch,NA,"COMPAL ELECTRONICS, INC.",2022-07-20 00:15:00,[Dell_Compal_TGL] [ItaliaTGL]Killer AX1650 WLAN card shows yellow bang after installing WLAN driver
721693,"COMPAL ELECTRONICS, INC.",DELL|NEC,title_brand_mismatch,NA,"COMPAL ELECTRONICS, INC.",2022-07-19 01:30:00,[Dell/Compal][Portofino] Can't connect to hidden wifi 6e SSID
721693,"COMPAL ELECTRONICS, INC.",DELL|NEC,title_brand_mismatch,NA,"COMPAL ELECTRONICS, INC.",2022-07-19 01:30:00,[Dell/Compal][Portofino] Can't connect to hidden wifi 6e SSID
721693,"COMPAL ELECTRONICS, INC.",DELL|NEC,title_brand_mismatch,NA,"COMPAL ELECTRONICS, INC.",2022-07-19 01:30:00,[Dell/Compal][Portofino] Can't connect to hidden wifi 6e SSID
721058,INVENTEC CORPORATION,HP,title_brand_mismatch,NA,INVENTEC CORPORATION,2022-07-15 01:09:00,[HP][IEC] - SIO2101986[Warg][ADL][GFP2-AX211][Win11 22621.232]Bluetooth device appear YB in Device Manager and cannot be turned on from Network settings after running BT PLDR test.
721058,INVENTEC CORPORATION,HP,title_brand_mismatch,NA,INVENTEC CORPORATION,2022-07-15 01:09:00,[HP][IEC] - SIO2101986[Warg][ADL][GFP2-AX211][Win11 22621.232]Bluetooth device appear YB in Device Manager and cannot be turned on from Network settings after running BT PLDR test.
721058,INVENTEC CORPORATION,HP,title_brand_mismatch,NA,INVENTEC CORPORATION,2022-07-15 01:09:00,[HP][IEC] - SIO2101986[Warg][ADL][GFP2-AX211][Win11 22621.232]Bluetooth device appear YB in Device Manager and cannot be turned on from Network settings after running BT PLDR test.
720532,"COMPAL ELECTRONICS, INC.",DELL|HP,title_brand_mismatch,NA,"COMPAL ELECTRONICS, INC.",2022-07-13 19:08:00,[Dell-Latitude 7230 Rugged Extreme Tablet][Compal][Sawtooth][Alder Lake][AX211]Conducted throughput
720532,"COMPAL ELECTRONICS, INC.",DELL|HP,title_brand_mismatch,NA,"COMPAL ELECTRONICS, INC.",2022-07-13 19:08:00,[Dell-Latitude 7230 Rugged Extreme Tablet][Compal][Sawtooth][Alder Lake][AX211]Conducted throughput
720532,"COMPAL ELECTRONICS, INC.",DELL|HP,title_brand_mismatch,NA,"COMPAL ELECTRONICS, INC.",2022-07-13 19:08:00,[Dell-Latitude 7230 Rugged Extreme Tablet][Compal][Sawtooth][Alder Lake][AX211]Conducted throughput
720245,"FOXCONN TECHNOLOGY CO., LTD.",ACER|DELL,title_brand_mismatch,NA,"FOXCONN TECHNOLOGY CO., LTD.",2022-07-12 20:27:00,[Dell-FXN][D13 Tracer RPL]TR_RPL_ Killer 1650i Wifi Driver are displayed as '?Network Controller' under Others device in Device Manager after the driver are uninstalled in Programs and Features.
720245,"FOXCONN TECHNOLOGY CO., LTD.",ACER|DELL,title_brand_mismatch,NA,"FOXCONN TECHNOLOGY CO., LTD.",2022-07-12 20:27:00,[Dell-FXN][D13 Tracer RPL]TR_RPL_ Killer 1650i Wifi Driver are displayed as '?Network Controller' under Others device in Device Manager after the driver are uninstalled in Programs and Features.
720245,"FOXCONN TECHNOLOGY CO., LTD.",ACER|DELL,title_brand_mismatch,NA,"FOXCONN TECHNOLOGY CO., LTD.",2022-07-12 20:27:00,[Dell-FXN][D13 Tracer RPL]TR_RPL_ Killer 1650i Wifi Driver are displayed as '?Network Controller' under Others device in Device Manager after the driver are uninstalled in Programs and Features.
720220,"COMPAL ELECTRONICS, INC.",DELL,title_brand_mismatch,NA,"COMPAL ELECTRONICS, INC.",2022-07-12 19:26:00,[Dell_Compal_Teton] CITU  show error message
720220,"COMPAL ELECTRONICS, INC.",DELL,title_brand_mismatch,NA,"COMPAL ELECTRONICS, INC.",2022-07-12 19:26:00,[Dell_Compal_Teton] CITU  show error message
720220,"COMPAL ELECTRONICS, INC.",DELL,title_brand_mismatch,NA,"COMPAL ELECTRONICS, INC.",2022-07-12 19:26:00,[Dell_Compal_Teton] CITU  show error message
719557,"HUAQIN TECHNOLOGY CO., LTD",HONOR,title_brand_mismatch,NA,"Huaqin Technology Co., Ltd",2022-07-09 07:39:00,[Honor][Huaqin][Fermi-F][i5-1235U ][AX201][H45][100%] Bluetooth conducted power is low
719557,"HUAQIN TECHNOLOGY CO., LTD",HONOR,title_brand_mismatch,NA,"Huaqin Technology Co., Ltd",2022-07-09 07:39:00,[Honor][Huaqin][Fermi-F][i5-1235U ][AX201][H45][100%] Bluetooth conducted power is low
719557,"HUAQIN TECHNOLOGY CO., LTD",HONOR,title_brand_mismatch,NA,"Huaqin Technology Co., Ltd",2022-07-09 07:39:00,[Honor][Huaqin][Fermi-F][i5-1235U ][AX201][H45][100%] Bluetooth conducted power is low
719444,"HUAQIN TECHNOLOGY CO., LTD",LENOVO|NEC,title_brand_mismatch,NA,"Huaqin Technology Co., Ltd",2022-07-08 03:23:00,"[Lenovo][NB6287A][Intel ADL][SV2][AX201/AX211]When the computer is transferring files using Bluetooth interconnection, the machine enters sleep mode and the transmission is interrupted.(FR: 3 out of 3 units, 6 out of 6 times)"
719444,"HUAQIN TECHNOLOGY CO., LTD",LENOVO|NEC,title_brand_mismatch,NA,"Huaqin Technology Co., Ltd",2022-07-08 03:23:00,"[Lenovo][NB6287A][Intel ADL][SV2][AX201/AX211]When the computer is transferring files using Bluetooth interconnection, the machine enters sleep mode and the transmission is interrupted.(FR: 3 out of 3 units, 6 out of 6 times)"
719444,"HUAQIN TECHNOLOGY CO., LTD",LENOVO|NEC,title_brand_mismatch,NA,"Huaqin Technology Co., Ltd",2022-07-08 03:23:00,"[Lenovo][NB6287A][Intel ADL][SV2][AX201/AX211]When the computer is transferring files using Bluetooth interconnection, the machine enters sleep mode and the transmission is interrupted.(FR: 3 out of 3 units, 6 out of 6 times)"
719437,"COMPAL ELECTRONICS, INC.",DELL,title_brand_mismatch,NA,"COMPAL ELECTRONICS, INC.",2022-07-08 03:07:00,[Dell][Montreux]Latitude 7420 2-in-1 7320 5421 Wireless network drops AX201
719437,"COMPAL ELECTRONICS, INC.",DELL,title_brand_mismatch,NA,"COMPAL ELECTRONICS, INC.",2022-07-08 03:07:00,[Dell][Montreux]Latitude 7420 2-in-1 7320 5421 Wireless network drops AX201
719437,"COMPAL ELECTRONICS, INC.",DELL,title_brand_mismatch,NA,"COMPAL ELECTRONICS, INC.",2022-07-08 03:07:00,[Dell][Montreux]Latitude 7420 2-in-1 7320 5421 Wireless network drops AX201
719406,QUANTA COMPUTER INC.,HONOR,title_brand_mismatch,NA,QUANTA COMPUTER INC.,2022-07-08 01:55:00,"[Honor][Quanta][H9R][GalileoF][AX201][21H2][BT] [#28494] When searching for a mobile phone with multi-screen collaboration, there is no response when you click to turn off Bluetooth in the operation center of the taskbar. After you click to view WiFi and"
719406,QUANTA COMPUTER INC.,HONOR,title_brand_mismatch,NA,QUANTA COMPUTER INC.,2022-07-08 01:55:00,"[Honor][Quanta][H9R][GalileoF][AX201][21H2][BT] [#28494] When searching for a mobile phone with multi-screen collaboration, there is no response when you click to turn off Bluetooth in the operation center of the taskbar. After you click to view WiFi and"
719406,QUANTA COMPUTER INC.,HONOR,title_brand_mismatch,NA,QUANTA COMPUTER INC.,2022-07-08 01:55:00,"[Honor][Quanta][H9R][GalileoF][AX201][21H2][BT] [#28494] When searching for a mobile phone with multi-screen collaboration, there is no response when you click to turn off Bluetooth in the operation center of the taskbar. After you click to view WiFi and"
719318,"HUAQIN TECHNOLOGY CO., LTD",HONOR,title_brand_mismatch,NA,"Huaqin Technology Co., Ltd",2022-07-07 23:19:00,[HONORI][HUAQIN][Fermi/Born][Intel ADL][Intel AX 201][BT][Win11] BT device show abnormal in setting UI after do turn off/turn on in BT device
719318,"HUAQIN TECHNOLOGY CO., LTD",HONOR,title_brand_mismatch,NA,"Huaqin Technology Co., Ltd",2022-07-07 23:19:00,[HONORI][HUAQIN][Fermi/Born][Intel ADL][Intel AX 201][BT][Win11] BT device show abnormal in setting UI after do turn off/turn on in BT device
719318,"HUAQIN TECHNOLOGY CO., LTD",HONOR,title_brand_mismatch,NA,"Huaqin Technology Co., Ltd",2022-07-07 23:19:00,[HONORI][HUAQIN][Fermi/Born][Intel ADL][Intel AX 201][BT][Win11] BT device show abnormal in setting UI after do turn off/turn on in BT device
719309,"FOXCONN TECHNOLOGY CO., LTD.",HP,title_brand_mismatch,NA,"FOXCONN TECHNOLOGY CO., LTD.",2022-07-07 23:02:00,[HP][Foxconn][RPL][GFP2-AX211][Win11 22H2 Build 22621]BSOD_0x7E_SYSTEM_THREAD_EXCEPTION_NOT_HANDLED occur during windows PT.
719309,"FOXCONN TECHNOLOGY CO., LTD.",HP,title_brand_mismatch,NA,"FOXCONN TECHNOLOGY CO., LTD.",2022-07-07 23:02:00,[HP][Foxconn][RPL][GFP2-AX211][Win11 22H2 Build 22621]BSOD_0x7E_SYSTEM_THREAD_EXCEPTION_NOT_HANDLED occur during windows PT.
719309,"FOXCONN TECHNOLOGY CO., LTD.",HP,title_brand_mismatch,NA,"FOXCONN TECHNOLOGY CO., LTD.",2022-07-07 23:02:00,[HP][Foxconn][RPL][GFP2-AX211][Win11 22H2 Build 22621]BSOD_0x7E_SYSTEM_THREAD_EXCEPTION_NOT_HANDLED occur during windows PT.
719279,"FOXCONN TECHNOLOGY CO., LTD.",HP,title_brand_mismatch,NA,"FOXCONN TECHNOLOGY CO., LTD.",2022-07-07 21:22:00,[HP][Foxconn][RPL][GFP2-AX211][Win11 22H2 Build 22621]BSOD_0x7E_REFERENCE_BY_POINTER occur during windows PT.
719279,"FOXCONN TECHNOLOGY CO., LTD.",HP,title_brand_mismatch,NA,"FOXCONN TECHNOLOGY CO., LTD.",2022-07-07 21:22:00,[HP][Foxconn][RPL][GFP2-AX211][Win11 22H2 Build 22621]BSOD_0x7E_REFERENCE_BY_POINTER occur during windows PT.
719279,"FOXCONN TECHNOLOGY CO., LTD.",HP,title_brand_mismatch,NA,"FOXCONN TECHNOLOGY CO., LTD.",2022-07-07 21:22:00,[HP][Foxconn][RPL][GFP2-AX211][Win11 22H2 Build 22621]BSOD_0x7E_REFERENCE_BY_POINTER occur during windows PT.
719213,"HUAQIN TECHNOLOGY CO., LTD",ASUS,title_brand_mismatch,NA,"Huaqin Technology Co., Ltd",2022-07-07 18:53:00,"[HuaQin][Asus][B3402FBA][WIN11]9f blue screen occurred when run check BIOS tool via factory testing.(10/20by units, 10/20by cycle)"
719213,"HUAQIN TECHNOLOGY CO., LTD",ASUS,title_brand_mismatch,NA,"Huaqin Technology Co., Ltd",2022-07-07 18:53:00,"[HuaQin][Asus][B3402FBA][WIN11]9f blue screen occurred when run check BIOS tool via factory testing.(10/20by units, 10/20by cycle)"
719213,"HUAQIN TECHNOLOGY CO., LTD",ASUS,title_brand_mismatch,NA,"Huaqin Technology Co., Ltd",2022-07-07 18:53:00,"[HuaQin][Asus][B3402FBA][WIN11]9f blue screen occurred when run check BIOS tool via factory testing.(10/20by units, 10/20by cycle)"
719005,"HUAQIN TECHNOLOGY CO., LTD",ASUS,title_brand_mismatch,"Huaqin Technology Co., Ltd","Huaqin Technology Co., Ltd",2022-07-07 01:33:00,[HuaQin][Asus][B3402FBA][WIN11]9f blue scren occurred when run check BIOS tool via factory testing.
718493,"COMPAL ELECTRONICS, INC.",DELL,title_brand_mismatch,NA,"COMPAL ELECTRONICS, INC.",2022-07-05 19:47:00,[Dell/Compal] Arches14 AX211 CITU shmoo test can not work.
718493,"COMPAL ELECTRONICS, INC.",DELL,title_brand_mismatch,NA,"COMPAL ELECTRONICS, INC.",2022-07-05 19:47:00,[Dell/Compal] Arches14 AX211 CITU shmoo test can not work.
718493,"COMPAL ELECTRONICS, INC.",DELL,title_brand_mismatch,NA,"COMPAL ELECTRONICS, INC.",2022-07-05 19:47:00,[Dell/Compal] Arches14 AX211 CITU shmoo test can not work.
718112,"HUAQIN TECHNOLOGY CO., LTD",HONOR|NEC,title_brand_mismatch,NA,"Huaqin Technology Co., Ltd",2022-07-04 07:37:00,[HONOR][HUAQIN][Fermi&Born][Intel ADL][Intel AX 201][WIFI][Win11]The DUT cannot connect to AP(Redmi AX6S) successfully
718112,"HUAQIN TECHNOLOGY CO., LTD",HONOR|NEC,title_brand_mismatch,NA,"Huaqin Technology Co., Ltd",2022-07-04 07:37:00,[HONOR][HUAQIN][Fermi&Born][Intel ADL][Intel AX 201][WIFI][Win11]The DUT cannot connect to AP(Redmi AX6S) successfully
718112,"HUAQIN TECHNOLOGY CO., LTD",HONOR|NEC,title_brand_mismatch,NA,"Huaqin Technology Co., Ltd",2022-07-04 07:37:00,[HONOR][HUAQIN][Fermi&Born][Intel ADL][Intel AX 201][WIFI][Win11]The DUT cannot connect to AP(Redmi AX6S) successfully
717587,INVENTEC CORPORATION,HP|NEC,title_brand_mismatch,NA,INVENTEC CORPORATION,2022-07-01 00:47:00,[HP][SIO2102124 /Win11/TGL/HrP2][Inventec]UUT Unable to wake on WLAN with MSC via Remote Desktop Connection APP(PC Name)
717587,INVENTEC CORPORATION,HP|NEC,title_brand_mismatch,NA,INVENTEC CORPORATION,2022-07-01 00:47:00,[HP][SIO2102124 /Win11/TGL/HrP2][Inventec]UUT Unable to wake on WLAN with MSC via Remote Desktop Connection APP(PC Name)
717587,INVENTEC CORPORATION,HP|NEC,title_brand_mismatch,NA,INVENTEC CORPORATION,2022-07-01 00:47:00,[HP][SIO2102124 /Win11/TGL/HrP2][Inventec]UUT Unable to wake on WLAN with MSC via Remote Desktop Connection APP(PC Name)
717474,QUANTA COMPUTER INC.,HP,title_brand_mismatch,NA,QUANTA COMPUTER INC.,2022-06-30 18:58:00,[HP][Quanta]-SIO2103796[DM G10][RPL][GFP2-AX211][Win11 22H2 Build 22616 ]-BSOD 0X9F point intel Bluetooth
717474,QUANTA COMPUTER INC.,HP,title_brand_mismatch,NA,QUANTA COMPUTER INC.,2022-06-30 18:58:00,[HP][Quanta]-SIO2103796[DM G10][RPL][GFP2-AX211][Win11 22H2 Build 22616 ]-BSOD 0X9F point intel Bluetooth
717474,QUANTA COMPUTER INC.,HP,title_brand_mismatch,NA,QUANTA COMPUTER INC.,2022-06-30 18:58:00,[HP][Quanta]-SIO2103796[DM G10][RPL][GFP2-AX211][Win11 22H2 Build 22616 ]-BSOD 0X9F point intel Bluetooth
717315,"COMPAL ELECTRONICS, INC.",DELL|NEC,title_brand_mismatch,NA,"COMPAL ELECTRONICS, INC.",2022-06-30 02:10:00,[Dell][Rialto CML] wireless network disconnect
717315,"COMPAL ELECTRONICS, INC.",DELL|NEC,title_brand_mismatch,NA,"COMPAL ELECTRONICS, INC.",2022-06-30 02:10:00,[Dell][Rialto CML] wireless network disconnect
717315,"COMPAL ELECTRONICS, INC.",DELL|NEC,title_brand_mismatch,NA,"COMPAL ELECTRONICS, INC.",2022-06-30 02:10:00,[Dell][Rialto CML] wireless network disconnect
716774,QUANTA COMPUTER INC.,ACER,title_brand_mismatch,NA,QUANTA COMPUTER INC.,2022-06-28 18:46:00,"[Acer][Win11][Common] After system reset, launch ICPS and observe it cannot find WiFi AP until restart system. (100%)"
716774,QUANTA COMPUTER INC.,ACER,title_brand_mismatch,NA,QUANTA COMPUTER INC.,2022-06-28 18:46:00,"[Acer][Win11][Common] After system reset, launch ICPS and observe it cannot find WiFi AP until restart system. (100%)"
716774,QUANTA COMPUTER INC.,ACER,title_brand_mismatch,NA,QUANTA COMPUTER INC.,2022-06-28 18:46:00,"[Acer][Win11][Common] After system reset, launch ICPS and observe it cannot find WiFi AP until restart system. (100%)"
716767,QUANTA COMPUTER INC.,ACER,title_brand_mismatch,NA,QUANTA COMPUTER INC.,2022-06-28 18:15:00,[Acer][Win11][Z8F] BT audio HLK test fail (100%)
716767,QUANTA COMPUTER INC.,ACER,title_brand_mismatch,NA,QUANTA COMPUTER INC.,2022-06-28 18:15:00,[Acer][Win11][Z8F] BT audio HLK test fail (100%)
716767,QUANTA COMPUTER INC.,ACER,title_brand_mismatch,NA,QUANTA COMPUTER INC.,2022-06-28 18:15:00,[Acer][Win11][Z8F] BT audio HLK test fail (100%)
716307,QUANTA COMPUTER INC.,HONOR,title_brand_mismatch,NA,QUANTA COMPUTER INC.,2022-06-27 03:03:00,"[Honor][Quanta][H9R][GalileoF][AX201][21H2][BT] [#18397] The PC is installed with dual win11 systems. After waking up from Hibernation, it is found that the bluetooth switch disappears, the bluetooth on devicen manager has a yellow mark"
716307,QUANTA COMPUTER INC.,HONOR,title_brand_mismatch,NA,QUANTA COMPUTER INC.,2022-06-27 03:03:00,"[Honor][Quanta][H9R][GalileoF][AX201][21H2][BT] [#18397] The PC is installed with dual win11 systems. After waking up from Hibernation, it is found that the bluetooth switch disappears, the bluetooth on devicen manager has a yellow mark"
716307,QUANTA COMPUTER INC.,HONOR,title_brand_mismatch,NA,QUANTA COMPUTER INC.,2022-06-27 03:03:00,"[Honor][Quanta][H9R][GalileoF][AX201][21H2][BT] [#18397] The PC is installed with dual win11 systems. After waking up from Hibernation, it is found that the bluetooth switch disappears, the bluetooth on devicen manager has a yellow mark"
715773,QUANTA COMPUTER INC.,HONOR|NEC,title_brand_mismatch,NA,QUANTA COMPUTER INC.,2022-06-23 19:24:00,"[Honor][Quanta][H98Y&H99Y][BohrDR&NobelDR][AX201][22H2][BT] [#18477] After the DUT is connected to the Bluetooth headset, turn on the system's built-in ""recorder"" and record, and find that you need to click the volume bar in the lower right corner of the"
715773,QUANTA COMPUTER INC.,HONOR|NEC,title_brand_mismatch,NA,QUANTA COMPUTER INC.,2022-06-23 19:24:00,"[Honor][Quanta][H98Y&H99Y][BohrDR&NobelDR][AX201][22H2][BT] [#18477] After the DUT is connected to the Bluetooth headset, turn on the system's built-in ""recorder"" and record, and find that you need to click the volume bar in the lower right corner of the"
715773,QUANTA COMPUTER INC.,HONOR|NEC,title_brand_mismatch,NA,QUANTA COMPUTER INC.,2022-06-23 19:24:00,"[Honor][Quanta][H98Y&H99Y][BohrDR&NobelDR][AX201][22H2][BT] [#18477] After the DUT is connected to the Bluetooth headset, turn on the system's built-in ""recorder"" and record, and find that you need to click the volume bar in the lower right corner of the"
715015,"HUAQIN TECHNOLOGY CO., LTD",LENOVO,title_brand_mismatch,NA,"Huaqin Technology Co., Ltd",2022-06-21 05:24:00,"[Huaqin][Lenovo][NB6287A][Intel ADL][SV2][AX201/AX211]After playing online video, the machine turns off bluetooth first, then turns on Bluetooth again, found the headphones no sound.(FR: 3 out of 3 units, 6 out of 9 times)"
715015,"HUAQIN TECHNOLOGY CO., LTD",LENOVO,title_brand_mismatch,NA,"Huaqin Technology Co., Ltd",2022-06-21 05:24:00,"[Huaqin][Lenovo][NB6287A][Intel ADL][SV2][AX201/AX211]After playing online video, the machine turns off bluetooth first, then turns on Bluetooth again, found the headphones no sound.(FR: 3 out of 3 units, 6 out of 9 times)"
715015,"HUAQIN TECHNOLOGY CO., LTD",LENOVO,title_brand_mismatch,NA,"Huaqin Technology Co., Ltd",2022-06-21 05:24:00,"[Huaqin][Lenovo][NB6287A][Intel ADL][SV2][AX201/AX211]After playing online video, the machine turns off bluetooth first, then turns on Bluetooth again, found the headphones no sound.(FR: 3 out of 3 units, 6 out of 9 times)"
714987,"HUAQIN TECHNOLOGY CO., LTD",HONOR,title_brand_mismatch,NA,"Huaqin Technology Co., Ltd",2022-06-21 03:20:00,[HONORI][HUAQIN][HiggsF][Intel ADL][Intel AX 211][BT][Win11] Bluetooth icon and funtion will be lost and DM not any yang bang. FR:1/100 cycle.
714987,"HUAQIN TECHNOLOGY CO., LTD",HONOR,title_brand_mismatch,NA,"Huaqin Technology Co., Ltd",2022-06-21 03:20:00,[HONORI][HUAQIN][HiggsF][Intel ADL][Intel AX 211][BT][Win11] Bluetooth icon and funtion will be lost and DM not any yang bang. FR:1/100 cycle.
714987,"HUAQIN TECHNOLOGY CO., LTD",HONOR,title_brand_mismatch,NA,"Huaqin Technology Co., Ltd",2022-06-21 03:20:00,[HONORI][HUAQIN][HiggsF][Intel ADL][Intel AX 211][BT][Win11] Bluetooth icon and funtion will be lost and DM not any yang bang. FR:1/100 cycle.
714909,"FOXCONN TECHNOLOGY CO., LTD.",ACER|DELL,title_brand_mismatch,NA,"FOXCONN TECHNOLOGY CO., LTD.",2022-06-21 00:26:00,"[DELL cons/Foxconn/Intel RPL-S] [D13 Tracer RPL] W11,22H2,HLK,TR_RPL_Some Bluetooth HLK tests fail ."
714909,"FOXCONN TECHNOLOGY CO., LTD.",ACER|DELL,title_brand_mismatch,NA,"FOXCONN TECHNOLOGY CO., LTD.",2022-06-21 00:26:00,"[DELL cons/Foxconn/Intel RPL-S] [D13 Tracer RPL] W11,22H2,HLK,TR_RPL_Some Bluetooth HLK tests fail ."
714909,"FOXCONN TECHNOLOGY CO., LTD.",ACER|DELL,title_brand_mismatch,NA,"FOXCONN TECHNOLOGY CO., LTD.",2022-06-21 00:26:00,"[DELL cons/Foxconn/Intel RPL-S] [D13 Tracer RPL] W11,22H2,HLK,TR_RPL_Some Bluetooth HLK tests fail ."
714345,PEGATRON CORPORATION,ASUS,title_brand_mismatch,NA,Pegatron Corporation,2022-06-17 01:52:00,[ASUS][Pegatron][ADL-P][Windows 10 21H2] HLK test faile on Bluetooth - UsbScoDataTransportLayer (Development and Integration) with AX201 and AX211
714345,PEGATRON CORPORATION,ASUS,title_brand_mismatch,NA,Pegatron Corporation,2022-06-17 01:52:00,[ASUS][Pegatron][ADL-P][Windows 10 21H2] HLK test faile on Bluetooth - UsbScoDataTransportLayer (Development and Integration) with AX201 and AX211
714345,PEGATRON CORPORATION,ASUS,title_brand_mismatch,NA,Pegatron Corporation,2022-06-17 01:52:00,[ASUS][Pegatron][ADL-P][Windows 10 21H2] HLK test faile on Bluetooth - UsbScoDataTransportLayer (Development and Integration) with AX201 and AX211
712997,SAMSUNG,NEC,title_brand_mismatch,NA,"SAMSUNG ELECTRONICS CO., LTD.",2022-06-13 01:40:00,[Win10][GfP2] No sound during 10+ seconds if turn off Bluetooth while BT speaker is connected
712997,SAMSUNG,NEC,title_brand_mismatch,NA,"SAMSUNG ELECTRONICS CO., LTD.",2022-06-13 01:40:00,[Win10][GfP2] No sound during 10+ seconds if turn off Bluetooth while BT speaker is connected
712997,SAMSUNG,NEC,title_brand_mismatch,NA,"SAMSUNG ELECTRONICS CO., LTD.",2022-06-13 01:40:00,[Win10][GfP2] No sound during 10+ seconds if turn off Bluetooth while BT speaker is connected
711167,"HUAQIN TECHNOLOGY CO., LTD",ASUS|NEC,title_brand_mismatch,NA,"Huaqin Technology Co., Ltd",2022-06-06 02:41:00,"[HuaQin][Asus][UX3402ZA_ADL-P][Win11 OS]Connected Bluetooth speaker?the Bluetooth speaker has no sound output(F/R:5/5 pcs,100%)."
711167,"HUAQIN TECHNOLOGY CO., LTD",ASUS|NEC,title_brand_mismatch,NA,"Huaqin Technology Co., Ltd",2022-06-06 02:41:00,"[HuaQin][Asus][UX3402ZA_ADL-P][Win11 OS]Connected Bluetooth speaker?the Bluetooth speaker has no sound output(F/R:5/5 pcs,100%)."
711167,"HUAQIN TECHNOLOGY CO., LTD",ASUS|NEC,title_brand_mismatch,NA,"Huaqin Technology Co., Ltd",2022-06-06 02:41:00,"[HuaQin][Asus][UX3402ZA_ADL-P][Win11 OS]Connected Bluetooth speaker?the Bluetooth speaker has no sound output(F/R:5/5 pcs,100%)."
710199,"SHENZHEN BITLAND INFORMATION TECHNOLOGYCO., LTD.",LENOVO,title_brand_mismatch,NA,"SHENZHEN BITLAND INFORMATION TECHNOLOGYCO., LTD.",2022-05-31 22:59:00,"[Lenovo][Bitland][Y770s I+N][ADL-P][Win11][1%][The DUT into MS(SW:70%,HW:68%)with Killer(R) AX1690i less than (SW:90%,HW:90%) when run wifi-MS stress test]"
710199,"SHENZHEN BITLAND INFORMATION TECHNOLOGYCO., LTD.",LENOVO,title_brand_mismatch,NA,"SHENZHEN BITLAND INFORMATION TECHNOLOGYCO., LTD.",2022-05-31 22:59:00,"[Lenovo][Bitland][Y770s I+N][ADL-P][Win11][1%][The DUT into MS(SW:70%,HW:68%)with Killer(R) AX1690i less than (SW:90%,HW:90%) when run wifi-MS stress test]"
710199,"SHENZHEN BITLAND INFORMATION TECHNOLOGYCO., LTD.",LENOVO,title_brand_mismatch,NA,"SHENZHEN BITLAND INFORMATION TECHNOLOGYCO., LTD.",2022-05-31 22:59:00,"[Lenovo][Bitland][Y770s I+N][ADL-P][Win11][1%][The DUT into MS(SW:70%,HW:68%)with Killer(R) AX1690i less than (SW:90%,HW:90%) when run wifi-MS stress test]"
709872,INVENTEC CORPORATION,HP,title_brand_mismatch,NA,INVENTEC CORPORATION,2022-05-31 00:34:00,[HP][Inventec][Warpath14][ADL][GFP2-A211][Win10 Pro] Ant tool isolation value mismatch
709872,INVENTEC CORPORATION,HP,title_brand_mismatch,NA,INVENTEC CORPORATION,2022-05-31 00:34:00,[HP][Inventec][Warpath14][ADL][GFP2-A211][Win10 Pro] Ant tool isolation value mismatch
709872,INVENTEC CORPORATION,HP,title_brand_mismatch,NA,INVENTEC CORPORATION,2022-05-31 00:34:00,[HP][Inventec][Warpath14][ADL][GFP2-A211][Win10 Pro] Ant tool isolation value mismatch
709319,"COMPAL ELECTRONICS, INC.",LENOVO,title_brand_mismatch,NA,"COMPAL ELECTRONICS, INC.",2022-05-28 06:37:00,[Lenovo-Ideapad][Compal][V350][ADL][Win11] AX201 can't find BT device for more than 15 devices.
709319,"COMPAL ELECTRONICS, INC.",LENOVO,title_brand_mismatch,NA,"COMPAL ELECTRONICS, INC.",2022-05-28 06:37:00,[Lenovo-Ideapad][Compal][V350][ADL][Win11] AX201 can't find BT device for more than 15 devices.
709319,"COMPAL ELECTRONICS, INC.",LENOVO,title_brand_mismatch,NA,"COMPAL ELECTRONICS, INC.",2022-05-28 06:37:00,[Lenovo-Ideapad][Compal][V350][ADL][Win11] AX201 can't find BT device for more than 15 devices.
708772,PANASONIC,NEC,title_brand_mismatch,NA,Panasonic Connect,2022-05-26 00:07:00,[AX211] Wi-Fi 6E scan & connection NG
708772,PANASONIC,NEC,title_brand_mismatch,NA,Panasonic Connect,2022-05-26 00:07:00,[AX211] Wi-Fi 6E scan & connection NG
708772,PANASONIC,NEC,title_brand_mismatch,NA,Panasonic Connect,2022-05-26 00:07:00,[AX211] Wi-Fi 6E scan & connection NG
708399,"HUAQIN TECHNOLOGY CO., LTD",ASUS,title_brand_mismatch,NA,"Huaqin Technology Co., Ltd",2022-05-25 01:01:00,[HuaQin][Asus][B3402FBA][WIN11]Wireless access point does not support VMM power saver.
708399,"HUAQIN TECHNOLOGY CO., LTD",ASUS,title_brand_mismatch,NA,"Huaqin Technology Co., Ltd",2022-05-25 01:01:00,[HuaQin][Asus][B3402FBA][WIN11]Wireless access point does not support VMM power saver.
708399,"HUAQIN TECHNOLOGY CO., LTD",ASUS,title_brand_mismatch,NA,"Huaqin Technology Co., Ltd",2022-05-25 01:01:00,[HuaQin][Asus][B3402FBA][WIN11]Wireless access point does not support VMM power saver.
707621,"COMPAL ELECTRONICS, INC.",ACER,title_brand_mismatch,NA,"COMPAL ELECTRONICS, INC.",2022-05-23 04:32:00,"[Acer_Compal][Jade_ADU]Where can launch ""Auto Bandwidth"" in ICPS"
707621,"COMPAL ELECTRONICS, INC.",ACER,title_brand_mismatch,NA,"COMPAL ELECTRONICS, INC.",2022-05-23 04:32:00,"[Acer_Compal][Jade_ADU]Where can launch ""Auto Bandwidth"" in ICPS"
707621,"COMPAL ELECTRONICS, INC.",ACER,title_brand_mismatch,NA,"COMPAL ELECTRONICS, INC.",2022-05-23 04:32:00,"[Acer_Compal][Jade_ADU]Where can launch ""Auto Bandwidth"" in ICPS"
707619,"COMPAL ELECTRONICS, INC.",ACER,title_brand_mismatch,NA,"COMPAL ELECTRONICS, INC.",2022-05-23 04:22:00,[Acer_Compal][Jade_ADU]ICPS can not detected hotspot wlan sometimes.
707619,"COMPAL ELECTRONICS, INC.",ACER,title_brand_mismatch,NA,"COMPAL ELECTRONICS, INC.",2022-05-23 04:22:00,[Acer_Compal][Jade_ADU]ICPS can not detected hotspot wlan sometimes.
707619,"COMPAL ELECTRONICS, INC.",ACER,title_brand_mismatch,NA,"COMPAL ELECTRONICS, INC.",2022-05-23 04:22:00,[Acer_Compal][Jade_ADU]ICPS can not detected hotspot wlan sometimes.
707617,"COMPAL ELECTRONICS, INC.",ACER,title_brand_mismatch,NA,"COMPAL ELECTRONICS, INC.",2022-05-23 04:14:00,[Acer_Compal][Jade_ADU]ICPS did not provided recommendations when more advanced features are detected.
707617,"COMPAL ELECTRONICS, INC.",ACER,title_brand_mismatch,NA,"COMPAL ELECTRONICS, INC.",2022-05-23 04:14:00,[Acer_Compal][Jade_ADU]ICPS did not provided recommendations when more advanced features are detected.
707617,"COMPAL ELECTRONICS, INC.",ACER,title_brand_mismatch,NA,"COMPAL ELECTRONICS, INC.",2022-05-23 04:14:00,[Acer_Compal][Jade_ADU]ICPS did not provided recommendations when more advanced features are detected.
707614,"COMPAL ELECTRONICS, INC.",ACER|NEC,title_brand_mismatch,NA,"COMPAL ELECTRONICS, INC.",2022-05-23 04:00:00,[Acer_Compal][Jade_ADU]ICPS APP will show passward incorrect when connect to the hotspot internet.
707614,"COMPAL ELECTRONICS, INC.",ACER|NEC,title_brand_mismatch,NA,"COMPAL ELECTRONICS, INC.",2022-05-23 04:00:00,[Acer_Compal][Jade_ADU]ICPS APP will show passward incorrect when connect to the hotspot internet.
707614,"COMPAL ELECTRONICS, INC.",ACER|NEC,title_brand_mismatch,NA,"COMPAL ELECTRONICS, INC.",2022-05-23 04:00:00,[Acer_Compal][Jade_ADU]ICPS APP will show passward incorrect when connect to the hotspot internet.
706802,"COMPAL ELECTRONICS, INC.",ACER,title_brand_mismatch,NA,"COMPAL ELECTRONICS, INC.",2022-05-19 02:47:00,[Acer_Compal][Jade_ADU][ICPS]Unit B ICPS APP will freeze abount 3 minuts when connet WLAN  hotspot which share from Unit A.
706802,"COMPAL ELECTRONICS, INC.",ACER,title_brand_mismatch,NA,"COMPAL ELECTRONICS, INC.",2022-05-19 02:47:00,[Acer_Compal][Jade_ADU][ICPS]Unit B ICPS APP will freeze abount 3 minuts when connet WLAN  hotspot which share from Unit A.
706802,"COMPAL ELECTRONICS, INC.",ACER,title_brand_mismatch,NA,"COMPAL ELECTRONICS, INC.",2022-05-19 02:47:00,[Acer_Compal][Jade_ADU][ICPS]Unit B ICPS APP will freeze abount 3 minuts when connet WLAN  hotspot which share from Unit A.
706798,"COMPAL ELECTRONICS, INC.",ACER,title_brand_mismatch,NA,"COMPAL ELECTRONICS, INC.",2022-05-19 02:35:00,[Acer_Compal][Jade_ADU][ICPS]System did not found ICPS Component.inf and ICPS.appx under \UWD\Win64
706798,"COMPAL ELECTRONICS, INC.",ACER,title_brand_mismatch,NA,"COMPAL ELECTRONICS, INC.",2022-05-19 02:35:00,[Acer_Compal][Jade_ADU][ICPS]System did not found ICPS Component.inf and ICPS.appx under \UWD\Win64
706798,"COMPAL ELECTRONICS, INC.",ACER,title_brand_mismatch,NA,"COMPAL ELECTRONICS, INC.",2022-05-19 02:35:00,[Acer_Compal][Jade_ADU][ICPS]System did not found ICPS Component.inf and ICPS.appx under \UWD\Win64
706749,"HUAQIN TECHNOLOGY CO., LTD",ASUS,title_brand_mismatch,NA,"Huaqin Technology Co., Ltd",2022-05-19 00:42:00,[ASUS][TP3402ZA][ADL][Win11R]Some AP can?t select Mobile Hotspot or share 5G.(2.4G can pass)
706749,"HUAQIN TECHNOLOGY CO., LTD",ASUS,title_brand_mismatch,NA,"Huaqin Technology Co., Ltd",2022-05-19 00:42:00,[ASUS][TP3402ZA][ADL][Win11R]Some AP can?t select Mobile Hotspot or share 5G.(2.4G can pass)
706749,"HUAQIN TECHNOLOGY CO., LTD",ASUS,title_brand_mismatch,NA,"Huaqin Technology Co., Ltd",2022-05-19 00:42:00,[ASUS][TP3402ZA][ADL][Win11R]Some AP can?t select Mobile Hotspot or share 5G.(2.4G can pass)
706438,"HUAQIN TECHNOLOGY CO., LTD",ASUS,title_brand_mismatch,NA,"Huaqin Technology Co., Ltd",2022-05-18 01:52:00,[HuaQin][Asus][UX3402ZA_ADL-P][Win11 OS]Intel AX211 wifi driver BSOD(0xd1)(F/R:1/4 pcs).
706438,"HUAQIN TECHNOLOGY CO., LTD",ASUS,title_brand_mismatch,NA,"Huaqin Technology Co., Ltd",2022-05-18 01:52:00,[HuaQin][Asus][UX3402ZA_ADL-P][Win11 OS]Intel AX211 wifi driver BSOD(0xd1)(F/R:1/4 pcs).
706438,"HUAQIN TECHNOLOGY CO., LTD",ASUS,title_brand_mismatch,NA,"Huaqin Technology Co., Ltd",2022-05-18 01:52:00,[HuaQin][Asus][UX3402ZA_ADL-P][Win11 OS]Intel AX211 wifi driver BSOD(0xd1)(F/R:1/4 pcs).
705847,ECS,ACER,title_brand_mismatch,NA,ELITEGROUP COMPUTER SYSTEMS CO. LTD,2022-05-16 03:15:00,[Acer]ADL-S CITU Marginal Test cannot get Full Run result
705847,ECS,ACER,title_brand_mismatch,NA,ELITEGROUP COMPUTER SYSTEMS CO. LTD,2022-05-16 03:15:00,[Acer]ADL-S CITU Marginal Test cannot get Full Run result
705847,ECS,ACER,title_brand_mismatch,NA,ELITEGROUP COMPUTER SYSTEMS CO. LTD,2022-05-16 03:15:00,[Acer]ADL-S CITU Marginal Test cannot get Full Run result
705458,"HUAQIN TECHNOLOGY CO., LTD",HONOR|NEC,title_brand_mismatch,NA,"Huaqin Technology Co., Ltd",2022-05-13 01:41:00,[HONOR][HUAQIN][HiggsF][Intel ADL][Intel AX 211][BT][Win11]BT headset would switch between connected and connected with music after connected with DUT
705458,"HUAQIN TECHNOLOGY CO., LTD",HONOR|NEC,title_brand_mismatch,NA,"Huaqin Technology Co., Ltd",2022-05-13 01:41:00,[HONOR][HUAQIN][HiggsF][Intel ADL][Intel AX 211][BT][Win11]BT headset would switch between connected and connected with music after connected with DUT
705458,"HUAQIN TECHNOLOGY CO., LTD",HONOR|NEC,title_brand_mismatch,NA,"Huaqin Technology Co., Ltd",2022-05-13 01:41:00,[HONOR][HUAQIN][HiggsF][Intel ADL][Intel AX 211][BT][Win11]BT headset would switch between connected and connected with music after connected with DUT
705052,"HUAQIN TECHNOLOGY CO., LTD",HONOR|NEC,title_brand_mismatch,NA,"Huaqin Technology Co., Ltd",2022-05-12 00:28:00,[HONOR][HUAQIN][HiggsF][Intel ADL][Intel AX 211][BT][Win11]Client machine cannot hear voice from DUT with BT headset connected.
705052,"HUAQIN TECHNOLOGY CO., LTD",HONOR|NEC,title_brand_mismatch,NA,"Huaqin Technology Co., Ltd",2022-05-12 00:28:00,[HONOR][HUAQIN][HiggsF][Intel ADL][Intel AX 211][BT][Win11]Client machine cannot hear voice from DUT with BT headset connected.
705052,"HUAQIN TECHNOLOGY CO., LTD",HONOR|NEC,title_brand_mismatch,NA,"Huaqin Technology Co., Ltd",2022-05-12 00:28:00,[HONOR][HUAQIN][HiggsF][Intel ADL][Intel AX 211][BT][Win11]Client machine cannot hear voice from DUT with BT headset connected.
704847,"HUAQIN TECHNOLOGY CO., LTD",ASUS,title_brand_mismatch,NA,"Huaqin Technology Co., Ltd",2022-05-11 06:01:00,"[ASUS][K6502HE][TGL-H][AX201][Win11R][Airpods]The unit WLAN?wireless network? Tx & Rx speed less than spec 10Mbps(802.11n 2.4G need > 10 Mbps)(FR:2 out of 2 units,4 out of 4 times)"
704847,"HUAQIN TECHNOLOGY CO., LTD",ASUS,title_brand_mismatch,NA,"Huaqin Technology Co., Ltd",2022-05-11 06:01:00,"[ASUS][K6502HE][TGL-H][AX201][Win11R][Airpods]The unit WLAN?wireless network? Tx & Rx speed less than spec 10Mbps(802.11n 2.4G need > 10 Mbps)(FR:2 out of 2 units,4 out of 4 times)"
704847,"HUAQIN TECHNOLOGY CO., LTD",ASUS,title_brand_mismatch,NA,"Huaqin Technology Co., Ltd",2022-05-11 06:01:00,"[ASUS][K6502HE][TGL-H][AX201][Win11R][Airpods]The unit WLAN?wireless network? Tx & Rx speed less than spec 10Mbps(802.11n 2.4G need > 10 Mbps)(FR:2 out of 2 units,4 out of 4 times)"
704645,QUANTA COMPUTER INC.,ACER,title_brand_mismatch,NA,QUANTA COMPUTER INC.,2022-05-10 20:27:00,"[Acer 207592][ICPS 1.1122.112.3] The Prioritization function seems didn't improve the game latency significantly, how could I check the function works or not"
704645,QUANTA COMPUTER INC.,ACER,title_brand_mismatch,NA,QUANTA COMPUTER INC.,2022-05-10 20:27:00,"[Acer 207592][ICPS 1.1122.112.3] The Prioritization function seems didn't improve the game latency significantly, how could I check the function works or not"
704645,QUANTA COMPUTER INC.,ACER,title_brand_mismatch,NA,QUANTA COMPUTER INC.,2022-05-10 20:27:00,"[Acer 207592][ICPS 1.1122.112.3] The Prioritization function seems didn't improve the game latency significantly, how could I check the function works or not"
704619,QUANTA COMPUTER INC.,ACER,title_brand_mismatch,NA,QUANTA COMPUTER INC.,2022-05-10 19:31:00,"[Acer 207593][ICPS 1.1122.112.3] Set a bandwidth limit(30 Mbps) on the QoS AP/auto bandwidth UI, but observe the download bandwidth (Mbps) still over 30Mbps"
704619,QUANTA COMPUTER INC.,ACER,title_brand_mismatch,NA,QUANTA COMPUTER INC.,2022-05-10 19:31:00,"[Acer 207593][ICPS 1.1122.112.3] Set a bandwidth limit(30 Mbps) on the QoS AP/auto bandwidth UI, but observe the download bandwidth (Mbps) still over 30Mbps"
704619,QUANTA COMPUTER INC.,ACER,title_brand_mismatch,NA,QUANTA COMPUTER INC.,2022-05-10 19:31:00,"[Acer 207593][ICPS 1.1122.112.3] Set a bandwidth limit(30 Mbps) on the QoS AP/auto bandwidth UI, but observe the download bandwidth (Mbps) still over 30Mbps"
704362,"HUAQIN TECHNOLOGY CO., LTD",LENOVO,title_brand_mismatch,NA,"Huaqin Technology Co., Ltd",2022-05-09 23:40:00,[Huaqin][Lenovo][ADL][ThinkBook G4+ IAP] HLK Bluetooth - UsbScoDataTransportLayer (Development and Integration) test failed
704362,"HUAQIN TECHNOLOGY CO., LTD",LENOVO,title_brand_mismatch,NA,"Huaqin Technology Co., Ltd",2022-05-09 23:40:00,[Huaqin][Lenovo][ADL][ThinkBook G4+ IAP] HLK Bluetooth - UsbScoDataTransportLayer (Development and Integration) test failed
704362,"HUAQIN TECHNOLOGY CO., LTD",LENOVO,title_brand_mismatch,NA,"Huaqin Technology Co., Ltd",2022-05-09 23:40:00,[Huaqin][Lenovo][ADL][ThinkBook G4+ IAP] HLK Bluetooth - UsbScoDataTransportLayer (Development and Integration) test failed
704242,QUANTA COMPUTER INC.,HONOR,title_brand_mismatch,NA,QUANTA COMPUTER INC.,2022-05-09 18:36:00,"[Honor][Quanta][H9R][GalileoF][AX201][21H2][BT] [#18397] The PC is installed with dual win11 systems. After waking up from Hibernation, it is found that the bluetooth switch disappears, the bluetooth on devicen manager has a yellow mark, and the backgroun"
704242,QUANTA COMPUTER INC.,HONOR,title_brand_mismatch,NA,QUANTA COMPUTER INC.,2022-05-09 18:36:00,"[Honor][Quanta][H9R][GalileoF][AX201][21H2][BT] [#18397] The PC is installed with dual win11 systems. After waking up from Hibernation, it is found that the bluetooth switch disappears, the bluetooth on devicen manager has a yellow mark, and the backgroun"
704242,QUANTA COMPUTER INC.,HONOR,title_brand_mismatch,NA,QUANTA COMPUTER INC.,2022-05-09 18:36:00,"[Honor][Quanta][H9R][GalileoF][AX201][21H2][BT] [#18397] The PC is installed with dual win11 systems. After waking up from Hibernation, it is found that the bluetooth switch disappears, the bluetooth on devicen manager has a yellow mark, and the backgroun"
704034,"HUAQIN TECHNOLOGY CO., LTD",ASUS,title_brand_mismatch,NA,"Huaqin Technology Co., Ltd",2022-05-09 00:30:00,"[ASUS][B5302][ADL][Win11R][AX201&AX211]The mouse pointer has a short delay(lag 0.5s) after make the BT mouse & machines idle 10s (4 out of 4 units,8 out of 8 times) fail units: ALL Configurations"
704034,"HUAQIN TECHNOLOGY CO., LTD",ASUS,title_brand_mismatch,NA,"Huaqin Technology Co., Ltd",2022-05-09 00:30:00,"[ASUS][B5302][ADL][Win11R][AX201&AX211]The mouse pointer has a short delay(lag 0.5s) after make the BT mouse & machines idle 10s (4 out of 4 units,8 out of 8 times) fail units: ALL Configurations"
704034,"HUAQIN TECHNOLOGY CO., LTD",ASUS,title_brand_mismatch,NA,"Huaqin Technology Co., Ltd",2022-05-09 00:30:00,"[ASUS][B5302][ADL][Win11R][AX201&AX211]The mouse pointer has a short delay(lag 0.5s) after make the BT mouse & machines idle 10s (4 out of 4 units,8 out of 8 times) fail units: ALL Configurations"
703624,WISTRON CORPORATION,DELL,title_brand_mismatch,NA,WISTRON CORPORATION,2022-05-06 02:58:00,[Dell][Wistron]Cyborg-L Intel AX201 will be disabled when resume from Sleep mode.
703624,WISTRON CORPORATION,DELL,title_brand_mismatch,NA,WISTRON CORPORATION,2022-05-06 02:58:00,[Dell][Wistron]Cyborg-L Intel AX201 will be disabled when resume from Sleep mode.
703624,WISTRON CORPORATION,DELL,title_brand_mismatch,NA,WISTRON CORPORATION,2022-05-06 02:58:00,[Dell][Wistron]Cyborg-L Intel AX201 will be disabled when resume from Sleep mode.
703190,"HUAQIN TECHNOLOGY CO., LTD",HONOR|NEC,title_brand_mismatch,NA,"Huaqin Technology Co., Ltd",2022-05-04 20:49:00,[HONOR][HUAQIN][HiggsF][Intel ADL][Intel AX 211][BT][Win11]Sounds output from BT headset would delay about 20s after connected succeed to PC.
703190,"HUAQIN TECHNOLOGY CO., LTD",HONOR|NEC,title_brand_mismatch,NA,"Huaqin Technology Co., Ltd",2022-05-04 20:49:00,[HONOR][HUAQIN][HiggsF][Intel ADL][Intel AX 211][BT][Win11]Sounds output from BT headset would delay about 20s after connected succeed to PC.
703190,"HUAQIN TECHNOLOGY CO., LTD",HONOR|NEC,title_brand_mismatch,NA,"Huaqin Technology Co., Ltd",2022-05-04 20:49:00,[HONOR][HUAQIN][HiggsF][Intel ADL][Intel AX 211][BT][Win11]Sounds output from BT headset would delay about 20s after connected succeed to PC.
703188,"HUAQIN TECHNOLOGY CO., LTD",ASUS,title_brand_mismatch,NA,"Huaqin Technology Co., Ltd",2022-05-04 20:47:00,[ASUS][TP3402ZA][ADL][Win11R]Some AP can?t select Mobile Hotspot or share 5G.(2.4G can pass)
703188,"HUAQIN TECHNOLOGY CO., LTD",ASUS,title_brand_mismatch,NA,"Huaqin Technology Co., Ltd",2022-05-04 20:47:00,[ASUS][TP3402ZA][ADL][Win11R]Some AP can?t select Mobile Hotspot or share 5G.(2.4G can pass)
703188,"HUAQIN TECHNOLOGY CO., LTD",ASUS,title_brand_mismatch,NA,"Huaqin Technology Co., Ltd",2022-05-04 20:47:00,[ASUS][TP3402ZA][ADL][Win11R]Some AP can?t select Mobile Hotspot or share 5G.(2.4G can pass)
703170,"HUAQIN TECHNOLOGY CO., LTD",HONOR|NEC,title_brand_mismatch,NA,"Huaqin Technology Co., Ltd",2022-05-04 19:54:00,"[HONOR][HUAQIN][HiggsF][Intel ADL][Intel AX 211][BT][Win11]Show prompts ?This item not work, please try again"" when click to connect the paired BT headset."
703170,"HUAQIN TECHNOLOGY CO., LTD",HONOR|NEC,title_brand_mismatch,NA,"Huaqin Technology Co., Ltd",2022-05-04 19:54:00,"[HONOR][HUAQIN][HiggsF][Intel ADL][Intel AX 211][BT][Win11]Show prompts ?This item not work, please try again"" when click to connect the paired BT headset."
703170,"HUAQIN TECHNOLOGY CO., LTD",HONOR|NEC,title_brand_mismatch,NA,"Huaqin Technology Co., Ltd",2022-05-04 19:54:00,"[HONOR][HUAQIN][HiggsF][Intel ADL][Intel AX 211][BT][Win11]Show prompts ?This item not work, please try again"" when click to connect the paired BT headset."
703024,"COMPAL ELECTRONICS, INC.",DELL,title_brand_mismatch,NA,"COMPAL ELECTRONICS, INC.",2022-05-04 01:15:00,[Dell/Compal][Odyssey] External monitor show garbage when play online Video or Movies&TV via Miracast
703024,"COMPAL ELECTRONICS, INC.",DELL,title_brand_mismatch,NA,"COMPAL ELECTRONICS, INC.",2022-05-04 01:15:00,[Dell/Compal][Odyssey] External monitor show garbage when play online Video or Movies&TV via Miracast
703024,"COMPAL ELECTRONICS, INC.",DELL,title_brand_mismatch,NA,"COMPAL ELECTRONICS, INC.",2022-05-04 01:15:00,[Dell/Compal][Odyssey] External monitor show garbage when play online Video or Movies&TV via Miracast
702389,PEGATRON CORPORATION,DELL,title_brand_mismatch,NA,Pegatron Corporation,2022-04-29 05:44:00,[Dell][Pega][Falcon] A2DP SNK device will show YB after pairing BT to another SUT
702389,PEGATRON CORPORATION,DELL,title_brand_mismatch,NA,Pegatron Corporation,2022-04-29 05:44:00,[Dell][Pega][Falcon] A2DP SNK device will show YB after pairing BT to another SUT
702389,PEGATRON CORPORATION,DELL,title_brand_mismatch,NA,Pegatron Corporation,2022-04-29 05:44:00,[Dell][Pega][Falcon] A2DP SNK device will show YB after pairing BT to another SUT
701287,"HUAQIN TECHNOLOGY CO., LTD",HONOR,title_brand_mismatch,NA,"Huaqin Technology Co., Ltd",2022-04-26 19:24:00,[HONOR][HUAQIN][FermiF&BornF][Intel ADL][Intel AX 201][BT][Win11]DUT send file to cellphone failed via BT
701287,"HUAQIN TECHNOLOGY CO., LTD",HONOR,title_brand_mismatch,NA,"Huaqin Technology Co., Ltd",2022-04-26 19:24:00,[HONOR][HUAQIN][FermiF&BornF][Intel ADL][Intel AX 201][BT][Win11]DUT send file to cellphone failed via BT
701287,"HUAQIN TECHNOLOGY CO., LTD",HONOR,title_brand_mismatch,NA,"Huaqin Technology Co., Ltd",2022-04-26 19:24:00,[HONOR][HUAQIN][FermiF&BornF][Intel ADL][Intel AX 201][BT][Win11]DUT send file to cellphone failed via BT
700792,WISTRON CORPORATION,DELL,title_brand_mismatch,NA,WISTRON CORPORATION,2022-04-25 08:19:00,(Copy Of 00700683) [Dell][Cyborg-L ADL] Intel WLANTEST tests fail on design of ADL platform and AX210
700792,WISTRON CORPORATION,DELL,title_brand_mismatch,NA,WISTRON CORPORATION,2022-04-25 08:19:00,(Copy Of 00700683) [Dell][Cyborg-L ADL] Intel WLANTEST tests fail on design of ADL platform and AX210
700792,WISTRON CORPORATION,DELL,title_brand_mismatch,NA,WISTRON CORPORATION,2022-04-25 08:19:00,(Copy Of 00700683) [Dell][Cyborg-L ADL] Intel WLANTEST tests fail on design of ADL platform and AX210
700505,"HUAQIN TECHNOLOGY CO., LTD",ASUS|NEC,title_brand_mismatch,NA,"Huaqin Technology Co., Ltd",2022-04-24 20:58:00,"[Huaqin][ASUS][K6502_K6602][Intel TGL][Win11R][AX201]Bluetooth speakers don't automatically connect to play music.(FR: 3 out of 3 units, 6 out of 6 times)"
700505,"HUAQIN TECHNOLOGY CO., LTD",ASUS|NEC,title_brand_mismatch,NA,"Huaqin Technology Co., Ltd",2022-04-24 20:58:00,"[Huaqin][ASUS][K6502_K6602][Intel TGL][Win11R][AX201]Bluetooth speakers don't automatically connect to play music.(FR: 3 out of 3 units, 6 out of 6 times)"
700505,"HUAQIN TECHNOLOGY CO., LTD",ASUS|NEC,title_brand_mismatch,NA,"Huaqin Technology Co., Ltd",2022-04-24 20:58:00,"[Huaqin][ASUS][K6502_K6602][Intel TGL][Win11R][AX201]Bluetooth speakers don't automatically connect to play music.(FR: 3 out of 3 units, 6 out of 6 times)"
700382,"HUAQIN TECHNOLOGY CO., LTD",HONOR,title_brand_mismatch,NA,"Huaqin Technology Co., Ltd",2022-04-24 01:59:00,[HONOR][HUAQIN][HiggsF][Intel ADL][Intel AX 211][BT][Win11] Show driver error when close BT on headset side(freebuds pro)
700382,"HUAQIN TECHNOLOGY CO., LTD",HONOR,title_brand_mismatch,NA,"Huaqin Technology Co., Ltd",2022-04-24 01:59:00,[HONOR][HUAQIN][HiggsF][Intel ADL][Intel AX 211][BT][Win11] Show driver error when close BT on headset side(freebuds pro)
700382,"HUAQIN TECHNOLOGY CO., LTD",HONOR,title_brand_mismatch,NA,"Huaqin Technology Co., Ltd",2022-04-24 01:59:00,[HONOR][HUAQIN][HiggsF][Intel ADL][Intel AX 211][BT][Win11] Show driver error when close BT on headset side(freebuds pro)
699327,"HUAQIN TECHNOLOGY CO., LTD",HONOR,title_brand_mismatch,NA,"Huaqin Technology Co., Ltd",2022-04-19 20:33:00,[HONORI][HUAQIN][HiggsF][Intel ADL][Intel AX 211][BT][Win11]BT headset have no soud output after draging Groove Music APP gropress bar.
699327,"HUAQIN TECHNOLOGY CO., LTD",HONOR,title_brand_mismatch,NA,"Huaqin Technology Co., Ltd",2022-04-19 20:33:00,[HONORI][HUAQIN][HiggsF][Intel ADL][Intel AX 211][BT][Win11]BT headset have no soud output after draging Groove Music APP gropress bar.
699327,"HUAQIN TECHNOLOGY CO., LTD",HONOR,title_brand_mismatch,NA,"Huaqin Technology Co., Ltd",2022-04-19 20:33:00,[HONORI][HUAQIN][HiggsF][Intel ADL][Intel AX 211][BT][Win11]BT headset have no soud output after draging Groove Music APP gropress bar.
698033,DYNABOOK INC.,NEC,title_brand_mismatch,NA,Dynabook Inc.,2022-04-14 02:06:00,[Dynabook][Win10/Win11][GfP2/Hrp2] Can not connect WPA3-Enterprise(not 192bit)
698033,DYNABOOK INC.,NEC,title_brand_mismatch,NA,Dynabook Inc.,2022-04-14 02:06:00,[Dynabook][Win10/Win11][GfP2/Hrp2] Can not connect WPA3-Enterprise(not 192bit)
698033,DYNABOOK INC.,NEC,title_brand_mismatch,NA,Dynabook Inc.,2022-04-14 02:06:00,[Dynabook][Win10/Win11][GfP2/Hrp2] Can not connect WPA3-Enterprise(not 192bit)
697325,"HUAQIN TECHNOLOGY CO., LTD",HONOR|NEC,title_brand_mismatch,NA,"Huaqin Technology Co., Ltd",2022-04-12 02:33:00,[HONOR][HUAQIN][HiggsF][Intel ADL][Intel AX 211][BT][Win11]One of the BT headset will constantly switch between connected and connected with voice with Nahimic opened.
697325,"HUAQIN TECHNOLOGY CO., LTD",HONOR|NEC,title_brand_mismatch,NA,"Huaqin Technology Co., Ltd",2022-04-12 02:33:00,[HONOR][HUAQIN][HiggsF][Intel ADL][Intel AX 211][BT][Win11]One of the BT headset will constantly switch between connected and connected with voice with Nahimic opened.
697325,"HUAQIN TECHNOLOGY CO., LTD",HONOR|NEC,title_brand_mismatch,NA,"Huaqin Technology Co., Ltd",2022-04-12 02:33:00,[HONOR][HUAQIN][HiggsF][Intel ADL][Intel AX 211][BT][Win11]One of the BT headset will constantly switch between connected and connected with voice with Nahimic opened.
697246,"COMPAL ELECTRONICS, INC.",DELL,title_brand_mismatch,NA,"COMPAL ELECTRONICS, INC.",2022-04-12 00:20:00,[Dell/Compal][Trek_JSL] ) Intel AX201 Wi-Fi drops with driver 22.100.0.3
697246,"COMPAL ELECTRONICS, INC.",DELL,title_brand_mismatch,NA,"COMPAL ELECTRONICS, INC.",2022-04-12 00:20:00,[Dell/Compal][Trek_JSL] ) Intel AX201 Wi-Fi drops with driver 22.100.0.3
697246,"COMPAL ELECTRONICS, INC.",DELL,title_brand_mismatch,NA,"COMPAL ELECTRONICS, INC.",2022-04-12 00:20:00,[Dell/Compal][Trek_JSL] ) Intel AX201 Wi-Fi drops with driver 22.100.0.3
696820,"COMPAL ELECTRONICS, INC.",ACER|NEC,title_brand_mismatch,NA,"COMPAL ELECTRONICS, INC.",2022-04-10 20:44:00,<acer> <acer><Thebe_ADU(HH7J4))_PVT><WIFI Function Test>Intel9560 can connect to ch116 in CN area
696820,"COMPAL ELECTRONICS, INC.",ACER|NEC,title_brand_mismatch,NA,"COMPAL ELECTRONICS, INC.",2022-04-10 20:44:00,<acer> <acer><Thebe_ADU(HH7J4))_PVT><WIFI Function Test>Intel9560 can connect to ch116 in CN area
696820,"COMPAL ELECTRONICS, INC.",ACER|NEC,title_brand_mismatch,NA,"COMPAL ELECTRONICS, INC.",2022-04-10 20:44:00,<acer> <acer><Thebe_ADU(HH7J4))_PVT><WIFI Function Test>Intel9560 can connect to ch116 in CN area
696318,"HUAQIN TECHNOLOGY CO., LTD",HONOR|NEC,title_brand_mismatch,NA,"Huaqin Technology Co., Ltd",2022-04-07 06:11:00,"[HONOR][HUAQIN][HiggsF][Intel ADL][Intel AX 211][BT][Win11] The first time to connect Bluetooth mouse(MX Anywhere2s),  not any response when move mouse.(1/30cycles)"
696318,"HUAQIN TECHNOLOGY CO., LTD",HONOR|NEC,title_brand_mismatch,NA,"Huaqin Technology Co., Ltd",2022-04-07 06:11:00,"[HONOR][HUAQIN][HiggsF][Intel ADL][Intel AX 211][BT][Win11] The first time to connect Bluetooth mouse(MX Anywhere2s),  not any response when move mouse.(1/30cycles)"
696318,"HUAQIN TECHNOLOGY CO., LTD",HONOR|NEC,title_brand_mismatch,NA,"Huaqin Technology Co., Ltd",2022-04-07 06:11:00,"[HONOR][HUAQIN][HiggsF][Intel ADL][Intel AX 211][BT][Win11] The first time to connect Bluetooth mouse(MX Anywhere2s),  not any response when move mouse.(1/30cycles)"
696300,"HUAQIN TECHNOLOGY CO., LTD",HONOR,title_brand_mismatch,NA,"Huaqin Technology Co., Ltd",2022-04-07 05:28:00,[HONOR][HUAQIN][HiggsF][Intel ADL][Intel AX 211][BT][Win11] Bluetooth switch is turned off after reboot.(1/2UUT?1/15cycles)
696300,"HUAQIN TECHNOLOGY CO., LTD",HONOR,title_brand_mismatch,NA,"Huaqin Technology Co., Ltd",2022-04-07 05:28:00,[HONOR][HUAQIN][HiggsF][Intel ADL][Intel AX 211][BT][Win11] Bluetooth switch is turned off after reboot.(1/2UUT?1/15cycles)
696300,"HUAQIN TECHNOLOGY CO., LTD",HONOR,title_brand_mismatch,NA,"Huaqin Technology Co., Ltd",2022-04-07 05:28:00,[HONOR][HUAQIN][HiggsF][Intel ADL][Intel AX 211][BT][Win11] Bluetooth switch is turned off after reboot.(1/2UUT?1/15cycles)
696252,WISTRON CORPORATION,LENOVO,title_brand_mismatch,NA,WISTRON CORPORATION,2022-04-07 02:50:00,[Lenovo/Wistron][Ideapad][IdeaPad Flex 5 14IAU7][SIT][ADL][Win11] can't find SAR table on AX201.
696252,WISTRON CORPORATION,LENOVO,title_brand_mismatch,NA,WISTRON CORPORATION,2022-04-07 02:50:00,[Lenovo/Wistron][Ideapad][IdeaPad Flex 5 14IAU7][SIT][ADL][Win11] can't find SAR table on AX201.
696252,WISTRON CORPORATION,LENOVO,title_brand_mismatch,NA,WISTRON CORPORATION,2022-04-07 02:50:00,[Lenovo/Wistron][Ideapad][IdeaPad Flex 5 14IAU7][SIT][ADL][Win11] can't find SAR table on AX201.
696194,WISTRON CORPORATION,LENOVO,title_brand_mismatch,NA,WISTRON CORPORATION,2022-04-07 00:50:00,[Lenovo-ThinkPad][Raven3][9260][Win10&Win11 Common]encounter BSOD with bluetooth 22.100.0.2
696194,WISTRON CORPORATION,LENOVO,title_brand_mismatch,NA,WISTRON CORPORATION,2022-04-07 00:50:00,[Lenovo-ThinkPad][Raven3][9260][Win10&Win11 Common]encounter BSOD with bluetooth 22.100.0.2
696194,WISTRON CORPORATION,LENOVO,title_brand_mismatch,NA,WISTRON CORPORATION,2022-04-07 00:50:00,[Lenovo-ThinkPad][Raven3][9260][Win10&Win11 Common]encounter BSOD with bluetooth 22.100.0.2
695915,"COMPAL ELECTRONICS, INC.",DELL,title_brand_mismatch,NA,"COMPAL ELECTRONICS, INC.",2022-04-06 04:22:00,[Dell][Portofino][ADL-M]Intel Smart Sound Technology OED device yellow bang with YB code:31 during S4(Hibernate) stress. (ISST: v7514)(WiFi: v22.120.0.3
695915,"COMPAL ELECTRONICS, INC.",DELL,title_brand_mismatch,NA,"COMPAL ELECTRONICS, INC.",2022-04-06 04:22:00,[Dell][Portofino][ADL-M]Intel Smart Sound Technology OED device yellow bang with YB code:31 during S4(Hibernate) stress. (ISST: v7514)(WiFi: v22.120.0.3
695915,"COMPAL ELECTRONICS, INC.",DELL,title_brand_mismatch,NA,"COMPAL ELECTRONICS, INC.",2022-04-06 04:22:00,[Dell][Portofino][ADL-M]Intel Smart Sound Technology OED device yellow bang with YB code:31 during S4(Hibernate) stress. (ISST: v7514)(WiFi: v22.120.0.3
695876,QUANTA COMPUTER INC.,HONOR|NEC,title_brand_mismatch,NA,QUANTA COMPUTER INC.,2022-04-06 02:14:00,"[Honor][Quanta][H9R][GalileoF][AX201][21H2][BT] [#13307] The mouse (logitech pebble) that has been connected to the computer through bluetooth, there is a problem that the mouse cannot be clicked intermittently during the use of the mouse"
695876,QUANTA COMPUTER INC.,HONOR|NEC,title_brand_mismatch,NA,QUANTA COMPUTER INC.,2022-04-06 02:14:00,"[Honor][Quanta][H9R][GalileoF][AX201][21H2][BT] [#13307] The mouse (logitech pebble) that has been connected to the computer through bluetooth, there is a problem that the mouse cannot be clicked intermittently during the use of the mouse"
695876,QUANTA COMPUTER INC.,HONOR|NEC,title_brand_mismatch,NA,QUANTA COMPUTER INC.,2022-04-06 02:14:00,"[Honor][Quanta][H9R][GalileoF][AX201][21H2][BT] [#13307] The mouse (logitech pebble) that has been connected to the computer through bluetooth, there is a problem that the mouse cannot be clicked intermittently during the use of the mouse"
695869,QUANTA COMPUTER INC.,HONOR,title_brand_mismatch,NA,QUANTA COMPUTER INC.,2022-04-06 02:04:00,[Honor][Quanta][H9R][GalileoF][AX201][21H2][BT] [#13306] High CPU usage of Bluetooth service after power-on or wake-up from hibernation F/R:5/20
695869,QUANTA COMPUTER INC.,HONOR,title_brand_mismatch,NA,QUANTA COMPUTER INC.,2022-04-06 02:04:00,[Honor][Quanta][H9R][GalileoF][AX201][21H2][BT] [#13306] High CPU usage of Bluetooth service after power-on or wake-up from hibernation F/R:5/20
695869,QUANTA COMPUTER INC.,HONOR,title_brand_mismatch,NA,QUANTA COMPUTER INC.,2022-04-06 02:04:00,[Honor][Quanta][H9R][GalileoF][AX201][21H2][BT] [#13306] High CPU usage of Bluetooth service after power-on or wake-up from hibernation F/R:5/20
695811,"COMPAL ELECTRONICS, INC.",LENOVO|NEC,title_brand_mismatch,NA,"COMPAL ELECTRONICS, INC.",2022-04-06 00:23:00,[Lenovo - Desktop] [COMPAL] [V50a-24IMB] [CML-S] [3165] [Win11 22000.527] [100%] WiFi-card can't connect AP
695811,"COMPAL ELECTRONICS, INC.",LENOVO|NEC,title_brand_mismatch,NA,"COMPAL ELECTRONICS, INC.",2022-04-06 00:23:00,[Lenovo - Desktop] [COMPAL] [V50a-24IMB] [CML-S] [3165] [Win11 22000.527] [100%] WiFi-card can't connect AP
695811,"COMPAL ELECTRONICS, INC.",LENOVO|NEC,title_brand_mismatch,NA,"COMPAL ELECTRONICS, INC.",2022-04-06 00:23:00,[Lenovo - Desktop] [COMPAL] [V50a-24IMB] [CML-S] [3165] [Win11 22000.527] [100%] WiFi-card can't connect AP
695471,"HUAQIN TECHNOLOGY CO., LTD",HONOR|NEC,title_brand_mismatch,NA,"Huaqin Technology Co., Ltd",2022-04-04 05:08:00,"(Copy Of 00681397) [HONOR][HUAQIN][HiggsF][NB5550B][ADL-P][AX211][WIN11][BT] Turn off and then turn on from BT haedset side, it will only show connected voice.(FR:5/10)(JBL280)"
695471,"HUAQIN TECHNOLOGY CO., LTD",HONOR|NEC,title_brand_mismatch,NA,"Huaqin Technology Co., Ltd",2022-04-04 05:08:00,"(Copy Of 00681397) [HONOR][HUAQIN][HiggsF][NB5550B][ADL-P][AX211][WIN11][BT] Turn off and then turn on from BT haedset side, it will only show connected voice.(FR:5/10)(JBL280)"
695471,"HUAQIN TECHNOLOGY CO., LTD",HONOR|NEC,title_brand_mismatch,NA,"Huaqin Technology Co., Ltd",2022-04-04 05:08:00,"(Copy Of 00681397) [HONOR][HUAQIN][HiggsF][NB5550B][ADL-P][AX211][WIN11][BT] Turn off and then turn on from BT haedset side, it will only show connected voice.(FR:5/10)(JBL280)"
695467,"HUAQIN TECHNOLOGY CO., LTD",HONOR|NEC,title_brand_mismatch,NA,"Huaqin Technology Co., Ltd",2022-04-04 04:57:00,"(Copy Of 00691486) [HONOR][HUAQIN][HiggsF][NB5550B][ADL-P][AX211][WIN11][BT] The Bluetooth headset will rest on ""paired"" when connect it. (Airpods)"
695467,"HUAQIN TECHNOLOGY CO., LTD",HONOR|NEC,title_brand_mismatch,NA,"Huaqin Technology Co., Ltd",2022-04-04 04:57:00,"(Copy Of 00691486) [HONOR][HUAQIN][HiggsF][NB5550B][ADL-P][AX211][WIN11][BT] The Bluetooth headset will rest on ""paired"" when connect it. (Airpods)"
695467,"HUAQIN TECHNOLOGY CO., LTD",HONOR|NEC,title_brand_mismatch,NA,"Huaqin Technology Co., Ltd",2022-04-04 04:57:00,"(Copy Of 00691486) [HONOR][HUAQIN][HiggsF][NB5550B][ADL-P][AX211][WIN11][BT] The Bluetooth headset will rest on ""paired"" when connect it. (Airpods)"
695061,"FOXCONN TECHNOLOGY CO., LTD.",DELL|NEC,title_brand_mismatch,NA,"FOXCONN TECHNOLOGY CO., LTD.",2022-03-31 20:07:00,[DELL Corp. DT/Foxconn/Intel RPL-S][D13] AH_Other devices show in DM with BT Device connected to AX211 card
695061,"FOXCONN TECHNOLOGY CO., LTD.",DELL|NEC,title_brand_mismatch,NA,"FOXCONN TECHNOLOGY CO., LTD.",2022-03-31 20:07:00,[DELL Corp. DT/Foxconn/Intel RPL-S][D13] AH_Other devices show in DM with BT Device connected to AX211 card
695061,"FOXCONN TECHNOLOGY CO., LTD.",DELL|NEC,title_brand_mismatch,NA,"FOXCONN TECHNOLOGY CO., LTD.",2022-03-31 20:07:00,[DELL Corp. DT/Foxconn/Intel RPL-S][D13] AH_Other devices show in DM with BT Device connected to AX211 card
694731,"HUAQIN TECHNOLOGY CO., LTD",ASUS|NEC,title_brand_mismatch,NA,"Huaqin Technology Co., Ltd",2022-03-30 23:13:00,"[HuaQin][Asus][B3402FBA][WIN11]MSG ""Intel Connectivity performance suite is unable ... '"" pop up after Install ICPS driver &UWP and then open it."
694731,"HUAQIN TECHNOLOGY CO., LTD",ASUS|NEC,title_brand_mismatch,NA,"Huaqin Technology Co., Ltd",2022-03-30 23:13:00,"[HuaQin][Asus][B3402FBA][WIN11]MSG ""Intel Connectivity performance suite is unable ... '"" pop up after Install ICPS driver &UWP and then open it."
694731,"HUAQIN TECHNOLOGY CO., LTD",ASUS|NEC,title_brand_mismatch,NA,"Huaqin Technology Co., Ltd",2022-03-30 23:13:00,"[HuaQin][Asus][B3402FBA][WIN11]MSG ""Intel Connectivity performance suite is unable ... '"" pop up after Install ICPS driver &UWP and then open it."
694414,WISTRON CORPORATION,LENOVO,title_brand_mismatch,NA,WISTRON CORPORATION,2022-03-30 01:24:00,[Lenovo/Wistron][Ideapad][IdeaPad Flex 5 14IAU7][SIT][ADL][Win11] can't find SAR table on AX201
694414,WISTRON CORPORATION,LENOVO,title_brand_mismatch,NA,WISTRON CORPORATION,2022-03-30 01:24:00,[Lenovo/Wistron][Ideapad][IdeaPad Flex 5 14IAU7][SIT][ADL][Win11] can't find SAR table on AX201
694414,WISTRON CORPORATION,LENOVO,title_brand_mismatch,NA,WISTRON CORPORATION,2022-03-30 01:24:00,[Lenovo/Wistron][Ideapad][IdeaPad Flex 5 14IAU7][SIT][ADL][Win11] can't find SAR table on AX201
694395,QUANTA COMPUTER INC.,HONOR,title_brand_mismatch,NA,QUANTA COMPUTER INC.,2022-03-30 01:06:00,"[Honor][Quanta][H9R][GalileoF][AX201][21H2][BT] [#9083] After plugin Adapter ,  Bluetooth mouse no response 10 secs F/R:1/1DUTS 1/20 Cycles"
694395,QUANTA COMPUTER INC.,HONOR,title_brand_mismatch,NA,QUANTA COMPUTER INC.,2022-03-30 01:06:00,"[Honor][Quanta][H9R][GalileoF][AX201][21H2][BT] [#9083] After plugin Adapter ,  Bluetooth mouse no response 10 secs F/R:1/1DUTS 1/20 Cycles"
694395,QUANTA COMPUTER INC.,HONOR,title_brand_mismatch,NA,QUANTA COMPUTER INC.,2022-03-30 01:06:00,"[Honor][Quanta][H9R][GalileoF][AX201][21H2][BT] [#9083] After plugin Adapter ,  Bluetooth mouse no response 10 secs F/R:1/1DUTS 1/20 Cycles"
694387,"HUAQIN TECHNOLOGY CO., LTD",ASUS,title_brand_mismatch,NA,"Huaqin Technology Co., Ltd",2022-03-30 00:50:00,[HQ][ASUS][K6502ZC_ZE][Intel ADL][Win11 R]Monitor show garbage when using Miracast.(4/4 times)
694387,"HUAQIN TECHNOLOGY CO., LTD",ASUS,title_brand_mismatch,NA,"Huaqin Technology Co., Ltd",2022-03-30 00:50:00,[HQ][ASUS][K6502ZC_ZE][Intel ADL][Win11 R]Monitor show garbage when using Miracast.(4/4 times)
694387,"HUAQIN TECHNOLOGY CO., LTD",ASUS,title_brand_mismatch,NA,"Huaqin Technology Co., Ltd",2022-03-30 00:50:00,[HQ][ASUS][K6502ZC_ZE][Intel ADL][Win11 R]Monitor show garbage when using Miracast.(4/4 times)
694299,WISTRON CORPORATION,LENOVO,title_brand_mismatch,NA,WISTRON CORPORATION,2022-03-29 20:14:00,[Lenovo/Wistron][Ideapad][ThinkBook 13x Gen 2][SIT][ADL][Win11] can't read SAR table(FR:100%)
694299,WISTRON CORPORATION,LENOVO,title_brand_mismatch,NA,WISTRON CORPORATION,2022-03-29 20:14:00,[Lenovo/Wistron][Ideapad][ThinkBook 13x Gen 2][SIT][ADL][Win11] can't read SAR table(FR:100%)
694299,WISTRON CORPORATION,LENOVO,title_brand_mismatch,NA,WISTRON CORPORATION,2022-03-29 20:14:00,[Lenovo/Wistron][Ideapad][ThinkBook 13x Gen 2][SIT][ADL][Win11] can't read SAR table(FR:100%)
694077,"HUAQIN TECHNOLOGY CO., LTD",ASUS,title_brand_mismatch,NA,"Huaqin Technology Co., Ltd",2022-03-29 01:49:00,[Huaqin][ASUS][B5302][Intel ADL][Win11R][AX211]WIFI YB when idel
694077,"HUAQIN TECHNOLOGY CO., LTD",ASUS,title_brand_mismatch,NA,"Huaqin Technology Co., Ltd",2022-03-29 01:49:00,[Huaqin][ASUS][B5302][Intel ADL][Win11R][AX211]WIFI YB when idel
694077,"HUAQIN TECHNOLOGY CO., LTD",ASUS,title_brand_mismatch,NA,"Huaqin Technology Co., Ltd",2022-03-29 01:49:00,[Huaqin][ASUS][B5302][Intel ADL][Win11R][AX211]WIFI YB when idel
693868,"HUAQIN TECHNOLOGY CO., LTD",ASUS|NEC,title_brand_mismatch,"Huaqin Technology Co., Ltd","Huaqin Technology Co., Ltd",2022-03-28 06:53:00,"[HuaQin][Asus][B3402FBA]MSG ""Intel Connectivity performance suite is unable ... '"" pop up after Install ICPS driver &UWP and then open it."
691788,"COMPAL ELECTRONICS, INC.",DELL|HP,title_brand_mismatch,NA,"COMPAL ELECTRONICS, INC.",2022-03-20 23:28:00,[Dell/Compal] X14 Trek MLK ADL-N Education Notebook WLAN AX204 (ES1) low conducted Throughput issue
691788,"COMPAL ELECTRONICS, INC.",DELL|HP,title_brand_mismatch,NA,"COMPAL ELECTRONICS, INC.",2022-03-20 23:28:00,[Dell/Compal] X14 Trek MLK ADL-N Education Notebook WLAN AX204 (ES1) low conducted Throughput issue
691788,"COMPAL ELECTRONICS, INC.",DELL|HP,title_brand_mismatch,NA,"COMPAL ELECTRONICS, INC.",2022-03-20 23:28:00,[Dell/Compal] X14 Trek MLK ADL-N Education Notebook WLAN AX204 (ES1) low conducted Throughput issue
691696,"HUAQIN TECHNOLOGY CO., LTD",LENOVO,title_brand_mismatch,NA,"Huaqin Technology Co., Ltd",2022-03-20 19:28:00,"[Lenovo][HUAQIN][ThinkBook Plus G3 IAP][ADL-P][SIT] Close the BT at Action center manually will delay.(FR:2/2 uuts,6/6cycles )"
691696,"HUAQIN TECHNOLOGY CO., LTD",LENOVO,title_brand_mismatch,NA,"Huaqin Technology Co., Ltd",2022-03-20 19:28:00,"[Lenovo][HUAQIN][ThinkBook Plus G3 IAP][ADL-P][SIT] Close the BT at Action center manually will delay.(FR:2/2 uuts,6/6cycles )"
691696,"HUAQIN TECHNOLOGY CO., LTD",LENOVO,title_brand_mismatch,NA,"Huaqin Technology Co., Ltd",2022-03-20 19:28:00,"[Lenovo][HUAQIN][ThinkBook Plus G3 IAP][ADL-P][SIT] Close the BT at Action center manually will delay.(FR:2/2 uuts,6/6cycles )"
691486,"HUAQIN TECHNOLOGY CO., LTD",HONOR|NEC,title_brand_mismatch,NA,"Huaqin Technology Co., Ltd",2022-03-18 00:23:00,"[HONOR][HUAQIN][HiggsF][NB5550B][ADL-P][AX211][WIN11][BT] The Bluetooth headset will rest on ""paired"" when connect it. (JABRA MOVE V2.5.0)"
691486,"HUAQIN TECHNOLOGY CO., LTD",HONOR|NEC,title_brand_mismatch,NA,"Huaqin Technology Co., Ltd",2022-03-18 00:23:00,"[HONOR][HUAQIN][HiggsF][NB5550B][ADL-P][AX211][WIN11][BT] The Bluetooth headset will rest on ""paired"" when connect it. (JABRA MOVE V2.5.0)"
691486,"HUAQIN TECHNOLOGY CO., LTD",HONOR|NEC,title_brand_mismatch,NA,"Huaqin Technology Co., Ltd",2022-03-18 00:23:00,"[HONOR][HUAQIN][HiggsF][NB5550B][ADL-P][AX211][WIN11][BT] The Bluetooth headset will rest on ""paired"" when connect it. (JABRA MOVE V2.5.0)"
691471,WISTRON CORPORATION,LENOVO,title_brand_mismatch,NA,WISTRON CORPORATION,2022-03-17 23:15:00,[Lenovo][Wistron][ThinkPad][ADL][GrP][Win11][DRTU driver conflict issue]
691471,WISTRON CORPORATION,LENOVO,title_brand_mismatch,NA,WISTRON CORPORATION,2022-03-17 23:15:00,[Lenovo][Wistron][ThinkPad][ADL][GrP][Win11][DRTU driver conflict issue]
691471,WISTRON CORPORATION,LENOVO,title_brand_mismatch,NA,WISTRON CORPORATION,2022-03-17 23:15:00,[Lenovo][Wistron][ThinkPad][ADL][GrP][Win11][DRTU driver conflict issue]
691078,"COMPAL ELECTRONICS, INC.",DELL,title_brand_mismatch,NA,"COMPAL ELECTRONICS, INC.",2022-03-16 19:48:00,[Dell/Compal]AX201 & Killer 1650i conductive T-put 5G RX failed
691078,"COMPAL ELECTRONICS, INC.",DELL,title_brand_mismatch,NA,"COMPAL ELECTRONICS, INC.",2022-03-16 19:48:00,[Dell/Compal]AX201 & Killer 1650i conductive T-put 5G RX failed
691078,"COMPAL ELECTRONICS, INC.",DELL,title_brand_mismatch,NA,"COMPAL ELECTRONICS, INC.",2022-03-16 19:48:00,[Dell/Compal]AX201 & Killer 1650i conductive T-put 5G RX failed
690502,"COMPAL ELECTRONICS, INC.",DELL,title_brand_mismatch,NA,"COMPAL ELECTRONICS, INC.",2022-03-15 00:41:00,[Dell/Compal][ADLP] AX211 BT Stress BSOD_DRIVER_POWER STATE FAILURE
690502,"COMPAL ELECTRONICS, INC.",DELL,title_brand_mismatch,NA,"COMPAL ELECTRONICS, INC.",2022-03-15 00:41:00,[Dell/Compal][ADLP] AX211 BT Stress BSOD_DRIVER_POWER STATE FAILURE
690502,"COMPAL ELECTRONICS, INC.",DELL,title_brand_mismatch,NA,"COMPAL ELECTRONICS, INC.",2022-03-15 00:41:00,[Dell/Compal][ADLP] AX211 BT Stress BSOD_DRIVER_POWER STATE FAILURE
690435,"COMPAL ELECTRONICS, INC.",DELL,title_brand_mismatch,NA,"COMPAL ELECTRONICS, INC.",2022-03-14 22:22:00,[Dell/Compal][ADLP] AX211 Stress BSOD_DRIVER POWER STATE FAILURE
690435,"COMPAL ELECTRONICS, INC.",DELL,title_brand_mismatch,NA,"COMPAL ELECTRONICS, INC.",2022-03-14 22:22:00,[Dell/Compal][ADLP] AX211 Stress BSOD_DRIVER POWER STATE FAILURE
690435,"COMPAL ELECTRONICS, INC.",DELL,title_brand_mismatch,NA,"COMPAL ELECTRONICS, INC.",2022-03-14 22:22:00,[Dell/Compal][ADLP] AX211 Stress BSOD_DRIVER POWER STATE FAILURE
690391,"COMPAL ELECTRONICS, INC.",LENOVO,title_brand_mismatch,NA,"COMPAL ELECTRONICS, INC.",2022-03-14 19:57:00,[Lenovo-thinkbook][Compal][Titan 3.0][TGL][AX211][Win11][100%] 6E support tool For USA & EU
690391,"COMPAL ELECTRONICS, INC.",LENOVO,title_brand_mismatch,NA,"COMPAL ELECTRONICS, INC.",2022-03-14 19:57:00,[Lenovo-thinkbook][Compal][Titan 3.0][TGL][AX211][Win11][100%] 6E support tool For USA & EU
690391,"COMPAL ELECTRONICS, INC.",LENOVO,title_brand_mismatch,NA,"COMPAL ELECTRONICS, INC.",2022-03-14 19:57:00,[Lenovo-thinkbook][Compal][Titan 3.0][TGL][AX211][Win11][100%] 6E support tool For USA & EU
690126,DYNABOOK INC.,NEC,title_brand_mismatch,NA,Dynabook Inc.,2022-03-13 23:34:00,[Danabook]Target PC cannot  reconnect to AP automatically after disconnect to AP during modern standby
690126,DYNABOOK INC.,NEC,title_brand_mismatch,NA,Dynabook Inc.,2022-03-13 23:34:00,[Danabook]Target PC cannot  reconnect to AP automatically after disconnect to AP during modern standby
690126,DYNABOOK INC.,NEC,title_brand_mismatch,NA,Dynabook Inc.,2022-03-13 23:34:00,[Danabook]Target PC cannot  reconnect to AP automatically after disconnect to AP during modern standby
689448,"COMPAL ELECTRONICS, INC.",DELL,title_brand_mismatch,NA,"COMPAL ELECTRONICS, INC.",2022-03-10 00:13:00,[Dell/Compal]22.110 DRTU Rx issue on AX211
689448,"COMPAL ELECTRONICS, INC.",DELL,title_brand_mismatch,NA,"COMPAL ELECTRONICS, INC.",2022-03-10 00:13:00,[Dell/Compal]22.110 DRTU Rx issue on AX211
689448,"COMPAL ELECTRONICS, INC.",DELL,title_brand_mismatch,NA,"COMPAL ELECTRONICS, INC.",2022-03-10 00:13:00,[Dell/Compal]22.110 DRTU Rx issue on AX211
689238,"HUAQIN TECHNOLOGY CO., LTD",ASUS,title_brand_mismatch,NA,"Huaqin Technology Co., Ltd",2022-03-09 07:18:00,[Huaqin][ASUS][B5302][Intel ADL][Win11R][AX201]WIFI YB when OBE or Factory Aging Test.
689238,"HUAQIN TECHNOLOGY CO., LTD",ASUS,title_brand_mismatch,NA,"Huaqin Technology Co., Ltd",2022-03-09 07:18:00,[Huaqin][ASUS][B5302][Intel ADL][Win11R][AX201]WIFI YB when OBE or Factory Aging Test.
689238,"HUAQIN TECHNOLOGY CO., LTD",ASUS,title_brand_mismatch,NA,"Huaqin Technology Co., Ltd",2022-03-09 07:18:00,[Huaqin][ASUS][B5302][Intel ADL][Win11R][AX201]WIFI YB when OBE or Factory Aging Test.
688646,"HUAQIN TECHNOLOGY CO., LTD",ASUS,title_brand_mismatch,NA,"Huaqin Technology Co., Ltd",2022-03-07 18:42:00,[Huaqin][ASUS][B5302][Intel ADL][Win11R][AX211]WIFI YB when OBE or Factory Aging Test.
688646,"HUAQIN TECHNOLOGY CO., LTD",ASUS,title_brand_mismatch,NA,"Huaqin Technology Co., Ltd",2022-03-07 18:42:00,[Huaqin][ASUS][B5302][Intel ADL][Win11R][AX211]WIFI YB when OBE or Factory Aging Test.
688646,"HUAQIN TECHNOLOGY CO., LTD",ASUS,title_brand_mismatch,NA,"Huaqin Technology Co., Ltd",2022-03-07 18:42:00,[Huaqin][ASUS][B5302][Intel ADL][Win11R][AX211]WIFI YB when OBE or Factory Aging Test.
687494,"COMPAL ELECTRONICS, INC.",DELL,title_brand_mismatch,NA,"COMPAL ELECTRONICS, INC.",2022-03-02 23:09:00,[Dell/Compal][ADL Orchid Bay] Can't enter ModerStandby under	 AC mode
687494,"COMPAL ELECTRONICS, INC.",DELL,title_brand_mismatch,NA,"COMPAL ELECTRONICS, INC.",2022-03-02 23:09:00,[Dell/Compal][ADL Orchid Bay] Can't enter ModerStandby under	 AC mode
687494,"COMPAL ELECTRONICS, INC.",DELL,title_brand_mismatch,NA,"COMPAL ELECTRONICS, INC.",2022-03-02 23:09:00,[Dell/Compal][ADL Orchid Bay] Can't enter ModerStandby under	 AC mode
687277,"HUAQIN TECHNOLOGY CO., LTD",HP|LENOVO,title_brand_mismatch,NA,"Huaqin Technology Co., Ltd",2022-03-02 03:52:00,"[Lenovo][ADL][S570-16IAH7][AX211]AX211 Wlan Module AC mode Channel 64 Air throughput test fail in low attenuation(58dB/76dB) ,test failed driver version is 22.120.0.3."
687277,"HUAQIN TECHNOLOGY CO., LTD",HP|LENOVO,title_brand_mismatch,NA,"Huaqin Technology Co., Ltd",2022-03-02 03:52:00,"[Lenovo][ADL][S570-16IAH7][AX211]AX211 Wlan Module AC mode Channel 64 Air throughput test fail in low attenuation(58dB/76dB) ,test failed driver version is 22.120.0.3."
687277,"HUAQIN TECHNOLOGY CO., LTD",HP|LENOVO,title_brand_mismatch,NA,"Huaqin Technology Co., Ltd",2022-03-02 03:52:00,"[Lenovo][ADL][S570-16IAH7][AX211]AX211 Wlan Module AC mode Channel 64 Air throughput test fail in low attenuation(58dB/76dB) ,test failed driver version is 22.120.0.3."
687183,WISTRON CORPORATION,LENOVO,title_brand_mismatch,NA,WISTRON CORPORATION,2022-03-02 00:08:00,[Lenovo-ThinkPad][Lynx2][AX211][Win10&Win11 Common][100%] The EUT can?t receive the mail after enter sleep
687183,WISTRON CORPORATION,LENOVO,title_brand_mismatch,NA,WISTRON CORPORATION,2022-03-02 00:08:00,[Lenovo-ThinkPad][Lynx2][AX211][Win10&Win11 Common][100%] The EUT can?t receive the mail after enter sleep
687183,WISTRON CORPORATION,LENOVO,title_brand_mismatch,NA,WISTRON CORPORATION,2022-03-02 00:08:00,[Lenovo-ThinkPad][Lynx2][AX211][Win10&Win11 Common][100%] The EUT can?t receive the mail after enter sleep
687137,ECS,ACER,title_brand_mismatch,ELITEGROUP COMPUTER SYSTEMS CO. LTD,ELITEGROUP COMPUTER SYSTEMS CO. LTD,2022-03-01 22:23:00,[Acer][H61H6-AD2]CITU Marginal Test got result is Poor
686681,"COMPAL ELECTRONICS, INC.",DELL,title_brand_mismatch,NA,"COMPAL ELECTRONICS, INC.",2022-02-28 19:29:00,[Dell/Compal][ADL Orchid Bay] SUT S4 stress occur black screen with dump. DRIVER_POWER_STATE_FAILURE 0x9F
686681,"COMPAL ELECTRONICS, INC.",DELL,title_brand_mismatch,NA,"COMPAL ELECTRONICS, INC.",2022-02-28 19:29:00,[Dell/Compal][ADL Orchid Bay] SUT S4 stress occur black screen with dump. DRIVER_POWER_STATE_FAILURE 0x9F
686681,"COMPAL ELECTRONICS, INC.",DELL,title_brand_mismatch,NA,"COMPAL ELECTRONICS, INC.",2022-02-28 19:29:00,[Dell/Compal][ADL Orchid Bay] SUT S4 stress occur black screen with dump. DRIVER_POWER_STATE_FAILURE 0x9F
686676,"COMPAL ELECTRONICS, INC.",DELL,title_brand_mismatch,NA,"COMPAL ELECTRONICS, INC.",2022-02-28 19:23:00,[Dell/Compal]22.110 DRTU command line issue on AX211
686676,"COMPAL ELECTRONICS, INC.",DELL,title_brand_mismatch,NA,"COMPAL ELECTRONICS, INC.",2022-02-28 19:23:00,[Dell/Compal]22.110 DRTU command line issue on AX211
686676,"COMPAL ELECTRONICS, INC.",DELL,title_brand_mismatch,NA,"COMPAL ELECTRONICS, INC.",2022-02-28 19:23:00,[Dell/Compal]22.110 DRTU command line issue on AX211
686613,QUANTA COMPUTER INC.,HONOR|LG|NEC,title_brand_mismatch,NA,QUANTA COMPUTER INC.,2022-02-28 16:22:00,"[Honor][Quanta][H9R][GalileoF][AX201][21H2][BT] [#8082]Connect LG HBS1100 headphones (support fast forward and rewind), the headphone end controls the music to fast forward and rewind without response and cannot be restored"
686613,QUANTA COMPUTER INC.,HONOR|LG|NEC,title_brand_mismatch,NA,QUANTA COMPUTER INC.,2022-02-28 16:22:00,"[Honor][Quanta][H9R][GalileoF][AX201][21H2][BT] [#8082]Connect LG HBS1100 headphones (support fast forward and rewind), the headphone end controls the music to fast forward and rewind without response and cannot be restored"
686613,QUANTA COMPUTER INC.,HONOR|LG|NEC,title_brand_mismatch,NA,QUANTA COMPUTER INC.,2022-02-28 16:22:00,"[Honor][Quanta][H9R][GalileoF][AX201][21H2][BT] [#8082]Connect LG HBS1100 headphones (support fast forward and rewind), the headphone end controls the music to fast forward and rewind without response and cannot be restored"
686612,QUANTA COMPUTER INC.,HONOR|NEC,title_brand_mismatch,NA,QUANTA COMPUTER INC.,2022-02-28 16:18:00,"[Honor][Quanta][H9R][GalileoF][AX201][21H2][BT] [#8083] Connect the JABRA MOVE V2.5.0 headphones to listen to music. After the headphone is turned on and off, the connection is successful. The sound comes from the headphone side. The music stops intermitt"
686612,QUANTA COMPUTER INC.,HONOR|NEC,title_brand_mismatch,NA,QUANTA COMPUTER INC.,2022-02-28 16:18:00,"[Honor][Quanta][H9R][GalileoF][AX201][21H2][BT] [#8083] Connect the JABRA MOVE V2.5.0 headphones to listen to music. After the headphone is turned on and off, the connection is successful. The sound comes from the headphone side. The music stops intermitt"
686612,QUANTA COMPUTER INC.,HONOR|NEC,title_brand_mismatch,NA,QUANTA COMPUTER INC.,2022-02-28 16:18:00,"[Honor][Quanta][H9R][GalileoF][AX201][21H2][BT] [#8083] Connect the JABRA MOVE V2.5.0 headphones to listen to music. After the headphone is turned on and off, the connection is successful. The sound comes from the headphone side. The music stops intermitt"
686154,QUANTA COMPUTER INC.,HONOR|NEC,title_brand_mismatch,NA,QUANTA COMPUTER INC.,2022-02-24 23:35:00,"[Honor][Quanta][H9R][GalileoF][AX201][21H2][BT] [#8310] The PC is connected to the Bluetooth headset EDIFIFR W820BT. The PC side displays ""connected voice, music"". There is no music in the headset, but there is music on the PC side. After the PC side is d"
686154,QUANTA COMPUTER INC.,HONOR|NEC,title_brand_mismatch,NA,QUANTA COMPUTER INC.,2022-02-24 23:35:00,"[Honor][Quanta][H9R][GalileoF][AX201][21H2][BT] [#8310] The PC is connected to the Bluetooth headset EDIFIFR W820BT. The PC side displays ""connected voice, music"". There is no music in the headset, but there is music on the PC side. After the PC side is d"
686154,QUANTA COMPUTER INC.,HONOR|NEC,title_brand_mismatch,NA,QUANTA COMPUTER INC.,2022-02-24 23:35:00,"[Honor][Quanta][H9R][GalileoF][AX201][21H2][BT] [#8310] The PC is connected to the Bluetooth headset EDIFIFR W820BT. The PC side displays ""connected voice, music"". There is no music in the headset, but there is music on the PC side. After the PC side is d"
685805,"HUAQIN TECHNOLOGY CO., LTD",HONOR,title_brand_mismatch,NA,"Huaqin Technology Co., Ltd",2022-02-24 00:17:00,[HONOR][HUAQIN][HiggsF][NB5550B][ADL-P][AX211][WIN11][BT] System will occur BOSD 0x9F after running MS stress test or idle system.
685805,"HUAQIN TECHNOLOGY CO., LTD",HONOR,title_brand_mismatch,NA,"Huaqin Technology Co., Ltd",2022-02-24 00:17:00,[HONOR][HUAQIN][HiggsF][NB5550B][ADL-P][AX211][WIN11][BT] System will occur BOSD 0x9F after running MS stress test or idle system.
685805,"HUAQIN TECHNOLOGY CO., LTD",HONOR,title_brand_mismatch,NA,"Huaqin Technology Co., Ltd",2022-02-24 00:17:00,[HONOR][HUAQIN][HiggsF][NB5550B][ADL-P][AX211][WIN11][BT] System will occur BOSD 0x9F after running MS stress test or idle system.
685257,"HUAQIN TECHNOLOGY CO., LTD",HONOR|NEC,title_brand_mismatch,NA,"Huaqin Technology Co., Ltd",2022-02-22 17:37:00,[HONOR][HUAQIN][HiggsF][NB5550B][ADL-P][AX211][WIN11][BT] The sound has intermittent lag ten seconds after the connection is successful with JABRA MOVE V2.5.0 HS
685257,"HUAQIN TECHNOLOGY CO., LTD",HONOR|NEC,title_brand_mismatch,NA,"Huaqin Technology Co., Ltd",2022-02-22 17:37:00,[HONOR][HUAQIN][HiggsF][NB5550B][ADL-P][AX211][WIN11][BT] The sound has intermittent lag ten seconds after the connection is successful with JABRA MOVE V2.5.0 HS
685257,"HUAQIN TECHNOLOGY CO., LTD",HONOR|NEC,title_brand_mismatch,NA,"Huaqin Technology Co., Ltd",2022-02-22 17:37:00,[HONOR][HUAQIN][HiggsF][NB5550B][ADL-P][AX211][WIN11][BT] The sound has intermittent lag ten seconds after the connection is successful with JABRA MOVE V2.5.0 HS
685175,"HUAQIN TECHNOLOGY CO., LTD",SAMSUNG,title_brand_mismatch,NA,"Huaqin Technology Co., Ltd",2022-02-22 07:03:00,"[Huaqin][Samsung][Titan2-M][Intel ADL][Win11R]ATO_WCT_PC AUT Combination Test occurred BT Driver Lost.(FR:1/20 units, 1/20 times)"
685175,"HUAQIN TECHNOLOGY CO., LTD",SAMSUNG,title_brand_mismatch,NA,"Huaqin Technology Co., Ltd",2022-02-22 07:03:00,"[Huaqin][Samsung][Titan2-M][Intel ADL][Win11R]ATO_WCT_PC AUT Combination Test occurred BT Driver Lost.(FR:1/20 units, 1/20 times)"
685175,"HUAQIN TECHNOLOGY CO., LTD",SAMSUNG,title_brand_mismatch,NA,"Huaqin Technology Co., Ltd",2022-02-22 07:03:00,"[Huaqin][Samsung][Titan2-M][Intel ADL][Win11R]ATO_WCT_PC AUT Combination Test occurred BT Driver Lost.(FR:1/20 units, 1/20 times)"
684782,QUANTA COMPUTER INC.,HONOR,title_brand_mismatch,NA,QUANTA COMPUTER INC.,2022-02-21 04:13:00,"[Honor][Quanta][H9R][GalileoF][AX201][21H2][BT] [#7981] Run Step tool_400 MS , 4 units meet BT lost F/R:4/20"
684782,QUANTA COMPUTER INC.,HONOR,title_brand_mismatch,NA,QUANTA COMPUTER INC.,2022-02-21 04:13:00,"[Honor][Quanta][H9R][GalileoF][AX201][21H2][BT] [#7981] Run Step tool_400 MS , 4 units meet BT lost F/R:4/20"
684782,QUANTA COMPUTER INC.,HONOR,title_brand_mismatch,NA,QUANTA COMPUTER INC.,2022-02-21 04:13:00,"[Honor][Quanta][H9R][GalileoF][AX201][21H2][BT] [#7981] Run Step tool_400 MS , 4 units meet BT lost F/R:4/20"
683983,QUANTA COMPUTER INC.,HONOR|NEC|XIAOMI,title_brand_mismatch,NA,QUANTA COMPUTER INC.,2022-02-17 01:15:00,"[Honor][Quanta][H9R][GalileoF][AX201][21H2][BT] [#7445] When the PC is playing music and connected to the Xiaomi Xiaoai touchscreen speaker Pro 8, the PC side keeps displaying ""connected"", and the music sound is emitted from the PC side and cannot be rest"
683983,QUANTA COMPUTER INC.,HONOR|NEC|XIAOMI,title_brand_mismatch,NA,QUANTA COMPUTER INC.,2022-02-17 01:15:00,"[Honor][Quanta][H9R][GalileoF][AX201][21H2][BT] [#7445] When the PC is playing music and connected to the Xiaomi Xiaoai touchscreen speaker Pro 8, the PC side keeps displaying ""connected"", and the music sound is emitted from the PC side and cannot be rest"
683983,QUANTA COMPUTER INC.,HONOR|NEC|XIAOMI,title_brand_mismatch,NA,QUANTA COMPUTER INC.,2022-02-17 01:15:00,"[Honor][Quanta][H9R][GalileoF][AX201][21H2][BT] [#7445] When the PC is playing music and connected to the Xiaomi Xiaoai touchscreen speaker Pro 8, the PC side keeps displaying ""connected"", and the music sound is emitted from the PC side and cannot be rest"
683397,"HUAQIN TECHNOLOGY CO., LTD",ASUS,title_brand_mismatch,NA,"Huaqin Technology Co., Ltd",2022-02-15 18:13:00,"[Huaqin][ASUS][TP3402ZA][ADL-P][Win11R]Declarative Driver Check items(intelac9560/intelax201/intelax211) are show failed after running MDA tool.(FR:5/5 units, 10/10 times)"
683397,"HUAQIN TECHNOLOGY CO., LTD",ASUS,title_brand_mismatch,NA,"Huaqin Technology Co., Ltd",2022-02-15 18:13:00,"[Huaqin][ASUS][TP3402ZA][ADL-P][Win11R]Declarative Driver Check items(intelac9560/intelax201/intelax211) are show failed after running MDA tool.(FR:5/5 units, 10/10 times)"
683397,"HUAQIN TECHNOLOGY CO., LTD",ASUS,title_brand_mismatch,NA,"Huaqin Technology Co., Ltd",2022-02-15 18:13:00,"[Huaqin][ASUS][TP3402ZA][ADL-P][Win11R]Declarative Driver Check items(intelac9560/intelax201/intelax211) are show failed after running MDA tool.(FR:5/5 units, 10/10 times)"
683280,"HUAQIN TECHNOLOGY CO., LTD",HONOR,title_brand_mismatch,NA,"Huaqin Technology Co., Ltd",2022-02-15 04:27:00,[HONOR][HUAQIN][HiggsF][NB5550B][ADL][WIN11][BT] There is a lag in the playback music with BT speaker Q9.
683280,"HUAQIN TECHNOLOGY CO., LTD",HONOR,title_brand_mismatch,NA,"Huaqin Technology Co., Ltd",2022-02-15 04:27:00,[HONOR][HUAQIN][HiggsF][NB5550B][ADL][WIN11][BT] There is a lag in the playback music with BT speaker Q9.
683280,"HUAQIN TECHNOLOGY CO., LTD",HONOR,title_brand_mismatch,NA,"Huaqin Technology Co., Ltd",2022-02-15 04:27:00,[HONOR][HUAQIN][HiggsF][NB5550B][ADL][WIN11][BT] There is a lag in the playback music with BT speaker Q9.
683073,QUANTA COMPUTER INC.,HONOR|NEC,title_brand_mismatch,NA,QUANTA COMPUTER INC.,2022-02-14 19:45:00,"[Honor][Quanta][H9R][GalileoF][AX201][21H2][BT] [#7137] After the test machine is connected to the network shared by the Bluetooth of the auxiliary machine (Android phone or PC), the test machine opens the web page and a BSOD appears"
683073,QUANTA COMPUTER INC.,HONOR|NEC,title_brand_mismatch,NA,QUANTA COMPUTER INC.,2022-02-14 19:45:00,"[Honor][Quanta][H9R][GalileoF][AX201][21H2][BT] [#7137] After the test machine is connected to the network shared by the Bluetooth of the auxiliary machine (Android phone or PC), the test machine opens the web page and a BSOD appears"
683073,QUANTA COMPUTER INC.,HONOR|NEC,title_brand_mismatch,NA,QUANTA COMPUTER INC.,2022-02-14 19:45:00,"[Honor][Quanta][H9R][GalileoF][AX201][21H2][BT] [#7137] After the test machine is connected to the network shared by the Bluetooth of the auxiliary machine (Android phone or PC), the test machine opens the web page and a BSOD appears"
682731,"COMPAL ELECTRONICS, INC.",DELL,title_brand_mismatch,NA,"COMPAL ELECTRONICS, INC.",2022-02-13 20:00:00,"[ADL-HX] [Cinnamon Bay] Dell Precision 7670/7770 QS AC-S5 w/ AX211 driver, power consume about 20mW. not 0W"
682731,"COMPAL ELECTRONICS, INC.",DELL,title_brand_mismatch,NA,"COMPAL ELECTRONICS, INC.",2022-02-13 20:00:00,"[ADL-HX] [Cinnamon Bay] Dell Precision 7670/7770 QS AC-S5 w/ AX211 driver, power consume about 20mW. not 0W"
682731,"COMPAL ELECTRONICS, INC.",DELL,title_brand_mismatch,NA,"COMPAL ELECTRONICS, INC.",2022-02-13 20:00:00,"[ADL-HX] [Cinnamon Bay] Dell Precision 7670/7770 QS AC-S5 w/ AX211 driver, power consume about 20mW. not 0W"
682636,"HUAQIN TECHNOLOGY CO., LTD",HONOR,title_brand_mismatch,NA,"Huaqin Technology Co., Ltd",2022-02-12 02:04:00,[HONOR][HUAQIN][HiggsF][NB5550B][ADL-P][AX211][WIN11][BT] No sound out put from BT speaker when turn on BT speaker side.
682636,"HUAQIN TECHNOLOGY CO., LTD",HONOR,title_brand_mismatch,NA,"Huaqin Technology Co., Ltd",2022-02-12 02:04:00,[HONOR][HUAQIN][HiggsF][NB5550B][ADL-P][AX211][WIN11][BT] No sound out put from BT speaker when turn on BT speaker side.
682636,"HUAQIN TECHNOLOGY CO., LTD",HONOR,title_brand_mismatch,NA,"Huaqin Technology Co., Ltd",2022-02-12 02:04:00,[HONOR][HUAQIN][HiggsF][NB5550B][ADL-P][AX211][WIN11][BT] No sound out put from BT speaker when turn on BT speaker side.
682465,"HUAQIN TECHNOLOGY CO., LTD",HONOR,title_brand_mismatch,NA,"Huaqin Technology Co., Ltd",2022-02-11 00:43:00,"[HONOR][HUAQIN][HiggsF][NB5550B][ADL-P][AX211][WIN11][BT] No sound out put from BT headset ""???????""."
682465,"HUAQIN TECHNOLOGY CO., LTD",HONOR,title_brand_mismatch,NA,"Huaqin Technology Co., Ltd",2022-02-11 00:43:00,"[HONOR][HUAQIN][HiggsF][NB5550B][ADL-P][AX211][WIN11][BT] No sound out put from BT headset ""???????""."
682465,"HUAQIN TECHNOLOGY CO., LTD",HONOR,title_brand_mismatch,NA,"Huaqin Technology Co., Ltd",2022-02-11 00:43:00,"[HONOR][HUAQIN][HiggsF][NB5550B][ADL-P][AX211][WIN11][BT] No sound out put from BT headset ""???????""."
682413,"COMPAL ELECTRONICS, INC.",LENOVO,title_brand_mismatch,NA,"COMPAL ELECTRONICS, INC.",2022-02-10 22:59:00,"[Lenovo-Ideapad][Compal][S570Pro][ADL-P][Win11] AX201 Intel wireless Bluetooth and USB Composite Device show yellow bang during Cold Boot stress. ( F/R: 1/18 unit, 1/3600 cycle)"
682413,"COMPAL ELECTRONICS, INC.",LENOVO,title_brand_mismatch,NA,"COMPAL ELECTRONICS, INC.",2022-02-10 22:59:00,"[Lenovo-Ideapad][Compal][S570Pro][ADL-P][Win11] AX201 Intel wireless Bluetooth and USB Composite Device show yellow bang during Cold Boot stress. ( F/R: 1/18 unit, 1/3600 cycle)"
682413,"COMPAL ELECTRONICS, INC.",LENOVO,title_brand_mismatch,NA,"COMPAL ELECTRONICS, INC.",2022-02-10 22:59:00,"[Lenovo-Ideapad][Compal][S570Pro][ADL-P][Win11] AX201 Intel wireless Bluetooth and USB Composite Device show yellow bang during Cold Boot stress. ( F/R: 1/18 unit, 1/3600 cycle)"
682390,QUANTA COMPUTER INC.,HONOR|NEC,title_brand_mismatch,NA,QUANTA COMPUTER INC.,2022-02-10 21:37:00,"[Honor][Quanta][H9R][GalileoF][AX201][21H2][BT] [#4146] The DUT connect BT headset , login Wechat and talking 10 min , then entry MS and wait 15 min , wake up and check sleepstudy report SW  DRIP = 0%"
682390,QUANTA COMPUTER INC.,HONOR|NEC,title_brand_mismatch,NA,QUANTA COMPUTER INC.,2022-02-10 21:37:00,"[Honor][Quanta][H9R][GalileoF][AX201][21H2][BT] [#4146] The DUT connect BT headset , login Wechat and talking 10 min , then entry MS and wait 15 min , wake up and check sleepstudy report SW  DRIP = 0%"
682390,QUANTA COMPUTER INC.,HONOR|NEC,title_brand_mismatch,NA,QUANTA COMPUTER INC.,2022-02-10 21:37:00,"[Honor][Quanta][H9R][GalileoF][AX201][21H2][BT] [#4146] The DUT connect BT headset , login Wechat and talking 10 min , then entry MS and wait 15 min , wake up and check sleepstudy report SW  DRIP = 0%"
681655,"HUAQIN TECHNOLOGY CO., LTD",HONOR,title_brand_mismatch,NA,"Huaqin Technology Co., Ltd",2022-02-08 19:36:00,"[HONOR][HUAQIN][HiggsF][NB5550B][ADL][AX211][WIN11][BT] The Bluetooth device will be auto change to ""Paired""."
681655,"HUAQIN TECHNOLOGY CO., LTD",HONOR,title_brand_mismatch,NA,"Huaqin Technology Co., Ltd",2022-02-08 19:36:00,"[HONOR][HUAQIN][HiggsF][NB5550B][ADL][AX211][WIN11][BT] The Bluetooth device will be auto change to ""Paired""."
681655,"HUAQIN TECHNOLOGY CO., LTD",HONOR,title_brand_mismatch,NA,"Huaqin Technology Co., Ltd",2022-02-08 19:36:00,"[HONOR][HUAQIN][HiggsF][NB5550B][ADL][AX211][WIN11][BT] The Bluetooth device will be auto change to ""Paired""."
681532,"HUAQIN TECHNOLOGY CO., LTD",HONOR|NEC,title_brand_mismatch,NA,"Huaqin Technology Co., Ltd",2022-02-08 05:17:00,"[HONOR][HUAQIN][HiggsF][NB5550B][ADL-P][AX211][WIN11][BT] Turn off and then turn on from BT haedset side, Wait for about a minute from connect to change Connected voice, music. (FR:100%)"
681532,"HUAQIN TECHNOLOGY CO., LTD",HONOR|NEC,title_brand_mismatch,NA,"Huaqin Technology Co., Ltd",2022-02-08 05:17:00,"[HONOR][HUAQIN][HiggsF][NB5550B][ADL-P][AX211][WIN11][BT] Turn off and then turn on from BT haedset side, Wait for about a minute from connect to change Connected voice, music. (FR:100%)"
681532,"HUAQIN TECHNOLOGY CO., LTD",HONOR|NEC,title_brand_mismatch,NA,"Huaqin Technology Co., Ltd",2022-02-08 05:17:00,"[HONOR][HUAQIN][HiggsF][NB5550B][ADL-P][AX211][WIN11][BT] Turn off and then turn on from BT haedset side, Wait for about a minute from connect to change Connected voice, music. (FR:100%)"
681397,"HUAQIN TECHNOLOGY CO., LTD",HONOR|NEC,title_brand_mismatch,NA,"Huaqin Technology Co., Ltd",2022-02-07 23:20:00,"[HONOR][HUAQIN][HiggsF][NB5550B][ADL-P][AX211][WIN11][BT] Turn off and then turn on from BT haedset side, it will only show connected voice.(FR:5/10)"
681397,"HUAQIN TECHNOLOGY CO., LTD",HONOR|NEC,title_brand_mismatch,NA,"Huaqin Technology Co., Ltd",2022-02-07 23:20:00,"[HONOR][HUAQIN][HiggsF][NB5550B][ADL-P][AX211][WIN11][BT] Turn off and then turn on from BT haedset side, it will only show connected voice.(FR:5/10)"
681397,"HUAQIN TECHNOLOGY CO., LTD",HONOR|NEC,title_brand_mismatch,NA,"Huaqin Technology Co., Ltd",2022-02-07 23:20:00,"[HONOR][HUAQIN][HiggsF][NB5550B][ADL-P][AX211][WIN11][BT] Turn off and then turn on from BT haedset side, it will only show connected voice.(FR:5/10)"
681142,WISTRON CORPORATION,DELL,title_brand_mismatch,NA,WISTRON CORPORATION,2022-02-07 04:54:00,[Dell][AntMan ADL] System crash and BSOD dump created when S4 stress
681142,WISTRON CORPORATION,DELL,title_brand_mismatch,NA,WISTRON CORPORATION,2022-02-07 04:54:00,[Dell][AntMan ADL] System crash and BSOD dump created when S4 stress
681142,WISTRON CORPORATION,DELL,title_brand_mismatch,NA,WISTRON CORPORATION,2022-02-07 04:54:00,[Dell][AntMan ADL] System crash and BSOD dump created when S4 stress
681056,"HUAQIN TECHNOLOGY CO., LTD",HONOR|NEC,title_brand_mismatch,NA,"Huaqin Technology Co., Ltd",2022-02-07 00:29:00,"[HONOR][HUAQIN][HiggsF][NB5550B][ADL][AX211][WIN11][BT] The Bluetooth device will be auto change from ""Connected voice, music"" to ""Paired""."
681056,"HUAQIN TECHNOLOGY CO., LTD",HONOR|NEC,title_brand_mismatch,NA,"Huaqin Technology Co., Ltd",2022-02-07 00:29:00,"[HONOR][HUAQIN][HiggsF][NB5550B][ADL][AX211][WIN11][BT] The Bluetooth device will be auto change from ""Connected voice, music"" to ""Paired""."
681056,"HUAQIN TECHNOLOGY CO., LTD",HONOR|NEC,title_brand_mismatch,NA,"Huaqin Technology Co., Ltd",2022-02-07 00:29:00,"[HONOR][HUAQIN][HiggsF][NB5550B][ADL][AX211][WIN11][BT] The Bluetooth device will be auto change from ""Connected voice, music"" to ""Paired""."
680964,"HUAQIN TECHNOLOGY CO., LTD",HONOR|NEC,title_brand_mismatch,NA,"Huaqin Technology Co., Ltd",2022-02-06 18:31:00,"[HONOR][HUAQIN][HiggsF][NB5550B][ADL][AX211][WIN11][BT] The system automatically displays the information ""Hands-Free"" when connect two bluetooth headset."
680964,"HUAQIN TECHNOLOGY CO., LTD",HONOR|NEC,title_brand_mismatch,NA,"Huaqin Technology Co., Ltd",2022-02-06 18:31:00,"[HONOR][HUAQIN][HiggsF][NB5550B][ADL][AX211][WIN11][BT] The system automatically displays the information ""Hands-Free"" when connect two bluetooth headset."
680964,"HUAQIN TECHNOLOGY CO., LTD",HONOR|NEC,title_brand_mismatch,NA,"Huaqin Technology Co., Ltd",2022-02-06 18:31:00,"[HONOR][HUAQIN][HiggsF][NB5550B][ADL][AX211][WIN11][BT] The system automatically displays the information ""Hands-Free"" when connect two bluetooth headset."
680945,QUANTA COMPUTER INC.,HONOR|NEC,title_brand_mismatch,NA,QUANTA COMPUTER INC.,2022-02-06 17:44:00,"[Honor][Quanta][H9R][GalileoF][AX201][21H2][BT] [#6518] Connect the Motorola v400 headset, when the headset is closed, the Test PC will display ""Connected"" when it is connected back, and it will continue to display ""Connected Voice"" after a minute"
680945,QUANTA COMPUTER INC.,HONOR|NEC,title_brand_mismatch,NA,QUANTA COMPUTER INC.,2022-02-06 17:44:00,"[Honor][Quanta][H9R][GalileoF][AX201][21H2][BT] [#6518] Connect the Motorola v400 headset, when the headset is closed, the Test PC will display ""Connected"" when it is connected back, and it will continue to display ""Connected Voice"" after a minute"
680945,QUANTA COMPUTER INC.,HONOR|NEC,title_brand_mismatch,NA,QUANTA COMPUTER INC.,2022-02-06 17:44:00,"[Honor][Quanta][H9R][GalileoF][AX201][21H2][BT] [#6518] Connect the Motorola v400 headset, when the headset is closed, the Test PC will display ""Connected"" when it is connected back, and it will continue to display ""Connected Voice"" after a minute"
680943,QUANTA COMPUTER INC.,HONOR|NEC,title_brand_mismatch,NA,QUANTA COMPUTER INC.,2022-02-06 17:37:00,"[Honor][Quanta][H9R][GalileoF][AX201][21H2][BT] [#6516] Connecting the JBL-T280TWS earphones, after the earphones are closed, they cannot be connected when they are taken out. Phenomenon: the tester displays ""connected"" when reconnecting, then quickly cha"
680943,QUANTA COMPUTER INC.,HONOR|NEC,title_brand_mismatch,NA,QUANTA COMPUTER INC.,2022-02-06 17:37:00,"[Honor][Quanta][H9R][GalileoF][AX201][21H2][BT] [#6516] Connecting the JBL-T280TWS earphones, after the earphones are closed, they cannot be connected when they are taken out. Phenomenon: the tester displays ""connected"" when reconnecting, then quickly cha"
680943,QUANTA COMPUTER INC.,HONOR|NEC,title_brand_mismatch,NA,QUANTA COMPUTER INC.,2022-02-06 17:37:00,"[Honor][Quanta][H9R][GalileoF][AX201][21H2][BT] [#6516] Connecting the JBL-T280TWS earphones, after the earphones are closed, they cannot be connected when they are taken out. Phenomenon: the tester displays ""connected"" when reconnecting, then quickly cha"
678478,"SHENZHEN BITLAND INFORMATION TECHNOLOGYCO., LTD.",XIAOMI,title_brand_mismatch,NA,"SHENZHEN BITLAND INFORMATION TECHNOLOGYCO., LTD.",2022-01-24 03:26:00,"[XiaoMi][Bitland][A11][ADL-P][Win11][100%]During the miracast ( PC to PC via AP), the screen garbage and horizontal stripes can be observed on the PCwhich is projected."
678478,"SHENZHEN BITLAND INFORMATION TECHNOLOGYCO., LTD.",XIAOMI,title_brand_mismatch,NA,"SHENZHEN BITLAND INFORMATION TECHNOLOGYCO., LTD.",2022-01-24 03:26:00,"[XiaoMi][Bitland][A11][ADL-P][Win11][100%]During the miracast ( PC to PC via AP), the screen garbage and horizontal stripes can be observed on the PCwhich is projected."
678478,"SHENZHEN BITLAND INFORMATION TECHNOLOGYCO., LTD.",XIAOMI,title_brand_mismatch,NA,"SHENZHEN BITLAND INFORMATION TECHNOLOGYCO., LTD.",2022-01-24 03:26:00,"[XiaoMi][Bitland][A11][ADL-P][Win11][100%]During the miracast ( PC to PC via AP), the screen garbage and horizontal stripes can be observed on the PCwhich is projected."
677911,WISTRON CORPORATION,HP|LENOVO,title_brand_mismatch,NA,WISTRON CORPORATION,2022-01-21 02:04:00,[Lenovo-Ideapad][Wistron][ThinkBook 13s Gen4 ARB][ARB][IntelAX210] WiFi conductive throughput test fail on 802.11ax_80M
677911,WISTRON CORPORATION,HP|LENOVO,title_brand_mismatch,NA,WISTRON CORPORATION,2022-01-21 02:04:00,[Lenovo-Ideapad][Wistron][ThinkBook 13s Gen4 ARB][ARB][IntelAX210] WiFi conductive throughput test fail on 802.11ax_80M
677911,WISTRON CORPORATION,HP|LENOVO,title_brand_mismatch,NA,WISTRON CORPORATION,2022-01-21 02:04:00,[Lenovo-Ideapad][Wistron][ThinkBook 13s Gen4 ARB][ARB][IntelAX210] WiFi conductive throughput test fail on 802.11ax_80M
677837,"SHANGHAI WINGTECH ELECTRONICS TECHNOLOGYCO., LTD.",LENOVO|NEC,title_brand_mismatch,NA,"SHANGHAI WINGTECH ELECTRONICS TECHNOLOGYCO., LTD.",2022-01-21 00:27:00,"[Lenovo][Wingtech][D570][ADL-P][Win11] Intel AX211 Bluetooth,  it takes more than 30 seconds to convert the sound from the speaker to the Bluetooth headset after the Bluetooth headset is connected."
677837,"SHANGHAI WINGTECH ELECTRONICS TECHNOLOGYCO., LTD.",LENOVO|NEC,title_brand_mismatch,NA,"SHANGHAI WINGTECH ELECTRONICS TECHNOLOGYCO., LTD.",2022-01-21 00:27:00,"[Lenovo][Wingtech][D570][ADL-P][Win11] Intel AX211 Bluetooth,  it takes more than 30 seconds to convert the sound from the speaker to the Bluetooth headset after the Bluetooth headset is connected."
677837,"SHANGHAI WINGTECH ELECTRONICS TECHNOLOGYCO., LTD.",LENOVO|NEC,title_brand_mismatch,NA,"SHANGHAI WINGTECH ELECTRONICS TECHNOLOGYCO., LTD.",2022-01-21 00:27:00,"[Lenovo][Wingtech][D570][ADL-P][Win11] Intel AX211 Bluetooth,  it takes more than 30 seconds to convert the sound from the speaker to the Bluetooth headset after the Bluetooth headset is connected."
677210,"COMPAL ELECTRONICS, INC.",ACER|NEC,title_brand_mismatch,NA,"COMPAL ELECTRONICS, INC.",2022-01-19 19:06:00,<acer><Ganymede_ADU(HH5A4))_DVT><WIFI Function Test>The	 unit connect to the network is instablly_bug202992
677210,"COMPAL ELECTRONICS, INC.",ACER|NEC,title_brand_mismatch,NA,"COMPAL ELECTRONICS, INC.",2022-01-19 19:06:00,<acer><Ganymede_ADU(HH5A4))_DVT><WIFI Function Test>The	 unit connect to the network is instablly_bug202992
677210,"COMPAL ELECTRONICS, INC.",ACER|NEC,title_brand_mismatch,NA,"COMPAL ELECTRONICS, INC.",2022-01-19 19:06:00,<acer><Ganymede_ADU(HH5A4))_DVT><WIFI Function Test>The	 unit connect to the network is instablly_bug202992
677021,WISTRON CORPORATION,DELL,title_brand_mismatch,NA,WISTRON CORPORATION,2022-01-19 04:36:00,[Dell][AntMan ADL] PC 10 residency is very low while BT audio offload
677021,WISTRON CORPORATION,DELL,title_brand_mismatch,NA,WISTRON CORPORATION,2022-01-19 04:36:00,[Dell][AntMan ADL] PC 10 residency is very low while BT audio offload
677021,WISTRON CORPORATION,DELL,title_brand_mismatch,NA,WISTRON CORPORATION,2022-01-19 04:36:00,[Dell][AntMan ADL] PC 10 residency is very low while BT audio offload
676329,"COMPAL ELECTRONICS, INC.",LENOVO,title_brand_mismatch,NA,"COMPAL ELECTRONICS, INC.",2022-01-17 19:34:00,[Lenovo-Ideapad][Compal][L370_15IAH][ADL-P][Win11] Intel 9560 WLAN card SW drips show 0% after resume from MS.
676329,"COMPAL ELECTRONICS, INC.",LENOVO,title_brand_mismatch,NA,"COMPAL ELECTRONICS, INC.",2022-01-17 19:34:00,[Lenovo-Ideapad][Compal][L370_15IAH][ADL-P][Win11] Intel 9560 WLAN card SW drips show 0% after resume from MS.
676329,"COMPAL ELECTRONICS, INC.",LENOVO,title_brand_mismatch,NA,"COMPAL ELECTRONICS, INC.",2022-01-17 19:34:00,[Lenovo-Ideapad][Compal][L370_15IAH][ADL-P][Win11] Intel 9560 WLAN card SW drips show 0% after resume from MS.
676284,WISTRON CORPORATION,DELL,title_brand_mismatch,NA,WISTRON CORPORATION,2022-01-17 18:15:00,[Dell][Odin-L TGL] 5G 80MB/160MB RX speed can't follow as TX speed
676284,WISTRON CORPORATION,DELL,title_brand_mismatch,NA,WISTRON CORPORATION,2022-01-17 18:15:00,[Dell][Odin-L TGL] 5G 80MB/160MB RX speed can't follow as TX speed
676284,WISTRON CORPORATION,DELL,title_brand_mismatch,NA,WISTRON CORPORATION,2022-01-17 18:15:00,[Dell][Odin-L TGL] 5G 80MB/160MB RX speed can't follow as TX speed
676106,SAMSUNG,NEC,title_brand_mismatch,NA,"SAMSUNG ELECTRONICS CO., LTD.",2022-01-17 01:00:00,[Mars2-15][GfP2] BT audio stops working if disconnect BT earphone and connect it again while playing music
676106,SAMSUNG,NEC,title_brand_mismatch,NA,"SAMSUNG ELECTRONICS CO., LTD.",2022-01-17 01:00:00,[Mars2-15][GfP2] BT audio stops working if disconnect BT earphone and connect it again while playing music
676106,SAMSUNG,NEC,title_brand_mismatch,NA,"SAMSUNG ELECTRONICS CO., LTD.",2022-01-17 01:00:00,[Mars2-15][GfP2] BT audio stops working if disconnect BT earphone and connect it again while playing music
676010,DYNABOOK INC.,NEC,title_brand_mismatch,NA,Dynabook Inc.,2022-01-16 22:36:00,[Dynabook][Win11]The AP can't be showed on ICPS when connect to AP from WLAN list with ICPS UI opened
676010,DYNABOOK INC.,NEC,title_brand_mismatch,NA,Dynabook Inc.,2022-01-16 22:36:00,[Dynabook][Win11]The AP can't be showed on ICPS when connect to AP from WLAN list with ICPS UI opened
676010,DYNABOOK INC.,NEC,title_brand_mismatch,NA,Dynabook Inc.,2022-01-16 22:36:00,[Dynabook][Win11]The AP can't be showed on ICPS when connect to AP from WLAN list with ICPS UI opened
675697,WISTRON CORPORATION,LENOVO,title_brand_mismatch,NA,WISTRON CORPORATION,2022-01-14 01:54:00,"[Lenovo-ThinkPad][Wistron][Fenrir][Alderlake-P][AX211,AX201][Win11][100%]UMA:21H2:HLK:Bluetooth - Audio A2DP offload function lose"
675697,WISTRON CORPORATION,LENOVO,title_brand_mismatch,NA,WISTRON CORPORATION,2022-01-14 01:54:00,"[Lenovo-ThinkPad][Wistron][Fenrir][Alderlake-P][AX211,AX201][Win11][100%]UMA:21H2:HLK:Bluetooth - Audio A2DP offload function lose"
675697,WISTRON CORPORATION,LENOVO,title_brand_mismatch,NA,WISTRON CORPORATION,2022-01-14 01:54:00,"[Lenovo-ThinkPad][Wistron][Fenrir][Alderlake-P][AX211,AX201][Win11][100%]UMA:21H2:HLK:Bluetooth - Audio A2DP offload function lose"
674965,"COMPAL ELECTRONICS, INC.",ACER,title_brand_mismatch,NA,"COMPAL ELECTRONICS, INC.",2022-01-12 02:13:00,[Acer_Compal][Volante_ADH] The unit show yellow bang in device manager after enable/disable WLAN.
674965,"COMPAL ELECTRONICS, INC.",ACER,title_brand_mismatch,NA,"COMPAL ELECTRONICS, INC.",2022-01-12 02:13:00,[Acer_Compal][Volante_ADH] The unit show yellow bang in device manager after enable/disable WLAN.
674965,"COMPAL ELECTRONICS, INC.",ACER,title_brand_mismatch,NA,"COMPAL ELECTRONICS, INC.",2022-01-12 02:13:00,[Acer_Compal][Volante_ADH] The unit show yellow bang in device manager after enable/disable WLAN.
674448,"COMPAL ELECTRONICS, INC.",DELL,title_brand_mismatch,NA,"COMPAL ELECTRONICS, INC.",2022-01-10 23:48:00,[Dell/Compal][ADL Odyssey] SUT occur BSOD_SYSTEM_THREAD_EXCEPTION_NOT_HANDLED_0X7E (with dump)
674448,"COMPAL ELECTRONICS, INC.",DELL,title_brand_mismatch,NA,"COMPAL ELECTRONICS, INC.",2022-01-10 23:48:00,[Dell/Compal][ADL Odyssey] SUT occur BSOD_SYSTEM_THREAD_EXCEPTION_NOT_HANDLED_0X7E (with dump)
674448,"COMPAL ELECTRONICS, INC.",DELL,title_brand_mismatch,NA,"COMPAL ELECTRONICS, INC.",2022-01-10 23:48:00,[Dell/Compal][ADL Odyssey] SUT occur BSOD_SYSTEM_THREAD_EXCEPTION_NOT_HANDLED_0X7E (with dump)
674159,"HUAQIN TECHNOLOGY CO., LTD",XIAOMI,title_brand_mismatch,NA,"Huaqin Technology Co., Ltd",2022-01-10 06:20:00,[XiaoMi][Huaqin][A54&A55][ADL-i5&i7][AX201&AX211][21H2][100%] RF UE 1.7adaptivity test fail
674159,"HUAQIN TECHNOLOGY CO., LTD",XIAOMI,title_brand_mismatch,NA,"Huaqin Technology Co., Ltd",2022-01-10 06:20:00,[XiaoMi][Huaqin][A54&A55][ADL-i5&i7][AX201&AX211][21H2][100%] RF UE 1.7adaptivity test fail
674159,"HUAQIN TECHNOLOGY CO., LTD",XIAOMI,title_brand_mismatch,NA,"Huaqin Technology Co., Ltd",2022-01-10 06:20:00,[XiaoMi][Huaqin][A54&A55][ADL-i5&i7][AX201&AX211][21H2][100%] RF UE 1.7adaptivity test fail
674121,"COMPAL ELECTRONICS, INC.",DELL,title_brand_mismatch,NA,"COMPAL ELECTRONICS, INC.",2022-01-10 03:09:00,[Dell/Compal]AX211 conductive T-put 5G question
674121,"COMPAL ELECTRONICS, INC.",DELL,title_brand_mismatch,NA,"COMPAL ELECTRONICS, INC.",2022-01-10 03:09:00,[Dell/Compal]AX211 conductive T-put 5G question
674121,"COMPAL ELECTRONICS, INC.",DELL,title_brand_mismatch,NA,"COMPAL ELECTRONICS, INC.",2022-01-10 03:09:00,[Dell/Compal]AX211 conductive T-put 5G question
674079,WISTRON CORPORATION,LENOVO,title_brand_mismatch,NA,WISTRON CORPORATION,2022-01-10 01:47:00,"[Lenovo_Golem_Talos]  System1 doesn?t wake up from S0i3 after the system2 click ""Find"" button when 2 systems sign in with the same account. FR: (4/4 EUTs, 4/4Cycles)"
674079,WISTRON CORPORATION,LENOVO,title_brand_mismatch,NA,WISTRON CORPORATION,2022-01-10 01:47:00,"[Lenovo_Golem_Talos]  System1 doesn?t wake up from S0i3 after the system2 click ""Find"" button when 2 systems sign in with the same account. FR: (4/4 EUTs, 4/4Cycles)"
674079,WISTRON CORPORATION,LENOVO,title_brand_mismatch,NA,WISTRON CORPORATION,2022-01-10 01:47:00,"[Lenovo_Golem_Talos]  System1 doesn?t wake up from S0i3 after the system2 click ""Find"" button when 2 systems sign in with the same account. FR: (4/4 EUTs, 4/4Cycles)"
673941,QUANTA COMPUTER INC.,ASUS,title_brand_mismatch,NA,QUANTA COMPUTER INC.,2022-01-09 21:59:00,[ASUS Gaming Quana][FX507_FX517][ADL-P] Can't wake up system from Modern standby by remote desktop under DC mode
673941,QUANTA COMPUTER INC.,ASUS,title_brand_mismatch,NA,QUANTA COMPUTER INC.,2022-01-09 21:59:00,[ASUS Gaming Quana][FX507_FX517][ADL-P] Can't wake up system from Modern standby by remote desktop under DC mode
673941,QUANTA COMPUTER INC.,ASUS,title_brand_mismatch,NA,QUANTA COMPUTER INC.,2022-01-09 21:59:00,[ASUS Gaming Quana][FX507_FX517][ADL-P] Can't wake up system from Modern standby by remote desktop under DC mode
672902,QUANTA COMPUTER INC.,ASUS,title_brand_mismatch,NA,QUANTA COMPUTER INC.,2022-01-04 20:17:00,[ASUS Gaming Quanta][TUF][FX507_FX517][ADL-P][AX201] BT node lost detected during S4 stress test
672902,QUANTA COMPUTER INC.,ASUS,title_brand_mismatch,NA,QUANTA COMPUTER INC.,2022-01-04 20:17:00,[ASUS Gaming Quanta][TUF][FX507_FX517][ADL-P][AX201] BT node lost detected during S4 stress test
672902,QUANTA COMPUTER INC.,ASUS,title_brand_mismatch,NA,QUANTA COMPUTER INC.,2022-01-04 20:17:00,[ASUS Gaming Quanta][TUF][FX507_FX517][ADL-P][AX201] BT node lost detected during S4 stress test
672672,WISTRON CORPORATION,LENOVO|NEC,title_brand_mismatch,NA,WISTRON CORPORATION,2022-01-04 01:19:00,[Lenovo/Wistron][Ares2][TGL][Win10] connection is sometimes disconnected in 30minutes to 1 hour (FR : 100%)
672672,WISTRON CORPORATION,LENOVO|NEC,title_brand_mismatch,NA,WISTRON CORPORATION,2022-01-04 01:19:00,[Lenovo/Wistron][Ares2][TGL][Win10] connection is sometimes disconnected in 30minutes to 1 hour (FR : 100%)
672672,WISTRON CORPORATION,LENOVO|NEC,title_brand_mismatch,NA,WISTRON CORPORATION,2022-01-04 01:19:00,[Lenovo/Wistron][Ares2][TGL][Win10] connection is sometimes disconnected in 30minutes to 1 hour (FR : 100%)
672555,WISTRON CORPORATION,DELL,title_brand_mismatch,NA,WISTRON CORPORATION,2022-01-03 20:02:00,[DELL Cons. AIO/Aegis AIO/Wistron/ADL-P][Bluetooth] Preme 95 stress test meet BSOD (DRIVER_POWER_STATE_FAILURE)
672555,WISTRON CORPORATION,DELL,title_brand_mismatch,NA,WISTRON CORPORATION,2022-01-03 20:02:00,[DELL Cons. AIO/Aegis AIO/Wistron/ADL-P][Bluetooth] Preme 95 stress test meet BSOD (DRIVER_POWER_STATE_FAILURE)
672555,WISTRON CORPORATION,DELL,title_brand_mismatch,NA,WISTRON CORPORATION,2022-01-03 20:02:00,[DELL Cons. AIO/Aegis AIO/Wistron/ADL-P][Bluetooth] Preme 95 stress test meet BSOD (DRIVER_POWER_STATE_FAILURE)
672404,WISTRON CORPORATION,DELL|NEC,title_brand_mismatch,NA,WISTRON CORPORATION,2022-01-02 23:42:00,(Copy Of 00672344) [Dell][Wistron][Cyborg_TGL] Miracast wireless connect not stable on Windows 11
672404,WISTRON CORPORATION,DELL|NEC,title_brand_mismatch,NA,WISTRON CORPORATION,2022-01-02 23:42:00,(Copy Of 00672344) [Dell][Wistron][Cyborg_TGL] Miracast wireless connect not stable on Windows 11
672404,WISTRON CORPORATION,DELL|NEC,title_brand_mismatch,NA,WISTRON CORPORATION,2022-01-02 23:42:00,(Copy Of 00672344) [Dell][Wistron][Cyborg_TGL] Miracast wireless connect not stable on Windows 11
672021,"COMPAL ELECTRONICS, INC.",DELL,title_brand_mismatch,"COMPAL ELECTRONICS, INC.","COMPAL ELECTRONICS, INC.",2021-12-29 18:40:00,[Dell_Compal_Horizon MLK_ADL-P_Win11] LFP flash black screen intermittently when idle in OS
671887,WISTRON CORPORATION,LENOVO,title_brand_mismatch,NA,WISTRON CORPORATION,2021-12-29 04:09:00,[Lenovo-ThinkPad][Wistron][ThinkPad L14 Gen 3][L14SWG] Intel function -tile beep does not function properly
671887,WISTRON CORPORATION,LENOVO,title_brand_mismatch,NA,WISTRON CORPORATION,2021-12-29 04:09:00,[Lenovo-ThinkPad][Wistron][ThinkPad L14 Gen 3][L14SWG] Intel function -tile beep does not function properly
671887,WISTRON CORPORATION,LENOVO,title_brand_mismatch,NA,WISTRON CORPORATION,2021-12-29 04:09:00,[Lenovo-ThinkPad][Wistron][ThinkPad L14 Gen 3][L14SWG] Intel function -tile beep does not function properly
671855,"COMPAL ELECTRONICS, INC.",DELL,title_brand_mismatch,NA,"COMPAL ELECTRONICS, INC.",2021-12-29 02:01:00,(Copy Of 00666220) [Dell/Compal][Tributo ADL] ADL-P QS System hang black screen during power management test
671855,"COMPAL ELECTRONICS, INC.",DELL,title_brand_mismatch,NA,"COMPAL ELECTRONICS, INC.",2021-12-29 02:01:00,(Copy Of 00666220) [Dell/Compal][Tributo ADL] ADL-P QS System hang black screen during power management test
671855,"COMPAL ELECTRONICS, INC.",DELL,title_brand_mismatch,NA,"COMPAL ELECTRONICS, INC.",2021-12-29 02:01:00,(Copy Of 00666220) [Dell/Compal][Tributo ADL] ADL-P QS System hang black screen during power management test
671729,"SHENZHEN BITLAND INFORMATION TECHNOLOGYCO., LTD.",XIAOMI,title_brand_mismatch,NA,"SHENZHEN BITLAND INFORMATION TECHNOLOGYCO., LTD.",2021-12-28 18:39:00,[XiaoMi][Bitland][A11][ADL-P][Win11] The CPU cannot be woken up by Intel AX201 WIFI Module from MS
671729,"SHENZHEN BITLAND INFORMATION TECHNOLOGYCO., LTD.",XIAOMI,title_brand_mismatch,NA,"SHENZHEN BITLAND INFORMATION TECHNOLOGYCO., LTD.",2021-12-28 18:39:00,[XiaoMi][Bitland][A11][ADL-P][Win11] The CPU cannot be woken up by Intel AX201 WIFI Module from MS
671729,"SHENZHEN BITLAND INFORMATION TECHNOLOGYCO., LTD.",XIAOMI,title_brand_mismatch,NA,"SHENZHEN BITLAND INFORMATION TECHNOLOGYCO., LTD.",2021-12-28 18:39:00,[XiaoMi][Bitland][A11][ADL-P][Win11] The CPU cannot be woken up by Intel AX201 WIFI Module from MS
671634,"HUAQIN TECHNOLOGY CO., LTD",HONOR,title_brand_mismatch,NA,"Huaqin Technology Co., Ltd",2021-12-28 03:28:00,[HONOR][HUAQIN][HalleyM][[AMD Cezanne][AX200][WIN10][BT] System will occur BSOD and bugcheck code is 0x7e when running MS
671634,"HUAQIN TECHNOLOGY CO., LTD",HONOR,title_brand_mismatch,NA,"Huaqin Technology Co., Ltd",2021-12-28 03:28:00,[HONOR][HUAQIN][HalleyM][[AMD Cezanne][AX200][WIN10][BT] System will occur BSOD and bugcheck code is 0x7e when running MS
671634,"HUAQIN TECHNOLOGY CO., LTD",HONOR,title_brand_mismatch,NA,"Huaqin Technology Co., Ltd",2021-12-28 03:28:00,[HONOR][HUAQIN][HalleyM][[AMD Cezanne][AX200][WIN10][BT] System will occur BSOD and bugcheck code is 0x7e when running MS
671599,"HUAQIN TECHNOLOGY CO., LTD",HONOR,title_brand_mismatch,NA,"Huaqin Technology Co., Ltd",2021-12-28 01:43:00,[HONOR][HUAQIN][HiggsF][NB5550B][ADL-P][AX211][WIN11][BT] No sound out put from BT headset when idle DUT a few hours.
671599,"HUAQIN TECHNOLOGY CO., LTD",HONOR,title_brand_mismatch,NA,"Huaqin Technology Co., Ltd",2021-12-28 01:43:00,[HONOR][HUAQIN][HiggsF][NB5550B][ADL-P][AX211][WIN11][BT] No sound out put from BT headset when idle DUT a few hours.
671599,"HUAQIN TECHNOLOGY CO., LTD",HONOR,title_brand_mismatch,NA,"Huaqin Technology Co., Ltd",2021-12-28 01:43:00,[HONOR][HUAQIN][HiggsF][NB5550B][ADL-P][AX211][WIN11][BT] No sound out put from BT headset when idle DUT a few hours.
671590,"SHENZHEN BITLAND INFORMATION TECHNOLOGYCO., LTD.",XIAOMI,title_brand_mismatch,NA,"SHENZHEN BITLAND INFORMATION TECHNOLOGYCO., LTD.",2021-12-28 01:30:00,"[XiaoMi][Bitland][A28/A39][ADL][Win11][4/10 units,21/120cycles]During the miracast ( PC to PC, PC to MiTV), the screen garbage and horizontal stripes can be observed on the PC or MiTV which is projected."
671590,"SHENZHEN BITLAND INFORMATION TECHNOLOGYCO., LTD.",XIAOMI,title_brand_mismatch,NA,"SHENZHEN BITLAND INFORMATION TECHNOLOGYCO., LTD.",2021-12-28 01:30:00,"[XiaoMi][Bitland][A28/A39][ADL][Win11][4/10 units,21/120cycles]During the miracast ( PC to PC, PC to MiTV), the screen garbage and horizontal stripes can be observed on the PC or MiTV which is projected."
671590,"SHENZHEN BITLAND INFORMATION TECHNOLOGYCO., LTD.",XIAOMI,title_brand_mismatch,NA,"SHENZHEN BITLAND INFORMATION TECHNOLOGYCO., LTD.",2021-12-28 01:30:00,"[XiaoMi][Bitland][A28/A39][ADL][Win11][4/10 units,21/120cycles]During the miracast ( PC to PC, PC to MiTV), the screen garbage and horizontal stripes can be observed on the PC or MiTV which is projected."
671569,"COMPAL ELECTRONICS, INC.",DELL,title_brand_mismatch,NA,"COMPAL ELECTRONICS, INC.",2021-12-28 00:43:00,(Copy Of 00671308) [Dell/Compal] AX211 CITU shmoo test can not work.
671569,"COMPAL ELECTRONICS, INC.",DELL,title_brand_mismatch,NA,"COMPAL ELECTRONICS, INC.",2021-12-28 00:43:00,(Copy Of 00671308) [Dell/Compal] AX211 CITU shmoo test can not work.
671569,"COMPAL ELECTRONICS, INC.",DELL,title_brand_mismatch,NA,"COMPAL ELECTRONICS, INC.",2021-12-28 00:43:00,(Copy Of 00671308) [Dell/Compal] AX211 CITU shmoo test can not work.
671308,"COMPAL ELECTRONICS, INC.",DELL,title_brand_mismatch,"COMPAL ELECTRONICS, INC.","COMPAL ELECTRONICS, INC.",2021-12-26 23:55:00,[Dell/Compal] AX211 CITU shmoo test can not work.
671165,MSI,NEC,title_brand_mismatch,"MICRO-STAR INTERNATIONAL CO., LTD.","MICRO-STAR INTERNATIONAL CO., LTD.",2021-12-24 21:56:00,"[MS-1584/17L4/15B1] Connect with HDMI, Switch to Extended mode?Some APP icons on the taskbar display abnormally"
671106,"HUAQIN TECHNOLOGY CO., LTD",HONOR,title_brand_mismatch,NA,"Huaqin Technology Co., Ltd",2021-12-24 00:06:00,[HONOR][Huaqin][NB5550B][HiggsF][ADL][AX211][BT]It takes too long (10~15s) to convert to Bluetooth headset as audio output device.(F/R:100%)
671106,"HUAQIN TECHNOLOGY CO., LTD",HONOR,title_brand_mismatch,NA,"Huaqin Technology Co., Ltd",2021-12-24 00:06:00,[HONOR][Huaqin][NB5550B][HiggsF][ADL][AX211][BT]It takes too long (10~15s) to convert to Bluetooth headset as audio output device.(F/R:100%)
671106,"HUAQIN TECHNOLOGY CO., LTD",HONOR,title_brand_mismatch,NA,"Huaqin Technology Co., Ltd",2021-12-24 00:06:00,[HONOR][Huaqin][NB5550B][HiggsF][ADL][AX211][BT]It takes too long (10~15s) to convert to Bluetooth headset as audio output device.(F/R:100%)
670721,"COMPAL ELECTRONICS, INC.",DELL|NEC,title_brand_mismatch,"COMPAL ELECTRONICS, INC.","COMPAL ELECTRONICS, INC.",2021-12-22 17:09:00,[Dell_Compal_AugustaMLK_CML]WLAN (Intel AX201) disconnecting intermittently
670529,PEGATRON CORPORATION,ASUS|NEC,title_brand_mismatch,NA,Pegatron Corporation,2021-12-22 00:12:00,[ASUS Pegatron][B2402/B2502][ADL-P][AX211/AX201][22.100.0.3] Bluetooth microphone is not appearing in Recording device after connected to Bluetooth headset
670529,PEGATRON CORPORATION,ASUS|NEC,title_brand_mismatch,NA,Pegatron Corporation,2021-12-22 00:12:00,[ASUS Pegatron][B2402/B2502][ADL-P][AX211/AX201][22.100.0.3] Bluetooth microphone is not appearing in Recording device after connected to Bluetooth headset
670529,PEGATRON CORPORATION,ASUS|NEC,title_brand_mismatch,NA,Pegatron Corporation,2021-12-22 00:12:00,[ASUS Pegatron][B2402/B2502][ADL-P][AX211/AX201][22.100.0.3] Bluetooth microphone is not appearing in Recording device after connected to Bluetooth headset
670451,"COMPAL ELECTRONICS, INC.",DELL,title_brand_mismatch,NA,"COMPAL ELECTRONICS, INC.",2021-12-21 21:50:00,[Dell/Compal][ADLP] AX211 BT YB during stress test
670451,"COMPAL ELECTRONICS, INC.",DELL,title_brand_mismatch,NA,"COMPAL ELECTRONICS, INC.",2021-12-21 21:50:00,[Dell/Compal][ADLP] AX211 BT YB during stress test
670451,"COMPAL ELECTRONICS, INC.",DELL,title_brand_mismatch,NA,"COMPAL ELECTRONICS, INC.",2021-12-21 21:50:00,[Dell/Compal][ADLP] AX211 BT YB during stress test
670096,SAMSUNG,NEC,title_brand_mismatch,NA,"SAMSUNG ELECTRONICS CO., LTD.",2021-12-20 22:22:00,[Mars2-15][GfP2] LE mouse connection error
670096,SAMSUNG,NEC,title_brand_mismatch,NA,"SAMSUNG ELECTRONICS CO., LTD.",2021-12-20 22:22:00,[Mars2-15][GfP2] LE mouse connection error
670096,SAMSUNG,NEC,title_brand_mismatch,NA,"SAMSUNG ELECTRONICS CO., LTD.",2021-12-20 22:22:00,[Mars2-15][GfP2] LE mouse connection error
669870,"COMPAL ELECTRONICS, INC.",DELL,title_brand_mismatch,NA,"COMPAL ELECTRONICS, INC.",2021-12-20 01:47:00,Dell/Compal][ADL][Odyssey][T-put] 22.90.1.1 abnormal conductive T-put for 5G(Killer1690i)
669870,"COMPAL ELECTRONICS, INC.",DELL,title_brand_mismatch,NA,"COMPAL ELECTRONICS, INC.",2021-12-20 01:47:00,Dell/Compal][ADL][Odyssey][T-put] 22.90.1.1 abnormal conductive T-put for 5G(Killer1690i)
669870,"COMPAL ELECTRONICS, INC.",DELL,title_brand_mismatch,NA,"COMPAL ELECTRONICS, INC.",2021-12-20 01:47:00,Dell/Compal][ADL][Odyssey][T-put] 22.90.1.1 abnormal conductive T-put for 5G(Killer1690i)
669783,PEGATRON CORPORATION,ASUS,title_brand_mismatch,NA,Pegatron Corporation,2021-12-19 22:37:00,[ASUS Pegatron][B2402/B2502][ADL-P][AX211/AX201][22.100.0.3] Audio input/output will not be able to switch to PC when making phone calls via Your Phone app.
669783,PEGATRON CORPORATION,ASUS,title_brand_mismatch,NA,Pegatron Corporation,2021-12-19 22:37:00,[ASUS Pegatron][B2402/B2502][ADL-P][AX211/AX201][22.100.0.3] Audio input/output will not be able to switch to PC when making phone calls via Your Phone app.
669783,PEGATRON CORPORATION,ASUS,title_brand_mismatch,NA,Pegatron Corporation,2021-12-19 22:37:00,[ASUS Pegatron][B2402/B2502][ADL-P][AX211/AX201][22.100.0.3] Audio input/output will not be able to switch to PC when making phone calls via Your Phone app.
669729,WISTRON CORPORATION,LENOVO,title_brand_mismatch,NA,WISTRON CORPORATION,2021-12-19 19:13:00,"[Lenovo-ThinkPad][Wistron][ThinkPad P1 Gen 5/ThinkPad X1 Extreme Gen 5]Cheetah2:Win10:Win11:21H2:HLK: System - PNP (disable and enable) with IO Before and After (Reliability) failed on BSOD ""DRIVER_VERIFIER_DETECTED_VIOLATION""(0xc4)"
669729,WISTRON CORPORATION,LENOVO,title_brand_mismatch,NA,WISTRON CORPORATION,2021-12-19 19:13:00,"[Lenovo-ThinkPad][Wistron][ThinkPad P1 Gen 5/ThinkPad X1 Extreme Gen 5]Cheetah2:Win10:Win11:21H2:HLK: System - PNP (disable and enable) with IO Before and After (Reliability) failed on BSOD ""DRIVER_VERIFIER_DETECTED_VIOLATION""(0xc4)"
669729,WISTRON CORPORATION,LENOVO,title_brand_mismatch,NA,WISTRON CORPORATION,2021-12-19 19:13:00,"[Lenovo-ThinkPad][Wistron][ThinkPad P1 Gen 5/ThinkPad X1 Extreme Gen 5]Cheetah2:Win10:Win11:21H2:HLK: System - PNP (disable and enable) with IO Before and After (Reliability) failed on BSOD ""DRIVER_VERIFIER_DETECTED_VIOLATION""(0xc4)"
669538,"HUAQIN TECHNOLOGY CO., LTD",HONOR,title_brand_mismatch,NA,"Huaqin Technology Co., Ltd",2021-12-17 05:41:00,[HONOR][HUAQIN][HalleyM][NB5550][AMD][AX200][WIN11][BT] System will occur BSOD when running coldboot .
669538,"HUAQIN TECHNOLOGY CO., LTD",HONOR,title_brand_mismatch,NA,"Huaqin Technology Co., Ltd",2021-12-17 05:41:00,[HONOR][HUAQIN][HalleyM][NB5550][AMD][AX200][WIN11][BT] System will occur BSOD when running coldboot .
669538,"HUAQIN TECHNOLOGY CO., LTD",HONOR,title_brand_mismatch,NA,"Huaqin Technology Co., Ltd",2021-12-17 05:41:00,[HONOR][HUAQIN][HalleyM][NB5550][AMD][AX200][WIN11][BT] System will occur BSOD when running coldboot .
669337,"HUAQIN TECHNOLOGY CO., LTD",LENOVO|NEC,title_brand_mismatch,NA,"Huaqin Technology Co., Ltd",2021-12-16 19:50:00,"[Huaqin][Lenovo][ADL][ThinkBook Gen4 IAP]First connection miracast Project Fail.(F/R:2/5 by UUTs,2 /5 by cycles)"
669337,"HUAQIN TECHNOLOGY CO., LTD",LENOVO|NEC,title_brand_mismatch,NA,"Huaqin Technology Co., Ltd",2021-12-16 19:50:00,"[Huaqin][Lenovo][ADL][ThinkBook Gen4 IAP]First connection miracast Project Fail.(F/R:2/5 by UUTs,2 /5 by cycles)"
669337,"HUAQIN TECHNOLOGY CO., LTD",LENOVO|NEC,title_brand_mismatch,NA,"Huaqin Technology Co., Ltd",2021-12-16 19:50:00,"[Huaqin][Lenovo][ADL][ThinkBook Gen4 IAP]First connection miracast Project Fail.(F/R:2/5 by UUTs,2 /5 by cycles)"
669322,"HUAQIN TECHNOLOGY CO., LTD",LENOVO,title_brand_mismatch,NA,"Huaqin Technology Co., Ltd",2021-12-16 19:24:00,"[Huaqin][Lenovo][ADL][ThinkBook Gen4 IAP]The BT will automatically turn off about 30sec after disable airplane mode in setting page.(F/R:1/5 by UUTs, 5/50 by cycles)"
669322,"HUAQIN TECHNOLOGY CO., LTD",LENOVO,title_brand_mismatch,NA,"Huaqin Technology Co., Ltd",2021-12-16 19:24:00,"[Huaqin][Lenovo][ADL][ThinkBook Gen4 IAP]The BT will automatically turn off about 30sec after disable airplane mode in setting page.(F/R:1/5 by UUTs, 5/50 by cycles)"
669322,"HUAQIN TECHNOLOGY CO., LTD",LENOVO,title_brand_mismatch,NA,"Huaqin Technology Co., Ltd",2021-12-16 19:24:00,"[Huaqin][Lenovo][ADL][ThinkBook Gen4 IAP]The BT will automatically turn off about 30sec after disable airplane mode in setting page.(F/R:1/5 by UUTs, 5/50 by cycles)"
669199,"HUAQIN TECHNOLOGY CO., LTD",SAMSUNG,title_brand_mismatch,NA,"Huaqin Technology Co., Ltd",2021-12-16 05:25:00,"[HQ][Samsung][TITAN2-M ][Intel][ADL-P][Win11R][22.100.0.3]Bluetooth device lost after closing lid more than 8 hours.(FR: 6/6 units, 8/8 times)"
669199,"HUAQIN TECHNOLOGY CO., LTD",SAMSUNG,title_brand_mismatch,NA,"Huaqin Technology Co., Ltd",2021-12-16 05:25:00,"[HQ][Samsung][TITAN2-M ][Intel][ADL-P][Win11R][22.100.0.3]Bluetooth device lost after closing lid more than 8 hours.(FR: 6/6 units, 8/8 times)"
669199,"HUAQIN TECHNOLOGY CO., LTD",SAMSUNG,title_brand_mismatch,NA,"Huaqin Technology Co., Ltd",2021-12-16 05:25:00,"[HQ][Samsung][TITAN2-M ][Intel][ADL-P][Win11R][22.100.0.3]Bluetooth device lost after closing lid more than 8 hours.(FR: 6/6 units, 8/8 times)"
669166,DYNABOOK INC.,NEC,title_brand_mismatch,NA,Dynabook Inc.,2021-12-16 02:58:00,[Dynabook][Win11] BSOD occurs after connect mobile hotspot via BT and browse the web
669166,DYNABOOK INC.,NEC,title_brand_mismatch,NA,Dynabook Inc.,2021-12-16 02:58:00,[Dynabook][Win11] BSOD occurs after connect mobile hotspot via BT and browse the web
669166,DYNABOOK INC.,NEC,title_brand_mismatch,NA,Dynabook Inc.,2021-12-16 02:58:00,[Dynabook][Win11] BSOD occurs after connect mobile hotspot via BT and browse the web
669119,"HUAQIN TECHNOLOGY CO., LTD",SAMSUNG,title_brand_mismatch,NA,"Huaqin Technology Co., Ltd",2021-12-16 01:00:00,[HQ][Samsung][ADL-P][TITAN2-M][Win11R][WHQL]System - Sleep with IO Before and After (Reliability SysFund) test fail on test units(FR:3 out of 3 units 12 out 12 of times)
669119,"HUAQIN TECHNOLOGY CO., LTD",SAMSUNG,title_brand_mismatch,NA,"Huaqin Technology Co., Ltd",2021-12-16 01:00:00,[HQ][Samsung][ADL-P][TITAN2-M][Win11R][WHQL]System - Sleep with IO Before and After (Reliability SysFund) test fail on test units(FR:3 out of 3 units 12 out 12 of times)
669119,"HUAQIN TECHNOLOGY CO., LTD",SAMSUNG,title_brand_mismatch,NA,"Huaqin Technology Co., Ltd",2021-12-16 01:00:00,[HQ][Samsung][ADL-P][TITAN2-M][Win11R][WHQL]System - Sleep with IO Before and After (Reliability SysFund) test fail on test units(FR:3 out of 3 units 12 out 12 of times)
669102,"COMPAL ELECTRONICS, INC.",DELL,title_brand_mismatch,NA,"COMPAL ELECTRONICS, INC.",2021-12-16 00:41:00,[Dell][Compal][SIF G15 MLK][ADL-P][Win11]Killer 1650i bluetooth yellow bang when WB cycle test.
669102,"COMPAL ELECTRONICS, INC.",DELL,title_brand_mismatch,NA,"COMPAL ELECTRONICS, INC.",2021-12-16 00:41:00,[Dell][Compal][SIF G15 MLK][ADL-P][Win11]Killer 1650i bluetooth yellow bang when WB cycle test.
669102,"COMPAL ELECTRONICS, INC.",DELL,title_brand_mismatch,NA,"COMPAL ELECTRONICS, INC.",2021-12-16 00:41:00,[Dell][Compal][SIF G15 MLK][ADL-P][Win11]Killer 1650i bluetooth yellow bang when WB cycle test.
668935,"COMPAL ELECTRONICS, INC.",LENOVO,title_brand_mismatch,NA,"COMPAL ELECTRONICS, INC.",2021-12-15 18:02:00,"[Lenovo-Ideapad][Compal][S570][ADL-P][Win11] Stress_MS Wifi, Unit have no SW&HW DRIPS value(SW=0; HW=""-"") caused by Intel AX201 (F/R:14/27 units)"
668935,"COMPAL ELECTRONICS, INC.",LENOVO,title_brand_mismatch,NA,"COMPAL ELECTRONICS, INC.",2021-12-15 18:02:00,"[Lenovo-Ideapad][Compal][S570][ADL-P][Win11] Stress_MS Wifi, Unit have no SW&HW DRIPS value(SW=0; HW=""-"") caused by Intel AX201 (F/R:14/27 units)"
668935,"COMPAL ELECTRONICS, INC.",LENOVO,title_brand_mismatch,NA,"COMPAL ELECTRONICS, INC.",2021-12-15 18:02:00,"[Lenovo-Ideapad][Compal][S570][ADL-P][Win11] Stress_MS Wifi, Unit have no SW&HW DRIPS value(SW=0; HW=""-"") caused by Intel AX201 (F/R:14/27 units)"
668732,DYNABOOK INC.,NEC,title_brand_mismatch,NA,Dynabook Inc.,2021-12-15 00:29:00,[Danabook]Target PC cannot automatically reconnect to AP after disconnect to AP during modern standby
668732,DYNABOOK INC.,NEC,title_brand_mismatch,NA,Dynabook Inc.,2021-12-15 00:29:00,[Danabook]Target PC cannot automatically reconnect to AP after disconnect to AP during modern standby
668732,DYNABOOK INC.,NEC,title_brand_mismatch,NA,Dynabook Inc.,2021-12-15 00:29:00,[Danabook]Target PC cannot automatically reconnect to AP after disconnect to AP during modern standby
668731,"HUAQIN TECHNOLOGY CO., LTD",SAMSUNG,title_brand_mismatch,NA,"Huaqin Technology Co., Ltd",2021-12-15 00:28:00,"[Samsung][Intel][ADL-P][Win11R][22.100.0.3]Sound echo occurs when the voice recorder is executed after playing a music using bt earphones (FR:2/2 units, 10/10 times)"
668731,"HUAQIN TECHNOLOGY CO., LTD",SAMSUNG,title_brand_mismatch,NA,"Huaqin Technology Co., Ltd",2021-12-15 00:28:00,"[Samsung][Intel][ADL-P][Win11R][22.100.0.3]Sound echo occurs when the voice recorder is executed after playing a music using bt earphones (FR:2/2 units, 10/10 times)"
668731,"HUAQIN TECHNOLOGY CO., LTD",SAMSUNG,title_brand_mismatch,NA,"Huaqin Technology Co., Ltd",2021-12-15 00:28:00,"[Samsung][Intel][ADL-P][Win11R][22.100.0.3]Sound echo occurs when the voice recorder is executed after playing a music using bt earphones (FR:2/2 units, 10/10 times)"
668693,QUANTA COMPUTER INC.,ASUS|NEC,title_brand_mismatch,NA,QUANTA COMPUTER INC.,2021-12-14 23:20:00,[ASUS Gaming Quana][FX507_FX517][ADL-P][AX201NGW][22.100.0.3] Sound will output from internal speaker after system resume from S4/Reboot with specific BT headphone connected
668693,QUANTA COMPUTER INC.,ASUS|NEC,title_brand_mismatch,NA,QUANTA COMPUTER INC.,2021-12-14 23:20:00,[ASUS Gaming Quana][FX507_FX517][ADL-P][AX201NGW][22.100.0.3] Sound will output from internal speaker after system resume from S4/Reboot with specific BT headphone connected
668693,QUANTA COMPUTER INC.,ASUS|NEC,title_brand_mismatch,NA,QUANTA COMPUTER INC.,2021-12-14 23:20:00,[ASUS Gaming Quana][FX507_FX517][ADL-P][AX201NGW][22.100.0.3] Sound will output from internal speaker after system resume from S4/Reboot with specific BT headphone connected
668660,QUANTA COMPUTER INC.,ASUS,title_brand_mismatch,NA,QUANTA COMPUTER INC.,2021-12-14 22:26:00,[ASUS Gaming Quana][FX507_FX517][ADL-P][AX201NGW][22.100.0.3] Sound output from headset after conneted 20~30 secondset
668660,QUANTA COMPUTER INC.,ASUS,title_brand_mismatch,NA,QUANTA COMPUTER INC.,2021-12-14 22:26:00,[ASUS Gaming Quana][FX507_FX517][ADL-P][AX201NGW][22.100.0.3] Sound output from headset after conneted 20~30 secondset
668660,QUANTA COMPUTER INC.,ASUS,title_brand_mismatch,NA,QUANTA COMPUTER INC.,2021-12-14 22:26:00,[ASUS Gaming Quana][FX507_FX517][ADL-P][AX201NGW][22.100.0.3] Sound output from headset after conneted 20~30 secondset
668594,"COMPAL ELECTRONICS, INC.",ASUS,title_brand_mismatch,NA,"COMPAL ELECTRONICS, INC.",2021-12-14 18:51:00,[Asus Compal][9560 9462]When run s3/s4 stress test will found system event show error ID 17
668594,"COMPAL ELECTRONICS, INC.",ASUS,title_brand_mismatch,NA,"COMPAL ELECTRONICS, INC.",2021-12-14 18:51:00,[Asus Compal][9560 9462]When run s3/s4 stress test will found system event show error ID 17
668594,"COMPAL ELECTRONICS, INC.",ASUS,title_brand_mismatch,NA,"COMPAL ELECTRONICS, INC.",2021-12-14 18:51:00,[Asus Compal][9560 9462]When run s3/s4 stress test will found system event show error ID 17
668344,"HUAQIN TECHNOLOGY CO., LTD",XIAOMI,title_brand_mismatch,NA,"Huaqin Technology Co., Ltd",2021-12-14 01:10:00,"[Xiaomi][Huaqin][A54S][AMD Rambrandt][SDV]HLK ""Bluetooth - LEExtendedAdvertising(Development and Intergration)"" test fail 100%"
668344,"HUAQIN TECHNOLOGY CO., LTD",XIAOMI,title_brand_mismatch,NA,"Huaqin Technology Co., Ltd",2021-12-14 01:10:00,"[Xiaomi][Huaqin][A54S][AMD Rambrandt][SDV]HLK ""Bluetooth - LEExtendedAdvertising(Development and Intergration)"" test fail 100%"
668344,"HUAQIN TECHNOLOGY CO., LTD",XIAOMI,title_brand_mismatch,NA,"Huaqin Technology Co., Ltd",2021-12-14 01:10:00,"[Xiaomi][Huaqin][A54S][AMD Rambrandt][SDV]HLK ""Bluetooth - LEExtendedAdvertising(Development and Intergration)"" test fail 100%"
668325,QUANTA COMPUTER INC.,ASUS|NEC,title_brand_mismatch,NA,QUANTA COMPUTER INC.,2021-12-14 00:42:00,"[ASUS][FX507_FX517][ADL-P][AX201] ""Can't play"" error message appears during playback music to connect BT headset"
668325,QUANTA COMPUTER INC.,ASUS|NEC,title_brand_mismatch,NA,QUANTA COMPUTER INC.,2021-12-14 00:42:00,"[ASUS][FX507_FX517][ADL-P][AX201] ""Can't play"" error message appears during playback music to connect BT headset"
668325,QUANTA COMPUTER INC.,ASUS|NEC,title_brand_mismatch,NA,QUANTA COMPUTER INC.,2021-12-14 00:42:00,"[ASUS][FX507_FX517][ADL-P][AX201] ""Can't play"" error message appears during playback music to connect BT headset"
668300,"HUAQIN TECHNOLOGY CO., LTD",XIAOMI,title_brand_mismatch,NA,"Huaqin Technology Co., Ltd",2021-12-14 00:01:00,[XiaoMi][Huaqin][A55/A54][ADL-P][AX201/AX211][SIT]The machine cannot be awakened by bluetooth mouse/KB after enter MS. (F/R 2/2 units 10/10 cycles)
668300,"HUAQIN TECHNOLOGY CO., LTD",XIAOMI,title_brand_mismatch,NA,"Huaqin Technology Co., Ltd",2021-12-14 00:01:00,[XiaoMi][Huaqin][A55/A54][ADL-P][AX201/AX211][SIT]The machine cannot be awakened by bluetooth mouse/KB after enter MS. (F/R 2/2 units 10/10 cycles)
668300,"HUAQIN TECHNOLOGY CO., LTD",XIAOMI,title_brand_mismatch,NA,"Huaqin Technology Co., Ltd",2021-12-14 00:01:00,[XiaoMi][Huaqin][A55/A54][ADL-P][AX201/AX211][SIT]The machine cannot be awakened by bluetooth mouse/KB after enter MS. (F/R 2/2 units 10/10 cycles)
668040,"HUAQIN TECHNOLOGY CO., LTD",LENOVO,title_brand_mismatch,NA,"Huaqin Technology Co., Ltd",2021-12-13 03:56:00,"[Lenovo][HUAQIN][Thinkbook Gen4][ADL]The Windows WiFi UI icon lost, but the wlan card still can be found in device manager(AX201/211)"
668040,"HUAQIN TECHNOLOGY CO., LTD",LENOVO,title_brand_mismatch,NA,"Huaqin Technology Co., Ltd",2021-12-13 03:56:00,"[Lenovo][HUAQIN][Thinkbook Gen4][ADL]The Windows WiFi UI icon lost, but the wlan card still can be found in device manager(AX201/211)"
668040,"HUAQIN TECHNOLOGY CO., LTD",LENOVO,title_brand_mismatch,NA,"Huaqin Technology Co., Ltd",2021-12-13 03:56:00,"[Lenovo][HUAQIN][Thinkbook Gen4][ADL]The Windows WiFi UI icon lost, but the wlan card still can be found in device manager(AX201/211)"
668028,"COMPAL ELECTRONICS, INC.",DELL,title_brand_mismatch,"COMPAL ELECTRONICS, INC.","COMPAL ELECTRONICS, INC.",2021-12-13 03:35:00,[Dell_Compal_ADL_Odyssey]Online video will lag on External Display with game played on eDP.
667631,"SHENZHEN BITLAND INFORMATION TECHNOLOGYCO., LTD.",XIAOMI,title_brand_mismatch,NA,"SHENZHEN BITLAND INFORMATION TECHNOLOGYCO., LTD.",2021-12-10 02:50:00,"[XiaoMi][Bitland][A11][ADL-P][Win11][100%] BT headset can't be shown in  ""recording"" window with BT Audio Offload enabled."
667631,"SHENZHEN BITLAND INFORMATION TECHNOLOGYCO., LTD.",XIAOMI,title_brand_mismatch,NA,"SHENZHEN BITLAND INFORMATION TECHNOLOGYCO., LTD.",2021-12-10 02:50:00,"[XiaoMi][Bitland][A11][ADL-P][Win11][100%] BT headset can't be shown in  ""recording"" window with BT Audio Offload enabled."
667631,"SHENZHEN BITLAND INFORMATION TECHNOLOGYCO., LTD.",XIAOMI,title_brand_mismatch,NA,"SHENZHEN BITLAND INFORMATION TECHNOLOGYCO., LTD.",2021-12-10 02:50:00,"[XiaoMi][Bitland][A11][ADL-P][Win11][100%] BT headset can't be shown in  ""recording"" window with BT Audio Offload enabled."
667630,"COMPAL ELECTRONICS, INC.",DELL,title_brand_mismatch,"COMPAL ELECTRONICS, INC.","COMPAL ELECTRONICS, INC.",2021-12-10 02:47:00,[Dell_Compal_ADL_Odyssey]Stress_BurnIn_BSOD_KERNEL_SECURITY_CHECK_FAILURE with dump (0x139)
667557,"HUAQIN TECHNOLOGY CO., LTD",LENOVO,title_brand_mismatch,NA,"Huaqin Technology Co., Ltd",2021-12-10 00:20:00,"[Lenovo][HUAQIN][Thinkbook Gen4][ADL]BT mouse has a delay about one second after idle BT mouse about 3s.(FR:4/4 units,18/65 times)"
667557,"HUAQIN TECHNOLOGY CO., LTD",LENOVO,title_brand_mismatch,NA,"Huaqin Technology Co., Ltd",2021-12-10 00:20:00,"[Lenovo][HUAQIN][Thinkbook Gen4][ADL]BT mouse has a delay about one second after idle BT mouse about 3s.(FR:4/4 units,18/65 times)"
667557,"HUAQIN TECHNOLOGY CO., LTD",LENOVO,title_brand_mismatch,NA,"Huaqin Technology Co., Ltd",2021-12-10 00:20:00,"[Lenovo][HUAQIN][Thinkbook Gen4][ADL]BT mouse has a delay about one second after idle BT mouse about 3s.(FR:4/4 units,18/65 times)"
667552,"HUAQIN TECHNOLOGY CO., LTD",LENOVO,title_brand_mismatch,NA,"Huaqin Technology Co., Ltd",2021-12-10 00:13:00,"[Lenovo][HUAQIN][Thinkbook Gen4][ADL]BT mouse has a delay about one second after idle BT mouse about 10s.(FR:4/4 units,12/65 times)"
667552,"HUAQIN TECHNOLOGY CO., LTD",LENOVO,title_brand_mismatch,NA,"Huaqin Technology Co., Ltd",2021-12-10 00:13:00,"[Lenovo][HUAQIN][Thinkbook Gen4][ADL]BT mouse has a delay about one second after idle BT mouse about 10s.(FR:4/4 units,12/65 times)"
667552,"HUAQIN TECHNOLOGY CO., LTD",LENOVO,title_brand_mismatch,NA,"Huaqin Technology Co., Ltd",2021-12-10 00:13:00,"[Lenovo][HUAQIN][Thinkbook Gen4][ADL]BT mouse has a delay about one second after idle BT mouse about 10s.(FR:4/4 units,12/65 times)"
667313,"HUAQIN TECHNOLOGY CO., LTD",HONOR,title_brand_mismatch,NA,"Huaqin Technology Co., Ltd",2021-12-09 03:53:00,[HONOR][HUAQIN][HiggsF][NB5550B][ADL-P][AX211][WIN11][BT] Bluetooth device will show YB and YB code is 10 when running BT device disable and enable test.
667313,"HUAQIN TECHNOLOGY CO., LTD",HONOR,title_brand_mismatch,NA,"Huaqin Technology Co., Ltd",2021-12-09 03:53:00,[HONOR][HUAQIN][HiggsF][NB5550B][ADL-P][AX211][WIN11][BT] Bluetooth device will show YB and YB code is 10 when running BT device disable and enable test.
667313,"HUAQIN TECHNOLOGY CO., LTD",HONOR,title_brand_mismatch,NA,"Huaqin Technology Co., Ltd",2021-12-09 03:53:00,[HONOR][HUAQIN][HiggsF][NB5550B][ADL-P][AX211][WIN11][BT] Bluetooth device will show YB and YB code is 10 when running BT device disable and enable test.
667189,"HUAQIN TECHNOLOGY CO., LTD",NEC|XIAOMI,title_brand_mismatch,NA,"Huaqin Technology Co., Ltd",2021-12-08 23:17:00,"[XiaoMi][Huaqin][A55/A54][ADL-P][AX211][Win11][SIT]When two PCs are connected through bluetooth,the connection will be automatically disconnected for 6-15s  under Idle."
667189,"HUAQIN TECHNOLOGY CO., LTD",NEC|XIAOMI,title_brand_mismatch,NA,"Huaqin Technology Co., Ltd",2021-12-08 23:17:00,"[XiaoMi][Huaqin][A55/A54][ADL-P][AX211][Win11][SIT]When two PCs are connected through bluetooth,the connection will be automatically disconnected for 6-15s  under Idle."
667189,"HUAQIN TECHNOLOGY CO., LTD",NEC|XIAOMI,title_brand_mismatch,NA,"Huaqin Technology Co., Ltd",2021-12-08 23:17:00,"[XiaoMi][Huaqin][A55/A54][ADL-P][AX211][Win11][SIT]When two PCs are connected through bluetooth,the connection will be automatically disconnected for 6-15s  under Idle."
667134,"COMPAL ELECTRONICS, INC.",DELL,title_brand_mismatch,"COMPAL ELECTRONICS, INC.","COMPAL ELECTRONICS, INC.",2021-12-08 21:11:00,[Dell_Compal_ADL_Odyssey]3DMark-Night raid will show error message and cannot test with DRR enabled (windows/swapchain initialization failed:DXG1 call DXGISwapChain:SetFullscreenState failed {0x80004005]).
667020,"COMPAL ELECTRONICS, INC.",DELL|NEC,title_brand_mismatch,NA,"COMPAL ELECTRONICS, INC.",2021-12-08 18:06:00,[Dell][Compal][Odyssey] Miracast will auto disconnect after first time to connect
667020,"COMPAL ELECTRONICS, INC.",DELL|NEC,title_brand_mismatch,NA,"COMPAL ELECTRONICS, INC.",2021-12-08 18:06:00,[Dell][Compal][Odyssey] Miracast will auto disconnect after first time to connect
667020,"COMPAL ELECTRONICS, INC.",DELL|NEC,title_brand_mismatch,NA,"COMPAL ELECTRONICS, INC.",2021-12-08 18:06:00,[Dell][Compal][Odyssey] Miracast will auto disconnect after first time to connect
666858,WISTRON CORPORATION,DELL|NEC,title_brand_mismatch,NA,WISTRON CORPORATION,2021-12-08 02:20:00,[Dell][Wistron][Stradale ADL][SDCA0.6] AirPods Max still has no sound when away from the SUT about 10m and come back but BT is not disconnected and music progress keeps going on SUT
666858,WISTRON CORPORATION,DELL|NEC,title_brand_mismatch,NA,WISTRON CORPORATION,2021-12-08 02:20:00,[Dell][Wistron][Stradale ADL][SDCA0.6] AirPods Max still has no sound when away from the SUT about 10m and come back but BT is not disconnected and music progress keeps going on SUT
666858,WISTRON CORPORATION,DELL|NEC,title_brand_mismatch,NA,WISTRON CORPORATION,2021-12-08 02:20:00,[Dell][Wistron][Stradale ADL][SDCA0.6] AirPods Max still has no sound when away from the SUT about 10m and come back but BT is not disconnected and music progress keeps going on SUT
666795,"EDIMAX TECHNOLOGY CO., LTD.",ASUS|NEC,title_brand_mismatch,NA,"EDIMAX TECHNOLOGY CO., LTD.",2021-12-08 00:31:00,"[ASUS OPEN Edimax][AX200 2230] With manually select WPA2, client will still connect as WPA3, test with Windows 11 21H2"
666795,"EDIMAX TECHNOLOGY CO., LTD.",ASUS|NEC,title_brand_mismatch,NA,"EDIMAX TECHNOLOGY CO., LTD.",2021-12-08 00:31:00,"[ASUS OPEN Edimax][AX200 2230] With manually select WPA2, client will still connect as WPA3, test with Windows 11 21H2"
666795,"EDIMAX TECHNOLOGY CO., LTD.",ASUS|NEC,title_brand_mismatch,NA,"EDIMAX TECHNOLOGY CO., LTD.",2021-12-08 00:31:00,"[ASUS OPEN Edimax][AX200 2230] With manually select WPA2, client will still connect as WPA3, test with Windows 11 21H2"
666697,"COMPAL ELECTRONICS, INC.",DELL,title_brand_mismatch,NA,"COMPAL ELECTRONICS, INC.",2021-12-07 21:27:00,[Dell][Compal][Warlock_MLK][ADL-P][Win11]  Intel AX201 Bluetooth shows yellow bang during S4 stress F/R: 1/169(cycle)
666697,"COMPAL ELECTRONICS, INC.",DELL,title_brand_mismatch,NA,"COMPAL ELECTRONICS, INC.",2021-12-07 21:27:00,[Dell][Compal][Warlock_MLK][ADL-P][Win11]  Intel AX201 Bluetooth shows yellow bang during S4 stress F/R: 1/169(cycle)
666697,"COMPAL ELECTRONICS, INC.",DELL,title_brand_mismatch,NA,"COMPAL ELECTRONICS, INC.",2021-12-07 21:27:00,[Dell][Compal][Warlock_MLK][ADL-P][Win11]  Intel AX201 Bluetooth shows yellow bang during S4 stress F/R: 1/169(cycle)
666519,"COMPAL ELECTRONICS, INC.",DELL,title_brand_mismatch,"COMPAL ELECTRONICS, INC.","COMPAL ELECTRONICS, INC.",2021-12-07 04:21:00,[Dell_Horizon MLK] 240 / 360hz Panel flikcer after change specfic desktop wallpaper
666469,"SHANGHAI WINGTECH ELECTRONICS TECHNOLOGYCO., LTD.",LENOVO,title_brand_mismatch,NA,"SHANGHAI WINGTECH ELECTRONICS TECHNOLOGYCO., LTD.",2021-12-07 02:18:00,"[Lenovo][Wingtech][D570][ADL-P][Win11]Intel AX211 Bluetooth, The function of the Input BT device will be lost after resume from S4/CB"
666469,"SHANGHAI WINGTECH ELECTRONICS TECHNOLOGYCO., LTD.",LENOVO,title_brand_mismatch,NA,"SHANGHAI WINGTECH ELECTRONICS TECHNOLOGYCO., LTD.",2021-12-07 02:18:00,"[Lenovo][Wingtech][D570][ADL-P][Win11]Intel AX211 Bluetooth, The function of the Input BT device will be lost after resume from S4/CB"
666469,"SHANGHAI WINGTECH ELECTRONICS TECHNOLOGYCO., LTD.",LENOVO,title_brand_mismatch,NA,"SHANGHAI WINGTECH ELECTRONICS TECHNOLOGYCO., LTD.",2021-12-07 02:18:00,"[Lenovo][Wingtech][D570][ADL-P][Win11]Intel AX211 Bluetooth, The function of the Input BT device will be lost after resume from S4/CB"
666463,"SHANGHAI WINGTECH ELECTRONICS TECHNOLOGYCO., LTD.",LENOVO,title_brand_mismatch,NA,"SHANGHAI WINGTECH ELECTRONICS TECHNOLOGYCO., LTD.",2021-12-07 02:01:00,[Lenovo][Wingtech][D570][ADL-P][Win11]Intel AX211 Bluetooth's REG_DWORD value of Sco Support Type in Regedit is <0x0> which is incorrectly.
666463,"SHANGHAI WINGTECH ELECTRONICS TECHNOLOGYCO., LTD.",LENOVO,title_brand_mismatch,NA,"SHANGHAI WINGTECH ELECTRONICS TECHNOLOGYCO., LTD.",2021-12-07 02:01:00,[Lenovo][Wingtech][D570][ADL-P][Win11]Intel AX211 Bluetooth's REG_DWORD value of Sco Support Type in Regedit is <0x0> which is incorrectly.
666463,"SHANGHAI WINGTECH ELECTRONICS TECHNOLOGYCO., LTD.",LENOVO,title_brand_mismatch,NA,"SHANGHAI WINGTECH ELECTRONICS TECHNOLOGYCO., LTD.",2021-12-07 02:01:00,[Lenovo][Wingtech][D570][ADL-P][Win11]Intel AX211 Bluetooth's REG_DWORD value of Sco Support Type in Regedit is <0x0> which is incorrectly.
666272,"COMPAL ELECTRONICS, INC.",LENOVO,title_brand_mismatch,NA,"COMPAL ELECTRONICS, INC.",2021-12-06 19:13:00,"[Lenovo-Ideapad][Compal][S570Pro][ADL-P][Win11] Stress_MS_Test: Device Manager show yellow bang at ""Intel(R)Wireless_AC 9560"". (F/R:3/20, 12/1400)"
666272,"COMPAL ELECTRONICS, INC.",LENOVO,title_brand_mismatch,NA,"COMPAL ELECTRONICS, INC.",2021-12-06 19:13:00,"[Lenovo-Ideapad][Compal][S570Pro][ADL-P][Win11] Stress_MS_Test: Device Manager show yellow bang at ""Intel(R)Wireless_AC 9560"". (F/R:3/20, 12/1400)"
666272,"COMPAL ELECTRONICS, INC.",LENOVO,title_brand_mismatch,NA,"COMPAL ELECTRONICS, INC.",2021-12-06 19:13:00,"[Lenovo-Ideapad][Compal][S570Pro][ADL-P][Win11] Stress_MS_Test: Device Manager show yellow bang at ""Intel(R)Wireless_AC 9560"". (F/R:3/20, 12/1400)"
666220,"COMPAL ELECTRONICS, INC.",DELL,title_brand_mismatch,"COMPAL ELECTRONICS, INC.","COMPAL ELECTRONICS, INC.",2021-12-06 17:54:00,[Dell/Compal][Tributo ADL] ADL-P QS System hang black screen during power management test
665816,DYNABOOK INC.,NEC,title_brand_mismatch,NA,Dynabook Inc.,2021-12-03 22:41:00,[Dynabook][Win11]Connect icon and My network page show disconnected status after connecting to the 6E AP
665816,DYNABOOK INC.,NEC,title_brand_mismatch,NA,Dynabook Inc.,2021-12-03 22:41:00,[Dynabook][Win11]Connect icon and My network page show disconnected status after connecting to the 6E AP
665816,DYNABOOK INC.,NEC,title_brand_mismatch,NA,Dynabook Inc.,2021-12-03 22:41:00,[Dynabook][Win11]Connect icon and My network page show disconnected status after connecting to the 6E AP
665739,WISTRON CORPORATION,DELL,title_brand_mismatch,NA,WISTRON CORPORATION,2021-12-03 02:48:00,[Dell][ODA_N1416-ADL][ADL-P/MR] AX211 BT driver shows YB in DM during S4 stress(DPPM: 227)
665739,WISTRON CORPORATION,DELL,title_brand_mismatch,NA,WISTRON CORPORATION,2021-12-03 02:48:00,[Dell][ODA_N1416-ADL][ADL-P/MR] AX211 BT driver shows YB in DM during S4 stress(DPPM: 227)
665739,WISTRON CORPORATION,DELL,title_brand_mismatch,NA,WISTRON CORPORATION,2021-12-03 02:48:00,[Dell][ODA_N1416-ADL][ADL-P/MR] AX211 BT driver shows YB in DM during S4 stress(DPPM: 227)
665716,PEGATRON CORPORATION,ASUS|NEC,title_brand_mismatch,NA,Pegatron Corporation,2021-12-03 01:40:00,[ASUS][K3402/K3502/S5402/S5602]It will take around 15s to output audio sound with BT headset after it is connected successfully on Intel WLAN cards.
665716,PEGATRON CORPORATION,ASUS|NEC,title_brand_mismatch,NA,Pegatron Corporation,2021-12-03 01:40:00,[ASUS][K3402/K3502/S5402/S5602]It will take around 15s to output audio sound with BT headset after it is connected successfully on Intel WLAN cards.
665716,PEGATRON CORPORATION,ASUS|NEC,title_brand_mismatch,NA,Pegatron Corporation,2021-12-03 01:40:00,[ASUS][K3402/K3502/S5402/S5602]It will take around 15s to output audio sound with BT headset after it is connected successfully on Intel WLAN cards.
665606,"COMPAL ELECTRONICS, INC.",DELL,title_brand_mismatch,"COMPAL ELECTRONICS, INC.","COMPAL ELECTRONICS, INC.",2021-12-02 22:14:00,[Dell_Compal_Horizon MLK_ADL-P_Win11] LCDVDD power T12 timing less than 500ms when change refresh rate in OS
665539,"ASIA VITAL COMPONENTS CO., LTD.",LENOVO,title_brand_mismatch,NA,"ASIA VITAL COMPONENTS CO., LTD.",2021-12-02 18:50:00,Lenovo A860_A960_SDV_SIT Build_Long Run fail with Intel BT yellow mark
665539,"ASIA VITAL COMPONENTS CO., LTD.",LENOVO,title_brand_mismatch,NA,"ASIA VITAL COMPONENTS CO., LTD.",2021-12-02 18:50:00,Lenovo A860_A960_SDV_SIT Build_Long Run fail with Intel BT yellow mark
665539,"ASIA VITAL COMPONENTS CO., LTD.",LENOVO,title_brand_mismatch,NA,"ASIA VITAL COMPONENTS CO., LTD.",2021-12-02 18:50:00,Lenovo A860_A960_SDV_SIT Build_Long Run fail with Intel BT yellow mark
665022,"HUAQIN TECHNOLOGY CO., LTD",XIAOMI,title_brand_mismatch,NA,"Huaqin Technology Co., Ltd",2021-12-01 05:47:00,[XiaoMi][Huaqin][A55/A54][ADL-P][SIT][Win11]BT mic can?t record(F/R:100%)
665022,"HUAQIN TECHNOLOGY CO., LTD",XIAOMI,title_brand_mismatch,NA,"Huaqin Technology Co., Ltd",2021-12-01 05:47:00,[XiaoMi][Huaqin][A55/A54][ADL-P][SIT][Win11]BT mic can?t record(F/R:100%)
665022,"HUAQIN TECHNOLOGY CO., LTD",XIAOMI,title_brand_mismatch,NA,"Huaqin Technology Co., Ltd",2021-12-01 05:47:00,[XiaoMi][Huaqin][A55/A54][ADL-P][SIT][Win11]BT mic can?t record(F/R:100%)
664861,"COMPAL ELECTRONICS, INC.",DELL,title_brand_mismatch,NA,"COMPAL ELECTRONICS, INC.",2021-11-30 22:51:00,[Dell/Compal][Portofino] RX conducted T-Put has big delta between 6G Chs (37/133/197)
664861,"COMPAL ELECTRONICS, INC.",DELL,title_brand_mismatch,NA,"COMPAL ELECTRONICS, INC.",2021-11-30 22:51:00,[Dell/Compal][Portofino] RX conducted T-Put has big delta between 6G Chs (37/133/197)
664861,"COMPAL ELECTRONICS, INC.",DELL,title_brand_mismatch,NA,"COMPAL ELECTRONICS, INC.",2021-11-30 22:51:00,[Dell/Compal][Portofino] RX conducted T-Put has big delta between 6G Chs (37/133/197)
664585,"SHENZHEN BITLAND INFORMATION TECHNOLOGYCO., LTD.",NEC|XIAOMI,title_brand_mismatch,NA,"SHENZHEN BITLAND INFORMATION TECHNOLOGYCO., LTD.",2021-11-30 01:34:00,[XiaoMi][Bitland][A53][ADL-M][Win11][F/R 100%]There is no sound until 20 seconds after pairing and connecting the Bluetooth headset.
664585,"SHENZHEN BITLAND INFORMATION TECHNOLOGYCO., LTD.",NEC|XIAOMI,title_brand_mismatch,NA,"SHENZHEN BITLAND INFORMATION TECHNOLOGYCO., LTD.",2021-11-30 01:34:00,[XiaoMi][Bitland][A53][ADL-M][Win11][F/R 100%]There is no sound until 20 seconds after pairing and connecting the Bluetooth headset.
664585,"SHENZHEN BITLAND INFORMATION TECHNOLOGYCO., LTD.",NEC|XIAOMI,title_brand_mismatch,NA,"SHENZHEN BITLAND INFORMATION TECHNOLOGYCO., LTD.",2021-11-30 01:34:00,[XiaoMi][Bitland][A53][ADL-M][Win11][F/R 100%]There is no sound until 20 seconds after pairing and connecting the Bluetooth headset.
664391,"HUAQIN TECHNOLOGY CO., LTD",LENOVO|NEC,title_brand_mismatch,NA,"Huaqin Technology Co., Ltd",2021-11-29 18:27:00,[Lenovo][HUAQIN][Thinkbook Gen4][ADL] AX201/211 wlan card will failed in wifi ping test(cannot re-connect after wake up from S4)
664391,"HUAQIN TECHNOLOGY CO., LTD",LENOVO|NEC,title_brand_mismatch,NA,"Huaqin Technology Co., Ltd",2021-11-29 18:27:00,[Lenovo][HUAQIN][Thinkbook Gen4][ADL] AX201/211 wlan card will failed in wifi ping test(cannot re-connect after wake up from S4)
664391,"HUAQIN TECHNOLOGY CO., LTD",LENOVO|NEC,title_brand_mismatch,NA,"Huaqin Technology Co., Ltd",2021-11-29 18:27:00,[Lenovo][HUAQIN][Thinkbook Gen4][ADL] AX201/211 wlan card will failed in wifi ping test(cannot re-connect after wake up from S4)
664235,"COMPAL ELECTRONICS, INC.",LENOVO,title_brand_mismatch,NA,"COMPAL ELECTRONICS, INC.",2021-11-29 03:16:00,[Lenovo-Ideapad][Compal][S570Pro][ADL-P][Win11] AX201 Intel Wireless Bluetooth shows yellow bang during S4 stress F/R: 1/100(cycle)
664235,"COMPAL ELECTRONICS, INC.",LENOVO,title_brand_mismatch,NA,"COMPAL ELECTRONICS, INC.",2021-11-29 03:16:00,[Lenovo-Ideapad][Compal][S570Pro][ADL-P][Win11] AX201 Intel Wireless Bluetooth shows yellow bang during S4 stress F/R: 1/100(cycle)
664235,"COMPAL ELECTRONICS, INC.",LENOVO,title_brand_mismatch,NA,"COMPAL ELECTRONICS, INC.",2021-11-29 03:16:00,[Lenovo-Ideapad][Compal][S570Pro][ADL-P][Win11] AX201 Intel Wireless Bluetooth shows yellow bang during S4 stress F/R: 1/100(cycle)
663797,WISTRON CORPORATION,LENOVO,title_brand_mismatch,NA,WISTRON CORPORATION,2021-11-25 22:24:00,[Lenovo ThinkPad JP][Wistron][X1 Nano Gen2][ADL][AX211][21H2][100%]Zeus2_vPro_W11: 21H2: HLK:  Bluetooth A2dp related test items can't be loaded on HLK due to BIOS not support this function yet.
663797,WISTRON CORPORATION,LENOVO,title_brand_mismatch,NA,WISTRON CORPORATION,2021-11-25 22:24:00,[Lenovo ThinkPad JP][Wistron][X1 Nano Gen2][ADL][AX211][21H2][100%]Zeus2_vPro_W11: 21H2: HLK:  Bluetooth A2dp related test items can't be loaded on HLK due to BIOS not support this function yet.
663797,WISTRON CORPORATION,LENOVO,title_brand_mismatch,NA,WISTRON CORPORATION,2021-11-25 22:24:00,[Lenovo ThinkPad JP][Wistron][X1 Nano Gen2][ADL][AX211][21H2][100%]Zeus2_vPro_W11: 21H2: HLK:  Bluetooth A2dp related test items can't be loaded on HLK due to BIOS not support this function yet.
663658,FUJITSU,NEC,title_brand_mismatch,NA,Fujitsu Client Computing Limited (Lenovo/FCCL),2021-11-25 05:14:00,(Copy Of 00642559) Wi-Fi connection timeout in DFS mode
663658,FUJITSU,NEC,title_brand_mismatch,NA,Fujitsu Client Computing Limited (Lenovo/FCCL),2021-11-25 05:14:00,(Copy Of 00642559) Wi-Fi connection timeout in DFS mode
663658,FUJITSU,NEC,title_brand_mismatch,NA,Fujitsu Client Computing Limited (Lenovo/FCCL),2021-11-25 05:14:00,(Copy Of 00642559) Wi-Fi connection timeout in DFS mode
663381,"COMPAL ELECTRONICS, INC.",DELL,title_brand_mismatch,NA,"COMPAL ELECTRONICS, INC.",2021-11-24 14:59:00,[Dell/Compal][Tributo ADL / Fiorano ADL] RX conducted T-Put fail on 5GHz
663381,"COMPAL ELECTRONICS, INC.",DELL,title_brand_mismatch,NA,"COMPAL ELECTRONICS, INC.",2021-11-24 14:59:00,[Dell/Compal][Tributo ADL / Fiorano ADL] RX conducted T-Put fail on 5GHz
663381,"COMPAL ELECTRONICS, INC.",DELL,title_brand_mismatch,NA,"COMPAL ELECTRONICS, INC.",2021-11-24 14:59:00,[Dell/Compal][Tributo ADL / Fiorano ADL] RX conducted T-Put fail on 5GHz
663220,"HUAQIN TECHNOLOGY CO., LTD",LENOVO,title_brand_mismatch,NA,"Huaqin Technology Co., Ltd",2021-11-24 00:52:00,[Lenovo][HUAQIN][Thinkbook Gen4][ADL] UUT will shows BSOD(0x9f) point to BTHa2dp after open airplane mode and reboot UUT
663220,"HUAQIN TECHNOLOGY CO., LTD",LENOVO,title_brand_mismatch,NA,"Huaqin Technology Co., Ltd",2021-11-24 00:52:00,[Lenovo][HUAQIN][Thinkbook Gen4][ADL] UUT will shows BSOD(0x9f) point to BTHa2dp after open airplane mode and reboot UUT
663220,"HUAQIN TECHNOLOGY CO., LTD",LENOVO,title_brand_mismatch,NA,"Huaqin Technology Co., Ltd",2021-11-24 00:52:00,[Lenovo][HUAQIN][Thinkbook Gen4][ADL] UUT will shows BSOD(0x9f) point to BTHa2dp after open airplane mode and reboot UUT
663055,"COMPAL ELECTRONICS, INC.",LENOVO,title_brand_mismatch,NA,"COMPAL ELECTRONICS, INC.",2021-11-23 18:15:00,[Lenovo-Ideapad][Compal][V350][ADL-P][Win11] AX211/9560 WLAN card unit SW/HW Drips show 0% after resume from MS.
663055,"COMPAL ELECTRONICS, INC.",LENOVO,title_brand_mismatch,NA,"COMPAL ELECTRONICS, INC.",2021-11-23 18:15:00,[Lenovo-Ideapad][Compal][V350][ADL-P][Win11] AX211/9560 WLAN card unit SW/HW Drips show 0% after resume from MS.
663055,"COMPAL ELECTRONICS, INC.",LENOVO,title_brand_mismatch,NA,"COMPAL ELECTRONICS, INC.",2021-11-23 18:15:00,[Lenovo-Ideapad][Compal][V350][ADL-P][Win11] AX211/9560 WLAN card unit SW/HW Drips show 0% after resume from MS.
663045,LENOVO,DELL|NEC,title_brand_mismatch,NA,LENOVO COMPAL FUTURE CENTER,2021-11-23 17:48:00,[LCFC-NEC][Adella][SVT][Win10]Intel AX200 WLAN show Yellow Bang at device manager during Modern Standby test
663045,LENOVO,DELL|NEC,title_brand_mismatch,NA,LENOVO COMPAL FUTURE CENTER,2021-11-23 17:48:00,[LCFC-NEC][Adella][SVT][Win10]Intel AX200 WLAN show Yellow Bang at device manager during Modern Standby test
663045,LENOVO,DELL|NEC,title_brand_mismatch,NA,LENOVO COMPAL FUTURE CENTER,2021-11-23 17:48:00,[LCFC-NEC][Adella][SVT][Win10]Intel AX200 WLAN show Yellow Bang at device manager during Modern Standby test
662924,PEGATRON CORPORATION,ASUS,title_brand_mismatch,NA,Pegatron Corporation,2021-11-23 02:01:00,[ASUS Pegatron][K3402/K3502/S5402/S5602][AX211 AX201][22.90.2.1]Error and warning event occur during S4/reboot stress test
662924,PEGATRON CORPORATION,ASUS,title_brand_mismatch,NA,Pegatron Corporation,2021-11-23 02:01:00,[ASUS Pegatron][K3402/K3502/S5402/S5602][AX211 AX201][22.90.2.1]Error and warning event occur during S4/reboot stress test
662924,PEGATRON CORPORATION,ASUS,title_brand_mismatch,NA,Pegatron Corporation,2021-11-23 02:01:00,[ASUS Pegatron][K3402/K3502/S5402/S5602][AX211 AX201][22.90.2.1]Error and warning event occur during S4/reboot stress test
662767,WISTRON CORPORATION,LENOVO,title_brand_mismatch,NA,WISTRON CORPORATION,2021-11-22 18:26:00,"[Lenovo-ThinkPad][Wistron][ThinkPad L13 Gen 3][Fenrir_Intel_Win11] FVT2.01: IntelAX211 WLAN show Yellow Mark in DM after reboot when turn off WLAN.(FR: 2/2 units, 4/4 cycles)"
662767,WISTRON CORPORATION,LENOVO,title_brand_mismatch,NA,WISTRON CORPORATION,2021-11-22 18:26:00,"[Lenovo-ThinkPad][Wistron][ThinkPad L13 Gen 3][Fenrir_Intel_Win11] FVT2.01: IntelAX211 WLAN show Yellow Mark in DM after reboot when turn off WLAN.(FR: 2/2 units, 4/4 cycles)"
662767,WISTRON CORPORATION,LENOVO,title_brand_mismatch,NA,WISTRON CORPORATION,2021-11-22 18:26:00,"[Lenovo-ThinkPad][Wistron][ThinkPad L13 Gen 3][Fenrir_Intel_Win11] FVT2.01: IntelAX211 WLAN show Yellow Mark in DM after reboot when turn off WLAN.(FR: 2/2 units, 4/4 cycles)"
662755,"COMPAL ELECTRONICS, INC.",LENOVO,title_brand_mismatch,NA,"COMPAL ELECTRONICS, INC.",2021-11-22 17:46:00,[Lenovo-Ideapad][Compal][V350][ADL-P][Win11] Unit can't search network or WLAN show yellow bang or device lost in device manager after preload image.(
662755,"COMPAL ELECTRONICS, INC.",LENOVO,title_brand_mismatch,NA,"COMPAL ELECTRONICS, INC.",2021-11-22 17:46:00,[Lenovo-Ideapad][Compal][V350][ADL-P][Win11] Unit can't search network or WLAN show yellow bang or device lost in device manager after preload image.(
662755,"COMPAL ELECTRONICS, INC.",LENOVO,title_brand_mismatch,NA,"COMPAL ELECTRONICS, INC.",2021-11-22 17:46:00,[Lenovo-Ideapad][Compal][V350][ADL-P][Win11] Unit can't search network or WLAN show yellow bang or device lost in device manager after preload image.(
662501,"COMPAL ELECTRONICS, INC.",DELL,title_brand_mismatch,NA,"COMPAL ELECTRONICS, INC.",2021-11-21 21:14:00,[Dell_Compal_ADL_Odyssey] PIMS-110770 - BT headset output audio will be broken and the sound go up and down
662501,"COMPAL ELECTRONICS, INC.",DELL,title_brand_mismatch,NA,"COMPAL ELECTRONICS, INC.",2021-11-21 21:14:00,[Dell_Compal_ADL_Odyssey] PIMS-110770 - BT headset output audio will be broken and the sound go up and down
662501,"COMPAL ELECTRONICS, INC.",DELL,title_brand_mismatch,NA,"COMPAL ELECTRONICS, INC.",2021-11-21 21:14:00,[Dell_Compal_ADL_Odyssey] PIMS-110770 - BT headset output audio will be broken and the sound go up and down
662433,"COMPAL ELECTRONICS, INC.",LENOVO|NEC,title_brand_mismatch,NA,"COMPAL ELECTRONICS, INC.",2021-11-21 17:47:00,[Titan 3.0 Lenovo-Thinkbook][Compal][Titan 3.0][ADL][AX201/AX211/9560][Win11][70%~90%][Titan3.0 14&15_FVT] ]WIFI re-connect time from S4 over spec (spec:<2s)
662433,"COMPAL ELECTRONICS, INC.",LENOVO|NEC,title_brand_mismatch,NA,"COMPAL ELECTRONICS, INC.",2021-11-21 17:47:00,[Titan 3.0 Lenovo-Thinkbook][Compal][Titan 3.0][ADL][AX201/AX211/9560][Win11][70%~90%][Titan3.0 14&15_FVT] ]WIFI re-connect time from S4 over spec (spec:<2s)
662433,"COMPAL ELECTRONICS, INC.",LENOVO|NEC,title_brand_mismatch,NA,"COMPAL ELECTRONICS, INC.",2021-11-21 17:47:00,[Titan 3.0 Lenovo-Thinkbook][Compal][Titan 3.0][ADL][AX201/AX211/9560][Win11][70%~90%][Titan3.0 14&15_FVT] ]WIFI re-connect time from S4 over spec (spec:<2s)
661974,ECS,LENOVO,title_brand_mismatch,NA,ELITEGROUP COMPUTER SYSTEMS CO. LTD,2021-11-18 04:23:00,[Lenovo_DT][ECS][ADL-S][CSLP][Legion T7] AX201 wireless network card will show a yellow mark after global reset
661974,ECS,LENOVO,title_brand_mismatch,NA,ELITEGROUP COMPUTER SYSTEMS CO. LTD,2021-11-18 04:23:00,[Lenovo_DT][ECS][ADL-S][CSLP][Legion T7] AX201 wireless network card will show a yellow mark after global reset
661974,ECS,LENOVO,title_brand_mismatch,NA,ELITEGROUP COMPUTER SYSTEMS CO. LTD,2021-11-18 04:23:00,[Lenovo_DT][ECS][ADL-S][CSLP][Legion T7] AX201 wireless network card will show a yellow mark after global reset
661379,"COMPAL ELECTRONICS, INC.",DELL,title_brand_mismatch,NA,"COMPAL ELECTRONICS, INC.",2021-11-16 18:15:00,[Dell][Compal][Horizon_MLK][ADL-P][Performance] ?WebXPRT2015_benchmark?_is_low_than_previous_generation_project.
661379,"COMPAL ELECTRONICS, INC.",DELL,title_brand_mismatch,NA,"COMPAL ELECTRONICS, INC.",2021-11-16 18:15:00,[Dell][Compal][Horizon_MLK][ADL-P][Performance] ?WebXPRT2015_benchmark?_is_low_than_previous_generation_project.
661379,"COMPAL ELECTRONICS, INC.",DELL,title_brand_mismatch,NA,"COMPAL ELECTRONICS, INC.",2021-11-16 18:15:00,[Dell][Compal][Horizon_MLK][ADL-P][Performance] ?WebXPRT2015_benchmark?_is_low_than_previous_generation_project.
661233,"HUAQIN TECHNOLOGY CO., LTD",SAMSUNG,title_brand_mismatch,NA,"Huaqin Technology Co., Ltd",2021-11-16 02:37:00,"[Samsung][Intel-ADL-P][Titan2-M][Win11 R]The units show ""Bluetooth-??(R) ?? Bluetooth(R)"", HWID : USB\VID_8087&PID_0026&REV_0002, Problem during running S4&MS Mix.(FR:3 out of 15 units,3 out of 10693 times)"
661233,"HUAQIN TECHNOLOGY CO., LTD",SAMSUNG,title_brand_mismatch,NA,"Huaqin Technology Co., Ltd",2021-11-16 02:37:00,"[Samsung][Intel-ADL-P][Titan2-M][Win11 R]The units show ""Bluetooth-??(R) ?? Bluetooth(R)"", HWID : USB\VID_8087&PID_0026&REV_0002, Problem during running S4&MS Mix.(FR:3 out of 15 units,3 out of 10693 times)"
661233,"HUAQIN TECHNOLOGY CO., LTD",SAMSUNG,title_brand_mismatch,NA,"Huaqin Technology Co., Ltd",2021-11-16 02:37:00,"[Samsung][Intel-ADL-P][Titan2-M][Win11 R]The units show ""Bluetooth-??(R) ?? Bluetooth(R)"", HWID : USB\VID_8087&PID_0026&REV_0002, Problem during running S4&MS Mix.(FR:3 out of 15 units,3 out of 10693 times)"
661225,"HUAQIN TECHNOLOGY CO., LTD",SAMSUNG,title_brand_mismatch,NA,"Huaqin Technology Co., Ltd",2021-11-16 02:08:00,"[Samsung][Intel-ADL][Titan2-M][Win11 R]The units show ""Bluetooth-??(R) ?? Bluetooth(R)"", HWID : USB\VID_8087&PID_0026&REV_0002, Not found during running WR&HS Mix."
661225,"HUAQIN TECHNOLOGY CO., LTD",SAMSUNG,title_brand_mismatch,NA,"Huaqin Technology Co., Ltd",2021-11-16 02:08:00,"[Samsung][Intel-ADL][Titan2-M][Win11 R]The units show ""Bluetooth-??(R) ?? Bluetooth(R)"", HWID : USB\VID_8087&PID_0026&REV_0002, Not found during running WR&HS Mix."
661225,"HUAQIN TECHNOLOGY CO., LTD",SAMSUNG,title_brand_mismatch,NA,"Huaqin Technology Co., Ltd",2021-11-16 02:08:00,"[Samsung][Intel-ADL][Titan2-M][Win11 R]The units show ""Bluetooth-??(R) ?? Bluetooth(R)"", HWID : USB\VID_8087&PID_0026&REV_0002, Not found during running WR&HS Mix."
661013,"COMPAL ELECTRONICS, INC.",DELL,title_brand_mismatch,"COMPAL ELECTRONICS, INC.","COMPAL ELECTRONICS, INC.",2021-11-15 18:05:00,[Dell_Compal_ADL_Odyssey]Demo video won?t change after adjust video setting in IGCC Video page.
660804,"COMPAL ELECTRONICS, INC.",DELL,title_brand_mismatch,"COMPAL ELECTRONICS, INC.","COMPAL ELECTRONICS, INC.",2021-11-15 01:00:00,[Dell_Compal_ADL_Odyssey]Seamless DRRS no function even with VBT/GFX Driver/LCD supported.
660802,"COMPAL ELECTRONICS, INC.",LENOVO|NEC,title_brand_mismatch,NA,"COMPAL ELECTRONICS, INC.",2021-11-15 00:58:00,[Lenovo-Ideapad][Compal][V350][ADL-P][Win11] AX211 WLAN card Wifi auto disconnect when run Wifi S0i3 w/ 6G network
660802,"COMPAL ELECTRONICS, INC.",LENOVO|NEC,title_brand_mismatch,NA,"COMPAL ELECTRONICS, INC.",2021-11-15 00:58:00,[Lenovo-Ideapad][Compal][V350][ADL-P][Win11] AX211 WLAN card Wifi auto disconnect when run Wifi S0i3 w/ 6G network
660802,"COMPAL ELECTRONICS, INC.",LENOVO|NEC,title_brand_mismatch,NA,"COMPAL ELECTRONICS, INC.",2021-11-15 00:58:00,[Lenovo-Ideapad][Compal][V350][ADL-P][Win11] AX211 WLAN card Wifi auto disconnect when run Wifi S0i3 w/ 6G network
660579,WISTRON CORPORATION,LENOVO,title_brand_mismatch,NA,WISTRON CORPORATION,2021-11-14 18:04:00,[Lenovo][Wistron][ThinkBook 13x Gen 2][ADL][AX201][Win11][33%]FVT2: SUT show BSOD:bugcode ndis driver during S4 stress
660579,WISTRON CORPORATION,LENOVO,title_brand_mismatch,NA,WISTRON CORPORATION,2021-11-14 18:04:00,[Lenovo][Wistron][ThinkBook 13x Gen 2][ADL][AX201][Win11][33%]FVT2: SUT show BSOD:bugcode ndis driver during S4 stress
660579,WISTRON CORPORATION,LENOVO,title_brand_mismatch,NA,WISTRON CORPORATION,2021-11-14 18:04:00,[Lenovo][Wistron][ThinkBook 13x Gen 2][ADL][AX201][Win11][33%]FVT2: SUT show BSOD:bugcode ndis driver during S4 stress
660111,"COMPAL ELECTRONICS, INC.",DELL,title_brand_mismatch,"COMPAL ELECTRONICS, INC.","COMPAL ELECTRONICS, INC.",2021-11-11 01:27:00,[Dell_Compal_Horizon MLK_ADL-P_Win11] Video will hang while full screen playback long testing period (mouse cursor alive)
659667,"HUAQIN TECHNOLOGY CO., LTD",ASUS|NEC,title_brand_mismatch,NA,"Huaqin Technology Co., Ltd",2021-11-09 22:38:00,"[HuaQin][Asus][B3402FEA]Install Intel Bluetooth driver(22.90HF2),the Bluetooth  audio connected status can not show the ?voice,music? string.(FR:100%)"
659667,"HUAQIN TECHNOLOGY CO., LTD",ASUS|NEC,title_brand_mismatch,NA,"Huaqin Technology Co., Ltd",2021-11-09 22:38:00,"[HuaQin][Asus][B3402FEA]Install Intel Bluetooth driver(22.90HF2),the Bluetooth  audio connected status can not show the ?voice,music? string.(FR:100%)"
659667,"HUAQIN TECHNOLOGY CO., LTD",ASUS|NEC,title_brand_mismatch,NA,"Huaqin Technology Co., Ltd",2021-11-09 22:38:00,"[HuaQin][Asus][B3402FEA]Install Intel Bluetooth driver(22.90HF2),the Bluetooth  audio connected status can not show the ?voice,music? string.(FR:100%)"
659583,DYNABOOK INC.,NEC,title_brand_mismatch,NA,Dynabook Inc.,2021-11-09 19:23:00,[Dynabook][Win11] Cannot connect to 6E AP if set SSID as hidden
659583,DYNABOOK INC.,NEC,title_brand_mismatch,NA,Dynabook Inc.,2021-11-09 19:23:00,[Dynabook][Win11] Cannot connect to 6E AP if set SSID as hidden
659583,DYNABOOK INC.,NEC,title_brand_mismatch,NA,Dynabook Inc.,2021-11-09 19:23:00,[Dynabook][Win11] Cannot connect to 6E AP if set SSID as hidden
659435,"COMPAL ELECTRONICS, INC.",DELL,title_brand_mismatch,NA,"COMPAL ELECTRONICS, INC.",2021-11-09 04:41:00,[Dell/Compal][ADLP] WHQL test - Bluetooth - UsbScoDataTransportLayer (Development and Integration) fail
659435,"COMPAL ELECTRONICS, INC.",DELL,title_brand_mismatch,NA,"COMPAL ELECTRONICS, INC.",2021-11-09 04:41:00,[Dell/Compal][ADLP] WHQL test - Bluetooth - UsbScoDataTransportLayer (Development and Integration) fail
659435,"COMPAL ELECTRONICS, INC.",DELL,title_brand_mismatch,NA,"COMPAL ELECTRONICS, INC.",2021-11-09 04:41:00,[Dell/Compal][ADLP] WHQL test - Bluetooth - UsbScoDataTransportLayer (Development and Integration) fail
659431,PEGATRON CORPORATION,ASUS,title_brand_mismatch,NA,Pegatron Corporation,2021-11-09 04:25:00,[ASUS Pegatron][B2402/B2502][ADL-P][AX211] Dynamic SAR no function
659431,PEGATRON CORPORATION,ASUS,title_brand_mismatch,NA,Pegatron Corporation,2021-11-09 04:25:00,[ASUS Pegatron][B2402/B2502][ADL-P][AX211] Dynamic SAR no function
659431,PEGATRON CORPORATION,ASUS,title_brand_mismatch,NA,Pegatron Corporation,2021-11-09 04:25:00,[ASUS Pegatron][B2402/B2502][ADL-P][AX211] Dynamic SAR no function
659037,"HUAQIN TECHNOLOGY CO., LTD",SAMSUNG,title_brand_mismatch,NA,"Huaqin Technology Co., Ltd",2021-11-08 02:23:00,"[Samsung][Titan2-M][PV1]The units show BSOD(0x21) during running OQC(S4).(FR:1 out of 30 units,1 out of 30 times)"
659037,"HUAQIN TECHNOLOGY CO., LTD",SAMSUNG,title_brand_mismatch,NA,"Huaqin Technology Co., Ltd",2021-11-08 02:23:00,"[Samsung][Titan2-M][PV1]The units show BSOD(0x21) during running OQC(S4).(FR:1 out of 30 units,1 out of 30 times)"
659037,"HUAQIN TECHNOLOGY CO., LTD",SAMSUNG,title_brand_mismatch,NA,"Huaqin Technology Co., Ltd",2021-11-08 02:23:00,"[Samsung][Titan2-M][PV1]The units show BSOD(0x21) during running OQC(S4).(FR:1 out of 30 units,1 out of 30 times)"
658995,WISTRON CORPORATION,DELL,title_brand_mismatch,NA,WISTRON CORPORATION,2021-11-08 00:47:00,[Dell][Wistron][ADL-P][StradaleMLK2][HLK] System - Sleep with IO Before and After (Reliability SysFund) found error with AX211
658995,WISTRON CORPORATION,DELL,title_brand_mismatch,NA,WISTRON CORPORATION,2021-11-08 00:47:00,[Dell][Wistron][ADL-P][StradaleMLK2][HLK] System - Sleep with IO Before and After (Reliability SysFund) found error with AX211
658995,WISTRON CORPORATION,DELL,title_brand_mismatch,NA,WISTRON CORPORATION,2021-11-08 00:47:00,[Dell][Wistron][ADL-P][StradaleMLK2][HLK] System - Sleep with IO Before and After (Reliability SysFund) found error with AX211
658576,"COMPAL ELECTRONICS, INC.",DELL,title_brand_mismatch,NA,"COMPAL ELECTRONICS, INC.",2021-11-04 23:56:00,"[Dell/Compal][ADL-P] Excute ""Remotecontrol.exe -getpower"" will show error message"
658576,"COMPAL ELECTRONICS, INC.",DELL,title_brand_mismatch,NA,"COMPAL ELECTRONICS, INC.",2021-11-04 23:56:00,"[Dell/Compal][ADL-P] Excute ""Remotecontrol.exe -getpower"" will show error message"
658576,"COMPAL ELECTRONICS, INC.",DELL,title_brand_mismatch,NA,"COMPAL ELECTRONICS, INC.",2021-11-04 23:56:00,"[Dell/Compal][ADL-P] Excute ""Remotecontrol.exe -getpower"" will show error message"
658535,SAMSUNG,NEC,title_brand_mismatch,NA,"SAMSUNG ELECTRONICS CO., LTD.",2021-11-04 22:37:00,[Ttian2-15L] [ADL-P] [Bluetooth] [JFP1 and HrP2] Bluetooth can?t be connected successfully during BT OTA test.
658535,SAMSUNG,NEC,title_brand_mismatch,NA,"SAMSUNG ELECTRONICS CO., LTD.",2021-11-04 22:37:00,[Ttian2-15L] [ADL-P] [Bluetooth] [JFP1 and HrP2] Bluetooth can?t be connected successfully during BT OTA test.
658535,SAMSUNG,NEC,title_brand_mismatch,NA,"SAMSUNG ELECTRONICS CO., LTD.",2021-11-04 22:37:00,[Ttian2-15L] [ADL-P] [Bluetooth] [JFP1 and HrP2] Bluetooth can?t be connected successfully during BT OTA test.
658445,MSI,NEC,title_brand_mismatch,"MICRO-STAR INTERNATIONAL CO., LTD.","MICRO-STAR INTERNATIONAL CO., LTD.",2021-11-04 19:42:00,"[MS-1584/17L4/15B1] Connect with HDMI, The Screen will automatically cut to the previous mode from PC Screen Only"
658145,"COMPAL ELECTRONICS, INC.",DELL,title_brand_mismatch,NA,"COMPAL ELECTRONICS, INC.",2021-11-03 23:51:00,[Dell][Compal][Odyssey] PIMS-100810- [ODS14_DVT1]SupportSOS can't detect network adapter
658145,"COMPAL ELECTRONICS, INC.",DELL,title_brand_mismatch,NA,"COMPAL ELECTRONICS, INC.",2021-11-03 23:51:00,[Dell][Compal][Odyssey] PIMS-100810- [ODS14_DVT1]SupportSOS can't detect network adapter
658145,"COMPAL ELECTRONICS, INC.",DELL,title_brand_mismatch,NA,"COMPAL ELECTRONICS, INC.",2021-11-03 23:51:00,[Dell][Compal][Odyssey] PIMS-100810- [ODS14_DVT1]SupportSOS can't detect network adapter
658071,"COMPAL ELECTRONICS, INC.",DELL,title_brand_mismatch,"COMPAL ELECTRONICS, INC.","COMPAL ELECTRONICS, INC.",2021-11-03 22:23:00,[Dell_Montreux MLK_ADL-P] QS Modren Standby hang black screen
657517,"COMPAL ELECTRONICS, INC.",ACER,title_brand_mismatch,NA,"COMPAL ELECTRONICS, INC.",2021-11-02 03:33:00,[Acer_Compal][Jimny_ADH] [ADL-P][Killer AX 1650i]HLK test Fail item_Bluetooth - LEExtendedAdvertising (Development and Integration)
657517,"COMPAL ELECTRONICS, INC.",ACER,title_brand_mismatch,NA,"COMPAL ELECTRONICS, INC.",2021-11-02 03:33:00,[Acer_Compal][Jimny_ADH] [ADL-P][Killer AX 1650i]HLK test Fail item_Bluetooth - LEExtendedAdvertising (Development and Integration)
657517,"COMPAL ELECTRONICS, INC.",ACER,title_brand_mismatch,NA,"COMPAL ELECTRONICS, INC.",2021-11-02 03:33:00,[Acer_Compal][Jimny_ADH] [ADL-P][Killer AX 1650i]HLK test Fail item_Bluetooth - LEExtendedAdvertising (Development and Integration)
657295,"HUAQIN TECHNOLOGY CO., LTD",NEC|XIAOMI,title_brand_mismatch,NA,"Huaqin Technology Co., Ltd",2021-11-01 19:04:00,[XiaoMi][Huaqin][A54A55][ADL-P][Win11] 5G hotspot can not enable when UUT connect AP with lower channels(36/48/...)(Failrate:100%)
657295,"HUAQIN TECHNOLOGY CO., LTD",NEC|XIAOMI,title_brand_mismatch,NA,"Huaqin Technology Co., Ltd",2021-11-01 19:04:00,[XiaoMi][Huaqin][A54A55][ADL-P][Win11] 5G hotspot can not enable when UUT connect AP with lower channels(36/48/...)(Failrate:100%)
657295,"HUAQIN TECHNOLOGY CO., LTD",NEC|XIAOMI,title_brand_mismatch,NA,"Huaqin Technology Co., Ltd",2021-11-01 19:04:00,[XiaoMi][Huaqin][A54A55][ADL-P][Win11] 5G hotspot can not enable when UUT connect AP with lower channels(36/48/...)(Failrate:100%)
657182,"SHENZHEN BITLAND INFORMATION TECHNOLOGYCO., LTD.",NEC|XIAOMI,title_brand_mismatch,NA,"SHENZHEN BITLAND INFORMATION TECHNOLOGYCO., LTD.",2021-11-01 04:02:00,"[XIAOMI][Bitland][A7R][Tiger Lake-H][21H1][2/2units]When the unit is used normally, the wireless network will be disconnected and cannot be used."
657182,"SHENZHEN BITLAND INFORMATION TECHNOLOGYCO., LTD.",NEC|XIAOMI,title_brand_mismatch,NA,"SHENZHEN BITLAND INFORMATION TECHNOLOGYCO., LTD.",2021-11-01 04:02:00,"[XIAOMI][Bitland][A7R][Tiger Lake-H][21H1][2/2units]When the unit is used normally, the wireless network will be disconnected and cannot be used."
657182,"SHENZHEN BITLAND INFORMATION TECHNOLOGYCO., LTD.",NEC|XIAOMI,title_brand_mismatch,NA,"SHENZHEN BITLAND INFORMATION TECHNOLOGYCO., LTD.",2021-11-01 04:02:00,"[XIAOMI][Bitland][A7R][Tiger Lake-H][21H1][2/2units]When the unit is used normally, the wireless network will be disconnected and cannot be used."
657175,WISTRON CORPORATION,DELL,title_brand_mismatch,WISTRON CORPORATION,WISTRON CORPORATION,2021-11-01 03:41:00,[DELL][Wistron] [ADL-P] [Antman/Odin] [DVT2] P28 QS CPU Modern standby fail and HW drips 0%
656565,"HUAQIN TECHNOLOGY CO., LTD",ASUS,title_brand_mismatch,NA,"Huaqin Technology Co., Ltd",2021-10-28 23:56:00,[UX3402][ASUS][HUAQIN][Alder Lake-p][ER][SKU4]The SAR power does not change with the ANT TOOL when switching COUNTRY
656565,"HUAQIN TECHNOLOGY CO., LTD",ASUS,title_brand_mismatch,NA,"Huaqin Technology Co., Ltd",2021-10-28 23:56:00,[UX3402][ASUS][HUAQIN][Alder Lake-p][ER][SKU4]The SAR power does not change with the ANT TOOL when switching COUNTRY
656565,"HUAQIN TECHNOLOGY CO., LTD",ASUS,title_brand_mismatch,NA,"Huaqin Technology Co., Ltd",2021-10-28 23:56:00,[UX3402][ASUS][HUAQIN][Alder Lake-p][ER][SKU4]The SAR power does not change with the ANT TOOL when switching COUNTRY
656329,"COMPAL ELECTRONICS, INC.",DELL,title_brand_mismatch,NA,"COMPAL ELECTRONICS, INC.",2021-10-28 19:08:00,[Dell/Compal][ADLP] AX211 Miracast frame lag
656329,"COMPAL ELECTRONICS, INC.",DELL,title_brand_mismatch,NA,"COMPAL ELECTRONICS, INC.",2021-10-28 19:08:00,[Dell/Compal][ADLP] AX211 Miracast frame lag
656329,"COMPAL ELECTRONICS, INC.",DELL,title_brand_mismatch,NA,"COMPAL ELECTRONICS, INC.",2021-10-28 19:08:00,[Dell/Compal][ADLP] AX211 Miracast frame lag
656209,INVENTEC CORPORATION,ASUS,title_brand_mismatch,NA,INVENTEC CORPORATION,2021-10-28 06:08:00,[ASUS][Strix 2022]System can not wake up by remote desktop after into modern standby more than 5 min at DC mode.
656209,INVENTEC CORPORATION,ASUS,title_brand_mismatch,NA,INVENTEC CORPORATION,2021-10-28 06:08:00,[ASUS][Strix 2022]System can not wake up by remote desktop after into modern standby more than 5 min at DC mode.
656209,INVENTEC CORPORATION,ASUS,title_brand_mismatch,NA,INVENTEC CORPORATION,2021-10-28 06:08:00,[ASUS][Strix 2022]System can not wake up by remote desktop after into modern standby more than 5 min at DC mode.
655971,PEGATRON CORPORATION,DELL,title_brand_mismatch,NA,Pegatron Corporation,2021-10-27 23:08:00,"[Dell/Pegatron][ADL-S][D12-AIO][Pompeii/Nazca] Win11 SUT hang on black screen during S4 stress, no caterr error, debug code:0004."
655971,PEGATRON CORPORATION,DELL,title_brand_mismatch,NA,Pegatron Corporation,2021-10-27 23:08:00,"[Dell/Pegatron][ADL-S][D12-AIO][Pompeii/Nazca] Win11 SUT hang on black screen during S4 stress, no caterr error, debug code:0004."
655971,PEGATRON CORPORATION,DELL,title_brand_mismatch,NA,Pegatron Corporation,2021-10-27 23:08:00,"[Dell/Pegatron][ADL-S][D12-AIO][Pompeii/Nazca] Win11 SUT hang on black screen during S4 stress, no caterr error, debug code:0004."
655164,"COMPAL ELECTRONICS, INC.",DELL,title_brand_mismatch,NA,"COMPAL ELECTRONICS, INC.",2021-10-25 23:29:00,[Dell/Compal][ADLP] AX211 Install WLAN driver installer grammar mistakes.
655164,"COMPAL ELECTRONICS, INC.",DELL,title_brand_mismatch,NA,"COMPAL ELECTRONICS, INC.",2021-10-25 23:29:00,[Dell/Compal][ADLP] AX211 Install WLAN driver installer grammar mistakes.
655164,"COMPAL ELECTRONICS, INC.",DELL,title_brand_mismatch,NA,"COMPAL ELECTRONICS, INC.",2021-10-25 23:29:00,[Dell/Compal][ADLP] AX211 Install WLAN driver installer grammar mistakes.
655051,"COMPAL ELECTRONICS, INC.",DELL,title_brand_mismatch,NA,"COMPAL ELECTRONICS, INC.",2021-10-25 18:56:00,[WW42-43WS][Dell_Compal_ADL_Odyssey] SUT occur BSOD_DRIVER_IRQL_NOT_LESS_OR_EQUAL(0xd1) during MS/WB test.
655051,"COMPAL ELECTRONICS, INC.",DELL,title_brand_mismatch,NA,"COMPAL ELECTRONICS, INC.",2021-10-25 18:56:00,[WW42-43WS][Dell_Compal_ADL_Odyssey] SUT occur BSOD_DRIVER_IRQL_NOT_LESS_OR_EQUAL(0xd1) during MS/WB test.
655051,"COMPAL ELECTRONICS, INC.",DELL,title_brand_mismatch,NA,"COMPAL ELECTRONICS, INC.",2021-10-25 18:56:00,[WW42-43WS][Dell_Compal_ADL_Odyssey] SUT occur BSOD_DRIVER_IRQL_NOT_LESS_OR_EQUAL(0xd1) during MS/WB test.
654250,"SHENZHEN BITLAND INFORMATION TECHNOLOGYCO., LTD.",LENOVO,title_brand_mismatch,NA,"SHENZHEN BITLAND INFORMATION TECHNOLOGYCO., LTD.",2021-10-21 19:13:00,[Lenovo][bitland][Flex3-11IGL05][Intel®  Wireless-AC 9462][ Intel 9560 2x2ac][21H2][100% F/R 7/7] WHLK test BT driver failer
654250,"SHENZHEN BITLAND INFORMATION TECHNOLOGYCO., LTD.",LENOVO,title_brand_mismatch,NA,"SHENZHEN BITLAND INFORMATION TECHNOLOGYCO., LTD.",2021-10-21 19:13:00,[Lenovo][bitland][Flex3-11IGL05][Intel®  Wireless-AC 9462][ Intel 9560 2x2ac][21H2][100% F/R 7/7] WHLK test BT driver failer
654250,"SHENZHEN BITLAND INFORMATION TECHNOLOGYCO., LTD.",LENOVO,title_brand_mismatch,NA,"SHENZHEN BITLAND INFORMATION TECHNOLOGYCO., LTD.",2021-10-21 19:13:00,[Lenovo][bitland][Flex3-11IGL05][Intel®  Wireless-AC 9462][ Intel 9560 2x2ac][21H2][100% F/R 7/7] WHLK test BT driver failer
654081,PEGATRON CORPORATION,DELL,title_brand_mismatch,NA,Pegatron Corporation,2021-10-21 02:53:00,[Dell][CY22 AIO][ADL-S]Intel BT - The AX211 use BT driver 22.80.1.1 to run WHQL Checklogo test wil fail on Win10..
654081,PEGATRON CORPORATION,DELL,title_brand_mismatch,NA,Pegatron Corporation,2021-10-21 02:53:00,[Dell][CY22 AIO][ADL-S]Intel BT - The AX211 use BT driver 22.80.1.1 to run WHQL Checklogo test wil fail on Win10..
654081,PEGATRON CORPORATION,DELL,title_brand_mismatch,NA,Pegatron Corporation,2021-10-21 02:53:00,[Dell][CY22 AIO][ADL-S]Intel BT - The AX211 use BT driver 22.80.1.1 to run WHQL Checklogo test wil fail on Win10..
653946,WISTRON CORPORATION,LENOVO,title_brand_mismatch,NA,WISTRON CORPORATION,2021-10-20 23:33:00,[Lenovo-ThinkBook][Wistron][13S][ADL-P][AX201][Window11][100%]CNVI is still active under IDLE
653946,WISTRON CORPORATION,LENOVO,title_brand_mismatch,NA,WISTRON CORPORATION,2021-10-20 23:33:00,[Lenovo-ThinkBook][Wistron][13S][ADL-P][AX201][Window11][100%]CNVI is still active under IDLE
653946,WISTRON CORPORATION,LENOVO,title_brand_mismatch,NA,WISTRON CORPORATION,2021-10-20 23:33:00,[Lenovo-ThinkBook][Wistron][13S][ADL-P][AX201][Window11][100%]CNVI is still active under IDLE
653745,"COMPAL ELECTRONICS, INC.",DELL|NEC,title_brand_mismatch,NA,"COMPAL ELECTRONICS, INC.",2021-10-20 07:05:00,[Dell/Compal][ADLP] AX211 Miracast cannot connect successful
653745,"COMPAL ELECTRONICS, INC.",DELL|NEC,title_brand_mismatch,NA,"COMPAL ELECTRONICS, INC.",2021-10-20 07:05:00,[Dell/Compal][ADLP] AX211 Miracast cannot connect successful
653745,"COMPAL ELECTRONICS, INC.",DELL|NEC,title_brand_mismatch,NA,"COMPAL ELECTRONICS, INC.",2021-10-20 07:05:00,[Dell/Compal][ADLP] AX211 Miracast cannot connect successful
653733,"COMPAL ELECTRONICS, INC.",DELL,title_brand_mismatch,NA,"COMPAL ELECTRONICS, INC.",2021-10-20 06:07:00,[Dell/Compal][ADLP] AX211 Video and audio not sync when switch audio source
653733,"COMPAL ELECTRONICS, INC.",DELL,title_brand_mismatch,NA,"COMPAL ELECTRONICS, INC.",2021-10-20 06:07:00,[Dell/Compal][ADLP] AX211 Video and audio not sync when switch audio source
653733,"COMPAL ELECTRONICS, INC.",DELL,title_brand_mismatch,NA,"COMPAL ELECTRONICS, INC.",2021-10-20 06:07:00,[Dell/Compal][ADLP] AX211 Video and audio not sync when switch audio source
653535,"COMPAL ELECTRONICS, INC.",DELL,title_brand_mismatch,NA,"COMPAL ELECTRONICS, INC.",2021-10-19 21:58:00,[WW42-43WS][Dell][Compal][Odyssey] PIMS-95592- The 'Handphones' list in Manage audio devices will disappear for a while after paired with BT headset
653535,"COMPAL ELECTRONICS, INC.",DELL,title_brand_mismatch,NA,"COMPAL ELECTRONICS, INC.",2021-10-19 21:58:00,[WW42-43WS][Dell][Compal][Odyssey] PIMS-95592- The 'Handphones' list in Manage audio devices will disappear for a while after paired with BT headset
653535,"COMPAL ELECTRONICS, INC.",DELL,title_brand_mismatch,NA,"COMPAL ELECTRONICS, INC.",2021-10-19 21:58:00,[WW42-43WS][Dell][Compal][Odyssey] PIMS-95592- The 'Handphones' list in Manage audio devices will disappear for a while after paired with BT headset
653291,WISTRON CORPORATION,DELL,title_brand_mismatch,NA,WISTRON CORPORATION,2021-10-19 03:12:00,[Dell][Wistron][Odin] Bluetooth - UsbScoDataTransportLayer (Development and Integration) fail
653291,WISTRON CORPORATION,DELL,title_brand_mismatch,NA,WISTRON CORPORATION,2021-10-19 03:12:00,[Dell][Wistron][Odin] Bluetooth - UsbScoDataTransportLayer (Development and Integration) fail
653291,WISTRON CORPORATION,DELL,title_brand_mismatch,NA,WISTRON CORPORATION,2021-10-19 03:12:00,[Dell][Wistron][Odin] Bluetooth - UsbScoDataTransportLayer (Development and Integration) fail
652868,WISTRON CORPORATION,DELL,title_brand_mismatch,NA,WISTRON CORPORATION,2021-10-18 02:20:00,[Dell][Wistron][Odin] HLK test item- Bluetooth-LEExtendedAdvertising fail with AX201 and AX211
652868,WISTRON CORPORATION,DELL,title_brand_mismatch,NA,WISTRON CORPORATION,2021-10-18 02:20:00,[Dell][Wistron][Odin] HLK test item- Bluetooth-LEExtendedAdvertising fail with AX201 and AX211
652868,WISTRON CORPORATION,DELL,title_brand_mismatch,NA,WISTRON CORPORATION,2021-10-18 02:20:00,[Dell][Wistron][Odin] HLK test item- Bluetooth-LEExtendedAdvertising fail with AX201 and AX211
652793,"COMPAL ELECTRONICS, INC.",LENOVO,title_brand_mismatch,NA,"COMPAL ELECTRONICS, INC.",2021-10-18 00:07:00,[Lenovo_AIO][Compal][A370_22/24/27IAP] [Alder Lake-P][Intel 9560/AX201][W10/Win11]Units Bluetooth device show yellow bang in the device manager when running CB/WB 250 stress.
652793,"COMPAL ELECTRONICS, INC.",LENOVO,title_brand_mismatch,NA,"COMPAL ELECTRONICS, INC.",2021-10-18 00:07:00,[Lenovo_AIO][Compal][A370_22/24/27IAP] [Alder Lake-P][Intel 9560/AX201][W10/Win11]Units Bluetooth device show yellow bang in the device manager when running CB/WB 250 stress.
652793,"COMPAL ELECTRONICS, INC.",LENOVO,title_brand_mismatch,NA,"COMPAL ELECTRONICS, INC.",2021-10-18 00:07:00,[Lenovo_AIO][Compal][A370_22/24/27IAP] [Alder Lake-P][Intel 9560/AX201][W10/Win11]Units Bluetooth device show yellow bang in the device manager when running CB/WB 250 stress.
652713,PEGATRON CORPORATION,DELL,title_brand_mismatch,NA,Pegatron Corporation,2021-10-17 20:19:00,[Dell/Pegatron][ADL-S][D12-AIO POMPEII & Nazca] Win11 SUT can't be woken up from MS via Wake On WLAN with AX201/AX211.
652713,PEGATRON CORPORATION,DELL,title_brand_mismatch,NA,Pegatron Corporation,2021-10-17 20:19:00,[Dell/Pegatron][ADL-S][D12-AIO POMPEII & Nazca] Win11 SUT can't be woken up from MS via Wake On WLAN with AX201/AX211.
652713,PEGATRON CORPORATION,DELL,title_brand_mismatch,NA,Pegatron Corporation,2021-10-17 20:19:00,[Dell/Pegatron][ADL-S][D12-AIO POMPEII & Nazca] Win11 SUT can't be woken up from MS via Wake On WLAN with AX201/AX211.
652692,"COMPAL ELECTRONICS, INC.",DELL|NEC,title_brand_mismatch,NA,"COMPAL ELECTRONICS, INC.",2021-10-17 19:36:00,[Dell_Compal_Horizon MLK_ADL-P_Oct2021] Sound cannot output via BT headset after BT connected and sometimes sound will be auto switched between SUT and BT headset.
652692,"COMPAL ELECTRONICS, INC.",DELL|NEC,title_brand_mismatch,NA,"COMPAL ELECTRONICS, INC.",2021-10-17 19:36:00,[Dell_Compal_Horizon MLK_ADL-P_Oct2021] Sound cannot output via BT headset after BT connected and sometimes sound will be auto switched between SUT and BT headset.
652692,"COMPAL ELECTRONICS, INC.",DELL|NEC,title_brand_mismatch,NA,"COMPAL ELECTRONICS, INC.",2021-10-17 19:36:00,[Dell_Compal_Horizon MLK_ADL-P_Oct2021] Sound cannot output via BT headset after BT connected and sometimes sound will be auto switched between SUT and BT headset.
652518,"COMPAL ELECTRONICS, INC.",DELL|NEC,title_brand_mismatch,NA,"COMPAL ELECTRONICS, INC.",2021-10-15 03:25:00,[WW42-43WS][Dell][Compal][Odyssey] PIMS-96274 SUT can not connect to external monitor via Miracast at first time
652518,"COMPAL ELECTRONICS, INC.",DELL|NEC,title_brand_mismatch,NA,"COMPAL ELECTRONICS, INC.",2021-10-15 03:25:00,[WW42-43WS][Dell][Compal][Odyssey] PIMS-96274 SUT can not connect to external monitor via Miracast at first time
652518,"COMPAL ELECTRONICS, INC.",DELL|NEC,title_brand_mismatch,NA,"COMPAL ELECTRONICS, INC.",2021-10-15 03:25:00,[WW42-43WS][Dell][Compal][Odyssey] PIMS-96274 SUT can not connect to external monitor via Miracast at first time
652498,"COMPAL ELECTRONICS, INC.",LENOVO,title_brand_mismatch,NA,"COMPAL ELECTRONICS, INC.",2021-10-15 02:50:00,[Lenovo-IdeaPad] [Compal][S560Pro-14ACN][AMD Cezanne][AX200][20H2 & Win11] AX200 Module Device lost when cold Boot.(F/R: 2/2)
652498,"COMPAL ELECTRONICS, INC.",LENOVO,title_brand_mismatch,NA,"COMPAL ELECTRONICS, INC.",2021-10-15 02:50:00,[Lenovo-IdeaPad] [Compal][S560Pro-14ACN][AMD Cezanne][AX200][20H2 & Win11] AX200 Module Device lost when cold Boot.(F/R: 2/2)
652498,"COMPAL ELECTRONICS, INC.",LENOVO,title_brand_mismatch,NA,"COMPAL ELECTRONICS, INC.",2021-10-15 02:50:00,[Lenovo-IdeaPad] [Compal][S560Pro-14ACN][AMD Cezanne][AX200][20H2 & Win11] AX200 Module Device lost when cold Boot.(F/R: 2/2)
652128,"HUAQIN TECHNOLOGY CO., LTD",HONOR,title_brand_mismatch,NA,"Huaqin Technology Co., Ltd",2021-10-14 03:12:00,"[HONOR][HUAQIN][HiggsE][Intel TGL][Intel AX201][21H2][BT] The game background music from PC speaker out put, But the in-game character sounds come from Bluetooth."
652128,"HUAQIN TECHNOLOGY CO., LTD",HONOR,title_brand_mismatch,NA,"Huaqin Technology Co., Ltd",2021-10-14 03:12:00,"[HONOR][HUAQIN][HiggsE][Intel TGL][Intel AX201][21H2][BT] The game background music from PC speaker out put, But the in-game character sounds come from Bluetooth."
652128,"HUAQIN TECHNOLOGY CO., LTD",HONOR,title_brand_mismatch,NA,"Huaqin Technology Co., Ltd",2021-10-14 03:12:00,"[HONOR][HUAQIN][HiggsE][Intel TGL][Intel AX201][21H2][BT] The game background music from PC speaker out put, But the in-game character sounds come from Bluetooth."
651998,WISTRON CORPORATION,LENOVO|NEC,title_brand_mismatch,NA,WISTRON CORPORATION,2021-10-13 23:40:00,"[Lenovo][Wistron][ThinkBook 13x Gen 2][ADL][AX201][Win11][100%]Display mode not ""Duplicate"" mode after disconnect and then reconnect miracast/PC under ""Duplicate"" mode"
651998,WISTRON CORPORATION,LENOVO|NEC,title_brand_mismatch,NA,WISTRON CORPORATION,2021-10-13 23:40:00,"[Lenovo][Wistron][ThinkBook 13x Gen 2][ADL][AX201][Win11][100%]Display mode not ""Duplicate"" mode after disconnect and then reconnect miracast/PC under ""Duplicate"" mode"
651998,WISTRON CORPORATION,LENOVO|NEC,title_brand_mismatch,NA,WISTRON CORPORATION,2021-10-13 23:40:00,"[Lenovo][Wistron][ThinkBook 13x Gen 2][ADL][AX201][Win11][100%]Display mode not ""Duplicate"" mode after disconnect and then reconnect miracast/PC under ""Duplicate"" mode"
651712,WISTRON CORPORATION,DELL|NEC,title_brand_mismatch,NA,WISTRON CORPORATION,2021-10-13 02:19:00,"[Dell Cheetah MLK][WLAN 9462] After connecting to Dell BT KB/MS, the device frequently and continuously drops/re-pairs."
651712,WISTRON CORPORATION,DELL|NEC,title_brand_mismatch,NA,WISTRON CORPORATION,2021-10-13 02:19:00,"[Dell Cheetah MLK][WLAN 9462] After connecting to Dell BT KB/MS, the device frequently and continuously drops/re-pairs."
651712,WISTRON CORPORATION,DELL|NEC,title_brand_mismatch,NA,WISTRON CORPORATION,2021-10-13 02:19:00,"[Dell Cheetah MLK][WLAN 9462] After connecting to Dell BT KB/MS, the device frequently and continuously drops/re-pairs."
651414,"COMPAL ELECTRONICS, INC.",DELL,title_brand_mismatch,NA,"COMPAL ELECTRONICS, INC.",2021-10-12 05:28:00,[Dell/Compal][ADLP] AX211 Miracast frame drop and lag
651414,"COMPAL ELECTRONICS, INC.",DELL,title_brand_mismatch,NA,"COMPAL ELECTRONICS, INC.",2021-10-12 05:28:00,[Dell/Compal][ADLP] AX211 Miracast frame drop and lag
651414,"COMPAL ELECTRONICS, INC.",DELL,title_brand_mismatch,NA,"COMPAL ELECTRONICS, INC.",2021-10-12 05:28:00,[Dell/Compal][ADLP] AX211 Miracast frame drop and lag
650899,"HUAQIN TECHNOLOGY CO., LTD",HONOR|NEC,title_brand_mismatch,NA,"Huaqin Technology Co., Ltd",2021-10-09 01:58:00,[Honor][Higgs][Intel TGL][Intel AX201][BT][Win11]BT mouse and BT headset auto changed to pair status during connected BT mouse and BT headset with BT module
650899,"HUAQIN TECHNOLOGY CO., LTD",HONOR|NEC,title_brand_mismatch,NA,"Huaqin Technology Co., Ltd",2021-10-09 01:58:00,[Honor][Higgs][Intel TGL][Intel AX201][BT][Win11]BT mouse and BT headset auto changed to pair status during connected BT mouse and BT headset with BT module
650899,"HUAQIN TECHNOLOGY CO., LTD",HONOR|NEC,title_brand_mismatch,NA,"Huaqin Technology Co., Ltd",2021-10-09 01:58:00,[Honor][Higgs][Intel TGL][Intel AX201][BT][Win11]BT mouse and BT headset auto changed to pair status during connected BT mouse and BT headset with BT module
650091,INVENTEC CORPORATION,ASUS,title_brand_mismatch,NA,INVENTEC CORPORATION,2021-10-06 00:23:00,[ASUS][Strix 2022]System can not wake on WLAN from modern standby by Magic Packet
650091,INVENTEC CORPORATION,ASUS,title_brand_mismatch,NA,INVENTEC CORPORATION,2021-10-06 00:23:00,[ASUS][Strix 2022]System can not wake on WLAN from modern standby by Magic Packet
650091,INVENTEC CORPORATION,ASUS,title_brand_mismatch,NA,INVENTEC CORPORATION,2021-10-06 00:23:00,[ASUS][Strix 2022]System can not wake on WLAN from modern standby by Magic Packet
650070,"COMPAL ELECTRONICS, INC.",DELL,title_brand_mismatch,NA,"COMPAL ELECTRONICS, INC.",2021-10-05 23:24:00,[Dell][Compal][Odyssey]  Killer WiFi 1690i cannot find WiFi 6E 6G band
650070,"COMPAL ELECTRONICS, INC.",DELL,title_brand_mismatch,NA,"COMPAL ELECTRONICS, INC.",2021-10-05 23:24:00,[Dell][Compal][Odyssey]  Killer WiFi 1690i cannot find WiFi 6E 6G band
650070,"COMPAL ELECTRONICS, INC.",DELL,title_brand_mismatch,NA,"COMPAL ELECTRONICS, INC.",2021-10-05 23:24:00,[Dell][Compal][Odyssey]  Killer WiFi 1690i cannot find WiFi 6E 6G band
650040,WISTRON CORPORATION,DELL,title_brand_mismatch,NA,WISTRON CORPORATION,2021-10-05 21:30:00,[Dell][Wistron][Stradale ADL][SDCA0.6] BT headset play video/audio will be interrupted.
650040,WISTRON CORPORATION,DELL,title_brand_mismatch,NA,WISTRON CORPORATION,2021-10-05 21:30:00,[Dell][Wistron][Stradale ADL][SDCA0.6] BT headset play video/audio will be interrupted.
650040,WISTRON CORPORATION,DELL,title_brand_mismatch,NA,WISTRON CORPORATION,2021-10-05 21:30:00,[Dell][Wistron][Stradale ADL][SDCA0.6] BT headset play video/audio will be interrupted.
649405,QUANTA COMPUTER INC.,ASUS|NEC,title_brand_mismatch,NA,QUANTA COMPUTER INC.,2021-09-30 23:18:00,[ASUS Gaming Quanta][FX507_FX517][AX201.NGWG.NVW 999TD0] Sound will distortion or output from internal speaker after system resume from S4/Reboot with specific BT headphone connected
649405,QUANTA COMPUTER INC.,ASUS|NEC,title_brand_mismatch,NA,QUANTA COMPUTER INC.,2021-09-30 23:18:00,[ASUS Gaming Quanta][FX507_FX517][AX201.NGWG.NVW 999TD0] Sound will distortion or output from internal speaker after system resume from S4/Reboot with specific BT headphone connected
649405,QUANTA COMPUTER INC.,ASUS|NEC,title_brand_mismatch,NA,QUANTA COMPUTER INC.,2021-09-30 23:18:00,[ASUS Gaming Quanta][FX507_FX517][AX201.NGWG.NVW 999TD0] Sound will distortion or output from internal speaker after system resume from S4/Reboot with specific BT headphone connected
649157,"COMPAL ELECTRONICS, INC.",DELL,title_brand_mismatch,NA,"COMPAL ELECTRONICS, INC.",2021-09-30 01:19:00,[Dell][Compal][Odyssey] Stress_MS_BSOD_KERNEL_SECURITY_CHECK_FAILURE
649157,"COMPAL ELECTRONICS, INC.",DELL,title_brand_mismatch,NA,"COMPAL ELECTRONICS, INC.",2021-09-30 01:19:00,[Dell][Compal][Odyssey] Stress_MS_BSOD_KERNEL_SECURITY_CHECK_FAILURE
649157,"COMPAL ELECTRONICS, INC.",DELL,title_brand_mismatch,NA,"COMPAL ELECTRONICS, INC.",2021-09-30 01:19:00,[Dell][Compal][Odyssey] Stress_MS_BSOD_KERNEL_SECURITY_CHECK_FAILURE
649018,"HUAQIN TECHNOLOGY CO., LTD",HONOR|NEC,title_brand_mismatch,NA,"Huaqin Technology Co., Ltd",2021-09-29 19:39:00,[HONOR][HUAQIN][HiggsE][Intel TGL][Intel AX201][W11][BT] The bluetooth mosue cannot auto to connect it when state change to paired.
649018,"HUAQIN TECHNOLOGY CO., LTD",HONOR|NEC,title_brand_mismatch,NA,"Huaqin Technology Co., Ltd",2021-09-29 19:39:00,[HONOR][HUAQIN][HiggsE][Intel TGL][Intel AX201][W11][BT] The bluetooth mosue cannot auto to connect it when state change to paired.
649018,"HUAQIN TECHNOLOGY CO., LTD",HONOR|NEC,title_brand_mismatch,NA,"Huaqin Technology Co., Ltd",2021-09-29 19:39:00,[HONOR][HUAQIN][HiggsE][Intel TGL][Intel AX201][W11][BT] The bluetooth mosue cannot auto to connect it when state change to paired.
648828,"COMPAL ELECTRONICS, INC.",DELL,title_brand_mismatch,NA,"COMPAL ELECTRONICS, INC.",2021-09-29 01:57:00,[Dell][Compal][Odyssey] Stress_S4_BSOD_IRQL_NOT_LESS_OR_EQUAL(with dump)
648828,"COMPAL ELECTRONICS, INC.",DELL,title_brand_mismatch,NA,"COMPAL ELECTRONICS, INC.",2021-09-29 01:57:00,[Dell][Compal][Odyssey] Stress_S4_BSOD_IRQL_NOT_LESS_OR_EQUAL(with dump)
648828,"COMPAL ELECTRONICS, INC.",DELL,title_brand_mismatch,NA,"COMPAL ELECTRONICS, INC.",2021-09-29 01:57:00,[Dell][Compal][Odyssey] Stress_S4_BSOD_IRQL_NOT_LESS_OR_EQUAL(with dump)
648740,"HUAQIN TECHNOLOGY CO., LTD",HONOR|XIAOMI,title_brand_mismatch,NA,"Huaqin Technology Co., Ltd",2021-09-28 23:26:00,[HONOR][HUAQIN][HiggsE][Intel TGL][Intel AX201][W11][BT] Xiaomi Speaker the volume will change to 0 after turn off power and the turn on power.
648740,"HUAQIN TECHNOLOGY CO., LTD",HONOR|XIAOMI,title_brand_mismatch,NA,"Huaqin Technology Co., Ltd",2021-09-28 23:26:00,[HONOR][HUAQIN][HiggsE][Intel TGL][Intel AX201][W11][BT] Xiaomi Speaker the volume will change to 0 after turn off power and the turn on power.
648740,"HUAQIN TECHNOLOGY CO., LTD",HONOR|XIAOMI,title_brand_mismatch,NA,"Huaqin Technology Co., Ltd",2021-09-28 23:26:00,[HONOR][HUAQIN][HiggsE][Intel TGL][Intel AX201][W11][BT] Xiaomi Speaker the volume will change to 0 after turn off power and the turn on power.
648666,WISTRON CORPORATION,DELL|NEC,title_brand_mismatch,NA,WISTRON CORPORATION,2021-09-28 19:58:00,[DELL/Cyborg-H]SUT connected BT mouse and keyboard signal is unstable on Inter(R) Wireless-AC 9560 160MHz(FR:3/3 Units)
648666,WISTRON CORPORATION,DELL|NEC,title_brand_mismatch,NA,WISTRON CORPORATION,2021-09-28 19:58:00,[DELL/Cyborg-H]SUT connected BT mouse and keyboard signal is unstable on Inter(R) Wireless-AC 9560 160MHz(FR:3/3 Units)
648666,WISTRON CORPORATION,DELL|NEC,title_brand_mismatch,NA,WISTRON CORPORATION,2021-09-28 19:58:00,[DELL/Cyborg-H]SUT connected BT mouse and keyboard signal is unstable on Inter(R) Wireless-AC 9560 160MHz(FR:3/3 Units)
648521,INVENTEC CORPORATION,ASUS,title_brand_mismatch,NA,INVENTEC CORPORATION,2021-09-28 03:43:00,[ASUS][Strix 2022]?Intel Tile Device? in device manage
648521,INVENTEC CORPORATION,ASUS,title_brand_mismatch,NA,INVENTEC CORPORATION,2021-09-28 03:43:00,[ASUS][Strix 2022]?Intel Tile Device? in device manage
648521,INVENTEC CORPORATION,ASUS,title_brand_mismatch,NA,INVENTEC CORPORATION,2021-09-28 03:43:00,[ASUS][Strix 2022]?Intel Tile Device? in device manage
648505,LENOVO,NEC,title_brand_mismatch,NA,LENOVO COMPAL FUTURE CENTER,2021-09-28 02:55:00,"[ThinkPad JP LCFC_Lark][WW40][CcP Wifi 22.70.0.6] WiFi suddenly got disconnected during Ping/xcopy after TimerSleep(Trails 29- 31) with 11ax AP, FR:1/1 unit"
648505,LENOVO,NEC,title_brand_mismatch,NA,LENOVO COMPAL FUTURE CENTER,2021-09-28 02:55:00,"[ThinkPad JP LCFC_Lark][WW40][CcP Wifi 22.70.0.6] WiFi suddenly got disconnected during Ping/xcopy after TimerSleep(Trails 29- 31) with 11ax AP, FR:1/1 unit"
648505,LENOVO,NEC,title_brand_mismatch,NA,LENOVO COMPAL FUTURE CENTER,2021-09-28 02:55:00,"[ThinkPad JP LCFC_Lark][WW40][CcP Wifi 22.70.0.6] WiFi suddenly got disconnected during Ping/xcopy after TimerSleep(Trails 29- 31) with 11ax AP, FR:1/1 unit"
648198,"COMPAL ELECTRONICS, INC.",DELL,title_brand_mismatch,NA,"COMPAL ELECTRONICS, INC.",2021-09-27 05:51:00,[Dell_Rialto MLK] AX210 wlan driver show yellow bang.
648198,"COMPAL ELECTRONICS, INC.",DELL,title_brand_mismatch,NA,"COMPAL ELECTRONICS, INC.",2021-09-27 05:51:00,[Dell_Rialto MLK] AX210 wlan driver show yellow bang.
648198,"COMPAL ELECTRONICS, INC.",DELL,title_brand_mismatch,NA,"COMPAL ELECTRONICS, INC.",2021-09-27 05:51:00,[Dell_Rialto MLK] AX210 wlan driver show yellow bang.
648119,PEGATRON CORPORATION,ASUS,title_brand_mismatch,Pegatron Corporation,Pegatron Corporation,2021-09-27 02:09:00,[ASUS Pegatron][K3435/S5456][ADL-P][9560][22.80.1.1][Windows 11 Pro 64bit V22000.194] WLAN-AutoConfig Warning ID 10002 observed in event logs when system restart
647972,"HUAQIN TECHNOLOGY CO., LTD",HONOR|NEC,title_brand_mismatch,NA,"Huaqin Technology Co., Ltd",2021-09-26 20:14:00,[HONOR][HUAQIN][HalleyM][AMD Cezanne-H][Intel AX200][WiFi][21H1] System cannot auto open Certification page when connect campus network and stays in the ongoing connection state
647972,"HUAQIN TECHNOLOGY CO., LTD",HONOR|NEC,title_brand_mismatch,NA,"Huaqin Technology Co., Ltd",2021-09-26 20:14:00,[HONOR][HUAQIN][HalleyM][AMD Cezanne-H][Intel AX200][WiFi][21H1] System cannot auto open Certification page when connect campus network and stays in the ongoing connection state
647972,"HUAQIN TECHNOLOGY CO., LTD",HONOR|NEC,title_brand_mismatch,NA,"Huaqin Technology Co., Ltd",2021-09-26 20:14:00,[HONOR][HUAQIN][HalleyM][AMD Cezanne-H][Intel AX200][WiFi][21H1] System cannot auto open Certification page when connect campus network and stays in the ongoing connection state
647810,"FOXCONN TECHNOLOGY CO., LTD.",DELL,title_brand_mismatch,NA,"FOXCONN TECHNOLOGY CO., LTD.",2021-09-25 01:26:00,"[DELL Corp. DT/Foxconn/Intel ADL-S][P12]W11,21H2,HLK,KP_SFF_Bluetooth - HciExtensions (Development and Integration)-Execute Test(Prirnary) fail"
647810,"FOXCONN TECHNOLOGY CO., LTD.",DELL,title_brand_mismatch,NA,"FOXCONN TECHNOLOGY CO., LTD.",2021-09-25 01:26:00,"[DELL Corp. DT/Foxconn/Intel ADL-S][P12]W11,21H2,HLK,KP_SFF_Bluetooth - HciExtensions (Development and Integration)-Execute Test(Prirnary) fail"
647810,"FOXCONN TECHNOLOGY CO., LTD.",DELL,title_brand_mismatch,NA,"FOXCONN TECHNOLOGY CO., LTD.",2021-09-25 01:26:00,"[DELL Corp. DT/Foxconn/Intel ADL-S][P12]W11,21H2,HLK,KP_SFF_Bluetooth - HciExtensions (Development and Integration)-Execute Test(Prirnary) fail"
647548,"COMPAL ELECTRONICS, INC.",DELL,title_brand_mismatch,NA,"COMPAL ELECTRONICS, INC.",2021-09-23 20:40:00,[Dell][Compal][Tiger Lake] [ModenaTGL]Bluetooth mouse will lag for about 0.5-1s after system idle for some time.
647548,"COMPAL ELECTRONICS, INC.",DELL,title_brand_mismatch,NA,"COMPAL ELECTRONICS, INC.",2021-09-23 20:40:00,[Dell][Compal][Tiger Lake] [ModenaTGL]Bluetooth mouse will lag for about 0.5-1s after system idle for some time.
647548,"COMPAL ELECTRONICS, INC.",DELL,title_brand_mismatch,NA,"COMPAL ELECTRONICS, INC.",2021-09-23 20:40:00,[Dell][Compal][Tiger Lake] [ModenaTGL]Bluetooth mouse will lag for about 0.5-1s after system idle for some time.
647532,"COMPAL ELECTRONICS, INC.",DELL,title_brand_mismatch,NA,"COMPAL ELECTRONICS, INC.",2021-09-23 19:59:00,Dell/Compal][ADL][Odyssey][DRTU] AX411 QS sample tx power lock at 3dB
647532,"COMPAL ELECTRONICS, INC.",DELL,title_brand_mismatch,NA,"COMPAL ELECTRONICS, INC.",2021-09-23 19:59:00,Dell/Compal][ADL][Odyssey][DRTU] AX411 QS sample tx power lock at 3dB
647532,"COMPAL ELECTRONICS, INC.",DELL,title_brand_mismatch,NA,"COMPAL ELECTRONICS, INC.",2021-09-23 19:59:00,Dell/Compal][ADL][Odyssey][DRTU] AX411 QS sample tx power lock at 3dB
646605,"HUAQIN TECHNOLOGY CO., LTD",HONOR,title_brand_mismatch,NA,"Huaqin Technology Co., Ltd",2021-09-20 06:20:00,[HONOR][HUAQIN][HiggsE][Intel TGL][Intel AX201][20H1][WIFI] System will occur YB and code is 43 when running WiFi_Disable-Enable cycle test.
646605,"HUAQIN TECHNOLOGY CO., LTD",HONOR,title_brand_mismatch,NA,"Huaqin Technology Co., Ltd",2021-09-20 06:20:00,[HONOR][HUAQIN][HiggsE][Intel TGL][Intel AX201][20H1][WIFI] System will occur YB and code is 43 when running WiFi_Disable-Enable cycle test.
646605,"HUAQIN TECHNOLOGY CO., LTD",HONOR,title_brand_mismatch,NA,"Huaqin Technology Co., Ltd",2021-09-20 06:20:00,[HONOR][HUAQIN][HiggsE][Intel TGL][Intel AX201][20H1][WIFI] System will occur YB and code is 43 when running WiFi_Disable-Enable cycle test.
646341,"HUAQIN TECHNOLOGY CO., LTD",HONOR,title_brand_mismatch,NA,"Huaqin Technology Co., Ltd",2021-09-17 01:27:00,"[HONOR][HUAQIN][HiggsE][Intel TGL][Intel AX201][21H2][WIFI]When we used step tool to run warm boot, the WIFI driver show YB. YB code:10"
646341,"HUAQIN TECHNOLOGY CO., LTD",HONOR,title_brand_mismatch,NA,"Huaqin Technology Co., Ltd",2021-09-17 01:27:00,"[HONOR][HUAQIN][HiggsE][Intel TGL][Intel AX201][21H2][WIFI]When we used step tool to run warm boot, the WIFI driver show YB. YB code:10"
646341,"HUAQIN TECHNOLOGY CO., LTD",HONOR,title_brand_mismatch,NA,"Huaqin Technology Co., Ltd",2021-09-17 01:27:00,"[HONOR][HUAQIN][HiggsE][Intel TGL][Intel AX201][21H2][WIFI]When we used step tool to run warm boot, the WIFI driver show YB. YB code:10"
645901,WISTRON CORPORATION,DELL,title_brand_mismatch,NA,WISTRON CORPORATION,2021-09-15 18:54:00,[Dell][Wistron][Stradale MLK] Bluetooth device lag or slow response with AX201 and AX1650s
645901,WISTRON CORPORATION,DELL,title_brand_mismatch,NA,WISTRON CORPORATION,2021-09-15 18:54:00,[Dell][Wistron][Stradale MLK] Bluetooth device lag or slow response with AX201 and AX1650s
645901,WISTRON CORPORATION,DELL,title_brand_mismatch,NA,WISTRON CORPORATION,2021-09-15 18:54:00,[Dell][Wistron][Stradale MLK] Bluetooth device lag or slow response with AX201 and AX1650s
645384,"HUAQIN TECHNOLOGY CO., LTD",HONOR,title_brand_mismatch,NA,"Huaqin Technology Co., Ltd",2021-09-14 02:49:00,"[HONOR][HUAQIN][HiggsE][Intel TGL][Intel AX201][21H2][BT] When the volume of bluetooth headset is set to 0, the bluetooth headset will still have sound and intermittent silence when playing music"
645384,"HUAQIN TECHNOLOGY CO., LTD",HONOR,title_brand_mismatch,NA,"Huaqin Technology Co., Ltd",2021-09-14 02:49:00,"[HONOR][HUAQIN][HiggsE][Intel TGL][Intel AX201][21H2][BT] When the volume of bluetooth headset is set to 0, the bluetooth headset will still have sound and intermittent silence when playing music"
645384,"HUAQIN TECHNOLOGY CO., LTD",HONOR,title_brand_mismatch,NA,"Huaqin Technology Co., Ltd",2021-09-14 02:49:00,"[HONOR][HUAQIN][HiggsE][Intel TGL][Intel AX201][21H2][BT] When the volume of bluetooth headset is set to 0, the bluetooth headset will still have sound and intermittent silence when playing music"
645328,WISTRON CORPORATION,LENOVO|NEC,title_brand_mismatch,NA,WISTRON CORPORATION,2021-09-14 01:22:00,[Lenovo/Wistron][Ideapad][IdeaPad Flex 5 14IAU7][EVT][ADL][Win11]SUT can't share 5GHz Mobile hotspot when connected to 2.4GHz AP or LAN for intel 9560 wlan card.(FR:100%)
645328,WISTRON CORPORATION,LENOVO|NEC,title_brand_mismatch,NA,WISTRON CORPORATION,2021-09-14 01:22:00,[Lenovo/Wistron][Ideapad][IdeaPad Flex 5 14IAU7][EVT][ADL][Win11]SUT can't share 5GHz Mobile hotspot when connected to 2.4GHz AP or LAN for intel 9560 wlan card.(FR:100%)
645328,WISTRON CORPORATION,LENOVO|NEC,title_brand_mismatch,NA,WISTRON CORPORATION,2021-09-14 01:22:00,[Lenovo/Wistron][Ideapad][IdeaPad Flex 5 14IAU7][EVT][ADL][Win11]SUT can't share 5GHz Mobile hotspot when connected to 2.4GHz AP or LAN for intel 9560 wlan card.(FR:100%)
645300,PEGATRON CORPORATION,ASUS,title_brand_mismatch,NA,Pegatron Corporation,2021-09-14 00:40:00,[Asus][Pegatron][ADL-P][K3402] CITU doen't work
645300,PEGATRON CORPORATION,ASUS,title_brand_mismatch,NA,Pegatron Corporation,2021-09-14 00:40:00,[Asus][Pegatron][ADL-P][K3402] CITU doen't work
645300,PEGATRON CORPORATION,ASUS,title_brand_mismatch,NA,Pegatron Corporation,2021-09-14 00:40:00,[Asus][Pegatron][ADL-P][K3402] CITU doen't work
645286,"COMPAL ELECTRONICS, INC.",DELL,title_brand_mismatch,NA,"COMPAL ELECTRONICS, INC.",2021-09-13 23:55:00,"[Dell_Compal_Carnoustie_TGL-UP4_Win11_HLK] Win11 HLK Test item fail on ""Bluetooth - Initiate platform-level device reset"""
645286,"COMPAL ELECTRONICS, INC.",DELL,title_brand_mismatch,NA,"COMPAL ELECTRONICS, INC.",2021-09-13 23:55:00,"[Dell_Compal_Carnoustie_TGL-UP4_Win11_HLK] Win11 HLK Test item fail on ""Bluetooth - Initiate platform-level device reset"""
645286,"COMPAL ELECTRONICS, INC.",DELL,title_brand_mismatch,NA,"COMPAL ELECTRONICS, INC.",2021-09-13 23:55:00,"[Dell_Compal_Carnoustie_TGL-UP4_Win11_HLK] Win11 HLK Test item fail on ""Bluetooth - Initiate platform-level device reset"""
644876,"COMPAL ELECTRONICS, INC.",DELL,title_brand_mismatch,NA,"COMPAL ELECTRONICS, INC.",2021-09-12 19:16:00,[Dell_Compal_Horizon MLK_ADL-P_Oct2021] No sound output and No 'Headphones' list in Manage audio devices after paired with BT	headset.
644876,"COMPAL ELECTRONICS, INC.",DELL,title_brand_mismatch,NA,"COMPAL ELECTRONICS, INC.",2021-09-12 19:16:00,[Dell_Compal_Horizon MLK_ADL-P_Oct2021] No sound output and No 'Headphones' list in Manage audio devices after paired with BT	headset.
644876,"COMPAL ELECTRONICS, INC.",DELL,title_brand_mismatch,NA,"COMPAL ELECTRONICS, INC.",2021-09-12 19:16:00,[Dell_Compal_Horizon MLK_ADL-P_Oct2021] No sound output and No 'Headphones' list in Manage audio devices after paired with BT	headset.
644526,WISTRON CORPORATION,HP|LENOVO,title_brand_mismatch,NA,WISTRON CORPORATION,2021-09-09 19:16:00,[Lenovo-Ideapad][Wistron][Lenovo 500w Gen3 JSL][JSL][IntelAX201] WiFi throughput test fail on Win11 OS preload
644526,WISTRON CORPORATION,HP|LENOVO,title_brand_mismatch,NA,WISTRON CORPORATION,2021-09-09 19:16:00,[Lenovo-Ideapad][Wistron][Lenovo 500w Gen3 JSL][JSL][IntelAX201] WiFi throughput test fail on Win11 OS preload
644526,WISTRON CORPORATION,HP|LENOVO,title_brand_mismatch,NA,WISTRON CORPORATION,2021-09-09 19:16:00,[Lenovo-Ideapad][Wistron][Lenovo 500w Gen3 JSL][JSL][IntelAX201] WiFi throughput test fail on Win11 OS preload
644339,INVENTEC CORPORATION,ASUS,title_brand_mismatch,NA,INVENTEC CORPORATION,2021-09-09 02:02:00,[ASUS][Strix 2022]System can not wake on WLAN from modern standby .
644339,INVENTEC CORPORATION,ASUS,title_brand_mismatch,NA,INVENTEC CORPORATION,2021-09-09 02:02:00,[ASUS][Strix 2022]System can not wake on WLAN from modern standby .
644339,INVENTEC CORPORATION,ASUS,title_brand_mismatch,NA,INVENTEC CORPORATION,2021-09-09 02:02:00,[ASUS][Strix 2022]System can not wake on WLAN from modern standby .
644302,WISTRON CORPORATION,LENOVO,title_brand_mismatch,NA,WISTRON CORPORATION,2021-09-09 00:36:00,"[Lenovo/Wistron][Ideapad][IdeaPad Flex 5 14IAU7][EVT][ADL][Win11][intel 9560]Bluetooth file transfer is not completed when Exchange a file about 10MB with PC or Phone via Bluetooth.(FR:2/2units, 4/10times)"
644302,WISTRON CORPORATION,LENOVO,title_brand_mismatch,NA,WISTRON CORPORATION,2021-09-09 00:36:00,"[Lenovo/Wistron][Ideapad][IdeaPad Flex 5 14IAU7][EVT][ADL][Win11][intel 9560]Bluetooth file transfer is not completed when Exchange a file about 10MB with PC or Phone via Bluetooth.(FR:2/2units, 4/10times)"
644302,WISTRON CORPORATION,LENOVO,title_brand_mismatch,NA,WISTRON CORPORATION,2021-09-09 00:36:00,"[Lenovo/Wistron][Ideapad][IdeaPad Flex 5 14IAU7][EVT][ADL][Win11][intel 9560]Bluetooth file transfer is not completed when Exchange a file about 10MB with PC or Phone via Bluetooth.(FR:2/2units, 4/10times)"
644270,WISTRON CORPORATION,LENOVO|NEC,title_brand_mismatch,NA,WISTRON CORPORATION,2021-09-08 23:42:00,[Lenovo/Wistron][Ideapad][IdeaPad Flex 5 14IAU7][EVT][ADL][Win11][intel 9560]Music playing is not smooth when connected and use BT headset&BT mouse&BT Keyboard&Phone at the same time.(FR:100%)
644270,WISTRON CORPORATION,LENOVO|NEC,title_brand_mismatch,NA,WISTRON CORPORATION,2021-09-08 23:42:00,[Lenovo/Wistron][Ideapad][IdeaPad Flex 5 14IAU7][EVT][ADL][Win11][intel 9560]Music playing is not smooth when connected and use BT headset&BT mouse&BT Keyboard&Phone at the same time.(FR:100%)
644270,WISTRON CORPORATION,LENOVO|NEC,title_brand_mismatch,NA,WISTRON CORPORATION,2021-09-08 23:42:00,[Lenovo/Wistron][Ideapad][IdeaPad Flex 5 14IAU7][EVT][ADL][Win11][intel 9560]Music playing is not smooth when connected and use BT headset&BT mouse&BT Keyboard&Phone at the same time.(FR:100%)
644255,WISTRON CORPORATION,LENOVO|NEC,title_brand_mismatch,NA,WISTRON CORPORATION,2021-09-08 23:06:00,[Lenovo/Wistron][Ideapad][IdeaPad Flex 5 14IAU7][ADL][Win11][Intel 9560]Sounds came out from BT headset after connected BT headset then wait for about 18s for intel 9560 wlan card.(FR:100%)
644255,WISTRON CORPORATION,LENOVO|NEC,title_brand_mismatch,NA,WISTRON CORPORATION,2021-09-08 23:06:00,[Lenovo/Wistron][Ideapad][IdeaPad Flex 5 14IAU7][ADL][Win11][Intel 9560]Sounds came out from BT headset after connected BT headset then wait for about 18s for intel 9560 wlan card.(FR:100%)
644255,WISTRON CORPORATION,LENOVO|NEC,title_brand_mismatch,NA,WISTRON CORPORATION,2021-09-08 23:06:00,[Lenovo/Wistron][Ideapad][IdeaPad Flex 5 14IAU7][ADL][Win11][Intel 9560]Sounds came out from BT headset after connected BT headset then wait for about 18s for intel 9560 wlan card.(FR:100%)
643200,QUANTA COMPUTER INC.,LG,title_brand_mismatch,NA,QUANTA COMPUTER INC.,2021-09-06 01:01:00,MSFT ODM Quanta Z93 HrP2 AX201 22.70 and 22.80 No included RLG driver
643200,QUANTA COMPUTER INC.,LG,title_brand_mismatch,NA,QUANTA COMPUTER INC.,2021-09-06 01:01:00,MSFT ODM Quanta Z93 HrP2 AX201 22.70 and 22.80 No included RLG driver
643200,QUANTA COMPUTER INC.,LG,title_brand_mismatch,NA,QUANTA COMPUTER INC.,2021-09-06 01:01:00,MSFT ODM Quanta Z93 HrP2 AX201 22.70 and 22.80 No included RLG driver
643182,"SHANGHAI WINGTECH ELECTRONICS TECHNOLOGYCO., LTD.",LENOVO,title_brand_mismatch,NA,"SHANGHAI WINGTECH ELECTRONICS TECHNOLOGYCO., LTD.",2021-09-06 00:33:00,[Lenovo-IdeaPad][WingTech][D570][Alder-Lake][AX211_1216][21H2] AX211_Conductive Results cannot match specification
643182,"SHANGHAI WINGTECH ELECTRONICS TECHNOLOGYCO., LTD.",LENOVO,title_brand_mismatch,NA,"SHANGHAI WINGTECH ELECTRONICS TECHNOLOGYCO., LTD.",2021-09-06 00:33:00,[Lenovo-IdeaPad][WingTech][D570][Alder-Lake][AX211_1216][21H2] AX211_Conductive Results cannot match specification
643182,"SHANGHAI WINGTECH ELECTRONICS TECHNOLOGYCO., LTD.",LENOVO,title_brand_mismatch,NA,"SHANGHAI WINGTECH ELECTRONICS TECHNOLOGYCO., LTD.",2021-09-06 00:33:00,[Lenovo-IdeaPad][WingTech][D570][Alder-Lake][AX211_1216][21H2] AX211_Conductive Results cannot match specification
642505,"HUAQIN TECHNOLOGY CO., LTD",ACER,title_brand_mismatch,NA,"Huaqin Technology Co., Ltd",2021-09-01 23:32:00,Acer Oboe Wifi issue (AX201)
642505,"HUAQIN TECHNOLOGY CO., LTD",ACER,title_brand_mismatch,NA,"Huaqin Technology Co., Ltd",2021-09-01 23:32:00,Acer Oboe Wifi issue (AX201)
642505,"HUAQIN TECHNOLOGY CO., LTD",ACER,title_brand_mismatch,NA,"Huaqin Technology Co., Ltd",2021-09-01 23:32:00,Acer Oboe Wifi issue (AX201)
642168,"COMPAL ELECTRONICS, INC.",LENOVO|NEC,title_brand_mismatch,NA,"COMPAL ELECTRONICS, INC.",2021-08-31 23:10:00,[Lenovo-Ideapad][Compal][V350][ADL-P][Win11]- Sound output from speaknot BT headset  for 10-15 seconds after disconnect and connect BT headset. ( F/R: 100%)
642168,"COMPAL ELECTRONICS, INC.",LENOVO|NEC,title_brand_mismatch,NA,"COMPAL ELECTRONICS, INC.",2021-08-31 23:10:00,[Lenovo-Ideapad][Compal][V350][ADL-P][Win11]- Sound output from speaknot BT headset  for 10-15 seconds after disconnect and connect BT headset. ( F/R: 100%)
642168,"COMPAL ELECTRONICS, INC.",LENOVO|NEC,title_brand_mismatch,NA,"COMPAL ELECTRONICS, INC.",2021-08-31 23:10:00,[Lenovo-Ideapad][Compal][V350][ADL-P][Win11]- Sound output from speaknot BT headset  for 10-15 seconds after disconnect and connect BT headset. ( F/R: 100%)
641860,"HUAQIN TECHNOLOGY CO., LTD",SAMSUNG,title_brand_mismatch,NA,"Huaqin Technology Co., Ltd",2021-08-31 01:03:00,[Huaqin][Samsung][Titan-U BBY][Win11BT headset appear catons 1s when playing music about 2-3 seconds.(FR: 5 out of 5 units)
641860,"HUAQIN TECHNOLOGY CO., LTD",SAMSUNG,title_brand_mismatch,NA,"Huaqin Technology Co., Ltd",2021-08-31 01:03:00,[Huaqin][Samsung][Titan-U BBY][Win11BT headset appear catons 1s when playing music about 2-3 seconds.(FR: 5 out of 5 units)
641860,"HUAQIN TECHNOLOGY CO., LTD",SAMSUNG,title_brand_mismatch,NA,"Huaqin Technology Co., Ltd",2021-08-31 01:03:00,[Huaqin][Samsung][Titan-U BBY][Win11BT headset appear catons 1s when playing music about 2-3 seconds.(FR: 5 out of 5 units)
641854,"HUAQIN TECHNOLOGY CO., LTD",HONOR|NEC,title_brand_mismatch,NA,"Huaqin Technology Co., Ltd",2021-08-31 00:52:00,"[HONOR][HUAQIN][HiggsE][Intel TGL][Intel AX201][21H2][WIFI]The tester PC and honor V40 are connected to the same network 802.11n_ 2.4G_ 40m, 1 channel, establish multi screen cooperation, low iperf flow rate and large Ping gateway delay"
641854,"HUAQIN TECHNOLOGY CO., LTD",HONOR|NEC,title_brand_mismatch,NA,"Huaqin Technology Co., Ltd",2021-08-31 00:52:00,"[HONOR][HUAQIN][HiggsE][Intel TGL][Intel AX201][21H2][WIFI]The tester PC and honor V40 are connected to the same network 802.11n_ 2.4G_ 40m, 1 channel, establish multi screen cooperation, low iperf flow rate and large Ping gateway delay"
641854,"HUAQIN TECHNOLOGY CO., LTD",HONOR|NEC,title_brand_mismatch,NA,"Huaqin Technology Co., Ltd",2021-08-31 00:52:00,"[HONOR][HUAQIN][HiggsE][Intel TGL][Intel AX201][21H2][WIFI]The tester PC and honor V40 are connected to the same network 802.11n_ 2.4G_ 40m, 1 channel, establish multi screen cooperation, low iperf flow rate and large Ping gateway delay"
641648,"HUAQIN TECHNOLOGY CO., LTD",HONOR|NEC,title_brand_mismatch,NA,"Huaqin Technology Co., Ltd",2021-08-30 06:42:00,"[HONOR][HUAQIN][HiggsE][Intel TGL][Intel AX201][21H2][BT]When playing music, connect bluetooth headset, the headset sound quality is poor, about 5 seconds later will freeze, and then the sound quality returns to normal"
641648,"HUAQIN TECHNOLOGY CO., LTD",HONOR|NEC,title_brand_mismatch,NA,"Huaqin Technology Co., Ltd",2021-08-30 06:42:00,"[HONOR][HUAQIN][HiggsE][Intel TGL][Intel AX201][21H2][BT]When playing music, connect bluetooth headset, the headset sound quality is poor, about 5 seconds later will freeze, and then the sound quality returns to normal"
641648,"HUAQIN TECHNOLOGY CO., LTD",HONOR|NEC,title_brand_mismatch,NA,"Huaqin Technology Co., Ltd",2021-08-30 06:42:00,"[HONOR][HUAQIN][HiggsE][Intel TGL][Intel AX201][21H2][BT]When playing music, connect bluetooth headset, the headset sound quality is poor, about 5 seconds later will freeze, and then the sound quality returns to normal"
641520,"FOXCONN TECHNOLOGY CO., LTD.",DELL,title_brand_mismatch,NA,"FOXCONN TECHNOLOGY CO., LTD.",2021-08-30 00:31:00,[DELL Cons. DT/Foxconn/Intel CML-S][D10][wireless] Buteo_Vostro 3681_Power LED doesn't go off after system is shut down
641520,"FOXCONN TECHNOLOGY CO., LTD.",DELL,title_brand_mismatch,NA,"FOXCONN TECHNOLOGY CO., LTD.",2021-08-30 00:31:00,[DELL Cons. DT/Foxconn/Intel CML-S][D10][wireless] Buteo_Vostro 3681_Power LED doesn't go off after system is shut down
641520,"FOXCONN TECHNOLOGY CO., LTD.",DELL,title_brand_mismatch,NA,"FOXCONN TECHNOLOGY CO., LTD.",2021-08-30 00:31:00,[DELL Cons. DT/Foxconn/Intel CML-S][D10][wireless] Buteo_Vostro 3681_Power LED doesn't go off after system is shut down
641243,"HUAQIN TECHNOLOGY CO., LTD",HONOR,title_brand_mismatch,NA,"Huaqin Technology Co., Ltd",2021-08-27 03:22:00,[HONOR][HUAQIN][HalleyM][AMD Cezanne-H][Intel AX200][21H1][WIFI] No sound output from the Bluetooth speaker after open ild wait for about 2 hours.
641243,"HUAQIN TECHNOLOGY CO., LTD",HONOR,title_brand_mismatch,NA,"Huaqin Technology Co., Ltd",2021-08-27 03:22:00,[HONOR][HUAQIN][HalleyM][AMD Cezanne-H][Intel AX200][21H1][WIFI] No sound output from the Bluetooth speaker after open ild wait for about 2 hours.
641243,"HUAQIN TECHNOLOGY CO., LTD",HONOR,title_brand_mismatch,NA,"Huaqin Technology Co., Ltd",2021-08-27 03:22:00,[HONOR][HUAQIN][HalleyM][AMD Cezanne-H][Intel AX200][21H1][WIFI] No sound output from the Bluetooth speaker after open ild wait for about 2 hours.
641142,INVENTEC CORPORATION,HP,title_brand_mismatch,INVENTEC CORPORATION,INVENTEC CORPORATION,2021-08-26 23:20:00,[HP_CMIT_NB][ADLP][Version] System can't run CITU tool to check CNVI bus.
641091,"HUAQIN TECHNOLOGY CO., LTD",HONOR,title_brand_mismatch,NA,"Huaqin Technology Co., Ltd",2021-08-26 19:56:00,"[HONOR][HUAQIN][HiggsE][Intel TGL][Intel AX201][21H2][WIFI]High fidelity stability when running MS with step 3.4.14, the step tool prompts multiple Wan miniport exceptions"
641091,"HUAQIN TECHNOLOGY CO., LTD",HONOR,title_brand_mismatch,NA,"Huaqin Technology Co., Ltd",2021-08-26 19:56:00,"[HONOR][HUAQIN][HiggsE][Intel TGL][Intel AX201][21H2][WIFI]High fidelity stability when running MS with step 3.4.14, the step tool prompts multiple Wan miniport exceptions"
641091,"HUAQIN TECHNOLOGY CO., LTD",HONOR,title_brand_mismatch,NA,"Huaqin Technology Co., Ltd",2021-08-26 19:56:00,"[HONOR][HUAQIN][HiggsE][Intel TGL][Intel AX201][21H2][WIFI]High fidelity stability when running MS with step 3.4.14, the step tool prompts multiple Wan miniport exceptions"
640733,WISTRON CORPORATION,DELL|NEC,title_brand_mismatch,NA,WISTRON CORPORATION,2021-08-25 20:09:00,[DELL Corp. DT/Troy JSL/Wistron/JSL][Intel 9560] BT mouse has intermittent connection to system
640733,WISTRON CORPORATION,DELL|NEC,title_brand_mismatch,NA,WISTRON CORPORATION,2021-08-25 20:09:00,[DELL Corp. DT/Troy JSL/Wistron/JSL][Intel 9560] BT mouse has intermittent connection to system
640733,WISTRON CORPORATION,DELL|NEC,title_brand_mismatch,NA,WISTRON CORPORATION,2021-08-25 20:09:00,[DELL Corp. DT/Troy JSL/Wistron/JSL][Intel 9560] BT mouse has intermittent connection to system
640383,"HUAQIN TECHNOLOGY CO., LTD",HONOR,title_brand_mismatch,NA,"Huaqin Technology Co., Ltd",2021-08-25 00:15:00,[HONOR][HUAQIN][HalleyM][AMD Cezanne-H][Intel AX200][21H1] There was a caton in the process of playing music.
640383,"HUAQIN TECHNOLOGY CO., LTD",HONOR,title_brand_mismatch,NA,"Huaqin Technology Co., Ltd",2021-08-25 00:15:00,[HONOR][HUAQIN][HalleyM][AMD Cezanne-H][Intel AX200][21H1] There was a caton in the process of playing music.
640383,"HUAQIN TECHNOLOGY CO., LTD",HONOR,title_brand_mismatch,NA,"Huaqin Technology Co., Ltd",2021-08-25 00:15:00,[HONOR][HUAQIN][HalleyM][AMD Cezanne-H][Intel AX200][21H1] There was a caton in the process of playing music.
639518,"HUAQIN TECHNOLOGY CO., LTD",HONOR|NEC,title_brand_mismatch,NA,"Huaqin Technology Co., Ltd",2021-08-22 20:53:00,[HONOR][HUAQIN][HalleyM][AMD Cezanne-H][Intel AX200][2030][21H1][BT]Sometimes the Bluetooth headset will be automatically disconnected and then automatically reconnected
639518,"HUAQIN TECHNOLOGY CO., LTD",HONOR|NEC,title_brand_mismatch,NA,"Huaqin Technology Co., Ltd",2021-08-22 20:53:00,[HONOR][HUAQIN][HalleyM][AMD Cezanne-H][Intel AX200][2030][21H1][BT]Sometimes the Bluetooth headset will be automatically disconnected and then automatically reconnected
639518,"HUAQIN TECHNOLOGY CO., LTD",HONOR|NEC,title_brand_mismatch,NA,"Huaqin Technology Co., Ltd",2021-08-22 20:53:00,[HONOR][HUAQIN][HalleyM][AMD Cezanne-H][Intel AX200][2030][21H1][BT]Sometimes the Bluetooth headset will be automatically disconnected and then automatically reconnected
639425,"HUAQIN TECHNOLOGY CO., LTD",HONOR|NEC,title_brand_mismatch,NA,"Huaqin Technology Co., Ltd",2021-08-21 09:37:00,"[HONOR][HUAQIN][HiggsE][Intel TGL][Intel AX201][21H2][WIFI]The tester PC and honor V40 are connected to the same network 802.11n_ 2.4G_ 40m, 1 channel, establish multi screen cooperation, low iperf flow rate and large Ping gateway delay"
639425,"HUAQIN TECHNOLOGY CO., LTD",HONOR|NEC,title_brand_mismatch,NA,"Huaqin Technology Co., Ltd",2021-08-21 09:37:00,"[HONOR][HUAQIN][HiggsE][Intel TGL][Intel AX201][21H2][WIFI]The tester PC and honor V40 are connected to the same network 802.11n_ 2.4G_ 40m, 1 channel, establish multi screen cooperation, low iperf flow rate and large Ping gateway delay"
639425,"HUAQIN TECHNOLOGY CO., LTD",HONOR|NEC,title_brand_mismatch,NA,"Huaqin Technology Co., Ltd",2021-08-21 09:37:00,"[HONOR][HUAQIN][HiggsE][Intel TGL][Intel AX201][21H2][WIFI]The tester PC and honor V40 are connected to the same network 802.11n_ 2.4G_ 40m, 1 channel, establish multi screen cooperation, low iperf flow rate and large Ping gateway delay"
639424,"HUAQIN TECHNOLOGY CO., LTD",HONOR|NEC,title_brand_mismatch,NA,"Huaqin Technology Co., Ltd",2021-08-21 09:12:00,"[HONOR][HUAQIN][HiggsE][Intel TGL][Intel AX201][21H2][WIFI]The test PC and the auxiliary computer (Honor V40 Mobile phone) are connected to the same network 802.11n_ 2.4G_ 40M_ 1 channel, iperf runs and pits fall"
639424,"HUAQIN TECHNOLOGY CO., LTD",HONOR|NEC,title_brand_mismatch,NA,"Huaqin Technology Co., Ltd",2021-08-21 09:12:00,"[HONOR][HUAQIN][HiggsE][Intel TGL][Intel AX201][21H2][WIFI]The test PC and the auxiliary computer (Honor V40 Mobile phone) are connected to the same network 802.11n_ 2.4G_ 40M_ 1 channel, iperf runs and pits fall"
639424,"HUAQIN TECHNOLOGY CO., LTD",HONOR|NEC,title_brand_mismatch,NA,"Huaqin Technology Co., Ltd",2021-08-21 09:12:00,"[HONOR][HUAQIN][HiggsE][Intel TGL][Intel AX201][21H2][WIFI]The test PC and the auxiliary computer (Honor V40 Mobile phone) are connected to the same network 802.11n_ 2.4G_ 40M_ 1 channel, iperf runs and pits fall"
639423,"HUAQIN TECHNOLOGY CO., LTD",HONOR|NEC,title_brand_mismatch,NA,"Huaqin Technology Co., Ltd",2021-08-21 08:26:00,[HONOR][HUAQIN][HalleyM][AMD Cezanne-H][Intel AX200][2030][21H1][WIFI]Sudden network disconnection (Globe) often occurs. Click the no WLAN icon on the globe in the taskbar. WLAN will not appear until about 2-5min.
639423,"HUAQIN TECHNOLOGY CO., LTD",HONOR|NEC,title_brand_mismatch,NA,"Huaqin Technology Co., Ltd",2021-08-21 08:26:00,[HONOR][HUAQIN][HalleyM][AMD Cezanne-H][Intel AX200][2030][21H1][WIFI]Sudden network disconnection (Globe) often occurs. Click the no WLAN icon on the globe in the taskbar. WLAN will not appear until about 2-5min.
639423,"HUAQIN TECHNOLOGY CO., LTD",HONOR|NEC,title_brand_mismatch,NA,"Huaqin Technology Co., Ltd",2021-08-21 08:26:00,[HONOR][HUAQIN][HalleyM][AMD Cezanne-H][Intel AX200][2030][21H1][WIFI]Sudden network disconnection (Globe) often occurs. Click the no WLAN icon on the globe in the taskbar. WLAN will not appear until about 2-5min.
639419,"HUAQIN TECHNOLOGY CO., LTD",HONOR,title_brand_mismatch,NA,"Huaqin Technology Co., Ltd",2021-08-21 02:42:00,"[HONOR][HUAQIN][HalleyM][AMD Cezanne-H][Intel AX200][2030][21H1][WIFI]After the computer is turned on, there is no network. There is only flight mode in the WiFi list, and there is no SSID"
639419,"HUAQIN TECHNOLOGY CO., LTD",HONOR,title_brand_mismatch,NA,"Huaqin Technology Co., Ltd",2021-08-21 02:42:00,"[HONOR][HUAQIN][HalleyM][AMD Cezanne-H][Intel AX200][2030][21H1][WIFI]After the computer is turned on, there is no network. There is only flight mode in the WiFi list, and there is no SSID"
639419,"HUAQIN TECHNOLOGY CO., LTD",HONOR,title_brand_mismatch,NA,"Huaqin Technology Co., Ltd",2021-08-21 02:42:00,"[HONOR][HUAQIN][HalleyM][AMD Cezanne-H][Intel AX200][2030][21H1][WIFI]After the computer is turned on, there is no network. There is only flight mode in the WiFi list, and there is no SSID"
639361,"HUAQIN TECHNOLOGY CO., LTD",HONOR|NEC,title_brand_mismatch,NA,"Huaqin Technology Co., Ltd",2021-08-20 04:40:00,[HONOR][HUAQIN][HalleyM][AMD Cezanne-H][Intel AX200][2030][21H1][BT]Abnormal disconnection of Bluetooth headset
639361,"HUAQIN TECHNOLOGY CO., LTD",HONOR|NEC,title_brand_mismatch,NA,"Huaqin Technology Co., Ltd",2021-08-20 04:40:00,[HONOR][HUAQIN][HalleyM][AMD Cezanne-H][Intel AX200][2030][21H1][BT]Abnormal disconnection of Bluetooth headset
639361,"HUAQIN TECHNOLOGY CO., LTD",HONOR|NEC,title_brand_mismatch,NA,"Huaqin Technology Co., Ltd",2021-08-20 04:40:00,[HONOR][HUAQIN][HalleyM][AMD Cezanne-H][Intel AX200][2030][21H1][BT]Abnormal disconnection of Bluetooth headset
639133,"COMPAL ELECTRONICS, INC.",DELL,title_brand_mismatch,NA,"COMPAL ELECTRONICS, INC.",2021-08-19 19:11:00,[Dell_Compal_Axiom/SIF MLK ADL] BT Headset can't change volume directly but can change when playing music
639133,"COMPAL ELECTRONICS, INC.",DELL,title_brand_mismatch,NA,"COMPAL ELECTRONICS, INC.",2021-08-19 19:11:00,[Dell_Compal_Axiom/SIF MLK ADL] BT Headset can't change volume directly but can change when playing music
639133,"COMPAL ELECTRONICS, INC.",DELL,title_brand_mismatch,NA,"COMPAL ELECTRONICS, INC.",2021-08-19 19:11:00,[Dell_Compal_Axiom/SIF MLK ADL] BT Headset can't change volume directly but can change when playing music
639128,"HUAQIN TECHNOLOGY CO., LTD",HONOR|NEC,title_brand_mismatch,NA,"Huaqin Technology Co., Ltd",2021-08-19 19:01:00,[HONOR][HUAQIN][HalleyM][AMD Cezanne-H][Intel AX200][2030][21H1][WIFI] WiFi repeatedly disconnected
639128,"HUAQIN TECHNOLOGY CO., LTD",HONOR|NEC,title_brand_mismatch,NA,"Huaqin Technology Co., Ltd",2021-08-19 19:01:00,[HONOR][HUAQIN][HalleyM][AMD Cezanne-H][Intel AX200][2030][21H1][WIFI] WiFi repeatedly disconnected
639128,"HUAQIN TECHNOLOGY CO., LTD",HONOR|NEC,title_brand_mismatch,NA,"Huaqin Technology Co., Ltd",2021-08-19 19:01:00,[HONOR][HUAQIN][HalleyM][AMD Cezanne-H][Intel AX200][2030][21H1][WIFI] WiFi repeatedly disconnected
639050,"HUAQIN TECHNOLOGY CO., LTD",HONOR|NEC,title_brand_mismatch,NA,"Huaqin Technology Co., Ltd",2021-08-19 07:17:00,"[HONOR][HUAQIN][HalleyM][AMD Cezanne-H][Intel AX200][2030][21H1][WIFI]After power on, WiFi shows connected, but you can't surf the Internet for about 5 seconds. This will not happen after the restart."
639050,"HUAQIN TECHNOLOGY CO., LTD",HONOR|NEC,title_brand_mismatch,NA,"Huaqin Technology Co., Ltd",2021-08-19 07:17:00,"[HONOR][HUAQIN][HalleyM][AMD Cezanne-H][Intel AX200][2030][21H1][WIFI]After power on, WiFi shows connected, but you can't surf the Internet for about 5 seconds. This will not happen after the restart."
639050,"HUAQIN TECHNOLOGY CO., LTD",HONOR|NEC,title_brand_mismatch,NA,"Huaqin Technology Co., Ltd",2021-08-19 07:17:00,"[HONOR][HUAQIN][HalleyM][AMD Cezanne-H][Intel AX200][2030][21H1][WIFI]After power on, WiFi shows connected, but you can't surf the Internet for about 5 seconds. This will not happen after the restart."
639042,"HUAQIN TECHNOLOGY CO., LTD",HONOR,title_brand_mismatch,NA,"Huaqin Technology Co., Ltd",2021-08-19 06:31:00,"[HONOR][HUAQIN][HalleyM][AMD Cezanne-H][Intel AX200][2030][21H1][WIFI]After the computer box is covered, QQ repeats the reminder on the computer"
639042,"HUAQIN TECHNOLOGY CO., LTD",HONOR,title_brand_mismatch,NA,"Huaqin Technology Co., Ltd",2021-08-19 06:31:00,"[HONOR][HUAQIN][HalleyM][AMD Cezanne-H][Intel AX200][2030][21H1][WIFI]After the computer box is covered, QQ repeats the reminder on the computer"
639042,"HUAQIN TECHNOLOGY CO., LTD",HONOR,title_brand_mismatch,NA,"Huaqin Technology Co., Ltd",2021-08-19 06:31:00,"[HONOR][HUAQIN][HalleyM][AMD Cezanne-H][Intel AX200][2030][21H1][WIFI]After the computer box is covered, QQ repeats the reminder on the computer"
638972,"COMPAL ELECTRONICS, INC.",DELL,title_brand_mismatch,NA,"COMPAL ELECTRONICS, INC.",2021-08-19 02:52:00,[Dell/Compal]22.70 DRTU didn't work with AX201 sample
638972,"COMPAL ELECTRONICS, INC.",DELL,title_brand_mismatch,NA,"COMPAL ELECTRONICS, INC.",2021-08-19 02:52:00,[Dell/Compal]22.70 DRTU didn't work with AX201 sample
638972,"COMPAL ELECTRONICS, INC.",DELL,title_brand_mismatch,NA,"COMPAL ELECTRONICS, INC.",2021-08-19 02:52:00,[Dell/Compal]22.70 DRTU didn't work with AX201 sample
638725,"HUAQIN TECHNOLOGY CO., LTD",HONOR|NEC,title_brand_mismatch,NA,"Huaqin Technology Co., Ltd",2021-08-18 08:35:00,"[HONOR][HUAQIN][HalleyM][AMD Cezanne-H][Intel AX200][2030][21H1][BT]After connecting the Honor AM61 Bluetooth headset, the F7 key fails, the onboard and headset cannot record, and the recording device displays non mute"
638725,"HUAQIN TECHNOLOGY CO., LTD",HONOR|NEC,title_brand_mismatch,NA,"Huaqin Technology Co., Ltd",2021-08-18 08:35:00,"[HONOR][HUAQIN][HalleyM][AMD Cezanne-H][Intel AX200][2030][21H1][BT]After connecting the Honor AM61 Bluetooth headset, the F7 key fails, the onboard and headset cannot record, and the recording device displays non mute"
638725,"HUAQIN TECHNOLOGY CO., LTD",HONOR|NEC,title_brand_mismatch,NA,"Huaqin Technology Co., Ltd",2021-08-18 08:35:00,"[HONOR][HUAQIN][HalleyM][AMD Cezanne-H][Intel AX200][2030][21H1][BT]After connecting the Honor AM61 Bluetooth headset, the F7 key fails, the onboard and headset cannot record, and the recording device displays non mute"
638336,"HUAQIN TECHNOLOGY CO., LTD",HONOR,title_brand_mismatch,NA,"Huaqin Technology Co., Ltd",2021-08-17 08:56:00,"[HONOR][HUAQIN][HiggsE][Intel TGL][Intel AX201][21H2][BT]When we do HLK test,Bluetooth - SimultaneousBrEdrAndLeTraffic (Development and Integration) fail"
638336,"HUAQIN TECHNOLOGY CO., LTD",HONOR,title_brand_mismatch,NA,"Huaqin Technology Co., Ltd",2021-08-17 08:56:00,"[HONOR][HUAQIN][HiggsE][Intel TGL][Intel AX201][21H2][BT]When we do HLK test,Bluetooth - SimultaneousBrEdrAndLeTraffic (Development and Integration) fail"
638336,"HUAQIN TECHNOLOGY CO., LTD",HONOR,title_brand_mismatch,NA,"Huaqin Technology Co., Ltd",2021-08-17 08:56:00,"[HONOR][HUAQIN][HiggsE][Intel TGL][Intel AX201][21H2][BT]When we do HLK test,Bluetooth - SimultaneousBrEdrAndLeTraffic (Development and Integration) fail"
638333,"HUAQIN TECHNOLOGY CO., LTD",HONOR,title_brand_mismatch,NA,"Huaqin Technology Co., Ltd",2021-08-17 08:48:00,"[HONOR][HUAQIN][HiggsE][Intel TGL][Intel AX201][21H2][BT]When we do HLK test,L2CAP Performance (Reliability) fail"
638333,"HUAQIN TECHNOLOGY CO., LTD",HONOR,title_brand_mismatch,NA,"Huaqin Technology Co., Ltd",2021-08-17 08:48:00,"[HONOR][HUAQIN][HiggsE][Intel TGL][Intel AX201][21H2][BT]When we do HLK test,L2CAP Performance (Reliability) fail"
638333,"HUAQIN TECHNOLOGY CO., LTD",HONOR,title_brand_mismatch,NA,"Huaqin Technology Co., Ltd",2021-08-17 08:48:00,"[HONOR][HUAQIN][HiggsE][Intel TGL][Intel AX201][21H2][BT]When we do HLK test,L2CAP Performance (Reliability) fail"
638331,"HUAQIN TECHNOLOGY CO., LTD",HONOR,title_brand_mismatch,NA,"Huaqin Technology Co., Ltd",2021-08-17 08:36:00,"[HONOR][HUAQIN][HiggsE][Intel TGL][Intel AX201][21H2][BT]When we do HLK test,Bluetooth - HciExtensions (Development and Integration) fail"
638331,"HUAQIN TECHNOLOGY CO., LTD",HONOR,title_brand_mismatch,NA,"Huaqin Technology Co., Ltd",2021-08-17 08:36:00,"[HONOR][HUAQIN][HiggsE][Intel TGL][Intel AX201][21H2][BT]When we do HLK test,Bluetooth - HciExtensions (Development and Integration) fail"
638331,"HUAQIN TECHNOLOGY CO., LTD",HONOR,title_brand_mismatch,NA,"Huaqin Technology Co., Ltd",2021-08-17 08:36:00,"[HONOR][HUAQIN][HiggsE][Intel TGL][Intel AX201][21H2][BT]When we do HLK test,Bluetooth - HciExtensions (Development and Integration) fail"
638326,"HUAQIN TECHNOLOGY CO., LTD",HONOR,title_brand_mismatch,NA,"Huaqin Technology Co., Ltd",2021-08-17 08:22:00,"[HONOR][HUAQIN][HiggsE][Intel TGL][Intel AX201][21H2][BT]When we do HLK test, Bluetooth - 4LeSpecification (Development and Integration)  fail"
638326,"HUAQIN TECHNOLOGY CO., LTD",HONOR,title_brand_mismatch,NA,"Huaqin Technology Co., Ltd",2021-08-17 08:22:00,"[HONOR][HUAQIN][HiggsE][Intel TGL][Intel AX201][21H2][BT]When we do HLK test, Bluetooth - 4LeSpecification (Development and Integration)  fail"
638326,"HUAQIN TECHNOLOGY CO., LTD",HONOR,title_brand_mismatch,NA,"Huaqin Technology Co., Ltd",2021-08-17 08:22:00,"[HONOR][HUAQIN][HiggsE][Intel TGL][Intel AX201][21H2][BT]When we do HLK test, Bluetooth - 4LeSpecification (Development and Integration)  fail"
638017,"COMPAL ELECTRONICS, INC.",LENOVO,title_brand_mismatch,NA,"COMPAL ELECTRONICS, INC.",2021-08-16 20:28:00,[Lenovo AIO][RF][Tianjiao AIO-16ITL K12 (GOA30)][ITL i5-1155G7][Intel AX201NGW #MM:999TD0][Windows 11 21H2][100%] The time delay more than 50ms
638017,"COMPAL ELECTRONICS, INC.",LENOVO,title_brand_mismatch,NA,"COMPAL ELECTRONICS, INC.",2021-08-16 20:28:00,[Lenovo AIO][RF][Tianjiao AIO-16ITL K12 (GOA30)][ITL i5-1155G7][Intel AX201NGW #MM:999TD0][Windows 11 21H2][100%] The time delay more than 50ms
638017,"COMPAL ELECTRONICS, INC.",LENOVO,title_brand_mismatch,NA,"COMPAL ELECTRONICS, INC.",2021-08-16 20:28:00,[Lenovo AIO][RF][Tianjiao AIO-16ITL K12 (GOA30)][ITL i5-1155G7][Intel AX201NGW #MM:999TD0][Windows 11 21H2][100%] The time delay more than 50ms
637373,"HUAQIN TECHNOLOGY CO., LTD",SAMSUNG,title_brand_mismatch,NA,"Huaqin Technology Co., Ltd",2021-08-12 22:34:00,"[Huaqin][Samsung][Titan-U BBY][Win11]The monitor show garbage when playing video with Miracast.(FR:4 out of 4 units, 8 out of 8 times)"
637373,"HUAQIN TECHNOLOGY CO., LTD",SAMSUNG,title_brand_mismatch,NA,"Huaqin Technology Co., Ltd",2021-08-12 22:34:00,"[Huaqin][Samsung][Titan-U BBY][Win11]The monitor show garbage when playing video with Miracast.(FR:4 out of 4 units, 8 out of 8 times)"
637373,"HUAQIN TECHNOLOGY CO., LTD",SAMSUNG,title_brand_mismatch,NA,"Huaqin Technology Co., Ltd",2021-08-12 22:34:00,"[Huaqin][Samsung][Titan-U BBY][Win11]The monitor show garbage when playing video with Miracast.(FR:4 out of 4 units, 8 out of 8 times)"
637187,"COMPAL ELECTRONICS, INC.",DELL,title_brand_mismatch,NA,"COMPAL ELECTRONICS, INC.",2021-08-12 04:18:00,[Dell][MLK-ADL]Run ibterverify tool failed
637187,"COMPAL ELECTRONICS, INC.",DELL,title_brand_mismatch,NA,"COMPAL ELECTRONICS, INC.",2021-08-12 04:18:00,[Dell][MLK-ADL]Run ibterverify tool failed
637187,"COMPAL ELECTRONICS, INC.",DELL,title_brand_mismatch,NA,"COMPAL ELECTRONICS, INC.",2021-08-12 04:18:00,[Dell][MLK-ADL]Run ibterverify tool failed
637144,PEGATRON CORPORATION,DELL,title_brand_mismatch,NA,Pegatron Corporation,2021-08-12 02:09:00,[DELL Corp. AIO/CY22-Pompeii&Nazca/Pegatron/ADL-S+Q670] AX201NGW & AX211NGW DRTU setup occur error message
637144,PEGATRON CORPORATION,DELL,title_brand_mismatch,NA,Pegatron Corporation,2021-08-12 02:09:00,[DELL Corp. AIO/CY22-Pompeii&Nazca/Pegatron/ADL-S+Q670] AX201NGW & AX211NGW DRTU setup occur error message
637144,PEGATRON CORPORATION,DELL,title_brand_mismatch,NA,Pegatron Corporation,2021-08-12 02:09:00,[DELL Corp. AIO/CY22-Pompeii&Nazca/Pegatron/ADL-S+Q670] AX201NGW & AX211NGW DRTU setup occur error message
636790,ECS,LENOVO,title_brand_mismatch,NA,ELITEGROUP COMPUTER SYSTEMS CO. LTD,2021-08-11 03:16:00,[Lenovo_DT][ECS][ADL-S][CSLP][Legion T7][WW33-34WS] [AX201/AX211][HLK] Bluetooth - Initiate platform-level device reset (Fail)
636790,ECS,LENOVO,title_brand_mismatch,NA,ELITEGROUP COMPUTER SYSTEMS CO. LTD,2021-08-11 03:16:00,[Lenovo_DT][ECS][ADL-S][CSLP][Legion T7][WW33-34WS] [AX201/AX211][HLK] Bluetooth - Initiate platform-level device reset (Fail)
636790,ECS,LENOVO,title_brand_mismatch,NA,ELITEGROUP COMPUTER SYSTEMS CO. LTD,2021-08-11 03:16:00,[Lenovo_DT][ECS][ADL-S][CSLP][Legion T7][WW33-34WS] [AX201/AX211][HLK] Bluetooth - Initiate platform-level device reset (Fail)
636273,PEGATRON CORPORATION,DELL,title_brand_mismatch,NA,Pegatron Corporation,2021-08-09 20:23:00,[Dell][CY22 AIO][ADL-S]Intel BT - The PLDR test failed.
636273,PEGATRON CORPORATION,DELL,title_brand_mismatch,NA,Pegatron Corporation,2021-08-09 20:23:00,[Dell][CY22 AIO][ADL-S]Intel BT - The PLDR test failed.
636273,PEGATRON CORPORATION,DELL,title_brand_mismatch,NA,Pegatron Corporation,2021-08-09 20:23:00,[Dell][CY22 AIO][ADL-S]Intel BT - The PLDR test failed.
635805,"HUAQIN TECHNOLOGY CO., LTD",HONOR|NEC,title_brand_mismatch,NA,"Huaqin Technology Co., Ltd",2021-08-06 06:07:00,"[HONOR][HUAQIN][HalleyM][AMD Cezanne-H][Intel AX200][2030][21H1][BT]Connect two Bluetooth headsets and play music with nahimic. When nahimic is turned on and off, the Bluetooth headset has no sound"
635805,"HUAQIN TECHNOLOGY CO., LTD",HONOR|NEC,title_brand_mismatch,NA,"Huaqin Technology Co., Ltd",2021-08-06 06:07:00,"[HONOR][HUAQIN][HalleyM][AMD Cezanne-H][Intel AX200][2030][21H1][BT]Connect two Bluetooth headsets and play music with nahimic. When nahimic is turned on and off, the Bluetooth headset has no sound"
635805,"HUAQIN TECHNOLOGY CO., LTD",HONOR|NEC,title_brand_mismatch,NA,"Huaqin Technology Co., Ltd",2021-08-06 06:07:00,"[HONOR][HUAQIN][HalleyM][AMD Cezanne-H][Intel AX200][2030][21H1][BT]Connect two Bluetooth headsets and play music with nahimic. When nahimic is turned on and off, the Bluetooth headset has no sound"
635800,"HUAQIN TECHNOLOGY CO., LTD",HONOR|NEC,title_brand_mismatch,NA,"Huaqin Technology Co., Ltd",2021-08-06 05:27:00,[HONOR][HUAQIN][HalleyM][AMD Cezanne-H][Intel AX200][2030][21H1][BT]Connect two Bluetooth headsets and share music with nahimic. The sound is not synchronized
635800,"HUAQIN TECHNOLOGY CO., LTD",HONOR|NEC,title_brand_mismatch,NA,"Huaqin Technology Co., Ltd",2021-08-06 05:27:00,[HONOR][HUAQIN][HalleyM][AMD Cezanne-H][Intel AX200][2030][21H1][BT]Connect two Bluetooth headsets and share music with nahimic. The sound is not synchronized
635800,"HUAQIN TECHNOLOGY CO., LTD",HONOR|NEC,title_brand_mismatch,NA,"Huaqin Technology Co., Ltd",2021-08-06 05:27:00,[HONOR][HUAQIN][HalleyM][AMD Cezanne-H][Intel AX200][2030][21H1][BT]Connect two Bluetooth headsets and share music with nahimic. The sound is not synchronized
635766,"HUAQIN TECHNOLOGY CO., LTD",SAMSUNG,title_brand_mismatch,NA,"Huaqin Technology Co., Ltd",2021-08-06 03:01:00,"[Huaqin][Samsung][BBY][win11]Bluetooth mouse appear delay 1S after idle about 10 min.(FR: 4 out of 4 units, 12 out of 12 times)"
635766,"HUAQIN TECHNOLOGY CO., LTD",SAMSUNG,title_brand_mismatch,NA,"Huaqin Technology Co., Ltd",2021-08-06 03:01:00,"[Huaqin][Samsung][BBY][win11]Bluetooth mouse appear delay 1S after idle about 10 min.(FR: 4 out of 4 units, 12 out of 12 times)"
635766,"HUAQIN TECHNOLOGY CO., LTD",SAMSUNG,title_brand_mismatch,NA,"Huaqin Technology Co., Ltd",2021-08-06 03:01:00,"[Huaqin][Samsung][BBY][win11]Bluetooth mouse appear delay 1S after idle about 10 min.(FR: 4 out of 4 units, 12 out of 12 times)"
635405,WISTRON CORPORATION,LENOVO,title_brand_mismatch,NA,WISTRON CORPORATION,2021-08-05 00:05:00,[Lenovo-ThinkPad][Wistron][ThinkPad X1 Titanium Gen 1 ][TGL][AX201][21H2][100%]Hotrod:W11:21H2:HLK:Bluetooth - HciExtensions (Development and Integration) fail to received the wrong number of advertisements.
635405,WISTRON CORPORATION,LENOVO,title_brand_mismatch,NA,WISTRON CORPORATION,2021-08-05 00:05:00,[Lenovo-ThinkPad][Wistron][ThinkPad X1 Titanium Gen 1 ][TGL][AX201][21H2][100%]Hotrod:W11:21H2:HLK:Bluetooth - HciExtensions (Development and Integration) fail to received the wrong number of advertisements.
635405,WISTRON CORPORATION,LENOVO,title_brand_mismatch,NA,WISTRON CORPORATION,2021-08-05 00:05:00,[Lenovo-ThinkPad][Wistron][ThinkPad X1 Titanium Gen 1 ][TGL][AX201][21H2][100%]Hotrod:W11:21H2:HLK:Bluetooth - HciExtensions (Development and Integration) fail to received the wrong number of advertisements.
634631,"COMPAL ELECTRONICS, INC.",DELL|HP,title_brand_mismatch,NA,"COMPAL ELECTRONICS, INC.",2021-08-03 00:06:00,[Dell/Compal][ADLP][SouthPeak MLK][CSLP] AX211 WLAN show YB during stress test
634631,"COMPAL ELECTRONICS, INC.",DELL|HP,title_brand_mismatch,NA,"COMPAL ELECTRONICS, INC.",2021-08-03 00:06:00,[Dell/Compal][ADLP][SouthPeak MLK][CSLP] AX211 WLAN show YB during stress test
634631,"COMPAL ELECTRONICS, INC.",DELL|HP,title_brand_mismatch,NA,"COMPAL ELECTRONICS, INC.",2021-08-03 00:06:00,[Dell/Compal][ADLP][SouthPeak MLK][CSLP] AX211 WLAN show YB during stress test
634598,ECS,LENOVO,title_brand_mismatch,NA,ELITEGROUP COMPUTER SYSTEMS CO. LTD,2021-08-02 22:55:00,[Lenovo_DT][ECS][ADL-S][CSLP][Legion T7][WW33-34WS] [AX201/AX211] A question mark will be displayed of Device Manager
634598,ECS,LENOVO,title_brand_mismatch,NA,ELITEGROUP COMPUTER SYSTEMS CO. LTD,2021-08-02 22:55:00,[Lenovo_DT][ECS][ADL-S][CSLP][Legion T7][WW33-34WS] [AX201/AX211] A question mark will be displayed of Device Manager
634598,ECS,LENOVO,title_brand_mismatch,NA,ELITEGROUP COMPUTER SYSTEMS CO. LTD,2021-08-02 22:55:00,[Lenovo_DT][ECS][ADL-S][CSLP][Legion T7][WW33-34WS] [AX201/AX211] A question mark will be displayed of Device Manager
633995,"COMPAL ELECTRONICS, INC.",ASUS,title_brand_mismatch,NA,"COMPAL ELECTRONICS, INC.",2021-07-30 00:17:00,ASUS-NB UNII-8 ch power issue
633995,"COMPAL ELECTRONICS, INC.",ASUS,title_brand_mismatch,NA,"COMPAL ELECTRONICS, INC.",2021-07-30 00:17:00,ASUS-NB UNII-8 ch power issue
633995,"COMPAL ELECTRONICS, INC.",ASUS,title_brand_mismatch,NA,"COMPAL ELECTRONICS, INC.",2021-07-30 00:17:00,ASUS-NB UNII-8 ch power issue
633889,SAMSUNG,NEC,title_brand_mismatch,NA,"SAMSUNG ELECTRONICS CO., LTD.",2021-07-29 19:59:00,[Mars 5G][TyP][Win11] It takes a long time for connecting LE mouse after S4 or Reboot
633889,SAMSUNG,NEC,title_brand_mismatch,NA,"SAMSUNG ELECTRONICS CO., LTD.",2021-07-29 19:59:00,[Mars 5G][TyP][Win11] It takes a long time for connecting LE mouse after S4 or Reboot
633889,SAMSUNG,NEC,title_brand_mismatch,NA,"SAMSUNG ELECTRONICS CO., LTD.",2021-07-29 19:59:00,[Mars 5G][TyP][Win11] It takes a long time for connecting LE mouse after S4 or Reboot
633865,WISTRON CORPORATION,DELL,title_brand_mismatch,NA,WISTRON CORPORATION,2021-07-29 18:59:00,[DELL Corp. DT/UFF Meerkat/Wistron/TGL-UP3][Intel AX201] Bluetooth device cannot be paired through the prompt dialog of the bottom right corner
633865,WISTRON CORPORATION,DELL,title_brand_mismatch,NA,WISTRON CORPORATION,2021-07-29 18:59:00,[DELL Corp. DT/UFF Meerkat/Wistron/TGL-UP3][Intel AX201] Bluetooth device cannot be paired through the prompt dialog of the bottom right corner
633865,WISTRON CORPORATION,DELL,title_brand_mismatch,NA,WISTRON CORPORATION,2021-07-29 18:59:00,[DELL Corp. DT/UFF Meerkat/Wistron/TGL-UP3][Intel AX201] Bluetooth device cannot be paired through the prompt dialog of the bottom right corner
633171,"COMPAL ELECTRONICS, INC.",DELL,title_brand_mismatch,NA,"COMPAL ELECTRONICS, INC.",2021-07-27 19:47:00,[Dell/Compal_ Odyssey_ADLP] WHLK test fail on BT audio offload items
633171,"COMPAL ELECTRONICS, INC.",DELL,title_brand_mismatch,NA,"COMPAL ELECTRONICS, INC.",2021-07-27 19:47:00,[Dell/Compal_ Odyssey_ADLP] WHLK test fail on BT audio offload items
633171,"COMPAL ELECTRONICS, INC.",DELL,title_brand_mismatch,NA,"COMPAL ELECTRONICS, INC.",2021-07-27 19:47:00,[Dell/Compal_ Odyssey_ADLP] WHLK test fail on BT audio offload items
633074,"HUAQIN TECHNOLOGY CO., LTD",HONOR|NEC,title_brand_mismatch,NA,"Huaqin Technology Co., Ltd",2021-07-27 08:39:00,[HONOR][HUAQIN][HalleyM][AMD Cezanne-H][Intel AX200][2030][21H1][WIFI]Mobile phone connected to computer hotspot display connection timeout
633074,"HUAQIN TECHNOLOGY CO., LTD",HONOR|NEC,title_brand_mismatch,NA,"Huaqin Technology Co., Ltd",2021-07-27 08:39:00,[HONOR][HUAQIN][HalleyM][AMD Cezanne-H][Intel AX200][2030][21H1][WIFI]Mobile phone connected to computer hotspot display connection timeout
633074,"HUAQIN TECHNOLOGY CO., LTD",HONOR|NEC,title_brand_mismatch,NA,"Huaqin Technology Co., Ltd",2021-07-27 08:39:00,[HONOR][HUAQIN][HalleyM][AMD Cezanne-H][Intel AX200][2030][21H1][WIFI]Mobile phone connected to computer hotspot display connection timeout
633070,"COMPAL ELECTRONICS, INC.",ASUS,title_brand_mismatch,NA,"COMPAL ELECTRONICS, INC.",2021-07-27 08:32:00,[ASUS_Compal][B5402_TGL-U][AX210][20H2] The Wlan device will lost when we running Modern Standby with AX210.
633070,"COMPAL ELECTRONICS, INC.",ASUS,title_brand_mismatch,NA,"COMPAL ELECTRONICS, INC.",2021-07-27 08:32:00,[ASUS_Compal][B5402_TGL-U][AX210][20H2] The Wlan device will lost when we running Modern Standby with AX210.
633070,"COMPAL ELECTRONICS, INC.",ASUS,title_brand_mismatch,NA,"COMPAL ELECTRONICS, INC.",2021-07-27 08:32:00,[ASUS_Compal][B5402_TGL-U][AX210][20H2] The Wlan device will lost when we running Modern Standby with AX210.
632802,"COMPAL ELECTRONICS, INC.",ASUS,title_brand_mismatch,NA,"COMPAL ELECTRONICS, INC.",2021-07-26 19:43:00,[ASUS_Compal][B5402_TGL-U][AX210][20H2] It will show event Fatal error: The miniport has failed a power transition to operational power when we running Modern Standby or S4 with AX210.
632802,"COMPAL ELECTRONICS, INC.",ASUS,title_brand_mismatch,NA,"COMPAL ELECTRONICS, INC.",2021-07-26 19:43:00,[ASUS_Compal][B5402_TGL-U][AX210][20H2] It will show event Fatal error: The miniport has failed a power transition to operational power when we running Modern Standby or S4 with AX210.
632802,"COMPAL ELECTRONICS, INC.",ASUS,title_brand_mismatch,NA,"COMPAL ELECTRONICS, INC.",2021-07-26 19:43:00,[ASUS_Compal][B5402_TGL-U][AX210][20H2] It will show event Fatal error: The miniport has failed a power transition to operational power when we running Modern Standby or S4 with AX210.
632594,WISTRON CORPORATION,LENOVO,title_brand_mismatch,NA,WISTRON CORPORATION,2021-07-26 01:43:00,[Lenovo][Wistron][ThinkCentreM70a-gen1&gen2][CML&RKL][AX201][Win11 build 22000.1][F/R 100%]occur error event log 5010 related to wifi
632594,WISTRON CORPORATION,LENOVO,title_brand_mismatch,NA,WISTRON CORPORATION,2021-07-26 01:43:00,[Lenovo][Wistron][ThinkCentreM70a-gen1&gen2][CML&RKL][AX201][Win11 build 22000.1][F/R 100%]occur error event log 5010 related to wifi
632594,WISTRON CORPORATION,LENOVO,title_brand_mismatch,NA,WISTRON CORPORATION,2021-07-26 01:43:00,[Lenovo][Wistron][ThinkCentreM70a-gen1&gen2][CML&RKL][AX201][Win11 build 22000.1][F/R 100%]occur error event log 5010 related to wifi
632485,"COMPAL ELECTRONICS, INC.",LENOVO,title_brand_mismatch,NA,"COMPAL ELECTRONICS, INC.",2021-07-25 22:56:00,"[Lenovo_IdeaPad][Compal][S560 Pro-14ITL][Win11] Transfer of 10M file more than 5 minutes(about 8 mins) by ??nearby sharing??.(F/R:2/3,3 /12)"
632485,"COMPAL ELECTRONICS, INC.",LENOVO,title_brand_mismatch,NA,"COMPAL ELECTRONICS, INC.",2021-07-25 22:56:00,"[Lenovo_IdeaPad][Compal][S560 Pro-14ITL][Win11] Transfer of 10M file more than 5 minutes(about 8 mins) by ??nearby sharing??.(F/R:2/3,3 /12)"
632485,"COMPAL ELECTRONICS, INC.",LENOVO,title_brand_mismatch,NA,"COMPAL ELECTRONICS, INC.",2021-07-25 22:56:00,"[Lenovo_IdeaPad][Compal][S560 Pro-14ITL][Win11] Transfer of 10M file more than 5 minutes(about 8 mins) by ??nearby sharing??.(F/R:2/3,3 /12)"
632417,QUANTA COMPUTER INC.,HONOR,title_brand_mismatch,NA,QUANTA COMPUTER INC.,2021-07-25 19:01:00,[HONOR][Quanta][H99Y][NobelDR][AX201][20H2][WIFI][TBD] WIFI show YB during WIFI testing.(netwtw10 error)
632417,QUANTA COMPUTER INC.,HONOR,title_brand_mismatch,NA,QUANTA COMPUTER INC.,2021-07-25 19:01:00,[HONOR][Quanta][H99Y][NobelDR][AX201][20H2][WIFI][TBD] WIFI show YB during WIFI testing.(netwtw10 error)
632417,QUANTA COMPUTER INC.,HONOR,title_brand_mismatch,NA,QUANTA COMPUTER INC.,2021-07-25 19:01:00,[HONOR][Quanta][H99Y][NobelDR][AX201][20H2][WIFI][TBD] WIFI show YB during WIFI testing.(netwtw10 error)
632409,QUANTA COMPUTER INC.,ASUS,title_brand_mismatch,NA,QUANTA COMPUTER INC.,2021-07-25 18:44:00,[ASUS][QUANTA][FX507_FX517] [AX201.NGWG.NVW 999TD0] Bluetooth offload enable query in ADL-P platform
632409,QUANTA COMPUTER INC.,ASUS,title_brand_mismatch,NA,QUANTA COMPUTER INC.,2021-07-25 18:44:00,[ASUS][QUANTA][FX507_FX517] [AX201.NGWG.NVW 999TD0] Bluetooth offload enable query in ADL-P platform
632409,QUANTA COMPUTER INC.,ASUS,title_brand_mismatch,NA,QUANTA COMPUTER INC.,2021-07-25 18:44:00,[ASUS][QUANTA][FX507_FX517] [AX201.NGWG.NVW 999TD0] Bluetooth offload enable query in ADL-P platform
632075,PEGATRON CORPORATION,ASUS,title_brand_mismatch,NA,Pegatron Corporation,2021-07-22 19:01:00,[ASUS PC][PEGA][B2402/B2502] Intel WiFi 6 AX201 Regulatory power table Modify
632075,PEGATRON CORPORATION,ASUS,title_brand_mismatch,NA,Pegatron Corporation,2021-07-22 19:01:00,[ASUS PC][PEGA][B2402/B2502] Intel WiFi 6 AX201 Regulatory power table Modify
632075,PEGATRON CORPORATION,ASUS,title_brand_mismatch,NA,Pegatron Corporation,2021-07-22 19:01:00,[ASUS PC][PEGA][B2402/B2502] Intel WiFi 6 AX201 Regulatory power table Modify
631985,"COMPAL ELECTRONICS, INC.",LENOVO|NEC,title_brand_mismatch,NA,"COMPAL ELECTRONICS, INC.",2021-07-22 07:00:00,[Lenovo_IdeaPad][Compal][S550-14ITL_Touch ][Win11] Intel®AC9560:_BT device auto disconnect or no function with driver V22.60.
631985,"COMPAL ELECTRONICS, INC.",LENOVO|NEC,title_brand_mismatch,NA,"COMPAL ELECTRONICS, INC.",2021-07-22 07:00:00,[Lenovo_IdeaPad][Compal][S550-14ITL_Touch ][Win11] Intel®AC9560:_BT device auto disconnect or no function with driver V22.60.
631985,"COMPAL ELECTRONICS, INC.",LENOVO|NEC,title_brand_mismatch,NA,"COMPAL ELECTRONICS, INC.",2021-07-22 07:00:00,[Lenovo_IdeaPad][Compal][S550-14ITL_Touch ][Win11] Intel®AC9560:_BT device auto disconnect or no function with driver V22.60.
631877,SAMSUNG,NEC,title_brand_mismatch,NA,"SAMSUNG ELECTRONICS CO., LTD.",2021-07-22 01:24:00,[GfP2 DRTU]WiFi Bin commands connection failed
631877,SAMSUNG,NEC,title_brand_mismatch,NA,"SAMSUNG ELECTRONICS CO., LTD.",2021-07-22 01:24:00,[GfP2 DRTU]WiFi Bin commands connection failed
631877,SAMSUNG,NEC,title_brand_mismatch,NA,"SAMSUNG ELECTRONICS CO., LTD.",2021-07-22 01:24:00,[GfP2 DRTU]WiFi Bin commands connection failed
631463,LENOVO,NEC,title_brand_mismatch,NA,LENOVO COMPAL FUTURE CENTER,2021-07-20 21:19:00,"[ThinkPad JP LCFC_Lark][WW30][CCP BT 22.40.0.2 ] When not actively being used (flip off/on to reconnect),the system found the keyboard stops working.(customer complaint)"
631463,LENOVO,NEC,title_brand_mismatch,NA,LENOVO COMPAL FUTURE CENTER,2021-07-20 21:19:00,"[ThinkPad JP LCFC_Lark][WW30][CCP BT 22.40.0.2 ] When not actively being used (flip off/on to reconnect),the system found the keyboard stops working.(customer complaint)"
631463,LENOVO,NEC,title_brand_mismatch,NA,LENOVO COMPAL FUTURE CENTER,2021-07-20 21:19:00,"[ThinkPad JP LCFC_Lark][WW30][CCP BT 22.40.0.2 ] When not actively being used (flip off/on to reconnect),the system found the keyboard stops working.(customer complaint)"
631082,WISTRON CORPORATION,DELL|HP,title_brand_mismatch,NA,WISTRON CORPORATION,2021-07-19 23:40:00,[Dell][SouthpeakMLK][ADL-P] WLAN still be off after do wireless radio control when SUT resume from S4/S5(FR:3/5 Times)
631082,WISTRON CORPORATION,DELL|HP,title_brand_mismatch,NA,WISTRON CORPORATION,2021-07-19 23:40:00,[Dell][SouthpeakMLK][ADL-P] WLAN still be off after do wireless radio control when SUT resume from S4/S5(FR:3/5 Times)
631082,WISTRON CORPORATION,DELL|HP,title_brand_mismatch,NA,WISTRON CORPORATION,2021-07-19 23:40:00,[Dell][SouthpeakMLK][ADL-P] WLAN still be off after do wireless radio control when SUT resume from S4/S5(FR:3/5 Times)
631009,WISTRON CORPORATION,DELL,title_brand_mismatch,NA,WISTRON CORPORATION,2021-07-19 19:19:00,(Copy Of 00631006) [DELL Corp. DT/D12_Plymouth_Troy/Wistron/ADL-S+Q670/B660][Win11][AX210/AX211]link partner can't discover SUT by BT normally
631009,WISTRON CORPORATION,DELL,title_brand_mismatch,NA,WISTRON CORPORATION,2021-07-19 19:19:00,(Copy Of 00631006) [DELL Corp. DT/D12_Plymouth_Troy/Wistron/ADL-S+Q670/B660][Win11][AX210/AX211]link partner can't discover SUT by BT normally
631009,WISTRON CORPORATION,DELL,title_brand_mismatch,NA,WISTRON CORPORATION,2021-07-19 19:19:00,(Copy Of 00631006) [DELL Corp. DT/D12_Plymouth_Troy/Wistron/ADL-S+Q670/B660][Win11][AX210/AX211]link partner can't discover SUT by BT normally
630510,"FOXCONN TECHNOLOGY CO., LTD.",DELL,title_brand_mismatch,NA,"FOXCONN TECHNOLOGY CO., LTD.",2021-07-16 05:20:00,"[DELL Corp. DT/Foxconn/Intel ADL-S go fast][D12 Dolphin V SFF][WLAN]WIN,22000,HLK,V_SFF_Some HLK Bluetooth tests fail w/ Intel AX210"
630510,"FOXCONN TECHNOLOGY CO., LTD.",DELL,title_brand_mismatch,NA,"FOXCONN TECHNOLOGY CO., LTD.",2021-07-16 05:20:00,"[DELL Corp. DT/Foxconn/Intel ADL-S go fast][D12 Dolphin V SFF][WLAN]WIN,22000,HLK,V_SFF_Some HLK Bluetooth tests fail w/ Intel AX210"
630510,"FOXCONN TECHNOLOGY CO., LTD.",DELL,title_brand_mismatch,NA,"FOXCONN TECHNOLOGY CO., LTD.",2021-07-16 05:20:00,"[DELL Corp. DT/Foxconn/Intel ADL-S go fast][D12 Dolphin V SFF][WLAN]WIN,22000,HLK,V_SFF_Some HLK Bluetooth tests fail w/ Intel AX210"
630233,PEGATRON CORPORATION,DELL,title_brand_mismatch,NA,Pegatron Corporation,2021-07-15 17:57:00,[DELL][CY22 AIO][ADL][AX211]The AX211 cannot search the AP by 6 GHZ.
630233,PEGATRON CORPORATION,DELL,title_brand_mismatch,NA,Pegatron Corporation,2021-07-15 17:57:00,[DELL][CY22 AIO][ADL][AX211]The AX211 cannot search the AP by 6 GHZ.
630233,PEGATRON CORPORATION,DELL,title_brand_mismatch,NA,Pegatron Corporation,2021-07-15 17:57:00,[DELL][CY22 AIO][ADL][AX211]The AX211 cannot search the AP by 6 GHZ.
630224,"FOXCONN TECHNOLOGY CO., LTD.",DELL,title_brand_mismatch,NA,"FOXCONN TECHNOLOGY CO., LTD.",2021-07-15 17:42:00,[DELL Corp. DT/Foxconn/Intel ADL-S][D12 Widowmaker][Intel WRT tool]WM_WRT tool is Offline mode with Killer 1675x wlan card installed.
630224,"FOXCONN TECHNOLOGY CO., LTD.",DELL,title_brand_mismatch,NA,"FOXCONN TECHNOLOGY CO., LTD.",2021-07-15 17:42:00,[DELL Corp. DT/Foxconn/Intel ADL-S][D12 Widowmaker][Intel WRT tool]WM_WRT tool is Offline mode with Killer 1675x wlan card installed.
630224,"FOXCONN TECHNOLOGY CO., LTD.",DELL,title_brand_mismatch,NA,"FOXCONN TECHNOLOGY CO., LTD.",2021-07-15 17:42:00,[DELL Corp. DT/Foxconn/Intel ADL-S][D12 Widowmaker][Intel WRT tool]WM_WRT tool is Offline mode with Killer 1675x wlan card installed.
630038,"COMPAL ELECTRONICS, INC.",LENOVO,title_brand_mismatch,NA,"COMPAL ELECTRONICS, INC.",2021-07-15 01:46:00,[Lenovo_IdeaPad][Compal][S560pro-14ACN ][Win11] AX200 - The pairing prompt box did not respond when transfer file to unpaired PC.
630038,"COMPAL ELECTRONICS, INC.",LENOVO,title_brand_mismatch,NA,"COMPAL ELECTRONICS, INC.",2021-07-15 01:46:00,[Lenovo_IdeaPad][Compal][S560pro-14ACN ][Win11] AX200 - The pairing prompt box did not respond when transfer file to unpaired PC.
630038,"COMPAL ELECTRONICS, INC.",LENOVO,title_brand_mismatch,NA,"COMPAL ELECTRONICS, INC.",2021-07-15 01:46:00,[Lenovo_IdeaPad][Compal][S560pro-14ACN ][Win11] AX200 - The pairing prompt box did not respond when transfer file to unpaired PC.
629968,"HUAQIN TECHNOLOGY CO., LTD",HONOR,title_brand_mismatch,NA,"Huaqin Technology Co., Ltd",2021-07-14 23:01:00,[HONOR][HUAQIN][HalleyM][AMD Cezanne-H][Intel AX200][21H1][WIFI/BT] Bluetooth device will be stay in disabled state after repeat the test Bluetooth disable and enable.
629968,"HUAQIN TECHNOLOGY CO., LTD",HONOR,title_brand_mismatch,NA,"Huaqin Technology Co., Ltd",2021-07-14 23:01:00,[HONOR][HUAQIN][HalleyM][AMD Cezanne-H][Intel AX200][21H1][WIFI/BT] Bluetooth device will be stay in disabled state after repeat the test Bluetooth disable and enable.
629968,"HUAQIN TECHNOLOGY CO., LTD",HONOR,title_brand_mismatch,NA,"Huaqin Technology Co., Ltd",2021-07-14 23:01:00,[HONOR][HUAQIN][HalleyM][AMD Cezanne-H][Intel AX200][21H1][WIFI/BT] Bluetooth device will be stay in disabled state after repeat the test Bluetooth disable and enable.
629738,"COMPAL ELECTRONICS, INC.",DELL|NEC,title_brand_mismatch,NA,"COMPAL ELECTRONICS, INC.",2021-07-14 03:08:00,[Dell][Andrews_TGL][WiFi]Unable to connect to 5G Wifi
629738,"COMPAL ELECTRONICS, INC.",DELL|NEC,title_brand_mismatch,NA,"COMPAL ELECTRONICS, INC.",2021-07-14 03:08:00,[Dell][Andrews_TGL][WiFi]Unable to connect to 5G Wifi
629738,"COMPAL ELECTRONICS, INC.",DELL|NEC,title_brand_mismatch,NA,"COMPAL ELECTRONICS, INC.",2021-07-14 03:08:00,[Dell][Andrews_TGL][WiFi]Unable to connect to 5G Wifi
629654,"COMPAL ELECTRONICS, INC.",LENOVO,title_brand_mismatch,NA,"COMPAL ELECTRONICS, INC.",2021-07-14 00:45:00,"[Lenovo_IdeaPad][Compal][S560pro-14ACN ][Win11] Test unit sometimes lack of BT Headset output choice. (F/R:1/3, 1/20)"
629654,"COMPAL ELECTRONICS, INC.",LENOVO,title_brand_mismatch,NA,"COMPAL ELECTRONICS, INC.",2021-07-14 00:45:00,"[Lenovo_IdeaPad][Compal][S560pro-14ACN ][Win11] Test unit sometimes lack of BT Headset output choice. (F/R:1/3, 1/20)"
629654,"COMPAL ELECTRONICS, INC.",LENOVO,title_brand_mismatch,NA,"COMPAL ELECTRONICS, INC.",2021-07-14 00:45:00,"[Lenovo_IdeaPad][Compal][S560pro-14ACN ][Win11] Test unit sometimes lack of BT Headset output choice. (F/R:1/3, 1/20)"
629311,"HUAQIN TECHNOLOGY CO., LTD",HONOR,title_brand_mismatch,NA,"Huaqin Technology Co., Ltd",2021-07-13 00:27:00,"[Honor][Huaqin][Halley-M][AMD-Ryzen][AX200][21H1]Power Dropping of 11n MCS7, & 11n MCS0 cannot be tested"
629311,"HUAQIN TECHNOLOGY CO., LTD",HONOR,title_brand_mismatch,NA,"Huaqin Technology Co., Ltd",2021-07-13 00:27:00,"[Honor][Huaqin][Halley-M][AMD-Ryzen][AX200][21H1]Power Dropping of 11n MCS7, & 11n MCS0 cannot be tested"
629311,"HUAQIN TECHNOLOGY CO., LTD",HONOR,title_brand_mismatch,NA,"Huaqin Technology Co., Ltd",2021-07-13 00:27:00,"[Honor][Huaqin][Halley-M][AMD-Ryzen][AX200][21H1]Power Dropping of 11n MCS7, & 11n MCS0 cannot be tested"
629288,"COMPAL ELECTRONICS, INC.",DELL,title_brand_mismatch,NA,"COMPAL ELECTRONICS, INC.",2021-07-12 23:53:00,[Dell/Compal_ Odyssey_ADLP] WHLK test fail on BT audio offload items
629288,"COMPAL ELECTRONICS, INC.",DELL,title_brand_mismatch,NA,"COMPAL ELECTRONICS, INC.",2021-07-12 23:53:00,[Dell/Compal_ Odyssey_ADLP] WHLK test fail on BT audio offload items
629288,"COMPAL ELECTRONICS, INC.",DELL,title_brand_mismatch,NA,"COMPAL ELECTRONICS, INC.",2021-07-12 23:53:00,[Dell/Compal_ Odyssey_ADLP] WHLK test fail on BT audio offload items
629283,"COMPAL ELECTRONICS, INC.",DELL,title_brand_mismatch,NA,"COMPAL ELECTRONICS, INC.",2021-07-12 23:43:00,"[Dell][Compal][Tiger Lake] [AX201]System hang black screen after resume from MS,there are too many repetition events ID 7025/7026 in Event log"
629283,"COMPAL ELECTRONICS, INC.",DELL,title_brand_mismatch,NA,"COMPAL ELECTRONICS, INC.",2021-07-12 23:43:00,"[Dell][Compal][Tiger Lake] [AX201]System hang black screen after resume from MS,there are too many repetition events ID 7025/7026 in Event log"
629283,"COMPAL ELECTRONICS, INC.",DELL,title_brand_mismatch,NA,"COMPAL ELECTRONICS, INC.",2021-07-12 23:43:00,"[Dell][Compal][Tiger Lake] [AX201]System hang black screen after resume from MS,there are too many repetition events ID 7025/7026 in Event log"
629205,"HUAQIN TECHNOLOGY CO., LTD",HONOR|NEC,title_brand_mismatch,NA,"Huaqin Technology Co., Ltd",2021-07-12 21:07:00,[HONOR][HUAQIN][HiggsE][Intel TGL][Intel AX201][21H1][WIFI]WiFi list shows that WiFi network cannot be found after connecting network and idle
629205,"HUAQIN TECHNOLOGY CO., LTD",HONOR|NEC,title_brand_mismatch,NA,"Huaqin Technology Co., Ltd",2021-07-12 21:07:00,[HONOR][HUAQIN][HiggsE][Intel TGL][Intel AX201][21H1][WIFI]WiFi list shows that WiFi network cannot be found after connecting network and idle
629205,"HUAQIN TECHNOLOGY CO., LTD",HONOR|NEC,title_brand_mismatch,NA,"Huaqin Technology Co., Ltd",2021-07-12 21:07:00,[HONOR][HUAQIN][HiggsE][Intel TGL][Intel AX201][21H1][WIFI]WiFi list shows that WiFi network cannot be found after connecting network and idle
628460,WISTRON CORPORATION,LENOVO,title_brand_mismatch,NA,WISTRON CORPORATION,2021-07-08 18:50:00,[Lenovo-ThinkPad][Wistron][X1 Extreme Gen 4i][TGL][AX210][20H2]BT YB Issue
628460,WISTRON CORPORATION,LENOVO,title_brand_mismatch,NA,WISTRON CORPORATION,2021-07-08 18:50:00,[Lenovo-ThinkPad][Wistron][X1 Extreme Gen 4i][TGL][AX210][20H2]BT YB Issue
628460,WISTRON CORPORATION,LENOVO,title_brand_mismatch,NA,WISTRON CORPORATION,2021-07-08 18:50:00,[Lenovo-ThinkPad][Wistron][X1 Extreme Gen 4i][TGL][AX210][20H2]BT YB Issue
628013,"HUAQIN TECHNOLOGY CO., LTD",HONOR,title_brand_mismatch,NA,"Huaqin Technology Co., Ltd",2021-07-07 06:43:00,"[HONOR][HUAQIN][HiggsE][Intel TGL][Intel AX201][21H1][WIFI]Run S4 with step v3.4.8 tool, and the hang machine appears in black screen, and the dump points to the network card"
628013,"HUAQIN TECHNOLOGY CO., LTD",HONOR,title_brand_mismatch,NA,"Huaqin Technology Co., Ltd",2021-07-07 06:43:00,"[HONOR][HUAQIN][HiggsE][Intel TGL][Intel AX201][21H1][WIFI]Run S4 with step v3.4.8 tool, and the hang machine appears in black screen, and the dump points to the network card"
628013,"HUAQIN TECHNOLOGY CO., LTD",HONOR,title_brand_mismatch,NA,"Huaqin Technology Co., Ltd",2021-07-07 06:43:00,"[HONOR][HUAQIN][HiggsE][Intel TGL][Intel AX201][21H1][WIFI]Run S4 with step v3.4.8 tool, and the hang machine appears in black screen, and the dump points to the network card"
627970,"HUAQIN TECHNOLOGY CO., LTD",HONOR,title_brand_mismatch,NA,"Huaqin Technology Co., Ltd",2021-07-07 03:15:00,"[HONOR][HUAQIN][HiggsE][Intel TGL][Intel AX201][21H1][BT]Use Windows Hardware Lab Kit to run Bluetooth - HciExtension1,display fail"
627970,"HUAQIN TECHNOLOGY CO., LTD",HONOR,title_brand_mismatch,NA,"Huaqin Technology Co., Ltd",2021-07-07 03:15:00,"[HONOR][HUAQIN][HiggsE][Intel TGL][Intel AX201][21H1][BT]Use Windows Hardware Lab Kit to run Bluetooth - HciExtension1,display fail"
627970,"HUAQIN TECHNOLOGY CO., LTD",HONOR,title_brand_mismatch,NA,"Huaqin Technology Co., Ltd",2021-07-07 03:15:00,"[HONOR][HUAQIN][HiggsE][Intel TGL][Intel AX201][21H1][BT]Use Windows Hardware Lab Kit to run Bluetooth - HciExtension1,display fail"
627509,"COMPAL ELECTRONICS, INC.",HP|LENOVO,title_brand_mismatch,NA,"COMPAL ELECTRONICS, INC.",2021-07-06 01:47:00,[Lenovo-AIO][Comapl][A360][TGL-U][9560_AX201][Win11][100%]The BT throughput cannot meet spec(>=1.0 Mbps)
627509,"COMPAL ELECTRONICS, INC.",HP|LENOVO,title_brand_mismatch,NA,"COMPAL ELECTRONICS, INC.",2021-07-06 01:47:00,[Lenovo-AIO][Comapl][A360][TGL-U][9560_AX201][Win11][100%]The BT throughput cannot meet spec(>=1.0 Mbps)
627509,"COMPAL ELECTRONICS, INC.",HP|LENOVO,title_brand_mismatch,NA,"COMPAL ELECTRONICS, INC.",2021-07-06 01:47:00,[Lenovo-AIO][Comapl][A360][TGL-U][9560_AX201][Win11][100%]The BT throughput cannot meet spec(>=1.0 Mbps)
626903,WISTRON CORPORATION,LENOVO,title_brand_mismatch,NA,WISTRON CORPORATION,2021-07-02 03:55:00,[Lenovo ThinkPad China][LCFC][Ares2 AMD CZN][AX200]Module power can't meet BIOS SAR table
626903,WISTRON CORPORATION,LENOVO,title_brand_mismatch,NA,WISTRON CORPORATION,2021-07-02 03:55:00,[Lenovo ThinkPad China][LCFC][Ares2 AMD CZN][AX200]Module power can't meet BIOS SAR table
626903,WISTRON CORPORATION,LENOVO,title_brand_mismatch,NA,WISTRON CORPORATION,2021-07-02 03:55:00,[Lenovo ThinkPad China][LCFC][Ares2 AMD CZN][AX200]Module power can't meet BIOS SAR table
626761,WISTRON CORPORATION,DELL,title_brand_mismatch,NA,WISTRON CORPORATION,2021-07-01 19:54:00,[Dell][Wistron][ADL-P][StradaleMLK2] AX211 shows YB after installing 22.65.0.1 WLAN driver
626761,WISTRON CORPORATION,DELL,title_brand_mismatch,NA,WISTRON CORPORATION,2021-07-01 19:54:00,[Dell][Wistron][ADL-P][StradaleMLK2] AX211 shows YB after installing 22.65.0.1 WLAN driver
626761,WISTRON CORPORATION,DELL,title_brand_mismatch,NA,WISTRON CORPORATION,2021-07-01 19:54:00,[Dell][Wistron][ADL-P][StradaleMLK2] AX211 shows YB after installing 22.65.0.1 WLAN driver
625964,"HUAQIN TECHNOLOGY CO., LTD",HONOR,title_brand_mismatch,NA,"Huaqin Technology Co., Ltd",2021-06-29 05:21:00,[HONOR][HUAQIN][HiggsE][Intel TGL][Intel AX201][21H1][WIFI]WiFi driver lost due to side drop
625964,"HUAQIN TECHNOLOGY CO., LTD",HONOR,title_brand_mismatch,NA,"Huaqin Technology Co., Ltd",2021-06-29 05:21:00,[HONOR][HUAQIN][HiggsE][Intel TGL][Intel AX201][21H1][WIFI]WiFi driver lost due to side drop
625964,"HUAQIN TECHNOLOGY CO., LTD",HONOR,title_brand_mismatch,NA,"Huaqin Technology Co., Ltd",2021-06-29 05:21:00,[HONOR][HUAQIN][HiggsE][Intel TGL][Intel AX201][21H1][WIFI]WiFi driver lost due to side drop
625423,DELL,NEC,title_brand_mismatch,NA,DELL U S A CORPORATION,2021-06-27 23:46:00,WiFi disconnecting on 802.11r (fast roaming) networks (Meraki)
625423,DELL,NEC,title_brand_mismatch,NA,DELL U S A CORPORATION,2021-06-27 23:46:00,WiFi disconnecting on 802.11r (fast roaming) networks (Meraki)
625423,DELL,NEC,title_brand_mismatch,NA,DELL U S A CORPORATION,2021-06-27 23:46:00,WiFi disconnecting on 802.11r (fast roaming) networks (Meraki)
625290,"HUAQIN TECHNOLOGY CO., LTD",HONOR,title_brand_mismatch,NA,"Huaqin Technology Co., Ltd",2021-06-26 04:57:00,[HONOR][HUAQIN][HalleyM][AMD Cezanne-H][Intel AX200][21H1][WIFI/BT]The device manager inside WIFI driver yellow label and Bluetooth driver lost in the vibration test
625290,"HUAQIN TECHNOLOGY CO., LTD",HONOR,title_brand_mismatch,NA,"Huaqin Technology Co., Ltd",2021-06-26 04:57:00,[HONOR][HUAQIN][HalleyM][AMD Cezanne-H][Intel AX200][21H1][WIFI/BT]The device manager inside WIFI driver yellow label and Bluetooth driver lost in the vibration test
625290,"HUAQIN TECHNOLOGY CO., LTD",HONOR,title_brand_mismatch,NA,"Huaqin Technology Co., Ltd",2021-06-26 04:57:00,[HONOR][HUAQIN][HalleyM][AMD Cezanne-H][Intel AX200][21H1][WIFI/BT]The device manager inside WIFI driver yellow label and Bluetooth driver lost in the vibration test
625084,"SHENZHEN BITLAND INFORMATION TECHNOLOGYCO., LTD.",XIAOMI,title_brand_mismatch,NA,"SHENZHEN BITLAND INFORMATION TECHNOLOGYCO., LTD.",2021-06-25 00:15:00,[Xiaomi][Bitland][A7S][AMD APU Ryzen][AX200NGWG 2x2][21H1][1/40] Running ms test ouccurs BOSD
625084,"SHENZHEN BITLAND INFORMATION TECHNOLOGYCO., LTD.",XIAOMI,title_brand_mismatch,NA,"SHENZHEN BITLAND INFORMATION TECHNOLOGYCO., LTD.",2021-06-25 00:15:00,[Xiaomi][Bitland][A7S][AMD APU Ryzen][AX200NGWG 2x2][21H1][1/40] Running ms test ouccurs BOSD
625084,"SHENZHEN BITLAND INFORMATION TECHNOLOGYCO., LTD.",XIAOMI,title_brand_mismatch,NA,"SHENZHEN BITLAND INFORMATION TECHNOLOGYCO., LTD.",2021-06-25 00:15:00,[Xiaomi][Bitland][A7S][AMD APU Ryzen][AX200NGWG 2x2][21H1][1/40] Running ms test ouccurs BOSD
624746,PANASONIC,NEC,title_brand_mismatch,NA,Panasonic Connect,2021-06-23 23:56:00,[GfP2][ADL] Wi-Fi 6E connection
624746,PANASONIC,NEC,title_brand_mismatch,NA,Panasonic Connect,2021-06-23 23:56:00,[GfP2][ADL] Wi-Fi 6E connection
624746,PANASONIC,NEC,title_brand_mismatch,NA,Panasonic Connect,2021-06-23 23:56:00,[GfP2][ADL] Wi-Fi 6E connection
624171,"COMPAL ELECTRONICS, INC.",LENOVO|NEC,title_brand_mismatch,NA,"COMPAL ELECTRONICS, INC.",2021-06-22 02:27:00,"[Lenovo_IdeaPad][Compal][S550-14ITL][Windows October 2021 OS] Intel AX201:Unit Wifi show connected but can't surf the Internet. (F/R:1/2,3/10)"
624171,"COMPAL ELECTRONICS, INC.",LENOVO|NEC,title_brand_mismatch,NA,"COMPAL ELECTRONICS, INC.",2021-06-22 02:27:00,"[Lenovo_IdeaPad][Compal][S550-14ITL][Windows October 2021 OS] Intel AX201:Unit Wifi show connected but can't surf the Internet. (F/R:1/2,3/10)"
624171,"COMPAL ELECTRONICS, INC.",LENOVO|NEC,title_brand_mismatch,NA,"COMPAL ELECTRONICS, INC.",2021-06-22 02:27:00,"[Lenovo_IdeaPad][Compal][S550-14ITL][Windows October 2021 OS] Intel AX201:Unit Wifi show connected but can't surf the Internet. (F/R:1/2,3/10)"
623751,"COMPAL ELECTRONICS, INC.",DELL,title_brand_mismatch,NA,"COMPAL ELECTRONICS, INC.",2021-06-21 00:58:00,Dell/Compal][ADL][Odyssey][DRTU] AX411 6-7G power table is empty in DRTU
623751,"COMPAL ELECTRONICS, INC.",DELL,title_brand_mismatch,NA,"COMPAL ELECTRONICS, INC.",2021-06-21 00:58:00,Dell/Compal][ADL][Odyssey][DRTU] AX411 6-7G power table is empty in DRTU
623751,"COMPAL ELECTRONICS, INC.",DELL,title_brand_mismatch,NA,"COMPAL ELECTRONICS, INC.",2021-06-21 00:58:00,Dell/Compal][ADL][Odyssey][DRTU] AX411 6-7G power table is empty in DRTU
623075,INVENTEC CORPORATION,XIAOMI,title_brand_mismatch,NA,INVENTEC CORPORATION,2021-06-16 23:08:00,[Xiaomi][Inventec][A31[TGL-H35][AX201][20H2]The system will hang at Modern Standby .
623075,INVENTEC CORPORATION,XIAOMI,title_brand_mismatch,NA,INVENTEC CORPORATION,2021-06-16 23:08:00,[Xiaomi][Inventec][A31[TGL-H35][AX201][20H2]The system will hang at Modern Standby .
623075,INVENTEC CORPORATION,XIAOMI,title_brand_mismatch,NA,INVENTEC CORPORATION,2021-06-16 23:08:00,[Xiaomi][Inventec][A31[TGL-H35][AX201][20H2]The system will hang at Modern Standby .
622871,"HUAQIN TECHNOLOGY CO., LTD",HONOR,title_brand_mismatch,NA,"Huaqin Technology Co., Ltd",2021-06-16 03:29:00,[HONOR][HUAQIN][HiggsE][Intel TGL][Intel AX201][21H1][BT]No reaction to remove the paired bluetooth mouse
622871,"HUAQIN TECHNOLOGY CO., LTD",HONOR,title_brand_mismatch,NA,"Huaqin Technology Co., Ltd",2021-06-16 03:29:00,[HONOR][HUAQIN][HiggsE][Intel TGL][Intel AX201][21H1][BT]No reaction to remove the paired bluetooth mouse
622871,"HUAQIN TECHNOLOGY CO., LTD",HONOR,title_brand_mismatch,NA,"Huaqin Technology Co., Ltd",2021-06-16 03:29:00,[HONOR][HUAQIN][HiggsE][Intel TGL][Intel AX201][21H1][BT]No reaction to remove the paired bluetooth mouse
622569,"HUAQIN TECHNOLOGY CO., LTD",HONOR|NEC,title_brand_mismatch,NA,"Huaqin Technology Co., Ltd",2021-06-15 06:31:00,"[HONOR][HUAQIN][HiggsE][Intel TGL][Intel AX201][21H1][BT]BR Bluetooth after pairing, the Bluetooth mouse enters the pairing state again, and the DUT shows that it is connected"
622569,"HUAQIN TECHNOLOGY CO., LTD",HONOR|NEC,title_brand_mismatch,NA,"Huaqin Technology Co., Ltd",2021-06-15 06:31:00,"[HONOR][HUAQIN][HiggsE][Intel TGL][Intel AX201][21H1][BT]BR Bluetooth after pairing, the Bluetooth mouse enters the pairing state again, and the DUT shows that it is connected"
622569,"HUAQIN TECHNOLOGY CO., LTD",HONOR|NEC,title_brand_mismatch,NA,"Huaqin Technology Co., Ltd",2021-06-15 06:31:00,"[HONOR][HUAQIN][HiggsE][Intel TGL][Intel AX201][21H1][BT]BR Bluetooth after pairing, the Bluetooth mouse enters the pairing state again, and the DUT shows that it is connected"
622135,"SHENZHEN BITLAND INFORMATION TECHNOLOGYCO., LTD.",XIAOMI,title_brand_mismatch,NA,"SHENZHEN BITLAND INFORMATION TECHNOLOGYCO., LTD.",2021-06-11 22:44:00,"[XIAOMI][Bitland][A7R][Tiger Lake-H][AX200&AX201][19043.928][F/R2/2units,2/2cycle]The Machine can't enable sharing 5G hotspots"
622135,"SHENZHEN BITLAND INFORMATION TECHNOLOGYCO., LTD.",XIAOMI,title_brand_mismatch,NA,"SHENZHEN BITLAND INFORMATION TECHNOLOGYCO., LTD.",2021-06-11 22:44:00,"[XIAOMI][Bitland][A7R][Tiger Lake-H][AX200&AX201][19043.928][F/R2/2units,2/2cycle]The Machine can't enable sharing 5G hotspots"
622135,"SHENZHEN BITLAND INFORMATION TECHNOLOGYCO., LTD.",XIAOMI,title_brand_mismatch,NA,"SHENZHEN BITLAND INFORMATION TECHNOLOGYCO., LTD.",2021-06-11 22:44:00,"[XIAOMI][Bitland][A7R][Tiger Lake-H][AX200&AX201][19043.928][F/R2/2units,2/2cycle]The Machine can't enable sharing 5G hotspots"
622131,"SHENZHEN BITLAND INFORMATION TECHNOLOGYCO., LTD.",XIAOMI,title_brand_mismatch,NA,"SHENZHEN BITLAND INFORMATION TECHNOLOGYCO., LTD.",2021-06-11 21:25:00,"[XIAOMI][Bitland][A7R][Tiger Lake-H][AX200&AX201][19043.928][2/2units,2/2cycle]The Machine can't project to XIAOMI TV directly or other monitors by wireless display box  when set to 802.11a/b/g wireless mode->5GHz 802.11a"
622131,"SHENZHEN BITLAND INFORMATION TECHNOLOGYCO., LTD.",XIAOMI,title_brand_mismatch,NA,"SHENZHEN BITLAND INFORMATION TECHNOLOGYCO., LTD.",2021-06-11 21:25:00,"[XIAOMI][Bitland][A7R][Tiger Lake-H][AX200&AX201][19043.928][2/2units,2/2cycle]The Machine can't project to XIAOMI TV directly or other monitors by wireless display box  when set to 802.11a/b/g wireless mode->5GHz 802.11a"
622131,"SHENZHEN BITLAND INFORMATION TECHNOLOGYCO., LTD.",XIAOMI,title_brand_mismatch,NA,"SHENZHEN BITLAND INFORMATION TECHNOLOGYCO., LTD.",2021-06-11 21:25:00,"[XIAOMI][Bitland][A7R][Tiger Lake-H][AX200&AX201][19043.928][2/2units,2/2cycle]The Machine can't project to XIAOMI TV directly or other monitors by wireless display box  when set to 802.11a/b/g wireless mode->5GHz 802.11a"
621543,"COMPAL ELECTRONICS, INC.",DELL,title_brand_mismatch,NA,"COMPAL ELECTRONICS, INC.",2021-06-09 19:42:00,[DELL/COMPAL][ADL-P][Odyssey][AX211-M.2 2230] NDT test tool FW ERROR
621543,"COMPAL ELECTRONICS, INC.",DELL,title_brand_mismatch,NA,"COMPAL ELECTRONICS, INC.",2021-06-09 19:42:00,[DELL/COMPAL][ADL-P][Odyssey][AX211-M.2 2230] NDT test tool FW ERROR
621543,"COMPAL ELECTRONICS, INC.",DELL,title_brand_mismatch,NA,"COMPAL ELECTRONICS, INC.",2021-06-09 19:42:00,[DELL/COMPAL][ADL-P][Odyssey][AX211-M.2 2230] NDT test tool FW ERROR
621328,"HUAQIN TECHNOLOGY CO., LTD",LENOVO|NEC,title_brand_mismatch,NA,"Huaqin Technology Co., Ltd",2021-06-09 00:16:00,[Lenovo-IdeaPad][HUAQIN][ThinkBook Plus G2][TGL][AX201][2021 October][100%][life cycle] There isn't hands-free mode after connect BT headset. (F/R: 100%)
621328,"HUAQIN TECHNOLOGY CO., LTD",LENOVO|NEC,title_brand_mismatch,NA,"Huaqin Technology Co., Ltd",2021-06-09 00:16:00,[Lenovo-IdeaPad][HUAQIN][ThinkBook Plus G2][TGL][AX201][2021 October][100%][life cycle] There isn't hands-free mode after connect BT headset. (F/R: 100%)
621328,"HUAQIN TECHNOLOGY CO., LTD",LENOVO|NEC,title_brand_mismatch,NA,"Huaqin Technology Co., Ltd",2021-06-09 00:16:00,[Lenovo-IdeaPad][HUAQIN][ThinkBook Plus G2][TGL][AX201][2021 October][100%][life cycle] There isn't hands-free mode after connect BT headset. (F/R: 100%)
621117,"HUAQIN TECHNOLOGY CO., LTD",HONOR,title_brand_mismatch,NA,"Huaqin Technology Co., Ltd",2021-06-08 05:45:00,"[HONOR][HUAQIN][HiggsE][Intel TGL][Intel AX201][21H1][BT]After adding four Bluetooth devices, the touch pad and Bluetooth mouse can be moved, and the desktop's app cannot be opened"
621117,"HUAQIN TECHNOLOGY CO., LTD",HONOR,title_brand_mismatch,NA,"Huaqin Technology Co., Ltd",2021-06-08 05:45:00,"[HONOR][HUAQIN][HiggsE][Intel TGL][Intel AX201][21H1][BT]After adding four Bluetooth devices, the touch pad and Bluetooth mouse can be moved, and the desktop's app cannot be opened"
621117,"HUAQIN TECHNOLOGY CO., LTD",HONOR,title_brand_mismatch,NA,"Huaqin Technology Co., Ltd",2021-06-08 05:45:00,"[HONOR][HUAQIN][HiggsE][Intel TGL][Intel AX201][21H1][BT]After adding four Bluetooth devices, the touch pad and Bluetooth mouse can be moved, and the desktop's app cannot be opened"
621102,"HUAQIN TECHNOLOGY CO., LTD",HONOR|NEC,title_brand_mismatch,NA,"Huaqin Technology Co., Ltd",2021-06-08 04:24:00,[HONOR][HUAQIN][HiggsE][Intel TGL][Intel AX201][21H1][BT]Bluetooth mouse can be used when Bluetooth pairing is connecting
621102,"HUAQIN TECHNOLOGY CO., LTD",HONOR|NEC,title_brand_mismatch,NA,"Huaqin Technology Co., Ltd",2021-06-08 04:24:00,[HONOR][HUAQIN][HiggsE][Intel TGL][Intel AX201][21H1][BT]Bluetooth mouse can be used when Bluetooth pairing is connecting
621102,"HUAQIN TECHNOLOGY CO., LTD",HONOR|NEC,title_brand_mismatch,NA,"Huaqin Technology Co., Ltd",2021-06-08 04:24:00,[HONOR][HUAQIN][HiggsE][Intel TGL][Intel AX201][21H1][BT]Bluetooth mouse can be used when Bluetooth pairing is connecting
620973,"HUAQIN TECHNOLOGY CO., LTD",HONOR|NEC,title_brand_mismatch,NA,"Huaqin Technology Co., Ltd",2021-06-08 00:28:00,"[HONOR][HUAQIN][HiggsE][Intel TGL][Intel AX201][21H1][BT]Connect Bluetooth mouse, two audio devices are added to Bluetooth device interface"
620973,"HUAQIN TECHNOLOGY CO., LTD",HONOR|NEC,title_brand_mismatch,NA,"Huaqin Technology Co., Ltd",2021-06-08 00:28:00,"[HONOR][HUAQIN][HiggsE][Intel TGL][Intel AX201][21H1][BT]Connect Bluetooth mouse, two audio devices are added to Bluetooth device interface"
620973,"HUAQIN TECHNOLOGY CO., LTD",HONOR|NEC,title_brand_mismatch,NA,"Huaqin Technology Co., Ltd",2021-06-08 00:28:00,"[HONOR][HUAQIN][HiggsE][Intel TGL][Intel AX201][21H1][BT]Connect Bluetooth mouse, two audio devices are added to Bluetooth device interface"
620971,"COMPAL ELECTRONICS, INC.",ASUS,title_brand_mismatch,NA,"COMPAL ELECTRONICS, INC.",2021-06-08 00:27:00,[Asus AIO_Compal] [AX210] HLK item Bluetooth - Platform support for Error Recovery test fail
620971,"COMPAL ELECTRONICS, INC.",ASUS,title_brand_mismatch,NA,"COMPAL ELECTRONICS, INC.",2021-06-08 00:27:00,[Asus AIO_Compal] [AX210] HLK item Bluetooth - Platform support for Error Recovery test fail
620971,"COMPAL ELECTRONICS, INC.",ASUS,title_brand_mismatch,NA,"COMPAL ELECTRONICS, INC.",2021-06-08 00:27:00,[Asus AIO_Compal] [AX210] HLK item Bluetooth - Platform support for Error Recovery test fail
620338,"FOXCONN TECHNOLOGY CO., LTD.",DELL,title_brand_mismatch,NA,"FOXCONN TECHNOLOGY CO., LTD.",2021-06-04 01:33:00,[Dell_FXN][Cres][Fishhawk Falls Expert][Intel AX210]:Cres_'Allow this device to wake the computer' option is gray for Intel AX210 Properties under Device Manager.
620338,"FOXCONN TECHNOLOGY CO., LTD.",DELL,title_brand_mismatch,NA,"FOXCONN TECHNOLOGY CO., LTD.",2021-06-04 01:33:00,[Dell_FXN][Cres][Fishhawk Falls Expert][Intel AX210]:Cres_'Allow this device to wake the computer' option is gray for Intel AX210 Properties under Device Manager.
620338,"FOXCONN TECHNOLOGY CO., LTD.",DELL,title_brand_mismatch,NA,"FOXCONN TECHNOLOGY CO., LTD.",2021-06-04 01:33:00,[Dell_FXN][Cres][Fishhawk Falls Expert][Intel AX210]:Cres_'Allow this device to wake the computer' option is gray for Intel AX210 Properties under Device Manager.
620330,"FOXCONN TECHNOLOGY CO., LTD.",DELL,title_brand_mismatch,NA,"FOXCONN TECHNOLOGY CO., LTD.",2021-06-04 01:24:00,[Dell_FXN][Cres][Fishhawk Falls Expert][Intel AX210]:Cres_Unexpected critical error occurred in System Event log during Install WIFI driver (Event ID:5002/5010)
620330,"FOXCONN TECHNOLOGY CO., LTD.",DELL,title_brand_mismatch,NA,"FOXCONN TECHNOLOGY CO., LTD.",2021-06-04 01:24:00,[Dell_FXN][Cres][Fishhawk Falls Expert][Intel AX210]:Cres_Unexpected critical error occurred in System Event log during Install WIFI driver (Event ID:5002/5010)
620330,"FOXCONN TECHNOLOGY CO., LTD.",DELL,title_brand_mismatch,NA,"FOXCONN TECHNOLOGY CO., LTD.",2021-06-04 01:24:00,[Dell_FXN][Cres][Fishhawk Falls Expert][Intel AX210]:Cres_Unexpected critical error occurred in System Event log during Install WIFI driver (Event ID:5002/5010)
620326,"FOXCONN TECHNOLOGY CO., LTD.",DELL|NEC,title_brand_mismatch,NA,"FOXCONN TECHNOLOGY CO., LTD.",2021-06-04 01:18:00,[Dell_FXN][Cres][Fishhawk Falls Expert]:Cres_Unexpected critical error occurred in System Event log during connection Internet Disable/Enable WIFI device (Event ID:2505)
620326,"FOXCONN TECHNOLOGY CO., LTD.",DELL|NEC,title_brand_mismatch,NA,"FOXCONN TECHNOLOGY CO., LTD.",2021-06-04 01:18:00,[Dell_FXN][Cres][Fishhawk Falls Expert]:Cres_Unexpected critical error occurred in System Event log during connection Internet Disable/Enable WIFI device (Event ID:2505)
620326,"FOXCONN TECHNOLOGY CO., LTD.",DELL|NEC,title_brand_mismatch,NA,"FOXCONN TECHNOLOGY CO., LTD.",2021-06-04 01:18:00,[Dell_FXN][Cres][Fishhawk Falls Expert]:Cres_Unexpected critical error occurred in System Event log during connection Internet Disable/Enable WIFI device (Event ID:2505)
619577,"COMPAL ELECTRONICS, INC.",LENOVO,title_brand_mismatch,NA,"COMPAL ELECTRONICS, INC.",2021-06-01 20:58:00,[Lenovo-Ideapad][Compal][V350][AX201/AX200][Win Oct 2021] Intel WLAN/BT driver support HVCI
619577,"COMPAL ELECTRONICS, INC.",LENOVO,title_brand_mismatch,NA,"COMPAL ELECTRONICS, INC.",2021-06-01 20:58:00,[Lenovo-Ideapad][Compal][V350][AX201/AX200][Win Oct 2021] Intel WLAN/BT driver support HVCI
619577,"COMPAL ELECTRONICS, INC.",LENOVO,title_brand_mismatch,NA,"COMPAL ELECTRONICS, INC.",2021-06-01 20:58:00,[Lenovo-Ideapad][Compal][V350][AX201/AX200][Win Oct 2021] Intel WLAN/BT driver support HVCI
618746,"HUAQIN TECHNOLOGY CO., LTD",HONOR,title_brand_mismatch,NA,"Huaqin Technology Co., Ltd",2021-05-30 19:22:00,[HONOR][HUAQIN][Halley M][AMD Cezanne-H][Intel AX200][20H2][WIFI]The WIFI card lost in device manger after reboot the notebook
618746,"HUAQIN TECHNOLOGY CO., LTD",HONOR,title_brand_mismatch,NA,"Huaqin Technology Co., Ltd",2021-05-30 19:22:00,[HONOR][HUAQIN][Halley M][AMD Cezanne-H][Intel AX200][20H2][WIFI]The WIFI card lost in device manger after reboot the notebook
618746,"HUAQIN TECHNOLOGY CO., LTD",HONOR,title_brand_mismatch,NA,"Huaqin Technology Co., Ltd",2021-05-30 19:22:00,[HONOR][HUAQIN][Halley M][AMD Cezanne-H][Intel AX200][20H2][WIFI]The WIFI card lost in device manger after reboot the notebook
617443,WISTRON CORPORATION,LENOVO,title_brand_mismatch,NA,WISTRON CORPORATION,2021-05-24 23:49:00,[Lenovo-ThinkPad][Wistron][L13 Gen 2 2a][CZN][AX200][20H2][48%][LR][Ares2_AMD]SUT show Bluetooth error message during AOAC Longrun
617443,WISTRON CORPORATION,LENOVO,title_brand_mismatch,NA,WISTRON CORPORATION,2021-05-24 23:49:00,[Lenovo-ThinkPad][Wistron][L13 Gen 2 2a][CZN][AX200][20H2][48%][LR][Ares2_AMD]SUT show Bluetooth error message during AOAC Longrun
617443,WISTRON CORPORATION,LENOVO,title_brand_mismatch,NA,WISTRON CORPORATION,2021-05-24 23:49:00,[Lenovo-ThinkPad][Wistron][L13 Gen 2 2a][CZN][AX200][20H2][48%][LR][Ares2_AMD]SUT show Bluetooth error message during AOAC Longrun
616605,"HUAQIN TECHNOLOGY CO., LTD",NEC,title_brand_mismatch,NA,"Huaqin Technology Co., Ltd",2021-05-20 07:18:00,[Realme][HUAQIN][Intel TGL][Intel ax201/intel 9560][21H1] Bluetooth mouse and Bluetooth audio device automatically disconnect during play online video(FR:10%).
616605,"HUAQIN TECHNOLOGY CO., LTD",NEC,title_brand_mismatch,NA,"Huaqin Technology Co., Ltd",2021-05-20 07:18:00,[Realme][HUAQIN][Intel TGL][Intel ax201/intel 9560][21H1] Bluetooth mouse and Bluetooth audio device automatically disconnect during play online video(FR:10%).
616605,"HUAQIN TECHNOLOGY CO., LTD",NEC,title_brand_mismatch,NA,"Huaqin Technology Co., Ltd",2021-05-20 07:18:00,[Realme][HUAQIN][Intel TGL][Intel ax201/intel 9560][21H1] Bluetooth mouse and Bluetooth audio device automatically disconnect during play online video(FR:10%).
616363,"HUAQIN TECHNOLOGY CO., LTD",NEC,title_brand_mismatch,NA,"Huaqin Technology Co., Ltd",2021-05-19 19:02:00,[Realme][HUAQIN][Intel TGL][Intel ax201/intel 9560][21H1]To repeat turn on/off Bluetooth in setting UI and  the  bluetooth audio cannot be reconnected. (FR:40%).
616363,"HUAQIN TECHNOLOGY CO., LTD",NEC,title_brand_mismatch,NA,"Huaqin Technology Co., Ltd",2021-05-19 19:02:00,[Realme][HUAQIN][Intel TGL][Intel ax201/intel 9560][21H1]To repeat turn on/off Bluetooth in setting UI and  the  bluetooth audio cannot be reconnected. (FR:40%).
616363,"HUAQIN TECHNOLOGY CO., LTD",NEC,title_brand_mismatch,NA,"Huaqin Technology Co., Ltd",2021-05-19 19:02:00,[Realme][HUAQIN][Intel TGL][Intel ax201/intel 9560][21H1]To repeat turn on/off Bluetooth in setting UI and  the  bluetooth audio cannot be reconnected. (FR:40%).
616273,WISTRON CORPORATION,DELL,title_brand_mismatch,NA,WISTRON CORPORATION,2021-05-19 07:06:00,"[Dell-Wistron][D12][ADL-S][WiFi] BT mouse isn't working while WLAN is being reset via running ""PLDRTest.exe a"" with Intel WLAN card Sut.(FR:1/5)"
616273,WISTRON CORPORATION,DELL,title_brand_mismatch,NA,WISTRON CORPORATION,2021-05-19 07:06:00,"[Dell-Wistron][D12][ADL-S][WiFi] BT mouse isn't working while WLAN is being reset via running ""PLDRTest.exe a"" with Intel WLAN card Sut.(FR:1/5)"
616273,WISTRON CORPORATION,DELL,title_brand_mismatch,NA,WISTRON CORPORATION,2021-05-19 07:06:00,"[Dell-Wistron][D12][ADL-S][WiFi] BT mouse isn't working while WLAN is being reset via running ""PLDRTest.exe a"" with Intel WLAN card Sut.(FR:1/5)"
616272,WISTRON CORPORATION,DELL,title_brand_mismatch,NA,WISTRON CORPORATION,2021-05-19 06:51:00,"[Dell-Wistron][D12][ADL-S][WiFi] Sut shows not arrived after running ""PLDRTest.exe a"" with Intel WLAN card Sut.(FR:2/10)"
616272,WISTRON CORPORATION,DELL,title_brand_mismatch,NA,WISTRON CORPORATION,2021-05-19 06:51:00,"[Dell-Wistron][D12][ADL-S][WiFi] Sut shows not arrived after running ""PLDRTest.exe a"" with Intel WLAN card Sut.(FR:2/10)"
616272,WISTRON CORPORATION,DELL,title_brand_mismatch,NA,WISTRON CORPORATION,2021-05-19 06:51:00,"[Dell-Wistron][D12][ADL-S][WiFi] Sut shows not arrived after running ""PLDRTest.exe a"" with Intel WLAN card Sut.(FR:2/10)"
616042,"COMPAL ELECTRONICS, INC.",DELL,title_brand_mismatch,NA,"COMPAL ELECTRONICS, INC.",2021-05-18 19:51:00,[DELL][Compal][Tributo][20H2] EVT Bios SAR power table read by Ant tool
616042,"COMPAL ELECTRONICS, INC.",DELL,title_brand_mismatch,NA,"COMPAL ELECTRONICS, INC.",2021-05-18 19:51:00,[DELL][Compal][Tributo][20H2] EVT Bios SAR power table read by Ant tool
616042,"COMPAL ELECTRONICS, INC.",DELL,title_brand_mismatch,NA,"COMPAL ELECTRONICS, INC.",2021-05-18 19:51:00,[DELL][Compal][Tributo][20H2] EVT Bios SAR power table read by Ant tool
615926,"HUAQIN TECHNOLOGY CO., LTD",NEC,title_brand_mismatch,NA,"Huaqin Technology Co., Ltd",2021-05-18 07:04:00,"[Realme][HUAQIN][Intel TGL][Intel ax201/intel 9560][21H1]DUT prompts ""try connecting your device again"" when DUT searches the Bluetooth headset and connect it ,connecting devce again and the device does not respond"
615926,"HUAQIN TECHNOLOGY CO., LTD",NEC,title_brand_mismatch,NA,"Huaqin Technology Co., Ltd",2021-05-18 07:04:00,"[Realme][HUAQIN][Intel TGL][Intel ax201/intel 9560][21H1]DUT prompts ""try connecting your device again"" when DUT searches the Bluetooth headset and connect it ,connecting devce again and the device does not respond"
615926,"HUAQIN TECHNOLOGY CO., LTD",NEC,title_brand_mismatch,NA,"Huaqin Technology Co., Ltd",2021-05-18 07:04:00,"[Realme][HUAQIN][Intel TGL][Intel ax201/intel 9560][21H1]DUT prompts ""try connecting your device again"" when DUT searches the Bluetooth headset and connect it ,connecting devce again and the device does not respond"
615360,"HUAQIN TECHNOLOGY CO., LTD",ACER,title_brand_mismatch,NA,"Huaqin Technology Co., Ltd",2021-05-16 20:38:00,[Acer][[OBOE_TL_ Vpro_HLK][20H2]Bluetooth - NoBluetoothLEFilterDriver1 (Bring Up) test fail.(F/R:2/2 by UUT 10/10 by cycle)
615360,"HUAQIN TECHNOLOGY CO., LTD",ACER,title_brand_mismatch,NA,"Huaqin Technology Co., Ltd",2021-05-16 20:38:00,[Acer][[OBOE_TL_ Vpro_HLK][20H2]Bluetooth - NoBluetoothLEFilterDriver1 (Bring Up) test fail.(F/R:2/2 by UUT 10/10 by cycle)
615360,"HUAQIN TECHNOLOGY CO., LTD",ACER,title_brand_mismatch,NA,"Huaqin Technology Co., Ltd",2021-05-16 20:38:00,[Acer][[OBOE_TL_ Vpro_HLK][20H2]Bluetooth - NoBluetoothLEFilterDriver1 (Bring Up) test fail.(F/R:2/2 by UUT 10/10 by cycle)
615351,WISTRON CORPORATION,LENOVO,title_brand_mismatch,NA,WISTRON CORPORATION,2021-05-16 20:13:00,"[Lenovo-ThinkPad][Wistron][P1 Gen 4][TGL][AX210][20H2][100%] Lenovo 700 Ultraportable BT Speaker battery percentage is always 50% after charge or used for few hours.(F.R: 2/2 units, 3/3 cycles)"
615351,WISTRON CORPORATION,LENOVO,title_brand_mismatch,NA,WISTRON CORPORATION,2021-05-16 20:13:00,"[Lenovo-ThinkPad][Wistron][P1 Gen 4][TGL][AX210][20H2][100%] Lenovo 700 Ultraportable BT Speaker battery percentage is always 50% after charge or used for few hours.(F.R: 2/2 units, 3/3 cycles)"
615351,WISTRON CORPORATION,LENOVO,title_brand_mismatch,NA,WISTRON CORPORATION,2021-05-16 20:13:00,"[Lenovo-ThinkPad][Wistron][P1 Gen 4][TGL][AX210][20H2][100%] Lenovo 700 Ultraportable BT Speaker battery percentage is always 50% after charge or used for few hours.(F.R: 2/2 units, 3/3 cycles)"
615302,"COMPAL ELECTRONICS, INC.",LENOVO,title_brand_mismatch,NA,"COMPAL ELECTRONICS, INC.",2021-05-16 18:23:00,"[Lenovo_IdeaPad][Compal][S560 Pro-14ITL Refresh][20H2] Intel AX201:Stress_CB_DC_5?, Unit show '???(R)?? Bluetooth(R)' lost and '??USB??(?????????)' show yellow mark.(F/R:1/15,50/750)"
615302,"COMPAL ELECTRONICS, INC.",LENOVO,title_brand_mismatch,NA,"COMPAL ELECTRONICS, INC.",2021-05-16 18:23:00,"[Lenovo_IdeaPad][Compal][S560 Pro-14ITL Refresh][20H2] Intel AX201:Stress_CB_DC_5?, Unit show '???(R)?? Bluetooth(R)' lost and '??USB??(?????????)' show yellow mark.(F/R:1/15,50/750)"
615302,"COMPAL ELECTRONICS, INC.",LENOVO,title_brand_mismatch,NA,"COMPAL ELECTRONICS, INC.",2021-05-16 18:23:00,"[Lenovo_IdeaPad][Compal][S560 Pro-14ITL Refresh][20H2] Intel AX201:Stress_CB_DC_5?, Unit show '???(R)?? Bluetooth(R)' lost and '??USB??(?????????)' show yellow mark.(F/R:1/15,50/750)"
615106,PEGATRON CORPORATION,DELL,title_brand_mismatch,NA,Pegatron Corporation,2021-05-14 01:47:00,[Dell][D12 AIO] AX210 driver cannot be installed.
615106,PEGATRON CORPORATION,DELL,title_brand_mismatch,NA,Pegatron Corporation,2021-05-14 01:47:00,[Dell][D12 AIO] AX210 driver cannot be installed.
615106,PEGATRON CORPORATION,DELL,title_brand_mismatch,NA,Pegatron Corporation,2021-05-14 01:47:00,[Dell][D12 AIO] AX210 driver cannot be installed.
614997,ECS,ACER,title_brand_mismatch,NA,ELITEGROUP COMPUTER SYSTEMS CO. LTD,2021-05-13 20:23:00,[Acer Vantage] S4 Stress Fail w/ AX200
614997,ECS,ACER,title_brand_mismatch,NA,ELITEGROUP COMPUTER SYSTEMS CO. LTD,2021-05-13 20:23:00,[Acer Vantage] S4 Stress Fail w/ AX200
614997,ECS,ACER,title_brand_mismatch,NA,ELITEGROUP COMPUTER SYSTEMS CO. LTD,2021-05-13 20:23:00,[Acer Vantage] S4 Stress Fail w/ AX200
614667,ECS,ACER,title_brand_mismatch,NA,ELITEGROUP COMPUTER SYSTEMS CO. LTD,2021-05-12 19:20:00,[Acer vfLongmen3] S4 Stress Fail w/ AX200
614667,ECS,ACER,title_brand_mismatch,NA,ELITEGROUP COMPUTER SYSTEMS CO. LTD,2021-05-12 19:20:00,[Acer vfLongmen3] S4 Stress Fail w/ AX200
614667,ECS,ACER,title_brand_mismatch,NA,ELITEGROUP COMPUTER SYSTEMS CO. LTD,2021-05-12 19:20:00,[Acer vfLongmen3] S4 Stress Fail w/ AX200
614573,QUANTA COMPUTER INC.,ACER,title_brand_mismatch,NA,QUANTA COMPUTER INC.,2021-05-12 08:30:00,[Acer][XC90] DRTU RF power drop
614573,QUANTA COMPUTER INC.,ACER,title_brand_mismatch,NA,QUANTA COMPUTER INC.,2021-05-12 08:30:00,[Acer][XC90] DRTU RF power drop
614573,QUANTA COMPUTER INC.,ACER,title_brand_mismatch,NA,QUANTA COMPUTER INC.,2021-05-12 08:30:00,[Acer][XC90] DRTU RF power drop
614465,WISTRON CORPORATION,DELL,title_brand_mismatch,NA,WISTRON CORPORATION,2021-05-12 01:29:00,[Dell][Wistron][ADL-P][StradaleMLK2] AX211 shows YB after installing WLAN driver and BT device not detected in DM
614465,WISTRON CORPORATION,DELL,title_brand_mismatch,NA,WISTRON CORPORATION,2021-05-12 01:29:00,[Dell][Wistron][ADL-P][StradaleMLK2] AX211 shows YB after installing WLAN driver and BT device not detected in DM
614465,WISTRON CORPORATION,DELL,title_brand_mismatch,NA,WISTRON CORPORATION,2021-05-12 01:29:00,[Dell][Wistron][ADL-P][StradaleMLK2] AX211 shows YB after installing WLAN driver and BT device not detected in DM
614102,"HUAQIN TECHNOLOGY CO., LTD",NEC|SAMSUNG,title_brand_mismatch,NA,"Huaqin Technology Co., Ltd",2021-05-11 01:17:00,"[Samsung][Huaqin][Titan-H[TGL-H][20H2] It is fail to share files which large than 20M through BT connection.(FR: 4 out of 4 units, 12 out of 12 times)"
614102,"HUAQIN TECHNOLOGY CO., LTD",NEC|SAMSUNG,title_brand_mismatch,NA,"Huaqin Technology Co., Ltd",2021-05-11 01:17:00,"[Samsung][Huaqin][Titan-H[TGL-H][20H2] It is fail to share files which large than 20M through BT connection.(FR: 4 out of 4 units, 12 out of 12 times)"
614102,"HUAQIN TECHNOLOGY CO., LTD",NEC|SAMSUNG,title_brand_mismatch,NA,"Huaqin Technology Co., Ltd",2021-05-11 01:17:00,"[Samsung][Huaqin][Titan-H[TGL-H][20H2] It is fail to share files which large than 20M through BT connection.(FR: 4 out of 4 units, 12 out of 12 times)"
613803,"HUAQIN TECHNOLOGY CO., LTD",ASUS,title_brand_mismatch,NA,"Huaqin Technology Co., Ltd",2021-05-10 05:24:00,[Huaqin][Asus_UX425UAZ][AMD_LCN] Intel BT device lost when resume from Modern standby
613803,"HUAQIN TECHNOLOGY CO., LTD",ASUS,title_brand_mismatch,NA,"Huaqin Technology Co., Ltd",2021-05-10 05:24:00,[Huaqin][Asus_UX425UAZ][AMD_LCN] Intel BT device lost when resume from Modern standby
613803,"HUAQIN TECHNOLOGY CO., LTD",ASUS,title_brand_mismatch,NA,"Huaqin Technology Co., Ltd",2021-05-10 05:24:00,[Huaqin][Asus_UX425UAZ][AMD_LCN] Intel BT device lost when resume from Modern standby
613800,"HUAQIN TECHNOLOGY CO., LTD",ASUS,title_brand_mismatch,NA,"Huaqin Technology Co., Ltd",2021-05-10 05:20:00,[Huaqin][Asus_UX425UAZ][AMD_LCN] Intel wlan device lost when resume from Modern standby (F/R: 5/16)
613800,"HUAQIN TECHNOLOGY CO., LTD",ASUS,title_brand_mismatch,NA,"Huaqin Technology Co., Ltd",2021-05-10 05:20:00,[Huaqin][Asus_UX425UAZ][AMD_LCN] Intel wlan device lost when resume from Modern standby (F/R: 5/16)
613800,"HUAQIN TECHNOLOGY CO., LTD",ASUS,title_brand_mismatch,NA,"Huaqin Technology Co., Ltd",2021-05-10 05:20:00,[Huaqin][Asus_UX425UAZ][AMD_LCN] Intel wlan device lost when resume from Modern standby (F/R: 5/16)
613205,SAMSUNG,NEC,title_brand_mismatch,NA,"SAMSUNG ELECTRONICS CO., LTD.",2021-05-06 19:04:00,[Mars-13][TyP2] Mobile phone fails to connect GATT to PC if PC-Phone is paired by Link To Windows
613205,SAMSUNG,NEC,title_brand_mismatch,NA,"SAMSUNG ELECTRONICS CO., LTD.",2021-05-06 19:04:00,[Mars-13][TyP2] Mobile phone fails to connect GATT to PC if PC-Phone is paired by Link To Windows
613205,SAMSUNG,NEC,title_brand_mismatch,NA,"SAMSUNG ELECTRONICS CO., LTD.",2021-05-06 19:04:00,[Mars-13][TyP2] Mobile phone fails to connect GATT to PC if PC-Phone is paired by Link To Windows
613004,"HUAQIN TECHNOLOGY CO., LTD",ASUS,title_brand_mismatch,NA,"Huaqin Technology Co., Ltd",2021-05-06 01:30:00,[ASUS PCBU][HUAQIN][B3302 PR][TGL][HrP2 1216 22.20.3]BT mouse will lag more than 1s after the SUT idle 5~10s
613004,"HUAQIN TECHNOLOGY CO., LTD",ASUS,title_brand_mismatch,NA,"Huaqin Technology Co., Ltd",2021-05-06 01:30:00,[ASUS PCBU][HUAQIN][B3302 PR][TGL][HrP2 1216 22.20.3]BT mouse will lag more than 1s after the SUT idle 5~10s
613004,"HUAQIN TECHNOLOGY CO., LTD",ASUS,title_brand_mismatch,NA,"Huaqin Technology Co., Ltd",2021-05-06 01:30:00,[ASUS PCBU][HUAQIN][B3302 PR][TGL][HrP2 1216 22.20.3]BT mouse will lag more than 1s after the SUT idle 5~10s
612228,SAMSUNG,NEC,title_brand_mismatch,NA,"SAMSUNG ELECTRONICS CO., LTD.",2021-05-03 02:30:00,[Cosmos-13][HrP2] BT earbuds was not connected automatically after resume from S4
612228,SAMSUNG,NEC,title_brand_mismatch,NA,"SAMSUNG ELECTRONICS CO., LTD.",2021-05-03 02:30:00,[Cosmos-13][HrP2] BT earbuds was not connected automatically after resume from S4
612228,SAMSUNG,NEC,title_brand_mismatch,NA,"SAMSUNG ELECTRONICS CO., LTD.",2021-05-03 02:30:00,[Cosmos-13][HrP2] BT earbuds was not connected automatically after resume from S4
612227,SAMSUNG,NEC,title_brand_mismatch,NA,"SAMSUNG ELECTRONICS CO., LTD.",2021-05-03 02:23:00,[Katz-13][JfP2] BT earbuds was not connected automatically after resume from S4
612227,SAMSUNG,NEC,title_brand_mismatch,NA,"SAMSUNG ELECTRONICS CO., LTD.",2021-05-03 02:23:00,[Katz-13][JfP2] BT earbuds was not connected automatically after resume from S4
612227,SAMSUNG,NEC,title_brand_mismatch,NA,"SAMSUNG ELECTRONICS CO., LTD.",2021-05-03 02:23:00,[Katz-13][JfP2] BT earbuds was not connected automatically after resume from S4
611726,"COMPAL ELECTRONICS, INC.",LENOVO|NEC,title_brand_mismatch,NA,"COMPAL ELECTRONICS, INC.",2021-04-29 02:43:00,"[Lenovo_IdeaPad][Compal][S560 Pro-14ITL Refresh][20H2] Intel 9560:Unit will disconnect when unit projecting to Monitor (F/R:2/2,6/20)"
611726,"COMPAL ELECTRONICS, INC.",LENOVO|NEC,title_brand_mismatch,NA,"COMPAL ELECTRONICS, INC.",2021-04-29 02:43:00,"[Lenovo_IdeaPad][Compal][S560 Pro-14ITL Refresh][20H2] Intel 9560:Unit will disconnect when unit projecting to Monitor (F/R:2/2,6/20)"
611726,"COMPAL ELECTRONICS, INC.",LENOVO|NEC,title_brand_mismatch,NA,"COMPAL ELECTRONICS, INC.",2021-04-29 02:43:00,"[Lenovo_IdeaPad][Compal][S560 Pro-14ITL Refresh][20H2] Intel 9560:Unit will disconnect when unit projecting to Monitor (F/R:2/2,6/20)"
611695,WISTRON CORPORATION,DELL,title_brand_mismatch,NA,WISTRON CORPORATION,2021-04-29 01:46:00,[DELL Corp. DT/Troy JSL/Wistron/JSL][Intel AX210] Device Manager show yellow bang for AX210 after resuming from S3/S4
611695,WISTRON CORPORATION,DELL,title_brand_mismatch,NA,WISTRON CORPORATION,2021-04-29 01:46:00,[DELL Corp. DT/Troy JSL/Wistron/JSL][Intel AX210] Device Manager show yellow bang for AX210 after resuming from S3/S4
611695,WISTRON CORPORATION,DELL,title_brand_mismatch,NA,WISTRON CORPORATION,2021-04-29 01:46:00,[DELL Corp. DT/Troy JSL/Wistron/JSL][Intel AX210] Device Manager show yellow bang for AX210 after resuming from S3/S4
611248,SAMSUNG,NEC,title_brand_mismatch,NA,"SAMSUNG ELECTRONICS CO., LTD.",2021-04-27 23:27:00,[TyP2][HrP2][SmartThings] Non-connectable adv reset issue
611248,SAMSUNG,NEC,title_brand_mismatch,NA,"SAMSUNG ELECTRONICS CO., LTD.",2021-04-27 23:27:00,[TyP2][HrP2][SmartThings] Non-connectable adv reset issue
611248,SAMSUNG,NEC,title_brand_mismatch,NA,"SAMSUNG ELECTRONICS CO., LTD.",2021-04-27 23:27:00,[TyP2][HrP2][SmartThings] Non-connectable adv reset issue
610753,"COMPAL ELECTRONICS, INC.",DELL,title_brand_mismatch,NA,"COMPAL ELECTRONICS, INC.",2021-04-26 20:16:00,[Framework][Dell for tracking only][BT] Bluetooth device delay after idle few minutes.
610753,"COMPAL ELECTRONICS, INC.",DELL,title_brand_mismatch,NA,"COMPAL ELECTRONICS, INC.",2021-04-26 20:16:00,[Framework][Dell for tracking only][BT] Bluetooth device delay after idle few minutes.
610753,"COMPAL ELECTRONICS, INC.",DELL,title_brand_mismatch,NA,"COMPAL ELECTRONICS, INC.",2021-04-26 20:16:00,[Framework][Dell for tracking only][BT] Bluetooth device delay after idle few minutes.
610735,WISTRON CORPORATION,LENOVO,title_brand_mismatch,NA,WISTRON CORPORATION,2021-04-26 19:35:00,"[Lenovo-ThinkPad][Wistron][L13 Gen 2 2a][CZN][AX200][20H2][2%][LR][Ares2_AMD]SIT2.0:SUT show WIFI Router error during AOAC&Combine-(MS&S4& S5&restart) longrun(FR:1/16 units, 44/2535 cylces)"
610735,WISTRON CORPORATION,LENOVO,title_brand_mismatch,NA,WISTRON CORPORATION,2021-04-26 19:35:00,"[Lenovo-ThinkPad][Wistron][L13 Gen 2 2a][CZN][AX200][20H2][2%][LR][Ares2_AMD]SIT2.0:SUT show WIFI Router error during AOAC&Combine-(MS&S4& S5&restart) longrun(FR:1/16 units, 44/2535 cylces)"
610735,WISTRON CORPORATION,LENOVO,title_brand_mismatch,NA,WISTRON CORPORATION,2021-04-26 19:35:00,"[Lenovo-ThinkPad][Wistron][L13 Gen 2 2a][CZN][AX200][20H2][2%][LR][Ares2_AMD]SIT2.0:SUT show WIFI Router error during AOAC&Combine-(MS&S4& S5&restart) longrun(FR:1/16 units, 44/2535 cylces)"
610510,"COMPAL ELECTRONICS, INC.",LENOVO,title_brand_mismatch,NA,"COMPAL ELECTRONICS, INC.",2021-04-26 01:03:00,"[Lenovo-ideaPad][Compal][L360][TGL][AX200][20H2]Intel AX200:268631-Manual_S3, Unit show Unknown USB device(Device Descriptor Request Failed) yellow bang."
610510,"COMPAL ELECTRONICS, INC.",LENOVO,title_brand_mismatch,NA,"COMPAL ELECTRONICS, INC.",2021-04-26 01:03:00,"[Lenovo-ideaPad][Compal][L360][TGL][AX200][20H2]Intel AX200:268631-Manual_S3, Unit show Unknown USB device(Device Descriptor Request Failed) yellow bang."
610510,"COMPAL ELECTRONICS, INC.",LENOVO,title_brand_mismatch,NA,"COMPAL ELECTRONICS, INC.",2021-04-26 01:03:00,"[Lenovo-ideaPad][Compal][L360][TGL][AX200][20H2]Intel AX200:268631-Manual_S3, Unit show Unknown USB device(Device Descriptor Request Failed) yellow bang."
610084,"HUAQIN TECHNOLOGY CO., LTD",NEC,title_brand_mismatch,NA,"Huaqin Technology Co., Ltd",2021-04-23 02:42:00,[Realme][HUAQIN][Intel TGL][Intel 9560][20H2]5G Mobile hotspots cannot be turned on when connecting to a wired network
610084,"HUAQIN TECHNOLOGY CO., LTD",NEC,title_brand_mismatch,NA,"Huaqin Technology Co., Ltd",2021-04-23 02:42:00,[Realme][HUAQIN][Intel TGL][Intel 9560][20H2]5G Mobile hotspots cannot be turned on when connecting to a wired network
610084,"HUAQIN TECHNOLOGY CO., LTD",NEC,title_brand_mismatch,NA,"Huaqin Technology Co., Ltd",2021-04-23 02:42:00,[Realme][HUAQIN][Intel TGL][Intel 9560][20H2]5G Mobile hotspots cannot be turned on when connecting to a wired network
609866,"HUAQIN TECHNOLOGY CO., LTD",XIAOMI,title_brand_mismatch,NA,"Huaqin Technology Co., Ltd",2021-04-22 10:24:00,[Xiaomi][A29S][AMD-Cez][20H2]MIUI+ transfer interface show two devices of the same name after do manual coldboot.(FR:5 out of 5 units)
609866,"HUAQIN TECHNOLOGY CO., LTD",XIAOMI,title_brand_mismatch,NA,"Huaqin Technology Co., Ltd",2021-04-22 10:24:00,[Xiaomi][A29S][AMD-Cez][20H2]MIUI+ transfer interface show two devices of the same name after do manual coldboot.(FR:5 out of 5 units)
609866,"HUAQIN TECHNOLOGY CO., LTD",XIAOMI,title_brand_mismatch,NA,"Huaqin Technology Co., Ltd",2021-04-22 10:24:00,[Xiaomi][A29S][AMD-Cez][20H2]MIUI+ transfer interface show two devices of the same name after do manual coldboot.(FR:5 out of 5 units)
609586,PEGATRON CORPORATION,DELL,title_brand_mismatch,NA,Pegatron Corporation,2021-04-21 20:33:00,"[Dell][Wall Street]The system still can be discovery by BT when the ""BT & Other device"" page is open, even the discovery was disabled."
609586,PEGATRON CORPORATION,DELL,title_brand_mismatch,NA,Pegatron Corporation,2021-04-21 20:33:00,"[Dell][Wall Street]The system still can be discovery by BT when the ""BT & Other device"" page is open, even the discovery was disabled."
609586,PEGATRON CORPORATION,DELL,title_brand_mismatch,NA,Pegatron Corporation,2021-04-21 20:33:00,"[Dell][Wall Street]The system still can be discovery by BT when the ""BT & Other device"" page is open, even the discovery was disabled."
609148,LENOVO,NEC,title_brand_mismatch,NA,Lenovo (Beijing) Limited,2021-04-20 19:24:00,[Wifi6E] '6Ghz' does not display in the Network band after connecting to 6ghz network broadcasted from SoftAP
609148,LENOVO,NEC,title_brand_mismatch,NA,Lenovo (Beijing) Limited,2021-04-20 19:24:00,[Wifi6E] '6Ghz' does not display in the Network band after connecting to 6ghz network broadcasted from SoftAP
609148,LENOVO,NEC,title_brand_mismatch,NA,Lenovo (Beijing) Limited,2021-04-20 19:24:00,[Wifi6E] '6Ghz' does not display in the Network band after connecting to 6ghz network broadcasted from SoftAP
609117,"COMPAL ELECTRONICS, INC.",LENOVO,title_brand_mismatch,NA,"COMPAL ELECTRONICS, INC.",2021-04-20 17:45:00,[Lenovo_IdeaPad][Compal][S560 Pro-14ITL Refresh][20H2] BSOD 0x9F (Netwtw10 )during normal function test. (F/R: 1/59 units)
609117,"COMPAL ELECTRONICS, INC.",LENOVO,title_brand_mismatch,NA,"COMPAL ELECTRONICS, INC.",2021-04-20 17:45:00,[Lenovo_IdeaPad][Compal][S560 Pro-14ITL Refresh][20H2] BSOD 0x9F (Netwtw10 )during normal function test. (F/R: 1/59 units)
609117,"COMPAL ELECTRONICS, INC.",LENOVO,title_brand_mismatch,NA,"COMPAL ELECTRONICS, INC.",2021-04-20 17:45:00,[Lenovo_IdeaPad][Compal][S560 Pro-14ITL Refresh][20H2] BSOD 0x9F (Netwtw10 )during normal function test. (F/R: 1/59 units)
608795,"COMPAL ELECTRONICS, INC.",LENOVO,title_brand_mismatch,NA,"COMPAL ELECTRONICS, INC.",2021-04-19 21:00:00,[Lenovo-ideaPad][Compal][L360][TGL][AX200][20H2]Intel AX200:267706-Sound output from BT headphone [QCY(QY7)] show lag when turn on Sound Sharing of Nahimic app.
608795,"COMPAL ELECTRONICS, INC.",LENOVO,title_brand_mismatch,NA,"COMPAL ELECTRONICS, INC.",2021-04-19 21:00:00,[Lenovo-ideaPad][Compal][L360][TGL][AX200][20H2]Intel AX200:267706-Sound output from BT headphone [QCY(QY7)] show lag when turn on Sound Sharing of Nahimic app.
608795,"COMPAL ELECTRONICS, INC.",LENOVO,title_brand_mismatch,NA,"COMPAL ELECTRONICS, INC.",2021-04-19 21:00:00,[Lenovo-ideaPad][Compal][L360][TGL][AX200][20H2]Intel AX200:267706-Sound output from BT headphone [QCY(QY7)] show lag when turn on Sound Sharing of Nahimic app.
608601,WISTRON CORPORATION,LENOVO,title_brand_mismatch,NA,WISTRON CORPORATION,2021-04-19 03:32:00,[Lenovo-ThinkPad][Wistron][L13 Gen 2][TGL][AX201][9560][20H2][80%]AV_Netwtw10!dclReturnRxBufferApi
608601,WISTRON CORPORATION,LENOVO,title_brand_mismatch,NA,WISTRON CORPORATION,2021-04-19 03:32:00,[Lenovo-ThinkPad][Wistron][L13 Gen 2][TGL][AX201][9560][20H2][80%]AV_Netwtw10!dclReturnRxBufferApi
608601,WISTRON CORPORATION,LENOVO,title_brand_mismatch,NA,WISTRON CORPORATION,2021-04-19 03:32:00,[Lenovo-ThinkPad][Wistron][L13 Gen 2][TGL][AX201][9560][20H2][80%]AV_Netwtw10!dclReturnRxBufferApi
608592,WISTRON CORPORATION,LENOVO,title_brand_mismatch,NA,WISTRON CORPORATION,2021-04-19 03:13:00,[Lenovo-ThinkPad][Wistron][L13 Gen 2][TGL][AX201][9560][20H2][80%]0x9F_3_SETPOWER_Netwtw10!_vector_destructor_iterator___PERF__(Netwtw10+0x0)
608592,WISTRON CORPORATION,LENOVO,title_brand_mismatch,NA,WISTRON CORPORATION,2021-04-19 03:13:00,[Lenovo-ThinkPad][Wistron][L13 Gen 2][TGL][AX201][9560][20H2][80%]0x9F_3_SETPOWER_Netwtw10!_vector_destructor_iterator___PERF__(Netwtw10+0x0)
608592,WISTRON CORPORATION,LENOVO,title_brand_mismatch,NA,WISTRON CORPORATION,2021-04-19 03:13:00,[Lenovo-ThinkPad][Wistron][L13 Gen 2][TGL][AX201][9560][20H2][80%]0x9F_3_SETPOWER_Netwtw10!_vector_destructor_iterator___PERF__(Netwtw10+0x0)
608135,"HUAQIN TECHNOLOGY CO., LTD",XIAOMI,title_brand_mismatch,NA,"Huaqin Technology Co., Ltd",2021-04-16 02:22:00,[Huaqin][XiaoMi][A18S][AMD-Luc]Unknown USB Device lost(Bluetooth) YB when running reboot/S4.(FR:7 out of 200 units)
608135,"HUAQIN TECHNOLOGY CO., LTD",XIAOMI,title_brand_mismatch,NA,"Huaqin Technology Co., Ltd",2021-04-16 02:22:00,[Huaqin][XiaoMi][A18S][AMD-Luc]Unknown USB Device lost(Bluetooth) YB when running reboot/S4.(FR:7 out of 200 units)
608135,"HUAQIN TECHNOLOGY CO., LTD",XIAOMI,title_brand_mismatch,NA,"Huaqin Technology Co., Ltd",2021-04-16 02:22:00,[Huaqin][XiaoMi][A18S][AMD-Luc]Unknown USB Device lost(Bluetooth) YB when running reboot/S4.(FR:7 out of 200 units)
607627,WISTRON CORPORATION,LENOVO|NEC,title_brand_mismatch,NA,WISTRON CORPORATION,2021-04-14 19:47:00,"[Lenovo-ThinkPad][Wistron][L13 Gen 2][AMD][AX200][20H2][100%][Ares2_AMD] SIT1.0: Wlan disconnected after enter into ModS.(FR:2/2 units,4/2*2 cycles)"
607627,WISTRON CORPORATION,LENOVO|NEC,title_brand_mismatch,NA,WISTRON CORPORATION,2021-04-14 19:47:00,"[Lenovo-ThinkPad][Wistron][L13 Gen 2][AMD][AX200][20H2][100%][Ares2_AMD] SIT1.0: Wlan disconnected after enter into ModS.(FR:2/2 units,4/2*2 cycles)"
607627,WISTRON CORPORATION,LENOVO|NEC,title_brand_mismatch,NA,WISTRON CORPORATION,2021-04-14 19:47:00,"[Lenovo-ThinkPad][Wistron][L13 Gen 2][AMD][AX200][20H2][100%][Ares2_AMD] SIT1.0: Wlan disconnected after enter into ModS.(FR:2/2 units,4/2*2 cycles)"
607608,"COMPAL ELECTRONICS, INC.",LENOVO,title_brand_mismatch,NA,"COMPAL ELECTRONICS, INC.",2021-04-14 19:04:00,[Lenovo-Ideapad][Compal][V350][AX201/AX200][20H2]WiFi-6 function for Ukraine
607608,"COMPAL ELECTRONICS, INC.",LENOVO,title_brand_mismatch,NA,"COMPAL ELECTRONICS, INC.",2021-04-14 19:04:00,[Lenovo-Ideapad][Compal][V350][AX201/AX200][20H2]WiFi-6 function for Ukraine
607608,"COMPAL ELECTRONICS, INC.",LENOVO,title_brand_mismatch,NA,"COMPAL ELECTRONICS, INC.",2021-04-14 19:04:00,[Lenovo-Ideapad][Compal][V350][AX201/AX200][20H2]WiFi-6 function for Ukraine
606994,"HUAQIN TECHNOLOGY CO., LTD",HONOR,title_brand_mismatch,NA,"Huaqin Technology Co., Ltd",2021-04-13 00:46:00,[Realme][HUAQIN][Intel TGL][Intel AX201][20H2]A failure happened when the DUT pair with the HONOR 30 Phone via Bluetooth
606994,"HUAQIN TECHNOLOGY CO., LTD",HONOR,title_brand_mismatch,NA,"Huaqin Technology Co., Ltd",2021-04-13 00:46:00,[Realme][HUAQIN][Intel TGL][Intel AX201][20H2]A failure happened when the DUT pair with the HONOR 30 Phone via Bluetooth
606994,"HUAQIN TECHNOLOGY CO., LTD",HONOR,title_brand_mismatch,NA,"Huaqin Technology Co., Ltd",2021-04-13 00:46:00,[Realme][HUAQIN][Intel TGL][Intel AX201][20H2]A failure happened when the DUT pair with the HONOR 30 Phone via Bluetooth
606624,"HUAQIN TECHNOLOGY CO., LTD",ASUS,title_brand_mismatch,NA,"Huaqin Technology Co., Ltd",2021-04-12 00:03:00,"[Huaqin][Asus_UX425UAZ][AMD_LCN] 0xD1 BSOD occured when run 3DMark for Windows ""Sky Diver DX11"" Test"
606624,"HUAQIN TECHNOLOGY CO., LTD",ASUS,title_brand_mismatch,NA,"Huaqin Technology Co., Ltd",2021-04-12 00:03:00,"[Huaqin][Asus_UX425UAZ][AMD_LCN] 0xD1 BSOD occured when run 3DMark for Windows ""Sky Diver DX11"" Test"
606624,"HUAQIN TECHNOLOGY CO., LTD",ASUS,title_brand_mismatch,NA,"Huaqin Technology Co., Ltd",2021-04-12 00:03:00,"[Huaqin][Asus_UX425UAZ][AMD_LCN] 0xD1 BSOD occured when run 3DMark for Windows ""Sky Diver DX11"" Test"
605617,"COMPAL ELECTRONICS, INC.",LENOVO|NEC,title_brand_mismatch,NA,"COMPAL ELECTRONICS, INC.",2021-04-07 02:07:00,[Lenovo-AIO][Comapl][A360][TGL-U][9560_AX201]Sometimes Intel 9560 & AX201 wlan card cannot connect Mobile hotspot or disconnect automatically.
605617,"COMPAL ELECTRONICS, INC.",LENOVO|NEC,title_brand_mismatch,NA,"COMPAL ELECTRONICS, INC.",2021-04-07 02:07:00,[Lenovo-AIO][Comapl][A360][TGL-U][9560_AX201]Sometimes Intel 9560 & AX201 wlan card cannot connect Mobile hotspot or disconnect automatically.
605617,"COMPAL ELECTRONICS, INC.",LENOVO|NEC,title_brand_mismatch,NA,"COMPAL ELECTRONICS, INC.",2021-04-07 02:07:00,[Lenovo-AIO][Comapl][A360][TGL-U][9560_AX201]Sometimes Intel 9560 & AX201 wlan card cannot connect Mobile hotspot or disconnect automatically.
605558,"COMPAL ELECTRONICS, INC.",LENOVO,title_brand_mismatch,NA,"COMPAL ELECTRONICS, INC.",2021-04-07 00:13:00,[Lenovo-ThinkBook][Compal][V350][TGL-U refresh][9560][20H2][0.02%]Intel 9560 BT shows YB during stress CB
605558,"COMPAL ELECTRONICS, INC.",LENOVO,title_brand_mismatch,NA,"COMPAL ELECTRONICS, INC.",2021-04-07 00:13:00,[Lenovo-ThinkBook][Compal][V350][TGL-U refresh][9560][20H2][0.02%]Intel 9560 BT shows YB during stress CB
605558,"COMPAL ELECTRONICS, INC.",LENOVO,title_brand_mismatch,NA,"COMPAL ELECTRONICS, INC.",2021-04-07 00:13:00,[Lenovo-ThinkBook][Compal][V350][TGL-U refresh][9560][20H2][0.02%]Intel 9560 BT shows YB during stress CB
605103,WISTRON CORPORATION,ACER|LG,title_brand_mismatch,NA,WISTRON CORPORATION,2021-04-05 23:30:00,[Q&A][Acer][Wistron][Yacht_TL/Milgauss_TL][20H2][AX201&1650i] Mouse will lag using Bluetooth mouse
605103,WISTRON CORPORATION,ACER|LG,title_brand_mismatch,NA,WISTRON CORPORATION,2021-04-05 23:30:00,[Q&A][Acer][Wistron][Yacht_TL/Milgauss_TL][20H2][AX201&1650i] Mouse will lag using Bluetooth mouse
605103,WISTRON CORPORATION,ACER|LG,title_brand_mismatch,NA,WISTRON CORPORATION,2021-04-05 23:30:00,[Q&A][Acer][Wistron][Yacht_TL/Milgauss_TL][20H2][AX201&1650i] Mouse will lag using Bluetooth mouse
605077,ECS,LENOVO,title_brand_mismatch,NA,ELITEGROUP COMPUTER SYSTEMS CO. LTD,2021-04-05 22:30:00,[Lenovo_DT][ECS][ADL-S][CSLP][Legion T7][WW15-16WS] AX201 will be yellow mark after resume from S3 or Reboot
605077,ECS,LENOVO,title_brand_mismatch,NA,ELITEGROUP COMPUTER SYSTEMS CO. LTD,2021-04-05 22:30:00,[Lenovo_DT][ECS][ADL-S][CSLP][Legion T7][WW15-16WS] AX201 will be yellow mark after resume from S3 or Reboot
605077,ECS,LENOVO,title_brand_mismatch,NA,ELITEGROUP COMPUTER SYSTEMS CO. LTD,2021-04-05 22:30:00,[Lenovo_DT][ECS][ADL-S][CSLP][Legion T7][WW15-16WS] AX201 will be yellow mark after resume from S3 or Reboot
604359,"COMPAL ELECTRONICS, INC.",DELL,title_brand_mismatch,NA,"COMPAL ELECTRONICS, INC.",2021-03-31 18:40:00,[Dell-COMPAL][ARK_SIF_TGL]Intel AX201 lost in DM after WB
604359,"COMPAL ELECTRONICS, INC.",DELL,title_brand_mismatch,NA,"COMPAL ELECTRONICS, INC.",2021-03-31 18:40:00,[Dell-COMPAL][ARK_SIF_TGL]Intel AX201 lost in DM after WB
604359,"COMPAL ELECTRONICS, INC.",DELL,title_brand_mismatch,NA,"COMPAL ELECTRONICS, INC.",2021-03-31 18:40:00,[Dell-COMPAL][ARK_SIF_TGL]Intel AX201 lost in DM after WB
604134,WISTRON CORPORATION,DELL,title_brand_mismatch,NA,WISTRON CORPORATION,2021-03-31 00:39:00,[Dell-Wistron][D12][ADL-S][WiFi] AX201 wlan Driver cannot be installed by Setup.exe
604134,WISTRON CORPORATION,DELL,title_brand_mismatch,NA,WISTRON CORPORATION,2021-03-31 00:39:00,[Dell-Wistron][D12][ADL-S][WiFi] AX201 wlan Driver cannot be installed by Setup.exe
604134,WISTRON CORPORATION,DELL,title_brand_mismatch,NA,WISTRON CORPORATION,2021-03-31 00:39:00,[Dell-Wistron][D12][ADL-S][WiFi] AX201 wlan Driver cannot be installed by Setup.exe
604046,"COMPAL ELECTRONICS, INC.",DELL,title_brand_mismatch,NA,"COMPAL ELECTRONICS, INC.",2021-03-30 20:57:00,[Dell] [Tributo ADL-P] SUT will BSOD after installed Intel AX211 Wi-Fi driver v22.35.0.2.
604046,"COMPAL ELECTRONICS, INC.",DELL,title_brand_mismatch,NA,"COMPAL ELECTRONICS, INC.",2021-03-30 20:57:00,[Dell] [Tributo ADL-P] SUT will BSOD after installed Intel AX211 Wi-Fi driver v22.35.0.2.
604046,"COMPAL ELECTRONICS, INC.",DELL,title_brand_mismatch,NA,"COMPAL ELECTRONICS, INC.",2021-03-30 20:57:00,[Dell] [Tributo ADL-P] SUT will BSOD after installed Intel AX211 Wi-Fi driver v22.35.0.2.
603844,WISTRON CORPORATION,DELL,title_brand_mismatch,NA,WISTRON CORPORATION,2021-03-30 03:40:00,[Dell-Wistron][D12][ADL-S][WiFi] AX201 wlan shows YB on 'Network controller' in Device Manger after install driver
603844,WISTRON CORPORATION,DELL,title_brand_mismatch,NA,WISTRON CORPORATION,2021-03-30 03:40:00,[Dell-Wistron][D12][ADL-S][WiFi] AX201 wlan shows YB on 'Network controller' in Device Manger after install driver
603844,WISTRON CORPORATION,DELL,title_brand_mismatch,NA,WISTRON CORPORATION,2021-03-30 03:40:00,[Dell-Wistron][D12][ADL-S][WiFi] AX201 wlan shows YB on 'Network controller' in Device Manger after install driver
603726,WISTRON CORPORATION,LENOVO,title_brand_mismatch,NA,WISTRON CORPORATION,2021-03-30 00:38:00,"[Lenovo-ThinkPad][wistron][L13 Gen 2][AMD][AX200][20H2][100%]20H2:HLK:Wlan Test - Wlan Device Reset Check failed due to crash with exception code 0xC0000005 occurred in module ""unknown"" and driver will be yellow bang after test."
603726,WISTRON CORPORATION,LENOVO,title_brand_mismatch,NA,WISTRON CORPORATION,2021-03-30 00:38:00,"[Lenovo-ThinkPad][wistron][L13 Gen 2][AMD][AX200][20H2][100%]20H2:HLK:Wlan Test - Wlan Device Reset Check failed due to crash with exception code 0xC0000005 occurred in module ""unknown"" and driver will be yellow bang after test."
603726,WISTRON CORPORATION,LENOVO,title_brand_mismatch,NA,WISTRON CORPORATION,2021-03-30 00:38:00,"[Lenovo-ThinkPad][wistron][L13 Gen 2][AMD][AX200][20H2][100%]20H2:HLK:Wlan Test - Wlan Device Reset Check failed due to crash with exception code 0xC0000005 occurred in module ""unknown"" and driver will be yellow bang after test."
603696,"FOXCONN TECHNOLOGY CO., LTD.",DELL,title_brand_mismatch,NA,"FOXCONN TECHNOLOGY CO., LTD.",2021-03-29 23:43:00,[DELL Corp. DT/Foxconn/Intel ADL-S go fast][D12 Dolphin V SFF][WLAN]Intel AX210 WLAN driver (SWB:PK22G) can't be installed and warning message pops up via DUP.exe
603696,"FOXCONN TECHNOLOGY CO., LTD.",DELL,title_brand_mismatch,NA,"FOXCONN TECHNOLOGY CO., LTD.",2021-03-29 23:43:00,[DELL Corp. DT/Foxconn/Intel ADL-S go fast][D12 Dolphin V SFF][WLAN]Intel AX210 WLAN driver (SWB:PK22G) can't be installed and warning message pops up via DUP.exe
603696,"FOXCONN TECHNOLOGY CO., LTD.",DELL,title_brand_mismatch,NA,"FOXCONN TECHNOLOGY CO., LTD.",2021-03-29 23:43:00,[DELL Corp. DT/Foxconn/Intel ADL-S go fast][D12 Dolphin V SFF][WLAN]Intel AX210 WLAN driver (SWB:PK22G) can't be installed and warning message pops up via DUP.exe
603269,SAMSUNG,NEC,title_brand_mismatch,NA,"SAMSUNG ELECTRONICS CO., LTD.",2021-03-29 02:01:00,Sometimes popup about connection failure appears on Android phone after pairing with PC
603269,SAMSUNG,NEC,title_brand_mismatch,NA,"SAMSUNG ELECTRONICS CO., LTD.",2021-03-29 02:01:00,Sometimes popup about connection failure appears on Android phone after pairing with PC
603269,SAMSUNG,NEC,title_brand_mismatch,NA,"SAMSUNG ELECTRONICS CO., LTD.",2021-03-29 02:01:00,Sometimes popup about connection failure appears on Android phone after pairing with PC
603113,"EDIMAX TECHNOLOGY CO., LTD.",ASUS|NEC,title_brand_mismatch,NA,"EDIMAX TECHNOLOGY CO., LTD.",2021-03-28 19:51:00,[ASUS][Edimax]AX200 connect to Radius WPA-AES-Smart card got a error message (Driver:22.40.0.7)
603113,"EDIMAX TECHNOLOGY CO., LTD.",ASUS|NEC,title_brand_mismatch,NA,"EDIMAX TECHNOLOGY CO., LTD.",2021-03-28 19:51:00,[ASUS][Edimax]AX200 connect to Radius WPA-AES-Smart card got a error message (Driver:22.40.0.7)
603113,"EDIMAX TECHNOLOGY CO., LTD.",ASUS|NEC,title_brand_mismatch,NA,"EDIMAX TECHNOLOGY CO., LTD.",2021-03-28 19:51:00,[ASUS][Edimax]AX200 connect to Radius WPA-AES-Smart card got a error message (Driver:22.40.0.7)
601989,"COMPAL ELECTRONICS, INC.",DELL,title_brand_mismatch,NA,"COMPAL ELECTRONICS, INC.",2021-03-23 20:29:00,[Compal][Dell][Andrews]20H2_19042.899 S4 STRESS BSOD_Driver_Power_State_failure with dump
601989,"COMPAL ELECTRONICS, INC.",DELL,title_brand_mismatch,NA,"COMPAL ELECTRONICS, INC.",2021-03-23 20:29:00,[Compal][Dell][Andrews]20H2_19042.899 S4 STRESS BSOD_Driver_Power_State_failure with dump
601989,"COMPAL ELECTRONICS, INC.",DELL,title_brand_mismatch,NA,"COMPAL ELECTRONICS, INC.",2021-03-23 20:29:00,[Compal][Dell][Andrews]20H2_19042.899 S4 STRESS BSOD_Driver_Power_State_failure with dump
601240,QUANTA COMPUTER INC.,ACER,title_brand_mismatch,NA,QUANTA COMPUTER INC.,2021-03-22 01:52:00,"[Acer project Tulip_DA][Intel 3168][WLAN Drv: 19.51.31.1] Preload Image with 3168 card would hang on Acer logo, checked the preload log still not install WLAN driver (Fail rate: about 1/10)"
601240,QUANTA COMPUTER INC.,ACER,title_brand_mismatch,NA,QUANTA COMPUTER INC.,2021-03-22 01:52:00,"[Acer project Tulip_DA][Intel 3168][WLAN Drv: 19.51.31.1] Preload Image with 3168 card would hang on Acer logo, checked the preload log still not install WLAN driver (Fail rate: about 1/10)"
601240,QUANTA COMPUTER INC.,ACER,title_brand_mismatch,NA,QUANTA COMPUTER INC.,2021-03-22 01:52:00,"[Acer project Tulip_DA][Intel 3168][WLAN Drv: 19.51.31.1] Preload Image with 3168 card would hang on Acer logo, checked the preload log still not install WLAN driver (Fail rate: about 1/10)"
600056,"HUAQIN TECHNOLOGY CO., LTD",LENOVO,title_brand_mismatch,NA,"Huaqin Technology Co., Ltd",2021-03-16 19:37:00,[Lenovo-Ideapad][Huaqin][Lenovo S560-16ITL][Tiger Lake][AX201][20H2][0.2%]System blackscreen hang (0x9F bugcheck)when run S4 Stress(1 /500 units)
600056,"HUAQIN TECHNOLOGY CO., LTD",LENOVO,title_brand_mismatch,NA,"Huaqin Technology Co., Ltd",2021-03-16 19:37:00,[Lenovo-Ideapad][Huaqin][Lenovo S560-16ITL][Tiger Lake][AX201][20H2][0.2%]System blackscreen hang (0x9F bugcheck)when run S4 Stress(1 /500 units)
600056,"HUAQIN TECHNOLOGY CO., LTD",LENOVO,title_brand_mismatch,NA,"Huaqin Technology Co., Ltd",2021-03-16 19:37:00,[Lenovo-Ideapad][Huaqin][Lenovo S560-16ITL][Tiger Lake][AX201][20H2][0.2%]System blackscreen hang (0x9F bugcheck)when run S4 Stress(1 /500 units)
599281,WISTRON CORPORATION,NEC|XIAOMI,title_brand_mismatch,NA,WISTRON CORPORATION,2021-03-14 21:35:00,[Xiaomi][Wistron][A34S/A35S][AMD Cezanne][AX200][Win10 20H2] Mi-TV screen noise issue with widi connection
599281,WISTRON CORPORATION,NEC|XIAOMI,title_brand_mismatch,NA,WISTRON CORPORATION,2021-03-14 21:35:00,[Xiaomi][Wistron][A34S/A35S][AMD Cezanne][AX200][Win10 20H2] Mi-TV screen noise issue with widi connection
599281,WISTRON CORPORATION,NEC|XIAOMI,title_brand_mismatch,NA,WISTRON CORPORATION,2021-03-14 21:35:00,[Xiaomi][Wistron][A34S/A35S][AMD Cezanne][AX200][Win10 20H2] Mi-TV screen noise issue with widi connection
599267,"COMPAL ELECTRONICS, INC.",LENOVO,title_brand_mismatch,NA,"COMPAL ELECTRONICS, INC.",2021-03-14 20:54:00,"[Lenovo-IdeaPad][Compal][C640-13[AMDLucienne][AX200][20H2] Stress _S4,Unit show 'Intel(R) Wireless Bluetooth(R)' lost and 'Unknown USB Device(Device Descriptor Request Failed)' show yellow mark.(F/R:1/10,294/3000)"
599267,"COMPAL ELECTRONICS, INC.",LENOVO,title_brand_mismatch,NA,"COMPAL ELECTRONICS, INC.",2021-03-14 20:54:00,"[Lenovo-IdeaPad][Compal][C640-13[AMDLucienne][AX200][20H2] Stress _S4,Unit show 'Intel(R) Wireless Bluetooth(R)' lost and 'Unknown USB Device(Device Descriptor Request Failed)' show yellow mark.(F/R:1/10,294/3000)"
599267,"COMPAL ELECTRONICS, INC.",LENOVO,title_brand_mismatch,NA,"COMPAL ELECTRONICS, INC.",2021-03-14 20:54:00,"[Lenovo-IdeaPad][Compal][C640-13[AMDLucienne][AX200][20H2] Stress _S4,Unit show 'Intel(R) Wireless Bluetooth(R)' lost and 'Unknown USB Device(Device Descriptor Request Failed)' show yellow mark.(F/R:1/10,294/3000)"
598909,"COMPAL ELECTRONICS, INC.",LENOVO,title_brand_mismatch,NA,"COMPAL ELECTRONICS, INC.",2021-03-11 19:27:00,[Lenovo-ideaPad][Compal][L360][TGL][AX201][20H2]Intel AX201:Network adapters show yellow bang after copy and Compare overnight.
598909,"COMPAL ELECTRONICS, INC.",LENOVO,title_brand_mismatch,NA,"COMPAL ELECTRONICS, INC.",2021-03-11 19:27:00,[Lenovo-ideaPad][Compal][L360][TGL][AX201][20H2]Intel AX201:Network adapters show yellow bang after copy and Compare overnight.
598909,"COMPAL ELECTRONICS, INC.",LENOVO,title_brand_mismatch,NA,"COMPAL ELECTRONICS, INC.",2021-03-11 19:27:00,[Lenovo-ideaPad][Compal][L360][TGL][AX201][20H2]Intel AX201:Network adapters show yellow bang after copy and Compare overnight.
597324,WISTRON CORPORATION,DELL,title_brand_mismatch,NA,WISTRON CORPORATION,2021-03-05 03:55:00,[Dell][Wistron][Cyborg-TGL-H] Modern Standby issue with WLAN Card
597324,WISTRON CORPORATION,DELL,title_brand_mismatch,NA,WISTRON CORPORATION,2021-03-05 03:55:00,[Dell][Wistron][Cyborg-TGL-H] Modern Standby issue with WLAN Card
597324,WISTRON CORPORATION,DELL,title_brand_mismatch,NA,WISTRON CORPORATION,2021-03-05 03:55:00,[Dell][Wistron][Cyborg-TGL-H] Modern Standby issue with WLAN Card
596938,"HUAQIN TECHNOLOGY CO., LTD",LENOVO|NEC,title_brand_mismatch,NA,"Huaqin Technology Co., Ltd",2021-03-04 03:24:00,[Lenovo-IdeaPad][HUAQIN][ThinkBook Plus G2][TGL][AX201][20H2][1%][SIT] BSOD 0xd1 happened when connect internet. (F/R: 1%)
596938,"HUAQIN TECHNOLOGY CO., LTD",LENOVO|NEC,title_brand_mismatch,NA,"Huaqin Technology Co., Ltd",2021-03-04 03:24:00,[Lenovo-IdeaPad][HUAQIN][ThinkBook Plus G2][TGL][AX201][20H2][1%][SIT] BSOD 0xd1 happened when connect internet. (F/R: 1%)
596938,"HUAQIN TECHNOLOGY CO., LTD",LENOVO|NEC,title_brand_mismatch,NA,"Huaqin Technology Co., Ltd",2021-03-04 03:24:00,[Lenovo-IdeaPad][HUAQIN][ThinkBook Plus G2][TGL][AX201][20H2][1%][SIT] BSOD 0xd1 happened when connect internet. (F/R: 1%)
596720,GUANGDONG OPPO MOBILE TELECOMMUNICATIONSCORP. LTD.,NEC|OPPO,title_brand_mismatch,NA,GUANGDONG OPPO MOBILE TELECOMMUNICATIONSCORP. LTD.,2021-03-03 18:42:00,[OPPO][In-House][PCConnect][Intel-i7-8565U][AC9560][19H2] WifiGetAdapterList returned invalid value
596720,GUANGDONG OPPO MOBILE TELECOMMUNICATIONSCORP. LTD.,NEC|OPPO,title_brand_mismatch,NA,GUANGDONG OPPO MOBILE TELECOMMUNICATIONSCORP. LTD.,2021-03-03 18:42:00,[OPPO][In-House][PCConnect][Intel-i7-8565U][AC9560][19H2] WifiGetAdapterList returned invalid value
596720,GUANGDONG OPPO MOBILE TELECOMMUNICATIONSCORP. LTD.,NEC|OPPO,title_brand_mismatch,NA,GUANGDONG OPPO MOBILE TELECOMMUNICATIONSCORP. LTD.,2021-03-03 18:42:00,[OPPO][In-House][PCConnect][Intel-i7-8565U][AC9560][19H2] WifiGetAdapterList returned invalid value
596686,WISTRON CORPORATION,DELL,title_brand_mismatch,NA,WISTRON CORPORATION,2021-03-03 17:06:00,[Dell][MockingBird TGL]System have YB Intel® Wireless Bluetooth during S4 and CB stress test
596686,WISTRON CORPORATION,DELL,title_brand_mismatch,NA,WISTRON CORPORATION,2021-03-03 17:06:00,[Dell][MockingBird TGL]System have YB Intel® Wireless Bluetooth during S4 and CB stress test
596686,WISTRON CORPORATION,DELL,title_brand_mismatch,NA,WISTRON CORPORATION,2021-03-03 17:06:00,[Dell][MockingBird TGL]System have YB Intel® Wireless Bluetooth during S4 and CB stress test
595981,"HUAQIN TECHNOLOGY CO., LTD",LENOVO,title_brand_mismatch,NA,"Huaqin Technology Co., Ltd",2021-03-01 18:55:00,"[Lenovo-IdeaPad][HUAQIN][ThinkBook Plus G2][TGL][AX201] [20H2][100%][SIT]The mouse pointer frozen 1~2 sec when the BT mouse is idle for several minutes. (F/R: 2/2 uuts, 10/10 cycles)"
595981,"HUAQIN TECHNOLOGY CO., LTD",LENOVO,title_brand_mismatch,NA,"Huaqin Technology Co., Ltd",2021-03-01 18:55:00,"[Lenovo-IdeaPad][HUAQIN][ThinkBook Plus G2][TGL][AX201] [20H2][100%][SIT]The mouse pointer frozen 1~2 sec when the BT mouse is idle for several minutes. (F/R: 2/2 uuts, 10/10 cycles)"
595981,"HUAQIN TECHNOLOGY CO., LTD",LENOVO,title_brand_mismatch,NA,"Huaqin Technology Co., Ltd",2021-03-01 18:55:00,"[Lenovo-IdeaPad][HUAQIN][ThinkBook Plus G2][TGL][AX201] [20H2][100%][SIT]The mouse pointer frozen 1~2 sec when the BT mouse is idle for several minutes. (F/R: 2/2 uuts, 10/10 cycles)"
595286,"COMPAL ELECTRONICS, INC.",DELL,title_brand_mismatch,NA,"COMPAL ELECTRONICS, INC.",2021-02-25 18:47:00,[Compal][Dell][Andrews]1.1.0 BIOS 20H2 CB STRESS BSOD_Driver_Power_State_failure with dump
595286,"COMPAL ELECTRONICS, INC.",DELL,title_brand_mismatch,NA,"COMPAL ELECTRONICS, INC.",2021-02-25 18:47:00,[Compal][Dell][Andrews]1.1.0 BIOS 20H2 CB STRESS BSOD_Driver_Power_State_failure with dump
595286,"COMPAL ELECTRONICS, INC.",DELL,title_brand_mismatch,NA,"COMPAL ELECTRONICS, INC.",2021-02-25 18:47:00,[Compal][Dell][Andrews]1.1.0 BIOS 20H2 CB STRESS BSOD_Driver_Power_State_failure with dump
595166,"HUAQIN TECHNOLOGY CO., LTD",LENOVO,title_brand_mismatch,NA,"Huaqin Technology Co., Ltd",2021-02-25 04:27:00,"[lenovo-IdeaPad][S750-13ACN][AMD-Cezanne][20H2][AX200]UUT occer BSOD(code:0xD1) when play 1080P movies.(F/R:1/2 UUTs, 1/2 cycles)"
595166,"HUAQIN TECHNOLOGY CO., LTD",LENOVO,title_brand_mismatch,NA,"Huaqin Technology Co., Ltd",2021-02-25 04:27:00,"[lenovo-IdeaPad][S750-13ACN][AMD-Cezanne][20H2][AX200]UUT occer BSOD(code:0xD1) when play 1080P movies.(F/R:1/2 UUTs, 1/2 cycles)"
595166,"HUAQIN TECHNOLOGY CO., LTD",LENOVO,title_brand_mismatch,NA,"Huaqin Technology Co., Ltd",2021-02-25 04:27:00,"[lenovo-IdeaPad][S750-13ACN][AMD-Cezanne][20H2][AX200]UUT occer BSOD(code:0xD1) when play 1080P movies.(F/R:1/2 UUTs, 1/2 cycles)"
595071,"HUAQIN TECHNOLOGY CO., LTD",ACER,title_brand_mismatch,NA,"Huaqin Technology Co., Ltd",2021-02-25 00:15:00,[Acer][TigerLake] [Huaqin][OBOE_TL][NB2700]AX201 Wake on Wlan function fail.
595071,"HUAQIN TECHNOLOGY CO., LTD",ACER,title_brand_mismatch,NA,"Huaqin Technology Co., Ltd",2021-02-25 00:15:00,[Acer][TigerLake] [Huaqin][OBOE_TL][NB2700]AX201 Wake on Wlan function fail.
595071,"HUAQIN TECHNOLOGY CO., LTD",ACER,title_brand_mismatch,NA,"Huaqin Technology Co., Ltd",2021-02-25 00:15:00,[Acer][TigerLake] [Huaqin][OBOE_TL][NB2700]AX201 Wake on Wlan function fail.
594948,"FOXCONN TECHNOLOGY CO., LTD.",ACER|DELL,title_brand_mismatch,NA,"FOXCONN TECHNOLOGY CO., LTD.",2021-02-24 17:55:00,[ADL-S] [Dell consumer. DT/D12 Tracer&Widowmaker/Foxconn/ADL-S+H670&Z690][Bluetooth]: Delay was observed in switching Mp3 song back to Bluetooth Headset after ending Skype Audio call
594948,"FOXCONN TECHNOLOGY CO., LTD.",ACER|DELL,title_brand_mismatch,NA,"FOXCONN TECHNOLOGY CO., LTD.",2021-02-24 17:55:00,[ADL-S] [Dell consumer. DT/D12 Tracer&Widowmaker/Foxconn/ADL-S+H670&Z690][Bluetooth]: Delay was observed in switching Mp3 song back to Bluetooth Headset after ending Skype Audio call
594948,"FOXCONN TECHNOLOGY CO., LTD.",ACER|DELL,title_brand_mismatch,NA,"FOXCONN TECHNOLOGY CO., LTD.",2021-02-24 17:55:00,[ADL-S] [Dell consumer. DT/D12 Tracer&Widowmaker/Foxconn/ADL-S+H670&Z690][Bluetooth]: Delay was observed in switching Mp3 song back to Bluetooth Headset after ending Skype Audio call
594680,WISTRON CORPORATION,LENOVO,title_brand_mismatch,NA,WISTRON CORPORATION,2021-02-23 22:20:00,"[Lenovo-ThinkPad][Wistron][L13 Gen 2][CZN][AX200][20H2][15%][LR][Ares2_AMD] FVT2.0: SUT show Bluetooth error message during S4 longrun(FR: 4/28 units, 108/3550 cycles)"
594680,WISTRON CORPORATION,LENOVO,title_brand_mismatch,NA,WISTRON CORPORATION,2021-02-23 22:20:00,"[Lenovo-ThinkPad][Wistron][L13 Gen 2][CZN][AX200][20H2][15%][LR][Ares2_AMD] FVT2.0: SUT show Bluetooth error message during S4 longrun(FR: 4/28 units, 108/3550 cycles)"
594680,WISTRON CORPORATION,LENOVO,title_brand_mismatch,NA,WISTRON CORPORATION,2021-02-23 22:20:00,"[Lenovo-ThinkPad][Wistron][L13 Gen 2][CZN][AX200][20H2][15%][LR][Ares2_AMD] FVT2.0: SUT show Bluetooth error message during S4 longrun(FR: 4/28 units, 108/3550 cycles)"
594676,WISTRON CORPORATION,LENOVO,title_brand_mismatch,NA,WISTRON CORPORATION,2021-02-23 22:03:00,"[Lenovo-ThinkPad][Wistron][L13 Gen 2][CZN][AX200][20H2][65%][LR][Ares2_AMD] FVT2.0: SUT show Bluetooth error message during Restrat longrun(FR: 18/28 units, 130/3550 cycles)"
594676,WISTRON CORPORATION,LENOVO,title_brand_mismatch,NA,WISTRON CORPORATION,2021-02-23 22:03:00,"[Lenovo-ThinkPad][Wistron][L13 Gen 2][CZN][AX200][20H2][65%][LR][Ares2_AMD] FVT2.0: SUT show Bluetooth error message during Restrat longrun(FR: 18/28 units, 130/3550 cycles)"
594676,WISTRON CORPORATION,LENOVO,title_brand_mismatch,NA,WISTRON CORPORATION,2021-02-23 22:03:00,"[Lenovo-ThinkPad][Wistron][L13 Gen 2][CZN][AX200][20H2][65%][LR][Ares2_AMD] FVT2.0: SUT show Bluetooth error message during Restrat longrun(FR: 18/28 units, 130/3550 cycles)"
594274,"COMPAL ELECTRONICS, INC.",LENOVO,title_brand_mismatch,NA,"COMPAL ELECTRONICS, INC.",2021-02-22 22:07:00,"[Lenovo-ideaPad][Compal][L360][AX200][20H2][L360-15ACH_E3 FVT] Stress_Manual_WB, Unit show bluescreen on AC (BSOD:0xd1)."
594274,"COMPAL ELECTRONICS, INC.",LENOVO,title_brand_mismatch,NA,"COMPAL ELECTRONICS, INC.",2021-02-22 22:07:00,"[Lenovo-ideaPad][Compal][L360][AX200][20H2][L360-15ACH_E3 FVT] Stress_Manual_WB, Unit show bluescreen on AC (BSOD:0xd1)."
594274,"COMPAL ELECTRONICS, INC.",LENOVO,title_brand_mismatch,NA,"COMPAL ELECTRONICS, INC.",2021-02-22 22:07:00,"[Lenovo-ideaPad][Compal][L360][AX200][20H2][L360-15ACH_E3 FVT] Stress_Manual_WB, Unit show bluescreen on AC (BSOD:0xd1)."
593980,WISTRON CORPORATION,LENOVO,title_brand_mismatch,NA,WISTRON CORPORATION,2021-02-21 21:19:00,"[Lenovo-ThinkPad][Wistron][L13 Gen 2][CZN][AX200][20H2][100%]Ares2-AMD_Pro_W10:UMA:20H2:HLK:Wlan Test - Wlan Device Reset Check failed due to crash with exception code 0xC0000005 occurred in module ""unknown"" and driver will be yellow bang after"
593980,WISTRON CORPORATION,LENOVO,title_brand_mismatch,NA,WISTRON CORPORATION,2021-02-21 21:19:00,"[Lenovo-ThinkPad][Wistron][L13 Gen 2][CZN][AX200][20H2][100%]Ares2-AMD_Pro_W10:UMA:20H2:HLK:Wlan Test - Wlan Device Reset Check failed due to crash with exception code 0xC0000005 occurred in module ""unknown"" and driver will be yellow bang after"
593980,WISTRON CORPORATION,LENOVO,title_brand_mismatch,NA,WISTRON CORPORATION,2021-02-21 21:19:00,"[Lenovo-ThinkPad][Wistron][L13 Gen 2][CZN][AX200][20H2][100%]Ares2-AMD_Pro_W10:UMA:20H2:HLK:Wlan Test - Wlan Device Reset Check failed due to crash with exception code 0xC0000005 occurred in module ""unknown"" and driver will be yellow bang after"
593595,"HUAQIN TECHNOLOGY CO., LTD",LENOVO|NEC,title_brand_mismatch,NA,"Huaqin Technology Co., Ltd",2021-02-18 22:07:00,"[Huaqin][Lenovo][Tiger lake UP4][ThinkBook Plus Gen2][SIT] Hands-free mode lost after reconnecting BT headset/speaker. (F/R: 2/2 uuts, 8/10 cycles)"
593595,"HUAQIN TECHNOLOGY CO., LTD",LENOVO|NEC,title_brand_mismatch,NA,"Huaqin Technology Co., Ltd",2021-02-18 22:07:00,"[Huaqin][Lenovo][Tiger lake UP4][ThinkBook Plus Gen2][SIT] Hands-free mode lost after reconnecting BT headset/speaker. (F/R: 2/2 uuts, 8/10 cycles)"
593595,"HUAQIN TECHNOLOGY CO., LTD",LENOVO|NEC,title_brand_mismatch,NA,"Huaqin Technology Co., Ltd",2021-02-18 22:07:00,"[Huaqin][Lenovo][Tiger lake UP4][ThinkBook Plus Gen2][SIT] Hands-free mode lost after reconnecting BT headset/speaker. (F/R: 2/2 uuts, 8/10 cycles)"
593304,"COMPAL ELECTRONICS, INC.",LENOVO,title_brand_mismatch,NA,"COMPAL ELECTRONICS, INC.",2021-02-17 19:52:00,"[Lenovo-ideaPad][Compal][L360][TGL][AX201][20H2]Stress_S4_35'C, Unit can't resume from S4 and power LED show flicker and then idle in DC show black screen and have minidump and memory dump(0x9f)."
593304,"COMPAL ELECTRONICS, INC.",LENOVO,title_brand_mismatch,NA,"COMPAL ELECTRONICS, INC.",2021-02-17 19:52:00,"[Lenovo-ideaPad][Compal][L360][TGL][AX201][20H2]Stress_S4_35'C, Unit can't resume from S4 and power LED show flicker and then idle in DC show black screen and have minidump and memory dump(0x9f)."
593304,"COMPAL ELECTRONICS, INC.",LENOVO,title_brand_mismatch,NA,"COMPAL ELECTRONICS, INC.",2021-02-17 19:52:00,"[Lenovo-ideaPad][Compal][L360][TGL][AX201][20H2]Stress_S4_35'C, Unit can't resume from S4 and power LED show flicker and then idle in DC show black screen and have minidump and memory dump(0x9f)."
591105,"COMPAL ELECTRONICS, INC.",DELL,title_brand_mismatch,NA,"COMPAL ELECTRONICS, INC.",2021-02-03 21:37:00,[Dell/Compal][TGL] AX201 BT mouse resume time delay
591105,"COMPAL ELECTRONICS, INC.",DELL,title_brand_mismatch,NA,"COMPAL ELECTRONICS, INC.",2021-02-03 21:37:00,[Dell/Compal][TGL] AX201 BT mouse resume time delay
591105,"COMPAL ELECTRONICS, INC.",DELL,title_brand_mismatch,NA,"COMPAL ELECTRONICS, INC.",2021-02-03 21:37:00,[Dell/Compal][TGL] AX201 BT mouse resume time delay
590911,"HUAQIN TECHNOLOGY CO., LTD",ASUS,title_brand_mismatch,NA,"Huaqin Technology Co., Ltd",2021-02-03 03:33:00,[Huaqin][Asus_UX325UA][AMD_LCN] System can not detect BT microphone device (F/R:40%)
590911,"HUAQIN TECHNOLOGY CO., LTD",ASUS,title_brand_mismatch,NA,"Huaqin Technology Co., Ltd",2021-02-03 03:33:00,[Huaqin][Asus_UX325UA][AMD_LCN] System can not detect BT microphone device (F/R:40%)
590911,"HUAQIN TECHNOLOGY CO., LTD",ASUS,title_brand_mismatch,NA,"Huaqin Technology Co., Ltd",2021-02-03 03:33:00,[Huaqin][Asus_UX325UA][AMD_LCN] System can not detect BT microphone device (F/R:40%)
590899,"HUAQIN TECHNOLOGY CO., LTD",LENOVO,title_brand_mismatch,NA,"Huaqin Technology Co., Ltd",2021-02-03 03:08:00,[Lenovo-IdeaPad][Huaqin][Lenovo S560-16ITL][Tiger Lake]BT mouse has a delay about one second after idle BT mouse about 3s(F/R:6/6)
590899,"HUAQIN TECHNOLOGY CO., LTD",LENOVO,title_brand_mismatch,NA,"Huaqin Technology Co., Ltd",2021-02-03 03:08:00,[Lenovo-IdeaPad][Huaqin][Lenovo S560-16ITL][Tiger Lake]BT mouse has a delay about one second after idle BT mouse about 3s(F/R:6/6)
590899,"HUAQIN TECHNOLOGY CO., LTD",LENOVO,title_brand_mismatch,NA,"Huaqin Technology Co., Ltd",2021-02-03 03:08:00,[Lenovo-IdeaPad][Huaqin][Lenovo S560-16ITL][Tiger Lake]BT mouse has a delay about one second after idle BT mouse about 3s(F/R:6/6)
590661,WISTRON CORPORATION,ACER,title_brand_mismatch,NA,WISTRON CORPORATION,2021-02-02 19:03:00,[Acer][Wistron][Intel RKL-S][vfRex][AIO][Modern Standby] Wi-Fi virtual adaptor #2 yellow bang after system wake up from Modern Standby.
590661,WISTRON CORPORATION,ACER,title_brand_mismatch,NA,WISTRON CORPORATION,2021-02-02 19:03:00,[Acer][Wistron][Intel RKL-S][vfRex][AIO][Modern Standby] Wi-Fi virtual adaptor #2 yellow bang after system wake up from Modern Standby.
590661,WISTRON CORPORATION,ACER,title_brand_mismatch,NA,WISTRON CORPORATION,2021-02-02 19:03:00,[Acer][Wistron][Intel RKL-S][vfRex][AIO][Modern Standby] Wi-Fi virtual adaptor #2 yellow bang after system wake up from Modern Standby.
590504,WISTRON CORPORATION,LENOVO,title_brand_mismatch,NA,WISTRON CORPORATION,2021-02-02 02:45:00,[Lenovo-ThinkPad][Wistron][X12 Detachable Gen1][TGL-U][AX201][20H2][70%]BT Mouse response lag issue after idle some time.
590504,WISTRON CORPORATION,LENOVO,title_brand_mismatch,NA,WISTRON CORPORATION,2021-02-02 02:45:00,[Lenovo-ThinkPad][Wistron][X12 Detachable Gen1][TGL-U][AX201][20H2][70%]BT Mouse response lag issue after idle some time.
590504,WISTRON CORPORATION,LENOVO,title_brand_mismatch,NA,WISTRON CORPORATION,2021-02-02 02:45:00,[Lenovo-ThinkPad][Wistron][X12 Detachable Gen1][TGL-U][AX201][20H2][70%]BT Mouse response lag issue after idle some time.
590049,INVENTEC CORPORATION,NEC|XIAOMI,title_brand_mismatch,NA,INVENTEC CORPORATION,2021-01-31 22:48:00,[Xiaomi][Inventec][A30/A31[TGL-H35][AX201][20H2]Spend long time to reconnect mobile-hotspot
590049,INVENTEC CORPORATION,NEC|XIAOMI,title_brand_mismatch,NA,INVENTEC CORPORATION,2021-01-31 22:48:00,[Xiaomi][Inventec][A30/A31[TGL-H35][AX201][20H2]Spend long time to reconnect mobile-hotspot
590049,INVENTEC CORPORATION,NEC|XIAOMI,title_brand_mismatch,NA,INVENTEC CORPORATION,2021-01-31 22:48:00,[Xiaomi][Inventec][A30/A31[TGL-H35][AX201][20H2]Spend long time to reconnect mobile-hotspot
589946,WISTRON CORPORATION,NEC,title_brand_mismatch,NA,WISTRON CORPORATION,2021-01-31 17:34:00,"[ThinkPad JP][Wistron][ThinkPad X1 Extreme Gen 4][TGL-H][AX210][20H2][100%]For Cheetah-1 FVT machines, SUT will auto disconnect after 2mins when connect two PC by bluetooth"
589946,WISTRON CORPORATION,NEC,title_brand_mismatch,NA,WISTRON CORPORATION,2021-01-31 17:34:00,"[ThinkPad JP][Wistron][ThinkPad X1 Extreme Gen 4][TGL-H][AX210][20H2][100%]For Cheetah-1 FVT machines, SUT will auto disconnect after 2mins when connect two PC by bluetooth"
589946,WISTRON CORPORATION,NEC,title_brand_mismatch,NA,WISTRON CORPORATION,2021-01-31 17:34:00,"[ThinkPad JP][Wistron][ThinkPad X1 Extreme Gen 4][TGL-H][AX210][20H2][100%]For Cheetah-1 FVT machines, SUT will auto disconnect after 2mins when connect two PC by bluetooth"
589604,"HUAQIN TECHNOLOGY CO., LTD",LENOVO,title_brand_mismatch,NA,"Huaqin Technology Co., Ltd",2021-01-28 18:14:00,"[Lenovo-IdeaPad][HUAQIN][ThinkBook Plus G2][TGL][WiFi] MS Exit latency to long more than 3s , spec request 0.75s (fail rate:100%)"
589604,"HUAQIN TECHNOLOGY CO., LTD",LENOVO,title_brand_mismatch,NA,"Huaqin Technology Co., Ltd",2021-01-28 18:14:00,"[Lenovo-IdeaPad][HUAQIN][ThinkBook Plus G2][TGL][WiFi] MS Exit latency to long more than 3s , spec request 0.75s (fail rate:100%)"
589604,"HUAQIN TECHNOLOGY CO., LTD",LENOVO,title_brand_mismatch,NA,"Huaqin Technology Co., Ltd",2021-01-28 18:14:00,"[Lenovo-IdeaPad][HUAQIN][ThinkBook Plus G2][TGL][WiFi] MS Exit latency to long more than 3s , spec request 0.75s (fail rate:100%)"
589032,"COMPAL ELECTRONICS, INC.",DELL|NEC,title_brand_mismatch,NA,"COMPAL ELECTRONICS, INC.",2021-01-27 02:42:00,[DELL][Compal][Andrews]WiFi lost function after resume from long time MS but WiFi show connected.
589032,"COMPAL ELECTRONICS, INC.",DELL|NEC,title_brand_mismatch,NA,"COMPAL ELECTRONICS, INC.",2021-01-27 02:42:00,[DELL][Compal][Andrews]WiFi lost function after resume from long time MS but WiFi show connected.
589032,"COMPAL ELECTRONICS, INC.",DELL|NEC,title_brand_mismatch,NA,"COMPAL ELECTRONICS, INC.",2021-01-27 02:42:00,[DELL][Compal][Andrews]WiFi lost function after resume from long time MS but WiFi show connected.
588594,INVENTEC CORPORATION,XIAOMI,title_brand_mismatch,NA,INVENTEC CORPORATION,2021-01-25 23:55:00,[Xiaomi][Inventec][A30s[AMD][AX200][20H2] Intel Wireless error event log. (AMD UMDF Sensor vs wireless service )
588594,INVENTEC CORPORATION,XIAOMI,title_brand_mismatch,NA,INVENTEC CORPORATION,2021-01-25 23:55:00,[Xiaomi][Inventec][A30s[AMD][AX200][20H2] Intel Wireless error event log. (AMD UMDF Sensor vs wireless service )
588594,INVENTEC CORPORATION,XIAOMI,title_brand_mismatch,NA,INVENTEC CORPORATION,2021-01-25 23:55:00,[Xiaomi][Inventec][A30s[AMD][AX200][20H2] Intel Wireless error event log. (AMD UMDF Sensor vs wireless service )
588590,"COMPAL ELECTRONICS, INC.",DELL,title_brand_mismatch,NA,"COMPAL ELECTRONICS, INC.",2021-01-25 23:44:00,[Dell/Compal]NDT didn't work with AX210 module
588590,"COMPAL ELECTRONICS, INC.",DELL,title_brand_mismatch,NA,"COMPAL ELECTRONICS, INC.",2021-01-25 23:44:00,[Dell/Compal]NDT didn't work with AX210 module
588590,"COMPAL ELECTRONICS, INC.",DELL,title_brand_mismatch,NA,"COMPAL ELECTRONICS, INC.",2021-01-25 23:44:00,[Dell/Compal]NDT didn't work with AX210 module
588548,PEGATRON CORPORATION,DELL,title_brand_mismatch,NA,Pegatron Corporation,2021-01-25 22:05:00,"[DELL][CY21 AIO][RKL][AX201]When run CB aging, the system will BSOD.(DRIVER_POWER_STATE_FAILURE (9f))."
588548,PEGATRON CORPORATION,DELL,title_brand_mismatch,NA,Pegatron Corporation,2021-01-25 22:05:00,"[DELL][CY21 AIO][RKL][AX201]When run CB aging, the system will BSOD.(DRIVER_POWER_STATE_FAILURE (9f))."
588548,PEGATRON CORPORATION,DELL,title_brand_mismatch,NA,Pegatron Corporation,2021-01-25 22:05:00,"[DELL][CY21 AIO][RKL][AX201]When run CB aging, the system will BSOD.(DRIVER_POWER_STATE_FAILURE (9f))."
588496,"COMPAL ELECTRONICS, INC.",LENOVO|NEC,title_brand_mismatch,NA,"COMPAL ELECTRONICS, INC.",2021-01-25 19:16:00,"[Lenovo-Ideapad][Compal][V350][TGL-U][20H1]- Hands-Free will disappear, when remove and reconnect Bluetooth headset during play music. ( F/R: 1/1unit)"
588496,"COMPAL ELECTRONICS, INC.",LENOVO|NEC,title_brand_mismatch,NA,"COMPAL ELECTRONICS, INC.",2021-01-25 19:16:00,"[Lenovo-Ideapad][Compal][V350][TGL-U][20H1]- Hands-Free will disappear, when remove and reconnect Bluetooth headset during play music. ( F/R: 1/1unit)"
588496,"COMPAL ELECTRONICS, INC.",LENOVO|NEC,title_brand_mismatch,NA,"COMPAL ELECTRONICS, INC.",2021-01-25 19:16:00,"[Lenovo-Ideapad][Compal][V350][TGL-U][20H1]- Hands-Free will disappear, when remove and reconnect Bluetooth headset during play music. ( F/R: 1/1unit)"
588371,WISTRON CORPORATION,DELL,title_brand_mismatch,NA,WISTRON CORPORATION,2021-01-25 07:05:00,(Copy Of 00588364) [Dell-Wistron][TGL-H][Braodmoor15/15P]AX210 WiFi Yellow bang after warmboot
588371,WISTRON CORPORATION,DELL,title_brand_mismatch,NA,WISTRON CORPORATION,2021-01-25 07:05:00,(Copy Of 00588364) [Dell-Wistron][TGL-H][Braodmoor15/15P]AX210 WiFi Yellow bang after warmboot
588371,WISTRON CORPORATION,DELL,title_brand_mismatch,NA,WISTRON CORPORATION,2021-01-25 07:05:00,(Copy Of 00588364) [Dell-Wistron][TGL-H][Braodmoor15/15P]AX210 WiFi Yellow bang after warmboot
588174,"COMPAL ELECTRONICS, INC.",LENOVO,title_brand_mismatch,NA,"COMPAL ELECTRONICS, INC.",2021-01-24 22:45:00,"[Lenovo-IdeaPad][Compal][C640-13[AMDLucienne][AX200][20H2] Modern Standby Cycles stress,Device Manager 'Intel(R) Wireless Bluetooth(R)' show yellow mark .(F/R:1/30)"
588174,"COMPAL ELECTRONICS, INC.",LENOVO,title_brand_mismatch,NA,"COMPAL ELECTRONICS, INC.",2021-01-24 22:45:00,"[Lenovo-IdeaPad][Compal][C640-13[AMDLucienne][AX200][20H2] Modern Standby Cycles stress,Device Manager 'Intel(R) Wireless Bluetooth(R)' show yellow mark .(F/R:1/30)"
588174,"COMPAL ELECTRONICS, INC.",LENOVO,title_brand_mismatch,NA,"COMPAL ELECTRONICS, INC.",2021-01-24 22:45:00,"[Lenovo-IdeaPad][Compal][C640-13[AMDLucienne][AX200][20H2] Modern Standby Cycles stress,Device Manager 'Intel(R) Wireless Bluetooth(R)' show yellow mark .(F/R:1/30)"
588148,WISTRON CORPORATION,DELL|NEC,title_brand_mismatch,NA,WISTRON CORPORATION,2021-01-24 21:55:00,[Dell][Broadmoor 15/P][TGL-H] AX201/AX210 can't WOWL from connected standby(F/R:100%)
588148,WISTRON CORPORATION,DELL|NEC,title_brand_mismatch,NA,WISTRON CORPORATION,2021-01-24 21:55:00,[Dell][Broadmoor 15/P][TGL-H] AX201/AX210 can't WOWL from connected standby(F/R:100%)
588148,WISTRON CORPORATION,DELL|NEC,title_brand_mismatch,NA,WISTRON CORPORATION,2021-01-24 21:55:00,[Dell][Broadmoor 15/P][TGL-H] AX201/AX210 can't WOWL from connected standby(F/R:100%)
588102,"SHANGHAI WINGTECH ELECTRONICS TECHNOLOGYCO., LTD.",ASUS,title_brand_mismatch,NA,"SHANGHAI WINGTECH ELECTRONICS TECHNOLOGYCO., LTD.",2021-01-24 18:42:00,[ASUS wingtech B1/B3][22.20.0.3] Intel Bluetooth device stopped working during reboot stress test
588102,"SHANGHAI WINGTECH ELECTRONICS TECHNOLOGYCO., LTD.",ASUS,title_brand_mismatch,NA,"SHANGHAI WINGTECH ELECTRONICS TECHNOLOGYCO., LTD.",2021-01-24 18:42:00,[ASUS wingtech B1/B3][22.20.0.3] Intel Bluetooth device stopped working during reboot stress test
588102,"SHANGHAI WINGTECH ELECTRONICS TECHNOLOGYCO., LTD.",ASUS,title_brand_mismatch,NA,"SHANGHAI WINGTECH ELECTRONICS TECHNOLOGYCO., LTD.",2021-01-24 18:42:00,[ASUS wingtech B1/B3][22.20.0.3] Intel Bluetooth device stopped working during reboot stress test
587795,PEGATRON CORPORATION,DELL,title_brand_mismatch,NA,Pegatron Corporation,2021-01-21 23:12:00,"[DELL][CY21 AIO][RKL][AX201]When the system run CB aging, the system will BSOD(DRIVER_POWER_STATE_FAILURE (9f))."
587795,PEGATRON CORPORATION,DELL,title_brand_mismatch,NA,Pegatron Corporation,2021-01-21 23:12:00,"[DELL][CY21 AIO][RKL][AX201]When the system run CB aging, the system will BSOD(DRIVER_POWER_STATE_FAILURE (9f))."
587795,PEGATRON CORPORATION,DELL,title_brand_mismatch,NA,Pegatron Corporation,2021-01-21 23:12:00,"[DELL][CY21 AIO][RKL][AX201]When the system run CB aging, the system will BSOD(DRIVER_POWER_STATE_FAILURE (9f))."
587703,"COMPAL ELECTRONICS, INC.",ACER,title_brand_mismatch,NA,"COMPAL ELECTRONICS, INC.",2021-01-21 18:19:00,<Acer_Compal><Stonic_RNS> AX200 error event ID 5002 & 5010 while reboot OS
587703,"COMPAL ELECTRONICS, INC.",ACER,title_brand_mismatch,NA,"COMPAL ELECTRONICS, INC.",2021-01-21 18:19:00,<Acer_Compal><Stonic_RNS> AX200 error event ID 5002 & 5010 while reboot OS
587703,"COMPAL ELECTRONICS, INC.",ACER,title_brand_mismatch,NA,"COMPAL ELECTRONICS, INC.",2021-01-21 18:19:00,<Acer_Compal><Stonic_RNS> AX200 error event ID 5002 & 5010 while reboot OS
587544,"COMPAL ELECTRONICS, INC.",LENOVO,title_brand_mismatch,NA,"COMPAL ELECTRONICS, INC.",2021-01-21 02:59:00,[Lenovo-ideaPad][Compal][L360][TGL][AX201][20H2]Hands-Free mode will disappear after remove Bluetooth headset during play music.
587544,"COMPAL ELECTRONICS, INC.",LENOVO,title_brand_mismatch,NA,"COMPAL ELECTRONICS, INC.",2021-01-21 02:59:00,[Lenovo-ideaPad][Compal][L360][TGL][AX201][20H2]Hands-Free mode will disappear after remove Bluetooth headset during play music.
587544,"COMPAL ELECTRONICS, INC.",LENOVO,title_brand_mismatch,NA,"COMPAL ELECTRONICS, INC.",2021-01-21 02:59:00,[Lenovo-ideaPad][Compal][L360][TGL][AX201][20H2]Hands-Free mode will disappear after remove Bluetooth headset during play music.
587178,"COMPAL ELECTRONICS, INC.",DELL,title_brand_mismatch,NA,"COMPAL ELECTRONICS, INC.",2021-01-20 01:25:00,[Dell_Compal_Horizon] Device Manager show Killer(R) WI-FI 6E AX1675W 160MHz Wireless Network Adapter YB when run Coldboot / Warmboot stress test
587178,"COMPAL ELECTRONICS, INC.",DELL,title_brand_mismatch,NA,"COMPAL ELECTRONICS, INC.",2021-01-20 01:25:00,[Dell_Compal_Horizon] Device Manager show Killer(R) WI-FI 6E AX1675W 160MHz Wireless Network Adapter YB when run Coldboot / Warmboot stress test
587178,"COMPAL ELECTRONICS, INC.",DELL,title_brand_mismatch,NA,"COMPAL ELECTRONICS, INC.",2021-01-20 01:25:00,[Dell_Compal_Horizon] Device Manager show Killer(R) WI-FI 6E AX1675W 160MHz Wireless Network Adapter YB when run Coldboot / Warmboot stress test
587085,"COMPAL ELECTRONICS, INC.",LENOVO|NEC,title_brand_mismatch,NA,"COMPAL ELECTRONICS, INC.",2021-01-19 22:24:00,[lenovo AIO]Compal]][V30a-22_24IIL][AC9560][20H2][50%] Sometimes units cannot open Mobile Hotspot when set network band as 5G after connect to internet via 2.4G WiFi or Ethernet.
587085,"COMPAL ELECTRONICS, INC.",LENOVO|NEC,title_brand_mismatch,NA,"COMPAL ELECTRONICS, INC.",2021-01-19 22:24:00,[lenovo AIO]Compal]][V30a-22_24IIL][AC9560][20H2][50%] Sometimes units cannot open Mobile Hotspot when set network band as 5G after connect to internet via 2.4G WiFi or Ethernet.
587085,"COMPAL ELECTRONICS, INC.",LENOVO|NEC,title_brand_mismatch,NA,"COMPAL ELECTRONICS, INC.",2021-01-19 22:24:00,[lenovo AIO]Compal]][V30a-22_24IIL][AC9560][20H2][50%] Sometimes units cannot open Mobile Hotspot when set network band as 5G after connect to internet via 2.4G WiFi or Ethernet.
586494,"COMPAL ELECTRONICS, INC.",LENOVO,title_brand_mismatch,NA,"COMPAL ELECTRONICS, INC.",2021-01-18 02:27:00,[Lenovo-ideaPad][Compal][L360][TGL][AX201][20H2]Sound output from unit speaker about 2s then change to BT headset after turn off BT headset 10s then power on.
586494,"COMPAL ELECTRONICS, INC.",LENOVO,title_brand_mismatch,NA,"COMPAL ELECTRONICS, INC.",2021-01-18 02:27:00,[Lenovo-ideaPad][Compal][L360][TGL][AX201][20H2]Sound output from unit speaker about 2s then change to BT headset after turn off BT headset 10s then power on.
586494,"COMPAL ELECTRONICS, INC.",LENOVO,title_brand_mismatch,NA,"COMPAL ELECTRONICS, INC.",2021-01-18 02:27:00,[Lenovo-ideaPad][Compal][L360][TGL][AX201][20H2]Sound output from unit speaker about 2s then change to BT headset after turn off BT headset 10s then power on.
586489,"COMPAL ELECTRONICS, INC.",LENOVO,title_brand_mismatch,NA,"COMPAL ELECTRONICS, INC.",2021-01-18 02:12:00,[Lenovo-ideaPad][Compal][L360][TGL][AX201][20H2]Sound output from unit speaker after turn off BT headset 10s then power on.
586489,"COMPAL ELECTRONICS, INC.",LENOVO,title_brand_mismatch,NA,"COMPAL ELECTRONICS, INC.",2021-01-18 02:12:00,[Lenovo-ideaPad][Compal][L360][TGL][AX201][20H2]Sound output from unit speaker after turn off BT headset 10s then power on.
586489,"COMPAL ELECTRONICS, INC.",LENOVO,title_brand_mismatch,NA,"COMPAL ELECTRONICS, INC.",2021-01-18 02:12:00,[Lenovo-ideaPad][Compal][L360][TGL][AX201][20H2]Sound output from unit speaker after turn off BT headset 10s then power on.
586472,"SHENZHEN BITLAND INFORMATION TECHNOLOGYCO., LTD.",LENOVO,title_brand_mismatch,NA,"SHENZHEN BITLAND INFORMATION TECHNOLOGYCO., LTD.",2021-01-18 01:17:00,"[lenovo-Thinkbook][Bitland-SZ][Thinkbook 14P][AMD Ryzen 5/7/9 PRO][AX200][Win10 20H2 19042.685][17/35 units,253/3500 cycles]Wifi stress_reboot ping test fail"
586472,"SHENZHEN BITLAND INFORMATION TECHNOLOGYCO., LTD.",LENOVO,title_brand_mismatch,NA,"SHENZHEN BITLAND INFORMATION TECHNOLOGYCO., LTD.",2021-01-18 01:17:00,"[lenovo-Thinkbook][Bitland-SZ][Thinkbook 14P][AMD Ryzen 5/7/9 PRO][AX200][Win10 20H2 19042.685][17/35 units,253/3500 cycles]Wifi stress_reboot ping test fail"
586472,"SHENZHEN BITLAND INFORMATION TECHNOLOGYCO., LTD.",LENOVO,title_brand_mismatch,NA,"SHENZHEN BITLAND INFORMATION TECHNOLOGYCO., LTD.",2021-01-18 01:17:00,"[lenovo-Thinkbook][Bitland-SZ][Thinkbook 14P][AMD Ryzen 5/7/9 PRO][AX200][Win10 20H2 19042.685][17/35 units,253/3500 cycles]Wifi stress_reboot ping test fail"
586383,"HUAQIN TECHNOLOGY CO., LTD",ACER,title_brand_mismatch,NA,"Huaqin Technology Co., Ltd",2021-01-17 21:53:00,[Acer][HQ][NB2700][TGL][MP][All SKU]UUT mobile hotspot cannot be searched by other UUTs
586383,"HUAQIN TECHNOLOGY CO., LTD",ACER,title_brand_mismatch,NA,"Huaqin Technology Co., Ltd",2021-01-17 21:53:00,[Acer][HQ][NB2700][TGL][MP][All SKU]UUT mobile hotspot cannot be searched by other UUTs
586383,"HUAQIN TECHNOLOGY CO., LTD",ACER,title_brand_mismatch,NA,"Huaqin Technology Co., Ltd",2021-01-17 21:53:00,[Acer][HQ][NB2700][TGL][MP][All SKU]UUT mobile hotspot cannot be searched by other UUTs
585934,"ASIA VITAL COMPONENTS CO., LTD.",LENOVO,title_brand_mismatch,NA,"ASIA VITAL COMPONENTS CO., LTD.",2021-01-14 20:31:00,[Lenovo-DT][AX210QS][RKL][DRTU] Intel DRTU tool wifi TX error with AX210NGW
585934,"ASIA VITAL COMPONENTS CO., LTD.",LENOVO,title_brand_mismatch,NA,"ASIA VITAL COMPONENTS CO., LTD.",2021-01-14 20:31:00,[Lenovo-DT][AX210QS][RKL][DRTU] Intel DRTU tool wifi TX error with AX210NGW
585934,"ASIA VITAL COMPONENTS CO., LTD.",LENOVO,title_brand_mismatch,NA,"ASIA VITAL COMPONENTS CO., LTD.",2021-01-14 20:31:00,[Lenovo-DT][AX210QS][RKL][DRTU] Intel DRTU tool wifi TX error with AX210NGW
585585,"ASIA VITAL COMPONENTS CO., LTD.",LENOVO,title_brand_mismatch,NA,"ASIA VITAL COMPONENTS CO., LTD.",2021-01-13 19:23:00,[Lenovo-DT][AVC][M90a Gen2][RKL-S] Intel DRTU cannot run with AX210NGW
585585,"ASIA VITAL COMPONENTS CO., LTD.",LENOVO,title_brand_mismatch,NA,"ASIA VITAL COMPONENTS CO., LTD.",2021-01-13 19:23:00,[Lenovo-DT][AVC][M90a Gen2][RKL-S] Intel DRTU cannot run with AX210NGW
585585,"ASIA VITAL COMPONENTS CO., LTD.",LENOVO,title_brand_mismatch,NA,"ASIA VITAL COMPONENTS CO., LTD.",2021-01-13 19:23:00,[Lenovo-DT][AVC][M90a Gen2][RKL-S] Intel DRTU cannot run with AX210NGW
585425,"COMPAL ELECTRONICS, INC.",DELL,title_brand_mismatch,NA,"COMPAL ELECTRONICS, INC.",2021-01-13 03:43:00,"[Dell][[Compal][ROMA][PIMS-26388] DVT1_Italia TGL_ Application _ 'BoBo"" Noise	 output from Speaker during calls via DMC"
585425,"COMPAL ELECTRONICS, INC.",DELL,title_brand_mismatch,NA,"COMPAL ELECTRONICS, INC.",2021-01-13 03:43:00,"[Dell][[Compal][ROMA][PIMS-26388] DVT1_Italia TGL_ Application _ 'BoBo"" Noise	 output from Speaker during calls via DMC"
585425,"COMPAL ELECTRONICS, INC.",DELL,title_brand_mismatch,NA,"COMPAL ELECTRONICS, INC.",2021-01-13 03:43:00,"[Dell][[Compal][ROMA][PIMS-26388] DVT1_Italia TGL_ Application _ 'BoBo"" Noise	 output from Speaker during calls via DMC"
585322,"COMPAL ELECTRONICS, INC.",ASUS|NEC,title_brand_mismatch,NA,"COMPAL ELECTRONICS, INC.",2021-01-12 23:56:00,[ASUS_AIO compal][A5401WRA_CML-S][AX200 2230/8265 22.20.0.6][20H2] Units cannot connect to the Wi-Fi with the wireless security mode of WEP 64/128 shared key.
585322,"COMPAL ELECTRONICS, INC.",ASUS|NEC,title_brand_mismatch,NA,"COMPAL ELECTRONICS, INC.",2021-01-12 23:56:00,[ASUS_AIO compal][A5401WRA_CML-S][AX200 2230/8265 22.20.0.6][20H2] Units cannot connect to the Wi-Fi with the wireless security mode of WEP 64/128 shared key.
585322,"COMPAL ELECTRONICS, INC.",ASUS|NEC,title_brand_mismatch,NA,"COMPAL ELECTRONICS, INC.",2021-01-12 23:56:00,[ASUS_AIO compal][A5401WRA_CML-S][AX200 2230/8265 22.20.0.6][20H2] Units cannot connect to the Wi-Fi with the wireless security mode of WEP 64/128 shared key.
585290,LENOVO,NEC,title_brand_mismatch,NA,LENOVO COMPAL FUTURE CENTER,2021-01-12 22:57:00,"[ThinkPad JP LCFC_Lark][WW03][CCP BT EB 19.0.21035.22900] System found the BT KBD and Mouse disconnected,and then can't find any BT device after Sleep(s3).[Customer Complaint]"
585290,LENOVO,NEC,title_brand_mismatch,NA,LENOVO COMPAL FUTURE CENTER,2021-01-12 22:57:00,"[ThinkPad JP LCFC_Lark][WW03][CCP BT EB 19.0.21035.22900] System found the BT KBD and Mouse disconnected,and then can't find any BT device after Sleep(s3).[Customer Complaint]"
585290,LENOVO,NEC,title_brand_mismatch,NA,LENOVO COMPAL FUTURE CENTER,2021-01-12 22:57:00,"[ThinkPad JP LCFC_Lark][WW03][CCP BT EB 19.0.21035.22900] System found the BT KBD and Mouse disconnected,and then can't find any BT device after Sleep(s3).[Customer Complaint]"
584466,"HUAQIN TECHNOLOGY CO., LTD",ASUS,title_brand_mismatch,NA,"Huaqin Technology Co., Ltd",2021-01-10 18:36:00,[Huaqin][Asus_UX325SA][AMD_Cezanne] Intel Bluetooth show yellow bang when remove BT device
584466,"HUAQIN TECHNOLOGY CO., LTD",ASUS,title_brand_mismatch,NA,"Huaqin Technology Co., Ltd",2021-01-10 18:36:00,[Huaqin][Asus_UX325SA][AMD_Cezanne] Intel Bluetooth show yellow bang when remove BT device
584466,"HUAQIN TECHNOLOGY CO., LTD",ASUS,title_brand_mismatch,NA,"Huaqin Technology Co., Ltd",2021-01-10 18:36:00,[Huaqin][Asus_UX325SA][AMD_Cezanne] Intel Bluetooth show yellow bang when remove BT device
584240,"HUAQIN TECHNOLOGY CO., LTD",ACER,title_brand_mismatch,NA,"Huaqin Technology Co., Ltd",2021-01-07 22:56:00,[Acer][Piano_CM] Intel BT driver 22.0.0.2 WU request is rejected by MSFT
584240,"HUAQIN TECHNOLOGY CO., LTD",ACER,title_brand_mismatch,NA,"Huaqin Technology Co., Ltd",2021-01-07 22:56:00,[Acer][Piano_CM] Intel BT driver 22.0.0.2 WU request is rejected by MSFT
584240,"HUAQIN TECHNOLOGY CO., LTD",ACER,title_brand_mismatch,NA,"Huaqin Technology Co., Ltd",2021-01-07 22:56:00,[Acer][Piano_CM] Intel BT driver 22.0.0.2 WU request is rejected by MSFT
583940,WISTRON CORPORATION,XIAOMI,title_brand_mismatch,NA,WISTRON CORPORATION,2021-01-06 23:52:00,Wistron][Xiaomi][A34/A35/A34S/A35S] CPT for WIFI T-put fail
583940,WISTRON CORPORATION,XIAOMI,title_brand_mismatch,NA,WISTRON CORPORATION,2021-01-06 23:52:00,Wistron][Xiaomi][A34/A35/A34S/A35S] CPT for WIFI T-put fail
583940,WISTRON CORPORATION,XIAOMI,title_brand_mismatch,NA,WISTRON CORPORATION,2021-01-06 23:52:00,Wistron][Xiaomi][A34/A35/A34S/A35S] CPT for WIFI T-put fail
583868,"EDIMAX TECHNOLOGY CO., LTD.",ASUS,title_brand_mismatch,NA,"EDIMAX TECHNOLOGY CO., LTD.",2021-01-06 19:52:00,[ASUS][Edimax]AX200 module on PCIe riser card of ASPM L1.1/L1.2 state issue
583868,"EDIMAX TECHNOLOGY CO., LTD.",ASUS,title_brand_mismatch,NA,"EDIMAX TECHNOLOGY CO., LTD.",2021-01-06 19:52:00,[ASUS][Edimax]AX200 module on PCIe riser card of ASPM L1.1/L1.2 state issue
583868,"EDIMAX TECHNOLOGY CO., LTD.",ASUS,title_brand_mismatch,NA,"EDIMAX TECHNOLOGY CO., LTD.",2021-01-06 19:52:00,[ASUS][Edimax]AX200 module on PCIe riser card of ASPM L1.1/L1.2 state issue
583651,"COMPAL ELECTRONICS, INC.",DELL,title_brand_mismatch,NA,"COMPAL ELECTRONICS, INC.",2021-01-06 01:45:00,[Dell/Compal] GDP53 reduce SAR power setting discuss
583651,"COMPAL ELECTRONICS, INC.",DELL,title_brand_mismatch,NA,"COMPAL ELECTRONICS, INC.",2021-01-06 01:45:00,[Dell/Compal] GDP53 reduce SAR power setting discuss
583651,"COMPAL ELECTRONICS, INC.",DELL,title_brand_mismatch,NA,"COMPAL ELECTRONICS, INC.",2021-01-06 01:45:00,[Dell/Compal] GDP53 reduce SAR power setting discuss
583636,"EDIMAX TECHNOLOGY CO., LTD.",ASUS|NEC,title_brand_mismatch,NA,"EDIMAX TECHNOLOGY CO., LTD.",2021-01-06 01:07:00,[ASUS][Edimax]AX200 connect to Radius WPA-AES-Smart card got a error message
583636,"EDIMAX TECHNOLOGY CO., LTD.",ASUS|NEC,title_brand_mismatch,NA,"EDIMAX TECHNOLOGY CO., LTD.",2021-01-06 01:07:00,[ASUS][Edimax]AX200 connect to Radius WPA-AES-Smart card got a error message
583636,"EDIMAX TECHNOLOGY CO., LTD.",ASUS|NEC,title_brand_mismatch,NA,"EDIMAX TECHNOLOGY CO., LTD.",2021-01-06 01:07:00,[ASUS][Edimax]AX200 connect to Radius WPA-AES-Smart card got a error message
583485,"COMPAL ELECTRONICS, INC.",DELL,title_brand_mismatch,NA,"COMPAL ELECTRONICS, INC.",2021-01-05 20:06:00,[Dell/compal] GDP53 RSE test a and ax 5700 conductive fail
583485,"COMPAL ELECTRONICS, INC.",DELL,title_brand_mismatch,NA,"COMPAL ELECTRONICS, INC.",2021-01-05 20:06:00,[Dell/compal] GDP53 RSE test a and ax 5700 conductive fail
583485,"COMPAL ELECTRONICS, INC.",DELL,title_brand_mismatch,NA,"COMPAL ELECTRONICS, INC.",2021-01-05 20:06:00,[Dell/compal] GDP53 RSE test a and ax 5700 conductive fail
583281,WISTRON CORPORATION,DELL|NEC,title_brand_mismatch,NA,WISTRON CORPORATION,2021-01-05 02:32:00,[Dell/Wistron/Cyborg_TGL-H] BSOD (DRIVER_POWER_STATE_FAILURE (0x9F_3_IMAGE_UsbHub3.sys)) when restart with 4K 60Hz HDMI monitor connected
583281,WISTRON CORPORATION,DELL|NEC,title_brand_mismatch,NA,WISTRON CORPORATION,2021-01-05 02:32:00,[Dell/Wistron/Cyborg_TGL-H] BSOD (DRIVER_POWER_STATE_FAILURE (0x9F_3_IMAGE_UsbHub3.sys)) when restart with 4K 60Hz HDMI monitor connected
583281,WISTRON CORPORATION,DELL|NEC,title_brand_mismatch,NA,WISTRON CORPORATION,2021-01-05 02:32:00,[Dell/Wistron/Cyborg_TGL-H] BSOD (DRIVER_POWER_STATE_FAILURE (0x9F_3_IMAGE_UsbHub3.sys)) when restart with 4K 60Hz HDMI monitor connected
582854,"COMPAL ELECTRONICS, INC.",DELL,title_brand_mismatch,NA,"COMPAL ELECTRONICS, INC.",2021-01-03 22:52:00,[Dell/Compal][TGLH] AX210 BSOD when run stress test
582854,"COMPAL ELECTRONICS, INC.",DELL,title_brand_mismatch,NA,"COMPAL ELECTRONICS, INC.",2021-01-03 22:52:00,[Dell/Compal][TGLH] AX210 BSOD when run stress test
582854,"COMPAL ELECTRONICS, INC.",DELL,title_brand_mismatch,NA,"COMPAL ELECTRONICS, INC.",2021-01-03 22:52:00,[Dell/Compal][TGLH] AX210 BSOD when run stress test
582829,"COMPAL ELECTRONICS, INC.",LENOVO,title_brand_mismatch,NA,"COMPAL ELECTRONICS, INC.",2021-01-03 21:47:00,[Lenovo-IdeaPad][Compal][E41-55][AMD Picasso][9260][20H2][100%]Bluetooth show yellow bang in Device manager
582829,"COMPAL ELECTRONICS, INC.",LENOVO,title_brand_mismatch,NA,"COMPAL ELECTRONICS, INC.",2021-01-03 21:47:00,[Lenovo-IdeaPad][Compal][E41-55][AMD Picasso][9260][20H2][100%]Bluetooth show yellow bang in Device manager
582829,"COMPAL ELECTRONICS, INC.",LENOVO,title_brand_mismatch,NA,"COMPAL ELECTRONICS, INC.",2021-01-03 21:47:00,[Lenovo-IdeaPad][Compal][E41-55][AMD Picasso][9260][20H2][100%]Bluetooth show yellow bang in Device manager
