ips_case_number,customer,ips_customer_name,ips_oem,ips_owner_name,ips_title,ips_created_date,jira_id
1010492,CLEVO,CLEVO CO.,Dynabook Inc,Brenton Wu,[CLEVO][V740TUT1][V740TUT1_AX201_HEADSET_NO-MIC_AFTER_S4],2026-04-30 07:32:00,NA
1010398,CLEVO,CLEVO CO.,Clevo,Brenton Wu,V7xxYU BE211 WCL BT YB,2026-04-29 12:33:56,NA
1008970,VAIO,QUANTA COMPUTER INC.,VAIO,Brenton Wu,[WHQL][25H2] [BIOS R0070WC][HLK 26100.7705]Bluetooth - Audio - Voice interrupt m,2026-04-21 07:24:05,NA
1008847,NEC,"NEC PERSONAL COMPUTERS,LTD.",NEC,CHU-PING LEE,WPA3 Security of AC9260/AC9560,2026-04-20 11:22:41,NA
1008671,CLEVO,CLEVO CO.,Clevo,CHU-PING LEE,[CLEVO][LNL][BE201] Ultra 7 258V with BE201 WLAN device miss,2026-04-17 10:55:40,NA
1008516,NEC,"NEC PERSONAL COMPUTERS,LTD.",NEC,CHU-PING LEE,WPA2/WPA3 Enterprise connection,2026-04-16 12:21:17,NA
1007000,VAIO,VAIO Corporation,VAIO,CHU-PING LEE,[VAIO][RPL][AX211]PC Disconnects from Wireless AP,2026-04-08 02:20:18,NA
1006386,NEC,"NEC PERSONAL COMPUTERS,LTD.",NEC,CHU-PING LEE,[AX211][Field issue] The connection is sometimes suddenly disconnected.,2026-04-01 09:11:02,NA
1004536,ASROCK,ASROCK INC.,Other - OEM,WCS - Unassigned,[Asrock][Nova Lake S] 2026 WW11 BKC BT driver(2297_24.35.0.3) YB after reboot,2026-03-19 09:27:24,NA
1004461,MSI,"MICRO-STAR INTERNATIONAL CO., LTD.",MSI,CHU-PING LEE,[MSI][13Q4][WiFi Sensing] Wi-Fi Sensing does not work as expected,2026-03-19 05:51:56,NA
1004180,VAIO,VAIO Corporation,VAIO,CHU-PING LEE,"[VAIO][MTL + AX211,RPL + AX203]Wi-Fi Network disconnect",2026-03-18 02:21:26,NA
1003737,WIKO,LONGCHEER,WIKO,Bingyue Sun,[WIKO][Longcheer][MarseilleJ][Win11][Intel-PTL][AX211][BT]It occured 0x9F BSOD which point to iBtPciBus\HCIH4 when delete bluetooth drivers.,2026-03-16 04:39:35,NA
1003693,WIKO,LONGCHEER,WIKO,Bingyue Sun,[WIKO][Longcheer][MarseilleJ][Win11][Intel-PTL][AX211][BT]BLE bluetooth mouse reconnection time after restart is double times than MarseilleI.,2026-03-14 09:45:26,NA
1003640,MSI,"COMPAL ELECTRONICS, INC.",MSI,CHU-PING LEE,[MSI] [Compal][MS-14U3/MS-26U3][Wildcat Lake] [AX211][Win11]2.4G/5G Air T-put Fail,2026-03-13 09:44:33,NA
1003411,WIKO,LONGCHEER,WIKO,Bingyue Sun,[WIKO][Longcheer][MarseilleJ][Win11][Intel-PTL][AX211][BT]Can not obtain wiko interface when multi-screen collaboration.,2026-03-12 06:48:15,NA
1002591,VAIO,VAIO Corporation,VAIO,CHU-PING LEE,Network disconnects intermittently when 802.11r is enabled,2026-03-09 01:07:08,NA
1002353,WIKO,LONGCHEER,WIKO,Zhiqiang Cai,[WIKO][Longcheer][MarseilleJ][Win11][Intel-PTL][AX211][WiFi]Connect 2.4G WiFi fail.,2026-03-05 08:59:04,NA
1001960,CLEVO,CLEVO CO.,Other - OEM,Steven ZY Chen,Clevo_ARL-HX&Refresh_TA_873917_Bluetooth Device is Lost in S4 Cycling Test,2026-03-04 01:47:42,NA
1001795,VAIO,QUANTA COMPUTER INC.,VAIO,WCS - Unassigned,[VAIO][Quanta][PTL][SPKZ][WHQL][BE211] BT connectivity test failed items,2026-03-03 09:31:05,NA
1000005,CLEVO,CLEVO CO.,Other - OEM,Steven ZY Chen,V740TU_AX101_BT_YB_CONTINUALLY,2026-02-11 08:37:42,NA
999686,MSI,"COMPAL ELECTRONICS, INC.",MSI,Wesley Kuo,[MSI][Compal][LMMIC_LMMID][WCL]HLK-Bluetooth - NonUsbUsesMicrosoftStack1,2026-02-10 08:48:49,NA
999632,RAZER,BYD COMPANY LIMITED,Other - OEM,Zhiqiang Cai,[Razer][BYD][PTL-H][Sonya12]Reboot BSOD 0x133,2026-02-10 05:48:32,NA
998474,WIKO,"SHENZHEN BITLAND INFORMATION TECHNOLOGYCO., LTD.",WIKO,Bingyue Sun,[Wiko][DumasHz][RPL-R][AX201][BT]Bluetooth transfer speed is slow,2026-02-02 09:34:57,NA
998397,WIKO,"SHENZHEN BITLAND INFORMATION TECHNOLOGYCO., LTD.",WIKO,Bingyue Sun,[Wiko][DumasHz][RPL-R][AX201][BT] Bluetooth mouse connection failed,2026-02-02 03:16:54,NA
997692,MSI,"MICRO-STAR INTERNATIONAL CO., LTD.",MSI,Wesley Kuo,[MSI_B211_PTL-4Xe_wifi 7] BT unstable issue,2026-01-28 02:38:48,NA
996722,RAZER,BYD COMPANY LIMITED,Other - OEM,Zhiqiang Cai,[Razer][BYD][S12][PTL-H][BE213][SAR]Sar cannot be set.,2026-01-21 05:55:56,NA
996591,VAIO,VAIO Corporation,VAIO,Leo Chiang,"[PTL+BE211]After the LE Audio device is disconnected once and then reconnected, the music does not play.",2026-01-20 10:12:09,NA
996529,RAZER,BYD COMPANY LIMITED,Other - OEM,WCS - Unassigned,[Razer][BYD][S12][PTL-H][BE213][Ubuntu][BT] How to install BT FW on Ubuntu?,2026-01-20 06:08:16,NA
995925,WIKO,LONGCHEER,WIKO,Zhiqiang Cai,[WIKO][LC][MarseilleJ][Win11][AX211][WiFi]Please help to check the log of WiFi Sensing function.,2026-01-15 06:14:06,NA
995670,VAIO,VAIO Corporation,VAIO,Leo Chiang,Dual BT does not work,2026-01-13 11:18:23,NA
995262,WIKO,LONGCHEER,WIKO,Bingyue Sun,[WIKO][LC][MarseilleJ][Win11][AX211][BT]Please help to check the log of ibtWikoCfaFeatureExt driver.,2026-01-09 07:25:29,NA
994719,MSI,"MICRO-STAR INTERNATIONAL CO., LTD.",MSI,WCS - Unassigned,[MSI][7E99][NVL] Inquiry on CNVIO3 Trace Length Specification and Validation App,2026-01-07 09:17:31,NA
992391,ASROCK,ASROCK INC.,Other - OEM,WCS - Unassigned,[Asrock][Arrow Lake S][Z890]  wifi performance degrade with WW47 BKC wifi driver,2025-12-19 04:05:33,NA
992209,WIKO,LONGCHEER,WIKO,Bingyue Sun,[WIKO][LC][MarseilleJ][Win11][AX211][BT]Please help to privide ibtXXXCfaFeatureE driver.,2025-12-18 03:33:06,NA
992206,MSI,"MICRO-STAR INTERNATIONAL CO., LTD.",MSI,Wesley Kuo,[MSI][ARL-R][MS-1841-R]Unnecessary BT LE Sideband device and YB,2025-12-18 03:19:57,NA
991694,CLEVO,CLEVO CO.,Clevo,CHU-PING LEE,NP50RW NB  playing MV lag during Wi-Fi WIDI,2025-12-15 06:57:28,NA
990470,VAIO,VAIO Corporation,VAIO,CHU-PING LEE,[VAIO][RPL-R][AX211] The result values in Wi-Fi PLDR verification of WRT are not as expected.,2025-12-04 07:36:41,NA
990016,CLEVO,CLEVO CO.,Clevo,CHU-PING LEE,Clevo_RPL-U_V830AU_RVP_AX211_Wi-Fi_PLDR_Failed,2025-12-02 03:29:16,NA
989771,CLEVO,CLEVO CO.,Other - OEM,CHU-PING LEE,V260TNxAPEXAX210WIFIYB,2025-12-01 10:00:43,NA
989272,CLEVO,CLEVO CO.,Clevo,Steven ZY Chen,Clevo_LNL_L2xxLU_HLK_CIS Establishment test error,2025-11-27 02:00:25,NA
989122,CLEVO,CLEVO CO.,Clevo,CHU-PING LEE,Clevo_RPL-U & Refresh_NJxxAW_RTC WAKE _AX201_Wi-Fi YB issue,2025-11-26 06:36:00,NA
987540,MSI,"MICRO-STAR INTERNATIONAL CO., LTD.",MSI,CHU-PING LEE,[MSI_PTL-H] BE211 & BE213 wifi device show yellow mark,2025-11-17 08:30:27,NA
986825,CLEVO,CLEVO CO.,Clevo,CHU-PING LEE,BE211 connect different AP MLO no internet,2025-11-12 08:09:14,NA
986402,CLEVO,CLEVO CO.,Clevo,WCS - Unassigned,PTL-H BT audio offload,2025-11-10 07:39:52,NA
986391,MSI,"MICRO-STAR INTERNATIONAL CO., LTD.",MSI,CHU-PING LEE,[Intel/Commercial][Internal][BE201] Help verify the correctness of the JSON file,2025-11-10 07:21:32,NA
986129,ASROCK,ASROCK INC.,Other - OEM,WCS - Unassigned,CNVi module BE211 yellow bang in device manager in NVL-S platform,2025-11-07 06:16:23,NA
986092,CLEVO,CLEVO CO.,Other - OEM,CHU-PING LEE,S3 WAKE ON WLAN,2025-11-07 02:45:56,NA
985673,MSI,"MICRO-STAR INTERNATIONAL CO., LTD.",MSI,WCS - Unassigned,How to set the UATS table settings? Are there any tools?,2025-11-05 06:27:16,NA
985643,MSI,"MICRO-STAR INTERNATIONAL CO., LTD.",MSI,WCS - Unassigned,[MSI][MS-2622] Use WRT tool to check BIOS Value show error.,2025-11-05 03:08:29,NA
984768,CLEVO,CLEVO CO.,Other - OEM,CHU-PING LEE,[CLEVO][AMD][AX210]V265KNN1_WLAN_YB_AFTER_PLAY_ONLINE-GAME_APEX-LEGAND,2025-11-01 04:05:01,NA
984223,MSI,"MICRO-STAR INTERNATIONAL CO., LTD.",MSI,Wesley Kuo,[MS-14T2] [24.0.0.2 with 24.10.0.1 DRTU tool BT and not turn on],2025-10-29 07:51:12,NA
983979,WIKO,"Huaqin Technology Co., Ltd",WIKO,WCS - Unassigned,[Wiko][NiceI][RPL][AX201]Problem of failed Miracast wireless connection from PC to smart TV(6/10).,2025-10-28 07:54:56,NA
983037,MSI,"MICRO-STAR INTERNATIONAL CO., LTD.",MSI,WCS - Unassigned,[MS-14T2] [DRTU show error],2025-10-22 01:16:24,NA
982304,VAIO,VAIO Corporation,VAIO,CHU-PING LEE,"[VAIO]When the Trend Micro software is installed, Wi-Fi PLDR event occurs during Mods, and the WLAN device disappears after resuming from Mods.",2025-10-17 08:43:21,NA
980796,VAIO,VAIO Corporation,VAIO,Jt Tsao,"[VAIO][MTL]When connecting to a 6GHz AP, UHB is being used for SPD.",2025-10-08 08:27:37,NA
980789,CLEVO,CLEVO CO.,Other - OEM,CHU-PING LEE,"AX211S3,Wake On Wirelan Random",2025-10-08 07:37:24,NA
979999,NEC,"NEC PERSONAL COMPUTERS,LTD.",NEC,WCS - Unassigned,Intel AX211 dimensions and tolerances,2025-10-01 10:07:12,NA
979478,MSI,"MICRO-STAR INTERNATIONAL CO., LTD.",MSI,Wesley Kuo,"[MS-14T2] Verify Bluetooth HID, A2DP, HFP, LE audio voice call work concurrently",2025-09-30 01:32:23,NA
979475,MSI,"MICRO-STAR INTERNATIONAL CO., LTD.",MSI,Wesley Kuo,[MS-14T2][WW38/39][verify Teams Video call with volume change],2025-09-30 01:24:31,NA
979474,MSI,"MICRO-STAR INTERNATIONAL CO., LTD.",MSI,Wesley Kuo,MS-14T2][WW38/39][BT LE Audio fail],2025-09-30 01:20:31,NA
978191,CLEVO,CLEVO CO.,Other - OEM,Steven ZY Chen,BTS4,2025-09-22 08:37:11,NA
973588,VAIO,VAIO Corporation,VAIO,CHU-PING LEE,about DRS is enable or not with JP VLP setting,2025-08-26 03:33:38,NA
970863,CLEVO,CLEVO CO.,Other - OEM,CHU-PING LEE,Clevo_RPL-HX_V3xxSNP_AX210 Wake on WLAN fails on 6 GHz band,2025-08-08 01:33:19,NA
970486,MSI,"MICRO-STAR INTERNATIONAL CO., LTD.",MSI,CHU-PING LEE,[MSI_B922] cannot connect to hotspot 6Ghz by Samsung S25,2025-08-06 06:56:04,NA
968887,GIGABYTE,"GIGA-BYTE TECHNOLOGY CO., LTD.",Gigabyte,Leo Chiang,Wireless Module AX210NGW Bluetooth Driver version issue,2025-07-29 02:14:08,NA
965464,MSI,"COMPAL ELECTRONICS, INC.",MSI,CHU-PING LEE,[Modern MS-13S1/14S1/15S1][RPL][24H2] Run stress Cold boot will wake up early,2025-07-10 01:41:56,NA
964871,MSI,"MICRO-STAR INTERNATIONAL CO., LTD.",MSI,Charles P Chu,[MSI][14T2][PTL]verify Teams Video call with volume change,2025-07-08 00:40:30,NA
958723,CLEVO,CLEVO CO.,Clevo,CHU-PING LEE,[CLEVO][X580WNT][ARL-HX][BE200] Device Lost issue - 0x152e,2025-06-02 09:40:14,NA
958101,WIKO,LONGCHEER,WIKO,Bingyue Sun,[WIKO][LC][MarseilleI][ARL-AX201][PVT][24H2]The BSOD (0x1e)cured whenBios flashing process,2025-05-28 09:57:10,NA
957783,WIKO,LONGCHEER,WIKO,Bingyue Sun,"[WIKO][LC][MarseilleI][ARL-AX201][DVT2][24H2]After connecting the Bluetooth headset, it cannot be reconnected by pulling and sawing",2025-05-27 02:08:39,NA
957451,CLEVO,CLEVO CO.,Other - OEM,WCS - Unassigned,[Clevo][ARL-H][BE200][V5xxTU] No Sound Output When BE200 Connects to Bluetooth H,2025-05-23 07:19:19,NA
956339,MSI,"MICRO-STAR INTERNATIONAL CO., LTD.",MSI,Wesley Kuo,[15M/15P4][Arrow Lake]Cannot record voice from Bluetooths Microphone,2025-05-19 06:29:15,NA
955065,WIKO,"Huaqin Technology Co., Ltd",WIKO,Zhiwei He,[WIKO][HUAQIN][LyonI][Intel RPL-R][Intel AX201][WiFi][Win11]Cannot setting country code via Intel ant tool.,2025-05-10 06:27:44,NA
955064,WIKO,"Huaqin Technology Co., Ltd",WIKO,Zhiwei He,[WIKO][HUAQIN][LyonI][Intel RPL-R][Intel AX201][WiFi][Win11]5G hotspots cannot be shared.,2025-05-10 06:25:55,NA
955063,WIKO,"Huaqin Technology Co., Ltd",WIKO,Zhiwei He,[WIKO][HUAQIN][LyonI][Intel RPL-R][Intel AX201][WiFi][Win11]System will disconnect when system occur 4003 error.,2025-05-10 06:23:52,NA
955062,WIKO,"Huaqin Technology Co., Ltd",WIKO,Zhiwei He,[WIKO][HUAQIN][LyonI][Intel RPL-R][Intel AX201][WiFi][Win11]Play video very lag via Miracast to XiaomiTV.,2025-05-10 06:21:40,NA
954988,VAIO,VAIO Corporation,VAIO,CHU-PING LEE,Low Throughput Issue with Driver ver.23.120.0.3 or later,2025-05-09 08:15:41,NA
954540,WIKO,LONGCHEER,WIKO,Bingyue Sun,"[WIKO][LC][MarseilleI][ARL-AX201][DVT2][24H2]The headset reconnected fail and show ""DUT indicates that this item does not work. Please make sure your Bluetooth device can still detect it and then try again""",2025-05-07 11:14:46,NA
954196,MSI,"MICRO-STAR INTERNATIONAL CO., LTD.",MSI,KJ Fang,[MSI CND][LNL][MS-B206] The system needs 1~2 minutes to be entered to Modern Sta,2025-05-06 06:15:42,NA
953226,WIKO,LONGCHEER,WIKO,Bingyue Sun,[WIKO][LC][MarseilleI][ARL-AX201][DVT1][24H2]The mouse status quickly switched after update OS KB,2025-04-29 02:24:54,NA
952986,WIKO,"Huaqin Technology Co., Ltd",WIKO,Zhiwei He,[WIKO][HUAQIN][NiceI][Intel RPL-R][Intel AX201][WiFi][Win11]Cannot setting country code via Intel ant tool.,2025-04-28 02:29:23,NA
952984,WIKO,"Huaqin Technology Co., Ltd",WIKO,Zhiwei He,[WIKO][HUAQIN][NiceI][Intel RPL-R][Intel AX201][WiFi][Win11]5G hotspots cannot be shared.,2025-04-28 02:27:24,NA
952981,WIKO,"Huaqin Technology Co., Ltd",WIKO,Zhiwei He,[WIKO][HUAQIN][NiceI][Intel RPL-R][Intel AX201][WiFi][Win11]System will disconnect when system occur 4003 error.,2025-04-28 02:22:40,NA
952979,WIKO,"Huaqin Technology Co., Ltd",WIKO,Zhiwei He,[WIKO][HUAQIN][NiceI][Intel RPL-R][Intel AX201][WiFi][Win11]Play video very lag via Miracast to XiaomiTV.,2025-04-28 02:19:50,NA
952792,WIKO,LONGCHEER,WIKO,Bingyue Sun,[WIKO][LC][MarseilleI][ARL-AX201][DVT1][24H2]The mouse quickly paired failed,2025-04-25 08:59:39,NA
951215,WIKO,LONGCHEER,WIKO,Bingyue Sun,[WIKO][LC][MarseilleI][ARL-AX201][DVT1][24H2]BT YB(code 10)  after turn off wifi,2025-04-17 11:43:05,NA
950714,WIKO,LONGCHEER,WIKO,Bingyue Sun,[WIKO][LC][MarseilleI][ARL-AX201][DVT1][24H2]BT will reset after connected BT headset,2025-04-15 09:07:04,NA
950708,WIKO,LONGCHEER,WIKO,WCS - Unassigned,[WIKO][LC][MarseilleI][ARL-AX201][DVT1][24H2]BT rest after connected BT headset,2025-04-15 09:00:21,NA
950516,WIKO,LONGCHEER,WIKO,Bingyue Sun,[WIKO][LC][MarseilleI][ARL-AX201][DVT1][24H2]No sound out put After connected  BT earphone (Airpods4),2025-04-14 12:34:29,NA
950508,WIKO,LONGCHEER,WIKO,Bingyue Sun,[WIKO][LC][MarseilleI][ARL-AX201][DVT1][24H2]FreeBuds Pro 3 Show the connected microphone and output music from the unit speaker.,2025-04-14 11:24:33,NA
950419,WIKO,LONGCHEER,WIKO,Bingyue Sun,[WIKO][LC][MarseilleI][ARL-AX201][DVT1][24H2]The BT earphone (Airpods4) sound lag 5s and then no sound output,2025-04-14 06:20:36,NA
949944,MSI,"MICRO-STAR INTERNATIONAL CO., LTD.",MSI,Charles P Chu,The system is connected to a Wireless Display TV and the video playback is stuck or Screen freezes,2025-04-10 07:00:05,NA
949759,CLEVO,CLEVO CO.,Other - OEM,WCS - Unassigned,Clevo_V3xxSNR_RPL-HX_Miracast Stuttering Issue,2025-04-09 09:01:55,NA
949661,WIKO,LONGCHEER,WIKO,Bingyue Sun,"[WIKO][LC][MarseilleI][DVT1] When the mouse or keyboard is paired with the units,  prompt ""Connection failed, please try to connect again""",2025-04-09 03:19:42,NA
949271,WIKO,LONGCHEER,WIKO,Bingyue Sun,The BT earphone (Airpods4) sound lag 5s and  then no sound output,2025-04-07 08:49:43,NA
947419,WIKO,LONGCHEER,WIKO,Bingyue Sun,[WIKO][LC][MarseilleI][DVT1] The BT earphone auto disconnected when play local music by media player,2025-04-02 10:05:42,NA
947318,WIKO,LONGCHEER,WIKO,Bingyue Sun,[WIKO][LC][MarseilleI][DVT1]The unit show BSOD when disconnected BT earphone,2025-04-02 03:57:58,NA
947313,WIKO,LONGCHEER,WIKO,WCS - Unassigned,[WIKO][LC][MarseilleI][DVT1]The unit show BSOD when disconnected BT earphone,2025-04-02 03:45:01,NA
947269,WIKO,LONGCHEER,WIKO,Zhiwei He,"[WIKO][LC][MarseilleI][DVT1]After the unit connect to monitor by  mircast,the sound will lag when play local video",2025-04-02 01:25:14,NA
944692,CLEVO,CLEVO CO.,Other - OEM,WCS - Unassigned,Clevo_X3xxSNx/WNx_RPL-HX_ BT Headset S4 Resume issue,2025-03-18 09:39:59,NA
944369,VAIO,VAIO Corporation,VAIO,Charles P Chu,"When 6GHz is enabled, the detection distance is sometimes extremely short (30-50cm) for a while after booting.",2025-03-17 06:44:28,NA
943042,CLEVO,CLEVO CO.,Acer,CHU-PING LEE,V270ENN_AX210_PING-LOSS_OVER_SPEC,2025-03-10 07:24:30,NA
941590,CLEVO,CLEVO CO.,Other - OEM,Bing Huan Chang,Clevo_X560WNx_ARL-HX_ Audio offload Sound issues,2025-03-03 03:55:04,NA
941253,CLEVO,CLEVO CO.,Other - OEM,CHU-PING LEE,NB cannot enter S3 mode,2025-02-27 07:41:27,NA
941196,CLEVO,CLEVO CO.,Other - OEM,Bing Huan Chang,Bluetooth headset is 3 meters away and the sound is lag,2025-02-27 03:40:31,NA
940923,CLEVO,CLEVO CO.,Other - OEM,Bing Huan Chang,Blue screen after connecting Bluetooth speaker to S3,2025-02-26 08:32:32,NA
940260,CLEVO,CLEVO CO.,Other - OEM,WCS - Unassigned,Clevo_X560WNx_ARL-HX_AX201 Bluetooth Icon Disappears from System Tray,2025-02-24 02:01:01,NA
939076,NEC,"NEC PERSONAL COMPUTERS,LTD.",NEC,CHU-PING LEE,[Intel AX211][Field issue] Sometimes the connection is disconnected during VDI,2025-02-17 06:10:52,NA
938755,CLEVO,CLEVO CO.,Other - OEM,WCS - Unassigned,Clevo_X560WNx_ARL-HX_AX201 WLAN Live Streaming Disconnection,2025-02-14 01:38:54,NA
938696,CLEVO,CLEVO CO.,Other - OEM,WCS - Unassigned,Clevo_X560WNx_ARL-HX_AX201 WiFi connect issues,2025-02-13 13:45:29,NA
938587,CLEVO,CLEVO CO.,Other - OEM,KJ Fang,Miracast abnormal,2025-02-13 07:31:20,NA
938467,VAIO,VAIO Corporation,VAIO,Charles P Chu,[VAIO][RPL]PC repeatedly sleeps and wakes up even if there is no movement around the PC.,2025-02-13 01:04:18,NA
938459,VAIO,VAIO Corporation,VAIO,CHU-PING LEE,Abnormal shutdown occurs during system idle (only on Wi-Fi sensing enabled SKUes),2025-02-13 00:46:54,NA
937471,CLEVO,CLEVO CO.,Other - OEM,WCS - Unassigned,Bluetooth headset does not find input device,2025-02-07 02:21:13,NA
936918,CLEVO,CLEVO CO.,Other - OEM,CHU-PING LEE,Killer Intelligence Center Smart AP issues,2025-02-05 12:26:37,NA
935353,CLEVO,CLEVO CO.,Other - OEM,YING-CHIH FAN,killer suit/killer center install fail,2025-01-23 08:49:46,NA
935344,CLEVO,CLEVO CO.,Other - OEM,CHU-PING LEE,Intel Wireless display (WIDI) flicker issue,2025-01-23 08:29:49,NA
935052,ASROCK,ASROCK INC.,Other - OEM,WCS - Unassigned,AX411 support on Arrow lake-U/H,2025-01-22 03:01:16,NA
934704,MSI,"MICRO-STAR INTERNATIONAL CO., LTD.",MSI,Charles P Chu,"After Burn in test*24H test, the Killer BE1750 & BE1750(x) WIFI device be YB",2025-01-20 07:40:23,NA
934517,CLEVO,CLEVO CO.,Other - OEM,Bing Huan Chang,ARL-HX _ BE200BE1750x Connect BT Headset no sound,2025-01-17 11:39:02,NA
934426,CLEVO,CLEVO CO.,Other - OEM,Bing Huan Chang,BT S4 Device Manage Bluetooth show yellow bang,2025-01-17 05:34:05,NA
934401,MSI,"MICRO-STAR INTERNATIONAL CO., LTD.",MSI,Charles P Chu,[MSI][7E07][Z790] Killer BE1750X disconnected when enters S3 then returns to S0,2025-01-17 02:52:16,NA
934388,WIKO,"Huaqin Technology Co., Ltd",WIKO,Bingyue Sun,[WIKO][HUAQIN][NiceI][Intel RPL-R][Intel AX201][BT][Win11 24H2]Bluetooth devices will disconnect automatically in ten seconds after connected.,2025-01-17 02:06:52,NA
934281,WIKO,"Huaqin Technology Co., Ltd",WIKO,Bingyue Sun,[WIKO][HUAQIN][NiceI][Intel RPL-R][Intel AX201][BT][Win11 24H2]The bluetooth headset can not reconnect automatically after reopen bluetooth switch.,2025-01-16 09:28:34,NA
933474,MSI,"MICRO-STAR INTERNATIONAL CO., LTD.",MSI,Charles P Chu,[MSI][7E07][Z790] Killer BE1750X disappears from Device Manager,2025-01-13 03:47:29,NA
933131,CLEVO,CLEVO CO.,Other - OEM,Bing Huan Chang,Bluetooth volume has no memory effect,2025-01-10 02:17:50,NA
932520,WIKO,"Huaqin Technology Co., Ltd",WIKO,Zhiwei He,[WIKO][Huaqin][NiceI][Win11][AX201]PPAG disable can not work.,2025-01-07 12:09:32,NA
931182,CLEVO,CLEVO CO.,Other - OEM,KJ Fang,NB WIFI mutual ping losted packets,2024-12-30 02:22:03,NA
928363,ASROCK,ASROCK INC.,Other - OEM,Ingrid Shih,"Cannot detect WiFi card ""BE200"" on AMD platform",2024-12-12 07:00:24,NA
927780,VAIO,QUANTA COMPUTER INC.,VAIO,Charles P Chu,"[Quanta][VAIO][RPL-U Refresh][TRB][Wi-Fi Sensing][Win11] During turn on the WAL function, the PC wake up even if there is no movement around the PC",2024-12-11 01:53:02,NA
925269,MSI,"MICRO-STAR INTERNATIONAL CO., LTD.",MSI,Zhiqiang Cai,"[MSI CND] Wi-Fi connection type of OS Task Manager shows ""802.11ax"" even we conn",2024-11-29 02:34:56,NA
924804,MSI,"MICRO-STAR INTERNATIONAL CO., LTD.",MSI,Wesley Kuo,[MS-1824_ARL-HX] BT SAR definition in CnvUefiConfigVariablesVer2.c,2024-11-27 07:52:32,NA
924783,MSI,"MICRO-STAR INTERNATIONAL CO., LTD.",MSI,WCS - Unassigned,[MS-1824_ARL-HX] BT SAR definition in CnvUefiConfigVariablesVer2.c,2024-11-27 06:59:20,NA
923096,CLEVO,CLEVO CO.,Other - OEM,Richard Yang,killer center can not install,2024-11-20 01:47:09,NA
922655,NEC,"NEC PERSONAL COMPUTERS,LTD.",NEC,WCS - Unassigned,Bluetooth Qualification,2024-11-18 09:44:59,NA
920521,WIKO,"Huaqin Technology Co., Ltd",Other - OEM,Zhiwei He,[WIKO][HUAQIN][MarseilleH][Intel MTL][Intel AX201][WiFi][Win11]Cannot setting country code via Intel ant tool.,2024-11-07 08:23:27,NA
920520,WIKO,"Huaqin Technology Co., Ltd",Other - OEM,Zhiwei He,[WIKO][HUAQIN][MarseilleH][Intel MTL][Intel AX201][WiFi][Win11]5G hotspots cannot be shared.,2024-11-07 08:21:39,NA
920518,WIKO,"Huaqin Technology Co., Ltd",Other - OEM,Zhiwei He,[WIKO][HUAQIN][MarseilleH][Intel MTL][Intel AX201][WiFi][Win11]System will disconnect when system occur 4003 error.,2024-11-07 08:19:44,NA
920516,WIKO,"Huaqin Technology Co., Ltd",Other - OEM,Zhiwei He,[WIKO][HUAQIN][MarseilleH][Intel MTL][Intel AX201][WiFi][Win11]Play video very lag via Miracast to XiaomiTV.,2024-11-07 08:17:51,NA
920205,VAIO,QUANTA COMPUTER INC.,VAIO,Bing Huan Chang,[VAIO][Quanta][TRB][RPL-R][ISST][BT] Audio stop playing from BT-LE audio support headset when switching between A2DP and HFP.,2024-11-06 11:08:42,NA
920201,VAIO,QUANTA COMPUTER INC.,VAIO,Bing Huan Chang,[VAIO][Quanta][TRB][RPL-R][ISST] No sound from some BT headsets with HFP.,2024-11-06 10:59:06,NA
919668,WIKO,"Huaqin Technology Co., Ltd",Other - OEM,Zhiwei He,"[WIKO][HUAQIN][MarseilleH][Intel MTL][Intel AX201][WiFi][Win11]The online music is stop and show ""No Internet"".",2024-11-04 13:33:36,NA
919667,WIKO,"Huaqin Technology Co., Ltd",Other - OEM,Zhiwei He,[WIKO][HUAQIN][MarseilleH][Intel MTL][Intel AX201][WiFi][Win11]Can not control the game character moving when playing online games.,2024-11-04 13:28:33,NA
919665,WIKO,"Huaqin Technology Co., Ltd",Other - OEM,Zhiwei He,[WIKO][HUAQIN][MarseilleH][Intel MTL][Intel AX201][WiFi][Win11]The online vedio occured kartun.,2024-11-04 13:17:47,NA
915947,ASROCK,ASROCK INC.,Other - OEM,WCS - Unassigned,AX211 support on ARL-H ES CPU,2024-10-16 10:50:58,NA
915556,CLEVO,CLEVO CO.,Acer,WCS - Unassigned,NL51NU 9260AC CANT USE WIDI,2024-10-16 02:54:51,NA
915324,CLEVO,CLEVO CO.,Other - OEM,Timdaway Lai,L260TU use AX211 cannot wake NB with Wake on WLAN,2024-10-15 06:11:42,NA
913678,CLEVO,CLEVO CO.,Other - OEM,WCS - Unassigned,V255RNB2_AX211_K375S+M590_CANT_CONNECT,2024-10-07 06:46:08,NA
913614,ASROCK,ASROCK INC.,Other - OEM,Timdaway Lai,B860 system cant be waken by AX210,2024-10-05 02:42:31,NA
913318,NEC,"NEC PERSONAL COMPUTERS,LTD.",NEC,WCS - Unassigned,Intel(R) Wi-Fi 6E AX211 may cause significant slowness in CSI Lawyer.,2024-10-04 07:59:15,NA
910884,WIKO,"Huaqin Technology Co., Ltd",Other - OEM,Zhiwei He,[WIKO][Huaqin][NiceG][RPL][Win11] WIKO PPAG upload,2024-09-23 06:11:03,NA
909812,CLEVO,CLEVO CO.,Other - OEM,Bing Huan Chang,L240LU_AX211_HEADSET_VOLUMN_DISPLAY_ABNORMAL_DURING_SWITCHING_ABNORMAL,2024-09-16 08:52:14,NA
909783,VAIO,VAIO Corporation,VAIO,WCS - Unassigned,The Netwtw14.sys driver cause BSOD(9f) during Mods in specific environment.,2024-09-16 05:55:11,NA
909625,NEC,"NEC PERSONAL COMPUTERS,LTD.",Other - OEM,WCS - Unassigned,Question about Device-S4 spec.,2024-09-13 13:49:12,NA
909299,CLEVO,CLEVO CO.,Other - OEM,Timdaway Lai,X580WNC_AX211_DEVICE_ERROR,2024-09-12 08:43:23,NA
908960,CLEVO,CLEVO CO.,Other - OEM,Bing Huan Chang,L240LU_AX211_AUDIO_OFFLOAD_DISABLE_CAN_RECORD,2024-09-11 06:47:29,NA
908313,WIKO,"Huaqin Technology Co., Ltd",Other - OEM,Zhiwei He,[WIKO][Huaqin][NiceG][Intel RPL][PVT][Intel AX201][WiFi][24H2]Cannot setting country code via Intel ant tool with 23.70 driver.,2024-09-09 12:20:02,NA
908310,WIKO,"Huaqin Technology Co., Ltd",Other - OEM,Zhiwei He,[WIKO][Huaqin][NiceG][Intel RPL][PVT][Intel AX201][WiFi][24H2]System will disconnect when system occur 4003 error.,2024-09-09 12:08:35,NA
908307,WIKO,"Huaqin Technology Co., Ltd",Other - OEM,Zhiwei He,[WIKO][Huaqin][NiceG][Intel RPL][PVT][Intel AX201][WiFi][24H2] Play video very lag via Miracast to XiaomiTV.,2024-09-09 11:58:10,NA
908303,WIKO,"Huaqin Technology Co., Ltd",Other - OEM,Zhiwei He,[WIKO][Huaqin][NiceG][Intel RPL][PVT][Intel AX201][WiFi][DRTU][24H2]5G hotspots cannot be shared.,2024-09-09 11:50:05,NA
908203,OPPO,NA,Oppo,Yuval Zaltz,test to delete - v2,2024-09-09 07:12:26,NA
906690,VAIO,VAIO Corporation,VAIO,Timdaway Lai,ICPS application error are occurred after every boot the system,2024-09-03 04:24:08,NA
906548,CLEVO,CLEVO CO.,Clevo,Bing Huan Chang,L240LU_AX211_PAIRING_OUTPUT_20S,2024-09-02 09:44:30,NA
906447,WIKO,"Huaqin Technology Co., Ltd",Other - OEM,Zhiwei He,[WIKO][Huaqin][NiceG][Intel RPL][PVT][Intel AX201][WiFi][DRTU][24H2]The DRTU cant run using 23.70.0.6 version.,2024-09-02 06:09:07,NA
904809,CLEVO,CLEVO CO.,Clevo,Bing Huan Chang,L240LU_BE201_23.70.3.1_INTERNET_OVERNIGHT_BT_YB,2024-08-23 09:59:12,NA
903676,GETAC,GETAC TECHNOLOGY CORPORATION,Getac,WCS - Unassigned,Bluetooth LE Audio Offload function cannot remain functional after re-connected,2024-08-20 04:18:02,NA
900176,CLEVO,CLEVO CO.,Clevo,Bing Huan Chang,L240TU_AX211_HEADSET_NOT_RECORD,2024-08-02 10:12:08,NA
900172,CLEVO,CLEVO CO.,Clevo,WCS - Unassigned,V640AU_AX211_ANT-TOOL_ONE_PORT_FAIL,2024-08-02 10:01:35,NA
900133,GETAC,GETAC TECHNOLOGY CORPORATION,Other - OEM,Richard Lin,BE200 band issue in China,2024-08-02 08:14:30,NA
897118,CLEVO,CLEVO CO.,Other - OEM,Bing Huan Chang,R100AU_AX210_DISCON_W820NB_23.50.0.2,2024-07-18 04:12:01,NA
896044,CLEVO,CLEVO CO.,Clevo,WCS - Unassigned,[Arrow Lake Hx][2.5G LAN][Killer E3100X] Check 2.5G LAN(E3100X) *2PCS circuit Review,2024-07-15 04:10:54,NA
896021,CLEVO,CLEVO CO.,Other - OEM,Richard Yang,Need the component:& extension driver for Wu,2024-07-15 03:10:25,NA
895753,MSI,"MICRO-STAR INTERNATIONAL CO., LTD.",MSI,Frank Lee,"[MSI][Killer Wi-Fi BE1750]After install WLAN driver, the WLAN device show YB",2024-07-12 02:31:25,NA
894485,CLEVO,CLEVO CO.,Other - OEM,Richard Yang,Need  the component:& extension driver for Wu,2024-07-09 08:44:23,NA
892132,GIGABYTE,"COMPAL ELECTRONICS, INC.",Gigabyte,Bing Huan Chang,[GBT] [RPL][AX211] Connect a bluetooth headset then found no recording device,2024-06-27 08:09:48,NA
888766,VAIO,VAIO Corporation,VAIO,Timdaway Lai,[WLAN] The machine cant almost enter the C10 status when WirelessLAN is enable.,2024-06-12 05:29:10,NA
888567,MSI,"COMPAL ELECTRONICS, INC.",MSI,Timdaway Lai,"[MSI][Compal][Modern MS-15S1][RPL-U-Refresh][Win11] UUT enter to MS then wait 24h, battery drop over 15% can not meet spec.",2024-06-11 11:34:06,NA
887365,RAZER,BYD COMPANY LIMITED,Other - OEM,Bingyue Sun,[Razer][K10][RPL-HX refresh][BT] The Bluetooth device may be lost after restart,2024-06-05 07:21:05,NA
886567,ECS,ELITEGROUP COMPUTER SYSTEMS CO. LTD,Other - OEM,Timdaway Lai,[WLAN] AX201 Support Function,2024-05-31 08:15:57,NA
880547,CLEVO,CLEVO CO.,Acer,Bing Huan Chang,NL45NU_AX210_23.40.0.2_HEADSET_CANT_PLAY_MUSIC,2024-05-03 08:30:29,NA
879467,CLEVO,CLEVO CO.,Clevo,Timdaway Lai,L260TU_23.40.0.4_ANT-TOOL_CAN-NOT-USE-IN-DC-MODE,2024-04-26 08:56:15,NA
878194,MSI,"MICRO-STAR INTERNATIONAL CO., LTD.",MSI,Richard Yang,[MSI] [RPL-HX] [17S1] [WLAN] The User Profile Service service failed the sign-i,2024-04-22 03:19:53,NA
876152,MSI,"COMPAL ELECTRONICS, INC.",MSI,Wesley Kuo,[MSI][Compal][Modern MS-13S1/MS-14S1/MS-15S1][RPL-U-Refresh][Win11]23H2 HLK - Bluetooth - Audio-Source radio disabled and re-enabled while playing music tone with A2DP offload test failed,2024-04-12 08:59:15,NA
876150,MSI,"COMPAL ELECTRONICS, INC.",MSI,Wesley Kuo,[MSI][Compal][Modern MS-13S1/MS-14S1/MS-15S1][RPL-U-Refresh][Win11]23H2 HLK - Bluetooth - Audio-Voice interrupt music with A2DP offload test is failed,2024-04-12 08:53:18,NA
874379,MSI,"COMPAL ELECTRONICS, INC.",MSI,Wesley Kuo,[MSI][Compal][Modern MS-13S1/MS-14S1/MS-15S1][RPL-U-Refresh][Win11]23H2 HLK - Bluetooth - LEExtendedAdvertising (Development and Integration) Fail with AX211,2024-04-08 06:42:04,NA
874057,VAIO,VAIO Corporation,VAIO,Richard Yang,[VAIO][ICPS] WiFi Main antenna sensitivity is not good during using ICPS with DC,2024-04-05 06:28:37,NA
871351,MSI,"MICRO-STAR INTERNATIONAL CO., LTD.",MSI,Frank Lee,[MSI][NB][MS-17Q2][RPL-HX]System happen The User Profile Service service failed,2024-03-25 07:06:04,NA
869742,MSI,"MICRO-STAR INTERNATIONAL CO., LTD.",MSI,Frank Lee,[Intel_MSI_Wifi_BE200/AX210] wifi lost issue after enabling ASPM,2024-03-18 10:13:03,NA
868987,GETAC,GETAC TECHNOLOGY CORPORATION,Getac,WCS - Unassigned,Any more headphones can support BLE?,2024-03-14 03:52:40,NA
867969,NEC,QUANTA COMPUTER INC.,NEC,WCS - Unassigned,"[NEC][Quanta][Win11 24H2][KH8][Network]There is no ""Security type WPA2/WPA3"" info in Mobile hotspot edit UI in the latest 24H2 OS(26058.1000) [FR: 6/6][3/3 Units]",2024-03-11 05:42:28,NA
864734,ECS,ELITEGROUP COMPUTER SYSTEMS CO. LTD,Other - OEM,WCS - Unassigned,WHEA Error occurred when MF50RL was tested with OCCT on the client side.,2024-02-23 05:52:28,NA
864231,CLEVO,CLEVO CO.,Clevo,Timdaway Lai,indonesia Customer use AX201 cant use 5GHz CH-36-CH40,2024-02-21 06:06:41,NA
862349,NEC,"NEC PERSONAL COMPUTERS,LTD.",NEC,WCS - Unassigned,About Wi-Fi WPA3 Enterprise 192bit mode supporting,2024-02-06 11:14:56,NA
856800,CLEVO,CLEVO CO.,Clevo,Timdaway Lai,AX211 will show exclamation mark,2024-01-12 07:16:09,NA
853688,OTHER - OEM,AIstone,Other - OEM,Bingyue Sun,[TONGFANG][Meteor Lake H][GX] Bluetooth disconnected after resume from S4,2023-12-29 09:00:30,NA
853647,OTHER - OEM,"COMPAL ELECTRONICS, INC.",Other - OEM,WCS - Unassigned,BE200 + Meteor Lake T-put issue,2023-12-29 07:01:37,NA
853642,OTHER - OEM,"COMPAL ELECTRONICS, INC.",Other - OEM,WCS - Unassigned,BE200 + Meteor Lake T-put issue,2023-12-29 06:54:50,NA
853638,OTHER - OEM,"COMPAL ELECTRONICS, INC.",Other - OEM,WCS - Unassigned,BE200 + Meteor Lake T-put issue,2023-12-29 06:38:27,NA
853628,NEC,QUANTA COMPUTER INC.,NEC,Bing Huan Chang,[NEC][Quanta][HLK][Geemini-IR][Bluetooth]WHCK System Audio - Lullaby Test fail,2023-12-29 05:40:26,NA
853465,HAIER,QUANTA COMPUTER INC.,Haier,Bing Huan Chang,"[Quanta][Haier][Casper][BE202][NLZG_NLZF_NLY]Intel BE202 when run S4 stress , BT device lost",2023-12-28 06:07:31,NA
853321,NEC,"NEC PERSONAL COMPUTERS,LTD.",NEC,WCS - Unassigned,about USB port when use CNVi3(FmP2),2023-12-27 11:06:08,NA
853154,MSI,"MICRO-STAR INTERNATIONAL CO., LTD.","MICRO-STAR INTERNATIONAL CO., LTD.",Brandon Yang,Graphics Command Center requires that the user enable data collection to use,2023-12-26 16:36:00,NA
853153,MSI,"MICRO-STAR INTERNATIONAL CO., LTD.","MICRO-STAR INTERNATIONAL CO., LTD.",Brandon Yang,"When launching Forza Horizon 5 locally,  show error FH202",2023-12-26 16:31:00,NA
853134,CLEVO,NA,Haier,Yuval Zaltz,test will be closed soon,2023-12-26 12:24:35,NA
852333,CLEVO,CLEVO CO.,Clevo,Bing Huan Chang,"After the Bluetooth headset is paired, it cannot be removed",2023-12-21 07:26:42,NA
851316,OTHER - OEM,IPS Test Account 3,Other - OEM,WCS - Unassigned,Test Purpose Please Ignore 2 - WCS - JIRA BT - Mule 3 to mule 4 upgrade,2023-12-18 08:02:57,NA
851311,HAIER,IPS Test Account 3,Haier,WCS - Unassigned,Test Purpose Please Ignore - WCS - JIRA BT - Mule 3 to mule 4 upgrade,2023-12-18 07:55:01,NA
847200,ECS,ELITEGROUP COMPUTER SYSTEMS CO. LTD,Other - OEM,WCS - Unassigned,Implementing WLAN Dynamic SAR through ACPI control for AX201 and AX211 network cards,2023-11-29 08:58:34,NA
847199,OTHER - OEM,ELITEGROUP COMPUTER SYSTEMS CO. LTD,Other - OEM,WCS - Unassigned,WLAN Dynamic SAR method for AX201 and AX211 network cards with ISH control,2023-11-29 08:54:44,NA
846533,NEC,"NEC PERSONAL COMPUTERS,LTD.",NEC,Bing Huan Chang,[GfP2] HLK- Bluetooth - SimultaneousBrEdrAndLeTraffic test fail.,2023-11-27 06:52:52,NA
846525,NEC,"NEC PERSONAL COMPUTERS,LTD.",NEC,Bing Huan Chang,[GfP2] HLK- Bluetooth - HciExtensionsV2 (Development and Integration) test fail.,2023-11-27 06:47:12,NA
846513,NEC,"NEC PERSONAL COMPUTERS,LTD.",NEC,Bing Huan Chang,[GfP2] HLK- Bluetooth - HciExtensions (Development and Integration) test fail.,2023-11-27 06:28:06,NA
846211,NEC,"NEC PERSONAL COMPUTERS,LTD.",NEC,Bing Huan Chang,[RPL][AX211]BSoD_18B occurs during reboot test on RPL system,2023-11-24 05:41:26,NA
846056,NEC,QUANTA COMPUTER INC.,NEC,Bing Huan Chang,[NEC][Quanta][HLK][Keiji-IA]Bluetooth HLK test  - HciExtensionsV2 (Development and Integrationtest item fail,2023-11-23 08:10:51,NA
845439,"FOXCONN TECHNOLOGY CO., LTD.","FOXCONN TECHNOLOGY CO., LTD.","FOXCONN TECHNOLOGY CO., LTD.",Charles P Chu,"[HP][Foxconn][RPL-S Refresh][GaP2-BE200]BSE 0x9f with ""DRIVER POWER STATE FAILURE"" occurred when idle in OS for several minutes with PCIe add-on card.",2023-11-20 23:36:00,NA
845195,"COMPAL ELECTRONICS, INC.","COMPAL ELECTRONICS, INC.","COMPAL ELECTRONICS, INC.",Nicky Chen,[RPL U/U Refresh][ASUS A32/A34]fail to connect WPA2 WIFI AP,2023-11-20 02:50:00,NA
843735,Pegatron Corporation,Pegatron Corporation,Pegatron Corporation,Nicky Chen,[ASUS][Commercial][B5404CMA] vPro CPU + BE200 can not enter MS,2023-11-14 01:46:00,NA
841530,MSI,"MICRO-STAR INTERNATIONAL CO., LTD.",MSI,Wesley Kuo,[MSI][RPL refresh-S][BE200][S4 BT lost issue],2023-11-03 09:25:33,NA
841081,OTHER - OEM,"COMPAL ELECTRONICS, INC.",Other - OEM,WCS - Unassigned,[Compal][JQX50][LNL Platform]WLAN sometimes yellow bang & BT could detect devices but could not connect,2023-11-02 02:21:48,NA
839927,MSI,"MICRO-STAR INTERNATIONAL CO., LTD.","MICRO-STAR INTERNATIONAL CO., LTD.",Frank Lee,[MSI][MTL-H][MS-14N1][BE200]NDT tool test occure error,2023-10-26 19:17:00,NA
838007,NEC,QUANTA COMPUTER INC.,NEC,Timdaway Lai,[NEC][Quanta][Keiji-IA][Wireless]Wlan driver could be auto-updated from v22.230.0.8 to v22.250.1.2,2023-10-19 01:39:14,NA
834547,CLEVO,CLEVO CO.,Clevo,Bing Huan Chang,"Phillips TAH4205 BT earphone volume no change after resume from S3/S4,",2023-10-04 02:56:17,NA
833891,WISTRON CORPORATION,WISTRON CORPORATION,WISTRON CORPORATION,Zhiqiang Cai,[Lenovo][Wistron][RPL-R][DT]Intel AX211 WiFi Card has Yellow Bang,2023-09-28 02:12:00,NA
832561,Pegatron Corporation,Pegatron Corporation,Pegatron Corporation,Nicky Chen,[ASUS][B3404/3604/5404/5604CMA][BE200 QS]WIFI 7 Max TX Throughput issue,2023-09-21 21:13:00,NA
832267,MSI,"MICRO-STAR INTERNATIONAL CO., LTD.","MICRO-STAR INTERNATIONAL CO., LTD.",Brandon Yang,[MTL-H][MS-15A1]Black screen_0x19c when do s4 cycle.,2023-09-20 21:28:00,NA
832137,"COMPAL ELECTRONICS, INC.","COMPAL ELECTRONICS, INC.","COMPAL ELECTRONICS, INC.",Zhiqiang Cai,"[Lenovo] [Compal][TB 16 Gen6+ IMH][Meteor Lake] [AX211][Win11][F/R:18/39u, 79/3,900c]Stress_Wifi WB System show wifi ping test fail.",2023-09-20 06:06:00,NA
830553,BYD COMPANY LIMITED,BYD COMPANY LIMITED,BYD COMPANY LIMITED,Zhiqiang Cai,BYD-S10-RPL-HX-REFRESH-QS-IOMT issue,2023-09-13 19:49:00,NA
830304,MSI,"MICRO-STAR INTERNATIONAL CO., LTD.","MICRO-STAR INTERNATIONAL CO., LTD.",Brandon Yang,[MTL-H][MS-15A1]2D/3D Graphic has errors when do BurnInTest.,2023-09-12 22:56:00,NA
829327,MSI,"MICRO-STAR INTERNATIONAL CO., LTD.",MSI,Frank Lee,[MTL-H][MS-15A1]Killer BE1750 for US region.,2023-09-08 11:19:19,NA
829282,MSI,"MICRO-STAR INTERNATIONAL CO., LTD.",MSI,Ming-Che Yeh,[MS-17S1][Killer BE1750x] BT YB issue during S4 long run test.,2023-09-08 08:27:17,NA
828984,MSI,"MICRO-STAR INTERNATIONAL CO., LTD.",MSI,Ming-Che Yeh,[MS-17S1][Killer BE1750x] PLDR test failed.,2023-09-07 09:46:45,NA
828455,CLEVO,CLEVO CO.,Clevo,WCS - Unassigned,"@ Bluetooth audio offload mode, philips TAH4205 could not recorded.",2023-09-06 06:42:37,NA
828535,MSI,"MICRO-STAR INTERNATIONAL CO., LTD.","MICRO-STAR INTERNATIONAL CO., LTD.",Brandon Yang,[MSI][MTL-H][MS-15A1]Panel flicker on AUO B160QAN03.R panel when doing the RGB test,2023-09-06 02:28:00,NA
828495,QUANTA COMPUTER INC.,QUANTA COMPUTER INC.,QUANTA COMPUTER INC.,Timdaway Lai,[Acer][Quanta][RPL-R] Failed to use Intel ANT tool on Intel Wi-Fi7 BE200,2023-09-06 00:59:00,NA
827890,MSI,"MICRO-STAR INTERNATIONAL CO., LTD.",MSI,Richard Yang,[MTL-H][MS-15A1]cant install driver on Killer WiFi 6E AX1675s.,2023-09-04 05:27:38,NA
827898,MSI,"MICRO-STAR INTERNATIONAL CO., LTD.","MICRO-STAR INTERNATIONAL CO., LTD.",Brandon Yang,[MSI][MTL-H][MS-15A1] Device manager shows ?Intel Graphics? not ?Intel Arc Graphics?.,2023-09-03 22:55:00,NA
827332,"COMPAL ELECTRONICS, INC.","COMPAL ELECTRONICS, INC.","COMPAL ELECTRONICS, INC.",Zhiqiang Cai,[Lenovo_AIO][Compal][A390][Raptor Lake-H]The unit show BSOD(0x1e) after connecting to a mobile hotspot and Bluetooth devices.,2023-08-31 00:58:00,NA
827208,CLEVO,CLEVO CO.,CLEVO CO.,Brandon Yang,[CLEVO][NP60RNx1][RPL-H][Andy]DMIC to PCH issue,2023-08-30 18:35:00,NA
826964,MSI,"MICRO-STAR INTERNATIONAL CO., LTD.",MSI,Frank Lee,[MSI][MS-1596] [Intel Athena tool NDT 23.0.0.18 show error],2023-08-30 05:36:47,NA
826286,WISTRON CORPORATION,WISTRON CORPORATION,WISTRON CORPORATION,Brenton Wu,[Dell][Wistron] WLAN v23.0.0.18 show YB on Odin MLK RPL(AX211),2023-08-27 20:07:00,NA
825432,NEC,"NEC PERSONAL COMPUTERS,LTD.",NEC,WCS - Unassigned,"[NEC] BSoD ""0xa0"" occur after resume from FSU when changes the power source.",2023-08-23 05:51:49,NA
824427,NEC,QUANTA COMPUTER INC.,NEC,Bing Huan Chang,"[NEC][Quanta][Gemini2][Bluetooth]BSoD ""0x9F"",""0xA0""happened when AC/DC switch under S4/S5/FSU",2023-08-18 06:37:21,NA
823425,MSI,"MICRO-STAR INTERNATIONAL CO., LTD.",MSI,Ming-Che Yeh,[MTL-H][MSI][15A1]Killer Wi-Fi 6E AX1675 BT is YB after install 23.0.0.3,2023-08-16 08:18:11,NA
822814,MSI,NA,ACE,Yuval Zaltz,test will be closed soon,2023-08-14 07:29:24,NA
822680,HAIER,IPS Test Account 3,Haier,WCS - Unassigned,Testing Purpose - Please Ignore - JIRA,2023-08-12 05:39:52,NA
821276,MSI,"MICRO-STAR INTERNATIONAL CO., LTD.",MSI,Kenny Hsu,"[MS-14F1_RPL] When system resume from Hibernate, the BT speaker will lose voice",2023-08-07 11:31:56,NA
821165,QUANTA COMPUTER INC.,QUANTA COMPUTER INC.,QUANTA COMPUTER INC.,Timdaway Lai,[EQB_MTH][ZPZ] CITU program test,2023-08-06 23:24:00,NA
820972,OTHER - OEM,BYD COMPANY LIMITED,Other - OEM,Zhiqiang Cai,N16PR1 can not find wifi list sometimes,2023-08-04 09:29:33,NA
820834,RAZER,BYD COMPANY LIMITED,Other - OEM,WCS - Unassigned,[Razer][BYD][BE200][wifi7] Some questions about wifi7 driver,2023-08-04 02:31:49,NA
819784,Pegatron Corporation,Pegatron Corporation,Pegatron Corporation,Nicky Chen,[ASUS][B3404/3604/5404/5604CMA][BE200]WIFI 7 Max Throughput issue,2023-07-30 23:48:00,NA
818545,WISTRON CORPORATION,WISTRON CORPORATION,WISTRON CORPORATION,Brenton Wu,[Dell][Wistron][RPL S Refresh]WiAMT can't be accessed when disable WLAN driver,2023-07-24 19:51:00,NA
818417,OTHER - OEM,Positivo Tecnologia SA,Other - OEM,Tomas Evans,RPL MDA log fail for Intel Audio Driver,2023-07-24 09:28:10,NA
818001,MSI,"MICRO-STAR INTERNATIONAL CO., LTD.","MICRO-STAR INTERNATIONAL CO., LTD.",Charles P Chu,(Change topic) The system cannot enter modern standby? in killer WLAN driver 22.235.0.6,2023-07-20 23:20:00,NA
817066,MSI,"MICRO-STAR INTERNATIONAL CO., LTD.","MICRO-STAR INTERNATIONAL CO., LTD.",Brandon Yang,[WW30-31WS][MTL-H][MSI][15A1]External monitor still exist system display and DM,2023-07-17 05:27:00,NA
817063,MSI,"MICRO-STAR INTERNATIONAL CO., LTD.","MICRO-STAR INTERNATIONAL CO., LTD.",Brandon Yang,[WW30-31WS][MTL-H][MSI][15A1]BSOD :0X0A when do reboot cycle.,2023-07-17 05:11:00,NA
816271,CLEVO,CLEVO CO.,CLEVO CO.,Brandon Yang,[CLEVO][PE60RNE-GE][RPL-H][Dancy] Apple USB-C to VGA adapter no output issue.,2023-07-13 02:06:00,NA
815237,Pegatron Corporation,Pegatron Corporation,Pegatron Corporation,Nicky Chen,[ASUS][PEGATRON][Meteor Lake-U/H][B3404CMA] CITU test fail,2023-07-10 19:58:00,NA
814743,ELITEGROUP COMPUTER SYSTEMS CO. LTD,ELITEGROUP COMPUTER SYSTEMS CO. LTD,ELITEGROUP COMPUTER SYSTEMS CO. LTD,Charles P Chu,[Intel NUCG][Meteor Lake][RV] HW Drip 0% when update WIFI Driver to 22.235.0.6_P version,2023-07-06 22:40:00,NA
814596,NEC,"NEC PERSONAL COMPUTERS,LTD.",NEC,WCS - Unassigned,ICPS,2023-07-06 11:04:27,NA
813607,MSI,"MICRO-STAR INTERNATIONAL CO., LTD.",MSI,KJ Fang,[MTL-H][MSI][15A1]Lower WiFi 7 Rx throughput.,2023-07-04 00:48:12,NA
812257,QUANTA COMPUTER INC.,QUANTA COMPUTER INC.,QUANTA COMPUTER INC.,Timdaway Lai,[RPL-H][Sportage_RTH][OS:22621] widi will auto disconnect within 5 seconds when resume from S3/S4/S5,2023-06-27 00:31:00,NA
812081,"Huaqin Technology Co., Ltd","Huaqin Technology Co., Ltd","Huaqin Technology Co., Ltd",Zhiqiang Cai,[Lenovo][Huaqin][S790-14 Pro][AX203][22H2][100%]cannot test by using CITU,2023-06-26 08:38:00,NA
810473,NEC,"NEC PERSONAL COMPUTERS,LTD.",NEC,TOMOYA ITO,"[NEC][Quanta][Gemini] BSoD ""0x9F"" happend when AC/DC switch under S4/S5/FSU",2023-06-16 06:00:43,NA
809941,CLEVO,CLEVO CO.,Clevo,Timdaway Lai,AX200 WINDOWS EVEN VIEWER show Netetw10 error massage,2023-06-14 06:48:27,NA
808063,ELITEGROUP COMPUTER SYSTEMS CO. LTD,ELITEGROUP COMPUTER SYSTEMS CO. LTD,ELITEGROUP COMPUTER SYSTEMS CO. LTD,Brandon Yang,[ECS][ADL-N][ADLN-I] How to enable DP++,2023-06-06 03:12:00,NA
807122,MSI,"MICRO-STAR INTERNATIONAL CO., LTD.",MSI,Frank Lee,[MSI][7E25][RPL]Wifi7 BE200 ES2 sample cannot wake on LAN (S3/S4),2023-06-01 06:07:05,NA
806053,MSI,"MICRO-STAR INTERNATIONAL CO., LTD.",MSI,Frank Lee,[MSI][7E25][RPL]Wifi7 BE200 link speed is abnormal,2023-05-26 08:44:07,NA
805472,OTHER - OEM,"SHENZHEN EMDOOR ELECTRONIC TECHNOLOGY CO., LTD.",Other - OEM,WCS - Unassigned,"[Emdoor][BT] On/off Bluetooth, the LED light of the Bluetooth function does not work in the linux os",2023-05-24 08:58:38,NA
805167,OTHER - OEM,"Unicompute Technology Co,. Ltd.",Other - OEM,WCS - Unassigned,[unis][win11][TSH G2][RPLP]AX201 WIFI show yellow mark when the test uut run warmboot/coldboot stress test,2023-05-23 08:50:50,NA
804237,MSI,"MICRO-STAR INTERNATIONAL CO., LTD.",MSI,Frank Lee,[MSI][7E25][RPL]Wifi7 BE200 ES2 sample cannot install driver successfully,2023-05-18 07:01:11,NA
801838,MSI,"MICRO-STAR INTERNATIONAL CO., LTD.","MICRO-STAR INTERNATIONAL CO., LTD.",Brandon Yang,[WW19-20WS][MTL-H][MSI][15A1] Can?t light on the HDMI2.1 FRL 8K monitor LG 65NAN095WNA,2023-05-09 01:02:00,NA
800967,MSI,"MICRO-STAR INTERNATIONAL CO., LTD.","MICRO-STAR INTERNATIONAL CO., LTD.",Brandon Yang,[WW19-20WS][MTL-H][MSI][15A1]DMRRS is enabled but actual it can't reach to 48Hz.,2023-05-04 02:10:00,NA
800497,OTHER - OEM,"COMPAL ELECTRONICS, INC.",Other - OEM,WCS - Unassigned,BE200 connect to Wi-Fi 6E,2023-05-02 01:27:47,NA
799096,CLEVO,CLEVO CO.,Clevo,WCS - Unassigned,youtube MV show error after S3/S4 resume with BT earphone connected.,2023-04-24 07:40:42,NA
798675,VAIO,VAIO Corporation,VAIO,Priyanka Koka,[VAIO][Unison] There are notice which could not be received with Unison app(PC),2023-04-21 06:05:57,NA
797853,CLEVO,CLEVO CO.,CLEVO CO.,Brandon Yang,[CLEVO][NP50RZ][RPL-H][Frank.Shu]Using the Windows Media Player app to play the,2023-04-18 21:55:00,NA
797387,CLEVO,CLEVO CO.,Clevo,Bing Huan Chang,CLEVO_NP50RNJ_BT audio offload_ON_the_BT-earphone-can not record any sound,2023-04-17 09:32:22,NA
795778,OTHER - OEM,"Unicompute Technology Co,. Ltd.",Other - OEM,Zhiqiang Cai,[Unis][Win10][RPL-P]ICPS preinstall package return 15613 error in the first time,2023-04-11 03:28:06,NA
795689,WISTRON CORPORATION,WISTRON CORPORATION,WISTRON CORPORATION,Brenton Wu,[Dell][Wistron][MTL-H][Odin] Wireless CITU tool install fail,2023-04-10 04:20:00,NA
795560,CLEVO,CLEVO CO.,Clevo,WCS - Unassigned,BT earphone device manager show ! after airplane mode on .,2023-04-10 04:13:50,NA
795294,MSI,"MICRO-STAR INTERNATIONAL CO., LTD.",MSI,WCS - Unassigned,"[MSI][7E25][RPL] Wifi 7 BE200 +BT device drop, need to clear cmos to reappear",2023-04-07 05:44:58,NA
794086,WISTRON CORPORATION,WISTRON CORPORATION,WISTRON CORPORATION,Timdaway Lai,[HP][Wistron][Tuffy] Wake on WLAN function test fail in AX211 module,2023-03-30 02:45:00,NA
793097,MITAC,MiTAC Digital Technology,NA,WCS - Unassigned,"[Pictor]Base of case #00784859, please share development on PIE SDK that support",2023-03-27 05:27:33,NA
792875,GETAC,GETAC TECHNOLOGY CORPORATION,Getac,WCS - Unassigned,Ax211 BT throughput Tx/Rx performance is low,2023-03-24 08:06:12,NA
792146,OTHER - OEM,SHENZHEN IP3 CENTRY INTELLIGENT TECHNOLO,Other - OEM,WCS - Unassigned,WIFI AX101 cannot detect on JB3B with ubuntu OS,2023-03-21 12:12:36,NA
792037,OTHER - OEM,"SHENZHEN EMDOOR ELECTRONIC TECHNOLOGY CO., LTD.",Other - OEM,WCS - Unassigned,[Emoor][Infinix][AX101],2023-03-21 06:52:36,NA
789883,MSI,"MICRO-STAR INTERNATIONAL CO., LTD.","MICRO-STAR INTERNATIONAL CO., LTD.",Brandon Yang,[NEC][MSI][Raptor ][Hours][EVT] Bios review,2023-03-09 17:26:00,NA
789106,ASROCK,ASROCK INC.,Other - OEM,Brenton Wu,WiFi 6E disable JAPAN region but the others need be workable.,2023-03-08 05:05:15,NA
788777,MSI,"MICRO-STAR INTERNATIONAL CO., LTD.",MSI,Frank Lee,[WW11-12WS][MTL-H][MSI][15A1]Miracast fail.,2023-03-07 06:06:58,NA
788776,MSI,"MICRO-STAR INTERNATIONAL CO., LTD.",MSI,WCS - Unassigned,[WW11-12WS][MTL-H][MSI][15A1]iPhone cannot pickup Teams voip call on PC-Unison.,2023-03-07 06:01:57,NA
788771,MSI,"MICRO-STAR INTERNATIONAL CO., LTD.",MSI,Tony Yeh,[WW11-12WS][MTL-H][MSI][15A1]Pair status shows fail but phone is connected.,2023-03-07 05:50:37,NA
788817,ASROCK,ASROCK INC.,ASROCK INC.,Brandon Yang,[ASROCK][POS-RIQ670FB][RPL-S] Error message shows when installing Intel graphic driver with Gen12/Gen13 CPU,2023-03-06 23:04:00,NA
788713,MSI,"MICRO-STAR INTERNATIONAL CO., LTD.","MICRO-STAR INTERNATIONAL CO., LTD.",Brandon Yang,[WW11-12WS][MTL-H][MSI][15A1]There is no power tab in IGCC.,2023-03-06 18:22:00,NA
788708,MSI,"MICRO-STAR INTERNATIONAL CO., LTD.","MICRO-STAR INTERNATIONAL CO., LTD.",Brandon Yang,"[WW11-12WS][MTL-H][MSI][15A1]Connect HDMI monitor by Type-C to HDMI adapter, the monitor can't be detected after unplug and plug the dongle",2023-03-06 18:08:00,NA
788298,OTHER - OEM,Uniwill Technology Inc.,Other - OEM,Brenton Wu,AX211 UHB EU enable issue,2023-03-03 09:24:48,NA
786636,"COMPAL ELECTRONICS, INC.","COMPAL ELECTRONICS, INC.","COMPAL ELECTRONICS, INC.",Brenton Wu,[Dell_Axiom ADL]SUT can?t search WIFI6E AP in WIFI setting list for JP country.,2023-02-22 21:05:00,NA
786468,NEC,"NEC PERSONAL COMPUTERS,LTD.",NEC,Bing Huan Chang,[NECPC-JP][RPL-H][AX211]BT keyboard failure after moved to outside of Bluetooth,2023-02-22 10:18:47,NA
786167,CLEVO,CLEVO CO.,CLEVO CO.,Brandon Yang,[CLEVO}{V150RNE]{RPL-H][Frank.Shu]External screen switching problem,2023-02-21 02:19:00,NA
785867,OTHER - OEM,Positivo Tecnologia SA,Other - OEM,WCS - Unassigned,Intel EMA setup,2023-02-20 08:44:45,NA
784785,OTHER - OEM,AIstone,Other - OEM,Bing Huan Chang,Intel Wireless AX211 and AX201 Card Bluetooth SAR BR Table issue,2023-02-14 08:15:41,NA
784583,QUANTA COMPUTER INC.,QUANTA COMPUTER INC.,QUANTA COMPUTER INC.,Charles P Chu,"[Huawei][Quanta][H9HR][HookeG][AX211][22H2][WLAN][Bug-20230116-64765] Networked and run step , the  the tool prompts fail, and the log records many abnormal items: keep_ping_gateway: RuntimeError('ping timeout') (F/R: 10/10units )",2023-02-13 03:28:00,NA
784552,"COMPAL ELECTRONICS, INC.","COMPAL ELECTRONICS, INC.","COMPAL ELECTRONICS, INC.",Steven ZY Chen,[HP] - SIO2160897 [SIT][FIT-COMM][RPL_H][RPL_HX][INT] Occurred lag/interrupt/echo/zizi noise from BT earphone during Zoom call,2023-02-13 01:12:00,NA
784551,WISTRON CORPORATION,WISTRON CORPORATION,WISTRON CORPORATION,Zhiqiang Cai,[Thinkpad L13-G3][DOA][AX201]wifi disconnected randomly in customer environment,2023-02-13 01:12:00,NA
784399,INVENTEC CORPORATION,INVENTEC CORPORATION,INVENTEC CORPORATION,Steven ZY Chen,[HP][IEC] - [Baymax][MTL][GFP2-AX211][Win11 22621.963] - BT driver will become unknown device and WLAN will YB in DM after connected BT headset,2023-02-10 19:02:00,NA
784244,CLEVO,CLEVO CO.,CLEVO CO.,Brandon Yang,"[Clevo][NJxxAU][RPL-U][Ryan] OS Screen Saver, the Bubbles special effect cannot be used",2023-02-09 23:31:00,NA
784216,QUANTA COMPUTER INC.,QUANTA COMPUTER INC.,QUANTA COMPUTER INC.,Timdaway Lai,[HP][Quanta]-[Willie][MTL][AX211][Win11 22H2]WiFi device YB with CPU C10 enabled,2023-02-09 22:31:00,NA
783908,MSI,"MICRO-STAR INTERNATIONAL CO., LTD.","MICRO-STAR INTERNATIONAL CO., LTD.",Brandon Yang,[MSI][NB][MS-17Q2][RPL-HX]Display has garbage under DC mode after resume from mo,2023-02-08 21:56:00,NA
783718,CLEVO,CLEVO CO.,CLEVO CO.,Brandon Yang,[CLEVO][X370SNx][RPL-HX][Yupai]Audio codec becomes using inbox driver after disable ME by GPIO,2023-02-08 16:35:00,NA
783469,MSI,"MICRO-STAR INTERNATIONAL CO., LTD.","MICRO-STAR INTERNATIONAL CO., LTD.",Timdaway Lai,[WW11-12WS][MSI][15A1][MTL-H]WIFI7 device is yellow bang after installing driver,2023-02-07 22:15:00,NA
783428,Pegatron Corporation,Pegatron Corporation,Pegatron Corporation,Timdaway Lai,[HB] 22.200 DRTU Tool Issue for RPL SoC + AX211 module,2023-02-07 19:38:00,NA
783175,CLEVO,CLEVO CO.,CLEVO CO.,Timdaway Lai,ANT TOOLS can't scan ANT RSSI with 9462 module,2023-02-06 23:14:00,NA
783047,QUANTA COMPUTER INC.,QUANTA COMPUTER INC.,QUANTA COMPUTER INC.,Charles P Chu,[Huawei][Quanta][H9HR][HookeG][AX211][22H2][WLAN][BUG-20230110-64362] Burnin wlan fail,2023-02-06 17:01:00,NA
782839,MSI,"ALLION TEST LABS, INC.",MSI,WCS - Unassigned,[Bluetooth]The paired Bluetooth headset cannot be setted to the input sound.,2023-02-06 06:48:12,NA
782720,WISTRON CORPORATION,WISTRON CORPORATION,WISTRON CORPORATION,Timdaway Lai,[Acer_Ape][RPL-U] [AX211] System auto wake from Sleep to S4 path every 5 minutes,2023-02-05 02:16:00,NA
782584,QUANTA COMPUTER INC.,QUANTA COMPUTER INC.,QUANTA COMPUTER INC.,Timdaway Lai,Intel 1690i network card cannot connect to two networks at the same time,2023-02-03 03:10:00,NA
782493,WISTRON CORPORATION,WISTRON CORPORATION,WISTRON CORPORATION,Leo Chiang,"[Dell][Wistron][Odin ADL]The dell pair will not pop up the pairing information, it will be normal only after BT turn off / on.",2023-02-02 23:08:00,NA
782264,"COMPAL ELECTRONICS, INC.","COMPAL ELECTRONICS, INC.","COMPAL ELECTRONICS, INC.",Leo Chiang,[Dell_TGL_Montreux]The dell pair will not pop up the pairing information when just been installed without restarted,2023-02-02 02:01:00,NA
781788,"COMPAL ELECTRONICS, INC.","COMPAL ELECTRONICS, INC.","COMPAL ELECTRONICS, INC.",Zhiqiang Cai,"[Lenovo-Ideapad][Compal][S580-14&16 IRL H45 SIT] AX211:Unit show ""No WI-FI network found"" in action center.(F/R:1/2)",2023-02-01 00:57:00,NA
781730,QUANTA COMPUTER INC.,QUANTA COMPUTER INC.,QUANTA COMPUTER INC.,Steven ZY Chen,HP_bnb_Iaso_The NFC mouse doesn't work after turn on NFC and Bluetooth with Airplane mode on.(Intel AX211)(SIO2168560),2023-01-31 23:28:00,NA
781722,QUANTA COMPUTER INC.,QUANTA COMPUTER INC.,QUANTA COMPUTER INC.,Timdaway Lai,[MSFT][V81B][HrP2] Host PC unable to remote control the device by using DRTU22.200 command,2023-01-31 23:15:00,NA
781584,WISTRON CORPORATION,WISTRON CORPORATION,WISTRON CORPORATION,KJ Fang,[Thinkpad][Fenrir2][RPL][AX201]Screen glitch / lag when project smartphone to PC,2023-01-31 19:28:00,NA
781578,QUANTA COMPUTER INC.,QUANTA COMPUTER INC.,QUANTA COMPUTER INC.,Steven ZY Chen,HP_bnb_Iaso_No sound output from Poly BT Headset when playing online music and pairing Poly BT headset.(Intel AX211)(SIO2168824),2023-01-31 19:18:00,NA
781553,"Huaqin Technology Co., Ltd","Huaqin Technology Co., Ltd","Huaqin Technology Co., Ltd",Leo Chiang,[Honor][HUAQIN][Born&fermiG][Intel RPL][Intel AX201][BT]The Bluetooth file transfer rate is lower than 120KB/s,2023-01-31 18:20:00,NA
781420,QUANTA COMPUTER INC.,QUANTA COMPUTER INC.,QUANTA COMPUTER INC.,Timdaway Lai,"HP_bnb_Iaso_Win11_Wifi list show ""No wifi networks found"" when connecting wifi 6G and playing online video about 2 hours.(AX211)(SIO2168454)",2023-01-31 03:07:00,NA
781334,CLEVO,CLEVO CO.,CLEVO CO.,Brandon Yang,"[CLEVO][NLxxAUx][RPL-U][Louis] Systems have the green garbage issue with running ""Media player"" after resume from S3 or S4",2023-01-31 00:37:00,NA
780985,QUANTA COMPUTER INC.,QUANTA COMPUTER INC.,QUANTA COMPUTER INC.,Timdaway Lai,[MSFT][V81B][AX201] Ack Power exceed SAR limit question,2023-01-30 01:47:00,NA
780890,INVENTEC CORPORATION,INVENTEC CORPORATION,INVENTEC CORPORATION,Steven ZY Chen,[HP][IEC] - SIO2165868 - [Medusa][RPL][GFP2-AX211][Win11 22621.963]Poly headset cannot automatically connect after disconnecting the Bluetooth connection and reopening the Bluetooth.,2023-01-29 22:57:00,NA
780866,"Huaqin Technology Co., Ltd","Huaqin Technology Co., Ltd","Huaqin Technology Co., Ltd",Nicky Chen,[ASUS Huqain] AX211 BIOS TAS setting,2023-01-29 21:44:00,NA
780865,QUANTA COMPUTER INC.,QUANTA COMPUTER INC.,QUANTA COMPUTER INC.,Leo Chiang,"[Honor][Quanta][9R1B][GalileoG][AX201][22H2][BT][91013] The file transfer is abnormal, some files cannot be transferred or the long file name cannot be transferred successfully",2023-01-29 21:31:00,NA
779382,"COMPAL ELECTRONICS, INC.","COMPAL ELECTRONICS, INC.","COMPAL ELECTRONICS, INC.",Steven ZY Chen,"[HP] - SIO2166367 - [SIT][FIT-COMM][RPL][INT] The BT headset just show ""Connected voice"" in PC setting and show ""Hands-Free"" in sound output list after reconnect it during ZOOM video call",2023-01-18 04:06:00,NA
779329,"Huaqin Technology Co., Ltd","Huaqin Technology Co., Ltd","Huaqin Technology Co., Ltd",Leo Chiang,[Huaqin][ASUS_TP3402VA][RPL_H45][Win11 21H2]Bsod occurred 0x5c with memory dump point to AX211 BT related,2023-01-18 00:37:00,NA
778894,Pegatron Corporation,Pegatron Corporation,Pegatron Corporation,Frank Lee,Wireless AX211 WHQL issue,2023-01-16 18:39:00,NA
778703,QUANTA COMPUTER INC.,QUANTA COMPUTER INC.,QUANTA COMPUTER INC.,Timdaway Lai,[MSFT Quanta Z96] Unable to project to external monitor via wireless display,2023-01-15 23:02:00,NA
778542,"Huaqin Technology Co., Ltd","Huaqin Technology Co., Ltd","Huaqin Technology Co., Ltd",Leo Chiang,[Huaqin][ASUS][UP3404VA-RPL-P]Intel AX211 BT show YB during S4 Stress test(F/R:1/1 PC ?1/900 cycles),2023-01-14 01:46:00,NA
778432,MSI,"MICRO-STAR INTERNATIONAL CO., LTD.","MICRO-STAR INTERNATIONAL CO., LTD.",Brandon Yang,[MSI][17S1][RPL-HX]System can't reach 8K via Type-C (Maple Ridge) to DP dongle with Dell UP3218K monitor,2023-01-13 02:20:00,NA
778338,"Huaqin Technology Co., Ltd","Huaqin Technology Co., Ltd","Huaqin Technology Co., Ltd",Zhiwei He,[HUAWEI][HUAQIN][MorganF][Intel ADL][Ax211[WLAN] WLAN can't search for hotspots,2023-01-12 23:13:00,NA
777804,"COMPAL ELECTRONICS, INC.","COMPAL ELECTRONICS, INC.","COMPAL ELECTRONICS, INC.",Steven ZY Chen,[HP] - SIO2166375 - [SIT][FIT-COMM][RPL][INT] BSOD 0X9F occurred after BT no response and then restart,2023-01-11 04:45:00,NA
777793,WISTRON CORPORATION,WISTRON CORPORATION,WISTRON CORPORATION,Nicky Chen,[ASUS][Wistron]D700ME RPL-S CITU marginal test fail on Wlan 9462 card,2023-01-11 03:49:00,NA
777770,"COMPAL ELECTRONICS, INC.","COMPAL ELECTRONICS, INC.","COMPAL ELECTRONICS, INC.",Franky Yang,[Dell/Compal][MayaBayRPL]System occur will BSOD_INTERNAL_POWER_ERROR (a0) after do S4,2023-01-11 02:24:00,NA
777756,CLEVO,CLEVO CO.,CLEVO CO.,Brandon Yang,"[CLEVO][V1x0RNE][RPL-H][Louis] WHQL driver 101.3959 has no sign on ""Installer""",2023-01-11 01:57:00,NA
777748,"Huaqin Technology Co., Ltd","Huaqin Technology Co., Ltd","Huaqin Technology Co., Ltd",Zhiwei He,[HUAWEI][HUAQIN][MorganG][Intel RPL][Intel AX 211][WIFI][Win11]The wifi driver accur yellowband(code 38) when test enable/disable wifi drivers repeatedly.,2023-01-11 01:43:00,NA
777674,"COMPAL ELECTRONICS, INC.","COMPAL ELECTRONICS, INC.","COMPAL ELECTRONICS, INC.",Steven ZY Chen,[HP] - SIO2161586 - [SIT][FIT-COMM][RPL-U][INT] The bluetooth button has no function when click BT button in PC setting and sys-tray during video call,2023-01-10 23:06:00,NA
777623,"COMPAL ELECTRONICS, INC.","COMPAL ELECTRONICS, INC.","COMPAL ELECTRONICS, INC.",Brenton Wu,[Dell_Galio_Intel] Killer WLAN can't enter D3 mode when PHM test.,2023-01-10 21:38:00,NA
777016,QUANTA COMPUTER INC.,QUANTA COMPUTER INC.,QUANTA COMPUTER INC.,Charles P Chu,"[Huawei][Quanta][H9RR][RolleG][AX201][22H2][WLAN][BUG-20230105-63995] 0-40 ? temperature cycle run warmboot repeated testing , one unit meet BSOD 9F F/R:1/5 unit",2023-01-09 00:57:00,NA
776918,CLEVO,CLEVO CO.,CLEVO CO.,Leo Chiang,[Clevo]BT earphone cant record from BT micphone (AX211),2023-01-08 21:27:00,NA
776850,"Huaqin Technology Co., Ltd","Huaqin Technology Co., Ltd","Huaqin Technology Co., Ltd",Nicky Chen,"?ASUS??UX3404?Use Ant tool to check TAS function, the TAS state is invalid",2023-01-08 18:01:00,NA
776810,"COMPAL ELECTRONICS, INC.","COMPAL ELECTRONICS, INC.","COMPAL ELECTRONICS, INC.",Franky Yang,[Dell\Compal] [MayaBay] Stress_MS_ BSOD_ SYSTEM_SERVICE_ EXCEPTION (code:3B) (w/ dump),2023-01-07 02:48:00,NA
776788,Pegatron Corporation,Pegatron Corporation,Pegatron Corporation,Timdaway Lai,[MSFT/Elmer][Typ2 COB] The EVM failure rate is high for factory test,2023-01-06 19:08:00,NA
776225,"COMPAL ELECTRONICS, INC.","COMPAL ELECTRONICS, INC.","COMPAL ELECTRONICS, INC.",Franky Yang,[Dell/Compal]Mayabay RPL_HLK_FAIL_System - Sleep with IO Before and After (Reliability SysFund),2023-01-04 21:37:00,NA
775882,QUANTA COMPUTER INC.,QUANTA COMPUTER INC.,QUANTA COMPUTER INC.,Leo Chiang,[Honor][Quanta][9R1B][GalileoG][AX201][22H2][BT][84628] Galileo-G uses PC manager for the first time to cast + cast screen to Huawei v55i large screen with a high probability of not being able to scan,2023-01-03 20:27:00,NA
775881,"COMPAL ELECTRONICS, INC.","COMPAL ELECTRONICS, INC.","COMPAL ELECTRONICS, INC.",Steven ZY Chen,"(Copy Of 00775162) [HP] - SIO2163876 - [SIT][WPVT][RPL-U][Win11]Blackscreen without backlit (with Bugcheck 0x9F,point at ""BTHport.sys"") occurred as running Winpvt- Hibernation Focus + AC/DC Cycling test.",2023-01-03 20:24:00,NA
775459,"Huaqin Technology Co., Ltd","Huaqin Technology Co., Ltd","Huaqin Technology Co., Ltd",Leo Chiang,[Honor][HUAQIN][Born&fermiG][Intel RPL][Intel AX201][BT]The Bluetooth file transfer rate is lower than 120KB/s,2023-01-01 08:45:00,NA
775162,"COMPAL ELECTRONICS, INC.",NA,"COMPAL ELECTRONICS, INC.",Steven ZY Chen,"[HP] - SIO2163876 - [SIT][WPVT][RPL-U][Win11]Blackscreen without backlit (with Bugcheck 0x9F,point at ""BTHport.sys"") occurred as running Winpvt- Hibernation Focus + AC/DC Cycling test.",2022-12-29 01:36:00,NA
775162,"COMPAL ELECTRONICS, INC.",NA,"COMPAL ELECTRONICS, INC.",Steven ZY Chen,"[HP] - SIO2163876 - [SIT][WPVT][RPL-U][Win11]Blackscreen without backlit (with Bugcheck 0x9F,point at ""BTHport.sys"") occurred as running Winpvt- Hibernation Focus + AC/DC Cycling test.",2022-12-29 01:36:00,NA
775162,"COMPAL ELECTRONICS, INC.",NA,"COMPAL ELECTRONICS, INC.",Steven ZY Chen,"[HP] - SIO2163876 - [SIT][WPVT][RPL-U][Win11]Blackscreen without backlit (with Bugcheck 0x9F,point at ""BTHport.sys"") occurred as running Winpvt- Hibernation Focus + AC/DC Cycling test.",2022-12-29 01:36:00,NA
774859,MSI,"MICRO-STAR INTERNATIONAL CO., LTD.","MICRO-STAR INTERNATIONAL CO., LTD.",Timdaway Lai,"[MSI]  [ 16V6] [WLAN] Black screen in S4 long run, the windebug showed it amy relate to PCI\VEN_8086&DEV_51F1 (Killer WIFI). We sure we used the Intel AX 201",2022-12-27 20:34:00,NA
774825,"COMPAL ELECTRONICS, INC.",NA,"COMPAL ELECTRONICS, INC.",Franky Yang,[Compal] WHQL_SleepIO_the format of the specified network name is invalid,2022-12-27 18:31:00,NA
774825,"COMPAL ELECTRONICS, INC.",NA,"COMPAL ELECTRONICS, INC.",Franky Yang,[Compal] WHQL_SleepIO_the format of the specified network name is invalid,2022-12-27 18:31:00,NA
774825,"COMPAL ELECTRONICS, INC.",NA,"COMPAL ELECTRONICS, INC.",Franky Yang,[Compal] WHQL_SleepIO_the format of the specified network name is invalid,2022-12-27 18:31:00,NA
774179,"COMPAL ELECTRONICS, INC.",NA,"COMPAL ELECTRONICS, INC.",Leo Chiang,[Dell/Compal]Mayabay RPL_HLK_FAIL_Bluetooth - SupportsBluetooth21AndEdr (Development and Integration),2022-12-22 19:51:00,NA
774179,"COMPAL ELECTRONICS, INC.",NA,"COMPAL ELECTRONICS, INC.",Leo Chiang,[Dell/Compal]Mayabay RPL_HLK_FAIL_Bluetooth - SupportsBluetooth21AndEdr (Development and Integration),2022-12-22 19:51:00,NA
774179,"COMPAL ELECTRONICS, INC.",NA,"COMPAL ELECTRONICS, INC.",Leo Chiang,[Dell/Compal]Mayabay RPL_HLK_FAIL_Bluetooth - SupportsBluetooth21AndEdr (Development and Integration),2022-12-22 19:51:00,NA
774175,"COMPAL ELECTRONICS, INC.",NA,"COMPAL ELECTRONICS, INC.",Leo Chiang,[Dell/Compal]Mayabay RPL_HLK_FAIL_Bluetooth - NonUsbScoSupport (Development and Integration),2022-12-22 19:37:00,NA
774175,"COMPAL ELECTRONICS, INC.",NA,"COMPAL ELECTRONICS, INC.",Leo Chiang,[Dell/Compal]Mayabay RPL_HLK_FAIL_Bluetooth - NonUsbScoSupport (Development and Integration),2022-12-22 19:37:00,NA
774175,"COMPAL ELECTRONICS, INC.",NA,"COMPAL ELECTRONICS, INC.",Leo Chiang,[Dell/Compal]Mayabay RPL_HLK_FAIL_Bluetooth - NonUsbScoSupport (Development and Integration),2022-12-22 19:37:00,NA
774172,"COMPAL ELECTRONICS, INC.",NA,"COMPAL ELECTRONICS, INC.",Leo Chiang,[Dell/Compal]Mayabay RPL_HLK_FAIL_Bluetooth - LEExtendedAdvertising (Development and Integration),2022-12-22 19:29:00,NA
774172,"COMPAL ELECTRONICS, INC.",NA,"COMPAL ELECTRONICS, INC.",Leo Chiang,[Dell/Compal]Mayabay RPL_HLK_FAIL_Bluetooth - LEExtendedAdvertising (Development and Integration),2022-12-22 19:29:00,NA
774172,"COMPAL ELECTRONICS, INC.",NA,"COMPAL ELECTRONICS, INC.",Leo Chiang,[Dell/Compal]Mayabay RPL_HLK_FAIL_Bluetooth - LEExtendedAdvertising (Development and Integration),2022-12-22 19:29:00,NA
774161,"COMPAL ELECTRONICS, INC.",NA,"COMPAL ELECTRONICS, INC.",Leo Chiang,[Dell/Compal]Mayabay RPL_HLK_FAIL_Bluetooth - HciExtensions (Development and Integration),2022-12-22 18:48:00,NA
774161,"COMPAL ELECTRONICS, INC.",NA,"COMPAL ELECTRONICS, INC.",Leo Chiang,[Dell/Compal]Mayabay RPL_HLK_FAIL_Bluetooth - HciExtensions (Development and Integration),2022-12-22 18:48:00,NA
774161,"COMPAL ELECTRONICS, INC.",NA,"COMPAL ELECTRONICS, INC.",Leo Chiang,[Dell/Compal]Mayabay RPL_HLK_FAIL_Bluetooth - HciExtensions (Development and Integration),2022-12-22 18:48:00,NA
774159,"COMPAL ELECTRONICS, INC.",NA,"COMPAL ELECTRONICS, INC.",Leo Chiang,[Dell/Compal][Mayabay RPL_HLK_FAIL_Bluetooth - 4LeSpecification (Development and Integration),2022-12-22 18:41:00,NA
774159,"COMPAL ELECTRONICS, INC.",NA,"COMPAL ELECTRONICS, INC.",Leo Chiang,[Dell/Compal][Mayabay RPL_HLK_FAIL_Bluetooth - 4LeSpecification (Development and Integration),2022-12-22 18:41:00,NA
774159,"COMPAL ELECTRONICS, INC.",NA,"COMPAL ELECTRONICS, INC.",Leo Chiang,[Dell/Compal][Mayabay RPL_HLK_FAIL_Bluetooth - 4LeSpecification (Development and Integration),2022-12-22 18:41:00,NA
774155,"COMPAL ELECTRONICS, INC.",NA,"COMPAL ELECTRONICS, INC.",Leo Chiang,[Dell/Compal]Mayabay RPL_HLK_FAIL_Bluetooth - SimultaneousBrEdrAndLeTraffic (Development and Integration),2022-12-22 18:27:00,NA
774155,"COMPAL ELECTRONICS, INC.",NA,"COMPAL ELECTRONICS, INC.",Leo Chiang,[Dell/Compal]Mayabay RPL_HLK_FAIL_Bluetooth - SimultaneousBrEdrAndLeTraffic (Development and Integration),2022-12-22 18:27:00,NA
774155,"COMPAL ELECTRONICS, INC.",NA,"COMPAL ELECTRONICS, INC.",Leo Chiang,[Dell/Compal]Mayabay RPL_HLK_FAIL_Bluetooth - SimultaneousBrEdrAndLeTraffic (Development and Integration),2022-12-22 18:27:00,NA
774151,"COMPAL ELECTRONICS, INC.",NA,"COMPAL ELECTRONICS, INC.",Leo Chiang,[Dell/Compal]Mayabay RPL_HLK_FAIL_Bluetooth - 4LeSpecification (Reliability),2022-12-22 18:12:00,NA
774151,"COMPAL ELECTRONICS, INC.",NA,"COMPAL ELECTRONICS, INC.",Leo Chiang,[Dell/Compal]Mayabay RPL_HLK_FAIL_Bluetooth - 4LeSpecification (Reliability),2022-12-22 18:12:00,NA
774151,"COMPAL ELECTRONICS, INC.",NA,"COMPAL ELECTRONICS, INC.",Leo Chiang,[Dell/Compal]Mayabay RPL_HLK_FAIL_Bluetooth - 4LeSpecification (Reliability),2022-12-22 18:12:00,NA
773480,VAIO,NA,VAIO Corporation,Timdaway Lai,[VAIO][AX201] Return value of ping command different each WiFi module,2022-12-20 23:49:00,NA
773480,VAIO,NA,VAIO Corporation,Timdaway Lai,[VAIO][AX201] Return value of ping command different each WiFi module,2022-12-20 23:49:00,NA
773480,VAIO,NA,VAIO Corporation,Timdaway Lai,[VAIO][AX201] Return value of ping command different each WiFi module,2022-12-20 23:49:00,NA
773353,"COMPAL ELECTRONICS, INC.",NA,"COMPAL ELECTRONICS, INC.",Steven ZY Chen,"[HP] - SIO2161559 - [SIT][FIT-COMM][RPL][INT] An error message ""Microphone is not working"" will pop up when video call via ZOOM/Microsoft Teams with BT headset connected",2022-12-20 17:20:00,NA
773353,"COMPAL ELECTRONICS, INC.",NA,"COMPAL ELECTRONICS, INC.",Steven ZY Chen,"[HP] - SIO2161559 - [SIT][FIT-COMM][RPL][INT] An error message ""Microphone is not working"" will pop up when video call via ZOOM/Microsoft Teams with BT headset connected",2022-12-20 17:20:00,NA
773353,"COMPAL ELECTRONICS, INC.",NA,"COMPAL ELECTRONICS, INC.",Steven ZY Chen,"[HP] - SIO2161559 - [SIT][FIT-COMM][RPL][INT] An error message ""Microphone is not working"" will pop up when video call via ZOOM/Microsoft Teams with BT headset connected",2022-12-20 17:20:00,NA
773269,ELITEGROUP COMPUTER SYSTEMS CO. LTD,ELITEGROUP COMPUTER SYSTEMS CO. LTD,ELITEGROUP COMPUTER SYSTEMS CO. LTD,Brandon Yang,[ECS][Alder lake N][ADLN-I] Intel graphics occur three display Audio  in device manager when system plug two display output,2022-12-20 03:25:00,NA
773137,"HUAQIN TECHNOLOGY CO., LTD",NA,"Huaqin Technology Co., Ltd",Timdaway Lai,AX101,2022-12-19 21:48:00,NA
773137,"HUAQIN TECHNOLOGY CO., LTD",NA,"Huaqin Technology Co., Ltd",Timdaway Lai,AX101,2022-12-19 21:48:00,NA
773137,"HUAQIN TECHNOLOGY CO., LTD",NA,"Huaqin Technology Co., Ltd",Timdaway Lai,AX101,2022-12-19 21:48:00,NA
772897,QUANTA COMPUTER INC.,NA,QUANTA COMPUTER INC.,Steven ZY Chen,[HP][Quanta][NB][WHQL][Roc][RPL][GFP2-AX211][W11]:Bluetooth - Audio - Source increase music volume with A2DP offload fail.,2022-12-19 00:58:00,NA
772897,QUANTA COMPUTER INC.,NA,QUANTA COMPUTER INC.,Steven ZY Chen,[HP][Quanta][NB][WHQL][Roc][RPL][GFP2-AX211][W11]:Bluetooth - Audio - Source increase music volume with A2DP offload fail.,2022-12-19 00:58:00,NA
772897,QUANTA COMPUTER INC.,NA,QUANTA COMPUTER INC.,Steven ZY Chen,[HP][Quanta][NB][WHQL][Roc][RPL][GFP2-AX211][W11]:Bluetooth - Audio - Source increase music volume with A2DP offload fail.,2022-12-19 00:58:00,NA
772891,QUANTA COMPUTER INC.,NA,QUANTA COMPUTER INC.,Steven ZY Chen,[HP][Quanta]-[Roku][RPL][GFP2-AX211][Win11 22H2 ]Could not remove BT speaker/headphone successfully.(Intel AX211),2022-12-19 00:41:00,NA
772891,QUANTA COMPUTER INC.,NA,QUANTA COMPUTER INC.,Steven ZY Chen,[HP][Quanta]-[Roku][RPL][GFP2-AX211][Win11 22H2 ]Could not remove BT speaker/headphone successfully.(Intel AX211),2022-12-19 00:41:00,NA
772891,QUANTA COMPUTER INC.,NA,QUANTA COMPUTER INC.,Steven ZY Chen,[HP][Quanta]-[Roku][RPL][GFP2-AX211][Win11 22H2 ]Could not remove BT speaker/headphone successfully.(Intel AX211),2022-12-19 00:41:00,NA
772882,QUANTA COMPUTER INC.,NA,QUANTA COMPUTER INC.,Leo Chiang,[Asus][K3405_3605][ADL-P]Bluetooth - Audio - Voice interrupt music with A2DP offload,2022-12-19 00:15:00,NA
772882,QUANTA COMPUTER INC.,NA,QUANTA COMPUTER INC.,Leo Chiang,[Asus][K3405_3605][ADL-P]Bluetooth - Audio - Voice interrupt music with A2DP offload,2022-12-19 00:15:00,NA
772882,QUANTA COMPUTER INC.,NA,QUANTA COMPUTER INC.,Leo Chiang,[Asus][K3405_3605][ADL-P]Bluetooth - Audio - Voice interrupt music with A2DP offload,2022-12-19 00:15:00,NA
772852,QUANTA COMPUTER INC.,NA,QUANTA COMPUTER INC.,Steven ZY Chen,[HP][Quanta]-[Cybug][RPL][GFP2-AX211][Win11 22H2 ] - The online web page display audio driver has a problem after connect BT headset and BT speaker.(Intel AX211),2022-12-18 23:08:00,NA
772852,QUANTA COMPUTER INC.,NA,QUANTA COMPUTER INC.,Steven ZY Chen,[HP][Quanta]-[Cybug][RPL][GFP2-AX211][Win11 22H2 ] - The online web page display audio driver has a problem after connect BT headset and BT speaker.(Intel AX211),2022-12-18 23:08:00,NA
772852,QUANTA COMPUTER INC.,NA,QUANTA COMPUTER INC.,Steven ZY Chen,[HP][Quanta]-[Cybug][RPL][GFP2-AX211][Win11 22H2 ] - The online web page display audio driver has a problem after connect BT headset and BT speaker.(Intel AX211),2022-12-18 23:08:00,NA
772841,"HUAQIN TECHNOLOGY CO., LTD",NA,"Huaqin Technology Co., Ltd",Leo Chiang,[Honor][HUAQIN][Born&fermiG][Intel RPL][Intel AX201][BT]The phone will pop the window twice when PC connect the phone by BT.,2022-12-18 22:48:00,NA
772841,"HUAQIN TECHNOLOGY CO., LTD",NA,"Huaqin Technology Co., Ltd",Leo Chiang,[Honor][HUAQIN][Born&fermiG][Intel RPL][Intel AX201][BT]The phone will pop the window twice when PC connect the phone by BT.,2022-12-18 22:48:00,NA
772841,"HUAQIN TECHNOLOGY CO., LTD",NA,"Huaqin Technology Co., Ltd",Leo Chiang,[Honor][HUAQIN][Born&fermiG][Intel RPL][Intel AX201][BT]The phone will pop the window twice when PC connect the phone by BT.,2022-12-18 22:48:00,NA
772838,QUANTA COMPUTER INC.,NA,QUANTA COMPUTER INC.,Steven ZY Chen,[HP][Quanta]-[Cybug][RPL][GFP2-AX211][Win11 22H2 ]Neither the internal speaker nor the BT headset/speaker could output the sound of local/online video after switching devices in the sound output list.(Intel AX211),2022-12-18 22:39:00,NA
772838,QUANTA COMPUTER INC.,NA,QUANTA COMPUTER INC.,Steven ZY Chen,[HP][Quanta]-[Cybug][RPL][GFP2-AX211][Win11 22H2 ]Neither the internal speaker nor the BT headset/speaker could output the sound of local/online video after switching devices in the sound output list.(Intel AX211),2022-12-18 22:39:00,NA
772838,QUANTA COMPUTER INC.,NA,QUANTA COMPUTER INC.,Steven ZY Chen,[HP][Quanta]-[Cybug][RPL][GFP2-AX211][Win11 22H2 ]Neither the internal speaker nor the BT headset/speaker could output the sound of local/online video after switching devices in the sound output list.(Intel AX211),2022-12-18 22:39:00,NA
772837,PEGATRON CORPORATION,NA,Pegatron Corporation,Timdaway Lai,[MSFT/Elmer] [TyP2 CoB] Need to improve EVM of Testharness tool,2022-12-18 22:38:00,NA
772837,PEGATRON CORPORATION,NA,Pegatron Corporation,Timdaway Lai,[MSFT/Elmer] [TyP2 CoB] Need to improve EVM of Testharness tool,2022-12-18 22:38:00,NA
772837,PEGATRON CORPORATION,NA,Pegatron Corporation,Timdaway Lai,[MSFT/Elmer] [TyP2 CoB] Need to improve EVM of Testharness tool,2022-12-18 22:38:00,NA
772804,QUANTA COMPUTER INC.,NA,QUANTA COMPUTER INC.,Steven ZY Chen,"[HP][Quanta]-[Cybug][RPL][GFP2-AX211][Win11 22H2 ] Local video can't play with error code ""0x8889000F/0xc00D36B4..."" pop up when connect BT Headset and BT Speaker.(Intel AX211)",2022-12-18 21:48:00,NA
772804,QUANTA COMPUTER INC.,NA,QUANTA COMPUTER INC.,Steven ZY Chen,"[HP][Quanta]-[Cybug][RPL][GFP2-AX211][Win11 22H2 ] Local video can't play with error code ""0x8889000F/0xc00D36B4..."" pop up when connect BT Headset and BT Speaker.(Intel AX211)",2022-12-18 21:48:00,NA
772804,QUANTA COMPUTER INC.,NA,QUANTA COMPUTER INC.,Steven ZY Chen,"[HP][Quanta]-[Cybug][RPL][GFP2-AX211][Win11 22H2 ] Local video can't play with error code ""0x8889000F/0xc00D36B4..."" pop up when connect BT Headset and BT Speaker.(Intel AX211)",2022-12-18 21:48:00,NA
772802,QUANTA COMPUTER INC.,NA,QUANTA COMPUTER INC.,Steven ZY Chen,[HP][Quanta]-[Cybug][RPL][GFP2-AX211][Win11 22H2 ]Sound output list shows Speaker/ Headset Hands-Free and Speakers after successfu,2022-12-18 21:31:00,NA
772802,QUANTA COMPUTER INC.,NA,QUANTA COMPUTER INC.,Steven ZY Chen,[HP][Quanta]-[Cybug][RPL][GFP2-AX211][Win11 22H2 ]Sound output list shows Speaker/ Headset Hands-Free and Speakers after successfu,2022-12-18 21:31:00,NA
772802,QUANTA COMPUTER INC.,NA,QUANTA COMPUTER INC.,Steven ZY Chen,[HP][Quanta]-[Cybug][RPL][GFP2-AX211][Win11 22H2 ]Sound output list shows Speaker/ Headset Hands-Free and Speakers after successfu,2022-12-18 21:31:00,NA
772797,QUANTA COMPUTER INC.,NA,QUANTA COMPUTER INC.,Steven ZY Chen,[HP][Quanta]-[Roku][RPL][GFP2-AX211][Win11 22H2 ] Error: Device 'Intel Tile Device' with ID...removed...added occurred when run WinPVT11.9.0 Restart AP/LAN+AC/DC test.,2022-12-18 21:06:00,NA
772797,QUANTA COMPUTER INC.,NA,QUANTA COMPUTER INC.,Steven ZY Chen,[HP][Quanta]-[Roku][RPL][GFP2-AX211][Win11 22H2 ] Error: Device 'Intel Tile Device' with ID...removed...added occurred when run WinPVT11.9.0 Restart AP/LAN+AC/DC test.,2022-12-18 21:06:00,NA
772797,QUANTA COMPUTER INC.,NA,QUANTA COMPUTER INC.,Steven ZY Chen,[HP][Quanta]-[Roku][RPL][GFP2-AX211][Win11 22H2 ] Error: Device 'Intel Tile Device' with ID...removed...added occurred when run WinPVT11.9.0 Restart AP/LAN+AC/DC test.,2022-12-18 21:06:00,NA
772778,QUANTA COMPUTER INC.,NA,QUANTA COMPUTER INC.,Steven ZY Chen,[HP][Quanta][NB][Iaso][RPL-H][GFP2-AX211][W11v22621]Can't play video via Media Player/Movie&TV/WMP after connect BT Headset.,2022-12-18 19:17:00,NA
772778,QUANTA COMPUTER INC.,NA,QUANTA COMPUTER INC.,Steven ZY Chen,[HP][Quanta][NB][Iaso][RPL-H][GFP2-AX211][W11v22621]Can't play video via Media Player/Movie&TV/WMP after connect BT Headset.,2022-12-18 19:17:00,NA
772778,QUANTA COMPUTER INC.,NA,QUANTA COMPUTER INC.,Steven ZY Chen,[HP][Quanta][NB][Iaso][RPL-H][GFP2-AX211][W11v22621]Can't play video via Media Player/Movie&TV/WMP after connect BT Headset.,2022-12-18 19:17:00,NA
769917,QUANTA COMPUTER INC.,NA,QUANTA COMPUTER INC.,Steven ZY Chen,[HP][Quanta]-[Roku][RPL][GFP2-AX211][Win11 22H2 ]-Run Bluetooth - LEExtendedAdvertising (Development and Integration) item fail.,2022-12-15 18:51:00,NA
769917,QUANTA COMPUTER INC.,NA,QUANTA COMPUTER INC.,Steven ZY Chen,[HP][Quanta]-[Roku][RPL][GFP2-AX211][Win11 22H2 ]-Run Bluetooth - LEExtendedAdvertising (Development and Integration) item fail.,2022-12-15 18:51:00,NA
769917,QUANTA COMPUTER INC.,NA,QUANTA COMPUTER INC.,Steven ZY Chen,[HP][Quanta]-[Roku][RPL][GFP2-AX211][Win11 22H2 ]-Run Bluetooth - LEExtendedAdvertising (Development and Integration) item fail.,2022-12-15 18:51:00,NA
767100,WISTRON CORPORATION,NA,WISTRON CORPORATION,Leo Chiang,[Dell][Aegis MLK]Lullaby Test Desktop fail when Bluetooth enable in 4G RAM SKU,2022-12-13 00:39:00,NA
767100,WISTRON CORPORATION,NA,WISTRON CORPORATION,Leo Chiang,[Dell][Aegis MLK]Lullaby Test Desktop fail when Bluetooth enable in 4G RAM SKU,2022-12-13 00:39:00,NA
767100,WISTRON CORPORATION,NA,WISTRON CORPORATION,Leo Chiang,[Dell][Aegis MLK]Lullaby Test Desktop fail when Bluetooth enable in 4G RAM SKU,2022-12-13 00:39:00,NA
764903,QUANTA COMPUTER INC.,NA,QUANTA COMPUTER INC.,Timdaway Lai,[HP][Quanta][NB][Roc][RPL-P][GFP2-AX211][W11v22621]0x9F BSOD while run iPAS,2022-12-12 19:39:00,NA
764903,QUANTA COMPUTER INC.,NA,QUANTA COMPUTER INC.,Timdaway Lai,[HP][Quanta][NB][Roc][RPL-P][GFP2-AX211][W11v22621]0x9F BSOD while run iPAS,2022-12-12 19:39:00,NA
764903,QUANTA COMPUTER INC.,NA,QUANTA COMPUTER INC.,Timdaway Lai,[HP][Quanta][NB][Roc][RPL-P][GFP2-AX211][W11v22621]0x9F BSOD while run iPAS,2022-12-12 19:39:00,NA
762302,QUANTA COMPUTER INC.,NA,QUANTA COMPUTER INC.,Charles P Chu,"[Huawei][Quanta][H9RR][RolleG][AX201][22H2]When use v180 connected to the USB LAN dongle. The WIFI icon need take 30sec to resume (in the lower right corner) after enable the WLAN. But, the v170 resume almost immediately.",2022-12-12 01:44:00,NA
762302,QUANTA COMPUTER INC.,NA,QUANTA COMPUTER INC.,Charles P Chu,"[Huawei][Quanta][H9RR][RolleG][AX201][22H2]When use v180 connected to the USB LAN dongle. The WIFI icon need take 30sec to resume (in the lower right corner) after enable the WLAN. But, the v170 resume almost immediately.",2022-12-12 01:44:00,NA
762302,QUANTA COMPUTER INC.,NA,QUANTA COMPUTER INC.,Charles P Chu,"[Huawei][Quanta][H9RR][RolleG][AX201][22H2]When use v180 connected to the USB LAN dongle. The WIFI icon need take 30sec to resume (in the lower right corner) after enable the WLAN. But, the v170 resume almost immediately.",2022-12-12 01:44:00,NA
762291,QUANTA COMPUTER INC.,NA,QUANTA COMPUTER INC.,Leo Chiang,[Asus Quanta][K3405_3605][RPL-H][AX211 22.190.0.2 ]WHQL:Source radio disabled and re-enabled while playing music tone with A2DP offload fail,2022-12-12 01:26:00,NA
762291,QUANTA COMPUTER INC.,NA,QUANTA COMPUTER INC.,Leo Chiang,[Asus Quanta][K3405_3605][RPL-H][AX211 22.190.0.2 ]WHQL:Source radio disabled and re-enabled while playing music tone with A2DP offload fail,2022-12-12 01:26:00,NA
762291,QUANTA COMPUTER INC.,NA,QUANTA COMPUTER INC.,Leo Chiang,[Asus Quanta][K3405_3605][RPL-H][AX211 22.190.0.2 ]WHQL:Source radio disabled and re-enabled while playing music tone with A2DP offload fail,2022-12-12 01:26:00,NA
760807,"COMPAL ELECTRONICS, INC.",NA,"COMPAL ELECTRONICS, INC.",Steven ZY Chen,[HP] - SIO2156597 - [SIT][FIT-COMM][RPL_H][RPL_HX][INT] Sound output list show less/more than actual connected BT earphone/Speaker,2022-12-11 23:53:00,NA
760807,"COMPAL ELECTRONICS, INC.",NA,"COMPAL ELECTRONICS, INC.",Steven ZY Chen,[HP] - SIO2156597 - [SIT][FIT-COMM][RPL_H][RPL_HX][INT] Sound output list show less/more than actual connected BT earphone/Speaker,2022-12-11 23:53:00,NA
760807,"COMPAL ELECTRONICS, INC.",NA,"COMPAL ELECTRONICS, INC.",Steven ZY Chen,[HP] - SIO2156597 - [SIT][FIT-COMM][RPL_H][RPL_HX][INT] Sound output list show less/more than actual connected BT earphone/Speaker,2022-12-11 23:53:00,NA
760778,QUANTA COMPUTER INC.,NA,QUANTA COMPUTER INC.,Charles P Chu,"[Huawei][Quanta][H9RR][RolleG][AX201][22H2]Burnin WlanOnOff Fail, After using the Devcon command line tool to Disable/ Enable WLAN, use the check_wlan_client.exe production line automation tool to test and scan the SSID. v160 & v180 report failed.",2022-12-11 22:39:00,NA
760778,QUANTA COMPUTER INC.,NA,QUANTA COMPUTER INC.,Charles P Chu,"[Huawei][Quanta][H9RR][RolleG][AX201][22H2]Burnin WlanOnOff Fail, After using the Devcon command line tool to Disable/ Enable WLAN, use the check_wlan_client.exe production line automation tool to test and scan the SSID. v160 & v180 report failed.",2022-12-11 22:39:00,NA
760778,QUANTA COMPUTER INC.,NA,QUANTA COMPUTER INC.,Charles P Chu,"[Huawei][Quanta][H9RR][RolleG][AX201][22H2]Burnin WlanOnOff Fail, After using the Devcon command line tool to Disable/ Enable WLAN, use the check_wlan_client.exe production line automation tool to test and scan the SSID. v160 & v180 report failed.",2022-12-11 22:39:00,NA
760753,QUANTA COMPUTER INC.,NA,QUANTA COMPUTER INC.,Leo Chiang,[ASUS][K3405VF][RPL-H]: The system occurred BSOD(0x9f) when restart with BT headset connecting.,2022-12-11 21:33:00,NA
760753,QUANTA COMPUTER INC.,NA,QUANTA COMPUTER INC.,Leo Chiang,[ASUS][K3405VF][RPL-H]: The system occurred BSOD(0x9f) when restart with BT headset connecting.,2022-12-11 21:33:00,NA
760753,QUANTA COMPUTER INC.,NA,QUANTA COMPUTER INC.,Leo Chiang,[ASUS][K3405VF][RPL-H]: The system occurred BSOD(0x9f) when restart with BT headset connecting.,2022-12-11 21:33:00,NA
760680,QUANTA COMPUTER INC.,NA,QUANTA COMPUTER INC.,Timdaway Lai,[Win11 SV2][Killer AX1690i:22.170.0] Wake on Wlan from S3/S4 test fail,2022-12-11 19:32:00,NA
760680,QUANTA COMPUTER INC.,NA,QUANTA COMPUTER INC.,Timdaway Lai,[Win11 SV2][Killer AX1690i:22.170.0] Wake on Wlan from S3/S4 test fail,2022-12-11 19:32:00,NA
760680,QUANTA COMPUTER INC.,NA,QUANTA COMPUTER INC.,Timdaway Lai,[Win11 SV2][Killer AX1690i:22.170.0] Wake on Wlan from S3/S4 test fail,2022-12-11 19:32:00,NA
760493,"COMPAL ELECTRONICS, INC.","COMPAL ELECTRONICS, INC.","COMPAL ELECTRONICS, INC.",Nicky Chen,[Framework]BSOD issue when enable SAR table,2022-12-09 01:22:00,NA
760486,PEGATRON CORPORATION,NA,Pegatron Corporation,Wesley Kuo,[Samsung-Nova2][9462 JfP1][Pegatron][WHQL test:Bluetooth - LEExtendedAdvertising (Development and Integration)test fail with BT driver v22.180.0.2 & v22.190.0.2.,2022-12-09 01:06:00,NA
760486,PEGATRON CORPORATION,NA,Pegatron Corporation,Wesley Kuo,[Samsung-Nova2][9462 JfP1][Pegatron][WHQL test:Bluetooth - LEExtendedAdvertising (Development and Integration)test fail with BT driver v22.180.0.2 & v22.190.0.2.,2022-12-09 01:06:00,NA
760486,PEGATRON CORPORATION,NA,Pegatron Corporation,Wesley Kuo,[Samsung-Nova2][9462 JfP1][Pegatron][WHQL test:Bluetooth - LEExtendedAdvertising (Development and Integration)test fail with BT driver v22.180.0.2 & v22.190.0.2.,2022-12-09 01:06:00,NA
760139,"COMPAL ELECTRONICS, INC.",NA,"COMPAL ELECTRONICS, INC.",Steven ZY Chen,[HP] - SIO2158719 - [SIT][WHQL][Win11][Edna][ADL]Bluetooth - Audio - Source increase music volume with A2DP offload fail,2022-12-08 01:17:00,NA
760139,"COMPAL ELECTRONICS, INC.",NA,"COMPAL ELECTRONICS, INC.",Steven ZY Chen,[HP] - SIO2158719 - [SIT][WHQL][Win11][Edna][ADL]Bluetooth - Audio - Source increase music volume with A2DP offload fail,2022-12-08 01:17:00,NA
760139,"COMPAL ELECTRONICS, INC.",NA,"COMPAL ELECTRONICS, INC.",Steven ZY Chen,[HP] - SIO2158719 - [SIT][WHQL][Win11][Edna][ADL]Bluetooth - Audio - Source increase music volume with A2DP offload fail,2022-12-08 01:17:00,NA
759993,VAIO,NA,VAIO Corporation,Wesley Kuo,[VAIO][AX211]BT device doesn't sleep and consume a lot of power during Mods.,2022-12-07 20:09:00,NA
759993,VAIO,NA,VAIO Corporation,Wesley Kuo,[VAIO][AX211]BT device doesn't sleep and consume a lot of power during Mods.,2022-12-07 20:09:00,NA
759993,VAIO,NA,VAIO Corporation,Wesley Kuo,[VAIO][AX211]BT device doesn't sleep and consume a lot of power during Mods.,2022-12-07 20:09:00,NA
759774,"HUAQIN TECHNOLOGY CO., LTD",NA,"Huaqin Technology Co., Ltd",Leo Chiang,[HONOR][HUAQIN][Born&FermiG][Intel RPL][Intel AX201][BT]The sound still output from PC and the Bluetooth headset status shows connected vioce when the bluetooth headset reconnected with PC,2022-12-07 00:57:00,NA
759774,"HUAQIN TECHNOLOGY CO., LTD",NA,"Huaqin Technology Co., Ltd",Leo Chiang,[HONOR][HUAQIN][Born&FermiG][Intel RPL][Intel AX201][BT]The sound still output from PC and the Bluetooth headset status shows connected vioce when the bluetooth headset reconnected with PC,2022-12-07 00:57:00,NA
759774,"HUAQIN TECHNOLOGY CO., LTD",NA,"Huaqin Technology Co., Ltd",Leo Chiang,[HONOR][HUAQIN][Born&FermiG][Intel RPL][Intel AX201][BT]The sound still output from PC and the Bluetooth headset status shows connected vioce when the bluetooth headset reconnected with PC,2022-12-07 00:57:00,NA
759606,DYNABOOK INC.,NA,Dynabook Inc.,Nicky Chen,[Dynabook][ICPS]BSOD happens when set Manually Configure Connection settings,2022-12-06 19:01:00,NA
759606,DYNABOOK INC.,NA,Dynabook Inc.,Nicky Chen,[Dynabook][ICPS]BSOD happens when set Manually Configure Connection settings,2022-12-06 19:01:00,NA
759606,DYNABOOK INC.,NA,Dynabook Inc.,Nicky Chen,[Dynabook][ICPS]BSOD happens when set Manually Configure Connection settings,2022-12-06 19:01:00,NA
759409,"COMPAL ELECTRONICS, INC.",NA,"COMPAL ELECTRONICS, INC.",Steven ZY Chen,[HP] - SIO2158547 - [SIT][FIT-COMM][RPL_H][RPL_HX] Bluetooth search list show blank after idle for overnight,2022-12-06 02:07:00,NA
759409,"COMPAL ELECTRONICS, INC.",NA,"COMPAL ELECTRONICS, INC.",Steven ZY Chen,[HP] - SIO2158547 - [SIT][FIT-COMM][RPL_H][RPL_HX] Bluetooth search list show blank after idle for overnight,2022-12-06 02:07:00,NA
759409,"COMPAL ELECTRONICS, INC.",NA,"COMPAL ELECTRONICS, INC.",Steven ZY Chen,[HP] - SIO2158547 - [SIT][FIT-COMM][RPL_H][RPL_HX] Bluetooth search list show blank after idle for overnight,2022-12-06 02:07:00,NA
759354,"COMPAL ELECTRONICS, INC.",NA,"COMPAL ELECTRONICS, INC.",Frank Lee,[HP]- SIO2158922 - [RPL-U][GFP2][Win11 22H2] The unit can not connect to Hidden 6G wireless AP.(Intel AX211),2022-12-06 00:11:00,NA
759354,"COMPAL ELECTRONICS, INC.",NA,"COMPAL ELECTRONICS, INC.",Frank Lee,[HP]- SIO2158922 - [RPL-U][GFP2][Win11 22H2] The unit can not connect to Hidden 6G wireless AP.(Intel AX211),2022-12-06 00:11:00,NA
759354,"COMPAL ELECTRONICS, INC.",NA,"COMPAL ELECTRONICS, INC.",Frank Lee,[HP]- SIO2158922 - [RPL-U][GFP2][Win11 22H2] The unit can not connect to Hidden 6G wireless AP.(Intel AX211),2022-12-06 00:11:00,NA
758737,WISTRON CORPORATION,NA,WISTRON CORPORATION,Timdaway Lai,[HP] [Wistron][RPL][GFP2-AX211] [Win11 22H2 Build 10.0.22621.819] - SUT can't search for 6.0GHz band Wi-Fi after run the ANT.exe tool (GP2).,2022-12-02 06:07:00,NA
758737,WISTRON CORPORATION,NA,WISTRON CORPORATION,Timdaway Lai,[HP] [Wistron][RPL][GFP2-AX211] [Win11 22H2 Build 10.0.22621.819] - SUT can't search for 6.0GHz band Wi-Fi after run the ANT.exe tool (GP2).,2022-12-02 06:07:00,NA
758737,WISTRON CORPORATION,NA,WISTRON CORPORATION,Timdaway Lai,[HP] [Wistron][RPL][GFP2-AX211] [Win11 22H2 Build 10.0.22621.819] - SUT can't search for 6.0GHz band Wi-Fi after run the ANT.exe tool (GP2).,2022-12-02 06:07:00,NA
758299,"COMPAL ELECTRONICS, INC.",NA,"COMPAL ELECTRONICS, INC.",Franky Yang,TAS status always suspended,2022-12-01 01:03:00,NA
758299,"COMPAL ELECTRONICS, INC.",NA,"COMPAL ELECTRONICS, INC.",Franky Yang,TAS status always suspended,2022-12-01 01:03:00,NA
758299,"COMPAL ELECTRONICS, INC.",NA,"COMPAL ELECTRONICS, INC.",Franky Yang,TAS status always suspended,2022-12-01 01:03:00,NA
758169,SHENZHEN TRANSSION HOLDINGS,NA,Shenzhen Transsion Holdings,Zhiqiang Cai,"Windows11, AX201 Card: GO create success, but the Mobile phone can not find or scan it",2022-11-30 20:26:00,NA
758169,SHENZHEN TRANSSION HOLDINGS,NA,Shenzhen Transsion Holdings,Zhiqiang Cai,"Windows11, AX201 Card: GO create success, but the Mobile phone can not find or scan it",2022-11-30 20:26:00,NA
758169,SHENZHEN TRANSSION HOLDINGS,NA,Shenzhen Transsion Holdings,Zhiqiang Cai,"Windows11, AX201 Card: GO create success, but the Mobile phone can not find or scan it",2022-11-30 20:26:00,NA
758151,WISTRON CORPORATION,NA,WISTRON CORPORATION,Leo Chiang,[Dell][Wistron][Infinity Intel RPL] Install Killer BT Driver find incorrect translation in French and German,2022-11-30 19:41:00,NA
758151,WISTRON CORPORATION,NA,WISTRON CORPORATION,Leo Chiang,[Dell][Wistron][Infinity Intel RPL] Install Killer BT Driver find incorrect translation in French and German,2022-11-30 19:41:00,NA
758151,WISTRON CORPORATION,NA,WISTRON CORPORATION,Leo Chiang,[Dell][Wistron][Infinity Intel RPL] Install Killer BT Driver find incorrect translation in French and German,2022-11-30 19:41:00,NA
758139,QUANTA COMPUTER INC.,NA,QUANTA COMPUTER INC.,Timdaway Lai,[Acer][Quanta][RPL_HX][Acer Nitro 17_ZGRA]WRT Tool could not work,2022-11-30 19:04:00,NA
758139,QUANTA COMPUTER INC.,NA,QUANTA COMPUTER INC.,Timdaway Lai,[Acer][Quanta][RPL_HX][Acer Nitro 17_ZGRA]WRT Tool could not work,2022-11-30 19:04:00,NA
758139,QUANTA COMPUTER INC.,NA,QUANTA COMPUTER INC.,Timdaway Lai,[Acer][Quanta][RPL_HX][Acer Nitro 17_ZGRA]WRT Tool could not work,2022-11-30 19:04:00,NA
757831,QUANTA COMPUTER INC.,NA,QUANTA COMPUTER INC.,Charles P Chu,"[Huawei][Quanta][H9U][CurieF][AX211][21H2][WLAN][805838714] CurieF is connected to the 149-channel router, away from the router to a weak signal,",2022-11-29 22:46:00,NA
757831,QUANTA COMPUTER INC.,NA,QUANTA COMPUTER INC.,Charles P Chu,"[Huawei][Quanta][H9U][CurieF][AX211][21H2][WLAN][805838714] CurieF is connected to the 149-channel router, away from the router to a weak signal,",2022-11-29 22:46:00,NA
757831,QUANTA COMPUTER INC.,NA,QUANTA COMPUTER INC.,Charles P Chu,"[Huawei][Quanta][H9U][CurieF][AX211][21H2][WLAN][805838714] CurieF is connected to the 149-channel router, away from the router to a weak signal,",2022-11-29 22:46:00,NA
757746,INVENTEC CORPORATION,NA,INVENTEC CORPORATION,Frank Lee,[HP/SIO2146892/Win11/RPL/GfP2][Inventec][Warg]UUT cannot connect to wifi network with EAP-TLS/PEAP/TTLS.,2022-11-29 18:45:00,NA
757746,INVENTEC CORPORATION,NA,INVENTEC CORPORATION,Frank Lee,[HP/SIO2146892/Win11/RPL/GfP2][Inventec][Warg]UUT cannot connect to wifi network with EAP-TLS/PEAP/TTLS.,2022-11-29 18:45:00,NA
757746,INVENTEC CORPORATION,NA,INVENTEC CORPORATION,Frank Lee,[HP/SIO2146892/Win11/RPL/GfP2][Inventec][Warg]UUT cannot connect to wifi network with EAP-TLS/PEAP/TTLS.,2022-11-29 18:45:00,NA
757391,QUANTA COMPUTER INC.,NA,QUANTA COMPUTER INC.,Timdaway Lai,[Acer][Quanta][RPL-H][Acer Nitro 16_ZGS]WRT Tool could not work,2022-11-28 18:08:00,NA
757391,QUANTA COMPUTER INC.,NA,QUANTA COMPUTER INC.,Timdaway Lai,[Acer][Quanta][RPL-H][Acer Nitro 16_ZGS]WRT Tool could not work,2022-11-28 18:08:00,NA
757391,QUANTA COMPUTER INC.,NA,QUANTA COMPUTER INC.,Timdaway Lai,[Acer][Quanta][RPL-H][Acer Nitro 16_ZGS]WRT Tool could not work,2022-11-28 18:08:00,NA
757318,"FOXCONN TECHNOLOGY CO., LTD.",NA,"FOXCONN TECHNOLOGY CO., LTD.",Wesley Kuo,[Lenovo-ThinkStation][FXN][Hornet/Xeon/ADLS/AX210][Win10/22H2]ECR616943-Bluetooth device lost during Coldboot stress,2022-11-28 06:17:00,NA
757318,"FOXCONN TECHNOLOGY CO., LTD.",NA,"FOXCONN TECHNOLOGY CO., LTD.",Wesley Kuo,[Lenovo-ThinkStation][FXN][Hornet/Xeon/ADLS/AX210][Win10/22H2]ECR616943-Bluetooth device lost during Coldboot stress,2022-11-28 06:17:00,NA
757318,"FOXCONN TECHNOLOGY CO., LTD.",NA,"FOXCONN TECHNOLOGY CO., LTD.",Wesley Kuo,[Lenovo-ThinkStation][FXN][Hornet/Xeon/ADLS/AX210][Win10/22H2]ECR616943-Bluetooth device lost during Coldboot stress,2022-11-28 06:17:00,NA
757252,PEGATRON CORPORATION,NA,Pegatron Corporation,Leo Chiang,[ASUS][B1_CGA][ADL-N] S4 aging occurs the BSOD 0x9f(BTHport).,2022-11-28 02:47:00,NA
757252,PEGATRON CORPORATION,NA,Pegatron Corporation,Leo Chiang,[ASUS][B1_CGA][ADL-N] S4 aging occurs the BSOD 0x9f(BTHport).,2022-11-28 02:47:00,NA
757252,PEGATRON CORPORATION,NA,Pegatron Corporation,Leo Chiang,[ASUS][B1_CGA][ADL-N] S4 aging occurs the BSOD 0x9f(BTHport).,2022-11-28 02:47:00,NA
756861,"COMPAL ELECTRONICS, INC.",NA,"COMPAL ELECTRONICS, INC.",Charles Yeh,[TGL][compal][Montreux14 Latitude 7420] - IP address order on Dns.GetHostAddresses methodlutions.,2022-11-25 01:15:00,NA
756861,"COMPAL ELECTRONICS, INC.",NA,"COMPAL ELECTRONICS, INC.",Charles Yeh,[TGL][compal][Montreux14 Latitude 7420] - IP address order on Dns.GetHostAddresses methodlutions.,2022-11-25 01:15:00,NA
756861,"COMPAL ELECTRONICS, INC.",NA,"COMPAL ELECTRONICS, INC.",Charles Yeh,[TGL][compal][Montreux14 Latitude 7420] - IP address order on Dns.GetHostAddresses methodlutions.,2022-11-25 01:15:00,NA
756495,"COMPAL ELECTRONICS, INC.",NA,"COMPAL ELECTRONICS, INC.",Steven ZY Chen,[HP] - SIO2154063 - [SIT][FIT-COMM][RPL][INT] Sound output shows Speaker/ Headset hands free and headphones with the same device after connecting successfully the BT Speaker/Headset,2022-11-24 01:02:00,NA
756495,"COMPAL ELECTRONICS, INC.",NA,"COMPAL ELECTRONICS, INC.",Steven ZY Chen,[HP] - SIO2154063 - [SIT][FIT-COMM][RPL][INT] Sound output shows Speaker/ Headset hands free and headphones with the same device after connecting successfully the BT Speaker/Headset,2022-11-24 01:02:00,NA
756495,"COMPAL ELECTRONICS, INC.",NA,"COMPAL ELECTRONICS, INC.",Steven ZY Chen,[HP] - SIO2154063 - [SIT][FIT-COMM][RPL][INT] Sound output shows Speaker/ Headset hands free and headphones with the same device after connecting successfully the BT Speaker/Headset,2022-11-24 01:02:00,NA
756189,"COMPAL ELECTRONICS, INC.",NA,"COMPAL ELECTRONICS, INC.",Franky Yang,[Dell][Compal][Nexus]More than 3 connection errors of netsh wlan show wlanreport,2022-11-23 02:17:00,NA
756189,"COMPAL ELECTRONICS, INC.",NA,"COMPAL ELECTRONICS, INC.",Franky Yang,[Dell][Compal][Nexus]More than 3 connection errors of netsh wlan show wlanreport,2022-11-23 02:17:00,NA
756189,"COMPAL ELECTRONICS, INC.",NA,"COMPAL ELECTRONICS, INC.",Franky Yang,[Dell][Compal][Nexus]More than 3 connection errors of netsh wlan show wlanreport,2022-11-23 02:17:00,NA
756036,"COMPAL ELECTRONICS, INC.",NA,"COMPAL ELECTRONICS, INC.",Franky Yang,?  [Dell/Compal][RPL][IDB41][AX211] [802.11n/ac/ax Mode]CMW500  connect to AX211 but  output TX power abnormal,2022-11-22 19:50:00,NA
756036,"COMPAL ELECTRONICS, INC.",NA,"COMPAL ELECTRONICS, INC.",Franky Yang,?  [Dell/Compal][RPL][IDB41][AX211] [802.11n/ac/ax Mode]CMW500  connect to AX211 but  output TX power abnormal,2022-11-22 19:50:00,NA
756036,"COMPAL ELECTRONICS, INC.",NA,"COMPAL ELECTRONICS, INC.",Franky Yang,?  [Dell/Compal][RPL][IDB41][AX211] [802.11n/ac/ax Mode]CMW500  connect to AX211 but  output TX power abnormal,2022-11-22 19:50:00,NA
755900,"COMPAL ELECTRONICS, INC.",NA,"COMPAL ELECTRONICS, INC.",Steven ZY Chen,[HP] - SIO2154075 - [SIT][FIT-COMM][RPL][INT] Online web page display audio driver has a problem after switching the Bluetooth audio output device several times in Sys-tray,2022-11-22 04:22:00,NA
755900,"COMPAL ELECTRONICS, INC.",NA,"COMPAL ELECTRONICS, INC.",Steven ZY Chen,[HP] - SIO2154075 - [SIT][FIT-COMM][RPL][INT] Online web page display audio driver has a problem after switching the Bluetooth audio output device several times in Sys-tray,2022-11-22 04:22:00,NA
755900,"COMPAL ELECTRONICS, INC.",NA,"COMPAL ELECTRONICS, INC.",Steven ZY Chen,[HP] - SIO2154075 - [SIT][FIT-COMM][RPL][INT] Online web page display audio driver has a problem after switching the Bluetooth audio output device several times in Sys-tray,2022-11-22 04:22:00,NA
755740,"COMPAL ELECTRONICS, INC.",NA,"COMPAL ELECTRONICS, INC.",Steven ZY Chen,[HP] - SIO2155265 - [SIT][FIT-COMM][RPL-H][RPL-HX] BT icon in sys tray cannot be turn off immediately when turn on Airplane mode,2022-11-21 22:49:00,NA
755740,"COMPAL ELECTRONICS, INC.",NA,"COMPAL ELECTRONICS, INC.",Steven ZY Chen,[HP] - SIO2155265 - [SIT][FIT-COMM][RPL-H][RPL-HX] BT icon in sys tray cannot be turn off immediately when turn on Airplane mode,2022-11-21 22:49:00,NA
755740,"COMPAL ELECTRONICS, INC.",NA,"COMPAL ELECTRONICS, INC.",Steven ZY Chen,[HP] - SIO2155265 - [SIT][FIT-COMM][RPL-H][RPL-HX] BT icon in sys tray cannot be turn off immediately when turn on Airplane mode,2022-11-21 22:49:00,NA
755711,"COMPAL ELECTRONICS, INC.",NA,"COMPAL ELECTRONICS, INC.",Steven ZY Chen,[HP] - SIO2154741 - [SIT][FIT-COMM][RPL][INT] BT earphone or speaker cannot be removed or disconnected successfully,2022-11-21 21:25:00,NA
755711,"COMPAL ELECTRONICS, INC.",NA,"COMPAL ELECTRONICS, INC.",Steven ZY Chen,[HP] - SIO2154741 - [SIT][FIT-COMM][RPL][INT] BT earphone or speaker cannot be removed or disconnected successfully,2022-11-21 21:25:00,NA
755711,"COMPAL ELECTRONICS, INC.",NA,"COMPAL ELECTRONICS, INC.",Steven ZY Chen,[HP] - SIO2154741 - [SIT][FIT-COMM][RPL][INT] BT earphone or speaker cannot be removed or disconnected successfully,2022-11-21 21:25:00,NA
755693,"HUAQIN TECHNOLOGY CO., LTD",NA,"Huaqin Technology Co., Ltd",Zhiwei He,[HUAQIN][HUAWEI][EmmyF][AX201][WIFI][ADL][WIN11]HUAWEI MateBook HZ-W29 pad cannot connect EmmyF SUT share mobile hotspot.,2022-11-21 19:52:00,NA
755693,"HUAQIN TECHNOLOGY CO., LTD",NA,"Huaqin Technology Co., Ltd",Zhiwei He,[HUAQIN][HUAWEI][EmmyF][AX201][WIFI][ADL][WIN11]HUAWEI MateBook HZ-W29 pad cannot connect EmmyF SUT share mobile hotspot.,2022-11-21 19:52:00,NA
755693,"HUAQIN TECHNOLOGY CO., LTD",NA,"Huaqin Technology Co., Ltd",Zhiwei He,[HUAQIN][HUAWEI][EmmyF][AX201][WIFI][ADL][WIN11]HUAWEI MateBook HZ-W29 pad cannot connect EmmyF SUT share mobile hotspot.,2022-11-21 19:52:00,NA
755504,"COMPAL ELECTRONICS, INC.",NA,"COMPAL ELECTRONICS, INC.",Steven ZY Chen,[HP] - SIO2153216 - [SIT][FIT-COMM][RPL] BT auto turn on after restart when turn off BT with BT headset paired,2022-11-21 01:47:00,NA
755504,"COMPAL ELECTRONICS, INC.",NA,"COMPAL ELECTRONICS, INC.",Steven ZY Chen,[HP] - SIO2153216 - [SIT][FIT-COMM][RPL] BT auto turn on after restart when turn off BT with BT headset paired,2022-11-21 01:47:00,NA
755504,"COMPAL ELECTRONICS, INC.",NA,"COMPAL ELECTRONICS, INC.",Steven ZY Chen,[HP] - SIO2153216 - [SIT][FIT-COMM][RPL] BT auto turn on after restart when turn off BT with BT headset paired,2022-11-21 01:47:00,NA
754919,DYNABOOK INC.,NA,Dynabook Inc.,Nicky Chen,[Dynabook]The contrast colors for some buttons have no change after enabling High Contrast,2022-11-17 21:46:00,NA
754919,DYNABOOK INC.,NA,Dynabook Inc.,Nicky Chen,[Dynabook]The contrast colors for some buttons have no change after enabling High Contrast,2022-11-17 21:46:00,NA
754919,DYNABOOK INC.,NA,Dynabook Inc.,Nicky Chen,[Dynabook]The contrast colors for some buttons have no change after enabling High Contrast,2022-11-17 21:46:00,NA
754041,"HUAQIN TECHNOLOGY CO., LTD",NA,"Huaqin Technology Co., Ltd",Leo Chiang,[HONOR][HUAQIN][HiggsF][Intel ADL][Intel AX 211][BT][Win11]There was no sound when connected the Bluetooth headset,2022-11-15 04:56:00,NA
754041,"HUAQIN TECHNOLOGY CO., LTD",NA,"Huaqin Technology Co., Ltd",Leo Chiang,[HONOR][HUAQIN][HiggsF][Intel ADL][Intel AX 211][BT][Win11]There was no sound when connected the Bluetooth headset,2022-11-15 04:56:00,NA
754041,"HUAQIN TECHNOLOGY CO., LTD",NA,"Huaqin Technology Co., Ltd",Leo Chiang,[HONOR][HUAQIN][HiggsF][Intel ADL][Intel AX 211][BT][Win11]There was no sound when connected the Bluetooth headset,2022-11-15 04:56:00,NA
754023,"HUAQIN TECHNOLOGY CO., LTD",NA,"Huaqin Technology Co., Ltd",Leo Chiang,[Honor][Huaqin][HiggsF][Intel ADL][Intel AX211][WIFI][22H2]Bluetooth Mouse in Settings Bluetooth pairing interface disappears when the Bluetooth mouse is disconnected,2022-11-15 04:04:00,NA
754023,"HUAQIN TECHNOLOGY CO., LTD",NA,"Huaqin Technology Co., Ltd",Leo Chiang,[Honor][Huaqin][HiggsF][Intel ADL][Intel AX211][WIFI][22H2]Bluetooth Mouse in Settings Bluetooth pairing interface disappears when the Bluetooth mouse is disconnected,2022-11-15 04:04:00,NA
754023,"HUAQIN TECHNOLOGY CO., LTD",NA,"Huaqin Technology Co., Ltd",Leo Chiang,[Honor][Huaqin][HiggsF][Intel ADL][Intel AX211][WIFI][22H2]Bluetooth Mouse in Settings Bluetooth pairing interface disappears when the Bluetooth mouse is disconnected,2022-11-15 04:04:00,NA
754022,"HUAQIN TECHNOLOGY CO., LTD",NA,"Huaqin Technology Co., Ltd",Zhiwei He,[HUAWEI][HUAQIN][EmmyF][Intel ADL][Intel AX 201][WIFI][Win11] Cannot connect AP when the same SSID name in the same environment,2022-11-15 04:02:00,NA
754022,"HUAQIN TECHNOLOGY CO., LTD",NA,"Huaqin Technology Co., Ltd",Zhiwei He,[HUAWEI][HUAQIN][EmmyF][Intel ADL][Intel AX 201][WIFI][Win11] Cannot connect AP when the same SSID name in the same environment,2022-11-15 04:02:00,NA
754022,"HUAQIN TECHNOLOGY CO., LTD",NA,"Huaqin Technology Co., Ltd",Zhiwei He,[HUAWEI][HUAQIN][EmmyF][Intel ADL][Intel AX 201][WIFI][Win11] Cannot connect AP when the same SSID name in the same environment,2022-11-15 04:02:00,NA
753992,VAIO,NA,VAIO Corporation,Timdaway Lai,[VAIO][AX201] Return value of ping command different each WiFi module when user connected VPN,2022-11-15 02:40:00,NA
753992,VAIO,NA,VAIO Corporation,Timdaway Lai,[VAIO][AX201] Return value of ping command different each WiFi module when user connected VPN,2022-11-15 02:40:00,NA
753992,VAIO,NA,VAIO Corporation,Timdaway Lai,[VAIO][AX201] Return value of ping command different each WiFi module when user connected VPN,2022-11-15 02:40:00,NA
753959,"COMPAL ELECTRONICS, INC.",NA,"COMPAL ELECTRONICS, INC.",Steven ZY Chen,[HP] - SIO2152780 - [SIT][WPVT][RPL-U] Intel Tile Device is removed while running Winpvt- Hibernation Focus +AC/DC Cycling,2022-11-15 01:36:00,NA
753959,"COMPAL ELECTRONICS, INC.",NA,"COMPAL ELECTRONICS, INC.",Steven ZY Chen,[HP] - SIO2152780 - [SIT][WPVT][RPL-U] Intel Tile Device is removed while running Winpvt- Hibernation Focus +AC/DC Cycling,2022-11-15 01:36:00,NA
753959,"COMPAL ELECTRONICS, INC.",NA,"COMPAL ELECTRONICS, INC.",Steven ZY Chen,[HP] - SIO2152780 - [SIT][WPVT][RPL-U] Intel Tile Device is removed while running Winpvt- Hibernation Focus +AC/DC Cycling,2022-11-15 01:36:00,NA
753958,QUANTA COMPUTER INC.,NA,QUANTA COMPUTER INC.,Steven ZY Chen,[Acer 216569][Killer BT] HLK test : Bluetooth - Initiate platform-level device reset --> Fail,2022-11-15 01:35:00,NA
753958,QUANTA COMPUTER INC.,NA,QUANTA COMPUTER INC.,Steven ZY Chen,[Acer 216569][Killer BT] HLK test : Bluetooth - Initiate platform-level device reset --> Fail,2022-11-15 01:35:00,NA
753958,QUANTA COMPUTER INC.,NA,QUANTA COMPUTER INC.,Steven ZY Chen,[Acer 216569][Killer BT] HLK test : Bluetooth - Initiate platform-level device reset --> Fail,2022-11-15 01:35:00,NA
753890,"HUAQIN TECHNOLOGY CO., LTD",NA,"Huaqin Technology Co., Ltd",Timdaway Lai,"[Acer][Huaqin][Verrou_AND][22H2]Enable wifi device and refresh,AX101 wifi device shows YB after run 3dmark test through ABAT tool.(F/R:1/3units  3/6 cycles )",2022-11-14 22:49:00,NA
753890,"HUAQIN TECHNOLOGY CO., LTD",NA,"Huaqin Technology Co., Ltd",Timdaway Lai,"[Acer][Huaqin][Verrou_AND][22H2]Enable wifi device and refresh,AX101 wifi device shows YB after run 3dmark test through ABAT tool.(F/R:1/3units  3/6 cycles )",2022-11-14 22:49:00,NA
753890,"HUAQIN TECHNOLOGY CO., LTD",NA,"Huaqin Technology Co., Ltd",Timdaway Lai,"[Acer][Huaqin][Verrou_AND][22H2]Enable wifi device and refresh,AX101 wifi device shows YB after run 3dmark test through ABAT tool.(F/R:1/3units  3/6 cycles )",2022-11-14 22:49:00,NA
753874,"FOXCONN TECHNOLOGY CO., LTD.",NA,"FOXCONN TECHNOLOGY CO., LTD.",Wesley Kuo,[Lenovo-ThinkPad China/Foxcon][Falcon/Xeon/ADLS/AX211][Win10/21H2]Falcon P5:W10:HLK:Bluetooth - Initiate platform-level device reset test ?Bluetooth in DM will be changed to Yellow mark after the test),2022-11-14 22:17:00,NA
753874,"FOXCONN TECHNOLOGY CO., LTD.",NA,"FOXCONN TECHNOLOGY CO., LTD.",Wesley Kuo,[Lenovo-ThinkPad China/Foxcon][Falcon/Xeon/ADLS/AX211][Win10/21H2]Falcon P5:W10:HLK:Bluetooth - Initiate platform-level device reset test ?Bluetooth in DM will be changed to Yellow mark after the test),2022-11-14 22:17:00,NA
753874,"FOXCONN TECHNOLOGY CO., LTD.",NA,"FOXCONN TECHNOLOGY CO., LTD.",Wesley Kuo,[Lenovo-ThinkPad China/Foxcon][Falcon/Xeon/ADLS/AX211][Win10/21H2]Falcon P5:W10:HLK:Bluetooth - Initiate platform-level device reset test ?Bluetooth in DM will be changed to Yellow mark after the test),2022-11-14 22:17:00,NA
753839,"HUAQIN TECHNOLOGY CO., LTD",NA,"Huaqin Technology Co., Ltd",Timdaway Lai,[Acer][Huaqin][Verrou_AND][22H2][PVT]Intel 9560 shows YB on DM when run wifi stress(F/R:5/15units  5/15 cycles ),2022-11-14 20:36:00,NA
753839,"HUAQIN TECHNOLOGY CO., LTD",NA,"Huaqin Technology Co., Ltd",Timdaway Lai,[Acer][Huaqin][Verrou_AND][22H2][PVT]Intel 9560 shows YB on DM when run wifi stress(F/R:5/15units  5/15 cycles ),2022-11-14 20:36:00,NA
753839,"HUAQIN TECHNOLOGY CO., LTD",NA,"Huaqin Technology Co., Ltd",Timdaway Lai,[Acer][Huaqin][Verrou_AND][22H2][PVT]Intel 9560 shows YB on DM when run wifi stress(F/R:5/15units  5/15 cycles ),2022-11-14 20:36:00,NA
753816,"HUAQIN TECHNOLOGY CO., LTD",NA,"Huaqin Technology Co., Ltd",Timdaway Lai,[Acer][Huaqin][Verrou_AND][22H2][PVT]0xce bsod ocurrs when run wifi stress(F/R:2/15units  2/15 cycles ),2022-11-14 19:39:00,NA
753816,"HUAQIN TECHNOLOGY CO., LTD",NA,"Huaqin Technology Co., Ltd",Timdaway Lai,[Acer][Huaqin][Verrou_AND][22H2][PVT]0xce bsod ocurrs when run wifi stress(F/R:2/15units  2/15 cycles ),2022-11-14 19:39:00,NA
753816,"HUAQIN TECHNOLOGY CO., LTD",NA,"Huaqin Technology Co., Ltd",Timdaway Lai,[Acer][Huaqin][Verrou_AND][22H2][PVT]0xce bsod ocurrs when run wifi stress(F/R:2/15units  2/15 cycles ),2022-11-14 19:39:00,NA
753779,"HUAQIN TECHNOLOGY CO., LTD",NA,"Huaqin Technology Co., Ltd",Zhiwei He,[HUAWEI][HUAQIN][Morgan][Intel TGL][Intel AX 201][WIFI][Win11] WIFI list is empty when use ant.ext to chang country code to use 2 hours.,2022-11-14 18:28:00,NA
753779,"HUAQIN TECHNOLOGY CO., LTD",NA,"Huaqin Technology Co., Ltd",Zhiwei He,[HUAWEI][HUAQIN][Morgan][Intel TGL][Intel AX 201][WIFI][Win11] WIFI list is empty when use ant.ext to chang country code to use 2 hours.,2022-11-14 18:28:00,NA
753779,"HUAQIN TECHNOLOGY CO., LTD",NA,"Huaqin Technology Co., Ltd",Zhiwei He,[HUAWEI][HUAQIN][Morgan][Intel TGL][Intel AX 201][WIFI][Win11] WIFI list is empty when use ant.ext to chang country code to use 2 hours.,2022-11-14 18:28:00,NA
753749,"HUAQIN TECHNOLOGY CO., LTD",NA,"Huaqin Technology Co., Ltd",Zhiwei He,[HUAWEI][HUAQIN][EmmyF][Intel ADL][Intel AX 201][WIFI][Win11] WIFI icon it is also shwo earth icon when connect AP. But the Internet is normal at this time. FR: 2/30,2022-11-14 17:46:00,NA
753749,"HUAQIN TECHNOLOGY CO., LTD",NA,"Huaqin Technology Co., Ltd",Zhiwei He,[HUAWEI][HUAQIN][EmmyF][Intel ADL][Intel AX 201][WIFI][Win11] WIFI icon it is also shwo earth icon when connect AP. But the Internet is normal at this time. FR: 2/30,2022-11-14 17:46:00,NA
753749,"HUAQIN TECHNOLOGY CO., LTD",NA,"Huaqin Technology Co., Ltd",Zhiwei He,[HUAWEI][HUAQIN][EmmyF][Intel ADL][Intel AX 201][WIFI][Win11] WIFI icon it is also shwo earth icon when connect AP. But the Internet is normal at this time. FR: 2/30,2022-11-14 17:46:00,NA
753740,"HUAQIN TECHNOLOGY CO., LTD",NA,"Huaqin Technology Co., Ltd",Zhiwei He,[HUAWEI][HUAQIN][KelvinF][Intel ADL][Intel AX 201][WIFI][Win11] System will BSOD 0x9f when running S4 stress test and point out vwifimp. FR:2/20 SUTs,2022-11-14 17:32:00,NA
753740,"HUAQIN TECHNOLOGY CO., LTD",NA,"Huaqin Technology Co., Ltd",Zhiwei He,[HUAWEI][HUAQIN][KelvinF][Intel ADL][Intel AX 201][WIFI][Win11] System will BSOD 0x9f when running S4 stress test and point out vwifimp. FR:2/20 SUTs,2022-11-14 17:32:00,NA
753740,"HUAQIN TECHNOLOGY CO., LTD",NA,"Huaqin Technology Co., Ltd",Zhiwei He,[HUAWEI][HUAQIN][KelvinF][Intel ADL][Intel AX 201][WIFI][Win11] System will BSOD 0x9f when running S4 stress test and point out vwifimp. FR:2/20 SUTs,2022-11-14 17:32:00,NA
753737,"HUAQIN TECHNOLOGY CO., LTD",NA,"Huaqin Technology Co., Ltd",Zhiwei He,[HUAWEI][HUAQIN][MorgaF][Intel ADL][Intel AX 211][WIFI][Win11] Cannot share 5G mobile hotspot.,2022-11-14 17:23:00,NA
753737,"HUAQIN TECHNOLOGY CO., LTD",NA,"Huaqin Technology Co., Ltd",Zhiwei He,[HUAWEI][HUAQIN][MorgaF][Intel ADL][Intel AX 211][WIFI][Win11] Cannot share 5G mobile hotspot.,2022-11-14 17:23:00,NA
753737,"HUAQIN TECHNOLOGY CO., LTD",NA,"Huaqin Technology Co., Ltd",Zhiwei He,[HUAWEI][HUAQIN][MorgaF][Intel ADL][Intel AX 211][WIFI][Win11] Cannot share 5G mobile hotspot.,2022-11-14 17:23:00,NA
753373,"SHENZHEN EMDOOR ELECTRONIC TECHNOLOGY CO., LTD.",NA,"SHENZHEN EMDOOR ELECTRONIC TECHNOLOGY CO., LTD.",Zhiqiang Cai,Intel AC3165 ??????WIFI????????SSID,2022-11-13 18:41:00,NA
753373,"SHENZHEN EMDOOR ELECTRONIC TECHNOLOGY CO., LTD.",NA,"SHENZHEN EMDOOR ELECTRONIC TECHNOLOGY CO., LTD.",Zhiqiang Cai,Intel AC3165 ??????WIFI????????SSID,2022-11-13 18:41:00,NA
753373,"SHENZHEN EMDOOR ELECTRONIC TECHNOLOGY CO., LTD.",NA,"SHENZHEN EMDOOR ELECTRONIC TECHNOLOGY CO., LTD.",Zhiqiang Cai,Intel AC3165 ??????WIFI????????SSID,2022-11-13 18:41:00,NA
753340,"COMPAL ELECTRONICS, INC.",NA,"COMPAL ELECTRONICS, INC.",Steven ZY Chen,[HP] - SIO2152274 - [SIT][FIT-COMM][RPL-U][Win11][INT] Unable to play music and video when the unit connect with three bluetooth audio devices,2022-11-13 16:01:00,NA
753340,"COMPAL ELECTRONICS, INC.",NA,"COMPAL ELECTRONICS, INC.",Steven ZY Chen,[HP] - SIO2152274 - [SIT][FIT-COMM][RPL-U][Win11][INT] Unable to play music and video when the unit connect with three bluetooth audio devices,2022-11-13 16:01:00,NA
753340,"COMPAL ELECTRONICS, INC.",NA,"COMPAL ELECTRONICS, INC.",Steven ZY Chen,[HP] - SIO2152274 - [SIT][FIT-COMM][RPL-U][Win11][INT] Unable to play music and video when the unit connect with three bluetooth audio devices,2022-11-13 16:01:00,NA
753328,"HUAQIN TECHNOLOGY CO., LTD",NA,"Huaqin Technology Co., Ltd",Wesley Kuo,"[Lenovo][Thinkbook Gen5 IRH][AX211]Connected a BT headset instability, and can't play sound by BT headset",2022-11-12 22:32:00,NA
753328,"HUAQIN TECHNOLOGY CO., LTD",NA,"Huaqin Technology Co., Ltd",Wesley Kuo,"[Lenovo][Thinkbook Gen5 IRH][AX211]Connected a BT headset instability, and can't play sound by BT headset",2022-11-12 22:32:00,NA
753328,"HUAQIN TECHNOLOGY CO., LTD",NA,"Huaqin Technology Co., Ltd",Wesley Kuo,"[Lenovo][Thinkbook Gen5 IRH][AX211]Connected a BT headset instability, and can't play sound by BT headset",2022-11-12 22:32:00,NA
752495,"COMPAL ELECTRONICS, INC.",NA,"COMPAL ELECTRONICS, INC.",Franky Yang,[Dell/Compal Oasis] Oasis SAR table check by DRTU will over limits,2022-11-09 01:18:00,NA
752495,"COMPAL ELECTRONICS, INC.",NA,"COMPAL ELECTRONICS, INC.",Franky Yang,[Dell/Compal Oasis] Oasis SAR table check by DRTU will over limits,2022-11-09 01:18:00,NA
752495,"COMPAL ELECTRONICS, INC.",NA,"COMPAL ELECTRONICS, INC.",Franky Yang,[Dell/Compal Oasis] Oasis SAR table check by DRTU will over limits,2022-11-09 01:18:00,NA
752157,"HUAQIN TECHNOLOGY CO., LTD",NA,"Huaqin Technology Co., Ltd",Leo Chiang,[Huaqin][ASUS_TP3604VA][RPL][AX211][22H2]Can't operate the BT option and BT headset show YB after turn off/on BT when connected BT headset to play video,2022-11-08 02:53:00,NA
752157,"HUAQIN TECHNOLOGY CO., LTD",NA,"Huaqin Technology Co., Ltd",Leo Chiang,[Huaqin][ASUS_TP3604VA][RPL][AX211][22H2]Can't operate the BT option and BT headset show YB after turn off/on BT when connected BT headset to play video,2022-11-08 02:53:00,NA
752157,"HUAQIN TECHNOLOGY CO., LTD",NA,"Huaqin Technology Co., Ltd",Leo Chiang,[Huaqin][ASUS_TP3604VA][RPL][AX211][22H2]Can't operate the BT option and BT headset show YB after turn off/on BT when connected BT headset to play video,2022-11-08 02:53:00,NA
752018,"FOXCONN TECHNOLOGY CO., LTD.",NA,"FOXCONN TECHNOLOGY CO., LTD.",Wesley Kuo,[Lenovo-ThinkPad China/Foxcon][Falcon/Xeon/ADLS/AX211][Win11/22H2]Falcon P5:W11:HLK:Bluetooth - Initiate platform-level device reset test failed,2022-11-07 22:13:00,NA
752018,"FOXCONN TECHNOLOGY CO., LTD.",NA,"FOXCONN TECHNOLOGY CO., LTD.",Wesley Kuo,[Lenovo-ThinkPad China/Foxcon][Falcon/Xeon/ADLS/AX211][Win11/22H2]Falcon P5:W11:HLK:Bluetooth - Initiate platform-level device reset test failed,2022-11-07 22:13:00,NA
752018,"FOXCONN TECHNOLOGY CO., LTD.",NA,"FOXCONN TECHNOLOGY CO., LTD.",Wesley Kuo,[Lenovo-ThinkPad China/Foxcon][Falcon/Xeon/ADLS/AX211][Win11/22H2]Falcon P5:W11:HLK:Bluetooth - Initiate platform-level device reset test failed,2022-11-07 22:13:00,NA
751996,QUANTA COMPUTER INC.,NA,QUANTA COMPUTER INC.,Charles P Chu,"[Huawei][Quanta][H82][DaqianF][AX201][22H2][WLAN] [AX201][805802567]Off - After turning on the WIFI switch or forgetting the wireless network of a hotspot, and then connecting to the same hotspot, the Internet will not be able to access the Internet in a",2022-11-07 21:37:00,NA
751996,QUANTA COMPUTER INC.,NA,QUANTA COMPUTER INC.,Charles P Chu,"[Huawei][Quanta][H82][DaqianF][AX201][22H2][WLAN] [AX201][805802567]Off - After turning on the WIFI switch or forgetting the wireless network of a hotspot, and then connecting to the same hotspot, the Internet will not be able to access the Internet in a",2022-11-07 21:37:00,NA
751996,QUANTA COMPUTER INC.,NA,QUANTA COMPUTER INC.,Charles P Chu,"[Huawei][Quanta][H82][DaqianF][AX201][22H2][WLAN] [AX201][805802567]Off - After turning on the WIFI switch or forgetting the wireless network of a hotspot, and then connecting to the same hotspot, the Internet will not be able to access the Internet in a",2022-11-07 21:37:00,NA
751902,QUANTA COMPUTER INC.,NA,QUANTA COMPUTER INC.,Charles P Chu,"[Huawei][Quanta][H82][DaqianF][AX201][22H2][WLAN] [AX201][CPM20221107019026]The network connection is normal just after booting, but the network is automatically disconnected within 1-2 minutes, and manual connection is required.",2022-11-07 19:01:00,NA
751902,QUANTA COMPUTER INC.,NA,QUANTA COMPUTER INC.,Charles P Chu,"[Huawei][Quanta][H82][DaqianF][AX201][22H2][WLAN] [AX201][CPM20221107019026]The network connection is normal just after booting, but the network is automatically disconnected within 1-2 minutes, and manual connection is required.",2022-11-07 19:01:00,NA
751902,QUANTA COMPUTER INC.,NA,QUANTA COMPUTER INC.,Charles P Chu,"[Huawei][Quanta][H82][DaqianF][AX201][22H2][WLAN] [AX201][CPM20221107019026]The network connection is normal just after booting, but the network is automatically disconnected within 1-2 minutes, and manual connection is required.",2022-11-07 19:01:00,NA
751548,QUANTA COMPUTER INC.,NA,QUANTA COMPUTER INC.,Charles P Chu,"[Huawei][Quanta][H82][DaqianF][AX201][22H2][WLAN] [AX201][CPM20221103018630 ] 10 units run Step tool(Stress_Benchmark_00425(CPU stress and Sleep+S4)) each 300 cycles , 1 unit meet BSOD IRQL_NOT_LESS_OR_EQUAL (a), Netwtw10.sys",2022-11-06 22:17:00,NA
751548,QUANTA COMPUTER INC.,NA,QUANTA COMPUTER INC.,Charles P Chu,"[Huawei][Quanta][H82][DaqianF][AX201][22H2][WLAN] [AX201][CPM20221103018630 ] 10 units run Step tool(Stress_Benchmark_00425(CPU stress and Sleep+S4)) each 300 cycles , 1 unit meet BSOD IRQL_NOT_LESS_OR_EQUAL (a), Netwtw10.sys",2022-11-06 22:17:00,NA
751548,QUANTA COMPUTER INC.,NA,QUANTA COMPUTER INC.,Charles P Chu,"[Huawei][Quanta][H82][DaqianF][AX201][22H2][WLAN] [AX201][CPM20221103018630 ] 10 units run Step tool(Stress_Benchmark_00425(CPU stress and Sleep+S4)) each 300 cycles , 1 unit meet BSOD IRQL_NOT_LESS_OR_EQUAL (a), Netwtw10.sys",2022-11-06 22:17:00,NA
751408,"COMPAL ELECTRONICS, INC.",NA,"COMPAL ELECTRONICS, INC.",Steven ZY Chen,"[HP] - SIO2149328 - [SIT][WAT][RPL-U] BSOD 0x9F(System, BthEnum) occurred when connect bluetooth speaker and restart",2022-11-06 07:58:00,NA
751408,"COMPAL ELECTRONICS, INC.",NA,"COMPAL ELECTRONICS, INC.",Steven ZY Chen,"[HP] - SIO2149328 - [SIT][WAT][RPL-U] BSOD 0x9F(System, BthEnum) occurred when connect bluetooth speaker and restart",2022-11-06 07:58:00,NA
751408,"COMPAL ELECTRONICS, INC.",NA,"COMPAL ELECTRONICS, INC.",Steven ZY Chen,"[HP] - SIO2149328 - [SIT][WAT][RPL-U] BSOD 0x9F(System, BthEnum) occurred when connect bluetooth speaker and restart",2022-11-06 07:58:00,NA
751169,"HUAQIN TECHNOLOGY CO., LTD",NA,"Huaqin Technology Co., Ltd",Wesley Kuo,"[Huaqin][Samsung][NB099B] [Intel RPL] [SV2] [AX201] After playing video with media player, found the headphone sound abnormality. (FR: 1 out of 2 units, 2 out of 20 times)",2022-11-03 23:25:00,NA
751169,"HUAQIN TECHNOLOGY CO., LTD",NA,"Huaqin Technology Co., Ltd",Wesley Kuo,"[Huaqin][Samsung][NB099B] [Intel RPL] [SV2] [AX201] After playing video with media player, found the headphone sound abnormality. (FR: 1 out of 2 units, 2 out of 20 times)",2022-11-03 23:25:00,NA
751169,"HUAQIN TECHNOLOGY CO., LTD",NA,"Huaqin Technology Co., Ltd",Wesley Kuo,"[Huaqin][Samsung][NB099B] [Intel RPL] [SV2] [AX201] After playing video with media player, found the headphone sound abnormality. (FR: 1 out of 2 units, 2 out of 20 times)",2022-11-03 23:25:00,NA
750959,QUANTA COMPUTER INC.,NA,QUANTA COMPUTER INC.,Leo Chiang,[MSFT/Quanta][Z96][ADL_U15][HrP2 1216]Full boot time higher due to Wireless Bluetooth (R) Filter Driver taking long time,2022-11-03 04:33:00,NA
750959,QUANTA COMPUTER INC.,NA,QUANTA COMPUTER INC.,Leo Chiang,[MSFT/Quanta][Z96][ADL_U15][HrP2 1216]Full boot time higher due to Wireless Bluetooth (R) Filter Driver taking long time,2022-11-03 04:33:00,NA
750959,QUANTA COMPUTER INC.,NA,QUANTA COMPUTER INC.,Leo Chiang,[MSFT/Quanta][Z96][ADL_U15][HrP2 1216]Full boot time higher due to Wireless Bluetooth (R) Filter Driver taking long time,2022-11-03 04:33:00,NA
750849,"COMPAL ELECTRONICS, INC.",NA,"COMPAL ELECTRONICS, INC.",Nicky Chen,[ASUS Compal][BR1102 [ADL-N][AX201][22.170]ANT tool can't work,2022-11-03 00:14:00,NA
750849,"COMPAL ELECTRONICS, INC.",NA,"COMPAL ELECTRONICS, INC.",Nicky Chen,[ASUS Compal][BR1102 [ADL-N][AX201][22.170]ANT tool can't work,2022-11-03 00:14:00,NA
750849,"COMPAL ELECTRONICS, INC.",NA,"COMPAL ELECTRONICS, INC.",Nicky Chen,[ASUS Compal][BR1102 [ADL-N][AX201][22.170]ANT tool can't work,2022-11-03 00:14:00,NA
750733,QUANTA COMPUTER INC.,NA,QUANTA COMPUTER INC.,Timdaway Lai,[HP][Quanta]-[Cybug][RPL-HX][RPL][GFP2-AX211][Win11 22H2 ]- Can't search 6GHz AP in WiFi search list via ANT tool.(Intel AX211),2022-11-02 20:03:00,NA
750733,QUANTA COMPUTER INC.,NA,QUANTA COMPUTER INC.,Timdaway Lai,[HP][Quanta]-[Cybug][RPL-HX][RPL][GFP2-AX211][Win11 22H2 ]- Can't search 6GHz AP in WiFi search list via ANT tool.(Intel AX211),2022-11-02 20:03:00,NA
750733,QUANTA COMPUTER INC.,NA,QUANTA COMPUTER INC.,Timdaway Lai,[HP][Quanta]-[Cybug][RPL-HX][RPL][GFP2-AX211][Win11 22H2 ]- Can't search 6GHz AP in WiFi search list via ANT tool.(Intel AX211),2022-11-02 20:03:00,NA
750576,"COMPAL ELECTRONICS, INC.",NA,"COMPAL ELECTRONICS, INC.",Charles Yeh,[Dell_Rialto MLK] System can enter HW/SW drips when enter Modern Standby,2022-11-02 04:35:00,NA
750576,"COMPAL ELECTRONICS, INC.",NA,"COMPAL ELECTRONICS, INC.",Charles Yeh,[Dell_Rialto MLK] System can enter HW/SW drips when enter Modern Standby,2022-11-02 04:35:00,NA
750576,"COMPAL ELECTRONICS, INC.",NA,"COMPAL ELECTRONICS, INC.",Charles Yeh,[Dell_Rialto MLK] System can enter HW/SW drips when enter Modern Standby,2022-11-02 04:35:00,NA
750470,QUANTA COMPUTER INC.,NA,QUANTA COMPUTER INC.,Timdaway Lai,[HP][Quanta]-SIO2140726[bNB G10][RPL][GFP2-AX211][Win11 22H2 Build 22621.674]-The DUT can't search WiFi 6G(ch37) signals after MCC set to US by ANT tool,2022-11-02 00:41:00,NA
750470,QUANTA COMPUTER INC.,NA,QUANTA COMPUTER INC.,Timdaway Lai,[HP][Quanta]-SIO2140726[bNB G10][RPL][GFP2-AX211][Win11 22H2 Build 22621.674]-The DUT can't search WiFi 6G(ch37) signals after MCC set to US by ANT tool,2022-11-02 00:41:00,NA
750470,QUANTA COMPUTER INC.,NA,QUANTA COMPUTER INC.,Timdaway Lai,[HP][Quanta]-SIO2140726[bNB G10][RPL][GFP2-AX211][Win11 22H2 Build 22621.674]-The DUT can't search WiFi 6G(ch37) signals after MCC set to US by ANT tool,2022-11-02 00:41:00,NA
750358,"COMPAL ELECTRONICS, INC.",NA,"COMPAL ELECTRONICS, INC.",Zhiqiang Cai,[Lenovo-Ideapad] [Compal] [S580] [RPL-U15] [AX203] MS battery sleep mode fail,2022-11-01 20:13:00,NA
750358,"COMPAL ELECTRONICS, INC.",NA,"COMPAL ELECTRONICS, INC.",Zhiqiang Cai,[Lenovo-Ideapad] [Compal] [S580] [RPL-U15] [AX203] MS battery sleep mode fail,2022-11-01 20:13:00,NA
750358,"COMPAL ELECTRONICS, INC.",NA,"COMPAL ELECTRONICS, INC.",Zhiqiang Cai,[Lenovo-Ideapad] [Compal] [S580] [RPL-U15] [AX203] MS battery sleep mode fail,2022-11-01 20:13:00,NA
750131,WISTRON CORPORATION,NA,WISTRON CORPORATION,Steven ZY Chen,[ACER][Wistron] Music volume not automatically reduced while Skype calls are active,2022-11-01 02:16:00,NA
750131,WISTRON CORPORATION,NA,WISTRON CORPORATION,Steven ZY Chen,[ACER][Wistron] Music volume not automatically reduced while Skype calls are active,2022-11-01 02:16:00,NA
750131,WISTRON CORPORATION,NA,WISTRON CORPORATION,Steven ZY Chen,[ACER][Wistron] Music volume not automatically reduced while Skype calls are active,2022-11-01 02:16:00,NA
750115,WISTRON CORPORATION,NA,WISTRON CORPORATION,Steven ZY Chen,[ACER][WISTRON] Unknown devices appeared in device manager when connect Bluetooth Cellular phone,2022-11-01 01:58:00,NA
750115,WISTRON CORPORATION,NA,WISTRON CORPORATION,Steven ZY Chen,[ACER][WISTRON] Unknown devices appeared in device manager when connect Bluetooth Cellular phone,2022-11-01 01:58:00,NA
750115,WISTRON CORPORATION,NA,WISTRON CORPORATION,Steven ZY Chen,[ACER][WISTRON] Unknown devices appeared in device manager when connect Bluetooth Cellular phone,2022-11-01 01:58:00,NA
750102,INVENTEC CORPORATION,NA,INVENTEC CORPORATION,Steven ZY Chen,[HP][IEC] - SIO2149705[Arizona][ADL][GFP2-AX211][Win10 19045.2130]BSOD 0x9f occurred when running WinPVT Run-in 48Hr.,2022-11-01 01:46:00,NA
750102,INVENTEC CORPORATION,NA,INVENTEC CORPORATION,Steven ZY Chen,[HP][IEC] - SIO2149705[Arizona][ADL][GFP2-AX211][Win10 19045.2130]BSOD 0x9f occurred when running WinPVT Run-in 48Hr.,2022-11-01 01:46:00,NA
750102,INVENTEC CORPORATION,NA,INVENTEC CORPORATION,Steven ZY Chen,[HP][IEC] - SIO2149705[Arizona][ADL][GFP2-AX211][Win10 19045.2130]BSOD 0x9f occurred when running WinPVT Run-in 48Hr.,2022-11-01 01:46:00,NA
750100,WISTRON CORPORATION,NA,WISTRON CORPORATION,Steven ZY Chen,[ACER][Wistron]  Sound volume will changed after Bluetooth headset or earphone device power interruptions,2022-11-01 01:42:00,NA
750100,WISTRON CORPORATION,NA,WISTRON CORPORATION,Steven ZY Chen,[ACER][Wistron]  Sound volume will changed after Bluetooth headset or earphone device power interruptions,2022-11-01 01:42:00,NA
750100,WISTRON CORPORATION,NA,WISTRON CORPORATION,Steven ZY Chen,[ACER][Wistron]  Sound volume will changed after Bluetooth headset or earphone device power interruptions,2022-11-01 01:42:00,NA
750089,INVENTEC CORPORATION,INVENTEC CORPORATION,INVENTEC CORPORATION,Frank Lee,[HP][Zonin][RPL-S] It takes about 3 mins to change the network band information when the system re-connects to 5G hotspot wifi.,2022-11-01 01:13:00,NA
749935,"COMPAL ELECTRONICS, INC.",NA,"COMPAL ELECTRONICS, INC.",Zhiqiang Cai,"[Lenovo-Ideapad][Compal][S580-14_16-IRL][RPL][Win11 SV2]Stress_MS SW DRIPS=0%, after 8 hours. (F/R:3/4).",2022-10-31 19:16:00,NA
749935,"COMPAL ELECTRONICS, INC.",NA,"COMPAL ELECTRONICS, INC.",Zhiqiang Cai,"[Lenovo-Ideapad][Compal][S580-14_16-IRL][RPL][Win11 SV2]Stress_MS SW DRIPS=0%, after 8 hours. (F/R:3/4).",2022-10-31 19:16:00,NA
749935,"COMPAL ELECTRONICS, INC.",NA,"COMPAL ELECTRONICS, INC.",Zhiqiang Cai,"[Lenovo-Ideapad][Compal][S580-14_16-IRL][RPL][Win11 SV2]Stress_MS SW DRIPS=0%, after 8 hours. (F/R:3/4).",2022-10-31 19:16:00,NA
749769,"HUAQIN TECHNOLOGY CO., LTD",NA,"Huaqin Technology Co., Ltd",Wesley Kuo,"[Huaqin][Samsung][NB099B][Intel RPL] [SV2] [AX201] After playing video with media player, found the headphone no sound. (FR: 1 out of 2 units, 2 out of 50 times)",2022-10-31 03:08:00,NA
749769,"HUAQIN TECHNOLOGY CO., LTD",NA,"Huaqin Technology Co., Ltd",Wesley Kuo,"[Huaqin][Samsung][NB099B][Intel RPL] [SV2] [AX201] After playing video with media player, found the headphone no sound. (FR: 1 out of 2 units, 2 out of 50 times)",2022-10-31 03:08:00,NA
749769,"HUAQIN TECHNOLOGY CO., LTD",NA,"Huaqin Technology Co., Ltd",Wesley Kuo,"[Huaqin][Samsung][NB099B][Intel RPL] [SV2] [AX201] After playing video with media player, found the headphone no sound. (FR: 1 out of 2 units, 2 out of 50 times)",2022-10-31 03:08:00,NA
749661,WISTRON CORPORATION,NA,WISTRON CORPORATION,Zhiqiang Cai,[Lenovo-Ideapad][Wistron][IdeaPad Flex 5 14/16IRU8][RPL][IntelAX203][22H2][100%] WiFi Stress Test fail,2022-10-31 00:34:00,NA
749661,WISTRON CORPORATION,NA,WISTRON CORPORATION,Zhiqiang Cai,[Lenovo-Ideapad][Wistron][IdeaPad Flex 5 14/16IRU8][RPL][IntelAX203][22H2][100%] WiFi Stress Test fail,2022-10-31 00:34:00,NA
749661,WISTRON CORPORATION,NA,WISTRON CORPORATION,Zhiqiang Cai,[Lenovo-Ideapad][Wistron][IdeaPad Flex 5 14/16IRU8][RPL][IntelAX203][22H2][100%] WiFi Stress Test fail,2022-10-31 00:34:00,NA
749170,WISTRON CORPORATION,NA,WISTRON CORPORATION,Timdaway Lai,Thinkpad L13 Gen2 + AX201 cannot connect to 40/80MHz WIFI network in Indonesia,2022-10-28 00:19:00,NA
749170,WISTRON CORPORATION,NA,WISTRON CORPORATION,Timdaway Lai,Thinkpad L13 Gen2 + AX201 cannot connect to 40/80MHz WIFI network in Indonesia,2022-10-28 00:19:00,NA
749170,WISTRON CORPORATION,NA,WISTRON CORPORATION,Timdaway Lai,Thinkpad L13 Gen2 + AX201 cannot connect to 40/80MHz WIFI network in Indonesia,2022-10-28 00:19:00,NA
749108,"COMPAL ELECTRONICS, INC.",NA,"COMPAL ELECTRONICS, INC.",Steven ZY Chen,[HP] - SIO2148172 - [SIT][FIT-COMM][ADL][Win11][SI2] Cursor does not move smoothly by using trackpad on BT soft-KB when connecting BT A2DP device during audio/video call via online meeting APP,2022-10-27 22:38:00,NA
749108,"COMPAL ELECTRONICS, INC.",NA,"COMPAL ELECTRONICS, INC.",Steven ZY Chen,[HP] - SIO2148172 - [SIT][FIT-COMM][ADL][Win11][SI2] Cursor does not move smoothly by using trackpad on BT soft-KB when connecting BT A2DP device during audio/video call via online meeting APP,2022-10-27 22:38:00,NA
749108,"COMPAL ELECTRONICS, INC.",NA,"COMPAL ELECTRONICS, INC.",Steven ZY Chen,[HP] - SIO2148172 - [SIT][FIT-COMM][ADL][Win11][SI2] Cursor does not move smoothly by using trackpad on BT soft-KB when connecting BT A2DP device during audio/video call via online meeting APP,2022-10-27 22:38:00,NA
749095,"COMPAL ELECTRONICS, INC.",NA,"COMPAL ELECTRONICS, INC.",Steven ZY Chen,[HP] - SIO2143487 [SIT][FIT-COMM][ADL][Win11][SI2] The volume bar is stuck when adjusting the BT speaker volume by pressing hotkey F6/F7 or volume button during audio/video call with online meeting APP,2022-10-27 21:52:00,NA
749095,"COMPAL ELECTRONICS, INC.",NA,"COMPAL ELECTRONICS, INC.",Steven ZY Chen,[HP] - SIO2143487 [SIT][FIT-COMM][ADL][Win11][SI2] The volume bar is stuck when adjusting the BT speaker volume by pressing hotkey F6/F7 or volume button during audio/video call with online meeting APP,2022-10-27 21:52:00,NA
749095,"COMPAL ELECTRONICS, INC.",NA,"COMPAL ELECTRONICS, INC.",Steven ZY Chen,[HP] - SIO2143487 [SIT][FIT-COMM][ADL][Win11][SI2] The volume bar is stuck when adjusting the BT speaker volume by pressing hotkey F6/F7 or volume button during audio/video call with online meeting APP,2022-10-27 21:52:00,NA
749069,PEGATRON CORPORATION,NA,Pegatron Corporation,Charles Yeh,[DELL][PEGATRON][Delta][TGL-U] 120836.010 WiFi: BIOS DSM Specific setting for Intel WLAN connectivity overview ? Basic Verification,2022-10-27 20:46:00,NA
749069,PEGATRON CORPORATION,NA,Pegatron Corporation,Charles Yeh,[DELL][PEGATRON][Delta][TGL-U] 120836.010 WiFi: BIOS DSM Specific setting for Intel WLAN connectivity overview ? Basic Verification,2022-10-27 20:46:00,NA
749069,PEGATRON CORPORATION,NA,Pegatron Corporation,Charles Yeh,[DELL][PEGATRON][Delta][TGL-U] 120836.010 WiFi: BIOS DSM Specific setting for Intel WLAN connectivity overview ? Basic Verification,2022-10-27 20:46:00,NA
748741,WISTRON CORPORATION,NA,WISTRON CORPORATION,Zhiqiang Cai,[Lenovo-Ideapad][Wistron][ThinkBook 13x G2 IAP][IAP][IntelAX211][21H2][30%] Wi-fi disconnect issue on Wi-Fi dock,2022-10-26 23:58:00,NA
748741,WISTRON CORPORATION,NA,WISTRON CORPORATION,Zhiqiang Cai,[Lenovo-Ideapad][Wistron][ThinkBook 13x G2 IAP][IAP][IntelAX211][21H2][30%] Wi-fi disconnect issue on Wi-Fi dock,2022-10-26 23:58:00,NA
748741,WISTRON CORPORATION,NA,WISTRON CORPORATION,Zhiqiang Cai,[Lenovo-Ideapad][Wistron][ThinkBook 13x G2 IAP][IAP][IntelAX211][21H2][30%] Wi-fi disconnect issue on Wi-Fi dock,2022-10-26 23:58:00,NA
748695,WISTRON CORPORATION,NA,WISTRON CORPORATION,Wesley Kuo,[Lenovo][Wistron ADL-N][500W GEN4 _FVT_Win11]:Intel BT YB appears in S3 stress test,2022-10-26 22:07:00,NA
748695,WISTRON CORPORATION,NA,WISTRON CORPORATION,Wesley Kuo,[Lenovo][Wistron ADL-N][500W GEN4 _FVT_Win11]:Intel BT YB appears in S3 stress test,2022-10-26 22:07:00,NA
748695,WISTRON CORPORATION,NA,WISTRON CORPORATION,Wesley Kuo,[Lenovo][Wistron ADL-N][500W GEN4 _FVT_Win11]:Intel BT YB appears in S3 stress test,2022-10-26 22:07:00,NA
748529,"COMPAL ELECTRONICS, INC.",NA,"COMPAL ELECTRONICS, INC.",Zhiqiang Cai,Lenovo-IdeaPad] [Compal][Taitan4.0-14 G5 IRL][SV2][RPL-P] [AX211] Conductive T-put test fail in 6E band CH37 &CH117 &CH213 at bw-ant lab,2022-10-26 07:05:00,NA
748529,"COMPAL ELECTRONICS, INC.",NA,"COMPAL ELECTRONICS, INC.",Zhiqiang Cai,Lenovo-IdeaPad] [Compal][Taitan4.0-14 G5 IRL][SV2][RPL-P] [AX211] Conductive T-put test fail in 6E band CH37 &CH117 &CH213 at bw-ant lab,2022-10-26 07:05:00,NA
748529,"COMPAL ELECTRONICS, INC.",NA,"COMPAL ELECTRONICS, INC.",Zhiqiang Cai,Lenovo-IdeaPad] [Compal][Taitan4.0-14 G5 IRL][SV2][RPL-P] [AX211] Conductive T-put test fail in 6E band CH37 &CH117 &CH213 at bw-ant lab,2022-10-26 07:05:00,NA
748482,"HUAQIN TECHNOLOGY CO., LTD",NA,"Huaqin Technology Co., Ltd",Wesley Kuo,"[Huaqin][Samsung][NB6100B][Intel RPL][SV2][AX201]After an online video is played, the Bluetooth is turned on and off repeatedly, and the headset is abnormal. (FR: 2 out of 2 units, 4 out of 60 times)",2022-10-26 03:37:00,NA
748482,"HUAQIN TECHNOLOGY CO., LTD",NA,"Huaqin Technology Co., Ltd",Wesley Kuo,"[Huaqin][Samsung][NB6100B][Intel RPL][SV2][AX201]After an online video is played, the Bluetooth is turned on and off repeatedly, and the headset is abnormal. (FR: 2 out of 2 units, 4 out of 60 times)",2022-10-26 03:37:00,NA
748482,"HUAQIN TECHNOLOGY CO., LTD",NA,"Huaqin Technology Co., Ltd",Wesley Kuo,"[Huaqin][Samsung][NB6100B][Intel RPL][SV2][AX201]After an online video is played, the Bluetooth is turned on and off repeatedly, and the headset is abnormal. (FR: 2 out of 2 units, 4 out of 60 times)",2022-10-26 03:37:00,NA
748129,"COMPAL ELECTRONICS, INC.",NA,"COMPAL ELECTRONICS, INC.",Steven ZY Chen,[HP] - SIO2147209 [SIT][BIOS][RPL][INT] Black screen (0x9f BSOD) occur during running Acceptance weekends NO SCMB WinPVT script,2022-10-25 08:21:00,NA
748129,"COMPAL ELECTRONICS, INC.",NA,"COMPAL ELECTRONICS, INC.",Steven ZY Chen,[HP] - SIO2147209 [SIT][BIOS][RPL][INT] Black screen (0x9f BSOD) occur during running Acceptance weekends NO SCMB WinPVT script,2022-10-25 08:21:00,NA
748129,"COMPAL ELECTRONICS, INC.",NA,"COMPAL ELECTRONICS, INC.",Steven ZY Chen,[HP] - SIO2147209 [SIT][BIOS][RPL][INT] Black screen (0x9f BSOD) occur during running Acceptance weekends NO SCMB WinPVT script,2022-10-25 08:21:00,NA
747885,PEGATRON CORPORATION,NA,Pegatron Corporation,Nicky Chen,[Pegatron][B1402/1502CGA][AlderLake_N] WiFi card can not connect network under BIOS setup,2022-10-24 22:55:00,NA
747885,PEGATRON CORPORATION,NA,Pegatron Corporation,Nicky Chen,[Pegatron][B1402/1502CGA][AlderLake_N] WiFi card can not connect network under BIOS setup,2022-10-24 22:55:00,NA
747885,PEGATRON CORPORATION,NA,Pegatron Corporation,Nicky Chen,[Pegatron][B1402/1502CGA][AlderLake_N] WiFi card can not connect network under BIOS setup,2022-10-24 22:55:00,NA
747827,WISTRON CORPORATION,NA,WISTRON CORPORATION,Zhiqiang Cai,[Lenovo-Ideapad][Wistron][IdeaPad Flex 5 14/16IRU8][RPL][IntelAX211][22H2][100%] WiFi conductive throughput test fail,2022-10-24 20:35:00,NA
747827,WISTRON CORPORATION,NA,WISTRON CORPORATION,Zhiqiang Cai,[Lenovo-Ideapad][Wistron][IdeaPad Flex 5 14/16IRU8][RPL][IntelAX211][22H2][100%] WiFi conductive throughput test fail,2022-10-24 20:35:00,NA
747827,WISTRON CORPORATION,NA,WISTRON CORPORATION,Zhiqiang Cai,[Lenovo-Ideapad][Wistron][IdeaPad Flex 5 14/16IRU8][RPL][IntelAX211][22H2][100%] WiFi conductive throughput test fail,2022-10-24 20:35:00,NA
747824,WISTRON CORPORATION,NA,WISTRON CORPORATION,Zhiqiang Cai,[Lenovo-Ideapad][Wistron][IdeaPad Flex 5 14/16IRU8][RPL][IntelAX203][22H2][100%] WiFi conductive throughput test fail,2022-10-24 20:25:00,NA
747824,WISTRON CORPORATION,NA,WISTRON CORPORATION,Zhiqiang Cai,[Lenovo-Ideapad][Wistron][IdeaPad Flex 5 14/16IRU8][RPL][IntelAX203][22H2][100%] WiFi conductive throughput test fail,2022-10-24 20:25:00,NA
747824,WISTRON CORPORATION,NA,WISTRON CORPORATION,Zhiqiang Cai,[Lenovo-Ideapad][Wistron][IdeaPad Flex 5 14/16IRU8][RPL][IntelAX203][22H2][100%] WiFi conductive throughput test fail,2022-10-24 20:25:00,NA
747686,"SHANGHAI WINGTECH ELECTRONICS TECHNOLOGYCO., LTD.",NA,"SHANGHAI WINGTECH ELECTRONICS TECHNOLOGYCO., LTD.",Zhiwei He,[HUAWEI][Wingtech][DiracR][ADL-M][AX201[WiFi][22H2]Test the throughput performance and  there is a slowdown during the test,2022-10-24 07:00:00,NA
747686,"SHANGHAI WINGTECH ELECTRONICS TECHNOLOGYCO., LTD.",NA,"SHANGHAI WINGTECH ELECTRONICS TECHNOLOGYCO., LTD.",Zhiwei He,[HUAWEI][Wingtech][DiracR][ADL-M][AX201[WiFi][22H2]Test the throughput performance and  there is a slowdown during the test,2022-10-24 07:00:00,NA
747686,"SHANGHAI WINGTECH ELECTRONICS TECHNOLOGYCO., LTD.",NA,"SHANGHAI WINGTECH ELECTRONICS TECHNOLOGYCO., LTD.",Zhiwei He,[HUAWEI][Wingtech][DiracR][ADL-M][AX201[WiFi][22H2]Test the throughput performance and  there is a slowdown during the test,2022-10-24 07:00:00,NA
747492,"FOXCONN TECHNOLOGY CO., LTD.",NA,"FOXCONN TECHNOLOGY CO., LTD.",Timdaway Lai,"[HP][Foxconn][RPL][GFP2-AX211][Win10 22H2]WIV_2PP_CheckDevices.err and WIV_3PP_CheckDevices.err exist in C:\system.sav and Yellow bang about ""Intel(R) Wi-Fi 6E AX211"" in Device Manager.",2022-10-24 00:24:00,NA
747492,"FOXCONN TECHNOLOGY CO., LTD.",NA,"FOXCONN TECHNOLOGY CO., LTD.",Timdaway Lai,"[HP][Foxconn][RPL][GFP2-AX211][Win10 22H2]WIV_2PP_CheckDevices.err and WIV_3PP_CheckDevices.err exist in C:\system.sav and Yellow bang about ""Intel(R) Wi-Fi 6E AX211"" in Device Manager.",2022-10-24 00:24:00,NA
747492,"FOXCONN TECHNOLOGY CO., LTD.",NA,"FOXCONN TECHNOLOGY CO., LTD.",Timdaway Lai,"[HP][Foxconn][RPL][GFP2-AX211][Win10 22H2]WIV_2PP_CheckDevices.err and WIV_3PP_CheckDevices.err exist in C:\system.sav and Yellow bang about ""Intel(R) Wi-Fi 6E AX211"" in Device Manager.",2022-10-24 00:24:00,NA
747467,"COMPAL ELECTRONICS, INC.",NA,"COMPAL ELECTRONICS, INC.",Franky Yang,"[Dell/Compal][FioranoRPL] AX211 w/ killer got BSOD when run CB stress test Stop code: WDF_VIOLATION ""(0x10D)",2022-10-23 23:48:00,NA
747467,"COMPAL ELECTRONICS, INC.",NA,"COMPAL ELECTRONICS, INC.",Franky Yang,"[Dell/Compal][FioranoRPL] AX211 w/ killer got BSOD when run CB stress test Stop code: WDF_VIOLATION ""(0x10D)",2022-10-23 23:48:00,NA
747467,"COMPAL ELECTRONICS, INC.",NA,"COMPAL ELECTRONICS, INC.",Franky Yang,"[Dell/Compal][FioranoRPL] AX211 w/ killer got BSOD when run CB stress test Stop code: WDF_VIOLATION ""(0x10D)",2022-10-23 23:48:00,NA
747207,"HUAQIN TECHNOLOGY CO., LTD",NA,"Huaqin Technology Co., Ltd",Zhiwei He,[HUAWEI][HUAQIN][EmmyF][Intel ADL][Intel AX 201][WiFi][Win11]BSOD 0xa0 occurred when running S4 stress test with WiFi connected.,2022-10-21 06:43:00,NA
747207,"HUAQIN TECHNOLOGY CO., LTD",NA,"Huaqin Technology Co., Ltd",Zhiwei He,[HUAWEI][HUAQIN][EmmyF][Intel ADL][Intel AX 201][WiFi][Win11]BSOD 0xa0 occurred when running S4 stress test with WiFi connected.,2022-10-21 06:43:00,NA
747207,"HUAQIN TECHNOLOGY CO., LTD",NA,"Huaqin Technology Co., Ltd",Zhiwei He,[HUAWEI][HUAQIN][EmmyF][Intel ADL][Intel AX 201][WiFi][Win11]BSOD 0xa0 occurred when running S4 stress test with WiFi connected.,2022-10-21 06:43:00,NA
747145,"COMPAL ELECTRONICS, INC.",NA,"COMPAL ELECTRONICS, INC.",Franky Yang,<Dell><Nexus14/16(IDP40/60)<DVT><WIFI Function Test>PPAG does not work on KILLER1690i,2022-10-21 02:41:00,NA
747145,"COMPAL ELECTRONICS, INC.",NA,"COMPAL ELECTRONICS, INC.",Franky Yang,<Dell><Nexus14/16(IDP40/60)<DVT><WIFI Function Test>PPAG does not work on KILLER1690i,2022-10-21 02:41:00,NA
747145,"COMPAL ELECTRONICS, INC.",NA,"COMPAL ELECTRONICS, INC.",Franky Yang,<Dell><Nexus14/16(IDP40/60)<DVT><WIFI Function Test>PPAG does not work on KILLER1690i,2022-10-21 02:41:00,NA
747104,"HUAQIN TECHNOLOGY CO., LTD",NA,"Huaqin Technology Co., Ltd",Timdaway Lai,[Acer][Huaqin][NB630X][Gardenparty-ADN][Evelyne_ADN]Unable to Use the Windows 11 Mobile Hotspot Feature on 5 GHz Band,2022-10-21 01:36:00,NA
747104,"HUAQIN TECHNOLOGY CO., LTD",NA,"Huaqin Technology Co., Ltd",Timdaway Lai,[Acer][Huaqin][NB630X][Gardenparty-ADN][Evelyne_ADN]Unable to Use the Windows 11 Mobile Hotspot Feature on 5 GHz Band,2022-10-21 01:36:00,NA
747104,"HUAQIN TECHNOLOGY CO., LTD",NA,"Huaqin Technology Co., Ltd",Timdaway Lai,[Acer][Huaqin][NB630X][Gardenparty-ADN][Evelyne_ADN]Unable to Use the Windows 11 Mobile Hotspot Feature on 5 GHz Band,2022-10-21 01:36:00,NA
746953,"HUAQIN TECHNOLOGY CO., LTD",NA,"Huaqin Technology Co., Ltd",Frank Lee,"[MI][HuaQin][A39S][CcP2] AX200 wifi will be Yellow Bang(code:10) when running coldboot stress test. (FR:1/2 SYS, 1/2000 Cycle)",2022-10-20 20:26:00,NA
746953,"HUAQIN TECHNOLOGY CO., LTD",NA,"Huaqin Technology Co., Ltd",Frank Lee,"[MI][HuaQin][A39S][CcP2] AX200 wifi will be Yellow Bang(code:10) when running coldboot stress test. (FR:1/2 SYS, 1/2000 Cycle)",2022-10-20 20:26:00,NA
746953,"HUAQIN TECHNOLOGY CO., LTD",NA,"Huaqin Technology Co., Ltd",Frank Lee,"[MI][HuaQin][A39S][CcP2] AX200 wifi will be Yellow Bang(code:10) when running coldboot stress test. (FR:1/2 SYS, 1/2000 Cycle)",2022-10-20 20:26:00,NA
746896,"COMPAL ELECTRONICS, INC.",NA,"COMPAL ELECTRONICS, INC.",Franky Yang,[MayaBay] BIOS setting cofirmation for PPAG,2022-10-20 18:58:00,NA
746896,"COMPAL ELECTRONICS, INC.",NA,"COMPAL ELECTRONICS, INC.",Franky Yang,[MayaBay] BIOS setting cofirmation for PPAG,2022-10-20 18:58:00,NA
746896,"COMPAL ELECTRONICS, INC.",NA,"COMPAL ELECTRONICS, INC.",Franky Yang,[MayaBay] BIOS setting cofirmation for PPAG,2022-10-20 18:58:00,NA
746626,DYNABOOK INC.,NA,Dynabook Inc.,Nicky Chen,"[Dynabook][ICPS]WiFi/LAN interfaces still works if start streaming video/download task first,then turn off 'auto mode'",2022-10-19 23:27:00,NA
746626,DYNABOOK INC.,NA,Dynabook Inc.,Nicky Chen,"[Dynabook][ICPS]WiFi/LAN interfaces still works if start streaming video/download task first,then turn off 'auto mode'",2022-10-19 23:27:00,NA
746626,DYNABOOK INC.,NA,Dynabook Inc.,Nicky Chen,"[Dynabook][ICPS]WiFi/LAN interfaces still works if start streaming video/download task first,then turn off 'auto mode'",2022-10-19 23:27:00,NA
746620,DYNABOOK INC.,NA,Dynabook Inc.,Nicky Chen,[Dynabook][ICPS]Advanced Connection Manager page disappeared after Install and launch ICPS App,2022-10-19 23:17:00,NA
746620,DYNABOOK INC.,NA,Dynabook Inc.,Nicky Chen,[Dynabook][ICPS]Advanced Connection Manager page disappeared after Install and launch ICPS App,2022-10-19 23:17:00,NA
746620,DYNABOOK INC.,NA,Dynabook Inc.,Nicky Chen,[Dynabook][ICPS]Advanced Connection Manager page disappeared after Install and launch ICPS App,2022-10-19 23:17:00,NA
746594,WISTRON CORPORATION,WISTRON CORPORATION,WISTRON CORPORATION,Timdaway Lai,[Acer - CopperBox][CFL-S]The WiFi Device Shows YB after Intall WiFi Driver v.22.170.0.3,2022-10-19 22:46:00,NA
746488,"HUAQIN TECHNOLOGY CO., LTD",NA,"Huaqin Technology Co., Ltd",Steven ZY Chen,[Huaqin][Acer][Halzan_ADN][NB63A]The DUT takes a long time(5S~20S) to remove BT mouse.?FR?1/10?,2022-10-19 19:20:00,NA
746488,"HUAQIN TECHNOLOGY CO., LTD",NA,"Huaqin Technology Co., Ltd",Steven ZY Chen,[Huaqin][Acer][Halzan_ADN][NB63A]The DUT takes a long time(5S~20S) to remove BT mouse.?FR?1/10?,2022-10-19 19:20:00,NA
746488,"HUAQIN TECHNOLOGY CO., LTD",NA,"Huaqin Technology Co., Ltd",Steven ZY Chen,[Huaqin][Acer][Halzan_ADN][NB63A]The DUT takes a long time(5S~20S) to remove BT mouse.?FR?1/10?,2022-10-19 19:20:00,NA
746238,"COMPAL ELECTRONICS, INC.",NA,"COMPAL ELECTRONICS, INC.",Charles Yeh,[Compal_ASUS_B5402_ADL-P] WIFI connect fail in BIOS setup,2022-10-19 00:29:00,NA
746238,"COMPAL ELECTRONICS, INC.",NA,"COMPAL ELECTRONICS, INC.",Charles Yeh,[Compal_ASUS_B5402_ADL-P] WIFI connect fail in BIOS setup,2022-10-19 00:29:00,NA
746238,"COMPAL ELECTRONICS, INC.",NA,"COMPAL ELECTRONICS, INC.",Charles Yeh,[Compal_ASUS_B5402_ADL-P] WIFI connect fail in BIOS setup,2022-10-19 00:29:00,NA
746221,"HUAQIN TECHNOLOGY CO., LTD",NA,"Huaqin Technology Co., Ltd",Timdaway Lai,[Huaqin][Evelyne_ADN][NB6302A]The DM appears AX101 yellow bang when connected to the Bluetooth headset and playing music or run Wireless Display overnight,2022-10-18 23:58:00,NA
746221,"HUAQIN TECHNOLOGY CO., LTD",NA,"Huaqin Technology Co., Ltd",Timdaway Lai,[Huaqin][Evelyne_ADN][NB6302A]The DM appears AX101 yellow bang when connected to the Bluetooth headset and playing music or run Wireless Display overnight,2022-10-18 23:58:00,NA
746221,"HUAQIN TECHNOLOGY CO., LTD",NA,"Huaqin Technology Co., Ltd",Timdaway Lai,[Huaqin][Evelyne_ADN][NB6302A]The DM appears AX101 yellow bang when connected to the Bluetooth headset and playing music or run Wireless Display overnight,2022-10-18 23:58:00,NA
746214,WISTRON CORPORATION,NA,WISTRON CORPORATION,KJ Fang,"[Lenovo-Thinkpad][wistron][Golem2 Talos2 Intel][Raptor][AX201/AX211][Win10&Win11] 22H2 FVT1.0 22621.457: Local/Online Video show temporary lag when connect the WIDI adapter with external monitor.(FR: 2/2 units, 8/12 cycles)",2022-10-18 23:43:00,NA
746214,WISTRON CORPORATION,NA,WISTRON CORPORATION,KJ Fang,"[Lenovo-Thinkpad][wistron][Golem2 Talos2 Intel][Raptor][AX201/AX211][Win10&Win11] 22H2 FVT1.0 22621.457: Local/Online Video show temporary lag when connect the WIDI adapter with external monitor.(FR: 2/2 units, 8/12 cycles)",2022-10-18 23:43:00,NA
746214,WISTRON CORPORATION,NA,WISTRON CORPORATION,KJ Fang,"[Lenovo-Thinkpad][wistron][Golem2 Talos2 Intel][Raptor][AX201/AX211][Win10&Win11] 22H2 FVT1.0 22621.457: Local/Online Video show temporary lag when connect the WIDI adapter with external monitor.(FR: 2/2 units, 8/12 cycles)",2022-10-18 23:43:00,NA
746191,WISTRON CORPORATION,NA,WISTRON CORPORATION,KJ Fang,[Lenovo-Thinkpad][Fenrir2][RPL]AX211 WIfi randomly not work,2022-10-18 22:50:00,NA
746191,WISTRON CORPORATION,NA,WISTRON CORPORATION,KJ Fang,[Lenovo-Thinkpad][Fenrir2][RPL]AX211 WIfi randomly not work,2022-10-18 22:50:00,NA
746191,WISTRON CORPORATION,NA,WISTRON CORPORATION,KJ Fang,[Lenovo-Thinkpad][Fenrir2][RPL]AX211 WIfi randomly not work,2022-10-18 22:50:00,NA
746090,"FOXCONN TECHNOLOGY CO., LTD.",NA,"FOXCONN TECHNOLOGY CO., LTD.",Wesley Kuo,ECR615163[ITT:189236] [Lenovo RPL-S B660][SIT]Bluetooth LANs accept and send at speed below 1.0Mbps with Intel AX201 and AX211.,2022-10-18 18:59:00,NA
746090,"FOXCONN TECHNOLOGY CO., LTD.",NA,"FOXCONN TECHNOLOGY CO., LTD.",Wesley Kuo,ECR615163[ITT:189236] [Lenovo RPL-S B660][SIT]Bluetooth LANs accept and send at speed below 1.0Mbps with Intel AX201 and AX211.,2022-10-18 18:59:00,NA
746090,"FOXCONN TECHNOLOGY CO., LTD.",NA,"FOXCONN TECHNOLOGY CO., LTD.",Wesley Kuo,ECR615163[ITT:189236] [Lenovo RPL-S B660][SIT]Bluetooth LANs accept and send at speed below 1.0Mbps with Intel AX201 and AX211.,2022-10-18 18:59:00,NA
746004,"HUAQIN TECHNOLOGY CO., LTD",NA,"Huaqin Technology Co., Ltd",Leo Chiang,[Huaqin][ASUS][K6502VI][Intel-RPL][AX211]There is about 5s delay in turning Bluetooth off in the notification when the host connected more than 5 BT device,2022-10-18 06:03:00,NA
746004,"HUAQIN TECHNOLOGY CO., LTD",NA,"Huaqin Technology Co., Ltd",Leo Chiang,[Huaqin][ASUS][K6502VI][Intel-RPL][AX211]There is about 5s delay in turning Bluetooth off in the notification when the host connected more than 5 BT device,2022-10-18 06:03:00,NA
746004,"HUAQIN TECHNOLOGY CO., LTD",NA,"Huaqin Technology Co., Ltd",Leo Chiang,[Huaqin][ASUS][K6502VI][Intel-RPL][AX211]There is about 5s delay in turning Bluetooth off in the notification when the host connected more than 5 BT device,2022-10-18 06:03:00,NA
745503,WISTRON CORPORATION,NA,WISTRON CORPORATION,Timdaway Lai,[Lenovo][Thinkpad][Padme-3]WiFi Randomly drop issue,2022-10-17 01:51:00,NA
745503,WISTRON CORPORATION,NA,WISTRON CORPORATION,Timdaway Lai,[Lenovo][Thinkpad][Padme-3]WiFi Randomly drop issue,2022-10-17 01:51:00,NA
745503,WISTRON CORPORATION,NA,WISTRON CORPORATION,Timdaway Lai,[Lenovo][Thinkpad][Padme-3]WiFi Randomly drop issue,2022-10-17 01:51:00,NA
745453,"HUAQIN TECHNOLOGY CO., LTD",NA,"Huaqin Technology Co., Ltd",Zhiqiang Cai,[Lenovo-IdeaPad][HUAQIN][NB6388A][Intel ADL][Intel AX 201][WIFI][Win11]Garbage occurs on the miracast projection screen when the WLAN is connected to a 11ax AP,2022-10-17 00:04:00,NA
745453,"HUAQIN TECHNOLOGY CO., LTD",NA,"Huaqin Technology Co., Ltd",Zhiqiang Cai,[Lenovo-IdeaPad][HUAQIN][NB6388A][Intel ADL][Intel AX 201][WIFI][Win11]Garbage occurs on the miracast projection screen when the WLAN is connected to a 11ax AP,2022-10-17 00:04:00,NA
745453,"HUAQIN TECHNOLOGY CO., LTD",NA,"Huaqin Technology Co., Ltd",Zhiqiang Cai,[Lenovo-IdeaPad][HUAQIN][NB6388A][Intel ADL][Intel AX 201][WIFI][Win11]Garbage occurs on the miracast projection screen when the WLAN is connected to a 11ax AP,2022-10-17 00:04:00,NA
745433,PEGATRON CORPORATION,NA,Pegatron Corporation,Charles Yeh,"[ASUS][B2402/B2502 CVA/FVA][RPL/ADL] Error event 5002, 5005, 5007 and 5010 logged in system event when running S4 stress test with AX201/AX211.",2022-10-16 23:23:00,NA
745433,PEGATRON CORPORATION,NA,Pegatron Corporation,Charles Yeh,"[ASUS][B2402/B2502 CVA/FVA][RPL/ADL] Error event 5002, 5005, 5007 and 5010 logged in system event when running S4 stress test with AX201/AX211.",2022-10-16 23:23:00,NA
745433,PEGATRON CORPORATION,NA,Pegatron Corporation,Charles Yeh,"[ASUS][B2402/B2502 CVA/FVA][RPL/ADL] Error event 5002, 5005, 5007 and 5010 logged in system event when running S4 stress test with AX201/AX211.",2022-10-16 23:23:00,NA
745302,PEGATRON CORPORATION,NA,Pegatron Corporation,KJ Fang,[Samsung][Nova2-AIO][Raptor Lake-P][WIFI-9462 CNVI Card] system can't be waked up from modern standy through WIFI v 22.170.0.3.,2022-10-16 19:27:00,NA
745302,PEGATRON CORPORATION,NA,Pegatron Corporation,KJ Fang,[Samsung][Nova2-AIO][Raptor Lake-P][WIFI-9462 CNVI Card] system can't be waked up from modern standy through WIFI v 22.170.0.3.,2022-10-16 19:27:00,NA
745302,PEGATRON CORPORATION,NA,Pegatron Corporation,KJ Fang,[Samsung][Nova2-AIO][Raptor Lake-P][WIFI-9462 CNVI Card] system can't be waked up from modern standy through WIFI v 22.170.0.3.,2022-10-16 19:27:00,NA
745244,"HUAQIN TECHNOLOGY CO., LTD",NA,"Huaqin Technology Co., Ltd",Leo Chiang,[ASUS][HUAQIN][UX3402VA][RPL-P][AX211][BT][22H2] BSOD 0xA appear when run MS stress test (F/R: 11/200Untis),2022-10-15 00:17:00,NA
745244,"HUAQIN TECHNOLOGY CO., LTD",NA,"Huaqin Technology Co., Ltd",Leo Chiang,[ASUS][HUAQIN][UX3402VA][RPL-P][AX211][BT][22H2] BSOD 0xA appear when run MS stress test (F/R: 11/200Untis),2022-10-15 00:17:00,NA
745244,"HUAQIN TECHNOLOGY CO., LTD",NA,"Huaqin Technology Co., Ltd",Leo Chiang,[ASUS][HUAQIN][UX3402VA][RPL-P][AX211][BT][22H2] BSOD 0xA appear when run MS stress test (F/R: 11/200Untis),2022-10-15 00:17:00,NA
745111,"HUAQIN TECHNOLOGY CO., LTD",NA,"Huaqin Technology Co., Ltd",Charles Yeh,[ASUS][HUAQIN][NB3993B][Intel ADL][Intel AX 211][WIFI][Win11] Garbage occurs on the miracast projection screen when the WLAN is connected to a 5G AP.,2022-10-14 01:59:00,NA
745111,"HUAQIN TECHNOLOGY CO., LTD",NA,"Huaqin Technology Co., Ltd",Charles Yeh,[ASUS][HUAQIN][NB3993B][Intel ADL][Intel AX 211][WIFI][Win11] Garbage occurs on the miracast projection screen when the WLAN is connected to a 5G AP.,2022-10-14 01:59:00,NA
745111,"HUAQIN TECHNOLOGY CO., LTD",NA,"Huaqin Technology Co., Ltd",Charles Yeh,[ASUS][HUAQIN][NB3993B][Intel ADL][Intel AX 211][WIFI][Win11] Garbage occurs on the miracast projection screen when the WLAN is connected to a 5G AP.,2022-10-14 01:59:00,NA
745066,"COMPAL ELECTRONICS, INC.",NA,"COMPAL ELECTRONICS, INC.",Leo Chiang,[Dell]DVT1_Oasis_Run PLDR Test tool fail(Failed to disable the radio). (F/R:5/5 Units 3/3),2022-10-14 00:58:00,NA
745066,"COMPAL ELECTRONICS, INC.",NA,"COMPAL ELECTRONICS, INC.",Leo Chiang,[Dell]DVT1_Oasis_Run PLDR Test tool fail(Failed to disable the radio). (F/R:5/5 Units 3/3),2022-10-14 00:58:00,NA
745066,"COMPAL ELECTRONICS, INC.",NA,"COMPAL ELECTRONICS, INC.",Leo Chiang,[Dell]DVT1_Oasis_Run PLDR Test tool fail(Failed to disable the radio). (F/R:5/5 Units 3/3),2022-10-14 00:58:00,NA
745008,"HUAQIN TECHNOLOGY CO., LTD",NA,"Huaqin Technology Co., Ltd",Wesley Kuo,"[Huaqin][Samsung][NB6100B][Intel RPL][SV2][AX201]After playing online video, found the headphones no sound.(FR: 2 out of 2 units, 4 out of 60 times)",2022-10-13 23:40:00,NA
745008,"HUAQIN TECHNOLOGY CO., LTD",NA,"Huaqin Technology Co., Ltd",Wesley Kuo,"[Huaqin][Samsung][NB6100B][Intel RPL][SV2][AX201]After playing online video, found the headphones no sound.(FR: 2 out of 2 units, 4 out of 60 times)",2022-10-13 23:40:00,NA
745008,"HUAQIN TECHNOLOGY CO., LTD",NA,"Huaqin Technology Co., Ltd",Wesley Kuo,"[Huaqin][Samsung][NB6100B][Intel RPL][SV2][AX201]After playing online video, found the headphones no sound.(FR: 2 out of 2 units, 4 out of 60 times)",2022-10-13 23:40:00,NA
744993,"HUAQIN TECHNOLOGY CO., LTD",NA,"Huaqin Technology Co., Ltd",Timdaway Lai,[Acer][Huaqin][Verrou_ADN][NB6306A][DVT][22H2]Intel 9560 Wlan scan list is empty during run website connection stress test ?F/R:4/15units   6/19cycles ),2022-10-13 22:56:00,NA
744993,"HUAQIN TECHNOLOGY CO., LTD",NA,"Huaqin Technology Co., Ltd",Timdaway Lai,[Acer][Huaqin][Verrou_ADN][NB6306A][DVT][22H2]Intel 9560 Wlan scan list is empty during run website connection stress test ?F/R:4/15units   6/19cycles ),2022-10-13 22:56:00,NA
744993,"HUAQIN TECHNOLOGY CO., LTD",NA,"Huaqin Technology Co., Ltd",Timdaway Lai,[Acer][Huaqin][Verrou_ADN][NB6306A][DVT][22H2]Intel 9560 Wlan scan list is empty during run website connection stress test ?F/R:4/15units   6/19cycles ),2022-10-13 22:56:00,NA
744947,"COMPAL ELECTRONICS, INC.",NA,"COMPAL ELECTRONICS, INC.",Leo Chiang,[Dell]DVT1_Teton_Run PLDR Test tool fail(Failed to disable the radio). (F/R:3/5U 3/5T),2022-10-13 20:25:00,NA
744947,"COMPAL ELECTRONICS, INC.",NA,"COMPAL ELECTRONICS, INC.",Leo Chiang,[Dell]DVT1_Teton_Run PLDR Test tool fail(Failed to disable the radio). (F/R:3/5U 3/5T),2022-10-13 20:25:00,NA
744947,"COMPAL ELECTRONICS, INC.",NA,"COMPAL ELECTRONICS, INC.",Leo Chiang,[Dell]DVT1_Teton_Run PLDR Test tool fail(Failed to disable the radio). (F/R:3/5U 3/5T),2022-10-13 20:25:00,NA
744682,"COMPAL ELECTRONICS, INC.",NA,"COMPAL ELECTRONICS, INC.",Zhiqiang Cai,[Lenovo-Ideapad] [Compal] [S580] [RPL-P] [AX211] Conductive Tput test fail at 6E ch213,2022-10-13 01:05:00,NA
744682,"COMPAL ELECTRONICS, INC.",NA,"COMPAL ELECTRONICS, INC.",Zhiqiang Cai,[Lenovo-Ideapad] [Compal] [S580] [RPL-P] [AX211] Conductive Tput test fail at 6E ch213,2022-10-13 01:05:00,NA
744682,"COMPAL ELECTRONICS, INC.",NA,"COMPAL ELECTRONICS, INC.",Zhiqiang Cai,[Lenovo-Ideapad] [Compal] [S580] [RPL-P] [AX211] Conductive Tput test fail at 6E ch213,2022-10-13 01:05:00,NA
744515,"HUAQIN TECHNOLOGY CO., LTD",NA,"Huaqin Technology Co., Ltd",Timdaway Lai,"[Huaqin][Halzan_ADL_N][NB6302]The DM appears INT9560 wireless yellow Bang, after connecting to WIFI and using USB disk to copy files. (FR:1/6 )",2022-10-12 18:47:00,NA
744515,"HUAQIN TECHNOLOGY CO., LTD",NA,"Huaqin Technology Co., Ltd",Timdaway Lai,"[Huaqin][Halzan_ADL_N][NB6302]The DM appears INT9560 wireless yellow Bang, after connecting to WIFI and using USB disk to copy files. (FR:1/6 )",2022-10-12 18:47:00,NA
744515,"HUAQIN TECHNOLOGY CO., LTD",NA,"Huaqin Technology Co., Ltd",Timdaway Lai,"[Huaqin][Halzan_ADL_N][NB6302]The DM appears INT9560 wireless yellow Bang, after connecting to WIFI and using USB disk to copy files. (FR:1/6 )",2022-10-12 18:47:00,NA
744324,PEGATRON CORPORATION,NA,Pegatron Corporation,Nicky Chen,[ASUS][AX201][B2402/B2502_CVA/FVA ]WRT Tool can't work on B2402/2502_CVA/FVA with AX201,2022-10-12 00:26:00,NA
744324,PEGATRON CORPORATION,NA,Pegatron Corporation,Nicky Chen,[ASUS][AX201][B2402/B2502_CVA/FVA ]WRT Tool can't work on B2402/2502_CVA/FVA with AX201,2022-10-12 00:26:00,NA
744324,PEGATRON CORPORATION,NA,Pegatron Corporation,Nicky Chen,[ASUS][AX201][B2402/B2502_CVA/FVA ]WRT Tool can't work on B2402/2502_CVA/FVA with AX201,2022-10-12 00:26:00,NA
743881,"COMPAL ELECTRONICS, INC.",NA,"COMPAL ELECTRONICS, INC.",Leo Chiang,"[Dell][Compal][Nexus]SUT shows PLDR Test failed after run ""ibterverify.exe -p -t -v""",2022-10-10 20:52:00,NA
743881,"COMPAL ELECTRONICS, INC.",NA,"COMPAL ELECTRONICS, INC.",Leo Chiang,"[Dell][Compal][Nexus]SUT shows PLDR Test failed after run ""ibterverify.exe -p -t -v""",2022-10-10 20:52:00,NA
743881,"COMPAL ELECTRONICS, INC.",NA,"COMPAL ELECTRONICS, INC.",Leo Chiang,"[Dell][Compal][Nexus]SUT shows PLDR Test failed after run ""ibterverify.exe -p -t -v""",2022-10-10 20:52:00,NA
743293,"COMPAL ELECTRONICS, INC.",NA,"COMPAL ELECTRONICS, INC.",Leo Chiang,[Dell][RPL]Oasis_Dell pair makes Audio offload function lost,2022-10-07 02:50:00,NA
743293,"COMPAL ELECTRONICS, INC.",NA,"COMPAL ELECTRONICS, INC.",Leo Chiang,[Dell][RPL]Oasis_Dell pair makes Audio offload function lost,2022-10-07 02:50:00,NA
743293,"COMPAL ELECTRONICS, INC.",NA,"COMPAL ELECTRONICS, INC.",Leo Chiang,[Dell][RPL]Oasis_Dell pair makes Audio offload function lost,2022-10-07 02:50:00,NA
742474,"COMPAL ELECTRONICS, INC.",NA,"COMPAL ELECTRONICS, INC.",Leo Chiang,Sound output device show hands-free device after resume from Hibernate,2022-10-03 20:41:00,NA
742474,"COMPAL ELECTRONICS, INC.",NA,"COMPAL ELECTRONICS, INC.",Leo Chiang,Sound output device show hands-free device after resume from Hibernate,2022-10-03 20:41:00,NA
742474,"COMPAL ELECTRONICS, INC.",NA,"COMPAL ELECTRONICS, INC.",Leo Chiang,Sound output device show hands-free device after resume from Hibernate,2022-10-03 20:41:00,NA
742441,PEGATRON CORPORATION,NA,Pegatron Corporation,Charles Yeh,[ASUS][B1402/B1502CBA][ADL-P] Wake on WALN issue,2022-10-03 18:41:00,NA
742441,PEGATRON CORPORATION,NA,Pegatron Corporation,Charles Yeh,[ASUS][B1402/B1502CBA][ADL-P] Wake on WALN issue,2022-10-03 18:41:00,NA
742441,PEGATRON CORPORATION,NA,Pegatron Corporation,Charles Yeh,[ASUS][B1402/B1502CBA][ADL-P] Wake on WALN issue,2022-10-03 18:41:00,NA
742440,NEC,NA,"NEC PERSONAL COMPUTERS,LTD.",Timdaway Lai,[NECPC-JP][WirelessLAN][Win11]About the detailed setting item [Preferred Band] of the WLAN driver.,2022-10-03 18:39:00,NA
742440,NEC,NA,"NEC PERSONAL COMPUTERS,LTD.",Timdaway Lai,[NECPC-JP][WirelessLAN][Win11]About the detailed setting item [Preferred Band] of the WLAN driver.,2022-10-03 18:39:00,NA
742440,NEC,NA,"NEC PERSONAL COMPUTERS,LTD.",Timdaway Lai,[NECPC-JP][WirelessLAN][Win11]About the detailed setting item [Preferred Band] of the WLAN driver.,2022-10-03 18:39:00,NA
741467,"HUAQIN TECHNOLOGY CO., LTD",NA,"Huaqin Technology Co., Ltd",Charles Yeh,[Huaqin][ASUS_B5302][ADL][22H2]WiFi YB when running reboot stress test,2022-09-28 06:17:00,NA
741467,"HUAQIN TECHNOLOGY CO., LTD",NA,"Huaqin Technology Co., Ltd",Charles Yeh,[Huaqin][ASUS_B5302][ADL][22H2]WiFi YB when running reboot stress test,2022-09-28 06:17:00,NA
741467,"HUAQIN TECHNOLOGY CO., LTD",NA,"Huaqin Technology Co., Ltd",Charles Yeh,[Huaqin][ASUS_B5302][ADL][22H2]WiFi YB when running reboot stress test,2022-09-28 06:17:00,NA
741309,PEGATRON CORPORATION,NA,Pegatron Corporation,Franky Yang,[Dell][Pega]Intel Wifi - the Wifi driver 22.170.0.2 will cause the system reboot time too long(about 2min) when the OS is Win10.,2022-09-28 00:10:00,NA
741309,PEGATRON CORPORATION,NA,Pegatron Corporation,Franky Yang,[Dell][Pega]Intel Wifi - the Wifi driver 22.170.0.2 will cause the system reboot time too long(about 2min) when the OS is Win10.,2022-09-28 00:10:00,NA
741309,PEGATRON CORPORATION,NA,Pegatron Corporation,Franky Yang,[Dell][Pega]Intel Wifi - the Wifi driver 22.170.0.2 will cause the system reboot time too long(about 2min) when the OS is Win10.,2022-09-28 00:10:00,NA
740964,QUANTA COMPUTER INC.,NA,QUANTA COMPUTER INC.,Charles P Chu,"[Huawei][Quanta][H9HD][HookF][AX211][21H2][WLAN][805739098 ] HookeF cooperates with the mobile phone. After closing the wifi and re-connecting the collaborative connection, the connection fails, and the system prompts that an 8010 event occurs. The wifi s",2022-09-27 02:20:00,NA
740964,QUANTA COMPUTER INC.,NA,QUANTA COMPUTER INC.,Charles P Chu,"[Huawei][Quanta][H9HD][HookF][AX211][21H2][WLAN][805739098 ] HookeF cooperates with the mobile phone. After closing the wifi and re-connecting the collaborative connection, the connection fails, and the system prompts that an 8010 event occurs. The wifi s",2022-09-27 02:20:00,NA
740964,QUANTA COMPUTER INC.,NA,QUANTA COMPUTER INC.,Charles P Chu,"[Huawei][Quanta][H9HD][HookF][AX211][21H2][WLAN][805739098 ] HookeF cooperates with the mobile phone. After closing the wifi and re-connecting the collaborative connection, the connection fails, and the system prompts that an 8010 event occurs. The wifi s",2022-09-27 02:20:00,NA
740904,"COMPAL ELECTRONICS, INC.",NA,"COMPAL ELECTRONICS, INC.",Franky Yang,[Dell/Compal][Teton][RPL] System longer boot(circling) time after install WLAN 22.170.2.1,2022-09-27 00:53:00,NA
740904,"COMPAL ELECTRONICS, INC.",NA,"COMPAL ELECTRONICS, INC.",Franky Yang,[Dell/Compal][Teton][RPL] System longer boot(circling) time after install WLAN 22.170.2.1,2022-09-27 00:53:00,NA
740904,"COMPAL ELECTRONICS, INC.",NA,"COMPAL ELECTRONICS, INC.",Franky Yang,[Dell/Compal][Teton][RPL] System longer boot(circling) time after install WLAN 22.170.2.1,2022-09-27 00:53:00,NA
740887,WISTRON CORPORATION,NA,WISTRON CORPORATION,Franky Yang,installed WLAN driver and start DRTU BSOD,2022-09-27 00:28:00,NA
740887,WISTRON CORPORATION,NA,WISTRON CORPORATION,Franky Yang,installed WLAN driver and start DRTU BSOD,2022-09-27 00:28:00,NA
740887,WISTRON CORPORATION,NA,WISTRON CORPORATION,Franky Yang,installed WLAN driver and start DRTU BSOD,2022-09-27 00:28:00,NA
740501,"HUAQIN TECHNOLOGY CO., LTD",NA,"Huaqin Technology Co., Ltd",Wesley Kuo,"[Huaqin][Lenovo]Raptor Lake P][C780][]22H2[AX211][BT]System encountered BSOD (0x1E) when run the S4 stress . (F/R: 1/30 by UUT, 1/1500by cycles)",2022-09-26 00:15:00,NA
740501,"HUAQIN TECHNOLOGY CO., LTD",NA,"Huaqin Technology Co., Ltd",Wesley Kuo,"[Huaqin][Lenovo]Raptor Lake P][C780][]22H2[AX211][BT]System encountered BSOD (0x1E) when run the S4 stress . (F/R: 1/30 by UUT, 1/1500by cycles)",2022-09-26 00:15:00,NA
740501,"HUAQIN TECHNOLOGY CO., LTD",NA,"Huaqin Technology Co., Ltd",Wesley Kuo,"[Huaqin][Lenovo]Raptor Lake P][C780][]22H2[AX211][BT]System encountered BSOD (0x1E) when run the S4 stress . (F/R: 1/30 by UUT, 1/1500by cycles)",2022-09-26 00:15:00,NA
739727,ELITEGROUP COMPUTER SYSTEMS CO. LTD,NA,ELITEGROUP COMPUTER SYSTEMS CO. LTD,Nicky Chen,6G AP(GT-AXE11000) can?t be searched.,2022-09-21 20:39:00,NA
739727,ELITEGROUP COMPUTER SYSTEMS CO. LTD,NA,ELITEGROUP COMPUTER SYSTEMS CO. LTD,Nicky Chen,6G AP(GT-AXE11000) can?t be searched.,2022-09-21 20:39:00,NA
739727,ELITEGROUP COMPUTER SYSTEMS CO. LTD,NA,ELITEGROUP COMPUTER SYSTEMS CO. LTD,Nicky Chen,6G AP(GT-AXE11000) can?t be searched.,2022-09-21 20:39:00,NA
739480,"HUAQIN TECHNOLOGY CO., LTD",NA,"Huaqin Technology Co., Ltd",Charles Yeh,[ASUS] [HQ] [UX3404/UP3404] [Raptor Lake] CNV_BRI_RSP&CNV_RGI_RSP not monotonous,2022-09-21 02:14:00,NA
739480,"HUAQIN TECHNOLOGY CO., LTD",NA,"Huaqin Technology Co., Ltd",Charles Yeh,[ASUS] [HQ] [UX3404/UP3404] [Raptor Lake] CNV_BRI_RSP&CNV_RGI_RSP not monotonous,2022-09-21 02:14:00,NA
739480,"HUAQIN TECHNOLOGY CO., LTD",NA,"Huaqin Technology Co., Ltd",Charles Yeh,[ASUS] [HQ] [UX3404/UP3404] [Raptor Lake] CNV_BRI_RSP&CNV_RGI_RSP not monotonous,2022-09-21 02:14:00,NA
739243,QUANTA COMPUTER INC.,NA,QUANTA COMPUTER INC.,Charles P Chu,[Huawei][Quanta][H9R][RolleF][AX201][21H2][WLAN][805727003_805754740_No.805761764]RolleF keeps failing to load the murocapi.dll library,2022-09-20 17:22:00,NA
739243,QUANTA COMPUTER INC.,NA,QUANTA COMPUTER INC.,Charles P Chu,[Huawei][Quanta][H9R][RolleF][AX201][21H2][WLAN][805727003_805754740_No.805761764]RolleF keeps failing to load the murocapi.dll library,2022-09-20 17:22:00,NA
739243,QUANTA COMPUTER INC.,NA,QUANTA COMPUTER INC.,Charles P Chu,[Huawei][Quanta][H9R][RolleF][AX201][21H2][WLAN][805727003_805754740_No.805761764]RolleF keeps failing to load the murocapi.dll library,2022-09-20 17:22:00,NA
739077,WISTRON CORPORATION,NA,WISTRON CORPORATION,Charles Yeh,enable UNII4 5.9GHz in the DRTU,2022-09-20 01:50:00,NA
739077,WISTRON CORPORATION,NA,WISTRON CORPORATION,Charles Yeh,enable UNII4 5.9GHz in the DRTU,2022-09-20 01:50:00,NA
739077,WISTRON CORPORATION,NA,WISTRON CORPORATION,Charles Yeh,enable UNII4 5.9GHz in the DRTU,2022-09-20 01:50:00,NA
739017,MSI,"MICRO-STAR INTERNATIONAL CO., LTD.","MICRO-STAR INTERNATIONAL CO., LTD.",Brandon Yang,"[MS-17L3] ADL - P ""Movie & TV Will Hang If Adjust Video With Left & Right Arrow When Play Video""",2022-09-19 23:47:00,NA
738903,WISTRON CORPORATION,NA,WISTRON CORPORATION,Franky Yang,Dell Quake Series TAS test has some problem,2022-09-19 19:46:00,NA
738903,WISTRON CORPORATION,NA,WISTRON CORPORATION,Franky Yang,Dell Quake Series TAS test has some problem,2022-09-19 19:46:00,NA
738903,WISTRON CORPORATION,NA,WISTRON CORPORATION,Franky Yang,Dell Quake Series TAS test has some problem,2022-09-19 19:46:00,NA
738856,CLEVO,NA,CLEVO CO.,Leo Chiang,[Clevo][RPL-HX][AX210] no sound playback from BT earphone,2022-09-19 18:31:00,NA
738856,CLEVO,NA,CLEVO CO.,Leo Chiang,[Clevo][RPL-HX][AX210] no sound playback from BT earphone,2022-09-19 18:31:00,NA
738856,CLEVO,NA,CLEVO CO.,Leo Chiang,[Clevo][RPL-HX][AX210] no sound playback from BT earphone,2022-09-19 18:31:00,NA
738423,"HUAQIN TECHNOLOGY CO., LTD",NA,"Huaqin Technology Co., Ltd",Wesley Kuo,The Sound output show Headset/Speaker Hands-Free mode .(F/R:30%),2022-09-17 03:38:00,NA
738423,"HUAQIN TECHNOLOGY CO., LTD",NA,"Huaqin Technology Co., Ltd",Wesley Kuo,The Sound output show Headset/Speaker Hands-Free mode .(F/R:30%),2022-09-17 03:38:00,NA
738423,"HUAQIN TECHNOLOGY CO., LTD",NA,"Huaqin Technology Co., Ltd",Wesley Kuo,The Sound output show Headset/Speaker Hands-Free mode .(F/R:30%),2022-09-17 03:38:00,NA
738338,"HUAQIN TECHNOLOGY CO., LTD",NA,"Huaqin Technology Co., Ltd",Wesley Kuo,"[Huaqin][Samsung][Titian 3-15][Intel RPL][Win11 22H2][AX201 ]Bluetooth device cannot display the name of the connected phone properly, when the Bluetooth is connected to the mobile phone. (FR: 1 out of 3 units, 2 out of 15 times)",2022-09-16 05:02:00,NA
738338,"HUAQIN TECHNOLOGY CO., LTD",NA,"Huaqin Technology Co., Ltd",Wesley Kuo,"[Huaqin][Samsung][Titian 3-15][Intel RPL][Win11 22H2][AX201 ]Bluetooth device cannot display the name of the connected phone properly, when the Bluetooth is connected to the mobile phone. (FR: 1 out of 3 units, 2 out of 15 times)",2022-09-16 05:02:00,NA
738338,"HUAQIN TECHNOLOGY CO., LTD",NA,"Huaqin Technology Co., Ltd",Wesley Kuo,"[Huaqin][Samsung][Titian 3-15][Intel RPL][Win11 22H2][AX201 ]Bluetooth device cannot display the name of the connected phone properly, when the Bluetooth is connected to the mobile phone. (FR: 1 out of 3 units, 2 out of 15 times)",2022-09-16 05:02:00,NA
738224,"FOXCONN TECHNOLOGY CO., LTD.",NA,"FOXCONN TECHNOLOGY CO., LTD.",Zhiqiang Cai,[Lenovo-IdeaPad][SIT2]System occur drop shadow during play video or dragging windows when test wireless display out with Intel AX211 WLAN card.,2022-09-15 22:48:00,NA
738224,"FOXCONN TECHNOLOGY CO., LTD.",NA,"FOXCONN TECHNOLOGY CO., LTD.",Zhiqiang Cai,[Lenovo-IdeaPad][SIT2]System occur drop shadow during play video or dragging windows when test wireless display out with Intel AX211 WLAN card.,2022-09-15 22:48:00,NA
738224,"FOXCONN TECHNOLOGY CO., LTD.",NA,"FOXCONN TECHNOLOGY CO., LTD.",Zhiqiang Cai,[Lenovo-IdeaPad][SIT2]System occur drop shadow during play video or dragging windows when test wireless display out with Intel AX211 WLAN card.,2022-09-15 22:48:00,NA
737922,"HUAQIN TECHNOLOGY CO., LTD",NA,"Huaqin Technology Co., Ltd",Zhiwei He,[HUAWEI][HUAQIN][MorganF][Intel ADL][Intel AX 211][ICPS][Win11]BSOD 0x0a occurred during running warmboot test.,2022-09-15 02:19:00,NA
737922,"HUAQIN TECHNOLOGY CO., LTD",NA,"Huaqin Technology Co., Ltd",Zhiwei He,[HUAWEI][HUAQIN][MorganF][Intel ADL][Intel AX 211][ICPS][Win11]BSOD 0x0a occurred during running warmboot test.,2022-09-15 02:19:00,NA
737922,"HUAQIN TECHNOLOGY CO., LTD",NA,"Huaqin Technology Co., Ltd",Zhiwei He,[HUAWEI][HUAQIN][MorganF][Intel ADL][Intel AX 211][ICPS][Win11]BSOD 0x0a occurred during running warmboot test.,2022-09-15 02:19:00,NA
737723,"HUAQIN TECHNOLOGY CO., LTD",NA,"Huaqin Technology Co., Ltd",Steven ZY Chen,[Acer][Halzan_ADN][NB6305A] Unit show 'Intel Wireless Bluetooth(R)' in Bluetooth setting page,2022-09-14 18:30:00,NA
737723,"HUAQIN TECHNOLOGY CO., LTD",NA,"Huaqin Technology Co., Ltd",Steven ZY Chen,[Acer][Halzan_ADN][NB6305A] Unit show 'Intel Wireless Bluetooth(R)' in Bluetooth setting page,2022-09-14 18:30:00,NA
737723,"HUAQIN TECHNOLOGY CO., LTD",NA,"Huaqin Technology Co., Ltd",Steven ZY Chen,[Acer][Halzan_ADN][NB6305A] Unit show 'Intel Wireless Bluetooth(R)' in Bluetooth setting page,2022-09-14 18:30:00,NA
737613,"HUAQIN TECHNOLOGY CO., LTD",NA,"Huaqin Technology Co., Ltd",Steven ZY Chen,"[Huaqin][Acer][Picotin_ADN][NB6303A]The volume OSD will not change when adjust Bluetooth speaker volume after resuming from S4.[ FR:1/2by UUTs,4/10by cycles ]",2022-09-14 03:05:00,NA
737613,"HUAQIN TECHNOLOGY CO., LTD",NA,"Huaqin Technology Co., Ltd",Steven ZY Chen,"[Huaqin][Acer][Picotin_ADN][NB6303A]The volume OSD will not change when adjust Bluetooth speaker volume after resuming from S4.[ FR:1/2by UUTs,4/10by cycles ]",2022-09-14 03:05:00,NA
737613,"HUAQIN TECHNOLOGY CO., LTD",NA,"Huaqin Technology Co., Ltd",Steven ZY Chen,"[Huaqin][Acer][Picotin_ADN][NB6303A]The volume OSD will not change when adjust Bluetooth speaker volume after resuming from S4.[ FR:1/2by UUTs,4/10by cycles ]",2022-09-14 03:05:00,NA
737509,"COMPAL ELECTRONICS, INC.",NA,"COMPAL ELECTRONICS, INC.",Charles Yeh,(Copy Of 00737388)[Dell/Compal] FCC 5.9GHz U-NII-4 extension bands could not see in DRTU 22.160 version for AX211(1216),2022-09-13 23:48:00,NA
737509,"COMPAL ELECTRONICS, INC.",NA,"COMPAL ELECTRONICS, INC.",Charles Yeh,(Copy Of 00737388)[Dell/Compal] FCC 5.9GHz U-NII-4 extension bands could not see in DRTU 22.160 version for AX211(1216),2022-09-13 23:48:00,NA
737509,"COMPAL ELECTRONICS, INC.",NA,"COMPAL ELECTRONICS, INC.",Charles Yeh,(Copy Of 00737388)[Dell/Compal] FCC 5.9GHz U-NII-4 extension bands could not see in DRTU 22.160 version for AX211(1216),2022-09-13 23:48:00,NA
737481,"ALLION TEST LABS, INC.",NA,"ALLION TEST LABS, INC.",Timdaway Lai,"[Kohaku][TyP2]Message ""Please restart your system"" shows in notification area one week later after installing WLAN driver.",2022-09-13 22:24:00,NA
737481,"ALLION TEST LABS, INC.",NA,"ALLION TEST LABS, INC.",Timdaway Lai,"[Kohaku][TyP2]Message ""Please restart your system"" shows in notification area one week later after installing WLAN driver.",2022-09-13 22:24:00,NA
737481,"ALLION TEST LABS, INC.",NA,"ALLION TEST LABS, INC.",Timdaway Lai,"[Kohaku][TyP2]Message ""Please restart your system"" shows in notification area one week later after installing WLAN driver.",2022-09-13 22:24:00,NA
737247,ELITEGROUP COMPUTER SYSTEMS CO. LTD,ELITEGROUP COMPUTER SYSTEMS CO. LTD,ELITEGROUP COMPUTER SYSTEMS CO. LTD,Brandon Yang,PlayReady3 failed with error code 0xc00d2ee7,2022-09-13 02:05:00,NA
735552,"HUAQIN TECHNOLOGY CO., LTD",NA,"Huaqin Technology Co., Ltd",Leo Chiang,[HONOR][HUAQIN][Fermi&Born][Intel ADL][Intel AX 201][BT][Win11]Sound become stuttering and BT mouse is not smoothly when downloading file via weak 2.4G network.,2022-09-05 20:17:00,NA
735552,"HUAQIN TECHNOLOGY CO., LTD",NA,"Huaqin Technology Co., Ltd",Leo Chiang,[HONOR][HUAQIN][Fermi&Born][Intel ADL][Intel AX 201][BT][Win11]Sound become stuttering and BT mouse is not smoothly when downloading file via weak 2.4G network.,2022-09-05 20:17:00,NA
735552,"HUAQIN TECHNOLOGY CO., LTD",NA,"Huaqin Technology Co., Ltd",Leo Chiang,[HONOR][HUAQIN][Fermi&Born][Intel ADL][Intel AX 201][BT][Win11]Sound become stuttering and BT mouse is not smoothly when downloading file via weak 2.4G network.,2022-09-05 20:17:00,NA
735233,"SHENZHEN BITLAND INFORMATION TECHNOLOGYCO., LTD.",NA,"SHENZHEN BITLAND INFORMATION TECHNOLOGYCO., LTD.",Zhiqiang Cai,"[Lenovo][Bitland][Y770s][ADL][Win11][3/5 units,6/150 cycle]The DUT into MS with Killer(R) AX1690i less than (SW:90%,HW:90%) when run wifi-MS stress test.",2022-09-04 20:13:00,NA
735233,"SHENZHEN BITLAND INFORMATION TECHNOLOGYCO., LTD.",NA,"SHENZHEN BITLAND INFORMATION TECHNOLOGYCO., LTD.",Zhiqiang Cai,"[Lenovo][Bitland][Y770s][ADL][Win11][3/5 units,6/150 cycle]The DUT into MS with Killer(R) AX1690i less than (SW:90%,HW:90%) when run wifi-MS stress test.",2022-09-04 20:13:00,NA
735233,"SHENZHEN BITLAND INFORMATION TECHNOLOGYCO., LTD.",NA,"SHENZHEN BITLAND INFORMATION TECHNOLOGYCO., LTD.",Zhiqiang Cai,"[Lenovo][Bitland][Y770s][ADL][Win11][3/5 units,6/150 cycle]The DUT into MS with Killer(R) AX1690i less than (SW:90%,HW:90%) when run wifi-MS stress test.",2022-09-04 20:13:00,NA
734441,"HUAQIN TECHNOLOGY CO., LTD",NA,"Huaqin Technology Co., Ltd",Wesley Kuo,"[Lenovo][Huaqi][S780-14 Pro][RPL][Win11 22H2][AX211]UUT occur BSOD 0x7E,and dump file point to ""BthA2dp.sys"" when turn on airplane mode and then turn on BT.[FR:1/12cycles]",2022-08-31 07:11:00,NA
734441,"HUAQIN TECHNOLOGY CO., LTD",NA,"Huaqin Technology Co., Ltd",Wesley Kuo,"[Lenovo][Huaqi][S780-14 Pro][RPL][Win11 22H2][AX211]UUT occur BSOD 0x7E,and dump file point to ""BthA2dp.sys"" when turn on airplane mode and then turn on BT.[FR:1/12cycles]",2022-08-31 07:11:00,NA
734441,"HUAQIN TECHNOLOGY CO., LTD",NA,"Huaqin Technology Co., Ltd",Wesley Kuo,"[Lenovo][Huaqi][S780-14 Pro][RPL][Win11 22H2][AX211]UUT occur BSOD 0x7E,and dump file point to ""BthA2dp.sys"" when turn on airplane mode and then turn on BT.[FR:1/12cycles]",2022-08-31 07:11:00,NA
734435,"HUAQIN TECHNOLOGY CO., LTD",NA,"Huaqin Technology Co., Ltd",Zhiqiang Cai,[Lenovo][Huaqin][S780-14 Pro][RPL][Win11 22H2][AX211&AX203]Cannot connect hotspot sucessfully.,2022-08-31 06:50:00,NA
734435,"HUAQIN TECHNOLOGY CO., LTD",NA,"Huaqin Technology Co., Ltd",Zhiqiang Cai,[Lenovo][Huaqin][S780-14 Pro][RPL][Win11 22H2][AX211&AX203]Cannot connect hotspot sucessfully.,2022-08-31 06:50:00,NA
734435,"HUAQIN TECHNOLOGY CO., LTD",NA,"Huaqin Technology Co., Ltd",Zhiqiang Cai,[Lenovo][Huaqin][S780-14 Pro][RPL][Win11 22H2][AX211&AX203]Cannot connect hotspot sucessfully.,2022-08-31 06:50:00,NA
734303,INVENTEC CORPORATION,NA,INVENTEC CORPORATION,Steven ZY Chen,[HP][IEC] - SIO2132701[Varcolac][RPL][GFP2-AX211][Win11 22000.194]BT disappear in Device Manager after PLDR test.,2022-08-31 00:55:00,NA
734303,INVENTEC CORPORATION,NA,INVENTEC CORPORATION,Steven ZY Chen,[HP][IEC] - SIO2132701[Varcolac][RPL][GFP2-AX211][Win11 22000.194]BT disappear in Device Manager after PLDR test.,2022-08-31 00:55:00,NA
734303,INVENTEC CORPORATION,NA,INVENTEC CORPORATION,Steven ZY Chen,[HP][IEC] - SIO2132701[Varcolac][RPL][GFP2-AX211][Win11 22000.194]BT disappear in Device Manager after PLDR test.,2022-08-31 00:55:00,NA
732957,ELITEGROUP COMPUTER SYSTEMS CO. LTD,NA,ELITEGROUP COMPUTER SYSTEMS CO. LTD,Wesley Kuo,we have found that the BT through put TX of BT driver 22.140.0.4 is less than 1Mbps,2022-08-25 21:30:00,NA
732957,ELITEGROUP COMPUTER SYSTEMS CO. LTD,NA,ELITEGROUP COMPUTER SYSTEMS CO. LTD,Wesley Kuo,we have found that the BT through put TX of BT driver 22.140.0.4 is less than 1Mbps,2022-08-25 21:30:00,NA
732957,ELITEGROUP COMPUTER SYSTEMS CO. LTD,NA,ELITEGROUP COMPUTER SYSTEMS CO. LTD,Wesley Kuo,we have found that the BT through put TX of BT driver 22.140.0.4 is less than 1Mbps,2022-08-25 21:30:00,NA
732595,"SHANGHAI WINGTECH ELECTRONICS TECHNOLOGYCO., LTD.",NA,"SHANGHAI WINGTECH ELECTRONICS TECHNOLOGYCO., LTD.",Zhiwei He,"[HUAWEI][Wingtech][DiracR][ADL-M][AX201[WiFi][22H2]Hotspot switch frequency, WLAN information display error",2022-08-24 23:10:00,NA
732595,"SHANGHAI WINGTECH ELECTRONICS TECHNOLOGYCO., LTD.",NA,"SHANGHAI WINGTECH ELECTRONICS TECHNOLOGYCO., LTD.",Zhiwei He,"[HUAWEI][Wingtech][DiracR][ADL-M][AX201[WiFi][22H2]Hotspot switch frequency, WLAN information display error",2022-08-24 23:10:00,NA
732595,"SHANGHAI WINGTECH ELECTRONICS TECHNOLOGYCO., LTD.",NA,"SHANGHAI WINGTECH ELECTRONICS TECHNOLOGYCO., LTD.",Zhiwei He,"[HUAWEI][Wingtech][DiracR][ADL-M][AX201[WiFi][22H2]Hotspot switch frequency, WLAN information display error",2022-08-24 23:10:00,NA
732479,QUANTA COMPUTER INC.,NA,QUANTA COMPUTER INC.,Leo Chiang,"[Honor][Quanta][H9R][GalileoF][AX201][21H2][WLAN] [#21720] After the automatic test, turn on Bluetooth, and the search list is empty when searching for devices",2022-08-24 18:07:00,NA
732479,QUANTA COMPUTER INC.,NA,QUANTA COMPUTER INC.,Leo Chiang,"[Honor][Quanta][H9R][GalileoF][AX201][21H2][WLAN] [#21720] After the automatic test, turn on Bluetooth, and the search list is empty when searching for devices",2022-08-24 18:07:00,NA
732479,QUANTA COMPUTER INC.,NA,QUANTA COMPUTER INC.,Leo Chiang,"[Honor][Quanta][H9R][GalileoF][AX201][21H2][WLAN] [#21720] After the automatic test, turn on Bluetooth, and the search list is empty when searching for devices",2022-08-24 18:07:00,NA
732340,"HUAQIN TECHNOLOGY CO., LTD",NA,"Huaqin Technology Co., Ltd",Nicky Chen,[HuaQin][Asus][UP3404VA_RPL-P][UX3404VA_VC-RPL-H][UX3402VA-RPL-P][Win11 OS 22H2]Intel ICPS(BKC31) app can not work normally(F/R:100%).,2022-08-24 03:07:00,NA
732340,"HUAQIN TECHNOLOGY CO., LTD",NA,"Huaqin Technology Co., Ltd",Nicky Chen,[HuaQin][Asus][UP3404VA_RPL-P][UX3404VA_VC-RPL-H][UX3402VA-RPL-P][Win11 OS 22H2]Intel ICPS(BKC31) app can not work normally(F/R:100%).,2022-08-24 03:07:00,NA
732340,"HUAQIN TECHNOLOGY CO., LTD",NA,"Huaqin Technology Co., Ltd",Nicky Chen,[HuaQin][Asus][UP3404VA_RPL-P][UX3404VA_VC-RPL-H][UX3402VA-RPL-P][Win11 OS 22H2]Intel ICPS(BKC31) app can not work normally(F/R:100%).,2022-08-24 03:07:00,NA
732195,BYD COMPANY LIMITED,NA,BYD COMPANY LIMITED,Zhiqiang Cai,[Razer][Sonya9][RPL-HX] AX211 RX sensitivity test value have gap with spec,2022-08-23 23:40:00,NA
732195,BYD COMPANY LIMITED,NA,BYD COMPANY LIMITED,Zhiqiang Cai,[Razer][Sonya9][RPL-HX] AX211 RX sensitivity test value have gap with spec,2022-08-23 23:40:00,NA
732195,BYD COMPANY LIMITED,NA,BYD COMPANY LIMITED,Zhiqiang Cai,[Razer][Sonya9][RPL-HX] AX211 RX sensitivity test value have gap with spec,2022-08-23 23:40:00,NA
732133,"COMPAL ELECTRONICS, INC.",NA,"COMPAL ELECTRONICS, INC.",Zhiqiang Cai,[Lenovo - Desktop] [Compal] [AIO 5 24IAP 07] [APL-H] [9560] [Win11 22H2 22621.317] [2/23] The Wlan(Intel AC-9560) show yellow bang in Device Manager during running Unigine heaven.,2022-08-23 20:30:00,NA
732133,"COMPAL ELECTRONICS, INC.",NA,"COMPAL ELECTRONICS, INC.",Zhiqiang Cai,[Lenovo - Desktop] [Compal] [AIO 5 24IAP 07] [APL-H] [9560] [Win11 22H2 22621.317] [2/23] The Wlan(Intel AC-9560) show yellow bang in Device Manager during running Unigine heaven.,2022-08-23 20:30:00,NA
732133,"COMPAL ELECTRONICS, INC.",NA,"COMPAL ELECTRONICS, INC.",Zhiqiang Cai,[Lenovo - Desktop] [Compal] [AIO 5 24IAP 07] [APL-H] [9560] [Win11 22H2 22621.317] [2/23] The Wlan(Intel AC-9560) show yellow bang in Device Manager during running Unigine heaven.,2022-08-23 20:30:00,NA
731717,"HUAQIN TECHNOLOGY CO., LTD",NA,"Huaqin Technology Co., Ltd",Steven ZY Chen,[Huaqin][Acer_Evelyne_ADL-N] [NB6302A]The Bluetooth mouse that has been successfully connected to DUT does not function after being restarted.(10%~20%),2022-08-22 20:19:00,NA
731717,"HUAQIN TECHNOLOGY CO., LTD",NA,"Huaqin Technology Co., Ltd",Steven ZY Chen,[Huaqin][Acer_Evelyne_ADL-N] [NB6302A]The Bluetooth mouse that has been successfully connected to DUT does not function after being restarted.(10%~20%),2022-08-22 20:19:00,NA
731717,"HUAQIN TECHNOLOGY CO., LTD",NA,"Huaqin Technology Co., Ltd",Steven ZY Chen,[Huaqin][Acer_Evelyne_ADL-N] [NB6302A]The Bluetooth mouse that has been successfully connected to DUT does not function after being restarted.(10%~20%),2022-08-22 20:19:00,NA
731703,ACER INCORPORATED,NA,ACER INCORPORATED,Timdaway Lai,[AX203]Very bad sensitivity in 11g/11n low rate,2022-08-22 19:49:00,NA
731703,ACER INCORPORATED,NA,ACER INCORPORATED,Timdaway Lai,[AX203]Very bad sensitivity in 11g/11n low rate,2022-08-22 19:49:00,NA
731703,ACER INCORPORATED,NA,ACER INCORPORATED,Timdaway Lai,[AX203]Very bad sensitivity in 11g/11n low rate,2022-08-22 19:49:00,NA
731490,"COMPAL ELECTRONICS, INC.",NA,"COMPAL ELECTRONICS, INC.",Wesley Kuo,[Lenovo - Desktop] [COMPAL] [Neo 50a-24IAH] [ADL-H] [9560] [Win11 22H2] [2.6%] BT yellow band,2022-08-22 02:05:00,NA
731490,"COMPAL ELECTRONICS, INC.",NA,"COMPAL ELECTRONICS, INC.",Wesley Kuo,[Lenovo - Desktop] [COMPAL] [Neo 50a-24IAH] [ADL-H] [9560] [Win11 22H2] [2.6%] BT yellow band,2022-08-22 02:05:00,NA
731490,"COMPAL ELECTRONICS, INC.",NA,"COMPAL ELECTRONICS, INC.",Wesley Kuo,[Lenovo - Desktop] [COMPAL] [Neo 50a-24IAH] [ADL-H] [9560] [Win11 22H2] [2.6%] BT yellow band,2022-08-22 02:05:00,NA
731028,"COMPAL ELECTRONICS, INC.",NA,"COMPAL ELECTRONICS, INC.",Zhiqiang Cai,"[Lenovo-Ideapad][Compal][Titan-ITU 14&15][TGL][Win11 SV2]Stress_WB test, Intel WiFI 6 AX201 device yellow bang. (Fail rate issue)",2022-08-18 23:09:00,NA
731028,"COMPAL ELECTRONICS, INC.",NA,"COMPAL ELECTRONICS, INC.",Zhiqiang Cai,"[Lenovo-Ideapad][Compal][Titan-ITU 14&15][TGL][Win11 SV2]Stress_WB test, Intel WiFI 6 AX201 device yellow bang. (Fail rate issue)",2022-08-18 23:09:00,NA
731028,"COMPAL ELECTRONICS, INC.",NA,"COMPAL ELECTRONICS, INC.",Zhiqiang Cai,"[Lenovo-Ideapad][Compal][Titan-ITU 14&15][TGL][Win11 SV2]Stress_WB test, Intel WiFI 6 AX201 device yellow bang. (Fail rate issue)",2022-08-18 23:09:00,NA
730049,QUANTA COMPUTER INC.,NA,QUANTA COMPUTER INC.,Charles P Chu,"[Huawei][Quanta][H9U][CurieF][AX211][21H2][WLAN][805669246] CurieF and mobile phone cooperate with Huawei multi-screen, softap is created in 2.4G",2022-08-16 20:27:00,NA
730049,QUANTA COMPUTER INC.,NA,QUANTA COMPUTER INC.,Charles P Chu,"[Huawei][Quanta][H9U][CurieF][AX211][21H2][WLAN][805669246] CurieF and mobile phone cooperate with Huawei multi-screen, softap is created in 2.4G",2022-08-16 20:27:00,NA
730049,QUANTA COMPUTER INC.,NA,QUANTA COMPUTER INC.,Charles P Chu,"[Huawei][Quanta][H9U][CurieF][AX211][21H2][WLAN][805669246] CurieF and mobile phone cooperate with Huawei multi-screen, softap is created in 2.4G",2022-08-16 20:27:00,NA
729763,"HUAQIN TECHNOLOGY CO., LTD",NA,"Huaqin Technology Co., Ltd",Timdaway Lai,[Gardenparty] Intel 9560 CITU running fail,2022-08-16 01:25:00,NA
729763,"HUAQIN TECHNOLOGY CO., LTD",NA,"Huaqin Technology Co., Ltd",Timdaway Lai,[Gardenparty] Intel 9560 CITU running fail,2022-08-16 01:25:00,NA
729763,"HUAQIN TECHNOLOGY CO., LTD",NA,"Huaqin Technology Co., Ltd",Timdaway Lai,[Gardenparty] Intel 9560 CITU running fail,2022-08-16 01:25:00,NA
729760,MSI,NA,"MICRO-STAR INTERNATIONAL CO., LTD.",Nicky Chen,[MSI CND] WiFi 9462 show yellow bang on JSL platform,2022-08-16 01:15:00,NA
729760,MSI,NA,"MICRO-STAR INTERNATIONAL CO., LTD.",Nicky Chen,[MSI CND] WiFi 9462 show yellow bang on JSL platform,2022-08-16 01:15:00,NA
729760,MSI,NA,"MICRO-STAR INTERNATIONAL CO., LTD.",Nicky Chen,[MSI CND] WiFi 9462 show yellow bang on JSL platform,2022-08-16 01:15:00,NA
729692,"Huaqin Technology Co., Ltd","Huaqin Technology Co., Ltd","Huaqin Technology Co., Ltd",Timdaway Lai,[Gardenparty] Intel 9560 CITU running fail,2022-08-15 23:58:00,NA
729497,WISTRON CORPORATION,NA,WISTRON CORPORATION,Charles Yeh,[Dell][Intel][ALD-P][Desktop][Inspiron 7710/5410/5411] AX211 may cause system freeze?,2022-08-15 17:43:00,NA
729497,WISTRON CORPORATION,NA,WISTRON CORPORATION,Charles Yeh,[Dell][Intel][ALD-P][Desktop][Inspiron 7710/5410/5411] AX211 may cause system freeze?,2022-08-15 17:43:00,NA
729497,WISTRON CORPORATION,NA,WISTRON CORPORATION,Charles Yeh,[Dell][Intel][ALD-P][Desktop][Inspiron 7710/5410/5411] AX211 may cause system freeze?,2022-08-15 17:43:00,NA
729460,PEGATRON CORPORATION,NA,Pegatron Corporation,Brenton Wu,[MSFT Pegatron][BirchBay][GfP2] Intel WiFi Module Rx MIMO Conductivity Sensitivity Issue,2022-08-15 08:00:00,NA
729460,PEGATRON CORPORATION,NA,Pegatron Corporation,Brenton Wu,[MSFT Pegatron][BirchBay][GfP2] Intel WiFi Module Rx MIMO Conductivity Sensitivity Issue,2022-08-15 08:00:00,NA
729460,PEGATRON CORPORATION,NA,Pegatron Corporation,Brenton Wu,[MSFT Pegatron][BirchBay][GfP2] Intel WiFi Module Rx MIMO Conductivity Sensitivity Issue,2022-08-15 08:00:00,NA
729384,"COMPAL ELECTRONICS, INC.",NA,"COMPAL ELECTRONICS, INC.",Charles Yeh,[Dell_Galio_Intel] System hang black screen w/ dump,2022-08-15 02:24:00,NA
729384,"COMPAL ELECTRONICS, INC.",NA,"COMPAL ELECTRONICS, INC.",Charles Yeh,[Dell_Galio_Intel] System hang black screen w/ dump,2022-08-15 02:24:00,NA
729384,"COMPAL ELECTRONICS, INC.",NA,"COMPAL ELECTRONICS, INC.",Charles Yeh,[Dell_Galio_Intel] System hang black screen w/ dump,2022-08-15 02:24:00,NA
729298,"HUAQIN TECHNOLOGY CO., LTD",NA,"Huaqin Technology Co., Ltd",Timdaway Lai,[Acer][huaqin][Oboe_TL]system can not wake up from modernstanby by AX201 wlan,2022-08-15 00:19:00,NA
729298,"HUAQIN TECHNOLOGY CO., LTD",NA,"Huaqin Technology Co., Ltd",Timdaway Lai,[Acer][huaqin][Oboe_TL]system can not wake up from modernstanby by AX201 wlan,2022-08-15 00:19:00,NA
729298,"HUAQIN TECHNOLOGY CO., LTD",NA,"Huaqin Technology Co., Ltd",Timdaway Lai,[Acer][huaqin][Oboe_TL]system can not wake up from modernstanby by AX201 wlan,2022-08-15 00:19:00,NA
728951,QUANTA COMPUTER INC.,NA,QUANTA COMPUTER INC.,Charles P Chu,"[Huawei][Quanta][H9U][CurieF][AX211][21H2][WLAN][805663910] The PC country code is set to CN, and it can connect to the hotspot of 100~128 channels. The specification should not support it.",2022-08-12 02:08:00,NA
728951,QUANTA COMPUTER INC.,NA,QUANTA COMPUTER INC.,Charles P Chu,"[Huawei][Quanta][H9U][CurieF][AX211][21H2][WLAN][805663910] The PC country code is set to CN, and it can connect to the hotspot of 100~128 channels. The specification should not support it.",2022-08-12 02:08:00,NA
728951,QUANTA COMPUTER INC.,NA,QUANTA COMPUTER INC.,Charles P Chu,"[Huawei][Quanta][H9U][CurieF][AX211][21H2][WLAN][805663910] The PC country code is set to CN, and it can connect to the hotspot of 100~128 channels. The specification should not support it.",2022-08-12 02:08:00,NA
728684,"FOXCONN TECHNOLOGY CO., LTD.",NA,"FOXCONN TECHNOLOGY CO., LTD.",Charles Yeh,[DELL cons/Foxconn/Intel RPL-S] [D13 Tracer RPL] TR_RPL_SUT can enter Modern Standby with AMD RX 6600XT and Killer  Wi-Fi AX1675i but Sleepstudy-report .html SW/HW69%,2022-08-11 03:39:00,NA
728684,"FOXCONN TECHNOLOGY CO., LTD.",NA,"FOXCONN TECHNOLOGY CO., LTD.",Charles Yeh,[DELL cons/Foxconn/Intel RPL-S] [D13 Tracer RPL] TR_RPL_SUT can enter Modern Standby with AMD RX 6600XT and Killer  Wi-Fi AX1675i but Sleepstudy-report .html SW/HW69%,2022-08-11 03:39:00,NA
728684,"FOXCONN TECHNOLOGY CO., LTD.",NA,"FOXCONN TECHNOLOGY CO., LTD.",Charles Yeh,[DELL cons/Foxconn/Intel RPL-S] [D13 Tracer RPL] TR_RPL_SUT can enter Modern Standby with AMD RX 6600XT and Killer  Wi-Fi AX1675i but Sleepstudy-report .html SW/HW69%,2022-08-11 03:39:00,NA
728255,"HUAQIN TECHNOLOGY CO., LTD",NA,"Huaqin Technology Co., Ltd",Leo Chiang,"[ASUS][TP3402ZA][Intel-ADL][AX201]""Sound output"" have no device when connected BT speaker",2022-08-09 23:57:00,NA
728255,"HUAQIN TECHNOLOGY CO., LTD",NA,"Huaqin Technology Co., Ltd",Leo Chiang,"[ASUS][TP3402ZA][Intel-ADL][AX201]""Sound output"" have no device when connected BT speaker",2022-08-09 23:57:00,NA
728255,"HUAQIN TECHNOLOGY CO., LTD",NA,"Huaqin Technology Co., Ltd",Leo Chiang,"[ASUS][TP3402ZA][Intel-ADL][AX201]""Sound output"" have no device when connected BT speaker",2022-08-09 23:57:00,NA
728231,QUANTA COMPUTER INC.,NA,QUANTA COMPUTER INC.,Charles P Chu,"[Huawei][Quanta][H98E][BohrF][AX201][22H2][WLAN] [AX201][BUG-20220810-57684] The SSIDs of the three AP devices are the same, but the passwords are different. If one of the three passwords is entered, the connection fails with high probability.",2022-08-09 23:05:00,NA
728231,QUANTA COMPUTER INC.,NA,QUANTA COMPUTER INC.,Charles P Chu,"[Huawei][Quanta][H98E][BohrF][AX201][22H2][WLAN] [AX201][BUG-20220810-57684] The SSIDs of the three AP devices are the same, but the passwords are different. If one of the three passwords is entered, the connection fails with high probability.",2022-08-09 23:05:00,NA
728231,QUANTA COMPUTER INC.,NA,QUANTA COMPUTER INC.,Charles P Chu,"[Huawei][Quanta][H98E][BohrF][AX201][22H2][WLAN] [AX201][BUG-20220810-57684] The SSIDs of the three AP devices are the same, but the passwords are different. If one of the three passwords is entered, the connection fails with high probability.",2022-08-09 23:05:00,NA
728012,QUANTA COMPUTER INC.,NA,QUANTA COMPUTER INC.,Charles P Chu,"[Huawei][Quanta][H98E][BohrF][AX201][22H2][WLAN] [AX201][BUG-20220809-57646] Diagnosing the WLAN card, getting an error saying ""An unexpected error has occurred. The Troubleshooting Wizard cannot continue"" F/R:100%",2022-08-09 03:29:00,NA
728012,QUANTA COMPUTER INC.,NA,QUANTA COMPUTER INC.,Charles P Chu,"[Huawei][Quanta][H98E][BohrF][AX201][22H2][WLAN] [AX201][BUG-20220809-57646] Diagnosing the WLAN card, getting an error saying ""An unexpected error has occurred. The Troubleshooting Wizard cannot continue"" F/R:100%",2022-08-09 03:29:00,NA
728012,QUANTA COMPUTER INC.,NA,QUANTA COMPUTER INC.,Charles P Chu,"[Huawei][Quanta][H98E][BohrF][AX201][22H2][WLAN] [AX201][BUG-20220809-57646] Diagnosing the WLAN card, getting an error saying ""An unexpected error has occurred. The Troubleshooting Wizard cannot continue"" F/R:100%",2022-08-09 03:29:00,NA
727978,QUANTA COMPUTER INC.,NA,QUANTA COMPUTER INC.,Charles P Chu,"[Huawei][Quanta][H98E][BohrF][AX201][22H2][WLAN] [AX201][BUG-20220809-57605] The PC country code is changed to Japan, both the PC and the Huashan display are connected to 36-channel WiFi to establish multi-screen collaboration, the softap is built on 5G,",2022-08-09 02:06:00,NA
727978,QUANTA COMPUTER INC.,NA,QUANTA COMPUTER INC.,Charles P Chu,"[Huawei][Quanta][H98E][BohrF][AX201][22H2][WLAN] [AX201][BUG-20220809-57605] The PC country code is changed to Japan, both the PC and the Huashan display are connected to 36-channel WiFi to establish multi-screen collaboration, the softap is built on 5G,",2022-08-09 02:06:00,NA
727978,QUANTA COMPUTER INC.,NA,QUANTA COMPUTER INC.,Charles P Chu,"[Huawei][Quanta][H98E][BohrF][AX201][22H2][WLAN] [AX201][BUG-20220809-57605] The PC country code is changed to Japan, both the PC and the Huashan display are connected to 36-channel WiFi to establish multi-screen collaboration, the softap is built on 5G,",2022-08-09 02:06:00,NA
727728,"HUAQIN TECHNOLOGY CO., LTD",NA,"Huaqin Technology Co., Ltd",Leo Chiang,[HONOR][HUAQIN][FermiF&BornF][Intel ADL][Intel AX 201][BT][Win11]BT driver show YB and its missing in settings after turning on and off by cycles.,2022-08-08 07:52:00,NA
727728,"HUAQIN TECHNOLOGY CO., LTD",NA,"Huaqin Technology Co., Ltd",Leo Chiang,[HONOR][HUAQIN][FermiF&BornF][Intel ADL][Intel AX 201][BT][Win11]BT driver show YB and its missing in settings after turning on and off by cycles.,2022-08-08 07:52:00,NA
727728,"HUAQIN TECHNOLOGY CO., LTD",NA,"Huaqin Technology Co., Ltd",Leo Chiang,[HONOR][HUAQIN][FermiF&BornF][Intel ADL][Intel AX 201][BT][Win11]BT driver show YB and its missing in settings after turning on and off by cycles.,2022-08-08 07:52:00,NA
727713,"HUAQIN TECHNOLOGY CO., LTD",NA,"Huaqin Technology Co., Ltd",Leo Chiang,[HONOR][HUAQIN][FermiF&BornF][Intel ADL][Intel AX 201][BT][Win11]BT device still show connected when Bluetooth turned off.,2022-08-08 06:31:00,NA
727713,"HUAQIN TECHNOLOGY CO., LTD",NA,"Huaqin Technology Co., Ltd",Leo Chiang,[HONOR][HUAQIN][FermiF&BornF][Intel ADL][Intel AX 201][BT][Win11]BT device still show connected when Bluetooth turned off.,2022-08-08 06:31:00,NA
727713,"HUAQIN TECHNOLOGY CO., LTD",NA,"Huaqin Technology Co., Ltd",Leo Chiang,[HONOR][HUAQIN][FermiF&BornF][Intel ADL][Intel AX 201][BT][Win11]BT device still show connected when Bluetooth turned off.,2022-08-08 06:31:00,NA
727467,QUANTA COMPUTER INC.,NA,QUANTA COMPUTER INC.,Charles P Chu,"[Huawei][Quanta][H82][DaqianF][AX201][22H2][WLAN] [AX201][CPM20220807005099]DUT and Huawei smart screen (V65i, HEGE-560B) establish mirror/expansion collaboration, DUT uses media player/QQ music/Tencent video to play local audio, during playback, DUT sele",2022-08-07 19:07:00,NA
727467,QUANTA COMPUTER INC.,NA,QUANTA COMPUTER INC.,Charles P Chu,"[Huawei][Quanta][H82][DaqianF][AX201][22H2][WLAN] [AX201][CPM20220807005099]DUT and Huawei smart screen (V65i, HEGE-560B) establish mirror/expansion collaboration, DUT uses media player/QQ music/Tencent video to play local audio, during playback, DUT sele",2022-08-07 19:07:00,NA
727467,QUANTA COMPUTER INC.,NA,QUANTA COMPUTER INC.,Charles P Chu,"[Huawei][Quanta][H82][DaqianF][AX201][22H2][WLAN] [AX201][CPM20220807005099]DUT and Huawei smart screen (V65i, HEGE-560B) establish mirror/expansion collaboration, DUT uses media player/QQ music/Tencent video to play local audio, during playback, DUT sele",2022-08-07 19:07:00,NA
727457,QUANTA COMPUTER INC.,NA,QUANTA COMPUTER INC.,Charles P Chu,"[Huawei][Quanta][H82][DaqianF][AX201][22H2][WLAN] [AX201][CPM20220807005098] DUT and Huawei smart screen (V65i, HEGE-560B) establish mirror collaboration, and the font display on the smart screen is blurred. At this time, the DUT can manually switch the d",2022-08-07 18:59:00,NA
727457,QUANTA COMPUTER INC.,NA,QUANTA COMPUTER INC.,Charles P Chu,"[Huawei][Quanta][H82][DaqianF][AX201][22H2][WLAN] [AX201][CPM20220807005098] DUT and Huawei smart screen (V65i, HEGE-560B) establish mirror collaboration, and the font display on the smart screen is blurred. At this time, the DUT can manually switch the d",2022-08-07 18:59:00,NA
727457,QUANTA COMPUTER INC.,NA,QUANTA COMPUTER INC.,Charles P Chu,"[Huawei][Quanta][H82][DaqianF][AX201][22H2][WLAN] [AX201][CPM20220807005098] DUT and Huawei smart screen (V65i, HEGE-560B) establish mirror collaboration, and the font display on the smart screen is blurred. At this time, the DUT can manually switch the d",2022-08-07 18:59:00,NA
727447,"SHANGHAI WINGTECH ELECTRONICS TECHNOLOGYCO., LTD.",NA,"SHANGHAI WINGTECH ELECTRONICS TECHNOLOGYCO., LTD.",Zhiwei He,[HUAWEI][Wingtech][DiracR][ADL-M][AX201[WiFi][22H2]The phone fails to connect again through the Miracast function,2022-08-07 18:37:00,NA
727447,"SHANGHAI WINGTECH ELECTRONICS TECHNOLOGYCO., LTD.",NA,"SHANGHAI WINGTECH ELECTRONICS TECHNOLOGYCO., LTD.",Zhiwei He,[HUAWEI][Wingtech][DiracR][ADL-M][AX201[WiFi][22H2]The phone fails to connect again through the Miracast function,2022-08-07 18:37:00,NA
727447,"SHANGHAI WINGTECH ELECTRONICS TECHNOLOGYCO., LTD.",NA,"SHANGHAI WINGTECH ELECTRONICS TECHNOLOGYCO., LTD.",Zhiwei He,[HUAWEI][Wingtech][DiracR][ADL-M][AX201[WiFi][22H2]The phone fails to connect again through the Miracast function,2022-08-07 18:37:00,NA
727417,"HUAQIN TECHNOLOGY CO., LTD",NA,"Huaqin Technology Co., Ltd",Leo Chiang,[HONOR][HUAQIN][FermiF&BornF][Intel ADL][Intel AX 201][BT][Win11]BT mouse would disconnected unexpectly after connecting succussfully.,2022-08-05 20:34:00,NA
727417,"HUAQIN TECHNOLOGY CO., LTD",NA,"Huaqin Technology Co., Ltd",Leo Chiang,[HONOR][HUAQIN][FermiF&BornF][Intel ADL][Intel AX 201][BT][Win11]BT mouse would disconnected unexpectly after connecting succussfully.,2022-08-05 20:34:00,NA
727417,"HUAQIN TECHNOLOGY CO., LTD",NA,"Huaqin Technology Co., Ltd",Leo Chiang,[HONOR][HUAQIN][FermiF&BornF][Intel ADL][Intel AX 201][BT][Win11]BT mouse would disconnected unexpectly after connecting succussfully.,2022-08-05 20:34:00,NA
726826,QUANTA COMPUTER INC.,NA,QUANTA COMPUTER INC.,Charles P Chu,[Huawei] [Quanta] [CurieF][AX211][22H2][WLAN]RFIM Implement Problem,2022-08-03 19:55:00,NA
726826,QUANTA COMPUTER INC.,NA,QUANTA COMPUTER INC.,Charles P Chu,[Huawei] [Quanta] [CurieF][AX211][22H2][WLAN]RFIM Implement Problem,2022-08-03 19:55:00,NA
726826,QUANTA COMPUTER INC.,NA,QUANTA COMPUTER INC.,Charles P Chu,[Huawei] [Quanta] [CurieF][AX211][22H2][WLAN]RFIM Implement Problem,2022-08-03 19:55:00,NA
726822,"FOXCONN TECHNOLOGY CO., LTD.",NA,"FOXCONN TECHNOLOGY CO., LTD.",Timdaway Lai,[HP][Foxconn][RPL][GFP2-AX211][Win11 22H2 Build 22621]BSOD without dump_(Stop code: DRIVER VERIFIER DMA VIOLATION) occurs and can't boot to OS successfully after connect Wi-Fi network in F3.,2022-08-03 19:50:00,NA
726822,"FOXCONN TECHNOLOGY CO., LTD.",NA,"FOXCONN TECHNOLOGY CO., LTD.",Timdaway Lai,[HP][Foxconn][RPL][GFP2-AX211][Win11 22H2 Build 22621]BSOD without dump_(Stop code: DRIVER VERIFIER DMA VIOLATION) occurs and can't boot to OS successfully after connect Wi-Fi network in F3.,2022-08-03 19:50:00,NA
726822,"FOXCONN TECHNOLOGY CO., LTD.",NA,"FOXCONN TECHNOLOGY CO., LTD.",Timdaway Lai,[HP][Foxconn][RPL][GFP2-AX211][Win11 22H2 Build 22621]BSOD without dump_(Stop code: DRIVER VERIFIER DMA VIOLATION) occurs and can't boot to OS successfully after connect Wi-Fi network in F3.,2022-08-03 19:50:00,NA
726507,"COMPAL ELECTRONICS, INC.",NA,"COMPAL ELECTRONICS, INC.",Charles Yeh,[Dell/Compal][BMMLK]System can't enter MS HW drips when connect WLAN,2022-08-02 22:37:00,NA
726507,"COMPAL ELECTRONICS, INC.",NA,"COMPAL ELECTRONICS, INC.",Charles Yeh,[Dell/Compal][BMMLK]System can't enter MS HW drips when connect WLAN,2022-08-02 22:37:00,NA
726507,"COMPAL ELECTRONICS, INC.",NA,"COMPAL ELECTRONICS, INC.",Charles Yeh,[Dell/Compal][BMMLK]System can't enter MS HW drips when connect WLAN,2022-08-02 22:37:00,NA
726320,NEC,NA,"NEC PERSONAL COMPUTERS,LTD.",Timdaway Lai,[NECPC-JP][WirelessLAN]ID:5006/5010(level: Error)(source: Netwtw10) occurs in the event log.,2022-08-02 03:32:00,NA
726320,NEC,NA,"NEC PERSONAL COMPUTERS,LTD.",Timdaway Lai,[NECPC-JP][WirelessLAN]ID:5006/5010(level: Error)(source: Netwtw10) occurs in the event log.,2022-08-02 03:32:00,NA
726320,NEC,NA,"NEC PERSONAL COMPUTERS,LTD.",Timdaway Lai,[NECPC-JP][WirelessLAN]ID:5006/5010(level: Error)(source: Netwtw10) occurs in the event log.,2022-08-02 03:32:00,NA
726303,QUANTA COMPUTER INC.,NA,QUANTA COMPUTER INC.,Brenton Wu,[MSFT][Quanta][Salix][ADL-N][AX201][Win11] WiFi 5G ax160 CH36 throughput rate is lower,2022-08-02 02:35:00,NA
726303,QUANTA COMPUTER INC.,NA,QUANTA COMPUTER INC.,Brenton Wu,[MSFT][Quanta][Salix][ADL-N][AX201][Win11] WiFi 5G ax160 CH36 throughput rate is lower,2022-08-02 02:35:00,NA
726303,QUANTA COMPUTER INC.,NA,QUANTA COMPUTER INC.,Brenton Wu,[MSFT][Quanta][Salix][ADL-N][AX201][Win11] WiFi 5G ax160 CH36 throughput rate is lower,2022-08-02 02:35:00,NA
726112,"HUAQIN TECHNOLOGY CO., LTD",NA,"Huaqin Technology Co., Ltd",Leo Chiang,[HONOR][HUAQIN][FermiF&BornF][Intel ADL][Intel AX 201][BT][Win11]File transfer failed when send file from mobile phone to DUT by BT.,2022-08-01 19:52:00,NA
726112,"HUAQIN TECHNOLOGY CO., LTD",NA,"Huaqin Technology Co., Ltd",Leo Chiang,[HONOR][HUAQIN][FermiF&BornF][Intel ADL][Intel AX 201][BT][Win11]File transfer failed when send file from mobile phone to DUT by BT.,2022-08-01 19:52:00,NA
726112,"HUAQIN TECHNOLOGY CO., LTD",NA,"Huaqin Technology Co., Ltd",Leo Chiang,[HONOR][HUAQIN][FermiF&BornF][Intel ADL][Intel AX 201][BT][Win11]File transfer failed when send file from mobile phone to DUT by BT.,2022-08-01 19:52:00,NA
726001,"HUAQIN TECHNOLOGY CO., LTD",NA,"Huaqin Technology Co., Ltd",Zhiwei He,[HUAWEI][HUAQIN][EmmyF][Intel ADL][Intel AX 201][WIFI][Win11] Failure to assign IP addresses when from 2.4G to connect 5G AP,2022-08-01 07:11:00,NA
726001,"HUAQIN TECHNOLOGY CO., LTD",NA,"Huaqin Technology Co., Ltd",Zhiwei He,[HUAWEI][HUAQIN][EmmyF][Intel ADL][Intel AX 201][WIFI][Win11] Failure to assign IP addresses when from 2.4G to connect 5G AP,2022-08-01 07:11:00,NA
726001,"HUAQIN TECHNOLOGY CO., LTD",NA,"Huaqin Technology Co., Ltd",Zhiwei He,[HUAWEI][HUAQIN][EmmyF][Intel ADL][Intel AX 201][WIFI][Win11] Failure to assign IP addresses when from 2.4G to connect 5G AP,2022-08-01 07:11:00,NA
725995,"HUAQIN TECHNOLOGY CO., LTD",NA,"Huaqin Technology Co., Ltd",Zhiqiang Cai,"[Huaqin][Lenovo][NB6287A][Intel ADL][Win11R][AX201/AX211]UUT 2 meters away from miracast display screen 1080p video lag.(FR: 3 out of 3 units, 6 out of 6 times)",2022-08-01 06:33:00,NA
725995,"HUAQIN TECHNOLOGY CO., LTD",NA,"Huaqin Technology Co., Ltd",Zhiqiang Cai,"[Huaqin][Lenovo][NB6287A][Intel ADL][Win11R][AX201/AX211]UUT 2 meters away from miracast display screen 1080p video lag.(FR: 3 out of 3 units, 6 out of 6 times)",2022-08-01 06:33:00,NA
725995,"HUAQIN TECHNOLOGY CO., LTD",NA,"Huaqin Technology Co., Ltd",Zhiqiang Cai,"[Huaqin][Lenovo][NB6287A][Intel ADL][Win11R][AX201/AX211]UUT 2 meters away from miracast display screen 1080p video lag.(FR: 3 out of 3 units, 6 out of 6 times)",2022-08-01 06:33:00,NA
725982,"HUAQIN TECHNOLOGY CO., LTD",NA,"Huaqin Technology Co., Ltd",Zhiwei He,"[HUAWEI][HUAQIN][EmmyF][Intel ADL][Intel AX 201][WIFI][Win11] Cannot connect the ximiao AP ""AX6S"" when setting 2.4G WAP3",2022-08-01 05:38:00,NA
725982,"HUAQIN TECHNOLOGY CO., LTD",NA,"Huaqin Technology Co., Ltd",Zhiwei He,"[HUAWEI][HUAQIN][EmmyF][Intel ADL][Intel AX 201][WIFI][Win11] Cannot connect the ximiao AP ""AX6S"" when setting 2.4G WAP3",2022-08-01 05:38:00,NA
725982,"HUAQIN TECHNOLOGY CO., LTD",NA,"Huaqin Technology Co., Ltd",Zhiwei He,"[HUAWEI][HUAQIN][EmmyF][Intel ADL][Intel AX 201][WIFI][Win11] Cannot connect the ximiao AP ""AX6S"" when setting 2.4G WAP3",2022-08-01 05:38:00,NA
725708,"HUAQIN TECHNOLOGY CO., LTD",NA,"Huaqin Technology Co., Ltd",Leo Chiang,[HONOR][HUAQIN][FermiF&BornF][Intel ADL][Intel AX 201][BT][Win11]BT device still show connected when Bluetooth turned off.,2022-07-31 19:18:00,NA
725708,"HUAQIN TECHNOLOGY CO., LTD",NA,"Huaqin Technology Co., Ltd",Leo Chiang,[HONOR][HUAQIN][FermiF&BornF][Intel ADL][Intel AX 201][BT][Win11]BT device still show connected when Bluetooth turned off.,2022-07-31 19:18:00,NA
725708,"HUAQIN TECHNOLOGY CO., LTD",NA,"Huaqin Technology Co., Ltd",Leo Chiang,[HONOR][HUAQIN][FermiF&BornF][Intel ADL][Intel AX 201][BT][Win11]BT device still show connected when Bluetooth turned off.,2022-07-31 19:18:00,NA
725631,"HUAQIN TECHNOLOGY CO., LTD",NA,"Huaqin Technology Co., Ltd",Leo Chiang,[HONOR][HUAQIN][FermiF&BornF][Intel ADL][Intel AX 201][BT][Win11]BT headset show driver error in system settings after turning on and off BT.,2022-07-29 20:00:00,NA
725631,"HUAQIN TECHNOLOGY CO., LTD",NA,"Huaqin Technology Co., Ltd",Leo Chiang,[HONOR][HUAQIN][FermiF&BornF][Intel ADL][Intel AX 201][BT][Win11]BT headset show driver error in system settings after turning on and off BT.,2022-07-29 20:00:00,NA
725631,"HUAQIN TECHNOLOGY CO., LTD",NA,"Huaqin Technology Co., Ltd",Leo Chiang,[HONOR][HUAQIN][FermiF&BornF][Intel ADL][Intel AX 201][BT][Win11]BT headset show driver error in system settings after turning on and off BT.,2022-07-29 20:00:00,NA
725276,"COMPAL ELECTRONICS, INC.",NA,"COMPAL ELECTRONICS, INC.",Zhiqiang Cai,(Copy Of 00660802) [Lenovo-Ideapad][Compal][V350][ADL-P][Win11] AX211 WLAN card Wifi auto disconnect when run Wifi S3 w/ 6G network,2022-07-28 22:23:00,NA
725276,"COMPAL ELECTRONICS, INC.",NA,"COMPAL ELECTRONICS, INC.",Zhiqiang Cai,(Copy Of 00660802) [Lenovo-Ideapad][Compal][V350][ADL-P][Win11] AX211 WLAN card Wifi auto disconnect when run Wifi S3 w/ 6G network,2022-07-28 22:23:00,NA
725276,"COMPAL ELECTRONICS, INC.",NA,"COMPAL ELECTRONICS, INC.",Zhiqiang Cai,(Copy Of 00660802) [Lenovo-Ideapad][Compal][V350][ADL-P][Win11] AX211 WLAN card Wifi auto disconnect when run Wifi S3 w/ 6G network,2022-07-28 22:23:00,NA
724531,QUANTA COMPUTER INC.,NA,QUANTA COMPUTER INC.,Brenton Wu,[MSFT][V81B]11a/g_54Mbps Chain A + Chain B Sensitivity 3dB lower compared with V81A under DC Power Mode,2022-07-28 01:07:00,NA
724531,QUANTA COMPUTER INC.,NA,QUANTA COMPUTER INC.,Brenton Wu,[MSFT][V81B]11a/g_54Mbps Chain A + Chain B Sensitivity 3dB lower compared with V81A under DC Power Mode,2022-07-28 01:07:00,NA
724531,QUANTA COMPUTER INC.,NA,QUANTA COMPUTER INC.,Brenton Wu,[MSFT][V81B]11a/g_54Mbps Chain A + Chain B Sensitivity 3dB lower compared with V81A under DC Power Mode,2022-07-28 01:07:00,NA
724512,QUANTA COMPUTER INC.,NA,QUANTA COMPUTER INC.,Brenton Wu,[MSFT][Yushan/Z96] 11a/g_54Mbps Chain A + Chain B Sensitivity 3dB lower compared with Z93 under DC Power Mode,2022-07-28 00:51:00,NA
724512,QUANTA COMPUTER INC.,NA,QUANTA COMPUTER INC.,Brenton Wu,[MSFT][Yushan/Z96] 11a/g_54Mbps Chain A + Chain B Sensitivity 3dB lower compared with Z93 under DC Power Mode,2022-07-28 00:51:00,NA
724512,QUANTA COMPUTER INC.,NA,QUANTA COMPUTER INC.,Brenton Wu,[MSFT][Yushan/Z96] 11a/g_54Mbps Chain A + Chain B Sensitivity 3dB lower compared with Z93 under DC Power Mode,2022-07-28 00:51:00,NA
724493,QUANTA COMPUTER INC.,NA,QUANTA COMPUTER INC.,Brenton Wu,[MSFT][Z95] Need Chain B only and Chain A + Chain B (2Rx) commands support in signaling mode,2022-07-28 00:17:00,NA
724493,QUANTA COMPUTER INC.,NA,QUANTA COMPUTER INC.,Brenton Wu,[MSFT][Z95] Need Chain B only and Chain A + Chain B (2Rx) commands support in signaling mode,2022-07-28 00:17:00,NA
724493,QUANTA COMPUTER INC.,NA,QUANTA COMPUTER INC.,Brenton Wu,[MSFT][Z95] Need Chain B only and Chain A + Chain B (2Rx) commands support in signaling mode,2022-07-28 00:17:00,NA
724327,"COMPAL ELECTRONICS, INC.",NA,"COMPAL ELECTRONICS, INC.",Charles Yeh,[Dell/Compal][Teton][RPL-P] Review Power Sequence for WLAN,2022-07-27 19:08:00,NA
724327,"COMPAL ELECTRONICS, INC.",NA,"COMPAL ELECTRONICS, INC.",Charles Yeh,[Dell/Compal][Teton][RPL-P] Review Power Sequence for WLAN,2022-07-27 19:08:00,NA
724327,"COMPAL ELECTRONICS, INC.",NA,"COMPAL ELECTRONICS, INC.",Charles Yeh,[Dell/Compal][Teton][RPL-P] Review Power Sequence for WLAN,2022-07-27 19:08:00,NA
723710,"HUAQIN TECHNOLOGY CO., LTD",NA,"Huaqin Technology Co., Ltd",Leo Chiang,[HONOR][HUAQIN][FermiF&BornF][Intel ADL][Intel AX 201][BT][Win11]No sounds output from BT headset and it only show connected voice in device setting when reconnecting it to PC,2022-07-26 05:32:00,NA
723710,"HUAQIN TECHNOLOGY CO., LTD",NA,"Huaqin Technology Co., Ltd",Leo Chiang,[HONOR][HUAQIN][FermiF&BornF][Intel ADL][Intel AX 201][BT][Win11]No sounds output from BT headset and it only show connected voice in device setting when reconnecting it to PC,2022-07-26 05:32:00,NA
723710,"HUAQIN TECHNOLOGY CO., LTD",NA,"Huaqin Technology Co., Ltd",Leo Chiang,[HONOR][HUAQIN][FermiF&BornF][Intel ADL][Intel AX 201][BT][Win11]No sounds output from BT headset and it only show connected voice in device setting when reconnecting it to PC,2022-07-26 05:32:00,NA
723691,MSI,"MICRO-STAR INTERNATIONAL CO., LTD.","MICRO-STAR INTERNATIONAL CO., LTD.",Brandon Yang,[MSI][MS-1584][ADL-P]play the PUBG game and find the screen is torn,2022-07-26 03:41:00,NA
723669,"COMPAL ELECTRONICS, INC.",NA,"COMPAL ELECTRONICS, INC.",Franky Yang,[Dell/Compal][[Portofino]Sometimes SUT won't auto re-connect to 6G Wi-Fi SSID after resume from S4/S5,2022-07-26 02:42:00,NA
723669,"COMPAL ELECTRONICS, INC.",NA,"COMPAL ELECTRONICS, INC.",Franky Yang,[Dell/Compal][[Portofino]Sometimes SUT won't auto re-connect to 6G Wi-Fi SSID after resume from S4/S5,2022-07-26 02:42:00,NA
723669,"COMPAL ELECTRONICS, INC.",NA,"COMPAL ELECTRONICS, INC.",Franky Yang,[Dell/Compal][[Portofino]Sometimes SUT won't auto re-connect to 6G Wi-Fi SSID after resume from S4/S5,2022-07-26 02:42:00,NA
723661,QUANTA COMPUTER INC.,NA,QUANTA COMPUTER INC.,Charles P Chu,"[Huawei][Quanta][H9U][CurieF][AX211][22H2][ICPS][805633796] CurieF cooperates with the mobile phone to freeze the screen, and the mobile phone wifi driver log shows that the mobile phone sends ARP req to the PC, but does not receive the ARP rsp from the P",2022-07-26 02:17:00,NA
723661,QUANTA COMPUTER INC.,NA,QUANTA COMPUTER INC.,Charles P Chu,"[Huawei][Quanta][H9U][CurieF][AX211][22H2][ICPS][805633796] CurieF cooperates with the mobile phone to freeze the screen, and the mobile phone wifi driver log shows that the mobile phone sends ARP req to the PC, but does not receive the ARP rsp from the P",2022-07-26 02:17:00,NA
723661,QUANTA COMPUTER INC.,NA,QUANTA COMPUTER INC.,Charles P Chu,"[Huawei][Quanta][H9U][CurieF][AX211][22H2][ICPS][805633796] CurieF cooperates with the mobile phone to freeze the screen, and the mobile phone wifi driver log shows that the mobile phone sends ARP req to the PC, but does not receive the ARP rsp from the P",2022-07-26 02:17:00,NA
723657,QUANTA COMPUTER INC.,NA,QUANTA COMPUTER INC.,Charles P Chu,"[Huawei][Quanta][H99E][NobelF][AX201][21H2][BT] [AX201][805633755 ]PC-PAD connected to 1-channel wifi and cooperate to establish P2P. After the PC cooperates, turn off the wifi switch and then turn on the wifi switch. the upper layer re-establishes P2P.",2022-07-26 02:11:00,NA
723657,QUANTA COMPUTER INC.,NA,QUANTA COMPUTER INC.,Charles P Chu,"[Huawei][Quanta][H99E][NobelF][AX201][21H2][BT] [AX201][805633755 ]PC-PAD connected to 1-channel wifi and cooperate to establish P2P. After the PC cooperates, turn off the wifi switch and then turn on the wifi switch. the upper layer re-establishes P2P.",2022-07-26 02:11:00,NA
723657,QUANTA COMPUTER INC.,NA,QUANTA COMPUTER INC.,Charles P Chu,"[Huawei][Quanta][H99E][NobelF][AX201][21H2][BT] [AX201][805633755 ]PC-PAD connected to 1-channel wifi and cooperate to establish P2P. After the PC cooperates, turn off the wifi switch and then turn on the wifi switch. the upper layer re-establishes P2P.",2022-07-26 02:11:00,NA
723635,INVENTEC CORPORATION,NA,INVENTEC CORPORATION,Frank Lee,[HP][Inventec][Boggle][RPL-S][GfP2-AX211][Win11 Pro ] Wlan UNII-4 & DRTU,2022-07-26 01:03:00,NA
723635,INVENTEC CORPORATION,NA,INVENTEC CORPORATION,Frank Lee,[HP][Inventec][Boggle][RPL-S][GfP2-AX211][Win11 Pro ] Wlan UNII-4 & DRTU,2022-07-26 01:03:00,NA
723635,INVENTEC CORPORATION,NA,INVENTEC CORPORATION,Frank Lee,[HP][Inventec][Boggle][RPL-S][GfP2-AX211][Win11 Pro ] Wlan UNII-4 & DRTU,2022-07-26 01:03:00,NA
723628,QUANTA COMPUTER INC.,NA,QUANTA COMPUTER INC.,Leo Chiang,[MSFT][Z95]AX201 NGW  RX BT sensitivity  issue,2022-07-26 00:49:00,NA
723628,QUANTA COMPUTER INC.,NA,QUANTA COMPUTER INC.,Leo Chiang,[MSFT][Z95]AX201 NGW  RX BT sensitivity  issue,2022-07-26 00:49:00,NA
723628,QUANTA COMPUTER INC.,NA,QUANTA COMPUTER INC.,Leo Chiang,[MSFT][Z95]AX201 NGW  RX BT sensitivity  issue,2022-07-26 00:49:00,NA
723568,"COMPAL ELECTRONICS, INC.",NA,"COMPAL ELECTRONICS, INC.",Zhiqiang Cai,[Lenovo-Ideapad][Compal][V350][ADL][Win11SV2] Can't search 6G AP after modifi area to US by ANT tool,2022-07-25 22:51:00,NA
723568,"COMPAL ELECTRONICS, INC.",NA,"COMPAL ELECTRONICS, INC.",Zhiqiang Cai,[Lenovo-Ideapad][Compal][V350][ADL][Win11SV2] Can't search 6G AP after modifi area to US by ANT tool,2022-07-25 22:51:00,NA
723568,"COMPAL ELECTRONICS, INC.",NA,"COMPAL ELECTRONICS, INC.",Zhiqiang Cai,[Lenovo-Ideapad][Compal][V350][ADL][Win11SV2] Can't search 6G AP after modifi area to US by ANT tool,2022-07-25 22:51:00,NA
723508,"COMPAL ELECTRONICS, INC.",NA,"COMPAL ELECTRONICS, INC.",Nicky Chen,[ASUS][Compal][A3402WBA_A3202WBA]BSOD(0x9f) w/o backlight during run S4 stress.,2022-07-25 20:39:00,NA
723508,"COMPAL ELECTRONICS, INC.",NA,"COMPAL ELECTRONICS, INC.",Nicky Chen,[ASUS][Compal][A3402WBA_A3202WBA]BSOD(0x9f) w/o backlight during run S4 stress.,2022-07-25 20:39:00,NA
723508,"COMPAL ELECTRONICS, INC.",NA,"COMPAL ELECTRONICS, INC.",Nicky Chen,[ASUS][Compal][A3402WBA_A3202WBA]BSOD(0x9f) w/o backlight during run S4 stress.,2022-07-25 20:39:00,NA
723229,QUANTA COMPUTER INC.,NA,QUANTA COMPUTER INC.,Charles P Chu,"[Huawei][Quanta][H9U][CurieF][AX211][22H2][ICPS][BUG-20220721-56531] Run Step stabilit_00100?fastboot?. one unit meet BSOD 0A. IntcCo11X64.sys, F/R:1/20 units , per unit 500 cycles",2022-07-25 01:16:00,NA
723229,QUANTA COMPUTER INC.,NA,QUANTA COMPUTER INC.,Charles P Chu,"[Huawei][Quanta][H9U][CurieF][AX211][22H2][ICPS][BUG-20220721-56531] Run Step stabilit_00100?fastboot?. one unit meet BSOD 0A. IntcCo11X64.sys, F/R:1/20 units , per unit 500 cycles",2022-07-25 01:16:00,NA
723229,QUANTA COMPUTER INC.,NA,QUANTA COMPUTER INC.,Charles P Chu,"[Huawei][Quanta][H9U][CurieF][AX211][22H2][ICPS][BUG-20220721-56531] Run Step stabilit_00100?fastboot?. one unit meet BSOD 0A. IntcCo11X64.sys, F/R:1/20 units , per unit 500 cycles",2022-07-25 01:16:00,NA
723176,"HUAQIN TECHNOLOGY CO., LTD",NA,"Huaqin Technology Co., Ltd",Leo Chiang,[HONOR][HUAQIN][FermiF&BornF][Intel ADL][Intel AX 201][BT][Win11]BT mouse does not work and keep switching between connected and paired when reconnecting it to PC.,2022-07-24 23:27:00,NA
723176,"HUAQIN TECHNOLOGY CO., LTD",NA,"Huaqin Technology Co., Ltd",Leo Chiang,[HONOR][HUAQIN][FermiF&BornF][Intel ADL][Intel AX 201][BT][Win11]BT mouse does not work and keep switching between connected and paired when reconnecting it to PC.,2022-07-24 23:27:00,NA
723176,"HUAQIN TECHNOLOGY CO., LTD",NA,"Huaqin Technology Co., Ltd",Leo Chiang,[HONOR][HUAQIN][FermiF&BornF][Intel ADL][Intel AX 201][BT][Win11]BT mouse does not work and keep switching between connected and paired when reconnecting it to PC.,2022-07-24 23:27:00,NA
723102,CLEVO,NA,CLEVO CO.,Leo Chiang,[AMD][Clevo]AX200 BT no function after resume from S3 @ AMD  Cezanne Ryzen 5,2022-07-24 20:16:00,NA
723102,CLEVO,NA,CLEVO CO.,Leo Chiang,[AMD][Clevo]AX200 BT no function after resume from S3 @ AMD  Cezanne Ryzen 5,2022-07-24 20:16:00,NA
723102,CLEVO,NA,CLEVO CO.,Leo Chiang,[AMD][Clevo]AX200 BT no function after resume from S3 @ AMD  Cezanne Ryzen 5,2022-07-24 20:16:00,NA
722955,QUANTA COMPUTER INC.,NA,QUANTA COMPUTER INC.,Timdaway Lai,The system cannot boot up with AX201 but OK after change to AX211,2022-07-22 05:31:00,NA
722955,QUANTA COMPUTER INC.,NA,QUANTA COMPUTER INC.,Timdaway Lai,The system cannot boot up with AX201 but OK after change to AX211,2022-07-22 05:31:00,NA
722955,QUANTA COMPUTER INC.,NA,QUANTA COMPUTER INC.,Timdaway Lai,The system cannot boot up with AX201 but OK after change to AX211,2022-07-22 05:31:00,NA
722706,QUANTA COMPUTER INC.,QUANTA COMPUTER INC.,QUANTA COMPUTER INC.,Timdaway Lai,System cannot boot with CNVi 1650/AX201,2022-07-21 17:53:00,NA
722300,QUANTA COMPUTER INC.,NA,QUANTA COMPUTER INC.,Charles P Chu,[Huawei][Quanta][WrightD][TGL][22H2][WIFI][BUG-20220720-56461]The test machine and the auxiliary mobile phone (Huawei P40) are connected to a 2.4G network and establish multi-screen collaboration. The channel that softap has a probability to establish is,2022-07-20 17:51:00,NA
722300,QUANTA COMPUTER INC.,NA,QUANTA COMPUTER INC.,Charles P Chu,[Huawei][Quanta][WrightD][TGL][22H2][WIFI][BUG-20220720-56461]The test machine and the auxiliary mobile phone (Huawei P40) are connected to a 2.4G network and establish multi-screen collaboration. The channel that softap has a probability to establish is,2022-07-20 17:51:00,NA
722300,QUANTA COMPUTER INC.,NA,QUANTA COMPUTER INC.,Charles P Chu,[Huawei][Quanta][WrightD][TGL][22H2][WIFI][BUG-20220720-56461]The test machine and the auxiliary mobile phone (Huawei P40) are connected to a 2.4G network and establish multi-screen collaboration. The channel that softap has a probability to establish is,2022-07-20 17:51:00,NA
722053,"COMPAL ELECTRONICS, INC.",NA,"COMPAL ELECTRONICS, INC.",Franky Yang,[Dell_Compal_TGL] [ItaliaTGL]Killer AX1650 WLAN card shows yellow bang after installing WLAN driver,2022-07-20 00:15:00,NA
722053,"COMPAL ELECTRONICS, INC.",NA,"COMPAL ELECTRONICS, INC.",Franky Yang,[Dell_Compal_TGL] [ItaliaTGL]Killer AX1650 WLAN card shows yellow bang after installing WLAN driver,2022-07-20 00:15:00,NA
722053,"COMPAL ELECTRONICS, INC.",NA,"COMPAL ELECTRONICS, INC.",Franky Yang,[Dell_Compal_TGL] [ItaliaTGL]Killer AX1650 WLAN card shows yellow bang after installing WLAN driver,2022-07-20 00:15:00,NA
721801,"HUAQIN TECHNOLOGY CO., LTD",NA,"Huaqin Technology Co., Ltd",Zhiwei He,[HUAWEI][HUAQIN][EmmyF][Intel ADL][Intel AX 201][WIFI][Win11] System cannot to run DRTU,2022-07-19 05:22:00,NA
721801,"HUAQIN TECHNOLOGY CO., LTD",NA,"Huaqin Technology Co., Ltd",Zhiwei He,[HUAWEI][HUAQIN][EmmyF][Intel ADL][Intel AX 201][WIFI][Win11] System cannot to run DRTU,2022-07-19 05:22:00,NA
721801,"HUAQIN TECHNOLOGY CO., LTD",NA,"Huaqin Technology Co., Ltd",Zhiwei He,[HUAWEI][HUAQIN][EmmyF][Intel ADL][Intel AX 201][WIFI][Win11] System cannot to run DRTU,2022-07-19 05:22:00,NA
721693,"COMPAL ELECTRONICS, INC.",NA,"COMPAL ELECTRONICS, INC.",Franky Yang,[Dell/Compal][Portofino] Can't connect to hidden wifi 6e SSID,2022-07-19 01:30:00,NA
721693,"COMPAL ELECTRONICS, INC.",NA,"COMPAL ELECTRONICS, INC.",Franky Yang,[Dell/Compal][Portofino] Can't connect to hidden wifi 6e SSID,2022-07-19 01:30:00,NA
721693,"COMPAL ELECTRONICS, INC.",NA,"COMPAL ELECTRONICS, INC.",Franky Yang,[Dell/Compal][Portofino] Can't connect to hidden wifi 6e SSID,2022-07-19 01:30:00,NA
721624,NEC,NA,"NEC PERSONAL COMPUTERS,LTD.",Timdaway Lai,[NECPC-JP][WirelessLAN][WsP2]ID: 6000 (level: warning)(source: Netwtw06) occurs in the event log.,2022-07-18 22:49:00,NA
721624,NEC,NA,"NEC PERSONAL COMPUTERS,LTD.",Timdaway Lai,[NECPC-JP][WirelessLAN][WsP2]ID: 6000 (level: warning)(source: Netwtw06) occurs in the event log.,2022-07-18 22:49:00,NA
721624,NEC,NA,"NEC PERSONAL COMPUTERS,LTD.",Timdaway Lai,[NECPC-JP][WirelessLAN][WsP2]ID: 6000 (level: warning)(source: Netwtw06) occurs in the event log.,2022-07-18 22:49:00,NA
721544,"HUAQIN TECHNOLOGY CO., LTD",NA,"Huaqin Technology Co., Ltd",Zhiwei He,"[HUAWEI][HUAQIN][MorganF][Intel ADL][Intel AX 211][WIFI][Win11] Connect the SSID""????iPad Pro"", but system have no access to the internet and earth icon not change the wifi icon.",2022-07-18 18:04:00,NA
721544,"HUAQIN TECHNOLOGY CO., LTD",NA,"Huaqin Technology Co., Ltd",Zhiwei He,"[HUAWEI][HUAQIN][MorganF][Intel ADL][Intel AX 211][WIFI][Win11] Connect the SSID""????iPad Pro"", but system have no access to the internet and earth icon not change the wifi icon.",2022-07-18 18:04:00,NA
721544,"HUAQIN TECHNOLOGY CO., LTD",NA,"Huaqin Technology Co., Ltd",Zhiwei He,"[HUAWEI][HUAQIN][MorganF][Intel ADL][Intel AX 211][WIFI][Win11] Connect the SSID""????iPad Pro"", but system have no access to the internet and earth icon not change the wifi icon.",2022-07-18 18:04:00,NA
721058,INVENTEC CORPORATION,NA,INVENTEC CORPORATION,Steven ZY Chen,[HP][IEC] - SIO2101986[Warg][ADL][GFP2-AX211][Win11 22621.232]Bluetooth device appear YB in Device Manager and cannot be turned on from Network settings after running BT PLDR test.,2022-07-15 01:09:00,NA
721058,INVENTEC CORPORATION,NA,INVENTEC CORPORATION,Steven ZY Chen,[HP][IEC] - SIO2101986[Warg][ADL][GFP2-AX211][Win11 22621.232]Bluetooth device appear YB in Device Manager and cannot be turned on from Network settings after running BT PLDR test.,2022-07-15 01:09:00,NA
721058,INVENTEC CORPORATION,NA,INVENTEC CORPORATION,Steven ZY Chen,[HP][IEC] - SIO2101986[Warg][ADL][GFP2-AX211][Win11 22621.232]Bluetooth device appear YB in Device Manager and cannot be turned on from Network settings after running BT PLDR test.,2022-07-15 01:09:00,NA
720532,"COMPAL ELECTRONICS, INC.",NA,"COMPAL ELECTRONICS, INC.",Charles Yeh,[Dell-Latitude 7230 Rugged Extreme Tablet][Compal][Sawtooth][Alder Lake][AX211]Conducted throughput,2022-07-13 19:08:00,NA
720532,"COMPAL ELECTRONICS, INC.",NA,"COMPAL ELECTRONICS, INC.",Charles Yeh,[Dell-Latitude 7230 Rugged Extreme Tablet][Compal][Sawtooth][Alder Lake][AX211]Conducted throughput,2022-07-13 19:08:00,NA
720532,"COMPAL ELECTRONICS, INC.",NA,"COMPAL ELECTRONICS, INC.",Charles Yeh,[Dell-Latitude 7230 Rugged Extreme Tablet][Compal][Sawtooth][Alder Lake][AX211]Conducted throughput,2022-07-13 19:08:00,NA
720245,"FOXCONN TECHNOLOGY CO., LTD.",NA,"FOXCONN TECHNOLOGY CO., LTD.",Charles Yeh,[Dell-FXN][D13 Tracer RPL]TR_RPL_ Killer 1650i Wifi Driver are displayed as '?Network Controller' under Others device in Device Manager after the driver are uninstalled in Programs and Features.,2022-07-12 20:27:00,NA
720245,"FOXCONN TECHNOLOGY CO., LTD.",NA,"FOXCONN TECHNOLOGY CO., LTD.",Charles Yeh,[Dell-FXN][D13 Tracer RPL]TR_RPL_ Killer 1650i Wifi Driver are displayed as '?Network Controller' under Others device in Device Manager after the driver are uninstalled in Programs and Features.,2022-07-12 20:27:00,NA
720245,"FOXCONN TECHNOLOGY CO., LTD.",NA,"FOXCONN TECHNOLOGY CO., LTD.",Charles Yeh,[Dell-FXN][D13 Tracer RPL]TR_RPL_ Killer 1650i Wifi Driver are displayed as '?Network Controller' under Others device in Device Manager after the driver are uninstalled in Programs and Features.,2022-07-12 20:27:00,NA
720220,"COMPAL ELECTRONICS, INC.",NA,"COMPAL ELECTRONICS, INC.",Franky Yang,[Dell_Compal_Teton] CITU  show error message,2022-07-12 19:26:00,NA
720220,"COMPAL ELECTRONICS, INC.",NA,"COMPAL ELECTRONICS, INC.",Franky Yang,[Dell_Compal_Teton] CITU  show error message,2022-07-12 19:26:00,NA
720220,"COMPAL ELECTRONICS, INC.",NA,"COMPAL ELECTRONICS, INC.",Franky Yang,[Dell_Compal_Teton] CITU  show error message,2022-07-12 19:26:00,NA
719982,QUANTA COMPUTER INC.,NA,QUANTA COMPUTER INC.,Charles P Chu,"[Huawei][Quanta][H9U][CurieF][AX211][21H2][WLAN][805610349_805633792_8056738] CurieF and the mobile phone use Huawei Manager, the mobile phone acts as the DHCP Client, and the PC acts as the DHCP Server, and the mobile phone fails to obtain an IP address.",2022-07-11 22:47:00,NA
719982,QUANTA COMPUTER INC.,NA,QUANTA COMPUTER INC.,Charles P Chu,"[Huawei][Quanta][H9U][CurieF][AX211][21H2][WLAN][805610349_805633792_8056738] CurieF and the mobile phone use Huawei Manager, the mobile phone acts as the DHCP Client, and the PC acts as the DHCP Server, and the mobile phone fails to obtain an IP address.",2022-07-11 22:47:00,NA
719982,QUANTA COMPUTER INC.,NA,QUANTA COMPUTER INC.,Charles P Chu,"[Huawei][Quanta][H9U][CurieF][AX211][21H2][WLAN][805610349_805633792_8056738] CurieF and the mobile phone use Huawei Manager, the mobile phone acts as the DHCP Client, and the PC acts as the DHCP Server, and the mobile phone fails to obtain an IP address.",2022-07-11 22:47:00,NA
719781,MSI,"MICRO-STAR INTERNATIONAL CO., LTD.","MICRO-STAR INTERNATIONAL CO., LTD.",Brandon Yang,"[MSI][MS-1584][ADL-P] Connect with HDMI,play the game and the screen is torn in duplicated mode",2022-07-11 03:49:00,NA
719557,"HUAQIN TECHNOLOGY CO., LTD",NA,"Huaqin Technology Co., Ltd",Leo Chiang,[Honor][Huaqin][Fermi-F][i5-1235U ][AX201][H45][100%] Bluetooth conducted power is low,2022-07-09 07:39:00,NA
719557,"HUAQIN TECHNOLOGY CO., LTD",NA,"Huaqin Technology Co., Ltd",Leo Chiang,[Honor][Huaqin][Fermi-F][i5-1235U ][AX201][H45][100%] Bluetooth conducted power is low,2022-07-09 07:39:00,NA
719557,"HUAQIN TECHNOLOGY CO., LTD",NA,"Huaqin Technology Co., Ltd",Leo Chiang,[Honor][Huaqin][Fermi-F][i5-1235U ][AX201][H45][100%] Bluetooth conducted power is low,2022-07-09 07:39:00,NA
719444,"HUAQIN TECHNOLOGY CO., LTD",NA,"Huaqin Technology Co., Ltd",Wesley Kuo,"[Lenovo][NB6287A][Intel ADL][SV2][AX201/AX211]When the computer is transferring files using Bluetooth interconnection, the machine enters sleep mode and the transmission is interrupted.(FR: 3 out of 3 units, 6 out of 6 times)",2022-07-08 03:23:00,NA
719444,"HUAQIN TECHNOLOGY CO., LTD",NA,"Huaqin Technology Co., Ltd",Wesley Kuo,"[Lenovo][NB6287A][Intel ADL][SV2][AX201/AX211]When the computer is transferring files using Bluetooth interconnection, the machine enters sleep mode and the transmission is interrupted.(FR: 3 out of 3 units, 6 out of 6 times)",2022-07-08 03:23:00,NA
719444,"HUAQIN TECHNOLOGY CO., LTD",NA,"Huaqin Technology Co., Ltd",Wesley Kuo,"[Lenovo][NB6287A][Intel ADL][SV2][AX201/AX211]When the computer is transferring files using Bluetooth interconnection, the machine enters sleep mode and the transmission is interrupted.(FR: 3 out of 3 units, 6 out of 6 times)",2022-07-08 03:23:00,NA
719437,"COMPAL ELECTRONICS, INC.",NA,"COMPAL ELECTRONICS, INC.",Charles Yeh,[Dell][Montreux]Latitude 7420 2-in-1 7320 5421 Wireless network drops AX201,2022-07-08 03:07:00,NA
719437,"COMPAL ELECTRONICS, INC.",NA,"COMPAL ELECTRONICS, INC.",Charles Yeh,[Dell][Montreux]Latitude 7420 2-in-1 7320 5421 Wireless network drops AX201,2022-07-08 03:07:00,NA
719437,"COMPAL ELECTRONICS, INC.",NA,"COMPAL ELECTRONICS, INC.",Charles Yeh,[Dell][Montreux]Latitude 7420 2-in-1 7320 5421 Wireless network drops AX201,2022-07-08 03:07:00,NA
719406,QUANTA COMPUTER INC.,NA,QUANTA COMPUTER INC.,Leo Chiang,"[Honor][Quanta][H9R][GalileoF][AX201][21H2][BT] [#28494] When searching for a mobile phone with multi-screen collaboration, there is no response when you click to turn off Bluetooth in the operation center of the taskbar. After you click to view WiFi and",2022-07-08 01:55:00,NA
719406,QUANTA COMPUTER INC.,NA,QUANTA COMPUTER INC.,Leo Chiang,"[Honor][Quanta][H9R][GalileoF][AX201][21H2][BT] [#28494] When searching for a mobile phone with multi-screen collaboration, there is no response when you click to turn off Bluetooth in the operation center of the taskbar. After you click to view WiFi and",2022-07-08 01:55:00,NA
719406,QUANTA COMPUTER INC.,NA,QUANTA COMPUTER INC.,Leo Chiang,"[Honor][Quanta][H9R][GalileoF][AX201][21H2][BT] [#28494] When searching for a mobile phone with multi-screen collaboration, there is no response when you click to turn off Bluetooth in the operation center of the taskbar. After you click to view WiFi and",2022-07-08 01:55:00,NA
719318,"HUAQIN TECHNOLOGY CO., LTD",NA,"Huaqin Technology Co., Ltd",Leo Chiang,[HONORI][HUAQIN][Fermi/Born][Intel ADL][Intel AX 201][BT][Win11] BT device show abnormal in setting UI after do turn off/turn on in BT device,2022-07-07 23:19:00,NA
719318,"HUAQIN TECHNOLOGY CO., LTD",NA,"Huaqin Technology Co., Ltd",Leo Chiang,[HONORI][HUAQIN][Fermi/Born][Intel ADL][Intel AX 201][BT][Win11] BT device show abnormal in setting UI after do turn off/turn on in BT device,2022-07-07 23:19:00,NA
719318,"HUAQIN TECHNOLOGY CO., LTD",NA,"Huaqin Technology Co., Ltd",Leo Chiang,[HONORI][HUAQIN][Fermi/Born][Intel ADL][Intel AX 201][BT][Win11] BT device show abnormal in setting UI after do turn off/turn on in BT device,2022-07-07 23:19:00,NA
719309,"FOXCONN TECHNOLOGY CO., LTD.",NA,"FOXCONN TECHNOLOGY CO., LTD.",Timdaway Lai,[HP][Foxconn][RPL][GFP2-AX211][Win11 22H2 Build 22621]BSOD_0x7E_SYSTEM_THREAD_EXCEPTION_NOT_HANDLED occur during windows PT.,2022-07-07 23:02:00,NA
719309,"FOXCONN TECHNOLOGY CO., LTD.",NA,"FOXCONN TECHNOLOGY CO., LTD.",Timdaway Lai,[HP][Foxconn][RPL][GFP2-AX211][Win11 22H2 Build 22621]BSOD_0x7E_SYSTEM_THREAD_EXCEPTION_NOT_HANDLED occur during windows PT.,2022-07-07 23:02:00,NA
719309,"FOXCONN TECHNOLOGY CO., LTD.",NA,"FOXCONN TECHNOLOGY CO., LTD.",Timdaway Lai,[HP][Foxconn][RPL][GFP2-AX211][Win11 22H2 Build 22621]BSOD_0x7E_SYSTEM_THREAD_EXCEPTION_NOT_HANDLED occur during windows PT.,2022-07-07 23:02:00,NA
719281,QUANTA COMPUTER INC.,NA,QUANTA COMPUTER INC.,Brenton Wu,[MSFT][Z95] WiFi SISO signaling sensitivity drop around 6dB in AC Power Mode,2022-07-07 21:43:00,NA
719281,QUANTA COMPUTER INC.,NA,QUANTA COMPUTER INC.,Brenton Wu,[MSFT][Z95] WiFi SISO signaling sensitivity drop around 6dB in AC Power Mode,2022-07-07 21:43:00,NA
719281,QUANTA COMPUTER INC.,NA,QUANTA COMPUTER INC.,Brenton Wu,[MSFT][Z95] WiFi SISO signaling sensitivity drop around 6dB in AC Power Mode,2022-07-07 21:43:00,NA
719279,"FOXCONN TECHNOLOGY CO., LTD.",NA,"FOXCONN TECHNOLOGY CO., LTD.",Timdaway Lai,[HP][Foxconn][RPL][GFP2-AX211][Win11 22H2 Build 22621]BSOD_0x7E_REFERENCE_BY_POINTER occur during windows PT.,2022-07-07 21:22:00,NA
719279,"FOXCONN TECHNOLOGY CO., LTD.",NA,"FOXCONN TECHNOLOGY CO., LTD.",Timdaway Lai,[HP][Foxconn][RPL][GFP2-AX211][Win11 22H2 Build 22621]BSOD_0x7E_REFERENCE_BY_POINTER occur during windows PT.,2022-07-07 21:22:00,NA
719279,"FOXCONN TECHNOLOGY CO., LTD.",NA,"FOXCONN TECHNOLOGY CO., LTD.",Timdaway Lai,[HP][Foxconn][RPL][GFP2-AX211][Win11 22H2 Build 22621]BSOD_0x7E_REFERENCE_BY_POINTER occur during windows PT.,2022-07-07 21:22:00,NA
719213,"HUAQIN TECHNOLOGY CO., LTD",NA,"Huaqin Technology Co., Ltd",Nicky Chen,"[HuaQin][Asus][B3402FBA][WIN11]9f blue screen occurred when run check BIOS tool via factory testing.(10/20by units, 10/20by cycle)",2022-07-07 18:53:00,NA
719213,"HUAQIN TECHNOLOGY CO., LTD",NA,"Huaqin Technology Co., Ltd",Nicky Chen,"[HuaQin][Asus][B3402FBA][WIN11]9f blue screen occurred when run check BIOS tool via factory testing.(10/20by units, 10/20by cycle)",2022-07-07 18:53:00,NA
719213,"HUAQIN TECHNOLOGY CO., LTD",NA,"Huaqin Technology Co., Ltd",Nicky Chen,"[HuaQin][Asus][B3402FBA][WIN11]9f blue screen occurred when run check BIOS tool via factory testing.(10/20by units, 10/20by cycle)",2022-07-07 18:53:00,NA
719005,"Huaqin Technology Co., Ltd","Huaqin Technology Co., Ltd","Huaqin Technology Co., Ltd",Nicky Chen,[HuaQin][Asus][B3402FBA][WIN11]9f blue scren occurred when run check BIOS tool via factory testing.,2022-07-07 01:33:00,NA
718844,"SHENZHEN BITLAND INFORMATION TECHNOLOGYCO., LTD.",NA,"SHENZHEN BITLAND INFORMATION TECHNOLOGYCO., LTD.",Charles P Chu,"[Huawei/Bitland][ADL-S][PanguC][AX201][Wi-Fi] When keep ping baidu.com and switch 2.4G to 5G, the 5G network is not working and show ""No Network""",2022-07-06 19:35:00,NA
718844,"SHENZHEN BITLAND INFORMATION TECHNOLOGYCO., LTD.",NA,"SHENZHEN BITLAND INFORMATION TECHNOLOGYCO., LTD.",Charles P Chu,"[Huawei/Bitland][ADL-S][PanguC][AX201][Wi-Fi] When keep ping baidu.com and switch 2.4G to 5G, the 5G network is not working and show ""No Network""",2022-07-06 19:35:00,NA
718844,"SHENZHEN BITLAND INFORMATION TECHNOLOGYCO., LTD.",NA,"SHENZHEN BITLAND INFORMATION TECHNOLOGYCO., LTD.",Charles P Chu,"[Huawei/Bitland][ADL-S][PanguC][AX201][Wi-Fi] When keep ping baidu.com and switch 2.4G to 5G, the 5G network is not working and show ""No Network""",2022-07-06 19:35:00,NA
718668,QUANTA COMPUTER INC.,NA,QUANTA COMPUTER INC.,Charles P Chu,[Huawei][Quanta][H99V][NobelE_Intel][AX201][20H2][WIFI][805533409 ][805573645][805600328] It takes too long to create softap with NoeblE and tablet,2022-07-06 02:30:00,NA
718668,QUANTA COMPUTER INC.,NA,QUANTA COMPUTER INC.,Charles P Chu,[Huawei][Quanta][H99V][NobelE_Intel][AX201][20H2][WIFI][805533409 ][805573645][805600328] It takes too long to create softap with NoeblE and tablet,2022-07-06 02:30:00,NA
718668,QUANTA COMPUTER INC.,NA,QUANTA COMPUTER INC.,Charles P Chu,[Huawei][Quanta][H99V][NobelE_Intel][AX201][20H2][WIFI][805533409 ][805573645][805600328] It takes too long to create softap with NoeblE and tablet,2022-07-06 02:30:00,NA
718493,"COMPAL ELECTRONICS, INC.",NA,"COMPAL ELECTRONICS, INC.",Franky Yang,[Dell/Compal] Arches14 AX211 CITU shmoo test can not work.,2022-07-05 19:47:00,NA
718493,"COMPAL ELECTRONICS, INC.",NA,"COMPAL ELECTRONICS, INC.",Franky Yang,[Dell/Compal] Arches14 AX211 CITU shmoo test can not work.,2022-07-05 19:47:00,NA
718493,"COMPAL ELECTRONICS, INC.",NA,"COMPAL ELECTRONICS, INC.",Franky Yang,[Dell/Compal] Arches14 AX211 CITU shmoo test can not work.,2022-07-05 19:47:00,NA
718278,QUANTA COMPUTER INC.,NA,QUANTA COMPUTER INC.,Charles P Chu,"[Huawei][Quanta][H9U][CurieF][AX211][21H2][WLAN][805599709] CurieF and mobile phone cooperate with Huawei multi-screen, softap is create in 2.4G channel",2022-07-04 23:52:00,NA
718278,QUANTA COMPUTER INC.,NA,QUANTA COMPUTER INC.,Charles P Chu,"[Huawei][Quanta][H9U][CurieF][AX211][21H2][WLAN][805599709] CurieF and mobile phone cooperate with Huawei multi-screen, softap is create in 2.4G channel",2022-07-04 23:52:00,NA
718278,QUANTA COMPUTER INC.,NA,QUANTA COMPUTER INC.,Charles P Chu,"[Huawei][Quanta][H9U][CurieF][AX211][21H2][WLAN][805599709] CurieF and mobile phone cooperate with Huawei multi-screen, softap is create in 2.4G channel",2022-07-04 23:52:00,NA
718112,"HUAQIN TECHNOLOGY CO., LTD",NA,"Huaqin Technology Co., Ltd",XIHAO YANG,[HONOR][HUAQIN][Fermi&Born][Intel ADL][Intel AX 201][WIFI][Win11]The DUT cannot connect to AP(Redmi AX6S) successfully,2022-07-04 07:37:00,NA
718112,"HUAQIN TECHNOLOGY CO., LTD",NA,"Huaqin Technology Co., Ltd",XIHAO YANG,[HONOR][HUAQIN][Fermi&Born][Intel ADL][Intel AX 201][WIFI][Win11]The DUT cannot connect to AP(Redmi AX6S) successfully,2022-07-04 07:37:00,NA
718112,"HUAQIN TECHNOLOGY CO., LTD",NA,"Huaqin Technology Co., Ltd",XIHAO YANG,[HONOR][HUAQIN][Fermi&Born][Intel ADL][Intel AX 201][WIFI][Win11]The DUT cannot connect to AP(Redmi AX6S) successfully,2022-07-04 07:37:00,NA
717587,INVENTEC CORPORATION,NA,INVENTEC CORPORATION,Frank Lee,[HP][SIO2102124 /Win11/TGL/HrP2][Inventec]UUT Unable to wake on WLAN with MSC via Remote Desktop Connection APP(PC Name),2022-07-01 00:47:00,NA
717587,INVENTEC CORPORATION,NA,INVENTEC CORPORATION,Frank Lee,[HP][SIO2102124 /Win11/TGL/HrP2][Inventec]UUT Unable to wake on WLAN with MSC via Remote Desktop Connection APP(PC Name),2022-07-01 00:47:00,NA
717587,INVENTEC CORPORATION,NA,INVENTEC CORPORATION,Frank Lee,[HP][SIO2102124 /Win11/TGL/HrP2][Inventec]UUT Unable to wake on WLAN with MSC via Remote Desktop Connection APP(PC Name),2022-07-01 00:47:00,NA
717474,QUANTA COMPUTER INC.,NA,QUANTA COMPUTER INC.,Steven ZY Chen,[HP][Quanta]-SIO2103796[DM G10][RPL][GFP2-AX211][Win11 22H2 Build 22616 ]-BSOD 0X9F point intel Bluetooth,2022-06-30 18:58:00,NA
717474,QUANTA COMPUTER INC.,NA,QUANTA COMPUTER INC.,Steven ZY Chen,[HP][Quanta]-SIO2103796[DM G10][RPL][GFP2-AX211][Win11 22H2 Build 22616 ]-BSOD 0X9F point intel Bluetooth,2022-06-30 18:58:00,NA
717474,QUANTA COMPUTER INC.,NA,QUANTA COMPUTER INC.,Steven ZY Chen,[HP][Quanta]-SIO2103796[DM G10][RPL][GFP2-AX211][Win11 22H2 Build 22616 ]-BSOD 0X9F point intel Bluetooth,2022-06-30 18:58:00,NA
717315,"COMPAL ELECTRONICS, INC.",NA,"COMPAL ELECTRONICS, INC.",Charles Yeh,[Dell][Rialto CML] wireless network disconnect,2022-06-30 02:10:00,NA
717315,"COMPAL ELECTRONICS, INC.",NA,"COMPAL ELECTRONICS, INC.",Charles Yeh,[Dell][Rialto CML] wireless network disconnect,2022-06-30 02:10:00,NA
717315,"COMPAL ELECTRONICS, INC.",NA,"COMPAL ELECTRONICS, INC.",Charles Yeh,[Dell][Rialto CML] wireless network disconnect,2022-06-30 02:10:00,NA
717012,QUANTA COMPUTER INC.,NA,QUANTA COMPUTER INC.,Brenton Wu,[MSFT/Quanta][Salix/Z95][ADL-N][AX201]11a/g_54Mbps Chain A+ Chain B sensitivity result low than expectation,2022-06-29 04:16:00,NA
717012,QUANTA COMPUTER INC.,NA,QUANTA COMPUTER INC.,Brenton Wu,[MSFT/Quanta][Salix/Z95][ADL-N][AX201]11a/g_54Mbps Chain A+ Chain B sensitivity result low than expectation,2022-06-29 04:16:00,NA
717012,QUANTA COMPUTER INC.,NA,QUANTA COMPUTER INC.,Brenton Wu,[MSFT/Quanta][Salix/Z95][ADL-N][AX201]11a/g_54Mbps Chain A+ Chain B sensitivity result low than expectation,2022-06-29 04:16:00,NA
716978,QUANTA COMPUTER INC.,NA,QUANTA COMPUTER INC.,Charles P Chu,"[Huawei][Quanta][H9U][CurieF][AX211][21H2][WLAN][BUG-20220629-54756] The mobile phone and the PC establish multi-screen collaboration, and the collaborative window plays the local video of the mobile phone, and the video freezes",2022-06-29 02:57:00,NA
716978,QUANTA COMPUTER INC.,NA,QUANTA COMPUTER INC.,Charles P Chu,"[Huawei][Quanta][H9U][CurieF][AX211][21H2][WLAN][BUG-20220629-54756] The mobile phone and the PC establish multi-screen collaboration, and the collaborative window plays the local video of the mobile phone, and the video freezes",2022-06-29 02:57:00,NA
716978,QUANTA COMPUTER INC.,NA,QUANTA COMPUTER INC.,Charles P Chu,"[Huawei][Quanta][H9U][CurieF][AX211][21H2][WLAN][BUG-20220629-54756] The mobile phone and the PC establish multi-screen collaboration, and the collaborative window plays the local video of the mobile phone, and the video freezes",2022-06-29 02:57:00,NA
716868,"COMPAL ELECTRONICS, INC.",NA,"COMPAL ELECTRONICS, INC.",Zhiqiang Cai,[UNIS] [Compal][UNIS_Slinky][Tiger Lake][AX201][20H2] Urgent case - Ping lost issue,2022-06-28 22:59:00,NA
716868,"COMPAL ELECTRONICS, INC.",NA,"COMPAL ELECTRONICS, INC.",Zhiqiang Cai,[UNIS] [Compal][UNIS_Slinky][Tiger Lake][AX201][20H2] Urgent case - Ping lost issue,2022-06-28 22:59:00,NA
716868,"COMPAL ELECTRONICS, INC.",NA,"COMPAL ELECTRONICS, INC.",Zhiqiang Cai,[UNIS] [Compal][UNIS_Slinky][Tiger Lake][AX201][20H2] Urgent case - Ping lost issue,2022-06-28 22:59:00,NA
716814,"SHANGHAI WINGTECH ELECTRONICS TECHNOLOGYCO., LTD.",NA,"SHANGHAI WINGTECH ELECTRONICS TECHNOLOGYCO., LTD.",Zhiwei He,[HUAWEI][Wingtech][DiracR][ADL-M][AX211[WIFI]][22H2] Cannot use the 6G channels,2022-06-28 20:05:00,NA
716814,"SHANGHAI WINGTECH ELECTRONICS TECHNOLOGYCO., LTD.",NA,"SHANGHAI WINGTECH ELECTRONICS TECHNOLOGYCO., LTD.",Zhiwei He,[HUAWEI][Wingtech][DiracR][ADL-M][AX211[WIFI]][22H2] Cannot use the 6G channels,2022-06-28 20:05:00,NA
716814,"SHANGHAI WINGTECH ELECTRONICS TECHNOLOGYCO., LTD.",NA,"SHANGHAI WINGTECH ELECTRONICS TECHNOLOGYCO., LTD.",Zhiwei He,[HUAWEI][Wingtech][DiracR][ADL-M][AX211[WIFI]][22H2] Cannot use the 6G channels,2022-06-28 20:05:00,NA
716810,WEIBU - PRC,NA,WEIBU - PRC,Zhiwei He,Intel(R) Wi-Fi 6E AX211 160MHz ????,2022-06-28 19:59:00,NA
716810,WEIBU - PRC,NA,WEIBU - PRC,Zhiwei He,Intel(R) Wi-Fi 6E AX211 160MHz ????,2022-06-28 19:59:00,NA
716810,WEIBU - PRC,NA,WEIBU - PRC,Zhiwei He,Intel(R) Wi-Fi 6E AX211 160MHz ????,2022-06-28 19:59:00,NA
716774,QUANTA COMPUTER INC.,NA,QUANTA COMPUTER INC.,Timdaway Lai,"[Acer][Win11][Common] After system reset, launch ICPS and observe it cannot find WiFi AP until restart system. (100%)",2022-06-28 18:46:00,NA
716774,QUANTA COMPUTER INC.,NA,QUANTA COMPUTER INC.,Timdaway Lai,"[Acer][Win11][Common] After system reset, launch ICPS and observe it cannot find WiFi AP until restart system. (100%)",2022-06-28 18:46:00,NA
716774,QUANTA COMPUTER INC.,NA,QUANTA COMPUTER INC.,Timdaway Lai,"[Acer][Win11][Common] After system reset, launch ICPS and observe it cannot find WiFi AP until restart system. (100%)",2022-06-28 18:46:00,NA
716767,QUANTA COMPUTER INC.,NA,QUANTA COMPUTER INC.,Steven ZY Chen,[Acer][Win11][Z8F] BT audio HLK test fail (100%),2022-06-28 18:15:00,NA
716767,QUANTA COMPUTER INC.,NA,QUANTA COMPUTER INC.,Steven ZY Chen,[Acer][Win11][Z8F] BT audio HLK test fail (100%),2022-06-28 18:15:00,NA
716767,QUANTA COMPUTER INC.,NA,QUANTA COMPUTER INC.,Steven ZY Chen,[Acer][Win11][Z8F] BT audio HLK test fail (100%),2022-06-28 18:15:00,NA
716307,QUANTA COMPUTER INC.,NA,QUANTA COMPUTER INC.,Leo Chiang,"[Honor][Quanta][H9R][GalileoF][AX201][21H2][BT] [#18397] The PC is installed with dual win11 systems. After waking up from Hibernation, it is found that the bluetooth switch disappears, the bluetooth on devicen manager has a yellow mark",2022-06-27 03:03:00,NA
716307,QUANTA COMPUTER INC.,NA,QUANTA COMPUTER INC.,Leo Chiang,"[Honor][Quanta][H9R][GalileoF][AX201][21H2][BT] [#18397] The PC is installed with dual win11 systems. After waking up from Hibernation, it is found that the bluetooth switch disappears, the bluetooth on devicen manager has a yellow mark",2022-06-27 03:03:00,NA
716307,QUANTA COMPUTER INC.,NA,QUANTA COMPUTER INC.,Leo Chiang,"[Honor][Quanta][H9R][GalileoF][AX201][21H2][BT] [#18397] The PC is installed with dual win11 systems. After waking up from Hibernation, it is found that the bluetooth switch disappears, the bluetooth on devicen manager has a yellow mark",2022-06-27 03:03:00,NA
716303,ELITEGROUP COMPUTER SYSTEMS CO. LTD,ELITEGROUP COMPUTER SYSTEMS CO. LTD,ELITEGROUP COMPUTER SYSTEMS CO. LTD,Brandon Yang,[ECS]H610-SF110 Install Graphics driver occur error message on Windows 11 SV2,2022-06-27 02:56:00,NA
715870,QUANTA COMPUTER INC.,NA,QUANTA COMPUTER INC.,Timdaway Lai,Z8L Wake on WLAN Test Failure,2022-06-23 23:44:00,NA
715870,QUANTA COMPUTER INC.,NA,QUANTA COMPUTER INC.,Timdaway Lai,Z8L Wake on WLAN Test Failure,2022-06-23 23:44:00,NA
715870,QUANTA COMPUTER INC.,NA,QUANTA COMPUTER INC.,Timdaway Lai,Z8L Wake on WLAN Test Failure,2022-06-23 23:44:00,NA
715773,QUANTA COMPUTER INC.,NA,QUANTA COMPUTER INC.,Leo Chiang,"[Honor][Quanta][H98Y&H99Y][BohrDR&NobelDR][AX201][22H2][BT] [#18477] After the DUT is connected to the Bluetooth headset, turn on the system's built-in ""recorder"" and record, and find that you need to click the volume bar in the lower right corner of the",2022-06-23 19:24:00,NA
715773,QUANTA COMPUTER INC.,NA,QUANTA COMPUTER INC.,Leo Chiang,"[Honor][Quanta][H98Y&H99Y][BohrDR&NobelDR][AX201][22H2][BT] [#18477] After the DUT is connected to the Bluetooth headset, turn on the system's built-in ""recorder"" and record, and find that you need to click the volume bar in the lower right corner of the",2022-06-23 19:24:00,NA
715773,QUANTA COMPUTER INC.,NA,QUANTA COMPUTER INC.,Leo Chiang,"[Honor][Quanta][H98Y&H99Y][BohrDR&NobelDR][AX201][22H2][BT] [#18477] After the DUT is connected to the Bluetooth headset, turn on the system's built-in ""recorder"" and record, and find that you need to click the volume bar in the lower right corner of the",2022-06-23 19:24:00,NA
715739,MSI,"MICRO-STAR INTERNATIONAL CO., LTD.","MICRO-STAR INTERNATIONAL CO., LTD.",Brandon Yang,"[MSI][MS-1584/17L4/1592] [ADL-P]Connect with HDMI, The Screen will automatically cut to the previous mode from PC Screen Only",2022-06-23 18:11:00,NA
715263,QUANTA COMPUTER INC.,NA,QUANTA COMPUTER INC.,Wesley Kuo,"[Huawei][Quanta][H9U][CurieF][AX211][21H2][BT][BUG-20220622-54156] The test machine is paired with a mobile phone via Bluetooth, and the Bluetooth name of the mobile phone on the test machine is not displayed correctly. The time when the HUAWEI Mate40 pro",2022-06-22 01:36:00,NA
715263,QUANTA COMPUTER INC.,NA,QUANTA COMPUTER INC.,Wesley Kuo,"[Huawei][Quanta][H9U][CurieF][AX211][21H2][BT][BUG-20220622-54156] The test machine is paired with a mobile phone via Bluetooth, and the Bluetooth name of the mobile phone on the test machine is not displayed correctly. The time when the HUAWEI Mate40 pro",2022-06-22 01:36:00,NA
715263,QUANTA COMPUTER INC.,NA,QUANTA COMPUTER INC.,Wesley Kuo,"[Huawei][Quanta][H9U][CurieF][AX211][21H2][BT][BUG-20220622-54156] The test machine is paired with a mobile phone via Bluetooth, and the Bluetooth name of the mobile phone on the test machine is not displayed correctly. The time when the HUAWEI Mate40 pro",2022-06-22 01:36:00,NA
715015,"HUAQIN TECHNOLOGY CO., LTD",NA,"Huaqin Technology Co., Ltd",Wesley Kuo,"[Huaqin][Lenovo][NB6287A][Intel ADL][SV2][AX201/AX211]After playing online video, the machine turns off bluetooth first, then turns on Bluetooth again, found the headphones no sound.(FR: 3 out of 3 units, 6 out of 9 times)",2022-06-21 05:24:00,NA
715015,"HUAQIN TECHNOLOGY CO., LTD",NA,"Huaqin Technology Co., Ltd",Wesley Kuo,"[Huaqin][Lenovo][NB6287A][Intel ADL][SV2][AX201/AX211]After playing online video, the machine turns off bluetooth first, then turns on Bluetooth again, found the headphones no sound.(FR: 3 out of 3 units, 6 out of 9 times)",2022-06-21 05:24:00,NA
715015,"HUAQIN TECHNOLOGY CO., LTD",NA,"Huaqin Technology Co., Ltd",Wesley Kuo,"[Huaqin][Lenovo][NB6287A][Intel ADL][SV2][AX201/AX211]After playing online video, the machine turns off bluetooth first, then turns on Bluetooth again, found the headphones no sound.(FR: 3 out of 3 units, 6 out of 9 times)",2022-06-21 05:24:00,NA
714987,"HUAQIN TECHNOLOGY CO., LTD",NA,"Huaqin Technology Co., Ltd",Leo Chiang,[HONORI][HUAQIN][HiggsF][Intel ADL][Intel AX 211][BT][Win11] Bluetooth icon and funtion will be lost and DM not any yang bang. FR:1/100 cycle.,2022-06-21 03:20:00,NA
714987,"HUAQIN TECHNOLOGY CO., LTD",NA,"Huaqin Technology Co., Ltd",Leo Chiang,[HONORI][HUAQIN][HiggsF][Intel ADL][Intel AX 211][BT][Win11] Bluetooth icon and funtion will be lost and DM not any yang bang. FR:1/100 cycle.,2022-06-21 03:20:00,NA
714987,"HUAQIN TECHNOLOGY CO., LTD",NA,"Huaqin Technology Co., Ltd",Leo Chiang,[HONORI][HUAQIN][HiggsF][Intel ADL][Intel AX 211][BT][Win11] Bluetooth icon and funtion will be lost and DM not any yang bang. FR:1/100 cycle.,2022-06-21 03:20:00,NA
714984,QUANTA COMPUTER INC.,NA,QUANTA COMPUTER INC.,Wesley Kuo,"[Huawei][Quanta][H9U][CurieF][AX211][21H2][BT][BUG-20220621-54083] The bluetooth of the test machine is paired with the mobile phone, and the bluetooth name of the mobile phone on the test machine is not displayed correctly.",2022-06-21 03:15:00,NA
714984,QUANTA COMPUTER INC.,NA,QUANTA COMPUTER INC.,Wesley Kuo,"[Huawei][Quanta][H9U][CurieF][AX211][21H2][BT][BUG-20220621-54083] The bluetooth of the test machine is paired with the mobile phone, and the bluetooth name of the mobile phone on the test machine is not displayed correctly.",2022-06-21 03:15:00,NA
714984,QUANTA COMPUTER INC.,NA,QUANTA COMPUTER INC.,Wesley Kuo,"[Huawei][Quanta][H9U][CurieF][AX211][21H2][BT][BUG-20220621-54083] The bluetooth of the test machine is paired with the mobile phone, and the bluetooth name of the mobile phone on the test machine is not displayed correctly.",2022-06-21 03:15:00,NA
714909,"FOXCONN TECHNOLOGY CO., LTD.",NA,"FOXCONN TECHNOLOGY CO., LTD.",Leo Chiang,"[DELL cons/Foxconn/Intel RPL-S] [D13 Tracer RPL] W11,22H2,HLK,TR_RPL_Some Bluetooth HLK tests fail .",2022-06-21 00:26:00,NA
714909,"FOXCONN TECHNOLOGY CO., LTD.",NA,"FOXCONN TECHNOLOGY CO., LTD.",Leo Chiang,"[DELL cons/Foxconn/Intel RPL-S] [D13 Tracer RPL] W11,22H2,HLK,TR_RPL_Some Bluetooth HLK tests fail .",2022-06-21 00:26:00,NA
714909,"FOXCONN TECHNOLOGY CO., LTD.",NA,"FOXCONN TECHNOLOGY CO., LTD.",Leo Chiang,"[DELL cons/Foxconn/Intel RPL-S] [D13 Tracer RPL] W11,22H2,HLK,TR_RPL_Some Bluetooth HLK tests fail .",2022-06-21 00:26:00,NA
714719,"COMPAL ELECTRONICS, INC.",NA,"COMPAL ELECTRONICS, INC.",Charles Yeh,1pcs capture failed MB with AX201 WIFI YB issue,2022-06-20 05:58:00,NA
714719,"COMPAL ELECTRONICS, INC.",NA,"COMPAL ELECTRONICS, INC.",Charles Yeh,1pcs capture failed MB with AX201 WIFI YB issue,2022-06-20 05:58:00,NA
714719,"COMPAL ELECTRONICS, INC.",NA,"COMPAL ELECTRONICS, INC.",Charles Yeh,1pcs capture failed MB with AX201 WIFI YB issue,2022-06-20 05:58:00,NA
714345,PEGATRON CORPORATION,NA,Pegatron Corporation,Leo Chiang,[ASUS][Pegatron][ADL-P][Windows 10 21H2] HLK test faile on Bluetooth - UsbScoDataTransportLayer (Development and Integration) with AX201 and AX211,2022-06-17 01:52:00,NA
714345,PEGATRON CORPORATION,NA,Pegatron Corporation,Leo Chiang,[ASUS][Pegatron][ADL-P][Windows 10 21H2] HLK test faile on Bluetooth - UsbScoDataTransportLayer (Development and Integration) with AX201 and AX211,2022-06-17 01:52:00,NA
714345,PEGATRON CORPORATION,NA,Pegatron Corporation,Leo Chiang,[ASUS][Pegatron][ADL-P][Windows 10 21H2] HLK test faile on Bluetooth - UsbScoDataTransportLayer (Development and Integration) with AX201 and AX211,2022-06-17 01:52:00,NA
714198,QUANTA COMPUTER INC.,NA,QUANTA COMPUTER INC.,Wesley Kuo,"[Huawei][Quanta][H9R&H9U][RolleF&CurieF][AX201][21H2][BT] [Factory issue ] The DUT-A connect BT headset  ,  another DUT-B connec BT headset ,  The DUT-A meet BSOD 139",2022-06-16 18:29:00,NA
714198,QUANTA COMPUTER INC.,NA,QUANTA COMPUTER INC.,Wesley Kuo,"[Huawei][Quanta][H9R&H9U][RolleF&CurieF][AX201][21H2][BT] [Factory issue ] The DUT-A connect BT headset  ,  another DUT-B connec BT headset ,  The DUT-A meet BSOD 139",2022-06-16 18:29:00,NA
714198,QUANTA COMPUTER INC.,NA,QUANTA COMPUTER INC.,Wesley Kuo,"[Huawei][Quanta][H9R&H9U][RolleF&CurieF][AX201][21H2][BT] [Factory issue ] The DUT-A connect BT headset  ,  another DUT-B connec BT headset ,  The DUT-A meet BSOD 139",2022-06-16 18:29:00,NA
713985,QUANTA COMPUTER INC.,NA,QUANTA COMPUTER INC.,Brenton Wu,[MSFT][Salix_Z95][ADL-N][HrP2]Roaming time calculation question,2022-06-15 22:36:00,NA
713985,QUANTA COMPUTER INC.,NA,QUANTA COMPUTER INC.,Brenton Wu,[MSFT][Salix_Z95][ADL-N][HrP2]Roaming time calculation question,2022-06-15 22:36:00,NA
713985,QUANTA COMPUTER INC.,NA,QUANTA COMPUTER INC.,Brenton Wu,[MSFT][Salix_Z95][ADL-N][HrP2]Roaming time calculation question,2022-06-15 22:36:00,NA
713885,QUANTA COMPUTER INC.,NA,QUANTA COMPUTER INC.,Charles P Chu,"[Huawei][Quanta][H9U][CurieF][AX201][21H2][WLAN] [805568067] CurieF connection takes a long time. After the connection is successful, the network will be disconnected after several times of disconnection. After connecting again, it will automatically disc",2022-06-15 17:39:00,NA
713885,QUANTA COMPUTER INC.,NA,QUANTA COMPUTER INC.,Charles P Chu,"[Huawei][Quanta][H9U][CurieF][AX201][21H2][WLAN] [805568067] CurieF connection takes a long time. After the connection is successful, the network will be disconnected after several times of disconnection. After connecting again, it will automatically disc",2022-06-15 17:39:00,NA
713885,QUANTA COMPUTER INC.,NA,QUANTA COMPUTER INC.,Charles P Chu,"[Huawei][Quanta][H9U][CurieF][AX201][21H2][WLAN] [805568067] CurieF connection takes a long time. After the connection is successful, the network will be disconnected after several times of disconnection. After connecting again, it will automatically disc",2022-06-15 17:39:00,NA
712938,ELITEGROUP COMPUTER SYSTEMS CO. LTD,NA,ELITEGROUP COMPUTER SYSTEMS CO. LTD,Nicky Chen,For the Power output of AC9560.,2022-06-12 23:45:00,NA
712938,ELITEGROUP COMPUTER SYSTEMS CO. LTD,NA,ELITEGROUP COMPUTER SYSTEMS CO. LTD,Nicky Chen,For the Power output of AC9560.,2022-06-12 23:45:00,NA
712938,ELITEGROUP COMPUTER SYSTEMS CO. LTD,NA,ELITEGROUP COMPUTER SYSTEMS CO. LTD,Nicky Chen,For the Power output of AC9560.,2022-06-12 23:45:00,NA
712923,QUANTA COMPUTER INC.,NA,QUANTA COMPUTER INC.,Wesley Kuo,"[Huawei][Quanta][H9HD][HookF][AX211][21H2][BT][BUG-20220610-53504] When playing a local video, connect the HUAWEI FreeBud4 Bluetooth headset, it shows that the connection is successful, but the output device is still the speaker and the onboard sound is p",2022-06-12 22:50:00,NA
712923,QUANTA COMPUTER INC.,NA,QUANTA COMPUTER INC.,Wesley Kuo,"[Huawei][Quanta][H9HD][HookF][AX211][21H2][BT][BUG-20220610-53504] When playing a local video, connect the HUAWEI FreeBud4 Bluetooth headset, it shows that the connection is successful, but the output device is still the speaker and the onboard sound is p",2022-06-12 22:50:00,NA
712923,QUANTA COMPUTER INC.,NA,QUANTA COMPUTER INC.,Wesley Kuo,"[Huawei][Quanta][H9HD][HookF][AX211][21H2][BT][BUG-20220610-53504] When playing a local video, connect the HUAWEI FreeBud4 Bluetooth headset, it shows that the connection is successful, but the output device is still the speaker and the onboard sound is p",2022-06-12 22:50:00,NA
711686,QUANTA COMPUTER INC.,NA,QUANTA COMPUTER INC.,Charles P Chu,"[Huawei][Quanta][H9HD][HookF][AX211][21H2][WLAN][BUG-20220606-53142] 1 beta user reported that the computer was connected to the tablet with multiple screens, and then went to eat. After returning, the computer went black, and then the power button could",2022-06-07 20:09:00,NA
711686,QUANTA COMPUTER INC.,NA,QUANTA COMPUTER INC.,Charles P Chu,"[Huawei][Quanta][H9HD][HookF][AX211][21H2][WLAN][BUG-20220606-53142] 1 beta user reported that the computer was connected to the tablet with multiple screens, and then went to eat. After returning, the computer went black, and then the power button could",2022-06-07 20:09:00,NA
711686,QUANTA COMPUTER INC.,NA,QUANTA COMPUTER INC.,Charles P Chu,"[Huawei][Quanta][H9HD][HookF][AX211][21H2][WLAN][BUG-20220606-53142] 1 beta user reported that the computer was connected to the tablet with multiple screens, and then went to eat. After returning, the computer went black, and then the power button could",2022-06-07 20:09:00,NA
711666,QUANTA COMPUTER INC.,NA,QUANTA COMPUTER INC.,Wesley Kuo,"[Huawei][Quanta][H9R][RolleF][AX201][21H2][BT] [Bug-20220607-53253] After replacing the WD SSD, the sleep time does not meet the kpi requirement (kpi: 8s)",2022-06-07 19:42:00,NA
711666,QUANTA COMPUTER INC.,NA,QUANTA COMPUTER INC.,Wesley Kuo,"[Huawei][Quanta][H9R][RolleF][AX201][21H2][BT] [Bug-20220607-53253] After replacing the WD SSD, the sleep time does not meet the kpi requirement (kpi: 8s)",2022-06-07 19:42:00,NA
711666,QUANTA COMPUTER INC.,NA,QUANTA COMPUTER INC.,Wesley Kuo,"[Huawei][Quanta][H9R][RolleF][AX201][21H2][BT] [Bug-20220607-53253] After replacing the WD SSD, the sleep time does not meet the kpi requirement (kpi: 8s)",2022-06-07 19:42:00,NA
711209,UNIWILL TECHNOLOGY INC.,NA,Uniwill Technology Inc.,Nicky Chen,[Intel][NUC-G][NUC][ADL-P][Serpent Canyon] BSOD( DRIVER_POWER_STATE_FAILURE) occurred during Auto S4 long run cycling test.,2022-06-06 04:58:00,NA
711209,UNIWILL TECHNOLOGY INC.,NA,Uniwill Technology Inc.,Nicky Chen,[Intel][NUC-G][NUC][ADL-P][Serpent Canyon] BSOD( DRIVER_POWER_STATE_FAILURE) occurred during Auto S4 long run cycling test.,2022-06-06 04:58:00,NA
711209,UNIWILL TECHNOLOGY INC.,NA,Uniwill Technology Inc.,Nicky Chen,[Intel][NUC-G][NUC][ADL-P][Serpent Canyon] BSOD( DRIVER_POWER_STATE_FAILURE) occurred during Auto S4 long run cycling test.,2022-06-06 04:58:00,NA
711167,"HUAQIN TECHNOLOGY CO., LTD",NA,"Huaqin Technology Co., Ltd",Leo Chiang,"[HuaQin][Asus][UX3402ZA_ADL-P][Win11 OS]Connected Bluetooth speaker?the Bluetooth speaker has no sound output(F/R:5/5 pcs,100%).",2022-06-06 02:41:00,NA
711167,"HUAQIN TECHNOLOGY CO., LTD",NA,"Huaqin Technology Co., Ltd",Leo Chiang,"[HuaQin][Asus][UX3402ZA_ADL-P][Win11 OS]Connected Bluetooth speaker?the Bluetooth speaker has no sound output(F/R:5/5 pcs,100%).",2022-06-06 02:41:00,NA
711167,"HUAQIN TECHNOLOGY CO., LTD",NA,"Huaqin Technology Co., Ltd",Leo Chiang,"[HuaQin][Asus][UX3402ZA_ADL-P][Win11 OS]Connected Bluetooth speaker?the Bluetooth speaker has no sound output(F/R:5/5 pcs,100%).",2022-06-06 02:41:00,NA
710991,"HUAQIN TECHNOLOGY CO., LTD",NA,"Huaqin Technology Co., Ltd",Zhiwei He,[HUAWEI][HUAQIN][MorganF][Intel ADL][Intel AX 211][WIFI][Win11] System occur BSOD and code is 0x50(Only mini dump),2022-06-05 19:15:00,NA
710991,"HUAQIN TECHNOLOGY CO., LTD",NA,"Huaqin Technology Co., Ltd",Zhiwei He,[HUAWEI][HUAQIN][MorganF][Intel ADL][Intel AX 211][WIFI][Win11] System occur BSOD and code is 0x50(Only mini dump),2022-06-05 19:15:00,NA
710991,"HUAQIN TECHNOLOGY CO., LTD",NA,"Huaqin Technology Co., Ltd",Zhiwei He,[HUAWEI][HUAQIN][MorganF][Intel ADL][Intel AX 211][WIFI][Win11] System occur BSOD and code is 0x50(Only mini dump),2022-06-05 19:15:00,NA
710649,QUANTA COMPUTER INC.,NA,QUANTA COMPUTER INC.,Wesley Kuo,"[Huawei][Quanta][H9HD][HookF][AX211][21H2][BT][Factory] The DUT connect BT headset , play video by Movies&TV , After fast forwarding and rewinding several times, there is no sound from the bluetooth headset",2022-06-02 03:18:00,NA
710649,QUANTA COMPUTER INC.,NA,QUANTA COMPUTER INC.,Wesley Kuo,"[Huawei][Quanta][H9HD][HookF][AX211][21H2][BT][Factory] The DUT connect BT headset , play video by Movies&TV , After fast forwarding and rewinding several times, there is no sound from the bluetooth headset",2022-06-02 03:18:00,NA
710649,QUANTA COMPUTER INC.,NA,QUANTA COMPUTER INC.,Wesley Kuo,"[Huawei][Quanta][H9HD][HookF][AX211][21H2][BT][Factory] The DUT connect BT headset , play video by Movies&TV , After fast forwarding and rewinding several times, there is no sound from the bluetooth headset",2022-06-02 03:18:00,NA
710646,QUANTA COMPUTER INC.,NA,QUANTA COMPUTER INC.,Wesley Kuo,"[Huawei][Quanta][H9HD][HookF][AX211][21H2][BT][Factory] The DUT can't connect to BT phone , restart system meet BSOD_9F , cause by BthA2dp",2022-06-02 03:12:00,NA
710646,QUANTA COMPUTER INC.,NA,QUANTA COMPUTER INC.,Wesley Kuo,"[Huawei][Quanta][H9HD][HookF][AX211][21H2][BT][Factory] The DUT can't connect to BT phone , restart system meet BSOD_9F , cause by BthA2dp",2022-06-02 03:12:00,NA
710646,QUANTA COMPUTER INC.,NA,QUANTA COMPUTER INC.,Wesley Kuo,"[Huawei][Quanta][H9HD][HookF][AX211][21H2][BT][Factory] The DUT can't connect to BT phone , restart system meet BSOD_9F , cause by BthA2dp",2022-06-02 03:12:00,NA
710609,VAIO,NA,VAIO Corporation,Frank Lee,[VAIO][ICPS] Different version of ICPS App is displayed in Installed apps of Windows settings.,2022-06-02 02:06:00,NA
710609,VAIO,NA,VAIO Corporation,Frank Lee,[VAIO][ICPS] Different version of ICPS App is displayed in Installed apps of Windows settings.,2022-06-02 02:06:00,NA
710609,VAIO,NA,VAIO Corporation,Frank Lee,[VAIO][ICPS] Different version of ICPS App is displayed in Installed apps of Windows settings.,2022-06-02 02:06:00,NA
710537,"SHANGHAI WINGTECH ELECTRONICS TECHNOLOGYCO., LTD.",NA,"SHANGHAI WINGTECH ELECTRONICS TECHNOLOGYCO., LTD.",Zhiwei He,"[Huawei][Wingtech][CurieM][AMD Cezanne][AX200][20H2]The PC connects to the mobile phone in the WiFi state  , P2P connection exception occurs after a period of time",2022-06-01 22:27:00,NA
710537,"SHANGHAI WINGTECH ELECTRONICS TECHNOLOGYCO., LTD.",NA,"SHANGHAI WINGTECH ELECTRONICS TECHNOLOGYCO., LTD.",Zhiwei He,"[Huawei][Wingtech][CurieM][AMD Cezanne][AX200][20H2]The PC connects to the mobile phone in the WiFi state  , P2P connection exception occurs after a period of time",2022-06-01 22:27:00,NA
710537,"SHANGHAI WINGTECH ELECTRONICS TECHNOLOGYCO., LTD.",NA,"SHANGHAI WINGTECH ELECTRONICS TECHNOLOGYCO., LTD.",Zhiwei He,"[Huawei][Wingtech][CurieM][AMD Cezanne][AX200][20H2]The PC connects to the mobile phone in the WiFi state  , P2P connection exception occurs after a period of time",2022-06-01 22:27:00,NA
710536,"SHANGHAI WINGTECH ELECTRONICS TECHNOLOGYCO., LTD.",NA,"SHANGHAI WINGTECH ELECTRONICS TECHNOLOGYCO., LTD.",Zhiwei He,"[Huawei][Wingtech][CurieM][AMD Cezanne][AX200][20H2]The PC connects to the mobile phone in the WiFi state  , P2P connection exception occurs after a period of time",2022-06-01 22:26:00,NA
710536,"SHANGHAI WINGTECH ELECTRONICS TECHNOLOGYCO., LTD.",NA,"SHANGHAI WINGTECH ELECTRONICS TECHNOLOGYCO., LTD.",Zhiwei He,"[Huawei][Wingtech][CurieM][AMD Cezanne][AX200][20H2]The PC connects to the mobile phone in the WiFi state  , P2P connection exception occurs after a period of time",2022-06-01 22:26:00,NA
710536,"SHANGHAI WINGTECH ELECTRONICS TECHNOLOGYCO., LTD.",NA,"SHANGHAI WINGTECH ELECTRONICS TECHNOLOGYCO., LTD.",Zhiwei He,"[Huawei][Wingtech][CurieM][AMD Cezanne][AX200][20H2]The PC connects to the mobile phone in the WiFi state  , P2P connection exception occurs after a period of time",2022-06-01 22:26:00,NA
710450,"HUAQIN TECHNOLOGY CO., LTD",NA,"Huaqin Technology Co., Ltd",Zhiwei He,[HUAWEI][HUAQIN][KelvinF][Intel ADL][Intel AX 201][WIFI][Win11] The WiFi switch will disabppear and no any error to check DM.,2022-06-01 18:46:00,NA
710450,"HUAQIN TECHNOLOGY CO., LTD",NA,"Huaqin Technology Co., Ltd",Zhiwei He,[HUAWEI][HUAQIN][KelvinF][Intel ADL][Intel AX 201][WIFI][Win11] The WiFi switch will disabppear and no any error to check DM.,2022-06-01 18:46:00,NA
710450,"HUAQIN TECHNOLOGY CO., LTD",NA,"Huaqin Technology Co., Ltd",Zhiwei He,[HUAWEI][HUAQIN][KelvinF][Intel ADL][Intel AX 201][WIFI][Win11] The WiFi switch will disabppear and no any error to check DM.,2022-06-01 18:46:00,NA
710199,"SHENZHEN BITLAND INFORMATION TECHNOLOGYCO., LTD.",NA,"SHENZHEN BITLAND INFORMATION TECHNOLOGYCO., LTD.",Zhiqiang Cai,"[Lenovo][Bitland][Y770s I+N][ADL-P][Win11][1%][The DUT into MS(SW:70%,HW:68%)with Killer(R) AX1690i less than (SW:90%,HW:90%) when run wifi-MS stress test]",2022-05-31 22:59:00,NA
710199,"SHENZHEN BITLAND INFORMATION TECHNOLOGYCO., LTD.",NA,"SHENZHEN BITLAND INFORMATION TECHNOLOGYCO., LTD.",Zhiqiang Cai,"[Lenovo][Bitland][Y770s I+N][ADL-P][Win11][1%][The DUT into MS(SW:70%,HW:68%)with Killer(R) AX1690i less than (SW:90%,HW:90%) when run wifi-MS stress test]",2022-05-31 22:59:00,NA
710199,"SHENZHEN BITLAND INFORMATION TECHNOLOGYCO., LTD.",NA,"SHENZHEN BITLAND INFORMATION TECHNOLOGYCO., LTD.",Zhiqiang Cai,"[Lenovo][Bitland][Y770s I+N][ADL-P][Win11][1%][The DUT into MS(SW:70%,HW:68%)with Killer(R) AX1690i less than (SW:90%,HW:90%) when run wifi-MS stress test]",2022-05-31 22:59:00,NA
709990,CLEVO,CLEVO CO.,CLEVO CO.,Brandon Yang,[CLEVO][X270PTA][ADL-P][Kevin] Error message when installing graphics driver in 22H2,2022-05-31 05:03:00,NA
709954,"HUAQIN TECHNOLOGY CO., LTD",NA,"Huaqin Technology Co., Ltd",Zhiwei He,[HUAWEI][HUAQIN][MachD][Intel TGL][Intel AX 201][WIFI][Win11] System cannot enter welink meeting and wifi connect it.,2022-05-31 03:05:00,NA
709954,"HUAQIN TECHNOLOGY CO., LTD",NA,"Huaqin Technology Co., Ltd",Zhiwei He,[HUAWEI][HUAQIN][MachD][Intel TGL][Intel AX 201][WIFI][Win11] System cannot enter welink meeting and wifi connect it.,2022-05-31 03:05:00,NA
709954,"HUAQIN TECHNOLOGY CO., LTD",NA,"Huaqin Technology Co., Ltd",Zhiwei He,[HUAWEI][HUAQIN][MachD][Intel TGL][Intel AX 201][WIFI][Win11] System cannot enter welink meeting and wifi connect it.,2022-05-31 03:05:00,NA
709872,INVENTEC CORPORATION,NA,INVENTEC CORPORATION,Frank Lee,[HP][Inventec][Warpath14][ADL][GFP2-A211][Win10 Pro] Ant tool isolation value mismatch,2022-05-31 00:34:00,NA
709872,INVENTEC CORPORATION,NA,INVENTEC CORPORATION,Frank Lee,[HP][Inventec][Warpath14][ADL][GFP2-A211][Win10 Pro] Ant tool isolation value mismatch,2022-05-31 00:34:00,NA
709872,INVENTEC CORPORATION,NA,INVENTEC CORPORATION,Frank Lee,[HP][Inventec][Warpath14][ADL][GFP2-A211][Win10 Pro] Ant tool isolation value mismatch,2022-05-31 00:34:00,NA
709871,MSI,"MICRO-STAR INTERNATIONAL CO., LTD.","MICRO-STAR INTERNATIONAL CO., LTD.",Brandon Yang,[MSI][Win11 22H2 SV2][RPL-S] Show error message when installing Graphics driver 30.0.101.1931 on Win11 22H2.,2022-05-31 00:31:00,NA
709319,"COMPAL ELECTRONICS, INC.",NA,"COMPAL ELECTRONICS, INC.",Wesley Kuo,[Lenovo-Ideapad][Compal][V350][ADL][Win11] AX201 can't find BT device for more than 15 devices.,2022-05-28 06:37:00,NA
709319,"COMPAL ELECTRONICS, INC.",NA,"COMPAL ELECTRONICS, INC.",Wesley Kuo,[Lenovo-Ideapad][Compal][V350][ADL][Win11] AX201 can't find BT device for more than 15 devices.,2022-05-28 06:37:00,NA
709319,"COMPAL ELECTRONICS, INC.",NA,"COMPAL ELECTRONICS, INC.",Wesley Kuo,[Lenovo-Ideapad][Compal][V350][ADL][Win11] AX201 can't find BT device for more than 15 devices.,2022-05-28 06:37:00,NA
709131,QUANTA COMPUTER INC.,NA,QUANTA COMPUTER INC.,Charles P Chu,"[Huawei][Quanta][H93T][EulerD][AX201][22H2][WLAN] [BUG-20220513-51339] DUT is connected to 5G low-frequency channel (36-64) WIFI turns on the mobile hotspot in the 5G frequency band and goes to sleep. After waking up, the mobile hotspot in the 5G frequenc",2022-05-26 23:56:00,NA
709131,QUANTA COMPUTER INC.,NA,QUANTA COMPUTER INC.,Charles P Chu,"[Huawei][Quanta][H93T][EulerD][AX201][22H2][WLAN] [BUG-20220513-51339] DUT is connected to 5G low-frequency channel (36-64) WIFI turns on the mobile hotspot in the 5G frequency band and goes to sleep. After waking up, the mobile hotspot in the 5G frequenc",2022-05-26 23:56:00,NA
709131,QUANTA COMPUTER INC.,NA,QUANTA COMPUTER INC.,Charles P Chu,"[Huawei][Quanta][H93T][EulerD][AX201][22H2][WLAN] [BUG-20220513-51339] DUT is connected to 5G low-frequency channel (36-64) WIFI turns on the mobile hotspot in the 5G frequency band and goes to sleep. After waking up, the mobile hotspot in the 5G frequenc",2022-05-26 23:56:00,NA
708692,QUANTA COMPUTER INC.,NA,QUANTA COMPUTER INC.,Wesley Kuo,"[Huawei][Quanta][H93T][EulerD][AX201][22H2][BT] [BUG-20220518-51745] After the installation is complete, enter the Bluetooth search and pair the Bluetooth peripheral BR mouse, and it will prompt you to enter the PIN code and cannot connect directly.",2022-05-25 20:51:00,NA
708692,QUANTA COMPUTER INC.,NA,QUANTA COMPUTER INC.,Wesley Kuo,"[Huawei][Quanta][H93T][EulerD][AX201][22H2][BT] [BUG-20220518-51745] After the installation is complete, enter the Bluetooth search and pair the Bluetooth peripheral BR mouse, and it will prompt you to enter the PIN code and cannot connect directly.",2022-05-25 20:51:00,NA
708692,QUANTA COMPUTER INC.,NA,QUANTA COMPUTER INC.,Wesley Kuo,"[Huawei][Quanta][H93T][EulerD][AX201][22H2][BT] [BUG-20220518-51745] After the installation is complete, enter the Bluetooth search and pair the Bluetooth peripheral BR mouse, and it will prompt you to enter the PIN code and cannot connect directly.",2022-05-25 20:51:00,NA
708399,"HUAQIN TECHNOLOGY CO., LTD",NA,"Huaqin Technology Co., Ltd",Nicky Chen,[HuaQin][Asus][B3402FBA][WIN11]Wireless access point does not support VMM power saver.,2022-05-25 01:01:00,NA
708399,"HUAQIN TECHNOLOGY CO., LTD",NA,"Huaqin Technology Co., Ltd",Nicky Chen,[HuaQin][Asus][B3402FBA][WIN11]Wireless access point does not support VMM power saver.,2022-05-25 01:01:00,NA
708399,"HUAQIN TECHNOLOGY CO., LTD",NA,"Huaqin Technology Co., Ltd",Nicky Chen,[HuaQin][Asus][B3402FBA][WIN11]Wireless access point does not support VMM power saver.,2022-05-25 01:01:00,NA
707960,QUANTA COMPUTER INC.,NA,QUANTA COMPUTER INC.,Wesley Kuo,[Huawei][Quanta][H9R][RolleF][AX201][21H2][BT] [Factory] Factory BT test meet BSOD D1_BTHport,2022-05-24 00:56:00,NA
707960,QUANTA COMPUTER INC.,NA,QUANTA COMPUTER INC.,Wesley Kuo,[Huawei][Quanta][H9R][RolleF][AX201][21H2][BT] [Factory] Factory BT test meet BSOD D1_BTHport,2022-05-24 00:56:00,NA
707960,QUANTA COMPUTER INC.,NA,QUANTA COMPUTER INC.,Wesley Kuo,[Huawei][Quanta][H9R][RolleF][AX201][21H2][BT] [Factory] Factory BT test meet BSOD D1_BTHport,2022-05-24 00:56:00,NA
707900,QUANTA COMPUTER INC.,NA,QUANTA COMPUTER INC.,Charles P Chu,[Huawei][Quanta][H99V][NobelE_Intel][AX201][20H2][WIFI][805533409 ][805573645] It takes too long to create softap with NoeblE and tablet,2022-05-23 23:44:00,NA
707900,QUANTA COMPUTER INC.,NA,QUANTA COMPUTER INC.,Charles P Chu,[Huawei][Quanta][H99V][NobelE_Intel][AX201][20H2][WIFI][805533409 ][805573645] It takes too long to create softap with NoeblE and tablet,2022-05-23 23:44:00,NA
707900,QUANTA COMPUTER INC.,NA,QUANTA COMPUTER INC.,Charles P Chu,[Huawei][Quanta][H99V][NobelE_Intel][AX201][20H2][WIFI][805533409 ][805573645] It takes too long to create softap with NoeblE and tablet,2022-05-23 23:44:00,NA
707629,QUANTA COMPUTER INC.,NA,QUANTA COMPUTER INC.,Charles P Chu,"[Huawei][Quanta][H99E][NobelF][AX201][21H2][WLAN] [AX201][805532424] NobelF surfs the Internet normally, but suddenly disconnects from the Internet, and then finds that WIFI is unavailable, click on the scan interface is empty, restarting the PC does not",2022-05-23 04:53:00,NA
707629,QUANTA COMPUTER INC.,NA,QUANTA COMPUTER INC.,Charles P Chu,"[Huawei][Quanta][H99E][NobelF][AX201][21H2][WLAN] [AX201][805532424] NobelF surfs the Internet normally, but suddenly disconnects from the Internet, and then finds that WIFI is unavailable, click on the scan interface is empty, restarting the PC does not",2022-05-23 04:53:00,NA
707629,QUANTA COMPUTER INC.,NA,QUANTA COMPUTER INC.,Charles P Chu,"[Huawei][Quanta][H99E][NobelF][AX201][21H2][WLAN] [AX201][805532424] NobelF surfs the Internet normally, but suddenly disconnects from the Internet, and then finds that WIFI is unavailable, click on the scan interface is empty, restarting the PC does not",2022-05-23 04:53:00,NA
707621,"COMPAL ELECTRONICS, INC.",NA,"COMPAL ELECTRONICS, INC.",Timdaway Lai,"[Acer_Compal][Jade_ADU]Where can launch ""Auto Bandwidth"" in ICPS",2022-05-23 04:32:00,NA
707621,"COMPAL ELECTRONICS, INC.",NA,"COMPAL ELECTRONICS, INC.",Timdaway Lai,"[Acer_Compal][Jade_ADU]Where can launch ""Auto Bandwidth"" in ICPS",2022-05-23 04:32:00,NA
707621,"COMPAL ELECTRONICS, INC.",NA,"COMPAL ELECTRONICS, INC.",Timdaway Lai,"[Acer_Compal][Jade_ADU]Where can launch ""Auto Bandwidth"" in ICPS",2022-05-23 04:32:00,NA
707619,"COMPAL ELECTRONICS, INC.",NA,"COMPAL ELECTRONICS, INC.",Timdaway Lai,[Acer_Compal][Jade_ADU]ICPS can not detected hotspot wlan sometimes.,2022-05-23 04:22:00,NA
707619,"COMPAL ELECTRONICS, INC.",NA,"COMPAL ELECTRONICS, INC.",Timdaway Lai,[Acer_Compal][Jade_ADU]ICPS can not detected hotspot wlan sometimes.,2022-05-23 04:22:00,NA
707619,"COMPAL ELECTRONICS, INC.",NA,"COMPAL ELECTRONICS, INC.",Timdaway Lai,[Acer_Compal][Jade_ADU]ICPS can not detected hotspot wlan sometimes.,2022-05-23 04:22:00,NA
707617,"COMPAL ELECTRONICS, INC.",NA,"COMPAL ELECTRONICS, INC.",Timdaway Lai,[Acer_Compal][Jade_ADU]ICPS did not provided recommendations when more advanced features are detected.,2022-05-23 04:14:00,NA
707617,"COMPAL ELECTRONICS, INC.",NA,"COMPAL ELECTRONICS, INC.",Timdaway Lai,[Acer_Compal][Jade_ADU]ICPS did not provided recommendations when more advanced features are detected.,2022-05-23 04:14:00,NA
707617,"COMPAL ELECTRONICS, INC.",NA,"COMPAL ELECTRONICS, INC.",Timdaway Lai,[Acer_Compal][Jade_ADU]ICPS did not provided recommendations when more advanced features are detected.,2022-05-23 04:14:00,NA
707614,"COMPAL ELECTRONICS, INC.",NA,"COMPAL ELECTRONICS, INC.",Timdaway Lai,[Acer_Compal][Jade_ADU]ICPS APP will show passward incorrect when connect to the hotspot internet.,2022-05-23 04:00:00,NA
707614,"COMPAL ELECTRONICS, INC.",NA,"COMPAL ELECTRONICS, INC.",Timdaway Lai,[Acer_Compal][Jade_ADU]ICPS APP will show passward incorrect when connect to the hotspot internet.,2022-05-23 04:00:00,NA
707614,"COMPAL ELECTRONICS, INC.",NA,"COMPAL ELECTRONICS, INC.",Timdaway Lai,[Acer_Compal][Jade_ADU]ICPS APP will show passward incorrect when connect to the hotspot internet.,2022-05-23 04:00:00,NA
706946,QUANTA COMPUTER INC.,NA,QUANTA COMPUTER INC.,Charles P Chu,[Huawei][Quanta][H9R][RolleF][AX201][21H2][WLAN] [805527674] RolleF wifi disconnects abnormally,2022-05-19 19:07:00,NA
706946,QUANTA COMPUTER INC.,NA,QUANTA COMPUTER INC.,Charles P Chu,[Huawei][Quanta][H9R][RolleF][AX201][21H2][WLAN] [805527674] RolleF wifi disconnects abnormally,2022-05-19 19:07:00,NA
706946,QUANTA COMPUTER INC.,NA,QUANTA COMPUTER INC.,Charles P Chu,[Huawei][Quanta][H9R][RolleF][AX201][21H2][WLAN] [805527674] RolleF wifi disconnects abnormally,2022-05-19 19:07:00,NA
706802,"COMPAL ELECTRONICS, INC.",NA,"COMPAL ELECTRONICS, INC.",Timdaway Lai,[Acer_Compal][Jade_ADU][ICPS]Unit B ICPS APP will freeze abount 3 minuts when connet WLAN  hotspot which share from Unit A.,2022-05-19 02:47:00,NA
706802,"COMPAL ELECTRONICS, INC.",NA,"COMPAL ELECTRONICS, INC.",Timdaway Lai,[Acer_Compal][Jade_ADU][ICPS]Unit B ICPS APP will freeze abount 3 minuts when connet WLAN  hotspot which share from Unit A.,2022-05-19 02:47:00,NA
706802,"COMPAL ELECTRONICS, INC.",NA,"COMPAL ELECTRONICS, INC.",Timdaway Lai,[Acer_Compal][Jade_ADU][ICPS]Unit B ICPS APP will freeze abount 3 minuts when connet WLAN  hotspot which share from Unit A.,2022-05-19 02:47:00,NA
706798,"COMPAL ELECTRONICS, INC.",NA,"COMPAL ELECTRONICS, INC.",Timdaway Lai,[Acer_Compal][Jade_ADU][ICPS]System did not found ICPS Component.inf and ICPS.appx under \UWD\Win64,2022-05-19 02:35:00,NA
706798,"COMPAL ELECTRONICS, INC.",NA,"COMPAL ELECTRONICS, INC.",Timdaway Lai,[Acer_Compal][Jade_ADU][ICPS]System did not found ICPS Component.inf and ICPS.appx under \UWD\Win64,2022-05-19 02:35:00,NA
706798,"COMPAL ELECTRONICS, INC.",NA,"COMPAL ELECTRONICS, INC.",Timdaway Lai,[Acer_Compal][Jade_ADU][ICPS]System did not found ICPS Component.inf and ICPS.appx under \UWD\Win64,2022-05-19 02:35:00,NA
706765,"EDIMAX TECHNOLOGY CO., LTD.",NA,"EDIMAX TECHNOLOGY CO., LTD.",Nicky Chen,AX210 can not scan bandwidth 160MHz band4,2022-05-19 01:19:00,NA
706765,"EDIMAX TECHNOLOGY CO., LTD.",NA,"EDIMAX TECHNOLOGY CO., LTD.",Nicky Chen,AX210 can not scan bandwidth 160MHz band4,2022-05-19 01:19:00,NA
706765,"EDIMAX TECHNOLOGY CO., LTD.",NA,"EDIMAX TECHNOLOGY CO., LTD.",Nicky Chen,AX210 can not scan bandwidth 160MHz band4,2022-05-19 01:19:00,NA
706749,"HUAQIN TECHNOLOGY CO., LTD",NA,"Huaqin Technology Co., Ltd",Charles Yeh,[ASUS][TP3402ZA][ADL][Win11R]Some AP can?t select Mobile Hotspot or share 5G.(2.4G can pass),2022-05-19 00:42:00,NA
706749,"HUAQIN TECHNOLOGY CO., LTD",NA,"Huaqin Technology Co., Ltd",Charles Yeh,[ASUS][TP3402ZA][ADL][Win11R]Some AP can?t select Mobile Hotspot or share 5G.(2.4G can pass),2022-05-19 00:42:00,NA
706749,"HUAQIN TECHNOLOGY CO., LTD",NA,"Huaqin Technology Co., Ltd",Charles Yeh,[ASUS][TP3402ZA][ADL][Win11R]Some AP can?t select Mobile Hotspot or share 5G.(2.4G can pass),2022-05-19 00:42:00,NA
706635,QUANTA COMPUTER INC.,NA,QUANTA COMPUTER INC.,Charles P Chu,[Huawei][Quanta][H99E][NobelF][AX201][21H2][WLAN] [AX201][805525440]RSSI value drops by 3-5dBm after NobelF is unplugged adapter,2022-05-18 19:56:00,NA
706635,QUANTA COMPUTER INC.,NA,QUANTA COMPUTER INC.,Charles P Chu,[Huawei][Quanta][H99E][NobelF][AX201][21H2][WLAN] [AX201][805525440]RSSI value drops by 3-5dBm after NobelF is unplugged adapter,2022-05-18 19:56:00,NA
706635,QUANTA COMPUTER INC.,NA,QUANTA COMPUTER INC.,Charles P Chu,[Huawei][Quanta][H99E][NobelF][AX201][21H2][WLAN] [AX201][805525440]RSSI value drops by 3-5dBm after NobelF is unplugged adapter,2022-05-18 19:56:00,NA
706438,"HUAQIN TECHNOLOGY CO., LTD",NA,"Huaqin Technology Co., Ltd",Nicky Chen,[HuaQin][Asus][UX3402ZA_ADL-P][Win11 OS]Intel AX211 wifi driver BSOD(0xd1)(F/R:1/4 pcs).,2022-05-18 01:52:00,NA
706438,"HUAQIN TECHNOLOGY CO., LTD",NA,"Huaqin Technology Co., Ltd",Nicky Chen,[HuaQin][Asus][UX3402ZA_ADL-P][Win11 OS]Intel AX211 wifi driver BSOD(0xd1)(F/R:1/4 pcs).,2022-05-18 01:52:00,NA
706438,"HUAQIN TECHNOLOGY CO., LTD",NA,"Huaqin Technology Co., Ltd",Nicky Chen,[HuaQin][Asus][UX3402ZA_ADL-P][Win11 OS]Intel AX211 wifi driver BSOD(0xd1)(F/R:1/4 pcs).,2022-05-18 01:52:00,NA
706320,QUANTA COMPUTER INC.,NA,QUANTA COMPUTER INC.,Wesley Kuo,"[Huawei][Quanta][H99E][NobelF][AX201][21H2][BT] [AX201][BUG-20220517-51657]The mobile phone and the PC establish multi-screen collaboration. After the mobile phone answers the call, the voice is input and output from the Bluetooth headset on the PC side.",2022-05-17 19:34:00,NA
706320,QUANTA COMPUTER INC.,NA,QUANTA COMPUTER INC.,Wesley Kuo,"[Huawei][Quanta][H99E][NobelF][AX201][21H2][BT] [AX201][BUG-20220517-51657]The mobile phone and the PC establish multi-screen collaboration. After the mobile phone answers the call, the voice is input and output from the Bluetooth headset on the PC side.",2022-05-17 19:34:00,NA
706320,QUANTA COMPUTER INC.,NA,QUANTA COMPUTER INC.,Wesley Kuo,"[Huawei][Quanta][H99E][NobelF][AX201][21H2][BT] [AX201][BUG-20220517-51657]The mobile phone and the PC establish multi-screen collaboration. After the mobile phone answers the call, the voice is input and output from the Bluetooth headset on the PC side.",2022-05-17 19:34:00,NA
705847,ELITEGROUP COMPUTER SYSTEMS CO. LTD,NA,ELITEGROUP COMPUTER SYSTEMS CO. LTD,Timdaway Lai,[Acer]ADL-S CITU Marginal Test cannot get Full Run result,2022-05-16 03:15:00,NA
705847,ELITEGROUP COMPUTER SYSTEMS CO. LTD,NA,ELITEGROUP COMPUTER SYSTEMS CO. LTD,Timdaway Lai,[Acer]ADL-S CITU Marginal Test cannot get Full Run result,2022-05-16 03:15:00,NA
705847,ELITEGROUP COMPUTER SYSTEMS CO. LTD,NA,ELITEGROUP COMPUTER SYSTEMS CO. LTD,Timdaway Lai,[Acer]ADL-S CITU Marginal Test cannot get Full Run result,2022-05-16 03:15:00,NA
705458,"HUAQIN TECHNOLOGY CO., LTD",NA,"Huaqin Technology Co., Ltd",Leo Chiang,[HONOR][HUAQIN][HiggsF][Intel ADL][Intel AX 211][BT][Win11]BT headset would switch between connected and connected with music after connected with DUT,2022-05-13 01:41:00,NA
705458,"HUAQIN TECHNOLOGY CO., LTD",NA,"Huaqin Technology Co., Ltd",Leo Chiang,[HONOR][HUAQIN][HiggsF][Intel ADL][Intel AX 211][BT][Win11]BT headset would switch between connected and connected with music after connected with DUT,2022-05-13 01:41:00,NA
705458,"HUAQIN TECHNOLOGY CO., LTD",NA,"Huaqin Technology Co., Ltd",Leo Chiang,[HONOR][HUAQIN][HiggsF][Intel ADL][Intel AX 211][BT][Win11]BT headset would switch between connected and connected with music after connected with DUT,2022-05-13 01:41:00,NA
705403,WISTRON CORPORATION,NA,WISTRON CORPORATION,Timdaway Lai,WRT2G tool can't work correctly,2022-05-13 00:04:00,NA
705403,WISTRON CORPORATION,NA,WISTRON CORPORATION,Timdaway Lai,WRT2G tool can't work correctly,2022-05-13 00:04:00,NA
705403,WISTRON CORPORATION,NA,WISTRON CORPORATION,Timdaway Lai,WRT2G tool can't work correctly,2022-05-13 00:04:00,NA
705052,"HUAQIN TECHNOLOGY CO., LTD",NA,"Huaqin Technology Co., Ltd",Leo Chiang,[HONOR][HUAQIN][HiggsF][Intel ADL][Intel AX 211][BT][Win11]Client machine cannot hear voice from DUT with BT headset connected.,2022-05-12 00:28:00,NA
705052,"HUAQIN TECHNOLOGY CO., LTD",NA,"Huaqin Technology Co., Ltd",Leo Chiang,[HONOR][HUAQIN][HiggsF][Intel ADL][Intel AX 211][BT][Win11]Client machine cannot hear voice from DUT with BT headset connected.,2022-05-12 00:28:00,NA
705052,"HUAQIN TECHNOLOGY CO., LTD",NA,"Huaqin Technology Co., Ltd",Leo Chiang,[HONOR][HUAQIN][HiggsF][Intel ADL][Intel AX 211][BT][Win11]Client machine cannot hear voice from DUT with BT headset connected.,2022-05-12 00:28:00,NA
704928,QUANTA COMPUTER INC.,NA,QUANTA COMPUTER INC.,Wesley Kuo,"[Huawei][Quanta][H9HD][HookF][AX211][21H2][BT][BUG-20220330-47272] Step tool run S5 stress testing  , 1 unit meet USB UB  USB\VID_0000&PID_0002\5&8A9741&0&10, and Intel BT /MSFT BT lost BTH\MS_BTHBRB\6&320122B7&0&1;BTH\MS_BTHLE\6&32 at",2022-05-11 17:00:00,NA
704928,QUANTA COMPUTER INC.,NA,QUANTA COMPUTER INC.,Wesley Kuo,"[Huawei][Quanta][H9HD][HookF][AX211][21H2][BT][BUG-20220330-47272] Step tool run S5 stress testing  , 1 unit meet USB UB  USB\VID_0000&PID_0002\5&8A9741&0&10, and Intel BT /MSFT BT lost BTH\MS_BTHBRB\6&320122B7&0&1;BTH\MS_BTHLE\6&32 at",2022-05-11 17:00:00,NA
704928,QUANTA COMPUTER INC.,NA,QUANTA COMPUTER INC.,Wesley Kuo,"[Huawei][Quanta][H9HD][HookF][AX211][21H2][BT][BUG-20220330-47272] Step tool run S5 stress testing  , 1 unit meet USB UB  USB\VID_0000&PID_0002\5&8A9741&0&10, and Intel BT /MSFT BT lost BTH\MS_BTHBRB\6&320122B7&0&1;BTH\MS_BTHLE\6&32 at",2022-05-11 17:00:00,NA
704847,"HUAQIN TECHNOLOGY CO., LTD",NA,"Huaqin Technology Co., Ltd",Charles Yeh,"[ASUS][K6502HE][TGL-H][AX201][Win11R][Airpods]The unit WLAN?wireless network? Tx & Rx speed less than spec 10Mbps(802.11n 2.4G need > 10 Mbps)(FR:2 out of 2 units,4 out of 4 times)",2022-05-11 06:01:00,NA
704847,"HUAQIN TECHNOLOGY CO., LTD",NA,"Huaqin Technology Co., Ltd",Charles Yeh,"[ASUS][K6502HE][TGL-H][AX201][Win11R][Airpods]The unit WLAN?wireless network? Tx & Rx speed less than spec 10Mbps(802.11n 2.4G need > 10 Mbps)(FR:2 out of 2 units,4 out of 4 times)",2022-05-11 06:01:00,NA
704847,"HUAQIN TECHNOLOGY CO., LTD",NA,"Huaqin Technology Co., Ltd",Charles Yeh,"[ASUS][K6502HE][TGL-H][AX201][Win11R][Airpods]The unit WLAN?wireless network? Tx & Rx speed less than spec 10Mbps(802.11n 2.4G need > 10 Mbps)(FR:2 out of 2 units,4 out of 4 times)",2022-05-11 06:01:00,NA
704798,"HUAQIN TECHNOLOGY CO., LTD",NA,"Huaqin Technology Co., Ltd",Zhiwei He,[HUAWEI][HUAQIN][MorganF][Intel ADL][Intel AX 211][WIFI][Win11] System will auto disconnet wlan and then connect it again.,2022-05-11 02:52:00,NA
704798,"HUAQIN TECHNOLOGY CO., LTD",NA,"Huaqin Technology Co., Ltd",Zhiwei He,[HUAWEI][HUAQIN][MorganF][Intel ADL][Intel AX 211][WIFI][Win11] System will auto disconnet wlan and then connect it again.,2022-05-11 02:52:00,NA
704798,"HUAQIN TECHNOLOGY CO., LTD",NA,"Huaqin Technology Co., Ltd",Zhiwei He,[HUAWEI][HUAQIN][MorganF][Intel ADL][Intel AX 211][WIFI][Win11] System will auto disconnet wlan and then connect it again.,2022-05-11 02:52:00,NA
704645,QUANTA COMPUTER INC.,NA,QUANTA COMPUTER INC.,Timdaway Lai,"[Acer 207592][ICPS 1.1122.112.3] The Prioritization function seems didn't improve the game latency significantly, how could I check the function works or not",2022-05-10 20:27:00,NA
704645,QUANTA COMPUTER INC.,NA,QUANTA COMPUTER INC.,Timdaway Lai,"[Acer 207592][ICPS 1.1122.112.3] The Prioritization function seems didn't improve the game latency significantly, how could I check the function works or not",2022-05-10 20:27:00,NA
704645,QUANTA COMPUTER INC.,NA,QUANTA COMPUTER INC.,Timdaway Lai,"[Acer 207592][ICPS 1.1122.112.3] The Prioritization function seems didn't improve the game latency significantly, how could I check the function works or not",2022-05-10 20:27:00,NA
704619,QUANTA COMPUTER INC.,NA,QUANTA COMPUTER INC.,Timdaway Lai,"[Acer 207593][ICPS 1.1122.112.3] Set a bandwidth limit(30 Mbps) on the QoS AP/auto bandwidth UI, but observe the download bandwidth (Mbps) still over 30Mbps",2022-05-10 19:31:00,NA
704619,QUANTA COMPUTER INC.,NA,QUANTA COMPUTER INC.,Timdaway Lai,"[Acer 207593][ICPS 1.1122.112.3] Set a bandwidth limit(30 Mbps) on the QoS AP/auto bandwidth UI, but observe the download bandwidth (Mbps) still over 30Mbps",2022-05-10 19:31:00,NA
704619,QUANTA COMPUTER INC.,NA,QUANTA COMPUTER INC.,Timdaway Lai,"[Acer 207593][ICPS 1.1122.112.3] Set a bandwidth limit(30 Mbps) on the QoS AP/auto bandwidth UI, but observe the download bandwidth (Mbps) still over 30Mbps",2022-05-10 19:31:00,NA
704466,QUANTA COMPUTER INC.,NA,QUANTA COMPUTER INC.,Charles P Chu,"[Huawei][Quanta][H9HD][HookF][AX211][21H2][WLAN][BUG-20220510-50817] The DUT meet BSOD 7C but w/o dump , system event show error Netwtw10 5010",2022-05-10 03:37:00,NA
704466,QUANTA COMPUTER INC.,NA,QUANTA COMPUTER INC.,Charles P Chu,"[Huawei][Quanta][H9HD][HookF][AX211][21H2][WLAN][BUG-20220510-50817] The DUT meet BSOD 7C but w/o dump , system event show error Netwtw10 5010",2022-05-10 03:37:00,NA
704466,QUANTA COMPUTER INC.,NA,QUANTA COMPUTER INC.,Charles P Chu,"[Huawei][Quanta][H9HD][HookF][AX211][21H2][WLAN][BUG-20220510-50817] The DUT meet BSOD 7C but w/o dump , system event show error Netwtw10 5010",2022-05-10 03:37:00,NA
704409,QUANTA COMPUTER INC.,NA,QUANTA COMPUTER INC.,Charles P Chu,"[Huawei][Quanta][H9R][RolleF][AX201][21H2][WLAN] [805498490] After RolleF wakes up from sleep, the WIFI switch is automatically turned off",2022-05-10 01:27:00,NA
704409,QUANTA COMPUTER INC.,NA,QUANTA COMPUTER INC.,Charles P Chu,"[Huawei][Quanta][H9R][RolleF][AX201][21H2][WLAN] [805498490] After RolleF wakes up from sleep, the WIFI switch is automatically turned off",2022-05-10 01:27:00,NA
704409,QUANTA COMPUTER INC.,NA,QUANTA COMPUTER INC.,Charles P Chu,"[Huawei][Quanta][H9R][RolleF][AX201][21H2][WLAN] [805498490] After RolleF wakes up from sleep, the WIFI switch is automatically turned off",2022-05-10 01:27:00,NA
704362,"HUAQIN TECHNOLOGY CO., LTD",NA,"Huaqin Technology Co., Ltd",Wesley Kuo,[Huaqin][Lenovo][ADL][ThinkBook G4+ IAP] HLK Bluetooth - UsbScoDataTransportLayer (Development and Integration) test failed,2022-05-09 23:40:00,NA
704362,"HUAQIN TECHNOLOGY CO., LTD",NA,"Huaqin Technology Co., Ltd",Wesley Kuo,[Huaqin][Lenovo][ADL][ThinkBook G4+ IAP] HLK Bluetooth - UsbScoDataTransportLayer (Development and Integration) test failed,2022-05-09 23:40:00,NA
704362,"HUAQIN TECHNOLOGY CO., LTD",NA,"Huaqin Technology Co., Ltd",Wesley Kuo,[Huaqin][Lenovo][ADL][ThinkBook G4+ IAP] HLK Bluetooth - UsbScoDataTransportLayer (Development and Integration) test failed,2022-05-09 23:40:00,NA
704242,QUANTA COMPUTER INC.,NA,QUANTA COMPUTER INC.,Leo Chiang,"[Honor][Quanta][H9R][GalileoF][AX201][21H2][BT] [#18397] The PC is installed with dual win11 systems. After waking up from Hibernation, it is found that the bluetooth switch disappears, the bluetooth on devicen manager has a yellow mark, and the backgroun",2022-05-09 18:36:00,NA
704242,QUANTA COMPUTER INC.,NA,QUANTA COMPUTER INC.,Leo Chiang,"[Honor][Quanta][H9R][GalileoF][AX201][21H2][BT] [#18397] The PC is installed with dual win11 systems. After waking up from Hibernation, it is found that the bluetooth switch disappears, the bluetooth on devicen manager has a yellow mark, and the backgroun",2022-05-09 18:36:00,NA
704242,QUANTA COMPUTER INC.,NA,QUANTA COMPUTER INC.,Leo Chiang,"[Honor][Quanta][H9R][GalileoF][AX201][21H2][BT] [#18397] The PC is installed with dual win11 systems. After waking up from Hibernation, it is found that the bluetooth switch disappears, the bluetooth on devicen manager has a yellow mark, and the backgroun",2022-05-09 18:36:00,NA
704172,QUANTA COMPUTER INC.,NA,QUANTA COMPUTER INC.,Charles P Chu,[Huawei][Quanta][H99E][NobelF][AX201][21H2][WLAN] [AX201][805511315] NobelF wifi disconnects frequently,2022-05-09 06:10:00,NA
704172,QUANTA COMPUTER INC.,NA,QUANTA COMPUTER INC.,Charles P Chu,[Huawei][Quanta][H99E][NobelF][AX201][21H2][WLAN] [AX201][805511315] NobelF wifi disconnects frequently,2022-05-09 06:10:00,NA
704172,QUANTA COMPUTER INC.,NA,QUANTA COMPUTER INC.,Charles P Chu,[Huawei][Quanta][H99E][NobelF][AX201][21H2][WLAN] [AX201][805511315] NobelF wifi disconnects frequently,2022-05-09 06:10:00,NA
704171,QUANTA COMPUTER INC.,NA,QUANTA COMPUTER INC.,Charles P Chu,[Huawei][Quanta][H99E][NobelF][AX201][21H2][WLAN] [AX201][805511315] NobelF wifi disconnects frequently,2022-05-09 06:10:00,NA
704171,QUANTA COMPUTER INC.,NA,QUANTA COMPUTER INC.,Charles P Chu,[Huawei][Quanta][H99E][NobelF][AX201][21H2][WLAN] [AX201][805511315] NobelF wifi disconnects frequently,2022-05-09 06:10:00,NA
704171,QUANTA COMPUTER INC.,NA,QUANTA COMPUTER INC.,Charles P Chu,[Huawei][Quanta][H99E][NobelF][AX201][21H2][WLAN] [AX201][805511315] NobelF wifi disconnects frequently,2022-05-09 06:10:00,NA
704034,"HUAQIN TECHNOLOGY CO., LTD",NA,"Huaqin Technology Co., Ltd",Leo Chiang,"[ASUS][B5302][ADL][Win11R][AX201&AX211]The mouse pointer has a short delay(lag 0.5s) after make the BT mouse & machines idle 10s (4 out of 4 units,8 out of 8 times) fail units: ALL Configurations",2022-05-09 00:30:00,NA
704034,"HUAQIN TECHNOLOGY CO., LTD",NA,"Huaqin Technology Co., Ltd",Leo Chiang,"[ASUS][B5302][ADL][Win11R][AX201&AX211]The mouse pointer has a short delay(lag 0.5s) after make the BT mouse & machines idle 10s (4 out of 4 units,8 out of 8 times) fail units: ALL Configurations",2022-05-09 00:30:00,NA
704034,"HUAQIN TECHNOLOGY CO., LTD",NA,"Huaqin Technology Co., Ltd",Leo Chiang,"[ASUS][B5302][ADL][Win11R][AX201&AX211]The mouse pointer has a short delay(lag 0.5s) after make the BT mouse & machines idle 10s (4 out of 4 units,8 out of 8 times) fail units: ALL Configurations",2022-05-09 00:30:00,NA
703815,QUANTA COMPUTER INC.,NA,QUANTA COMPUTER INC.,Zhiwei He,"[Huawei][Quanta][H9R][RolleF][AX201][21H2][WLAN] [805508618] After the RolleF wakes up from standby, the WiFi switch is abnormally turned off and needs to be turned on manually",2022-05-07 08:56:00,NA
703815,QUANTA COMPUTER INC.,NA,QUANTA COMPUTER INC.,Zhiwei He,"[Huawei][Quanta][H9R][RolleF][AX201][21H2][WLAN] [805508618] After the RolleF wakes up from standby, the WiFi switch is abnormally turned off and needs to be turned on manually",2022-05-07 08:56:00,NA
703815,QUANTA COMPUTER INC.,NA,QUANTA COMPUTER INC.,Zhiwei He,"[Huawei][Quanta][H9R][RolleF][AX201][21H2][WLAN] [805508618] After the RolleF wakes up from standby, the WiFi switch is abnormally turned off and needs to be turned on manually",2022-05-07 08:56:00,NA
703813,QUANTA COMPUTER INC.,NA,QUANTA COMPUTER INC.,Charles P Chu,"[Huawei][Quanta][H9HD][HookF][AX211][21H2][WLAN][805508268] hookeF starts GO on channel 157, the terminal disconnects, and the request sent when the terminal scans all channels to channel 157 does not receive a reply from the PC, and the terminal may repl",2022-05-07 08:13:00,NA
703813,QUANTA COMPUTER INC.,NA,QUANTA COMPUTER INC.,Charles P Chu,"[Huawei][Quanta][H9HD][HookF][AX211][21H2][WLAN][805508268] hookeF starts GO on channel 157, the terminal disconnects, and the request sent when the terminal scans all channels to channel 157 does not receive a reply from the PC, and the terminal may repl",2022-05-07 08:13:00,NA
703813,QUANTA COMPUTER INC.,NA,QUANTA COMPUTER INC.,Charles P Chu,"[Huawei][Quanta][H9HD][HookF][AX211][21H2][WLAN][805508268] hookeF starts GO on channel 157, the terminal disconnects, and the request sent when the terminal scans all channels to channel 157 does not receive a reply from the PC, and the terminal may repl",2022-05-07 08:13:00,NA
703624,WISTRON CORPORATION,NA,WISTRON CORPORATION,Franky Yang,[Dell][Wistron]Cyborg-L Intel AX201 will be disabled when resume from Sleep mode.,2022-05-06 02:58:00,NA
703624,WISTRON CORPORATION,NA,WISTRON CORPORATION,Franky Yang,[Dell][Wistron]Cyborg-L Intel AX201 will be disabled when resume from Sleep mode.,2022-05-06 02:58:00,NA
703624,WISTRON CORPORATION,NA,WISTRON CORPORATION,Franky Yang,[Dell][Wistron]Cyborg-L Intel AX201 will be disabled when resume from Sleep mode.,2022-05-06 02:58:00,NA
703464,QUANTA COMPUTER INC.,NA,QUANTA COMPUTER INC.,Charles P Chu,"[Huawei][Quanta][H9U][CurieF][AX211][21H2][ICPS] Intel EVO certification has power consumption problems, Intel needs to clarify whether it has anything to do with ICPS",2022-05-05 20:15:00,NA
703464,QUANTA COMPUTER INC.,NA,QUANTA COMPUTER INC.,Charles P Chu,"[Huawei][Quanta][H9U][CurieF][AX211][21H2][ICPS] Intel EVO certification has power consumption problems, Intel needs to clarify whether it has anything to do with ICPS",2022-05-05 20:15:00,NA
703464,QUANTA COMPUTER INC.,NA,QUANTA COMPUTER INC.,Charles P Chu,"[Huawei][Quanta][H9U][CurieF][AX211][21H2][ICPS] Intel EVO certification has power consumption problems, Intel needs to clarify whether it has anything to do with ICPS",2022-05-05 20:15:00,NA
703243,QUANTA COMPUTER INC.,NA,QUANTA COMPUTER INC.,Charles P Chu,[Huawei][Quanta][H9HD][HookF][AX211][21H2][WLAN][805504607] HookeF and mobile phone cooperate with softap to create 2.4G channel,2022-05-05 00:21:00,NA
703243,QUANTA COMPUTER INC.,NA,QUANTA COMPUTER INC.,Charles P Chu,[Huawei][Quanta][H9HD][HookF][AX211][21H2][WLAN][805504607] HookeF and mobile phone cooperate with softap to create 2.4G channel,2022-05-05 00:21:00,NA
703243,QUANTA COMPUTER INC.,NA,QUANTA COMPUTER INC.,Charles P Chu,[Huawei][Quanta][H9HD][HookF][AX211][21H2][WLAN][805504607] HookeF and mobile phone cooperate with softap to create 2.4G channel,2022-05-05 00:21:00,NA
703197,QUANTA COMPUTER INC.,NA,QUANTA COMPUTER INC.,Charles P Chu,"[Huawei][Quanta][H9R][RolleF][AX201][21H2][WLAN] [805504158] RolleF wifi is frequently disconnected, but several mobile phones with the same hotspot are normal",2022-05-04 21:29:00,NA
703197,QUANTA COMPUTER INC.,NA,QUANTA COMPUTER INC.,Charles P Chu,"[Huawei][Quanta][H9R][RolleF][AX201][21H2][WLAN] [805504158] RolleF wifi is frequently disconnected, but several mobile phones with the same hotspot are normal",2022-05-04 21:29:00,NA
703197,QUANTA COMPUTER INC.,NA,QUANTA COMPUTER INC.,Charles P Chu,"[Huawei][Quanta][H9R][RolleF][AX201][21H2][WLAN] [805504158] RolleF wifi is frequently disconnected, but several mobile phones with the same hotspot are normal",2022-05-04 21:29:00,NA
703190,"HUAQIN TECHNOLOGY CO., LTD",NA,"Huaqin Technology Co., Ltd",Leo Chiang,[HONOR][HUAQIN][HiggsF][Intel ADL][Intel AX 211][BT][Win11]Sounds output from BT headset would delay about 20s after connected succeed to PC.,2022-05-04 20:49:00,NA
703190,"HUAQIN TECHNOLOGY CO., LTD",NA,"Huaqin Technology Co., Ltd",Leo Chiang,[HONOR][HUAQIN][HiggsF][Intel ADL][Intel AX 211][BT][Win11]Sounds output from BT headset would delay about 20s after connected succeed to PC.,2022-05-04 20:49:00,NA
703190,"HUAQIN TECHNOLOGY CO., LTD",NA,"Huaqin Technology Co., Ltd",Leo Chiang,[HONOR][HUAQIN][HiggsF][Intel ADL][Intel AX 211][BT][Win11]Sounds output from BT headset would delay about 20s after connected succeed to PC.,2022-05-04 20:49:00,NA
703188,"HUAQIN TECHNOLOGY CO., LTD",NA,"Huaqin Technology Co., Ltd",Charles Yeh,[ASUS][TP3402ZA][ADL][Win11R]Some AP can?t select Mobile Hotspot or share 5G.(2.4G can pass),2022-05-04 20:47:00,NA
703188,"HUAQIN TECHNOLOGY CO., LTD",NA,"Huaqin Technology Co., Ltd",Charles Yeh,[ASUS][TP3402ZA][ADL][Win11R]Some AP can?t select Mobile Hotspot or share 5G.(2.4G can pass),2022-05-04 20:47:00,NA
703188,"HUAQIN TECHNOLOGY CO., LTD",NA,"Huaqin Technology Co., Ltd",Charles Yeh,[ASUS][TP3402ZA][ADL][Win11R]Some AP can?t select Mobile Hotspot or share 5G.(2.4G can pass),2022-05-04 20:47:00,NA
703170,"HUAQIN TECHNOLOGY CO., LTD",NA,"Huaqin Technology Co., Ltd",Leo Chiang,"[HONOR][HUAQIN][HiggsF][Intel ADL][Intel AX 211][BT][Win11]Show prompts ?This item not work, please try again"" when click to connect the paired BT headset.",2022-05-04 19:54:00,NA
703170,"HUAQIN TECHNOLOGY CO., LTD",NA,"Huaqin Technology Co., Ltd",Leo Chiang,"[HONOR][HUAQIN][HiggsF][Intel ADL][Intel AX 211][BT][Win11]Show prompts ?This item not work, please try again"" when click to connect the paired BT headset.",2022-05-04 19:54:00,NA
703170,"HUAQIN TECHNOLOGY CO., LTD",NA,"Huaqin Technology Co., Ltd",Leo Chiang,"[HONOR][HUAQIN][HiggsF][Intel ADL][Intel AX 211][BT][Win11]Show prompts ?This item not work, please try again"" when click to connect the paired BT headset.",2022-05-04 19:54:00,NA
703024,"COMPAL ELECTRONICS, INC.",NA,"COMPAL ELECTRONICS, INC.",Charles Yeh,[Dell/Compal][Odyssey] External monitor show garbage when play online Video or Movies&TV via Miracast,2022-05-04 01:15:00,NA
703024,"COMPAL ELECTRONICS, INC.",NA,"COMPAL ELECTRONICS, INC.",Charles Yeh,[Dell/Compal][Odyssey] External monitor show garbage when play online Video or Movies&TV via Miracast,2022-05-04 01:15:00,NA
703024,"COMPAL ELECTRONICS, INC.",NA,"COMPAL ELECTRONICS, INC.",Charles Yeh,[Dell/Compal][Odyssey] External monitor show garbage when play online Video or Movies&TV via Miracast,2022-05-04 01:15:00,NA
702389,PEGATRON CORPORATION,NA,Pegatron Corporation,Leo Chiang,[Dell][Pega][Falcon] A2DP SNK device will show YB after pairing BT to another SUT,2022-04-29 05:44:00,NA
702389,PEGATRON CORPORATION,NA,Pegatron Corporation,Leo Chiang,[Dell][Pega][Falcon] A2DP SNK device will show YB after pairing BT to another SUT,2022-04-29 05:44:00,NA
702389,PEGATRON CORPORATION,NA,Pegatron Corporation,Leo Chiang,[Dell][Pega][Falcon] A2DP SNK device will show YB after pairing BT to another SUT,2022-04-29 05:44:00,NA
701695,"HUAQIN TECHNOLOGY CO., LTD",NA,"Huaqin Technology Co., Ltd",Zhiwei He,[HUAWEI][HUAQIN][KelvinF][Intel ADL][Intel AX 201][WIFI][Win11] The wlan will disconnect it when occur 2505 error from event log to check.,2022-04-27 18:53:00,NA
701695,"HUAQIN TECHNOLOGY CO., LTD",NA,"Huaqin Technology Co., Ltd",Zhiwei He,[HUAWEI][HUAQIN][KelvinF][Intel ADL][Intel AX 201][WIFI][Win11] The wlan will disconnect it when occur 2505 error from event log to check.,2022-04-27 18:53:00,NA
701695,"HUAQIN TECHNOLOGY CO., LTD",NA,"Huaqin Technology Co., Ltd",Zhiwei He,[HUAWEI][HUAQIN][KelvinF][Intel ADL][Intel AX 201][WIFI][Win11] The wlan will disconnect it when occur 2505 error from event log to check.,2022-04-27 18:53:00,NA
701287,"HUAQIN TECHNOLOGY CO., LTD",NA,"Huaqin Technology Co., Ltd",Leo Chiang,[HONOR][HUAQIN][FermiF&BornF][Intel ADL][Intel AX 201][BT][Win11]DUT send file to cellphone failed via BT,2022-04-26 19:24:00,NA
701287,"HUAQIN TECHNOLOGY CO., LTD",NA,"Huaqin Technology Co., Ltd",Leo Chiang,[HONOR][HUAQIN][FermiF&BornF][Intel ADL][Intel AX 201][BT][Win11]DUT send file to cellphone failed via BT,2022-04-26 19:24:00,NA
701287,"HUAQIN TECHNOLOGY CO., LTD",NA,"Huaqin Technology Co., Ltd",Leo Chiang,[HONOR][HUAQIN][FermiF&BornF][Intel ADL][Intel AX 201][BT][Win11]DUT send file to cellphone failed via BT,2022-04-26 19:24:00,NA
700792,WISTRON CORPORATION,NA,WISTRON CORPORATION,Franky Yang,(Copy Of 00700683) [Dell][Cyborg-L ADL] Intel WLANTEST tests fail on design of ADL platform and AX210,2022-04-25 08:19:00,NA
700792,WISTRON CORPORATION,NA,WISTRON CORPORATION,Franky Yang,(Copy Of 00700683) [Dell][Cyborg-L ADL] Intel WLANTEST tests fail on design of ADL platform and AX210,2022-04-25 08:19:00,NA
700792,WISTRON CORPORATION,NA,WISTRON CORPORATION,Franky Yang,(Copy Of 00700683) [Dell][Cyborg-L ADL] Intel WLANTEST tests fail on design of ADL platform and AX210,2022-04-25 08:19:00,NA
700505,"HUAQIN TECHNOLOGY CO., LTD",NA,"Huaqin Technology Co., Ltd",Leo Chiang,"[Huaqin][ASUS][K6502_K6602][Intel TGL][Win11R][AX201]Bluetooth speakers don't automatically connect to play music.(FR: 3 out of 3 units, 6 out of 6 times)",2022-04-24 20:58:00,NA
700505,"HUAQIN TECHNOLOGY CO., LTD",NA,"Huaqin Technology Co., Ltd",Leo Chiang,"[Huaqin][ASUS][K6502_K6602][Intel TGL][Win11R][AX201]Bluetooth speakers don't automatically connect to play music.(FR: 3 out of 3 units, 6 out of 6 times)",2022-04-24 20:58:00,NA
700505,"HUAQIN TECHNOLOGY CO., LTD",NA,"Huaqin Technology Co., Ltd",Leo Chiang,"[Huaqin][ASUS][K6502_K6602][Intel TGL][Win11R][AX201]Bluetooth speakers don't automatically connect to play music.(FR: 3 out of 3 units, 6 out of 6 times)",2022-04-24 20:58:00,NA
700382,"HUAQIN TECHNOLOGY CO., LTD",NA,"Huaqin Technology Co., Ltd",Leo Chiang,[HONOR][HUAQIN][HiggsF][Intel ADL][Intel AX 211][BT][Win11] Show driver error when close BT on headset side(freebuds pro),2022-04-24 01:59:00,NA
700382,"HUAQIN TECHNOLOGY CO., LTD",NA,"Huaqin Technology Co., Ltd",Leo Chiang,[HONOR][HUAQIN][HiggsF][Intel ADL][Intel AX 211][BT][Win11] Show driver error when close BT on headset side(freebuds pro),2022-04-24 01:59:00,NA
700382,"HUAQIN TECHNOLOGY CO., LTD",NA,"Huaqin Technology Co., Ltd",Leo Chiang,[HONOR][HUAQIN][HiggsF][Intel ADL][Intel AX 211][BT][Win11] Show driver error when close BT on headset side(freebuds pro),2022-04-24 01:59:00,NA
699784,QUANTA COMPUTER INC.,NA,QUANTA COMPUTER INC.,Charles P Chu,"[Huawei][Quanta][H9R][RolleF][AX201][21H2][WLAN] [BUG-20220420-49152] The DUT executes the Sx mixed scenario BIOS package does not upgrade the stress test, and a black screen occurs. The Cap key and the Fn key can be switched back and forth. Press the pow",2022-04-21 00:50:00,NA
699784,QUANTA COMPUTER INC.,NA,QUANTA COMPUTER INC.,Charles P Chu,"[Huawei][Quanta][H9R][RolleF][AX201][21H2][WLAN] [BUG-20220420-49152] The DUT executes the Sx mixed scenario BIOS package does not upgrade the stress test, and a black screen occurs. The Cap key and the Fn key can be switched back and forth. Press the pow",2022-04-21 00:50:00,NA
699784,QUANTA COMPUTER INC.,NA,QUANTA COMPUTER INC.,Charles P Chu,"[Huawei][Quanta][H9R][RolleF][AX201][21H2][WLAN] [BUG-20220420-49152] The DUT executes the Sx mixed scenario BIOS package does not upgrade the stress test, and a black screen occurs. The Cap key and the Fn key can be switched back and forth. Press the pow",2022-04-21 00:50:00,NA
699658,QUANTA COMPUTER INC.,NA,QUANTA COMPUTER INC.,Charles P Chu,"[Huawei][Quanta][H9R][RolleF][AX201][21H2][WLAN] [BUG-20220420-49204] Both PC and monitor are connected to 5G WIFI to establish multi-screen collaboration, and softap is built on 2.4G",2022-04-20 18:52:00,NA
699658,QUANTA COMPUTER INC.,NA,QUANTA COMPUTER INC.,Charles P Chu,"[Huawei][Quanta][H9R][RolleF][AX201][21H2][WLAN] [BUG-20220420-49204] Both PC and monitor are connected to 5G WIFI to establish multi-screen collaboration, and softap is built on 2.4G",2022-04-20 18:52:00,NA
699658,QUANTA COMPUTER INC.,NA,QUANTA COMPUTER INC.,Charles P Chu,"[Huawei][Quanta][H9R][RolleF][AX201][21H2][WLAN] [BUG-20220420-49204] Both PC and monitor are connected to 5G WIFI to establish multi-screen collaboration, and softap is built on 2.4G",2022-04-20 18:52:00,NA
699590,QUANTA COMPUTER INC.,NA,QUANTA COMPUTER INC.,Charles P Chu,[Huawei][Quanta][H9R&H9U][RolleF&CurieF][AX201][21H2][WLAN] [BUG-20220420-49221]The PC Miracast PC connection failed F/R:3/100,2022-04-20 09:04:00,NA
699590,QUANTA COMPUTER INC.,NA,QUANTA COMPUTER INC.,Charles P Chu,[Huawei][Quanta][H9R&H9U][RolleF&CurieF][AX201][21H2][WLAN] [BUG-20220420-49221]The PC Miracast PC connection failed F/R:3/100,2022-04-20 09:04:00,NA
699590,QUANTA COMPUTER INC.,NA,QUANTA COMPUTER INC.,Charles P Chu,[Huawei][Quanta][H9R&H9U][RolleF&CurieF][AX201][21H2][WLAN] [BUG-20220420-49221]The PC Miracast PC connection failed F/R:3/100,2022-04-20 09:04:00,NA
699430,QUANTA COMPUTER INC.,NA,QUANTA COMPUTER INC.,Charles P Chu,"[Huawei][Quanta][H81][CezanneM][AX200][20H2][WiFi][805486131] Cezann establishes a P2P connection with the mobile phone, but the P2P disconnects abnormally after a period of time",2022-04-20 01:30:00,NA
699430,QUANTA COMPUTER INC.,NA,QUANTA COMPUTER INC.,Charles P Chu,"[Huawei][Quanta][H81][CezanneM][AX200][20H2][WiFi][805486131] Cezann establishes a P2P connection with the mobile phone, but the P2P disconnects abnormally after a period of time",2022-04-20 01:30:00,NA
699430,QUANTA COMPUTER INC.,NA,QUANTA COMPUTER INC.,Charles P Chu,"[Huawei][Quanta][H81][CezanneM][AX200][20H2][WiFi][805486131] Cezann establishes a P2P connection with the mobile phone, but the P2P disconnects abnormally after a period of time",2022-04-20 01:30:00,NA
699390,QUANTA COMPUTER INC.,NA,QUANTA COMPUTER INC.,Wesley Kuo,[Huawei][Quanta][H9R][RolleF][AX201][21H2][BT][BUG-20220419-49047] ?HLK??L1?Bluetooth - LEExtendedAdvertising (Development and Integration) Fail  F/R:100%,2022-04-20 00:10:00,NA
699390,QUANTA COMPUTER INC.,NA,QUANTA COMPUTER INC.,Wesley Kuo,[Huawei][Quanta][H9R][RolleF][AX201][21H2][BT][BUG-20220419-49047] ?HLK??L1?Bluetooth - LEExtendedAdvertising (Development and Integration) Fail  F/R:100%,2022-04-20 00:10:00,NA
699390,QUANTA COMPUTER INC.,NA,QUANTA COMPUTER INC.,Wesley Kuo,[Huawei][Quanta][H9R][RolleF][AX201][21H2][BT][BUG-20220419-49047] ?HLK??L1?Bluetooth - LEExtendedAdvertising (Development and Integration) Fail  F/R:100%,2022-04-20 00:10:00,NA
699327,"HUAQIN TECHNOLOGY CO., LTD",NA,"Huaqin Technology Co., Ltd",Leo Chiang,[HONORI][HUAQIN][HiggsF][Intel ADL][Intel AX 211][BT][Win11]BT headset have no soud output after draging Groove Music APP gropress bar.,2022-04-19 20:33:00,NA
699327,"HUAQIN TECHNOLOGY CO., LTD",NA,"Huaqin Technology Co., Ltd",Leo Chiang,[HONORI][HUAQIN][HiggsF][Intel ADL][Intel AX 211][BT][Win11]BT headset have no soud output after draging Groove Music APP gropress bar.,2022-04-19 20:33:00,NA
699327,"HUAQIN TECHNOLOGY CO., LTD",NA,"Huaqin Technology Co., Ltd",Leo Chiang,[HONORI][HUAQIN][HiggsF][Intel ADL][Intel AX 211][BT][Win11]BT headset have no soud output after draging Groove Music APP gropress bar.,2022-04-19 20:33:00,NA
699249,NEC,NA,"NEC PERSONAL COMPUTERS,LTD.",Timdaway Lai,Can't wake from Modern standby,2022-04-19 18:08:00,NA
699249,NEC,NA,"NEC PERSONAL COMPUTERS,LTD.",Timdaway Lai,Can't wake from Modern standby,2022-04-19 18:08:00,NA
699249,NEC,NA,"NEC PERSONAL COMPUTERS,LTD.",Timdaway Lai,Can't wake from Modern standby,2022-04-19 18:08:00,NA
699170,QUANTA COMPUTER INC.,NA,QUANTA COMPUTER INC.,Charles P Chu,"[Huawei][Quanta][H9R&H9U][RolleF&CurieF][AX201][21H2][WLAN] [BUG-20220419-49045]The test PC is connected to the wired network, but the 5G hotspot cannot be turned on",2022-04-19 05:49:00,NA
699170,QUANTA COMPUTER INC.,NA,QUANTA COMPUTER INC.,Charles P Chu,"[Huawei][Quanta][H9R&H9U][RolleF&CurieF][AX201][21H2][WLAN] [BUG-20220419-49045]The test PC is connected to the wired network, but the 5G hotspot cannot be turned on",2022-04-19 05:49:00,NA
699170,QUANTA COMPUTER INC.,NA,QUANTA COMPUTER INC.,Charles P Chu,"[Huawei][Quanta][H9R&H9U][RolleF&CurieF][AX201][21H2][WLAN] [BUG-20220419-49045]The test PC is connected to the wired network, but the 5G hotspot cannot be turned on",2022-04-19 05:49:00,NA
699161,QUANTA COMPUTER INC.,NA,QUANTA COMPUTER INC.,Charles P Chu,"[Huawei][Quanta][H9R&H9U][RolleF&CurieF][AX201][21H2][WLAN] [49081&49086]The mobile phone and the PC have multi-screen collaboration, click the drive letter in the left sidebar of the resource manager, disconnect the Pcwifi, do nothing, the PC will automa",2022-04-19 05:36:00,NA
699161,QUANTA COMPUTER INC.,NA,QUANTA COMPUTER INC.,Charles P Chu,"[Huawei][Quanta][H9R&H9U][RolleF&CurieF][AX201][21H2][WLAN] [49081&49086]The mobile phone and the PC have multi-screen collaboration, click the drive letter in the left sidebar of the resource manager, disconnect the Pcwifi, do nothing, the PC will automa",2022-04-19 05:36:00,NA
699161,QUANTA COMPUTER INC.,NA,QUANTA COMPUTER INC.,Charles P Chu,"[Huawei][Quanta][H9R&H9U][RolleF&CurieF][AX201][21H2][WLAN] [49081&49086]The mobile phone and the PC have multi-screen collaboration, click the drive letter in the left sidebar of the resource manager, disconnect the Pcwifi, do nothing, the PC will automa",2022-04-19 05:36:00,NA
698979,QUANTA COMPUTER INC.,NA,QUANTA COMPUTER INC.,Wesley Kuo,"[Huawei][Quanta][H9R][RolleF][AX201][21H2][BT][BUG-20220325-46990] The DUT A  send video file to DUT B via bluetooth , show Bluetooth file transfer not complete",2022-04-18 22:40:00,NA
698979,QUANTA COMPUTER INC.,NA,QUANTA COMPUTER INC.,Wesley Kuo,"[Huawei][Quanta][H9R][RolleF][AX201][21H2][BT][BUG-20220325-46990] The DUT A  send video file to DUT B via bluetooth , show Bluetooth file transfer not complete",2022-04-18 22:40:00,NA
698979,QUANTA COMPUTER INC.,NA,QUANTA COMPUTER INC.,Wesley Kuo,"[Huawei][Quanta][H9R][RolleF][AX201][21H2][BT][BUG-20220325-46990] The DUT A  send video file to DUT B via bluetooth , show Bluetooth file transfer not complete",2022-04-18 22:40:00,NA
698803,QUANTA COMPUTER INC.,NA,QUANTA COMPUTER INC.,Wesley Kuo,"[Huawei][Quanta][H9HD][HookF][AX211][21H2][BT][BUG-20220418-48967] Connect Bluetooth headset . playback Local music using Groove, During normal playback, after clicking the progress bar to go back, there is no sound from the Bluetooth headset, and the pro",2022-04-18 04:34:00,NA
698803,QUANTA COMPUTER INC.,NA,QUANTA COMPUTER INC.,Wesley Kuo,"[Huawei][Quanta][H9HD][HookF][AX211][21H2][BT][BUG-20220418-48967] Connect Bluetooth headset . playback Local music using Groove, During normal playback, after clicking the progress bar to go back, there is no sound from the Bluetooth headset, and the pro",2022-04-18 04:34:00,NA
698803,QUANTA COMPUTER INC.,NA,QUANTA COMPUTER INC.,Wesley Kuo,"[Huawei][Quanta][H9HD][HookF][AX211][21H2][BT][BUG-20220418-48967] Connect Bluetooth headset . playback Local music using Groove, During normal playback, after clicking the progress bar to go back, there is no sound from the Bluetooth headset, and the pro",2022-04-18 04:34:00,NA
698725,MSI,"MICRO-STAR INTERNATIONAL CO., LTD.","MICRO-STAR INTERNATIONAL CO., LTD.",Brandon Yang,[MSI][MS-1545][ADL-P]Brightness can not be adjusted on Samsung SDC OLED QHD Panel,2022-04-18 02:05:00,NA
698568,MSI,"MICRO-STAR INTERNATIONAL CO., LTD.","MICRO-STAR INTERNATIONAL CO., LTD.",Brandon Yang,[MSI][17Q1][ADL-HX] Randomly black screen occurs for 2 seconds while system is in BIOS mode,2022-04-17 19:51:00,NA
698520,QUANTA COMPUTER INC.,NA,QUANTA COMPUTER INC.,Charles P Chu,"[Huawei][Quanta][H9HD][HookF][AX211][21H2][WLAN][BUG-20220310-45638] [Beta] The power consumption is high in MS state, the average power consumption reaches 3037mW/h, SW DPIRS=0, HW DPIRS is ""_"", the reason points to: Intel(R) Wi-Fi 6E AX211 160MHz (\_SB.",2022-04-17 06:53:00,NA
698520,QUANTA COMPUTER INC.,NA,QUANTA COMPUTER INC.,Charles P Chu,"[Huawei][Quanta][H9HD][HookF][AX211][21H2][WLAN][BUG-20220310-45638] [Beta] The power consumption is high in MS state, the average power consumption reaches 3037mW/h, SW DPIRS=0, HW DPIRS is ""_"", the reason points to: Intel(R) Wi-Fi 6E AX211 160MHz (\_SB.",2022-04-17 06:53:00,NA
698520,QUANTA COMPUTER INC.,NA,QUANTA COMPUTER INC.,Charles P Chu,"[Huawei][Quanta][H9HD][HookF][AX211][21H2][WLAN][BUG-20220310-45638] [Beta] The power consumption is high in MS state, the average power consumption reaches 3037mW/h, SW DPIRS=0, HW DPIRS is ""_"", the reason points to: Intel(R) Wi-Fi 6E AX211 160MHz (\_SB.",2022-04-17 06:53:00,NA
698485,"SHENZHEN BITLAND INFORMATION TECHNOLOGYCO., LTD.",NA,"SHENZHEN BITLAND INFORMATION TECHNOLOGYCO., LTD.",Charles P Chu,"[Huawei/Bitland][ADL-S][PanguC][AX201][Wi-Fi]After recovering from S4, the machine cannot automatically connect back to the wireless network",2022-04-15 20:45:00,NA
698485,"SHENZHEN BITLAND INFORMATION TECHNOLOGYCO., LTD.",NA,"SHENZHEN BITLAND INFORMATION TECHNOLOGYCO., LTD.",Charles P Chu,"[Huawei/Bitland][ADL-S][PanguC][AX201][Wi-Fi]After recovering from S4, the machine cannot automatically connect back to the wireless network",2022-04-15 20:45:00,NA
698485,"SHENZHEN BITLAND INFORMATION TECHNOLOGYCO., LTD.",NA,"SHENZHEN BITLAND INFORMATION TECHNOLOGYCO., LTD.",Charles P Chu,"[Huawei/Bitland][ADL-S][PanguC][AX201][Wi-Fi]After recovering from S4, the machine cannot automatically connect back to the wireless network",2022-04-15 20:45:00,NA
698033,DYNABOOK INC.,NA,Dynabook Inc.,Nicky Chen,[Dynabook][Win10/Win11][GfP2/Hrp2] Can not connect WPA3-Enterprise(not 192bit),2022-04-14 02:06:00,NA
698033,DYNABOOK INC.,NA,Dynabook Inc.,Nicky Chen,[Dynabook][Win10/Win11][GfP2/Hrp2] Can not connect WPA3-Enterprise(not 192bit),2022-04-14 02:06:00,NA
698033,DYNABOOK INC.,NA,Dynabook Inc.,Nicky Chen,[Dynabook][Win10/Win11][GfP2/Hrp2] Can not connect WPA3-Enterprise(not 192bit),2022-04-14 02:06:00,NA
697961,DYNABOOK INC.,NA,Dynabook Inc.,Nicky Chen,[Dynabook][Win10/Win11][GfP2/Hrp2] WPA3-Enterprise PEAP/TTLS Support?,2022-04-13 23:50:00,NA
697961,DYNABOOK INC.,NA,Dynabook Inc.,Nicky Chen,[Dynabook][Win10/Win11][GfP2/Hrp2] WPA3-Enterprise PEAP/TTLS Support?,2022-04-13 23:50:00,NA
697961,DYNABOOK INC.,NA,Dynabook Inc.,Nicky Chen,[Dynabook][Win10/Win11][GfP2/Hrp2] WPA3-Enterprise PEAP/TTLS Support?,2022-04-13 23:50:00,NA
697425,QUANTA COMPUTER INC.,NA,QUANTA COMPUTER INC.,Wesley Kuo,"[Huawei][Quanta][H9HD][HookF][AX211][21H2][BT][805473445] The connection is disconnected after the Bluetooth headset is reconnected, and the log shows a Hardware Error (0x0C) problem",2022-04-12 07:57:00,NA
697425,QUANTA COMPUTER INC.,NA,QUANTA COMPUTER INC.,Wesley Kuo,"[Huawei][Quanta][H9HD][HookF][AX211][21H2][BT][805473445] The connection is disconnected after the Bluetooth headset is reconnected, and the log shows a Hardware Error (0x0C) problem",2022-04-12 07:57:00,NA
697425,QUANTA COMPUTER INC.,NA,QUANTA COMPUTER INC.,Wesley Kuo,"[Huawei][Quanta][H9HD][HookF][AX211][21H2][BT][805473445] The connection is disconnected after the Bluetooth headset is reconnected, and the log shows a Hardware Error (0x0C) problem",2022-04-12 07:57:00,NA
697325,"HUAQIN TECHNOLOGY CO., LTD",NA,"Huaqin Technology Co., Ltd",Leo Chiang,[HONOR][HUAQIN][HiggsF][Intel ADL][Intel AX 211][BT][Win11]One of the BT headset will constantly switch between connected and connected with voice with Nahimic opened.,2022-04-12 02:33:00,NA
697325,"HUAQIN TECHNOLOGY CO., LTD",NA,"Huaqin Technology Co., Ltd",Leo Chiang,[HONOR][HUAQIN][HiggsF][Intel ADL][Intel AX 211][BT][Win11]One of the BT headset will constantly switch between connected and connected with voice with Nahimic opened.,2022-04-12 02:33:00,NA
697325,"HUAQIN TECHNOLOGY CO., LTD",NA,"Huaqin Technology Co., Ltd",Leo Chiang,[HONOR][HUAQIN][HiggsF][Intel ADL][Intel AX 211][BT][Win11]One of the BT headset will constantly switch between connected and connected with voice with Nahimic opened.,2022-04-12 02:33:00,NA
697246,"COMPAL ELECTRONICS, INC.",NA,"COMPAL ELECTRONICS, INC.",Charles Yeh,[Dell/Compal][Trek_JSL] ) Intel AX201 Wi-Fi drops with driver 22.100.0.3,2022-04-12 00:20:00,NA
697246,"COMPAL ELECTRONICS, INC.",NA,"COMPAL ELECTRONICS, INC.",Charles Yeh,[Dell/Compal][Trek_JSL] ) Intel AX201 Wi-Fi drops with driver 22.100.0.3,2022-04-12 00:20:00,NA
697246,"COMPAL ELECTRONICS, INC.",NA,"COMPAL ELECTRONICS, INC.",Charles Yeh,[Dell/Compal][Trek_JSL] ) Intel AX201 Wi-Fi drops with driver 22.100.0.3,2022-04-12 00:20:00,NA
696890,"HUAQIN TECHNOLOGY CO., LTD",NA,"Huaqin Technology Co., Ltd",Nicky Chen,INTEL WIFI 6E UHB support doesn't exist in WRT2G tool,2022-04-10 23:59:00,NA
696890,"HUAQIN TECHNOLOGY CO., LTD",NA,"Huaqin Technology Co., Ltd",Nicky Chen,INTEL WIFI 6E UHB support doesn't exist in WRT2G tool,2022-04-10 23:59:00,NA
696890,"HUAQIN TECHNOLOGY CO., LTD",NA,"Huaqin Technology Co., Ltd",Nicky Chen,INTEL WIFI 6E UHB support doesn't exist in WRT2G tool,2022-04-10 23:59:00,NA
696828,"HUAQIN TECHNOLOGY CO., LTD",NA,"Huaqin Technology Co., Ltd",Nicky Chen,INTEL WIFI 6E UHB support doesn't exist in WRT2G tool,2022-04-10 21:02:00,NA
696828,"HUAQIN TECHNOLOGY CO., LTD",NA,"Huaqin Technology Co., Ltd",Nicky Chen,INTEL WIFI 6E UHB support doesn't exist in WRT2G tool,2022-04-10 21:02:00,NA
696828,"HUAQIN TECHNOLOGY CO., LTD",NA,"Huaqin Technology Co., Ltd",Nicky Chen,INTEL WIFI 6E UHB support doesn't exist in WRT2G tool,2022-04-10 21:02:00,NA
696820,"COMPAL ELECTRONICS, INC.",NA,"COMPAL ELECTRONICS, INC.",Timdaway Lai,<acer> <acer><Thebe_ADU(HH7J4))_PVT><WIFI Function Test>Intel9560 can connect to ch116 in CN area,2022-04-10 20:44:00,NA
696820,"COMPAL ELECTRONICS, INC.",NA,"COMPAL ELECTRONICS, INC.",Timdaway Lai,<acer> <acer><Thebe_ADU(HH7J4))_PVT><WIFI Function Test>Intel9560 can connect to ch116 in CN area,2022-04-10 20:44:00,NA
696820,"COMPAL ELECTRONICS, INC.",NA,"COMPAL ELECTRONICS, INC.",Timdaway Lai,<acer> <acer><Thebe_ADU(HH7J4))_PVT><WIFI Function Test>Intel9560 can connect to ch116 in CN area,2022-04-10 20:44:00,NA
696464,QUANTA COMPUTER INC.,NA,QUANTA COMPUTER INC.,Charles P Chu,[Huawei][Quanta][H9R][RolleF][AX201][21H2][WLAN] [BUG-20220119-42115] SoftAP will be established on 5G only when the DUT is connected to a 5G hotspot for multi-screen collaboration with a mobile phone (Huawei P40). When the DUT is not connected to a hotsp,2022-04-07 21:06:00,NA
696464,QUANTA COMPUTER INC.,NA,QUANTA COMPUTER INC.,Charles P Chu,[Huawei][Quanta][H9R][RolleF][AX201][21H2][WLAN] [BUG-20220119-42115] SoftAP will be established on 5G only when the DUT is connected to a 5G hotspot for multi-screen collaboration with a mobile phone (Huawei P40). When the DUT is not connected to a hotsp,2022-04-07 21:06:00,NA
696464,QUANTA COMPUTER INC.,NA,QUANTA COMPUTER INC.,Charles P Chu,[Huawei][Quanta][H9R][RolleF][AX201][21H2][WLAN] [BUG-20220119-42115] SoftAP will be established on 5G only when the DUT is connected to a 5G hotspot for multi-screen collaboration with a mobile phone (Huawei P40). When the DUT is not connected to a hotsp,2022-04-07 21:06:00,NA
696318,"HUAQIN TECHNOLOGY CO., LTD",NA,"Huaqin Technology Co., Ltd",Leo Chiang,"[HONOR][HUAQIN][HiggsF][Intel ADL][Intel AX 211][BT][Win11] The first time to connect Bluetooth mouse(MX Anywhere2s),  not any response when move mouse.(1/30cycles)",2022-04-07 06:11:00,NA
696318,"HUAQIN TECHNOLOGY CO., LTD",NA,"Huaqin Technology Co., Ltd",Leo Chiang,"[HONOR][HUAQIN][HiggsF][Intel ADL][Intel AX 211][BT][Win11] The first time to connect Bluetooth mouse(MX Anywhere2s),  not any response when move mouse.(1/30cycles)",2022-04-07 06:11:00,NA
696318,"HUAQIN TECHNOLOGY CO., LTD",NA,"Huaqin Technology Co., Ltd",Leo Chiang,"[HONOR][HUAQIN][HiggsF][Intel ADL][Intel AX 211][BT][Win11] The first time to connect Bluetooth mouse(MX Anywhere2s),  not any response when move mouse.(1/30cycles)",2022-04-07 06:11:00,NA
696300,"HUAQIN TECHNOLOGY CO., LTD",NA,"Huaqin Technology Co., Ltd",Leo Chiang,[HONOR][HUAQIN][HiggsF][Intel ADL][Intel AX 211][BT][Win11] Bluetooth switch is turned off after reboot.(1/2UUT?1/15cycles),2022-04-07 05:28:00,NA
696300,"HUAQIN TECHNOLOGY CO., LTD",NA,"Huaqin Technology Co., Ltd",Leo Chiang,[HONOR][HUAQIN][HiggsF][Intel ADL][Intel AX 211][BT][Win11] Bluetooth switch is turned off after reboot.(1/2UUT?1/15cycles),2022-04-07 05:28:00,NA
696300,"HUAQIN TECHNOLOGY CO., LTD",NA,"Huaqin Technology Co., Ltd",Leo Chiang,[HONOR][HUAQIN][HiggsF][Intel ADL][Intel AX 211][BT][Win11] Bluetooth switch is turned off after reboot.(1/2UUT?1/15cycles),2022-04-07 05:28:00,NA
696252,WISTRON CORPORATION,NA,WISTRON CORPORATION,Zhiqiang Cai,[Lenovo/Wistron][Ideapad][IdeaPad Flex 5 14IAU7][SIT][ADL][Win11] can't find SAR table on AX201.,2022-04-07 02:50:00,NA
696252,WISTRON CORPORATION,NA,WISTRON CORPORATION,Zhiqiang Cai,[Lenovo/Wistron][Ideapad][IdeaPad Flex 5 14IAU7][SIT][ADL][Win11] can't find SAR table on AX201.,2022-04-07 02:50:00,NA
696252,WISTRON CORPORATION,NA,WISTRON CORPORATION,Zhiqiang Cai,[Lenovo/Wistron][Ideapad][IdeaPad Flex 5 14IAU7][SIT][ADL][Win11] can't find SAR table on AX201.,2022-04-07 02:50:00,NA
696194,WISTRON CORPORATION,NA,WISTRON CORPORATION,Wesley Kuo,[Lenovo-ThinkPad][Raven3][9260][Win10&Win11 Common]encounter BSOD with bluetooth 22.100.0.2,2022-04-07 00:50:00,NA
696194,WISTRON CORPORATION,NA,WISTRON CORPORATION,Wesley Kuo,[Lenovo-ThinkPad][Raven3][9260][Win10&Win11 Common]encounter BSOD with bluetooth 22.100.0.2,2022-04-07 00:50:00,NA
696194,WISTRON CORPORATION,NA,WISTRON CORPORATION,Wesley Kuo,[Lenovo-ThinkPad][Raven3][9260][Win10&Win11 Common]encounter BSOD with bluetooth 22.100.0.2,2022-04-07 00:50:00,NA
696144,QUANTA COMPUTER INC.,NA,QUANTA COMPUTER INC.,Wesley Kuo,"[Huawei][Quanta][H9HD][HookF][AX211][21H2][BT][BUG-20220407-47795] DUT is playing online music, connect A (Xiaomi speaker), and then connect B (HUAWEI FreeBuds 4), directly switch from the speaker to the headset, and switch directly to each other multiple",2022-04-06 23:30:00,NA
696144,QUANTA COMPUTER INC.,NA,QUANTA COMPUTER INC.,Wesley Kuo,"[Huawei][Quanta][H9HD][HookF][AX211][21H2][BT][BUG-20220407-47795] DUT is playing online music, connect A (Xiaomi speaker), and then connect B (HUAWEI FreeBuds 4), directly switch from the speaker to the headset, and switch directly to each other multiple",2022-04-06 23:30:00,NA
696144,QUANTA COMPUTER INC.,NA,QUANTA COMPUTER INC.,Wesley Kuo,"[Huawei][Quanta][H9HD][HookF][AX211][21H2][BT][BUG-20220407-47795] DUT is playing online music, connect A (Xiaomi speaker), and then connect B (HUAWEI FreeBuds 4), directly switch from the speaker to the headset, and switch directly to each other multiple",2022-04-06 23:30:00,NA
695915,"COMPAL ELECTRONICS, INC.",NA,"COMPAL ELECTRONICS, INC.",Charles Yeh,[Dell][Portofino][ADL-M]Intel Smart Sound Technology OED device yellow bang with YB code:31 during S4(Hibernate) stress. (ISST: v7514)(WiFi: v22.120.0.3,2022-04-06 04:22:00,NA
695915,"COMPAL ELECTRONICS, INC.",NA,"COMPAL ELECTRONICS, INC.",Charles Yeh,[Dell][Portofino][ADL-M]Intel Smart Sound Technology OED device yellow bang with YB code:31 during S4(Hibernate) stress. (ISST: v7514)(WiFi: v22.120.0.3,2022-04-06 04:22:00,NA
695915,"COMPAL ELECTRONICS, INC.",NA,"COMPAL ELECTRONICS, INC.",Charles Yeh,[Dell][Portofino][ADL-M]Intel Smart Sound Technology OED device yellow bang with YB code:31 during S4(Hibernate) stress. (ISST: v7514)(WiFi: v22.120.0.3,2022-04-06 04:22:00,NA
695876,QUANTA COMPUTER INC.,NA,QUANTA COMPUTER INC.,Leo Chiang,"[Honor][Quanta][H9R][GalileoF][AX201][21H2][BT] [#13307] The mouse (logitech pebble) that has been connected to the computer through bluetooth, there is a problem that the mouse cannot be clicked intermittently during the use of the mouse",2022-04-06 02:14:00,NA
695876,QUANTA COMPUTER INC.,NA,QUANTA COMPUTER INC.,Leo Chiang,"[Honor][Quanta][H9R][GalileoF][AX201][21H2][BT] [#13307] The mouse (logitech pebble) that has been connected to the computer through bluetooth, there is a problem that the mouse cannot be clicked intermittently during the use of the mouse",2022-04-06 02:14:00,NA
695876,QUANTA COMPUTER INC.,NA,QUANTA COMPUTER INC.,Leo Chiang,"[Honor][Quanta][H9R][GalileoF][AX201][21H2][BT] [#13307] The mouse (logitech pebble) that has been connected to the computer through bluetooth, there is a problem that the mouse cannot be clicked intermittently during the use of the mouse",2022-04-06 02:14:00,NA
695869,QUANTA COMPUTER INC.,NA,QUANTA COMPUTER INC.,Leo Chiang,[Honor][Quanta][H9R][GalileoF][AX201][21H2][BT] [#13306] High CPU usage of Bluetooth service after power-on or wake-up from hibernation F/R:5/20,2022-04-06 02:04:00,NA
695869,QUANTA COMPUTER INC.,NA,QUANTA COMPUTER INC.,Leo Chiang,[Honor][Quanta][H9R][GalileoF][AX201][21H2][BT] [#13306] High CPU usage of Bluetooth service after power-on or wake-up from hibernation F/R:5/20,2022-04-06 02:04:00,NA
695869,QUANTA COMPUTER INC.,NA,QUANTA COMPUTER INC.,Leo Chiang,[Honor][Quanta][H9R][GalileoF][AX201][21H2][BT] [#13306] High CPU usage of Bluetooth service after power-on or wake-up from hibernation F/R:5/20,2022-04-06 02:04:00,NA
695811,"COMPAL ELECTRONICS, INC.",NA,"COMPAL ELECTRONICS, INC.",Zhiqiang Cai,[Lenovo - Desktop] [COMPAL] [V50a-24IMB] [CML-S] [3165] [Win11 22000.527] [100%] WiFi-card can't connect AP,2022-04-06 00:23:00,NA
695811,"COMPAL ELECTRONICS, INC.",NA,"COMPAL ELECTRONICS, INC.",Zhiqiang Cai,[Lenovo - Desktop] [COMPAL] [V50a-24IMB] [CML-S] [3165] [Win11 22000.527] [100%] WiFi-card can't connect AP,2022-04-06 00:23:00,NA
695811,"COMPAL ELECTRONICS, INC.",NA,"COMPAL ELECTRONICS, INC.",Zhiqiang Cai,[Lenovo - Desktop] [COMPAL] [V50a-24IMB] [CML-S] [3165] [Win11 22000.527] [100%] WiFi-card can't connect AP,2022-04-06 00:23:00,NA
695471,"HUAQIN TECHNOLOGY CO., LTD",NA,"Huaqin Technology Co., Ltd",Leo Chiang,"(Copy Of 00681397) [HONOR][HUAQIN][HiggsF][NB5550B][ADL-P][AX211][WIN11][BT] Turn off and then turn on from BT haedset side, it will only show connected voice.(FR:5/10)(JBL280)",2022-04-04 05:08:00,NA
695471,"HUAQIN TECHNOLOGY CO., LTD",NA,"Huaqin Technology Co., Ltd",Leo Chiang,"(Copy Of 00681397) [HONOR][HUAQIN][HiggsF][NB5550B][ADL-P][AX211][WIN11][BT] Turn off and then turn on from BT haedset side, it will only show connected voice.(FR:5/10)(JBL280)",2022-04-04 05:08:00,NA
695471,"HUAQIN TECHNOLOGY CO., LTD",NA,"Huaqin Technology Co., Ltd",Leo Chiang,"(Copy Of 00681397) [HONOR][HUAQIN][HiggsF][NB5550B][ADL-P][AX211][WIN11][BT] Turn off and then turn on from BT haedset side, it will only show connected voice.(FR:5/10)(JBL280)",2022-04-04 05:08:00,NA
695467,"HUAQIN TECHNOLOGY CO., LTD",NA,"Huaqin Technology Co., Ltd",Leo Chiang,"(Copy Of 00691486) [HONOR][HUAQIN][HiggsF][NB5550B][ADL-P][AX211][WIN11][BT] The Bluetooth headset will rest on ""paired"" when connect it. (Airpods)",2022-04-04 04:57:00,NA
695467,"HUAQIN TECHNOLOGY CO., LTD",NA,"Huaqin Technology Co., Ltd",Leo Chiang,"(Copy Of 00691486) [HONOR][HUAQIN][HiggsF][NB5550B][ADL-P][AX211][WIN11][BT] The Bluetooth headset will rest on ""paired"" when connect it. (Airpods)",2022-04-04 04:57:00,NA
695467,"HUAQIN TECHNOLOGY CO., LTD",NA,"Huaqin Technology Co., Ltd",Leo Chiang,"(Copy Of 00691486) [HONOR][HUAQIN][HiggsF][NB5550B][ADL-P][AX211][WIN11][BT] The Bluetooth headset will rest on ""paired"" when connect it. (Airpods)",2022-04-04 04:57:00,NA
695432,NEC,NA,"NEC PERSONAL COMPUTERS,LTD.",Timdaway Lai,[NECPC-JP][WirelessLAN]ID6062 shows up after OOBE.,2022-04-04 00:23:00,NA
695432,NEC,NA,"NEC PERSONAL COMPUTERS,LTD.",Timdaway Lai,[NECPC-JP][WirelessLAN]ID6062 shows up after OOBE.,2022-04-04 00:23:00,NA
695432,NEC,NA,"NEC PERSONAL COMPUTERS,LTD.",Timdaway Lai,[NECPC-JP][WirelessLAN]ID6062 shows up after OOBE.,2022-04-04 00:23:00,NA
695140,MSI,"MICRO-STAR INTERNATIONAL CO., LTD.","MICRO-STAR INTERNATIONAL CO., LTD.",Brandon Yang,[MSI][MSI-17P1][ADL-P]Panel flicker when switching from SDR to HDR mode idle.,2022-04-01 00:22:00,NA
695137,MSI,"MICRO-STAR INTERNATIONAL CO., LTD.","MICRO-STAR INTERNATIONAL CO., LTD.",Brandon Yang,[MSI][MSI-17P1][ADL-P]Not able to adjust brightness after switching from HDR mode to SDR mode.,2022-04-01 00:16:00,NA
695130,QUANTA COMPUTER INC.,NA,QUANTA COMPUTER INC.,Charles P Chu,[Huawei][Quanta][H9HD][HookF][AX211][21H2][WLAN][BUG-20220119-42099] Repeated automatic reconnection failure under 2.4G weak signal,2022-03-31 23:58:00,NA
695130,QUANTA COMPUTER INC.,NA,QUANTA COMPUTER INC.,Charles P Chu,[Huawei][Quanta][H9HD][HookF][AX211][21H2][WLAN][BUG-20220119-42099] Repeated automatic reconnection failure under 2.4G weak signal,2022-03-31 23:58:00,NA
695130,QUANTA COMPUTER INC.,NA,QUANTA COMPUTER INC.,Charles P Chu,[Huawei][Quanta][H9HD][HookF][AX211][21H2][WLAN][BUG-20220119-42099] Repeated automatic reconnection failure under 2.4G weak signal,2022-03-31 23:58:00,NA
695127,QUANTA COMPUTER INC.,NA,QUANTA COMPUTER INC.,Charles P Chu,[Huawei][Quanta][H9HD][HookF][AX211][21H2][WLAN][805423516] Can't find any hotspot after sleep and wake up in DC mode,2022-03-31 23:46:00,NA
695127,QUANTA COMPUTER INC.,NA,QUANTA COMPUTER INC.,Charles P Chu,[Huawei][Quanta][H9HD][HookF][AX211][21H2][WLAN][805423516] Can't find any hotspot after sleep and wake up in DC mode,2022-03-31 23:46:00,NA
695127,QUANTA COMPUTER INC.,NA,QUANTA COMPUTER INC.,Charles P Chu,[Huawei][Quanta][H9HD][HookF][AX211][21H2][WLAN][805423516] Can't find any hotspot after sleep and wake up in DC mode,2022-03-31 23:46:00,NA
695101,QUANTA COMPUTER INC.,NA,QUANTA COMPUTER INC.,Charles P Chu,"[Huawei][Quanta][H99V][NobelE_Intel][AX201][21H1][WIFI][805458654]NobelE and tablet synergy, P2P networking takes a long time",2022-03-31 22:52:00,NA
695101,QUANTA COMPUTER INC.,NA,QUANTA COMPUTER INC.,Charles P Chu,"[Huawei][Quanta][H99V][NobelE_Intel][AX201][21H1][WIFI][805458654]NobelE and tablet synergy, P2P networking takes a long time",2022-03-31 22:52:00,NA
695101,QUANTA COMPUTER INC.,NA,QUANTA COMPUTER INC.,Charles P Chu,"[Huawei][Quanta][H99V][NobelE_Intel][AX201][21H1][WIFI][805458654]NobelE and tablet synergy, P2P networking takes a long time",2022-03-31 22:52:00,NA
695061,"FOXCONN TECHNOLOGY CO., LTD.",NA,"FOXCONN TECHNOLOGY CO., LTD.",Leo Chiang,[DELL Corp. DT/Foxconn/Intel RPL-S][D13] AH_Other devices show in DM with BT Device connected to AX211 card,2022-03-31 20:07:00,NA
695061,"FOXCONN TECHNOLOGY CO., LTD.",NA,"FOXCONN TECHNOLOGY CO., LTD.",Leo Chiang,[DELL Corp. DT/Foxconn/Intel RPL-S][D13] AH_Other devices show in DM with BT Device connected to AX211 card,2022-03-31 20:07:00,NA
695061,"FOXCONN TECHNOLOGY CO., LTD.",NA,"FOXCONN TECHNOLOGY CO., LTD.",Leo Chiang,[DELL Corp. DT/Foxconn/Intel RPL-S][D13] AH_Other devices show in DM with BT Device connected to AX211 card,2022-03-31 20:07:00,NA
694823,QUANTA COMPUTER INC.,NA,QUANTA COMPUTER INC.,Wesley Kuo,"[Huawei][Quanta][H98VH99V][BohrENobelE_Intel][AX201][21H1][WIFI] The DUT plays online or local music, connects to a Bluetooth headset or Bluetooth speaker, or turns on and off the Bluetooth after connecting the Bluetooth headset. There is a high probabili",2022-03-31 01:20:00,NA
694823,QUANTA COMPUTER INC.,NA,QUANTA COMPUTER INC.,Wesley Kuo,"[Huawei][Quanta][H98VH99V][BohrENobelE_Intel][AX201][21H1][WIFI] The DUT plays online or local music, connects to a Bluetooth headset or Bluetooth speaker, or turns on and off the Bluetooth after connecting the Bluetooth headset. There is a high probabili",2022-03-31 01:20:00,NA
694823,QUANTA COMPUTER INC.,NA,QUANTA COMPUTER INC.,Wesley Kuo,"[Huawei][Quanta][H98VH99V][BohrENobelE_Intel][AX201][21H1][WIFI] The DUT plays online or local music, connects to a Bluetooth headset or Bluetooth speaker, or turns on and off the Bluetooth after connecting the Bluetooth headset. There is a high probabili",2022-03-31 01:20:00,NA
694731,"HUAQIN TECHNOLOGY CO., LTD",NA,"Huaqin Technology Co., Ltd",Nicky Chen,"[HuaQin][Asus][B3402FBA][WIN11]MSG ""Intel Connectivity performance suite is unable ... '"" pop up after Install ICPS driver &UWP and then open it.",2022-03-30 23:13:00,NA
694731,"HUAQIN TECHNOLOGY CO., LTD",NA,"Huaqin Technology Co., Ltd",Nicky Chen,"[HuaQin][Asus][B3402FBA][WIN11]MSG ""Intel Connectivity performance suite is unable ... '"" pop up after Install ICPS driver &UWP and then open it.",2022-03-30 23:13:00,NA
694731,"HUAQIN TECHNOLOGY CO., LTD",NA,"Huaqin Technology Co., Ltd",Nicky Chen,"[HuaQin][Asus][B3402FBA][WIN11]MSG ""Intel Connectivity performance suite is unable ... '"" pop up after Install ICPS driver &UWP and then open it.",2022-03-30 23:13:00,NA
694576,PEGATRON CORPORATION,NA,Pegatron Corporation,Brenton Wu,[MSFT Pegatron][Inasa] [TGL-H][AX200]DRTU 22.120 PRU test chain B will not transmit and signal in MIMO mode,2022-03-30 08:10:00,NA
694576,PEGATRON CORPORATION,NA,Pegatron Corporation,Brenton Wu,[MSFT Pegatron][Inasa] [TGL-H][AX200]DRTU 22.120 PRU test chain B will not transmit and signal in MIMO mode,2022-03-30 08:10:00,NA
694576,PEGATRON CORPORATION,NA,Pegatron Corporation,Brenton Wu,[MSFT Pegatron][Inasa] [TGL-H][AX200]DRTU 22.120 PRU test chain B will not transmit and signal in MIMO mode,2022-03-30 08:10:00,NA
694414,WISTRON CORPORATION,NA,WISTRON CORPORATION,Zhiqiang Cai,[Lenovo/Wistron][Ideapad][IdeaPad Flex 5 14IAU7][SIT][ADL][Win11] can't find SAR table on AX201,2022-03-30 01:24:00,NA
694414,WISTRON CORPORATION,NA,WISTRON CORPORATION,Zhiqiang Cai,[Lenovo/Wistron][Ideapad][IdeaPad Flex 5 14IAU7][SIT][ADL][Win11] can't find SAR table on AX201,2022-03-30 01:24:00,NA
694414,WISTRON CORPORATION,NA,WISTRON CORPORATION,Zhiqiang Cai,[Lenovo/Wistron][Ideapad][IdeaPad Flex 5 14IAU7][SIT][ADL][Win11] can't find SAR table on AX201,2022-03-30 01:24:00,NA
694395,QUANTA COMPUTER INC.,NA,QUANTA COMPUTER INC.,Leo Chiang,"[Honor][Quanta][H9R][GalileoF][AX201][21H2][BT] [#9083] After plugin Adapter ,  Bluetooth mouse no response 10 secs F/R:1/1DUTS 1/20 Cycles",2022-03-30 01:06:00,NA
694395,QUANTA COMPUTER INC.,NA,QUANTA COMPUTER INC.,Leo Chiang,"[Honor][Quanta][H9R][GalileoF][AX201][21H2][BT] [#9083] After plugin Adapter ,  Bluetooth mouse no response 10 secs F/R:1/1DUTS 1/20 Cycles",2022-03-30 01:06:00,NA
694395,QUANTA COMPUTER INC.,NA,QUANTA COMPUTER INC.,Leo Chiang,"[Honor][Quanta][H9R][GalileoF][AX201][21H2][BT] [#9083] After plugin Adapter ,  Bluetooth mouse no response 10 secs F/R:1/1DUTS 1/20 Cycles",2022-03-30 01:06:00,NA
694387,"HUAQIN TECHNOLOGY CO., LTD",NA,"Huaqin Technology Co., Ltd",Charles Yeh,[HQ][ASUS][K6502ZC_ZE][Intel ADL][Win11 R]Monitor show garbage when using Miracast.(4/4 times),2022-03-30 00:50:00,NA
694387,"HUAQIN TECHNOLOGY CO., LTD",NA,"Huaqin Technology Co., Ltd",Charles Yeh,[HQ][ASUS][K6502ZC_ZE][Intel ADL][Win11 R]Monitor show garbage when using Miracast.(4/4 times),2022-03-30 00:50:00,NA
694387,"HUAQIN TECHNOLOGY CO., LTD",NA,"Huaqin Technology Co., Ltd",Charles Yeh,[HQ][ASUS][K6502ZC_ZE][Intel ADL][Win11 R]Monitor show garbage when using Miracast.(4/4 times),2022-03-30 00:50:00,NA
694299,WISTRON CORPORATION,NA,WISTRON CORPORATION,Zhiqiang Cai,[Lenovo/Wistron][Ideapad][ThinkBook 13x Gen 2][SIT][ADL][Win11] can't read SAR table(FR:100%),2022-03-29 20:14:00,NA
694299,WISTRON CORPORATION,NA,WISTRON CORPORATION,Zhiqiang Cai,[Lenovo/Wistron][Ideapad][ThinkBook 13x Gen 2][SIT][ADL][Win11] can't read SAR table(FR:100%),2022-03-29 20:14:00,NA
694299,WISTRON CORPORATION,NA,WISTRON CORPORATION,Zhiqiang Cai,[Lenovo/Wistron][Ideapad][ThinkBook 13x Gen 2][SIT][ADL][Win11] can't read SAR table(FR:100%),2022-03-29 20:14:00,NA
694135,QUANTA COMPUTER INC.,NA,QUANTA COMPUTER INC.,Wesley Kuo,"[Huawei][Quanta][H9HD][HookF][AX211][21H2][BT][BUG-20220330-47272] Step tool run S5 stress testing  , 1 unit meet USB UB  USB\VID_0000&PID_0002\5&8A9741&0&10, and Intel BT /MSFT BT lost BTH\MS_BTHBRB\6&320122B7&0&1;BTH\MS_BTHLE\6&32 at 496 cycles F/R:1/20",2022-03-29 03:23:00,NA
694135,QUANTA COMPUTER INC.,NA,QUANTA COMPUTER INC.,Wesley Kuo,"[Huawei][Quanta][H9HD][HookF][AX211][21H2][BT][BUG-20220330-47272] Step tool run S5 stress testing  , 1 unit meet USB UB  USB\VID_0000&PID_0002\5&8A9741&0&10, and Intel BT /MSFT BT lost BTH\MS_BTHBRB\6&320122B7&0&1;BTH\MS_BTHLE\6&32 at 496 cycles F/R:1/20",2022-03-29 03:23:00,NA
694135,QUANTA COMPUTER INC.,NA,QUANTA COMPUTER INC.,Wesley Kuo,"[Huawei][Quanta][H9HD][HookF][AX211][21H2][BT][BUG-20220330-47272] Step tool run S5 stress testing  , 1 unit meet USB UB  USB\VID_0000&PID_0002\5&8A9741&0&10, and Intel BT /MSFT BT lost BTH\MS_BTHBRB\6&320122B7&0&1;BTH\MS_BTHLE\6&32 at 496 cycles F/R:1/20",2022-03-29 03:23:00,NA
694077,"HUAQIN TECHNOLOGY CO., LTD",NA,"Huaqin Technology Co., Ltd",Charles Yeh,[Huaqin][ASUS][B5302][Intel ADL][Win11R][AX211]WIFI YB when idel,2022-03-29 01:49:00,NA
694077,"HUAQIN TECHNOLOGY CO., LTD",NA,"Huaqin Technology Co., Ltd",Charles Yeh,[Huaqin][ASUS][B5302][Intel ADL][Win11R][AX211]WIFI YB when idel,2022-03-29 01:49:00,NA
694077,"HUAQIN TECHNOLOGY CO., LTD",NA,"Huaqin Technology Co., Ltd",Charles Yeh,[Huaqin][ASUS][B5302][Intel ADL][Win11R][AX211]WIFI YB when idel,2022-03-29 01:49:00,NA
693868,"Huaqin Technology Co., Ltd","Huaqin Technology Co., Ltd","Huaqin Technology Co., Ltd",Nicky Chen,"[HuaQin][Asus][B3402FBA]MSG ""Intel Connectivity performance suite is unable ... '"" pop up after Install ICPS driver &UWP and then open it.",2022-03-28 06:53:00,NA
693660,VAIO,NA,VAIO Corporation,Timdaway Lai,[VAIO][AX200][AX201][AX211] WiFi connection was disconnected automatically.,2022-03-27 23:12:00,NA
693660,VAIO,NA,VAIO Corporation,Timdaway Lai,[VAIO][AX200][AX201][AX211] WiFi connection was disconnected automatically.,2022-03-27 23:12:00,NA
693660,VAIO,NA,VAIO Corporation,Timdaway Lai,[VAIO][AX200][AX201][AX211] WiFi connection was disconnected automatically.,2022-03-27 23:12:00,NA
693245,ELITEGROUP COMPUTER SYSTEMS CO. LTD,ELITEGROUP COMPUTER SYSTEMS CO. LTD,ELITEGROUP COMPUTER SYSTEMS CO. LTD,Brandon Yang,[ECS][ADL]Stereoscopic 3D Fail,2022-03-24 20:01:00,NA
692781,QUANTA COMPUTER INC.,NA,QUANTA COMPUTER INC.,Charles P Chu,[Huawei][Quanta][H9HD][HookF][AX211][21H2][WLAN][BUG-20220115-41860] Sometimes The hotspot switch of the test machine is turned off for more than 5s F/R:2/50,2022-03-23 17:33:00,NA
692781,QUANTA COMPUTER INC.,NA,QUANTA COMPUTER INC.,Charles P Chu,[Huawei][Quanta][H9HD][HookF][AX211][21H2][WLAN][BUG-20220115-41860] Sometimes The hotspot switch of the test machine is turned off for more than 5s F/R:2/50,2022-03-23 17:33:00,NA
692781,QUANTA COMPUTER INC.,NA,QUANTA COMPUTER INC.,Charles P Chu,[Huawei][Quanta][H9HD][HookF][AX211][21H2][WLAN][BUG-20220115-41860] Sometimes The hotspot switch of the test machine is turned off for more than 5s F/R:2/50,2022-03-23 17:33:00,NA
692262,QUANTA COMPUTER INC.,NA,QUANTA COMPUTER INC.,Wesley Kuo,"[Huawei][Quanta][H81][Cezanne][AX200][21H2][BT][805441564]The VIP beta PC is connected to the mobile phone. During normal use, the PC reports Connection Timeout",2022-03-22 03:27:00,NA
692262,QUANTA COMPUTER INC.,NA,QUANTA COMPUTER INC.,Wesley Kuo,"[Huawei][Quanta][H81][Cezanne][AX200][21H2][BT][805441564]The VIP beta PC is connected to the mobile phone. During normal use, the PC reports Connection Timeout",2022-03-22 03:27:00,NA
692262,QUANTA COMPUTER INC.,NA,QUANTA COMPUTER INC.,Wesley Kuo,"[Huawei][Quanta][H81][Cezanne][AX200][21H2][BT][805441564]The VIP beta PC is connected to the mobile phone. During normal use, the PC reports Connection Timeout",2022-03-22 03:27:00,NA
692226,QUANTA COMPUTER INC.,NA,QUANTA COMPUTER INC.,Wesley Kuo,"[Huawei][Quanta][H9R&H9U][RolleF&CurieF][AX201][21H2][BT] [BUG-20220321-46495]STEPV3_20220208_Release tool to execute the Stability_00500 (3Dmark) use case, a machine has a black screen with a backlight, the keyboard light is off, the charging indicator i",2022-03-22 02:20:00,NA
692226,QUANTA COMPUTER INC.,NA,QUANTA COMPUTER INC.,Wesley Kuo,"[Huawei][Quanta][H9R&H9U][RolleF&CurieF][AX201][21H2][BT] [BUG-20220321-46495]STEPV3_20220208_Release tool to execute the Stability_00500 (3Dmark) use case, a machine has a black screen with a backlight, the keyboard light is off, the charging indicator i",2022-03-22 02:20:00,NA
692226,QUANTA COMPUTER INC.,NA,QUANTA COMPUTER INC.,Wesley Kuo,"[Huawei][Quanta][H9R&H9U][RolleF&CurieF][AX201][21H2][BT] [BUG-20220321-46495]STEPV3_20220208_Release tool to execute the Stability_00500 (3Dmark) use case, a machine has a black screen with a backlight, the keyboard light is off, the charging indicator i",2022-03-22 02:20:00,NA
691818,QUANTA COMPUTER INC.,NA,QUANTA COMPUTER INC.,Wesley Kuo,[Huawei][Quanta][H9U][CurieF][AX201][21H2][BT] [805439126] PC cannot receive device pairing broadcast,2022-03-21 00:50:00,NA
691818,QUANTA COMPUTER INC.,NA,QUANTA COMPUTER INC.,Wesley Kuo,[Huawei][Quanta][H9U][CurieF][AX201][21H2][BT] [805439126] PC cannot receive device pairing broadcast,2022-03-21 00:50:00,NA
691818,QUANTA COMPUTER INC.,NA,QUANTA COMPUTER INC.,Wesley Kuo,[Huawei][Quanta][H9U][CurieF][AX201][21H2][BT] [805439126] PC cannot receive device pairing broadcast,2022-03-21 00:50:00,NA
691788,"COMPAL ELECTRONICS, INC.",NA,"COMPAL ELECTRONICS, INC.",Franky Yang,[Dell/Compal] X14 Trek MLK ADL-N Education Notebook WLAN AX204 (ES1) low conducted Throughput issue,2022-03-20 23:28:00,NA
691788,"COMPAL ELECTRONICS, INC.",NA,"COMPAL ELECTRONICS, INC.",Franky Yang,[Dell/Compal] X14 Trek MLK ADL-N Education Notebook WLAN AX204 (ES1) low conducted Throughput issue,2022-03-20 23:28:00,NA
691788,"COMPAL ELECTRONICS, INC.",NA,"COMPAL ELECTRONICS, INC.",Franky Yang,[Dell/Compal] X14 Trek MLK ADL-N Education Notebook WLAN AX204 (ES1) low conducted Throughput issue,2022-03-20 23:28:00,NA
691696,"HUAQIN TECHNOLOGY CO., LTD",NA,"Huaqin Technology Co., Ltd",Wesley Kuo,"[Lenovo][HUAQIN][ThinkBook Plus G3 IAP][ADL-P][SIT] Close the BT at Action center manually will delay.(FR:2/2 uuts,6/6cycles )",2022-03-20 19:28:00,NA
691696,"HUAQIN TECHNOLOGY CO., LTD",NA,"Huaqin Technology Co., Ltd",Wesley Kuo,"[Lenovo][HUAQIN][ThinkBook Plus G3 IAP][ADL-P][SIT] Close the BT at Action center manually will delay.(FR:2/2 uuts,6/6cycles )",2022-03-20 19:28:00,NA
691696,"HUAQIN TECHNOLOGY CO., LTD",NA,"Huaqin Technology Co., Ltd",Wesley Kuo,"[Lenovo][HUAQIN][ThinkBook Plus G3 IAP][ADL-P][SIT] Close the BT at Action center manually will delay.(FR:2/2 uuts,6/6cycles )",2022-03-20 19:28:00,NA
691486,"HUAQIN TECHNOLOGY CO., LTD",NA,"Huaqin Technology Co., Ltd",Leo Chiang,"[HONOR][HUAQIN][HiggsF][NB5550B][ADL-P][AX211][WIN11][BT] The Bluetooth headset will rest on ""paired"" when connect it. (JABRA MOVE V2.5.0)",2022-03-18 00:23:00,NA
691486,"HUAQIN TECHNOLOGY CO., LTD",NA,"Huaqin Technology Co., Ltd",Leo Chiang,"[HONOR][HUAQIN][HiggsF][NB5550B][ADL-P][AX211][WIN11][BT] The Bluetooth headset will rest on ""paired"" when connect it. (JABRA MOVE V2.5.0)",2022-03-18 00:23:00,NA
691486,"HUAQIN TECHNOLOGY CO., LTD",NA,"Huaqin Technology Co., Ltd",Leo Chiang,"[HONOR][HUAQIN][HiggsF][NB5550B][ADL-P][AX211][WIN11][BT] The Bluetooth headset will rest on ""paired"" when connect it. (JABRA MOVE V2.5.0)",2022-03-18 00:23:00,NA
691471,WISTRON CORPORATION,NA,WISTRON CORPORATION,Timdaway Lai,[Lenovo][Wistron][ThinkPad][ADL][GrP][Win11][DRTU driver conflict issue],2022-03-17 23:15:00,NA
691471,WISTRON CORPORATION,NA,WISTRON CORPORATION,Timdaway Lai,[Lenovo][Wistron][ThinkPad][ADL][GrP][Win11][DRTU driver conflict issue],2022-03-17 23:15:00,NA
691471,WISTRON CORPORATION,NA,WISTRON CORPORATION,Timdaway Lai,[Lenovo][Wistron][ThinkPad][ADL][GrP][Win11][DRTU driver conflict issue],2022-03-17 23:15:00,NA
691328,QUANTA COMPUTER INC.,NA,QUANTA COMPUTER INC.,Wesley Kuo,"[Huawei][Quanta][H9U][CurieF][AX201][21H2][BT] [BUG-20220218-44181] Running Powercfg /energy /duration 1200 from the CMD  , test report with ""USB suspend: USB device not entering selective suspend state"" error",2022-03-17 07:11:00,NA
691328,QUANTA COMPUTER INC.,NA,QUANTA COMPUTER INC.,Wesley Kuo,"[Huawei][Quanta][H9U][CurieF][AX201][21H2][BT] [BUG-20220218-44181] Running Powercfg /energy /duration 1200 from the CMD  , test report with ""USB suspend: USB device not entering selective suspend state"" error",2022-03-17 07:11:00,NA
691328,QUANTA COMPUTER INC.,NA,QUANTA COMPUTER INC.,Wesley Kuo,"[Huawei][Quanta][H9U][CurieF][AX201][21H2][BT] [BUG-20220218-44181] Running Powercfg /energy /duration 1200 from the CMD  , test report with ""USB suspend: USB device not entering selective suspend state"" error",2022-03-17 07:11:00,NA
691093,QUANTA COMPUTER INC.,NA,QUANTA COMPUTER INC.,Charles P Chu,"[Huawei][Quanta][H99E][NobelF][AX201][21H2][BT] [AX201][805377387] NobelF cannot scan any WIFI hotspots, the WIFI switch cannot be turned off by manually clicking on the lower right corner, and restarting the PC cannot be restored F/R:1",2022-03-16 20:18:00,NA
691093,QUANTA COMPUTER INC.,NA,QUANTA COMPUTER INC.,Charles P Chu,"[Huawei][Quanta][H99E][NobelF][AX201][21H2][BT] [AX201][805377387] NobelF cannot scan any WIFI hotspots, the WIFI switch cannot be turned off by manually clicking on the lower right corner, and restarting the PC cannot be restored F/R:1",2022-03-16 20:18:00,NA
691093,QUANTA COMPUTER INC.,NA,QUANTA COMPUTER INC.,Charles P Chu,"[Huawei][Quanta][H99E][NobelF][AX201][21H2][BT] [AX201][805377387] NobelF cannot scan any WIFI hotspots, the WIFI switch cannot be turned off by manually clicking on the lower right corner, and restarting the PC cannot be restored F/R:1",2022-03-16 20:18:00,NA
691078,"COMPAL ELECTRONICS, INC.",NA,"COMPAL ELECTRONICS, INC.",Charles Yeh,[Dell/Compal]AX201 & Killer 1650i conductive T-put 5G RX failed,2022-03-16 19:48:00,NA
691078,"COMPAL ELECTRONICS, INC.",NA,"COMPAL ELECTRONICS, INC.",Charles Yeh,[Dell/Compal]AX201 & Killer 1650i conductive T-put 5G RX failed,2022-03-16 19:48:00,NA
691078,"COMPAL ELECTRONICS, INC.",NA,"COMPAL ELECTRONICS, INC.",Charles Yeh,[Dell/Compal]AX201 & Killer 1650i conductive T-put 5G RX failed,2022-03-16 19:48:00,NA
690977,PEGATRON CORPORATION,NA,Pegatron Corporation,Brenton Wu,[MSFT Pegatron][BirchBay] DRTU 22.120 version is not working well for MU-MIMO tests,2022-03-16 07:24:00,NA
690977,PEGATRON CORPORATION,NA,Pegatron Corporation,Brenton Wu,[MSFT Pegatron][BirchBay] DRTU 22.120 version is not working well for MU-MIMO tests,2022-03-16 07:24:00,NA
690977,PEGATRON CORPORATION,NA,Pegatron Corporation,Brenton Wu,[MSFT Pegatron][BirchBay] DRTU 22.120 version is not working well for MU-MIMO tests,2022-03-16 07:24:00,NA
690502,"COMPAL ELECTRONICS, INC.",NA,"COMPAL ELECTRONICS, INC.",Leo Chiang,[Dell/Compal][ADLP] AX211 BT Stress BSOD_DRIVER_POWER STATE FAILURE,2022-03-15 00:41:00,NA
690502,"COMPAL ELECTRONICS, INC.",NA,"COMPAL ELECTRONICS, INC.",Leo Chiang,[Dell/Compal][ADLP] AX211 BT Stress BSOD_DRIVER_POWER STATE FAILURE,2022-03-15 00:41:00,NA
690502,"COMPAL ELECTRONICS, INC.",NA,"COMPAL ELECTRONICS, INC.",Leo Chiang,[Dell/Compal][ADLP] AX211 BT Stress BSOD_DRIVER_POWER STATE FAILURE,2022-03-15 00:41:00,NA
690435,"COMPAL ELECTRONICS, INC.",NA,"COMPAL ELECTRONICS, INC.",Franky Yang,[Dell/Compal][ADLP] AX211 Stress BSOD_DRIVER POWER STATE FAILURE,2022-03-14 22:22:00,NA
690435,"COMPAL ELECTRONICS, INC.",NA,"COMPAL ELECTRONICS, INC.",Franky Yang,[Dell/Compal][ADLP] AX211 Stress BSOD_DRIVER POWER STATE FAILURE,2022-03-14 22:22:00,NA
690435,"COMPAL ELECTRONICS, INC.",NA,"COMPAL ELECTRONICS, INC.",Franky Yang,[Dell/Compal][ADLP] AX211 Stress BSOD_DRIVER POWER STATE FAILURE,2022-03-14 22:22:00,NA
690391,"COMPAL ELECTRONICS, INC.",NA,"COMPAL ELECTRONICS, INC.",Zhiqiang Cai,[Lenovo-thinkbook][Compal][Titan 3.0][TGL][AX211][Win11][100%] 6E support tool For USA & EU,2022-03-14 19:57:00,NA
690391,"COMPAL ELECTRONICS, INC.",NA,"COMPAL ELECTRONICS, INC.",Zhiqiang Cai,[Lenovo-thinkbook][Compal][Titan 3.0][TGL][AX211][Win11][100%] 6E support tool For USA & EU,2022-03-14 19:57:00,NA
690391,"COMPAL ELECTRONICS, INC.",NA,"COMPAL ELECTRONICS, INC.",Zhiqiang Cai,[Lenovo-thinkbook][Compal][Titan 3.0][TGL][AX211][Win11][100%] 6E support tool For USA & EU,2022-03-14 19:57:00,NA
690126,DYNABOOK INC.,NA,Dynabook Inc.,Nicky Chen,[Danabook]Target PC cannot  reconnect to AP automatically after disconnect to AP during modern standby,2022-03-13 23:34:00,NA
690126,DYNABOOK INC.,NA,Dynabook Inc.,Nicky Chen,[Danabook]Target PC cannot  reconnect to AP automatically after disconnect to AP during modern standby,2022-03-13 23:34:00,NA
690126,DYNABOOK INC.,NA,Dynabook Inc.,Nicky Chen,[Danabook]Target PC cannot  reconnect to AP automatically after disconnect to AP during modern standby,2022-03-13 23:34:00,NA
689973,QUANTA COMPUTER INC.,NA,QUANTA COMPUTER INC.,Wesley Kuo,"[Huawei][Quanta][H9R][RolleF][AX201][21H2][BT] [BUG-20220311-45832] The DUT don't attached Adapter , uninstall Intel Bluetooth driver , Bluetooth inbox driver show Yellow ban F/R: 100%",2022-03-11 20:46:00,NA
689973,QUANTA COMPUTER INC.,NA,QUANTA COMPUTER INC.,Wesley Kuo,"[Huawei][Quanta][H9R][RolleF][AX201][21H2][BT] [BUG-20220311-45832] The DUT don't attached Adapter , uninstall Intel Bluetooth driver , Bluetooth inbox driver show Yellow ban F/R: 100%",2022-03-11 20:46:00,NA
689973,QUANTA COMPUTER INC.,NA,QUANTA COMPUTER INC.,Wesley Kuo,"[Huawei][Quanta][H9R][RolleF][AX201][21H2][BT] [BUG-20220311-45832] The DUT don't attached Adapter , uninstall Intel Bluetooth driver , Bluetooth inbox driver show Yellow ban F/R: 100%",2022-03-11 20:46:00,NA
689448,"COMPAL ELECTRONICS, INC.",NA,"COMPAL ELECTRONICS, INC.",Charles Yeh,[Dell/Compal]22.110 DRTU Rx issue on AX211,2022-03-10 00:13:00,NA
689448,"COMPAL ELECTRONICS, INC.",NA,"COMPAL ELECTRONICS, INC.",Charles Yeh,[Dell/Compal]22.110 DRTU Rx issue on AX211,2022-03-10 00:13:00,NA
689448,"COMPAL ELECTRONICS, INC.",NA,"COMPAL ELECTRONICS, INC.",Charles Yeh,[Dell/Compal]22.110 DRTU Rx issue on AX211,2022-03-10 00:13:00,NA
689261,"HUAQIN TECHNOLOGY CO., LTD",NA,"Huaqin Technology Co., Ltd",Zhiwei He,[Huawei][Huaqin][MorganF][ADL-P][AX211][Win11] DUT couldn't  connect to WIFI 6E signal(80MHz/160MHz) from CMW500.,2022-03-09 09:31:00,NA
689261,"HUAQIN TECHNOLOGY CO., LTD",NA,"Huaqin Technology Co., Ltd",Zhiwei He,[Huawei][Huaqin][MorganF][ADL-P][AX211][Win11] DUT couldn't  connect to WIFI 6E signal(80MHz/160MHz) from CMW500.,2022-03-09 09:31:00,NA
689261,"HUAQIN TECHNOLOGY CO., LTD",NA,"Huaqin Technology Co., Ltd",Zhiwei He,[Huawei][Huaqin][MorganF][ADL-P][AX211][Win11] DUT couldn't  connect to WIFI 6E signal(80MHz/160MHz) from CMW500.,2022-03-09 09:31:00,NA
689238,"HUAQIN TECHNOLOGY CO., LTD",NA,"Huaqin Technology Co., Ltd",Charles Yeh,[Huaqin][ASUS][B5302][Intel ADL][Win11R][AX201]WIFI YB when OBE or Factory Aging Test.,2022-03-09 07:18:00,NA
689238,"HUAQIN TECHNOLOGY CO., LTD",NA,"Huaqin Technology Co., Ltd",Charles Yeh,[Huaqin][ASUS][B5302][Intel ADL][Win11R][AX201]WIFI YB when OBE or Factory Aging Test.,2022-03-09 07:18:00,NA
689238,"HUAQIN TECHNOLOGY CO., LTD",NA,"Huaqin Technology Co., Ltd",Charles Yeh,[Huaqin][ASUS][B5302][Intel ADL][Win11R][AX201]WIFI YB when OBE or Factory Aging Test.,2022-03-09 07:18:00,NA
689106,"HUAQIN TECHNOLOGY CO., LTD",NA,"Huaqin Technology Co., Ltd",Zhiwei He,[HUAWEI[HUAQIN][MachD][NB2757][TGL][AX201][WIN11][WIFI] System will auto disconnect WIFI and cannot connect it again.,2022-03-09 00:16:00,NA
689106,"HUAQIN TECHNOLOGY CO., LTD",NA,"Huaqin Technology Co., Ltd",Zhiwei He,[HUAWEI[HUAQIN][MachD][NB2757][TGL][AX201][WIN11][WIFI] System will auto disconnect WIFI and cannot connect it again.,2022-03-09 00:16:00,NA
689106,"HUAQIN TECHNOLOGY CO., LTD",NA,"Huaqin Technology Co., Ltd",Zhiwei He,[HUAWEI[HUAQIN][MachD][NB2757][TGL][AX201][WIN11][WIFI] System will auto disconnect WIFI and cannot connect it again.,2022-03-09 00:16:00,NA
688977,QUANTA COMPUTER INC.,NA,QUANTA COMPUTER INC.,Wesley Kuo,"[Huawei][Quanta][H99E][NobelF][AX201][21H2][BT] [AX201][BUG-20220225-44738] DUT connect to the Huawei Freebuds 4I Bluetooth headset and Freebuds 4e, click the volume progress bar in the lower right corner of the desktop, and the headset will make a short",2022-03-08 18:30:00,NA
688977,QUANTA COMPUTER INC.,NA,QUANTA COMPUTER INC.,Wesley Kuo,"[Huawei][Quanta][H99E][NobelF][AX201][21H2][BT] [AX201][BUG-20220225-44738] DUT connect to the Huawei Freebuds 4I Bluetooth headset and Freebuds 4e, click the volume progress bar in the lower right corner of the desktop, and the headset will make a short",2022-03-08 18:30:00,NA
688977,QUANTA COMPUTER INC.,NA,QUANTA COMPUTER INC.,Wesley Kuo,"[Huawei][Quanta][H99E][NobelF][AX201][21H2][BT] [AX201][BUG-20220225-44738] DUT connect to the Huawei Freebuds 4I Bluetooth headset and Freebuds 4e, click the volume progress bar in the lower right corner of the desktop, and the headset will make a short",2022-03-08 18:30:00,NA
688964,QUANTA COMPUTER INC.,NA,QUANTA COMPUTER INC.,Charles P Chu,"[Huawei][Quanta][H9HD][HookF][AX211][21H2][WLAN][BUG-20220304-45237] 1 beta user reported that the page could not be loaded when logging in to the Microsoft account interface. For details, please refer to the screen recording phenomenon in the log attachm",2022-03-08 17:48:00,NA
688964,QUANTA COMPUTER INC.,NA,QUANTA COMPUTER INC.,Charles P Chu,"[Huawei][Quanta][H9HD][HookF][AX211][21H2][WLAN][BUG-20220304-45237] 1 beta user reported that the page could not be loaded when logging in to the Microsoft account interface. For details, please refer to the screen recording phenomenon in the log attachm",2022-03-08 17:48:00,NA
688964,QUANTA COMPUTER INC.,NA,QUANTA COMPUTER INC.,Charles P Chu,"[Huawei][Quanta][H9HD][HookF][AX211][21H2][WLAN][BUG-20220304-45237] 1 beta user reported that the page could not be loaded when logging in to the Microsoft account interface. For details, please refer to the screen recording phenomenon in the log attachm",2022-03-08 17:48:00,NA
688646,"HUAQIN TECHNOLOGY CO., LTD",NA,"Huaqin Technology Co., Ltd",Charles Yeh,[Huaqin][ASUS][B5302][Intel ADL][Win11R][AX211]WIFI YB when OBE or Factory Aging Test.,2022-03-07 18:42:00,NA
688646,"HUAQIN TECHNOLOGY CO., LTD",NA,"Huaqin Technology Co., Ltd",Charles Yeh,[Huaqin][ASUS][B5302][Intel ADL][Win11R][AX211]WIFI YB when OBE or Factory Aging Test.,2022-03-07 18:42:00,NA
688646,"HUAQIN TECHNOLOGY CO., LTD",NA,"Huaqin Technology Co., Ltd",Charles Yeh,[Huaqin][ASUS][B5302][Intel ADL][Win11R][AX211]WIFI YB when OBE or Factory Aging Test.,2022-03-07 18:42:00,NA
688487,QUANTA COMPUTER INC.,NA,QUANTA COMPUTER INC.,Wesley Kuo,"[Huawei][Quanta][H9HD][HookF][AX211][21H2][BT][BUG-20220304-45232] After the speaker side alternately controls to pause the music, the PC side shows that the music starts to play, while the speaker side has a sound after 8s, which cannot be resumed (19:58",2022-03-07 02:14:00,NA
688487,QUANTA COMPUTER INC.,NA,QUANTA COMPUTER INC.,Wesley Kuo,"[Huawei][Quanta][H9HD][HookF][AX211][21H2][BT][BUG-20220304-45232] After the speaker side alternately controls to pause the music, the PC side shows that the music starts to play, while the speaker side has a sound after 8s, which cannot be resumed (19:58",2022-03-07 02:14:00,NA
688487,QUANTA COMPUTER INC.,NA,QUANTA COMPUTER INC.,Wesley Kuo,"[Huawei][Quanta][H9HD][HookF][AX211][21H2][BT][BUG-20220304-45232] After the speaker side alternately controls to pause the music, the PC side shows that the music starts to play, while the speaker side has a sound after 8s, which cannot be resumed (19:58",2022-03-07 02:14:00,NA
688448,QUANTA COMPUTER INC.,NA,QUANTA COMPUTER INC.,Wesley Kuo,[Huawei][Quanta][H98VH99V][BohrENobelE_Intel][AX201][21H1][WIFI][805417950] Turn on the computer and find that the Bluetooth interface is repeatedly connecting and disconnecting the BT speaker,2022-03-07 00:49:00,NA
688448,QUANTA COMPUTER INC.,NA,QUANTA COMPUTER INC.,Wesley Kuo,[Huawei][Quanta][H98VH99V][BohrENobelE_Intel][AX201][21H1][WIFI][805417950] Turn on the computer and find that the Bluetooth interface is repeatedly connecting and disconnecting the BT speaker,2022-03-07 00:49:00,NA
688448,QUANTA COMPUTER INC.,NA,QUANTA COMPUTER INC.,Wesley Kuo,[Huawei][Quanta][H98VH99V][BohrENobelE_Intel][AX201][21H1][WIFI][805417950] Turn on the computer and find that the Bluetooth interface is repeatedly connecting and disconnecting the BT speaker,2022-03-07 00:49:00,NA
688351,QUANTA COMPUTER INC.,NA,QUANTA COMPUTER INC.,Wesley Kuo,"[Huawei][Quanta][H99E][NobelF][AX201][21H2][BT] [AX201][BUG-20220117-41971] Sometimes the DUT is paired with the CD23 Bluetooth mouse by means of quick pairing, then delete the connection,When pairing a Bluetooth mouse, the DUT don't ha",2022-03-06 20:05:00,NA
688351,QUANTA COMPUTER INC.,NA,QUANTA COMPUTER INC.,Wesley Kuo,"[Huawei][Quanta][H99E][NobelF][AX201][21H2][BT] [AX201][BUG-20220117-41971] Sometimes the DUT is paired with the CD23 Bluetooth mouse by means of quick pairing, then delete the connection,When pairing a Bluetooth mouse, the DUT don't ha",2022-03-06 20:05:00,NA
688351,QUANTA COMPUTER INC.,NA,QUANTA COMPUTER INC.,Wesley Kuo,"[Huawei][Quanta][H99E][NobelF][AX201][21H2][BT] [AX201][BUG-20220117-41971] Sometimes the DUT is paired with the CD23 Bluetooth mouse by means of quick pairing, then delete the connection,When pairing a Bluetooth mouse, the DUT don't ha",2022-03-06 20:05:00,NA
688040,QUANTA COMPUTER INC.,NA,QUANTA COMPUTER INC.,Wesley Kuo,"[Huawei][Quanta][H99E][NobelF][AX201][21H2][BT] [AX201][BUG-20220303-45079]The test machine is connected with the Bluetooth mouse/keyboard. After the Bluetooth mouse/keyboard (ThinkPad Bluetooth Laser Mouse/Keyboard K380) enters the pairing state, the tes",2022-03-04 02:16:00,NA
688040,QUANTA COMPUTER INC.,NA,QUANTA COMPUTER INC.,Wesley Kuo,"[Huawei][Quanta][H99E][NobelF][AX201][21H2][BT] [AX201][BUG-20220303-45079]The test machine is connected with the Bluetooth mouse/keyboard. After the Bluetooth mouse/keyboard (ThinkPad Bluetooth Laser Mouse/Keyboard K380) enters the pairing state, the tes",2022-03-04 02:16:00,NA
688040,QUANTA COMPUTER INC.,NA,QUANTA COMPUTER INC.,Wesley Kuo,"[Huawei][Quanta][H99E][NobelF][AX201][21H2][BT] [AX201][BUG-20220303-45079]The test machine is connected with the Bluetooth mouse/keyboard. After the Bluetooth mouse/keyboard (ThinkPad Bluetooth Laser Mouse/Keyboard K380) enters the pairing state, the tes",2022-03-04 02:16:00,NA
687958,PEGATRON CORPORATION,NA,Pegatron Corporation,Nicky Chen,Intel AX211 WiFi 6E Country BIOS setting for US & EU,2022-03-03 23:37:00,NA
687958,PEGATRON CORPORATION,NA,Pegatron Corporation,Nicky Chen,Intel AX211 WiFi 6E Country BIOS setting for US & EU,2022-03-03 23:37:00,NA
687958,PEGATRON CORPORATION,NA,Pegatron Corporation,Nicky Chen,Intel AX211 WiFi 6E Country BIOS setting for US & EU,2022-03-03 23:37:00,NA
687561,ELITEGROUP COMPUTER SYSTEMS CO. LTD,ELITEGROUP COMPUTER SYSTEMS CO. LTD,ELITEGROUP COMPUTER SYSTEMS CO. LTD,Brandon Yang,[ECS][B660H7-M20] A green screen appears in the lower right corner of Play Ready 3 videos,2022-03-03 00:58:00,NA
687494,"COMPAL ELECTRONICS, INC.",NA,"COMPAL ELECTRONICS, INC.",Charles Yeh,[Dell/Compal][ADL Orchid Bay] Can't enter ModerStandby under	 AC mode,2022-03-02 23:09:00,NA
687494,"COMPAL ELECTRONICS, INC.",NA,"COMPAL ELECTRONICS, INC.",Charles Yeh,[Dell/Compal][ADL Orchid Bay] Can't enter ModerStandby under	 AC mode,2022-03-02 23:09:00,NA
687494,"COMPAL ELECTRONICS, INC.",NA,"COMPAL ELECTRONICS, INC.",Charles Yeh,[Dell/Compal][ADL Orchid Bay] Can't enter ModerStandby under	 AC mode,2022-03-02 23:09:00,NA
687430,QUANTA COMPUTER INC.,NA,QUANTA COMPUTER INC.,Wesley Kuo,[Huawei][Quanta][H99E][NobelF][AX201][21H2][BT] [AX201][BUG-20220302-44989][Multi-screen collaboration] The PC is connected to the Bluetooth mouse and Bluetooth headset to establish multi-screen collaboration with the mobile phone. The mobile phone plays,2022-03-02 19:18:00,NA
687430,QUANTA COMPUTER INC.,NA,QUANTA COMPUTER INC.,Wesley Kuo,[Huawei][Quanta][H99E][NobelF][AX201][21H2][BT] [AX201][BUG-20220302-44989][Multi-screen collaboration] The PC is connected to the Bluetooth mouse and Bluetooth headset to establish multi-screen collaboration with the mobile phone. The mobile phone plays,2022-03-02 19:18:00,NA
687430,QUANTA COMPUTER INC.,NA,QUANTA COMPUTER INC.,Wesley Kuo,[Huawei][Quanta][H99E][NobelF][AX201][21H2][BT] [AX201][BUG-20220302-44989][Multi-screen collaboration] The PC is connected to the Bluetooth mouse and Bluetooth headset to establish multi-screen collaboration with the mobile phone. The mobile phone plays,2022-03-02 19:18:00,NA
687277,"HUAQIN TECHNOLOGY CO., LTD",NA,"Huaqin Technology Co., Ltd",Zhiqiang Cai,"[Lenovo][ADL][S570-16IAH7][AX211]AX211 Wlan Module AC mode Channel 64 Air throughput test fail in low attenuation(58dB/76dB) ,test failed driver version is 22.120.0.3.",2022-03-02 03:52:00,NA
687277,"HUAQIN TECHNOLOGY CO., LTD",NA,"Huaqin Technology Co., Ltd",Zhiqiang Cai,"[Lenovo][ADL][S570-16IAH7][AX211]AX211 Wlan Module AC mode Channel 64 Air throughput test fail in low attenuation(58dB/76dB) ,test failed driver version is 22.120.0.3.",2022-03-02 03:52:00,NA
687277,"HUAQIN TECHNOLOGY CO., LTD",NA,"Huaqin Technology Co., Ltd",Zhiqiang Cai,"[Lenovo][ADL][S570-16IAH7][AX211]AX211 Wlan Module AC mode Channel 64 Air throughput test fail in low attenuation(58dB/76dB) ,test failed driver version is 22.120.0.3.",2022-03-02 03:52:00,NA
687183,WISTRON CORPORATION,NA,WISTRON CORPORATION,Brenton Wu,[Lenovo-ThinkPad][Lynx2][AX211][Win10&Win11 Common][100%] The EUT can?t receive the mail after enter sleep,2022-03-02 00:08:00,NA
687183,WISTRON CORPORATION,NA,WISTRON CORPORATION,Brenton Wu,[Lenovo-ThinkPad][Lynx2][AX211][Win10&Win11 Common][100%] The EUT can?t receive the mail after enter sleep,2022-03-02 00:08:00,NA
687183,WISTRON CORPORATION,NA,WISTRON CORPORATION,Brenton Wu,[Lenovo-ThinkPad][Lynx2][AX211][Win10&Win11 Common][100%] The EUT can?t receive the mail after enter sleep,2022-03-02 00:08:00,NA
687137,ELITEGROUP COMPUTER SYSTEMS CO. LTD,ELITEGROUP COMPUTER SYSTEMS CO. LTD,ELITEGROUP COMPUTER SYSTEMS CO. LTD,Timdaway Lai,[Acer][H61H6-AD2]CITU Marginal Test got result is Poor,2022-03-01 22:23:00,NA
686681,"COMPAL ELECTRONICS, INC.",NA,"COMPAL ELECTRONICS, INC.",Franky Yang,[Dell/Compal][ADL Orchid Bay] SUT S4 stress occur black screen with dump. DRIVER_POWER_STATE_FAILURE 0x9F,2022-02-28 19:29:00,NA
686681,"COMPAL ELECTRONICS, INC.",NA,"COMPAL ELECTRONICS, INC.",Franky Yang,[Dell/Compal][ADL Orchid Bay] SUT S4 stress occur black screen with dump. DRIVER_POWER_STATE_FAILURE 0x9F,2022-02-28 19:29:00,NA
686681,"COMPAL ELECTRONICS, INC.",NA,"COMPAL ELECTRONICS, INC.",Franky Yang,[Dell/Compal][ADL Orchid Bay] SUT S4 stress occur black screen with dump. DRIVER_POWER_STATE_FAILURE 0x9F,2022-02-28 19:29:00,NA
686676,"COMPAL ELECTRONICS, INC.",NA,"COMPAL ELECTRONICS, INC.",Charles Yeh,[Dell/Compal]22.110 DRTU command line issue on AX211,2022-02-28 19:23:00,NA
686676,"COMPAL ELECTRONICS, INC.",NA,"COMPAL ELECTRONICS, INC.",Charles Yeh,[Dell/Compal]22.110 DRTU command line issue on AX211,2022-02-28 19:23:00,NA
686676,"COMPAL ELECTRONICS, INC.",NA,"COMPAL ELECTRONICS, INC.",Charles Yeh,[Dell/Compal]22.110 DRTU command line issue on AX211,2022-02-28 19:23:00,NA
686613,QUANTA COMPUTER INC.,NA,QUANTA COMPUTER INC.,Leo Chiang,"[Honor][Quanta][H9R][GalileoF][AX201][21H2][BT] [#8082]Connect LG HBS1100 headphones (support fast forward and rewind), the headphone end controls the music to fast forward and rewind without response and cannot be restored",2022-02-28 16:22:00,NA
686613,QUANTA COMPUTER INC.,NA,QUANTA COMPUTER INC.,Leo Chiang,"[Honor][Quanta][H9R][GalileoF][AX201][21H2][BT] [#8082]Connect LG HBS1100 headphones (support fast forward and rewind), the headphone end controls the music to fast forward and rewind without response and cannot be restored",2022-02-28 16:22:00,NA
686613,QUANTA COMPUTER INC.,NA,QUANTA COMPUTER INC.,Leo Chiang,"[Honor][Quanta][H9R][GalileoF][AX201][21H2][BT] [#8082]Connect LG HBS1100 headphones (support fast forward and rewind), the headphone end controls the music to fast forward and rewind without response and cannot be restored",2022-02-28 16:22:00,NA
686612,QUANTA COMPUTER INC.,NA,QUANTA COMPUTER INC.,Leo Chiang,"[Honor][Quanta][H9R][GalileoF][AX201][21H2][BT] [#8083] Connect the JABRA MOVE V2.5.0 headphones to listen to music. After the headphone is turned on and off, the connection is successful. The sound comes from the headphone side. The music stops intermitt",2022-02-28 16:18:00,NA
686612,QUANTA COMPUTER INC.,NA,QUANTA COMPUTER INC.,Leo Chiang,"[Honor][Quanta][H9R][GalileoF][AX201][21H2][BT] [#8083] Connect the JABRA MOVE V2.5.0 headphones to listen to music. After the headphone is turned on and off, the connection is successful. The sound comes from the headphone side. The music stops intermitt",2022-02-28 16:18:00,NA
686612,QUANTA COMPUTER INC.,NA,QUANTA COMPUTER INC.,Leo Chiang,"[Honor][Quanta][H9R][GalileoF][AX201][21H2][BT] [#8083] Connect the JABRA MOVE V2.5.0 headphones to listen to music. After the headphone is turned on and off, the connection is successful. The sound comes from the headphone side. The music stops intermitt",2022-02-28 16:18:00,NA
686539,"HUAQIN TECHNOLOGY CO., LTD",NA,"Huaqin Technology Co., Ltd",Zhiwei He,[HUAWEI][HUAQIN][EmmyF][Intel ADL][Intel AX 201][BT][Win11]BSOD 0x7c occurred during running MultiMedia stress.,2022-02-28 03:33:00,NA
686539,"HUAQIN TECHNOLOGY CO., LTD",NA,"Huaqin Technology Co., Ltd",Zhiwei He,[HUAWEI][HUAQIN][EmmyF][Intel ADL][Intel AX 201][BT][Win11]BSOD 0x7c occurred during running MultiMedia stress.,2022-02-28 03:33:00,NA
686539,"HUAQIN TECHNOLOGY CO., LTD",NA,"Huaqin Technology Co., Ltd",Zhiwei He,[HUAWEI][HUAQIN][EmmyF][Intel ADL][Intel AX 201][BT][Win11]BSOD 0x7c occurred during running MultiMedia stress.,2022-02-28 03:33:00,NA
686537,QUANTA COMPUTER INC.,NA,QUANTA COMPUTER INC.,Charles P Chu,"[Huawei][Quanta][H99E][NobelF][AX201][21H2][WLAN] [AX201][BUG-20220120-42249]When the test machine and the auxiliary machine perform wireless screen projection and play local video for a long time, the local video will be disconnected",2022-02-28 03:10:00,NA
686537,QUANTA COMPUTER INC.,NA,QUANTA COMPUTER INC.,Charles P Chu,"[Huawei][Quanta][H99E][NobelF][AX201][21H2][WLAN] [AX201][BUG-20220120-42249]When the test machine and the auxiliary machine perform wireless screen projection and play local video for a long time, the local video will be disconnected",2022-02-28 03:10:00,NA
686537,QUANTA COMPUTER INC.,NA,QUANTA COMPUTER INC.,Charles P Chu,"[Huawei][Quanta][H99E][NobelF][AX201][21H2][WLAN] [AX201][BUG-20220120-42249]When the test machine and the auxiliary machine perform wireless screen projection and play local video for a long time, the local video will be disconnected",2022-02-28 03:10:00,NA
686478,QUANTA COMPUTER INC.,NA,QUANTA COMPUTER INC.,Wesley Kuo,"[Huawei][Quanta][H9HD][HookF][AX211][21H2][BT][805405482] The connection is disconnected after the Bluetooth headset is reconnected, and the log shows a Hardware Error (0x0C) problem",2022-02-28 00:25:00,NA
686478,QUANTA COMPUTER INC.,NA,QUANTA COMPUTER INC.,Wesley Kuo,"[Huawei][Quanta][H9HD][HookF][AX211][21H2][BT][805405482] The connection is disconnected after the Bluetooth headset is reconnected, and the log shows a Hardware Error (0x0C) problem",2022-02-28 00:25:00,NA
686478,QUANTA COMPUTER INC.,NA,QUANTA COMPUTER INC.,Wesley Kuo,"[Huawei][Quanta][H9HD][HookF][AX211][21H2][BT][805405482] The connection is disconnected after the Bluetooth headset is reconnected, and the log shows a Hardware Error (0x0C) problem",2022-02-28 00:25:00,NA
686329,QUANTA COMPUTER INC.,NA,QUANTA COMPUTER INC.,Charles P Chu,"[Huawei][Quanta][H9R&H9U][RolleF&CurieF][AX201][21H2][WLAN] [BUG-20220225-44729]Using Huawei mobile phone Mate30, click to cast the screen to the test machine, and the test machine shows a green screen",2022-02-25 23:14:00,NA
686329,QUANTA COMPUTER INC.,NA,QUANTA COMPUTER INC.,Charles P Chu,"[Huawei][Quanta][H9R&H9U][RolleF&CurieF][AX201][21H2][WLAN] [BUG-20220225-44729]Using Huawei mobile phone Mate30, click to cast the screen to the test machine, and the test machine shows a green screen",2022-02-25 23:14:00,NA
686329,QUANTA COMPUTER INC.,NA,QUANTA COMPUTER INC.,Charles P Chu,"[Huawei][Quanta][H9R&H9U][RolleF&CurieF][AX201][21H2][WLAN] [BUG-20220225-44729]Using Huawei mobile phone Mate30, click to cast the screen to the test machine, and the test machine shows a green screen",2022-02-25 23:14:00,NA
686154,QUANTA COMPUTER INC.,NA,QUANTA COMPUTER INC.,Leo Chiang,"[Honor][Quanta][H9R][GalileoF][AX201][21H2][BT] [#8310] The PC is connected to the Bluetooth headset EDIFIFR W820BT. The PC side displays ""connected voice, music"". There is no music in the headset, but there is music on the PC side. After the PC side is d",2022-02-24 23:35:00,NA
686154,QUANTA COMPUTER INC.,NA,QUANTA COMPUTER INC.,Leo Chiang,"[Honor][Quanta][H9R][GalileoF][AX201][21H2][BT] [#8310] The PC is connected to the Bluetooth headset EDIFIFR W820BT. The PC side displays ""connected voice, music"". There is no music in the headset, but there is music on the PC side. After the PC side is d",2022-02-24 23:35:00,NA
686154,QUANTA COMPUTER INC.,NA,QUANTA COMPUTER INC.,Leo Chiang,"[Honor][Quanta][H9R][GalileoF][AX201][21H2][BT] [#8310] The PC is connected to the Bluetooth headset EDIFIFR W820BT. The PC side displays ""connected voice, music"". There is no music in the headset, but there is music on the PC side. After the PC side is d",2022-02-24 23:35:00,NA
685805,"HUAQIN TECHNOLOGY CO., LTD",NA,"Huaqin Technology Co., Ltd",Leo Chiang,[HONOR][HUAQIN][HiggsF][NB5550B][ADL-P][AX211][WIN11][BT] System will occur BOSD 0x9F after running MS stress test or idle system.,2022-02-24 00:17:00,NA
685805,"HUAQIN TECHNOLOGY CO., LTD",NA,"Huaqin Technology Co., Ltd",Leo Chiang,[HONOR][HUAQIN][HiggsF][NB5550B][ADL-P][AX211][WIN11][BT] System will occur BOSD 0x9F after running MS stress test or idle system.,2022-02-24 00:17:00,NA
685805,"HUAQIN TECHNOLOGY CO., LTD",NA,"Huaqin Technology Co., Ltd",Leo Chiang,[HONOR][HUAQIN][HiggsF][NB5550B][ADL-P][AX211][WIN11][BT] System will occur BOSD 0x9F after running MS stress test or idle system.,2022-02-24 00:17:00,NA
685794,QUANTA COMPUTER INC.,NA,QUANTA COMPUTER INC.,Charles P Chu,"[Huawei][Quanta][H98VH99V][BohrENobelE_Intel][AX201][20H2][WIFI][805399824] After resume from hibernation , can't find any WIFI hotspot",2022-02-23 23:55:00,NA
685794,QUANTA COMPUTER INC.,NA,QUANTA COMPUTER INC.,Charles P Chu,"[Huawei][Quanta][H98VH99V][BohrENobelE_Intel][AX201][20H2][WIFI][805399824] After resume from hibernation , can't find any WIFI hotspot",2022-02-23 23:55:00,NA
685794,QUANTA COMPUTER INC.,NA,QUANTA COMPUTER INC.,Charles P Chu,"[Huawei][Quanta][H98VH99V][BohrENobelE_Intel][AX201][20H2][WIFI][805399824] After resume from hibernation , can't find any WIFI hotspot",2022-02-23 23:55:00,NA
685307,QUANTA COMPUTER INC.,NA,QUANTA COMPUTER INC.,Charles P Chu,"[Huawei][Quanta][H98VH99V][BohrENobelE_Intel][AX201][20H2][WIFI][BUG-20210810-33696] DUT resume from S4, turn in 5G hotspot , pop  ""The selected network band isn't available"", Select a different namd and try again""",2022-02-22 19:37:00,NA
685307,QUANTA COMPUTER INC.,NA,QUANTA COMPUTER INC.,Charles P Chu,"[Huawei][Quanta][H98VH99V][BohrENobelE_Intel][AX201][20H2][WIFI][BUG-20210810-33696] DUT resume from S4, turn in 5G hotspot , pop  ""The selected network band isn't available"", Select a different namd and try again""",2022-02-22 19:37:00,NA
685307,QUANTA COMPUTER INC.,NA,QUANTA COMPUTER INC.,Charles P Chu,"[Huawei][Quanta][H98VH99V][BohrENobelE_Intel][AX201][20H2][WIFI][BUG-20210810-33696] DUT resume from S4, turn in 5G hotspot , pop  ""The selected network band isn't available"", Select a different namd and try again""",2022-02-22 19:37:00,NA
685257,"HUAQIN TECHNOLOGY CO., LTD",NA,"Huaqin Technology Co., Ltd",Leo Chiang,[HONOR][HUAQIN][HiggsF][NB5550B][ADL-P][AX211][WIN11][BT] The sound has intermittent lag ten seconds after the connection is successful with JABRA MOVE V2.5.0 HS,2022-02-22 17:37:00,NA
685257,"HUAQIN TECHNOLOGY CO., LTD",NA,"Huaqin Technology Co., Ltd",Leo Chiang,[HONOR][HUAQIN][HiggsF][NB5550B][ADL-P][AX211][WIN11][BT] The sound has intermittent lag ten seconds after the connection is successful with JABRA MOVE V2.5.0 HS,2022-02-22 17:37:00,NA
685257,"HUAQIN TECHNOLOGY CO., LTD",NA,"Huaqin Technology Co., Ltd",Leo Chiang,[HONOR][HUAQIN][HiggsF][NB5550B][ADL-P][AX211][WIN11][BT] The sound has intermittent lag ten seconds after the connection is successful with JABRA MOVE V2.5.0 HS,2022-02-22 17:37:00,NA
685255,QUANTA COMPUTER INC.,NA,QUANTA COMPUTER INC.,Wesley Kuo,"[Huawei][Quanta][H9R&H9U][RolleF&CurieF][AX201][21H2][BT] [BUG-20220219-44246] BT headset connected , then disconnect at the setting and connect it again , it take 12s for music sound switch from speaker to BT headset",2022-02-22 17:21:00,NA
685255,QUANTA COMPUTER INC.,NA,QUANTA COMPUTER INC.,Wesley Kuo,"[Huawei][Quanta][H9R&H9U][RolleF&CurieF][AX201][21H2][BT] [BUG-20220219-44246] BT headset connected , then disconnect at the setting and connect it again , it take 12s for music sound switch from speaker to BT headset",2022-02-22 17:21:00,NA
685255,QUANTA COMPUTER INC.,NA,QUANTA COMPUTER INC.,Wesley Kuo,"[Huawei][Quanta][H9R&H9U][RolleF&CurieF][AX201][21H2][BT] [BUG-20220219-44246] BT headset connected , then disconnect at the setting and connect it again , it take 12s for music sound switch from speaker to BT headset",2022-02-22 17:21:00,NA
685175,"HUAQIN TECHNOLOGY CO., LTD",NA,"Huaqin Technology Co., Ltd",Wesley Kuo,"[Huaqin][Samsung][Titan2-M][Intel ADL][Win11R]ATO_WCT_PC AUT Combination Test occurred BT Driver Lost.(FR:1/20 units, 1/20 times)",2022-02-22 07:03:00,NA
685175,"HUAQIN TECHNOLOGY CO., LTD",NA,"Huaqin Technology Co., Ltd",Wesley Kuo,"[Huaqin][Samsung][Titan2-M][Intel ADL][Win11R]ATO_WCT_PC AUT Combination Test occurred BT Driver Lost.(FR:1/20 units, 1/20 times)",2022-02-22 07:03:00,NA
685175,"HUAQIN TECHNOLOGY CO., LTD",NA,"Huaqin Technology Co., Ltd",Wesley Kuo,"[Huaqin][Samsung][Titan2-M][Intel ADL][Win11R]ATO_WCT_PC AUT Combination Test occurred BT Driver Lost.(FR:1/20 units, 1/20 times)",2022-02-22 07:03:00,NA
684782,QUANTA COMPUTER INC.,NA,QUANTA COMPUTER INC.,Leo Chiang,"[Honor][Quanta][H9R][GalileoF][AX201][21H2][BT] [#7981] Run Step tool_400 MS , 4 units meet BT lost F/R:4/20",2022-02-21 04:13:00,NA
684782,QUANTA COMPUTER INC.,NA,QUANTA COMPUTER INC.,Leo Chiang,"[Honor][Quanta][H9R][GalileoF][AX201][21H2][BT] [#7981] Run Step tool_400 MS , 4 units meet BT lost F/R:4/20",2022-02-21 04:13:00,NA
684782,QUANTA COMPUTER INC.,NA,QUANTA COMPUTER INC.,Leo Chiang,"[Honor][Quanta][H9R][GalileoF][AX201][21H2][BT] [#7981] Run Step tool_400 MS , 4 units meet BT lost F/R:4/20",2022-02-21 04:13:00,NA
684757,QUANTA COMPUTER INC.,NA,QUANTA COMPUTER INC.,Wesley Kuo,"[Huawei][Quanta][H99E][NobelF][AX201][21H2][BT] [AX201][BUG-20220221-44405] When run PC_Stress_MultiMedia_00300, one unit meet Intel BT lost FR 1/10 unit",2022-02-21 03:18:00,NA
684757,QUANTA COMPUTER INC.,NA,QUANTA COMPUTER INC.,Wesley Kuo,"[Huawei][Quanta][H99E][NobelF][AX201][21H2][BT] [AX201][BUG-20220221-44405] When run PC_Stress_MultiMedia_00300, one unit meet Intel BT lost FR 1/10 unit",2022-02-21 03:18:00,NA
684757,QUANTA COMPUTER INC.,NA,QUANTA COMPUTER INC.,Wesley Kuo,"[Huawei][Quanta][H99E][NobelF][AX201][21H2][BT] [AX201][BUG-20220221-44405] When run PC_Stress_MultiMedia_00300, one unit meet Intel BT lost FR 1/10 unit",2022-02-21 03:18:00,NA
684563,CLEVO,CLEVO CO.,CLEVO CO.,Brandon Yang,[AlderLake-CLEVO-PD50PNT-Ian]System has the black screen and BSOD 0x116_IMAGE_igdkmdn64.sys during running Aida64+MSI+MV,2022-02-20 19:17:00,NA
684529,"SHANGHAI WINGTECH ELECTRONICS TECHNOLOGYCO., LTD.",NA,"SHANGHAI WINGTECH ELECTRONICS TECHNOLOGYCO., LTD.",Zhiwei He,"[Haier][Wingtech][G1][ADL][Ax201][21H2]The PC wake up from S4,  WLAN driver appears with YB",2022-02-20 17:33:00,NA
684529,"SHANGHAI WINGTECH ELECTRONICS TECHNOLOGYCO., LTD.",NA,"SHANGHAI WINGTECH ELECTRONICS TECHNOLOGYCO., LTD.",Zhiwei He,"[Haier][Wingtech][G1][ADL][Ax201][21H2]The PC wake up from S4,  WLAN driver appears with YB",2022-02-20 17:33:00,NA
684529,"SHANGHAI WINGTECH ELECTRONICS TECHNOLOGYCO., LTD.",NA,"SHANGHAI WINGTECH ELECTRONICS TECHNOLOGYCO., LTD.",Zhiwei He,"[Haier][Wingtech][G1][ADL][Ax201][21H2]The PC wake up from S4,  WLAN driver appears with YB",2022-02-20 17:33:00,NA
684501,QUANTA COMPUTER INC.,NA,QUANTA COMPUTER INC.,Charles P Chu,"[Huawei][Quanta][H9R&H9U][RolleF&CurieF][AX201][21H2][WLAN] [Factory_issue_287] One RolleF after disable WIFI from device manager , WLAN will disappear , restart can recovery , FR:100%",2022-02-19 21:41:00,NA
684501,QUANTA COMPUTER INC.,NA,QUANTA COMPUTER INC.,Charles P Chu,"[Huawei][Quanta][H9R&H9U][RolleF&CurieF][AX201][21H2][WLAN] [Factory_issue_287] One RolleF after disable WIFI from device manager , WLAN will disappear , restart can recovery , FR:100%",2022-02-19 21:41:00,NA
684501,QUANTA COMPUTER INC.,NA,QUANTA COMPUTER INC.,Charles P Chu,"[Huawei][Quanta][H9R&H9U][RolleF&CurieF][AX201][21H2][WLAN] [Factory_issue_287] One RolleF after disable WIFI from device manager , WLAN will disappear , restart can recovery , FR:100%",2022-02-19 21:41:00,NA
684494,"HUAQIN TECHNOLOGY CO., LTD",NA,"Huaqin Technology Co., Ltd",Zhiwei He,[HUAWEI[HUAQIN][KelvinF][NB3850C][ADL-P][AX201][WIN11][WIFI] The flow is interrupted when runing iperf on home environment.,2022-02-19 04:26:00,NA
684494,"HUAQIN TECHNOLOGY CO., LTD",NA,"Huaqin Technology Co., Ltd",Zhiwei He,[HUAWEI[HUAQIN][KelvinF][NB3850C][ADL-P][AX201][WIN11][WIFI] The flow is interrupted when runing iperf on home environment.,2022-02-19 04:26:00,NA
684494,"HUAQIN TECHNOLOGY CO., LTD",NA,"Huaqin Technology Co., Ltd",Zhiwei He,[HUAWEI[HUAQIN][KelvinF][NB3850C][ADL-P][AX201][WIN11][WIFI] The flow is interrupted when runing iperf on home environment.,2022-02-19 04:26:00,NA
684070,QUANTA COMPUTER INC.,NA,QUANTA COMPUTER INC.,Charles P Chu,[Huawei][Quanta][H9R&H9U][RolleF&CurieF][AX201][21H2][WLAN] [BUG-20220214-43824]The PC is not connected to WIFI and Miracast the screen to the Honor TV or Huashan monitor to play the local video show blurry screen,2022-02-17 05:48:00,NA
684070,QUANTA COMPUTER INC.,NA,QUANTA COMPUTER INC.,Charles P Chu,[Huawei][Quanta][H9R&H9U][RolleF&CurieF][AX201][21H2][WLAN] [BUG-20220214-43824]The PC is not connected to WIFI and Miracast the screen to the Honor TV or Huashan monitor to play the local video show blurry screen,2022-02-17 05:48:00,NA
684070,QUANTA COMPUTER INC.,NA,QUANTA COMPUTER INC.,Charles P Chu,[Huawei][Quanta][H9R&H9U][RolleF&CurieF][AX201][21H2][WLAN] [BUG-20220214-43824]The PC is not connected to WIFI and Miracast the screen to the Honor TV or Huashan monitor to play the local video show blurry screen,2022-02-17 05:48:00,NA
684066,"SHENZHEN BITLAND INFORMATION TECHNOLOGYCO., LTD.",NA,"SHENZHEN BITLAND INFORMATION TECHNOLOGYCO., LTD.",Zhiwei He,[Huawei][Bitland[PanguC][Intel ADL][Intel AX 201][WIFI]Run CITU to report error when do CNVIIOMT test,2022-02-17 05:24:00,NA
684066,"SHENZHEN BITLAND INFORMATION TECHNOLOGYCO., LTD.",NA,"SHENZHEN BITLAND INFORMATION TECHNOLOGYCO., LTD.",Zhiwei He,[Huawei][Bitland[PanguC][Intel ADL][Intel AX 201][WIFI]Run CITU to report error when do CNVIIOMT test,2022-02-17 05:24:00,NA
684066,"SHENZHEN BITLAND INFORMATION TECHNOLOGYCO., LTD.",NA,"SHENZHEN BITLAND INFORMATION TECHNOLOGYCO., LTD.",Zhiwei He,[Huawei][Bitland[PanguC][Intel ADL][Intel AX 201][WIFI]Run CITU to report error when do CNVIIOMT test,2022-02-17 05:24:00,NA
683983,QUANTA COMPUTER INC.,NA,QUANTA COMPUTER INC.,Leo Chiang,"[Honor][Quanta][H9R][GalileoF][AX201][21H2][BT] [#7445] When the PC is playing music and connected to the Xiaomi Xiaoai touchscreen speaker Pro 8, the PC side keeps displaying ""connected"", and the music sound is emitted from the PC side and cannot be rest",2022-02-17 01:15:00,NA
683983,QUANTA COMPUTER INC.,NA,QUANTA COMPUTER INC.,Leo Chiang,"[Honor][Quanta][H9R][GalileoF][AX201][21H2][BT] [#7445] When the PC is playing music and connected to the Xiaomi Xiaoai touchscreen speaker Pro 8, the PC side keeps displaying ""connected"", and the music sound is emitted from the PC side and cannot be rest",2022-02-17 01:15:00,NA
683983,QUANTA COMPUTER INC.,NA,QUANTA COMPUTER INC.,Leo Chiang,"[Honor][Quanta][H9R][GalileoF][AX201][21H2][BT] [#7445] When the PC is playing music and connected to the Xiaomi Xiaoai touchscreen speaker Pro 8, the PC side keeps displaying ""connected"", and the music sound is emitted from the PC side and cannot be rest",2022-02-17 01:15:00,NA
683603,ACCOUNT FOR DEACTIVATED CONTACTS,NA,Account for Deactivated Contacts,KJ Fang,RSSI test issue (Alder Lake/Win11/AX201),2022-02-16 02:57:00,NA
683603,ACCOUNT FOR DEACTIVATED CONTACTS,NA,Account for Deactivated Contacts,KJ Fang,RSSI test issue (Alder Lake/Win11/AX201),2022-02-16 02:57:00,NA
683603,ACCOUNT FOR DEACTIVATED CONTACTS,NA,Account for Deactivated Contacts,KJ Fang,RSSI test issue (Alder Lake/Win11/AX201),2022-02-16 02:57:00,NA
683397,"HUAQIN TECHNOLOGY CO., LTD",NA,"Huaqin Technology Co., Ltd",Charles Yeh,"[Huaqin][ASUS][TP3402ZA][ADL-P][Win11R]Declarative Driver Check items(intelac9560/intelax201/intelax211) are show failed after running MDA tool.(FR:5/5 units, 10/10 times)",2022-02-15 18:13:00,NA
683397,"HUAQIN TECHNOLOGY CO., LTD",NA,"Huaqin Technology Co., Ltd",Charles Yeh,"[Huaqin][ASUS][TP3402ZA][ADL-P][Win11R]Declarative Driver Check items(intelac9560/intelax201/intelax211) are show failed after running MDA tool.(FR:5/5 units, 10/10 times)",2022-02-15 18:13:00,NA
683397,"HUAQIN TECHNOLOGY CO., LTD",NA,"Huaqin Technology Co., Ltd",Charles Yeh,"[Huaqin][ASUS][TP3402ZA][ADL-P][Win11R]Declarative Driver Check items(intelac9560/intelax201/intelax211) are show failed after running MDA tool.(FR:5/5 units, 10/10 times)",2022-02-15 18:13:00,NA
683280,"HUAQIN TECHNOLOGY CO., LTD",NA,"Huaqin Technology Co., Ltd",Leo Chiang,[HONOR][HUAQIN][HiggsF][NB5550B][ADL][WIN11][BT] There is a lag in the playback music with BT speaker Q9.,2022-02-15 04:27:00,NA
683280,"HUAQIN TECHNOLOGY CO., LTD",NA,"Huaqin Technology Co., Ltd",Leo Chiang,[HONOR][HUAQIN][HiggsF][NB5550B][ADL][WIN11][BT] There is a lag in the playback music with BT speaker Q9.,2022-02-15 04:27:00,NA
683280,"HUAQIN TECHNOLOGY CO., LTD",NA,"Huaqin Technology Co., Ltd",Leo Chiang,[HONOR][HUAQIN][HiggsF][NB5550B][ADL][WIN11][BT] There is a lag in the playback music with BT speaker Q9.,2022-02-15 04:27:00,NA
683073,QUANTA COMPUTER INC.,NA,QUANTA COMPUTER INC.,Leo Chiang,"[Honor][Quanta][H9R][GalileoF][AX201][21H2][BT] [#7137] After the test machine is connected to the network shared by the Bluetooth of the auxiliary machine (Android phone or PC), the test machine opens the web page and a BSOD appears",2022-02-14 19:45:00,NA
683073,QUANTA COMPUTER INC.,NA,QUANTA COMPUTER INC.,Leo Chiang,"[Honor][Quanta][H9R][GalileoF][AX201][21H2][BT] [#7137] After the test machine is connected to the network shared by the Bluetooth of the auxiliary machine (Android phone or PC), the test machine opens the web page and a BSOD appears",2022-02-14 19:45:00,NA
683073,QUANTA COMPUTER INC.,NA,QUANTA COMPUTER INC.,Leo Chiang,"[Honor][Quanta][H9R][GalileoF][AX201][21H2][BT] [#7137] After the test machine is connected to the network shared by the Bluetooth of the auxiliary machine (Android phone or PC), the test machine opens the web page and a BSOD appears",2022-02-14 19:45:00,NA
683047,QUANTA COMPUTER INC.,NA,QUANTA COMPUTER INC.,Charles P Chu,"[Huawei][Quanta][H9HD][HookF][AX211][21H2][ICPS][ICPS_SEC_001] The ICPS process will start automatically, and no self-starting action is declared to the user",2022-02-14 18:53:00,NA
683047,QUANTA COMPUTER INC.,NA,QUANTA COMPUTER INC.,Charles P Chu,"[Huawei][Quanta][H9HD][HookF][AX211][21H2][ICPS][ICPS_SEC_001] The ICPS process will start automatically, and no self-starting action is declared to the user",2022-02-14 18:53:00,NA
683047,QUANTA COMPUTER INC.,NA,QUANTA COMPUTER INC.,Charles P Chu,"[Huawei][Quanta][H9HD][HookF][AX211][21H2][ICPS][ICPS_SEC_001] The ICPS process will start automatically, and no self-starting action is declared to the user",2022-02-14 18:53:00,NA
682910,"SHANGHAI WINGTECH ELECTRONICS TECHNOLOGYCO., LTD.",NA,"SHANGHAI WINGTECH ELECTRONICS TECHNOLOGYCO., LTD.",Zhiwei He,"(Copy Of 00668726) [Huawei][Wingtech][Dirac][Intel Tiger Lake UP4][AX201][21H1] [WIFI] Connect WiFi to play video, and the WLAN driver appears  YB",2022-02-14 04:06:00,NA
682910,"SHANGHAI WINGTECH ELECTRONICS TECHNOLOGYCO., LTD.",NA,"SHANGHAI WINGTECH ELECTRONICS TECHNOLOGYCO., LTD.",Zhiwei He,"(Copy Of 00668726) [Huawei][Wingtech][Dirac][Intel Tiger Lake UP4][AX201][21H1] [WIFI] Connect WiFi to play video, and the WLAN driver appears  YB",2022-02-14 04:06:00,NA
682910,"SHANGHAI WINGTECH ELECTRONICS TECHNOLOGYCO., LTD.",NA,"SHANGHAI WINGTECH ELECTRONICS TECHNOLOGYCO., LTD.",Zhiwei He,"(Copy Of 00668726) [Huawei][Wingtech][Dirac][Intel Tiger Lake UP4][AX201][21H1] [WIFI] Connect WiFi to play video, and the WLAN driver appears  YB",2022-02-14 04:06:00,NA
682731,"COMPAL ELECTRONICS, INC.",NA,"COMPAL ELECTRONICS, INC.",Charles Yeh,"[ADL-HX] [Cinnamon Bay] Dell Precision 7670/7770 QS AC-S5 w/ AX211 driver, power consume about 20mW. not 0W",2022-02-13 20:00:00,NA
682731,"COMPAL ELECTRONICS, INC.",NA,"COMPAL ELECTRONICS, INC.",Charles Yeh,"[ADL-HX] [Cinnamon Bay] Dell Precision 7670/7770 QS AC-S5 w/ AX211 driver, power consume about 20mW. not 0W",2022-02-13 20:00:00,NA
682731,"COMPAL ELECTRONICS, INC.",NA,"COMPAL ELECTRONICS, INC.",Charles Yeh,"[ADL-HX] [Cinnamon Bay] Dell Precision 7670/7770 QS AC-S5 w/ AX211 driver, power consume about 20mW. not 0W",2022-02-13 20:00:00,NA
682636,"HUAQIN TECHNOLOGY CO., LTD",NA,"Huaqin Technology Co., Ltd",Leo Chiang,[HONOR][HUAQIN][HiggsF][NB5550B][ADL-P][AX211][WIN11][BT] No sound out put from BT speaker when turn on BT speaker side.,2022-02-12 02:04:00,NA
682636,"HUAQIN TECHNOLOGY CO., LTD",NA,"Huaqin Technology Co., Ltd",Leo Chiang,[HONOR][HUAQIN][HiggsF][NB5550B][ADL-P][AX211][WIN11][BT] No sound out put from BT speaker when turn on BT speaker side.,2022-02-12 02:04:00,NA
682636,"HUAQIN TECHNOLOGY CO., LTD",NA,"Huaqin Technology Co., Ltd",Leo Chiang,[HONOR][HUAQIN][HiggsF][NB5550B][ADL-P][AX211][WIN11][BT] No sound out put from BT speaker when turn on BT speaker side.,2022-02-12 02:04:00,NA
682565,"HUAQIN TECHNOLOGY CO., LTD",NA,"Huaqin Technology Co., Ltd",Zhiwei He,[HUAWEI][HUAQIN][Morgan][NB3757][TGL][AX201][WIFI]The network quality signal is poor when Roam the other AP.,2022-02-11 06:18:00,NA
682565,"HUAQIN TECHNOLOGY CO., LTD",NA,"Huaqin Technology Co., Ltd",Zhiwei He,[HUAWEI][HUAQIN][Morgan][NB3757][TGL][AX201][WIFI]The network quality signal is poor when Roam the other AP.,2022-02-11 06:18:00,NA
682565,"HUAQIN TECHNOLOGY CO., LTD",NA,"Huaqin Technology Co., Ltd",Zhiwei He,[HUAWEI][HUAQIN][Morgan][NB3757][TGL][AX201][WIFI]The network quality signal is poor when Roam the other AP.,2022-02-11 06:18:00,NA
682561,"HUAQIN TECHNOLOGY CO., LTD",NA,"Huaqin Technology Co., Ltd",Zhiwei He,"[HUAWEI][HUAQIN][KelvinF][Intel ADL][Intel AX 201][WIFI]Running Moderm standby stress appear ""Microsoft Wi-Fi Direct Virtual Adapter #2"" yellow bang",2022-02-11 05:55:00,NA
682561,"HUAQIN TECHNOLOGY CO., LTD",NA,"Huaqin Technology Co., Ltd",Zhiwei He,"[HUAWEI][HUAQIN][KelvinF][Intel ADL][Intel AX 201][WIFI]Running Moderm standby stress appear ""Microsoft Wi-Fi Direct Virtual Adapter #2"" yellow bang",2022-02-11 05:55:00,NA
682561,"HUAQIN TECHNOLOGY CO., LTD",NA,"Huaqin Technology Co., Ltd",Zhiwei He,"[HUAWEI][HUAQIN][KelvinF][Intel ADL][Intel AX 201][WIFI]Running Moderm standby stress appear ""Microsoft Wi-Fi Direct Virtual Adapter #2"" yellow bang",2022-02-11 05:55:00,NA
682465,"HUAQIN TECHNOLOGY CO., LTD",NA,"Huaqin Technology Co., Ltd",Leo Chiang,"[HONOR][HUAQIN][HiggsF][NB5550B][ADL-P][AX211][WIN11][BT] No sound out put from BT headset ""???????"".",2022-02-11 00:43:00,NA
682465,"HUAQIN TECHNOLOGY CO., LTD",NA,"Huaqin Technology Co., Ltd",Leo Chiang,"[HONOR][HUAQIN][HiggsF][NB5550B][ADL-P][AX211][WIN11][BT] No sound out put from BT headset ""???????"".",2022-02-11 00:43:00,NA
682465,"HUAQIN TECHNOLOGY CO., LTD",NA,"Huaqin Technology Co., Ltd",Leo Chiang,"[HONOR][HUAQIN][HiggsF][NB5550B][ADL-P][AX211][WIN11][BT] No sound out put from BT headset ""???????"".",2022-02-11 00:43:00,NA
682413,"COMPAL ELECTRONICS, INC.",NA,"COMPAL ELECTRONICS, INC.",Wesley Kuo,"[Lenovo-Ideapad][Compal][S570Pro][ADL-P][Win11] AX201 Intel wireless Bluetooth and USB Composite Device show yellow bang during Cold Boot stress. ( F/R: 1/18 unit, 1/3600 cycle)",2022-02-10 22:59:00,NA
682413,"COMPAL ELECTRONICS, INC.",NA,"COMPAL ELECTRONICS, INC.",Wesley Kuo,"[Lenovo-Ideapad][Compal][S570Pro][ADL-P][Win11] AX201 Intel wireless Bluetooth and USB Composite Device show yellow bang during Cold Boot stress. ( F/R: 1/18 unit, 1/3600 cycle)",2022-02-10 22:59:00,NA
682413,"COMPAL ELECTRONICS, INC.",NA,"COMPAL ELECTRONICS, INC.",Wesley Kuo,"[Lenovo-Ideapad][Compal][S570Pro][ADL-P][Win11] AX201 Intel wireless Bluetooth and USB Composite Device show yellow bang during Cold Boot stress. ( F/R: 1/18 unit, 1/3600 cycle)",2022-02-10 22:59:00,NA
682390,QUANTA COMPUTER INC.,NA,QUANTA COMPUTER INC.,Leo Chiang,"[Honor][Quanta][H9R][GalileoF][AX201][21H2][BT] [#4146] The DUT connect BT headset , login Wechat and talking 10 min , then entry MS and wait 15 min , wake up and check sleepstudy report SW  DRIP = 0%",2022-02-10 21:37:00,NA
682390,QUANTA COMPUTER INC.,NA,QUANTA COMPUTER INC.,Leo Chiang,"[Honor][Quanta][H9R][GalileoF][AX201][21H2][BT] [#4146] The DUT connect BT headset , login Wechat and talking 10 min , then entry MS and wait 15 min , wake up and check sleepstudy report SW  DRIP = 0%",2022-02-10 21:37:00,NA
682390,QUANTA COMPUTER INC.,NA,QUANTA COMPUTER INC.,Leo Chiang,"[Honor][Quanta][H9R][GalileoF][AX201][21H2][BT] [#4146] The DUT connect BT headset , login Wechat and talking 10 min , then entry MS and wait 15 min , wake up and check sleepstudy report SW  DRIP = 0%",2022-02-10 21:37:00,NA
682311,QUANTA COMPUTER INC.,NA,QUANTA COMPUTER INC.,Charles P Chu,"[Huawei][Quanta][H99E][NobelF][AX201][21H2][BT] [AX201][805377387] NobelF cannot scan any WIFI hotspots, the WIFI switch cannot be turned off by manually clicking on the lower right corner, and restarting the PC cannot be restored F/R:100%",2022-02-10 16:54:00,NA
682311,QUANTA COMPUTER INC.,NA,QUANTA COMPUTER INC.,Charles P Chu,"[Huawei][Quanta][H99E][NobelF][AX201][21H2][BT] [AX201][805377387] NobelF cannot scan any WIFI hotspots, the WIFI switch cannot be turned off by manually clicking on the lower right corner, and restarting the PC cannot be restored F/R:100%",2022-02-10 16:54:00,NA
682311,QUANTA COMPUTER INC.,NA,QUANTA COMPUTER INC.,Charles P Chu,"[Huawei][Quanta][H99E][NobelF][AX201][21H2][BT] [AX201][805377387] NobelF cannot scan any WIFI hotspots, the WIFI switch cannot be turned off by manually clicking on the lower right corner, and restarting the PC cannot be restored F/R:100%",2022-02-10 16:54:00,NA
682306,QUANTA COMPUTER INC.,NA,QUANTA COMPUTER INC.,Wesley Kuo,"[Huawei][Quanta][H9R][RolleF][AX201][21H2][WLAN] [BUG-20220208-43478]Use STEPV3_20220105_BETA to run Stress_Benchmark_01300, playback 1080P video occurs BSOD 9F , F/R:2/17unit",2022-02-10 16:29:00,NA
682306,QUANTA COMPUTER INC.,NA,QUANTA COMPUTER INC.,Wesley Kuo,"[Huawei][Quanta][H9R][RolleF][AX201][21H2][WLAN] [BUG-20220208-43478]Use STEPV3_20220105_BETA to run Stress_Benchmark_01300, playback 1080P video occurs BSOD 9F , F/R:2/17unit",2022-02-10 16:29:00,NA
682306,QUANTA COMPUTER INC.,NA,QUANTA COMPUTER INC.,Wesley Kuo,"[Huawei][Quanta][H9R][RolleF][AX201][21H2][WLAN] [BUG-20220208-43478]Use STEPV3_20220105_BETA to run Stress_Benchmark_01300, playback 1080P video occurs BSOD 9F , F/R:2/17unit",2022-02-10 16:29:00,NA
682122,"HUAQIN TECHNOLOGY CO., LTD",NA,"Huaqin Technology Co., Ltd",Zhiwei He,[HUAWEI][HUAQIN][KelvinF][Intel ADL][Intel AX 201][WIFI][Win11]DUT BSOD 0x14F occurred during running S3 stress.,2022-02-10 00:11:00,NA
682122,"HUAQIN TECHNOLOGY CO., LTD",NA,"Huaqin Technology Co., Ltd",Zhiwei He,[HUAWEI][HUAQIN][KelvinF][Intel ADL][Intel AX 201][WIFI][Win11]DUT BSOD 0x14F occurred during running S3 stress.,2022-02-10 00:11:00,NA
682122,"HUAQIN TECHNOLOGY CO., LTD",NA,"Huaqin Technology Co., Ltd",Zhiwei He,[HUAWEI][HUAQIN][KelvinF][Intel ADL][Intel AX 201][WIFI][Win11]DUT BSOD 0x14F occurred during running S3 stress.,2022-02-10 00:11:00,NA
681951,QUANTA COMPUTER INC.,NA,QUANTA COMPUTER INC.,Wesley Kuo,"[Huawei][Quanta][H9HD][HookF][AX211][21H2][BT][BUG-20220210-43551] Use HUA Step tool_20211118 run S5 , sometime device manager Intel BT show Yellow ban F/R: F/R 2/20 units?2/9297 cycles DPPM:215",2022-02-09 17:41:00,NA
681951,QUANTA COMPUTER INC.,NA,QUANTA COMPUTER INC.,Wesley Kuo,"[Huawei][Quanta][H9HD][HookF][AX211][21H2][BT][BUG-20220210-43551] Use HUA Step tool_20211118 run S5 , sometime device manager Intel BT show Yellow ban F/R: F/R 2/20 units?2/9297 cycles DPPM:215",2022-02-09 17:41:00,NA
681951,QUANTA COMPUTER INC.,NA,QUANTA COMPUTER INC.,Wesley Kuo,"[Huawei][Quanta][H9HD][HookF][AX211][21H2][BT][BUG-20220210-43551] Use HUA Step tool_20211118 run S5 , sometime device manager Intel BT show Yellow ban F/R: F/R 2/20 units?2/9297 cycles DPPM:215",2022-02-09 17:41:00,NA
681655,"HUAQIN TECHNOLOGY CO., LTD",NA,"Huaqin Technology Co., Ltd",Leo Chiang,"[HONOR][HUAQIN][HiggsF][NB5550B][ADL][AX211][WIN11][BT] The Bluetooth device will be auto change to ""Paired"".",2022-02-08 19:36:00,NA
681655,"HUAQIN TECHNOLOGY CO., LTD",NA,"Huaqin Technology Co., Ltd",Leo Chiang,"[HONOR][HUAQIN][HiggsF][NB5550B][ADL][AX211][WIN11][BT] The Bluetooth device will be auto change to ""Paired"".",2022-02-08 19:36:00,NA
681655,"HUAQIN TECHNOLOGY CO., LTD",NA,"Huaqin Technology Co., Ltd",Leo Chiang,"[HONOR][HUAQIN][HiggsF][NB5550B][ADL][AX211][WIN11][BT] The Bluetooth device will be auto change to ""Paired"".",2022-02-08 19:36:00,NA
681532,"HUAQIN TECHNOLOGY CO., LTD",NA,"Huaqin Technology Co., Ltd",Leo Chiang,"[HONOR][HUAQIN][HiggsF][NB5550B][ADL-P][AX211][WIN11][BT] Turn off and then turn on from BT haedset side, Wait for about a minute from connect to change Connected voice, music. (FR:100%)",2022-02-08 05:17:00,NA
681532,"HUAQIN TECHNOLOGY CO., LTD",NA,"Huaqin Technology Co., Ltd",Leo Chiang,"[HONOR][HUAQIN][HiggsF][NB5550B][ADL-P][AX211][WIN11][BT] Turn off and then turn on from BT haedset side, Wait for about a minute from connect to change Connected voice, music. (FR:100%)",2022-02-08 05:17:00,NA
681532,"HUAQIN TECHNOLOGY CO., LTD",NA,"Huaqin Technology Co., Ltd",Leo Chiang,"[HONOR][HUAQIN][HiggsF][NB5550B][ADL-P][AX211][WIN11][BT] Turn off and then turn on from BT haedset side, Wait for about a minute from connect to change Connected voice, music. (FR:100%)",2022-02-08 05:17:00,NA
681397,"HUAQIN TECHNOLOGY CO., LTD",NA,"Huaqin Technology Co., Ltd",Leo Chiang,"[HONOR][HUAQIN][HiggsF][NB5550B][ADL-P][AX211][WIN11][BT] Turn off and then turn on from BT haedset side, it will only show connected voice.(FR:5/10)",2022-02-07 23:20:00,NA
681397,"HUAQIN TECHNOLOGY CO., LTD",NA,"Huaqin Technology Co., Ltd",Leo Chiang,"[HONOR][HUAQIN][HiggsF][NB5550B][ADL-P][AX211][WIN11][BT] Turn off and then turn on from BT haedset side, it will only show connected voice.(FR:5/10)",2022-02-07 23:20:00,NA
681397,"HUAQIN TECHNOLOGY CO., LTD",NA,"Huaqin Technology Co., Ltd",Leo Chiang,"[HONOR][HUAQIN][HiggsF][NB5550B][ADL-P][AX211][WIN11][BT] Turn off and then turn on from BT haedset side, it will only show connected voice.(FR:5/10)",2022-02-07 23:20:00,NA
681325,MSI,"MICRO-STAR INTERNATIONAL CO., LTD.","MICRO-STAR INTERNATIONAL CO., LTD.",Brandon Yang,DP/HDMI Audio has no function with Audio driver Audio_9205_PG477,2022-02-07 19:11:00,NA
681142,WISTRON CORPORATION,NA,WISTRON CORPORATION,Charles Yeh,[Dell][AntMan ADL] System crash and BSOD dump created when S4 stress,2022-02-07 04:54:00,NA
681142,WISTRON CORPORATION,NA,WISTRON CORPORATION,Charles Yeh,[Dell][AntMan ADL] System crash and BSOD dump created when S4 stress,2022-02-07 04:54:00,NA
681142,WISTRON CORPORATION,NA,WISTRON CORPORATION,Charles Yeh,[Dell][AntMan ADL] System crash and BSOD dump created when S4 stress,2022-02-07 04:54:00,NA
681056,"HUAQIN TECHNOLOGY CO., LTD",NA,"Huaqin Technology Co., Ltd",Leo Chiang,"[HONOR][HUAQIN][HiggsF][NB5550B][ADL][AX211][WIN11][BT] The Bluetooth device will be auto change from ""Connected voice, music"" to ""Paired"".",2022-02-07 00:29:00,NA
681056,"HUAQIN TECHNOLOGY CO., LTD",NA,"Huaqin Technology Co., Ltd",Leo Chiang,"[HONOR][HUAQIN][HiggsF][NB5550B][ADL][AX211][WIN11][BT] The Bluetooth device will be auto change from ""Connected voice, music"" to ""Paired"".",2022-02-07 00:29:00,NA
681056,"HUAQIN TECHNOLOGY CO., LTD",NA,"Huaqin Technology Co., Ltd",Leo Chiang,"[HONOR][HUAQIN][HiggsF][NB5550B][ADL][AX211][WIN11][BT] The Bluetooth device will be auto change from ""Connected voice, music"" to ""Paired"".",2022-02-07 00:29:00,NA
680964,"HUAQIN TECHNOLOGY CO., LTD",NA,"Huaqin Technology Co., Ltd",Leo Chiang,"[HONOR][HUAQIN][HiggsF][NB5550B][ADL][AX211][WIN11][BT] The system automatically displays the information ""Hands-Free"" when connect two bluetooth headset.",2022-02-06 18:31:00,NA
680964,"HUAQIN TECHNOLOGY CO., LTD",NA,"Huaqin Technology Co., Ltd",Leo Chiang,"[HONOR][HUAQIN][HiggsF][NB5550B][ADL][AX211][WIN11][BT] The system automatically displays the information ""Hands-Free"" when connect two bluetooth headset.",2022-02-06 18:31:00,NA
680964,"HUAQIN TECHNOLOGY CO., LTD",NA,"Huaqin Technology Co., Ltd",Leo Chiang,"[HONOR][HUAQIN][HiggsF][NB5550B][ADL][AX211][WIN11][BT] The system automatically displays the information ""Hands-Free"" when connect two bluetooth headset.",2022-02-06 18:31:00,NA
680959,MSI,"MICRO-STAR INTERNATIONAL CO., LTD.","MICRO-STAR INTERNATIONAL CO., LTD.",Brandon Yang,ADL-P L0  S4/S5 Will black screen,2022-02-06 18:21:00,NA
680945,QUANTA COMPUTER INC.,NA,QUANTA COMPUTER INC.,Leo Chiang,"[Honor][Quanta][H9R][GalileoF][AX201][21H2][BT] [#6518] Connect the Motorola v400 headset, when the headset is closed, the Test PC will display ""Connected"" when it is connected back, and it will continue to display ""Connected Voice"" after a minute",2022-02-06 17:44:00,NA
680945,QUANTA COMPUTER INC.,NA,QUANTA COMPUTER INC.,Leo Chiang,"[Honor][Quanta][H9R][GalileoF][AX201][21H2][BT] [#6518] Connect the Motorola v400 headset, when the headset is closed, the Test PC will display ""Connected"" when it is connected back, and it will continue to display ""Connected Voice"" after a minute",2022-02-06 17:44:00,NA
680945,QUANTA COMPUTER INC.,NA,QUANTA COMPUTER INC.,Leo Chiang,"[Honor][Quanta][H9R][GalileoF][AX201][21H2][BT] [#6518] Connect the Motorola v400 headset, when the headset is closed, the Test PC will display ""Connected"" when it is connected back, and it will continue to display ""Connected Voice"" after a minute",2022-02-06 17:44:00,NA
680943,QUANTA COMPUTER INC.,NA,QUANTA COMPUTER INC.,Leo Chiang,"[Honor][Quanta][H9R][GalileoF][AX201][21H2][BT] [#6516] Connecting the JBL-T280TWS earphones, after the earphones are closed, they cannot be connected when they are taken out. Phenomenon: the tester displays ""connected"" when reconnecting, then quickly cha",2022-02-06 17:37:00,NA
680943,QUANTA COMPUTER INC.,NA,QUANTA COMPUTER INC.,Leo Chiang,"[Honor][Quanta][H9R][GalileoF][AX201][21H2][BT] [#6516] Connecting the JBL-T280TWS earphones, after the earphones are closed, they cannot be connected when they are taken out. Phenomenon: the tester displays ""connected"" when reconnecting, then quickly cha",2022-02-06 17:37:00,NA
680943,QUANTA COMPUTER INC.,NA,QUANTA COMPUTER INC.,Leo Chiang,"[Honor][Quanta][H9R][GalileoF][AX201][21H2][BT] [#6516] Connecting the JBL-T280TWS earphones, after the earphones are closed, they cannot be connected when they are taken out. Phenomenon: the tester displays ""connected"" when reconnecting, then quickly cha",2022-02-06 17:37:00,NA
679902,QUANTA COMPUTER INC.,NA,QUANTA COMPUTER INC.,Leo Chiang,"[Huawei][Quanta][H9R&H9U][RolleF&CurieF][AX201][21H2][BT] [BUG-20220126-43016]The PC is connected to 2.4gWIFI, playing local music, and after searching and connecting the Bluetooth headset, the sound is still on the test machine, and the problem time appe",2022-01-28 01:30:00,NA
679902,QUANTA COMPUTER INC.,NA,QUANTA COMPUTER INC.,Leo Chiang,"[Huawei][Quanta][H9R&H9U][RolleF&CurieF][AX201][21H2][BT] [BUG-20220126-43016]The PC is connected to 2.4gWIFI, playing local music, and after searching and connecting the Bluetooth headset, the sound is still on the test machine, and the problem time appe",2022-01-28 01:30:00,NA
679902,QUANTA COMPUTER INC.,NA,QUANTA COMPUTER INC.,Leo Chiang,"[Huawei][Quanta][H9R&H9U][RolleF&CurieF][AX201][21H2][BT] [BUG-20220126-43016]The PC is connected to 2.4gWIFI, playing local music, and after searching and connecting the Bluetooth headset, the sound is still on the test machine, and the problem time appe",2022-01-28 01:30:00,NA
679898,QUANTA COMPUTER INC.,NA,QUANTA COMPUTER INC.,Leo Chiang,"[Huawei][Quanta][H9R&H9U][RolleF&CurieF][AX201][21H2][BT] [BUG-20220126-43017]The PC is connected to 2.4gWIFI, plays local music, and after searching and connecting the Bluetooth headset, the sound is not transmitted from the Bluetooth headset, nor is it",2022-01-28 01:09:00,NA
679898,QUANTA COMPUTER INC.,NA,QUANTA COMPUTER INC.,Leo Chiang,"[Huawei][Quanta][H9R&H9U][RolleF&CurieF][AX201][21H2][BT] [BUG-20220126-43017]The PC is connected to 2.4gWIFI, plays local music, and after searching and connecting the Bluetooth headset, the sound is not transmitted from the Bluetooth headset, nor is it",2022-01-28 01:09:00,NA
679898,QUANTA COMPUTER INC.,NA,QUANTA COMPUTER INC.,Leo Chiang,"[Huawei][Quanta][H9R&H9U][RolleF&CurieF][AX201][21H2][BT] [BUG-20220126-43017]The PC is connected to 2.4gWIFI, plays local music, and after searching and connecting the Bluetooth headset, the sound is not transmitted from the Bluetooth headset, nor is it",2022-01-28 01:09:00,NA
679733,QUANTA COMPUTER INC.,NA,QUANTA COMPUTER INC.,Leo Chiang,"[Huawei][Quanta][H9R&H9U][RolleF&CurieF][AX201][21H2][BT] [BUG-20220127-43078]The DUT Bluetooth search to connect Huawei AF30 mouse, Do not delete mouse pairing connection, Let the mouse into search mode again. Pair the connection again and use, When pair",2022-01-27 17:04:00,NA
679733,QUANTA COMPUTER INC.,NA,QUANTA COMPUTER INC.,Leo Chiang,"[Huawei][Quanta][H9R&H9U][RolleF&CurieF][AX201][21H2][BT] [BUG-20220127-43078]The DUT Bluetooth search to connect Huawei AF30 mouse, Do not delete mouse pairing connection, Let the mouse into search mode again. Pair the connection again and use, When pair",2022-01-27 17:04:00,NA
679733,QUANTA COMPUTER INC.,NA,QUANTA COMPUTER INC.,Leo Chiang,"[Huawei][Quanta][H9R&H9U][RolleF&CurieF][AX201][21H2][BT] [BUG-20220127-43078]The DUT Bluetooth search to connect Huawei AF30 mouse, Do not delete mouse pairing connection, Let the mouse into search mode again. Pair the connection again and use, When pair",2022-01-27 17:04:00,NA
679356,"HUAQIN TECHNOLOGY CO., LTD",NA,"Huaqin Technology Co., Ltd",Wesley Kuo,[HUAWEI][HUAQIN][KelvinF][Intel ADL][Intel AX 201][BT][Win11]The BT headset sound is intermittent after connecting to DUT then playing music.,2022-01-26 17:55:00,NA
679356,"HUAQIN TECHNOLOGY CO., LTD",NA,"Huaqin Technology Co., Ltd",Wesley Kuo,[HUAWEI][HUAQIN][KelvinF][Intel ADL][Intel AX 201][BT][Win11]The BT headset sound is intermittent after connecting to DUT then playing music.,2022-01-26 17:55:00,NA
679356,"HUAQIN TECHNOLOGY CO., LTD",NA,"Huaqin Technology Co., Ltd",Wesley Kuo,[HUAWEI][HUAQIN][KelvinF][Intel ADL][Intel AX 201][BT][Win11]The BT headset sound is intermittent after connecting to DUT then playing music.,2022-01-26 17:55:00,NA
679247,"HUAQIN TECHNOLOGY CO., LTD",NA,"Huaqin Technology Co., Ltd",Wesley Kuo,[HUAWEI][HUAQIN][KelvinF][Intel ADL][Intel AX 201][BT][Win11]A fatal error occurred during file transfer from Phone to DUT.,2022-01-26 05:11:00,NA
679247,"HUAQIN TECHNOLOGY CO., LTD",NA,"Huaqin Technology Co., Ltd",Wesley Kuo,[HUAWEI][HUAQIN][KelvinF][Intel ADL][Intel AX 201][BT][Win11]A fatal error occurred during file transfer from Phone to DUT.,2022-01-26 05:11:00,NA
679247,"HUAQIN TECHNOLOGY CO., LTD",NA,"Huaqin Technology Co., Ltd",Wesley Kuo,[HUAWEI][HUAQIN][KelvinF][Intel ADL][Intel AX 201][BT][Win11]A fatal error occurred during file transfer from Phone to DUT.,2022-01-26 05:11:00,NA
679124,NEC,NA,"NEC PERSONAL COMPUTERS,LTD.",Brenton Wu,Unexpected system shutdown occurred during OS/BIOS reset.,2022-01-26 00:40:00,NA
679124,NEC,NA,"NEC PERSONAL COMPUTERS,LTD.",Brenton Wu,Unexpected system shutdown occurred during OS/BIOS reset.,2022-01-26 00:40:00,NA
679124,NEC,NA,"NEC PERSONAL COMPUTERS,LTD.",Brenton Wu,Unexpected system shutdown occurred during OS/BIOS reset.,2022-01-26 00:40:00,NA
679099,QUANTA COMPUTER INC.,NA,QUANTA COMPUTER INC.,Charles P Chu,[Huawei][Quanta][H9HD][HookF][AX211][21H2][ICPS][ICPS_012] connected hotspots do not show up in ICPS authorized networks,2022-01-25 23:48:00,NA
679099,QUANTA COMPUTER INC.,NA,QUANTA COMPUTER INC.,Charles P Chu,[Huawei][Quanta][H9HD][HookF][AX211][21H2][ICPS][ICPS_012] connected hotspots do not show up in ICPS authorized networks,2022-01-25 23:48:00,NA
679099,QUANTA COMPUTER INC.,NA,QUANTA COMPUTER INC.,Charles P Chu,[Huawei][Quanta][H9HD][HookF][AX211][21H2][ICPS][ICPS_012] connected hotspots do not show up in ICPS authorized networks,2022-01-25 23:48:00,NA
679034,"HUAQIN TECHNOLOGY CO., LTD",NA,"Huaqin Technology Co., Ltd",Wesley Kuo,[HUAWEI][HUAQIN][EmmyF][Intel ADL][Intel AX 201][BT][Win11]BSOD 0x9f occurred during running benchmark(Play 1080P vedio).,2022-01-25 19:34:00,NA
679034,"HUAQIN TECHNOLOGY CO., LTD",NA,"Huaqin Technology Co., Ltd",Wesley Kuo,[HUAWEI][HUAQIN][EmmyF][Intel ADL][Intel AX 201][BT][Win11]BSOD 0x9f occurred during running benchmark(Play 1080P vedio).,2022-01-25 19:34:00,NA
679034,"HUAQIN TECHNOLOGY CO., LTD",NA,"Huaqin Technology Co., Ltd",Wesley Kuo,[HUAWEI][HUAQIN][EmmyF][Intel ADL][Intel AX 201][BT][Win11]BSOD 0x9f occurred during running benchmark(Play 1080P vedio).,2022-01-25 19:34:00,NA
678826,CLEVO,CLEVO CO.,CLEVO CO.,Brandon Yang,[ADL-P-CLEVO-X270PTA-Jimmy] AUO miniLED 360Hz panel may have no display when VGA driver is installed.,2022-01-25 03:00:00,NA
678704,ASROCK,ASROCK INC.,ASROCK INC.,Brandon Yang,[Asrock][ADL-S]The monitors cannot be displayed after use USB mouse wake up from S3,2022-01-24 23:01:00,NA
678586,MSI,"MICRO-STAR INTERNATIONAL CO., LTD.","MICRO-STAR INTERNATIONAL CO., LTD.",Brandon Yang,[MSI][ADL]Intel Integrated DisplayPort + IIYAMA ProLite XU2293HS Monitor = Black Screen,2022-01-24 17:35:00,NA
678478,"SHENZHEN BITLAND INFORMATION TECHNOLOGYCO., LTD.",NA,"SHENZHEN BITLAND INFORMATION TECHNOLOGYCO., LTD.",Brenton Wu,"[XiaoMi][Bitland][A11][ADL-P][Win11][100%]During the miracast ( PC to PC via AP), the screen garbage and horizontal stripes can be observed on the PCwhich is projected.",2022-01-24 03:26:00,NA
678478,"SHENZHEN BITLAND INFORMATION TECHNOLOGYCO., LTD.",NA,"SHENZHEN BITLAND INFORMATION TECHNOLOGYCO., LTD.",Brenton Wu,"[XiaoMi][Bitland][A11][ADL-P][Win11][100%]During the miracast ( PC to PC via AP), the screen garbage and horizontal stripes can be observed on the PCwhich is projected.",2022-01-24 03:26:00,NA
678478,"SHENZHEN BITLAND INFORMATION TECHNOLOGYCO., LTD.",NA,"SHENZHEN BITLAND INFORMATION TECHNOLOGYCO., LTD.",Brenton Wu,"[XiaoMi][Bitland][A11][ADL-P][Win11][100%]During the miracast ( PC to PC via AP), the screen garbage and horizontal stripes can be observed on the PCwhich is projected.",2022-01-24 03:26:00,NA
678277,"SHANGHAI WINGTECH ELECTRONICS TECHNOLOGYCO., LTD.",NA,"SHANGHAI WINGTECH ELECTRONICS TECHNOLOGYCO., LTD.",Wesley Kuo,[Huawei][Wingtech][Dirac][Intel Tiger Lake UP4][AX201][21H1] [BT]The BSOD(0x9f) appears after a repeated restart,2022-01-23 19:15:00,NA
678277,"SHANGHAI WINGTECH ELECTRONICS TECHNOLOGYCO., LTD.",NA,"SHANGHAI WINGTECH ELECTRONICS TECHNOLOGYCO., LTD.",Wesley Kuo,[Huawei][Wingtech][Dirac][Intel Tiger Lake UP4][AX201][21H1] [BT]The BSOD(0x9f) appears after a repeated restart,2022-01-23 19:15:00,NA
678277,"SHANGHAI WINGTECH ELECTRONICS TECHNOLOGYCO., LTD.",NA,"SHANGHAI WINGTECH ELECTRONICS TECHNOLOGYCO., LTD.",Wesley Kuo,[Huawei][Wingtech][Dirac][Intel Tiger Lake UP4][AX201][21H1] [BT]The BSOD(0x9f) appears after a repeated restart,2022-01-23 19:15:00,NA
678151,"SHENZHEN BITLAND INFORMATION TECHNOLOGYCO., LTD.",NA,"SHENZHEN BITLAND INFORMATION TECHNOLOGYCO., LTD.",Wesley Kuo,[Unis][Bitland][Tianjian-Lake][Comet-Lake/Rocket-Lake][21H2][2/2units]Intel Bluetooth device will show yellow markLog after WHLK test.,2022-01-22 02:04:00,NA
678151,"SHENZHEN BITLAND INFORMATION TECHNOLOGYCO., LTD.",NA,"SHENZHEN BITLAND INFORMATION TECHNOLOGYCO., LTD.",Wesley Kuo,[Unis][Bitland][Tianjian-Lake][Comet-Lake/Rocket-Lake][21H2][2/2units]Intel Bluetooth device will show yellow markLog after WHLK test.,2022-01-22 02:04:00,NA
678151,"SHENZHEN BITLAND INFORMATION TECHNOLOGYCO., LTD.",NA,"SHENZHEN BITLAND INFORMATION TECHNOLOGYCO., LTD.",Wesley Kuo,[Unis][Bitland][Tianjian-Lake][Comet-Lake/Rocket-Lake][21H2][2/2units]Intel Bluetooth device will show yellow markLog after WHLK test.,2022-01-22 02:04:00,NA
678103,"HUAQIN TECHNOLOGY CO., LTD",NA,"Huaqin Technology Co., Ltd",Wesley Kuo,[HUAWEI][HUAQIN][MorganF][Intel ADL][Intel AX 211][BT][Win11]No sound output from BT headset after coneecting to DUT successfully via BT then playing music.,2022-01-21 19:44:00,NA
678103,"HUAQIN TECHNOLOGY CO., LTD",NA,"Huaqin Technology Co., Ltd",Wesley Kuo,[HUAWEI][HUAQIN][MorganF][Intel ADL][Intel AX 211][BT][Win11]No sound output from BT headset after coneecting to DUT successfully via BT then playing music.,2022-01-21 19:44:00,NA
678103,"HUAQIN TECHNOLOGY CO., LTD",NA,"Huaqin Technology Co., Ltd",Wesley Kuo,[HUAWEI][HUAQIN][MorganF][Intel ADL][Intel AX 211][BT][Win11]No sound output from BT headset after coneecting to DUT successfully via BT then playing music.,2022-01-21 19:44:00,NA
678076,QUANTA COMPUTER INC.,NA,QUANTA COMPUTER INC.,Charles P Chu,"[Huawei][Quanta][H99E][NobelF][AX201][21H2][WLAN] [AX201][BUG-20220121-42368] The DUT is connected to 5G weak signal, and  run the step tool repeatedly to automatically reconnect but sometimes fail to automatically reconnect",2022-01-21 17:00:00,NA
678076,QUANTA COMPUTER INC.,NA,QUANTA COMPUTER INC.,Charles P Chu,"[Huawei][Quanta][H99E][NobelF][AX201][21H2][WLAN] [AX201][BUG-20220121-42368] The DUT is connected to 5G weak signal, and  run the step tool repeatedly to automatically reconnect but sometimes fail to automatically reconnect",2022-01-21 17:00:00,NA
678076,QUANTA COMPUTER INC.,NA,QUANTA COMPUTER INC.,Charles P Chu,"[Huawei][Quanta][H99E][NobelF][AX201][21H2][WLAN] [AX201][BUG-20220121-42368] The DUT is connected to 5G weak signal, and  run the step tool repeatedly to automatically reconnect but sometimes fail to automatically reconnect",2022-01-21 17:00:00,NA
678075,QUANTA COMPUTER INC.,NA,QUANTA COMPUTER INC.,Charles P Chu,[Huawei][Quanta][H99E][NobelF][AX201][21H2][WLAN] [AX201][BUG-20220121-42367] The test machine is connected to 5G weak signal WIFI without checking the automatic reconnection to play online video and disconnected,2022-01-21 16:43:00,NA
678075,QUANTA COMPUTER INC.,NA,QUANTA COMPUTER INC.,Charles P Chu,[Huawei][Quanta][H99E][NobelF][AX201][21H2][WLAN] [AX201][BUG-20220121-42367] The test machine is connected to 5G weak signal WIFI without checking the automatic reconnection to play online video and disconnected,2022-01-21 16:43:00,NA
678075,QUANTA COMPUTER INC.,NA,QUANTA COMPUTER INC.,Charles P Chu,[Huawei][Quanta][H99E][NobelF][AX201][21H2][WLAN] [AX201][BUG-20220121-42367] The test machine is connected to 5G weak signal WIFI without checking the automatic reconnection to play online video and disconnected,2022-01-21 16:43:00,NA
677911,WISTRON CORPORATION,NA,WISTRON CORPORATION,Zhiqiang Cai,[Lenovo-Ideapad][Wistron][ThinkBook 13s Gen4 ARB][ARB][IntelAX210] WiFi conductive throughput test fail on 802.11ax_80M,2022-01-21 02:04:00,NA
677911,WISTRON CORPORATION,NA,WISTRON CORPORATION,Zhiqiang Cai,[Lenovo-Ideapad][Wistron][ThinkBook 13s Gen4 ARB][ARB][IntelAX210] WiFi conductive throughput test fail on 802.11ax_80M,2022-01-21 02:04:00,NA
677911,WISTRON CORPORATION,NA,WISTRON CORPORATION,Zhiqiang Cai,[Lenovo-Ideapad][Wistron][ThinkBook 13s Gen4 ARB][ARB][IntelAX210] WiFi conductive throughput test fail on 802.11ax_80M,2022-01-21 02:04:00,NA
677837,"SHANGHAI WINGTECH ELECTRONICS TECHNOLOGYCO., LTD.",NA,"SHANGHAI WINGTECH ELECTRONICS TECHNOLOGYCO., LTD.",Wesley Kuo,"[Lenovo][Wingtech][D570][ADL-P][Win11] Intel AX211 Bluetooth,  it takes more than 30 seconds to convert the sound from the speaker to the Bluetooth headset after the Bluetooth headset is connected.",2022-01-21 00:27:00,NA
677837,"SHANGHAI WINGTECH ELECTRONICS TECHNOLOGYCO., LTD.",NA,"SHANGHAI WINGTECH ELECTRONICS TECHNOLOGYCO., LTD.",Wesley Kuo,"[Lenovo][Wingtech][D570][ADL-P][Win11] Intel AX211 Bluetooth,  it takes more than 30 seconds to convert the sound from the speaker to the Bluetooth headset after the Bluetooth headset is connected.",2022-01-21 00:27:00,NA
677837,"SHANGHAI WINGTECH ELECTRONICS TECHNOLOGYCO., LTD.",NA,"SHANGHAI WINGTECH ELECTRONICS TECHNOLOGYCO., LTD.",Wesley Kuo,"[Lenovo][Wingtech][D570][ADL-P][Win11] Intel AX211 Bluetooth,  it takes more than 30 seconds to convert the sound from the speaker to the Bluetooth headset after the Bluetooth headset is connected.",2022-01-21 00:27:00,NA
677769,"HUAQIN TECHNOLOGY CO., LTD",NA,"Huaqin Technology Co., Ltd",Wesley Kuo,[HUAWEI][HUAQIN][MorganF][Intel ADL][Intel AX 211][BT][Win11]It shows double name in DUT Bluetooth&Devices UI after connecting to remote unit successfully.,2022-01-20 22:47:00,NA
677769,"HUAQIN TECHNOLOGY CO., LTD",NA,"Huaqin Technology Co., Ltd",Wesley Kuo,[HUAWEI][HUAQIN][MorganF][Intel ADL][Intel AX 211][BT][Win11]It shows double name in DUT Bluetooth&Devices UI after connecting to remote unit successfully.,2022-01-20 22:47:00,NA
677769,"HUAQIN TECHNOLOGY CO., LTD",NA,"Huaqin Technology Co., Ltd",Wesley Kuo,[HUAWEI][HUAQIN][MorganF][Intel ADL][Intel AX 211][BT][Win11]It shows double name in DUT Bluetooth&Devices UI after connecting to remote unit successfully.,2022-01-20 22:47:00,NA
677734,QUANTA COMPUTER INC.,NA,QUANTA COMPUTER INC.,Zhiwei He,"[Huawei][Quanta][H99E][NobelF][AX201][21H2][WLAN] [AX201][BUG-20220120-42249]When the test machine and the auxiliary machine perform wireless screen projection and play local video for a long time, the local video will be disconnected",2022-01-20 21:42:00,NA
677734,QUANTA COMPUTER INC.,NA,QUANTA COMPUTER INC.,Zhiwei He,"[Huawei][Quanta][H99E][NobelF][AX201][21H2][WLAN] [AX201][BUG-20220120-42249]When the test machine and the auxiliary machine perform wireless screen projection and play local video for a long time, the local video will be disconnected",2022-01-20 21:42:00,NA
677734,QUANTA COMPUTER INC.,NA,QUANTA COMPUTER INC.,Zhiwei He,"[Huawei][Quanta][H99E][NobelF][AX201][21H2][WLAN] [AX201][BUG-20220120-42249]When the test machine and the auxiliary machine perform wireless screen projection and play local video for a long time, the local video will be disconnected",2022-01-20 21:42:00,NA
677702,QUANTA COMPUTER INC.,NA,QUANTA COMPUTER INC.,Charles P Chu,[Huawei][Quanta][H9HD][HookF][AX211][21H2][ICPS][ICPS_009] The network automatically reconnects after deleting the configuration file,2022-01-20 20:46:00,NA
677702,QUANTA COMPUTER INC.,NA,QUANTA COMPUTER INC.,Charles P Chu,[Huawei][Quanta][H9HD][HookF][AX211][21H2][ICPS][ICPS_009] The network automatically reconnects after deleting the configuration file,2022-01-20 20:46:00,NA
677702,QUANTA COMPUTER INC.,NA,QUANTA COMPUTER INC.,Charles P Chu,[Huawei][Quanta][H9HD][HookF][AX211][21H2][ICPS][ICPS_009] The network automatically reconnects after deleting the configuration file,2022-01-20 20:46:00,NA
677262,QUANTA COMPUTER INC.,NA,QUANTA COMPUTER INC.,Leo Chiang,"[Huawei][Quanta][H98V][BohrE_Intel][AX201][20H2][BT][805350879]When BT is connected to PC Set Connection Encryption, the BT Host on the PC has received HCI_Encryption_Change and show success, but the connection is still interrupted due to ""Connection Reje",2022-01-19 21:59:00,NA
677262,QUANTA COMPUTER INC.,NA,QUANTA COMPUTER INC.,Leo Chiang,"[Huawei][Quanta][H98V][BohrE_Intel][AX201][20H2][BT][805350879]When BT is connected to PC Set Connection Encryption, the BT Host on the PC has received HCI_Encryption_Change and show success, but the connection is still interrupted due to ""Connection Reje",2022-01-19 21:59:00,NA
677262,QUANTA COMPUTER INC.,NA,QUANTA COMPUTER INC.,Leo Chiang,"[Huawei][Quanta][H98V][BohrE_Intel][AX201][20H2][BT][805350879]When BT is connected to PC Set Connection Encryption, the BT Host on the PC has received HCI_Encryption_Change and show success, but the connection is still interrupted due to ""Connection Reje",2022-01-19 21:59:00,NA
677210,"COMPAL ELECTRONICS, INC.",NA,"COMPAL ELECTRONICS, INC.",Frank Lee,<acer><Ganymede_ADU(HH5A4))_DVT><WIFI Function Test>The	 unit connect to the network is instablly_bug202992,2022-01-19 19:06:00,NA
677210,"COMPAL ELECTRONICS, INC.",NA,"COMPAL ELECTRONICS, INC.",Frank Lee,<acer><Ganymede_ADU(HH5A4))_DVT><WIFI Function Test>The	 unit connect to the network is instablly_bug202992,2022-01-19 19:06:00,NA
677210,"COMPAL ELECTRONICS, INC.",NA,"COMPAL ELECTRONICS, INC.",Frank Lee,<acer><Ganymede_ADU(HH5A4))_DVT><WIFI Function Test>The	 unit connect to the network is instablly_bug202992,2022-01-19 19:06:00,NA
677176,QUANTA COMPUTER INC.,NA,QUANTA COMPUTER INC.,Charles P Chu,"[Huawei][Quanta][H9HD][HookF][AX211][21H2][WLAN][BUG-20220118-42057] The PC and mobile phone are connected to the same 2.4G WIFI, the PC uses Huawei to share, drag and drop 1G files to the mobile phone, and transfer, the transfer rate is less than 55MB/s",2022-01-19 18:11:00,NA
677176,QUANTA COMPUTER INC.,NA,QUANTA COMPUTER INC.,Charles P Chu,"[Huawei][Quanta][H9HD][HookF][AX211][21H2][WLAN][BUG-20220118-42057] The PC and mobile phone are connected to the same 2.4G WIFI, the PC uses Huawei to share, drag and drop 1G files to the mobile phone, and transfer, the transfer rate is less than 55MB/s",2022-01-19 18:11:00,NA
677176,QUANTA COMPUTER INC.,NA,QUANTA COMPUTER INC.,Charles P Chu,"[Huawei][Quanta][H9HD][HookF][AX211][21H2][WLAN][BUG-20220118-42057] The PC and mobile phone are connected to the same 2.4G WIFI, the PC uses Huawei to share, drag and drop 1G files to the mobile phone, and transfer, the transfer rate is less than 55MB/s",2022-01-19 18:11:00,NA
677021,WISTRON CORPORATION,NA,WISTRON CORPORATION,Leo Chiang,[Dell][AntMan ADL] PC 10 residency is very low while BT audio offload,2022-01-19 04:36:00,NA
677021,WISTRON CORPORATION,NA,WISTRON CORPORATION,Leo Chiang,[Dell][AntMan ADL] PC 10 residency is very low while BT audio offload,2022-01-19 04:36:00,NA
677021,WISTRON CORPORATION,NA,WISTRON CORPORATION,Leo Chiang,[Dell][AntMan ADL] PC 10 residency is very low while BT audio offload,2022-01-19 04:36:00,NA
676948,QUANTA COMPUTER INC.,NA,QUANTA COMPUTER INC.,Zhiwei He,[Huawei][Quanta][H9HD][HookF][AX211][21H2][WLAN][BUG-20220119-42099] Repeated automatic reconnection failure under 2.4G weak signal,2022-01-19 01:52:00,NA
676948,QUANTA COMPUTER INC.,NA,QUANTA COMPUTER INC.,Zhiwei He,[Huawei][Quanta][H9HD][HookF][AX211][21H2][WLAN][BUG-20220119-42099] Repeated automatic reconnection failure under 2.4G weak signal,2022-01-19 01:52:00,NA
676948,QUANTA COMPUTER INC.,NA,QUANTA COMPUTER INC.,Zhiwei He,[Huawei][Quanta][H9HD][HookF][AX211][21H2][WLAN][BUG-20220119-42099] Repeated automatic reconnection failure under 2.4G weak signal,2022-01-19 01:52:00,NA
676783,QUANTA COMPUTER INC.,NA,QUANTA COMPUTER INC.,Charles P Chu,"[Huawei][Quanta][H9R&H9U][RolleF&CurieF][AX201][21H2][WLAN] [BUG-20220117-41964] The DUT  projection mode selecte Clone, Huawei smart screen will appear blurry in the first 2-3 seconds after the connection is successful",2022-01-18 21:33:00,NA
676783,QUANTA COMPUTER INC.,NA,QUANTA COMPUTER INC.,Charles P Chu,"[Huawei][Quanta][H9R&H9U][RolleF&CurieF][AX201][21H2][WLAN] [BUG-20220117-41964] The DUT  projection mode selecte Clone, Huawei smart screen will appear blurry in the first 2-3 seconds after the connection is successful",2022-01-18 21:33:00,NA
676783,QUANTA COMPUTER INC.,NA,QUANTA COMPUTER INC.,Charles P Chu,"[Huawei][Quanta][H9R&H9U][RolleF&CurieF][AX201][21H2][WLAN] [BUG-20220117-41964] The DUT  projection mode selecte Clone, Huawei smart screen will appear blurry in the first 2-3 seconds after the connection is successful",2022-01-18 21:33:00,NA
676515,QUANTA COMPUTER INC.,NA,QUANTA COMPUTER INC.,Leo Chiang,"[Huawei][Quanta][H99E][NobelF][AX201][21H2][BT] [AX201][BUG-20220117-41972] The DUT connected BT HUAWEI Freebuds 4, playback audio , Disconnect and reconnect the Bluetooth headset/Bluetooth headset during playback and move it out and then into the connect",2022-01-18 01:58:00,NA
676515,QUANTA COMPUTER INC.,NA,QUANTA COMPUTER INC.,Leo Chiang,"[Huawei][Quanta][H99E][NobelF][AX201][21H2][BT] [AX201][BUG-20220117-41972] The DUT connected BT HUAWEI Freebuds 4, playback audio , Disconnect and reconnect the Bluetooth headset/Bluetooth headset during playback and move it out and then into the connect",2022-01-18 01:58:00,NA
676515,QUANTA COMPUTER INC.,NA,QUANTA COMPUTER INC.,Leo Chiang,"[Huawei][Quanta][H99E][NobelF][AX201][21H2][BT] [AX201][BUG-20220117-41972] The DUT connected BT HUAWEI Freebuds 4, playback audio , Disconnect and reconnect the Bluetooth headset/Bluetooth headset during playback and move it out and then into the connect",2022-01-18 01:58:00,NA
676436,QUANTA COMPUTER INC.,NA,QUANTA COMPUTER INC.,Leo Chiang,"[Huawei][Quanta][H99E][NobelF][AX201][21H2][BT] [AX201][BUG-20220118-42013] Connect to BT mouse and BT headset, BT keyboard, after restart ,BT mouse/BT keyboard can auto connected but Bt headset don't auto connected,show paired",2022-01-17 23:32:00,NA
676436,QUANTA COMPUTER INC.,NA,QUANTA COMPUTER INC.,Leo Chiang,"[Huawei][Quanta][H99E][NobelF][AX201][21H2][BT] [AX201][BUG-20220118-42013] Connect to BT mouse and BT headset, BT keyboard, after restart ,BT mouse/BT keyboard can auto connected but Bt headset don't auto connected,show paired",2022-01-17 23:32:00,NA
676436,QUANTA COMPUTER INC.,NA,QUANTA COMPUTER INC.,Leo Chiang,"[Huawei][Quanta][H99E][NobelF][AX201][21H2][BT] [AX201][BUG-20220118-42013] Connect to BT mouse and BT headset, BT keyboard, after restart ,BT mouse/BT keyboard can auto connected but Bt headset don't auto connected,show paired",2022-01-17 23:32:00,NA
676333,CLEVO,CLEVO CO.,CLEVO CO.,Brandon Yang,"[AlderLake-CLEVO-V1x0PNP-Louis] System has the lag issue during using ""Windows Media Player"" to play 4K movies",2022-01-17 19:41:00,NA
676329,"COMPAL ELECTRONICS, INC.",NA,"COMPAL ELECTRONICS, INC.",Zhiqiang Cai,[Lenovo-Ideapad][Compal][L370_15IAH][ADL-P][Win11] Intel 9560 WLAN card SW drips show 0% after resume from MS.,2022-01-17 19:34:00,NA
676329,"COMPAL ELECTRONICS, INC.",NA,"COMPAL ELECTRONICS, INC.",Zhiqiang Cai,[Lenovo-Ideapad][Compal][L370_15IAH][ADL-P][Win11] Intel 9560 WLAN card SW drips show 0% after resume from MS.,2022-01-17 19:34:00,NA
676329,"COMPAL ELECTRONICS, INC.",NA,"COMPAL ELECTRONICS, INC.",Zhiqiang Cai,[Lenovo-Ideapad][Compal][L370_15IAH][ADL-P][Win11] Intel 9560 WLAN card SW drips show 0% after resume from MS.,2022-01-17 19:34:00,NA
676299,CLEVO,CLEVO CO.,CLEVO CO.,Brandon Yang,"[AlderLake-CLEVO-V1x0PNP-Louis] The brightness suddenly become ""0"" during running 3DMark Fire Strike for over-night test",2022-01-17 18:32:00,NA
676295,QUANTA COMPUTER INC.,NA,QUANTA COMPUTER INC.,Charles P Chu,[Huawei][Quanta][H9HD][HookF][AX211][21H2][ICPS][ICPS_007] Display status is not updated after switching hotspot,2022-01-17 18:30:00,NA
676295,QUANTA COMPUTER INC.,NA,QUANTA COMPUTER INC.,Charles P Chu,[Huawei][Quanta][H9HD][HookF][AX211][21H2][ICPS][ICPS_007] Display status is not updated after switching hotspot,2022-01-17 18:30:00,NA
676295,QUANTA COMPUTER INC.,NA,QUANTA COMPUTER INC.,Charles P Chu,[Huawei][Quanta][H9HD][HookF][AX211][21H2][ICPS][ICPS_007] Display status is not updated after switching hotspot,2022-01-17 18:30:00,NA
676284,WISTRON CORPORATION,NA,WISTRON CORPORATION,Franky Yang,[Dell][Odin-L TGL] 5G 80MB/160MB RX speed can't follow as TX speed,2022-01-17 18:15:00,NA
676284,WISTRON CORPORATION,NA,WISTRON CORPORATION,Franky Yang,[Dell][Odin-L TGL] 5G 80MB/160MB RX speed can't follow as TX speed,2022-01-17 18:15:00,NA
676284,WISTRON CORPORATION,NA,WISTRON CORPORATION,Franky Yang,[Dell][Odin-L TGL] 5G 80MB/160MB RX speed can't follow as TX speed,2022-01-17 18:15:00,NA
676277,QUANTA COMPUTER INC.,NA,QUANTA COMPUTER INC.,Charles P Chu,[Huawei][Quanta][H9HD][HookF][AX211][21H2][ICPS][ICPS_005]No local configuration file after connecting to hotspot,2022-01-17 17:48:00,NA
676277,QUANTA COMPUTER INC.,NA,QUANTA COMPUTER INC.,Charles P Chu,[Huawei][Quanta][H9HD][HookF][AX211][21H2][ICPS][ICPS_005]No local configuration file after connecting to hotspot,2022-01-17 17:48:00,NA
676277,QUANTA COMPUTER INC.,NA,QUANTA COMPUTER INC.,Charles P Chu,[Huawei][Quanta][H9HD][HookF][AX211][21H2][ICPS][ICPS_005]No local configuration file after connecting to hotspot,2022-01-17 17:48:00,NA
676267,QUANTA COMPUTER INC.,NA,QUANTA COMPUTER INC.,Charles P Chu,[Huawei][Quanta][H9HD][HookF][AX211][21H2][ICPS][ICPS_004]App display incomplete,2022-01-17 17:21:00,NA
676267,QUANTA COMPUTER INC.,NA,QUANTA COMPUTER INC.,Charles P Chu,[Huawei][Quanta][H9HD][HookF][AX211][21H2][ICPS][ICPS_004]App display incomplete,2022-01-17 17:21:00,NA
676267,QUANTA COMPUTER INC.,NA,QUANTA COMPUTER INC.,Charles P Chu,[Huawei][Quanta][H9HD][HookF][AX211][21H2][ICPS][ICPS_004]App display incomplete,2022-01-17 17:21:00,NA
676261,QUANTA COMPUTER INC.,NA,QUANTA COMPUTER INC.,Charles P Chu,[Huawei][Quanta][H9HD][HookF][AX211][21H2][ICPS][ICPS_003]No change in active time information,2022-01-17 17:10:00,NA
676261,QUANTA COMPUTER INC.,NA,QUANTA COMPUTER INC.,Charles P Chu,[Huawei][Quanta][H9HD][HookF][AX211][21H2][ICPS][ICPS_003]No change in active time information,2022-01-17 17:10:00,NA
676261,QUANTA COMPUTER INC.,NA,QUANTA COMPUTER INC.,Charles P Chu,[Huawei][Quanta][H9HD][HookF][AX211][21H2][ICPS][ICPS_003]No change in active time information,2022-01-17 17:10:00,NA
676258,QUANTA COMPUTER INC.,NA,QUANTA COMPUTER INC.,Charles P Chu,"[Huawei][Quanta][H9HD][HookF][AX211][21H2][ICPS][ICPS_002]The DUT open ICPS, Moode Selector choose Streaming ,Play QQ music , tecent video around 1 hours , check top Apps in all Categories , occurs BSOD, restart OS but can't open ICPS",2022-01-17 16:57:00,NA
676258,QUANTA COMPUTER INC.,NA,QUANTA COMPUTER INC.,Charles P Chu,"[Huawei][Quanta][H9HD][HookF][AX211][21H2][ICPS][ICPS_002]The DUT open ICPS, Moode Selector choose Streaming ,Play QQ music , tecent video around 1 hours , check top Apps in all Categories , occurs BSOD, restart OS but can't open ICPS",2022-01-17 16:57:00,NA
676258,QUANTA COMPUTER INC.,NA,QUANTA COMPUTER INC.,Charles P Chu,"[Huawei][Quanta][H9HD][HookF][AX211][21H2][ICPS][ICPS_002]The DUT open ICPS, Moode Selector choose Streaming ,Play QQ music , tecent video around 1 hours , check top Apps in all Categories , occurs BSOD, restart OS but can't open ICPS",2022-01-17 16:57:00,NA
676256,QUANTA COMPUTER INC.,NA,QUANTA COMPUTER INC.,Leo Chiang,"[Huawei][Quanta][H99E][NobelF][AX201][21H2][BT] [AX201][BUG-20220117-41971] Sometimes the DUT is paired with the AD20 Bluetooth mouse by means of quick pairing, then delete the connection,When pairing a Bluetooth mouse, the DUT don't have quick pairing po",2022-01-17 16:36:00,NA
676256,QUANTA COMPUTER INC.,NA,QUANTA COMPUTER INC.,Leo Chiang,"[Huawei][Quanta][H99E][NobelF][AX201][21H2][BT] [AX201][BUG-20220117-41971] Sometimes the DUT is paired with the AD20 Bluetooth mouse by means of quick pairing, then delete the connection,When pairing a Bluetooth mouse, the DUT don't have quick pairing po",2022-01-17 16:36:00,NA
676256,QUANTA COMPUTER INC.,NA,QUANTA COMPUTER INC.,Leo Chiang,"[Huawei][Quanta][H99E][NobelF][AX201][21H2][BT] [AX201][BUG-20220117-41971] Sometimes the DUT is paired with the AD20 Bluetooth mouse by means of quick pairing, then delete the connection,When pairing a Bluetooth mouse, the DUT don't have quick pairing po",2022-01-17 16:36:00,NA
676188,"HUAQIN TECHNOLOGY CO., LTD",NA,"Huaqin Technology Co., Ltd",Wesley Kuo,[HUAWEI][HUAQIN][MorganF][ADL-P][AX211][WIN11][BT] msft.etl log is save about 10mins when running ibttrace.,2022-01-17 04:43:00,NA
676188,"HUAQIN TECHNOLOGY CO., LTD",NA,"Huaqin Technology Co., Ltd",Wesley Kuo,[HUAWEI][HUAQIN][MorganF][ADL-P][AX211][WIN11][BT] msft.etl log is save about 10mins when running ibttrace.,2022-01-17 04:43:00,NA
676188,"HUAQIN TECHNOLOGY CO., LTD",NA,"Huaqin Technology Co., Ltd",Wesley Kuo,[HUAWEI][HUAQIN][MorganF][ADL-P][AX211][WIN11][BT] msft.etl log is save about 10mins when running ibttrace.,2022-01-17 04:43:00,NA
676187,"HUAQIN TECHNOLOGY CO., LTD",NA,"Huaqin Technology Co., Ltd",Wesley Kuo,[HUAWEI][HUAQIN][KelvinF][NB6158A][Intel ADL][Intel AX201][BT][Win11]The computer will send connect request automatically by bluetooth after delete the information mobile phone.,2022-01-17 04:42:00,NA
676187,"HUAQIN TECHNOLOGY CO., LTD",NA,"Huaqin Technology Co., Ltd",Wesley Kuo,[HUAWEI][HUAQIN][KelvinF][NB6158A][Intel ADL][Intel AX201][BT][Win11]The computer will send connect request automatically by bluetooth after delete the information mobile phone.,2022-01-17 04:42:00,NA
676187,"HUAQIN TECHNOLOGY CO., LTD",NA,"Huaqin Technology Co., Ltd",Wesley Kuo,[HUAWEI][HUAQIN][KelvinF][NB6158A][Intel ADL][Intel AX201][BT][Win11]The computer will send connect request automatically by bluetooth after delete the information mobile phone.,2022-01-17 04:42:00,NA
676152,QUANTA COMPUTER INC.,NA,QUANTA COMPUTER INC.,Charles P Chu,[Huawei][Quanta][H9HD][HookF][AX211][21H2][WLAN][BUG-20220115-41860] Sometimes The hotspot switch of the test machine is turned off for more than 5s F/R:2/50,2022-01-17 02:52:00,NA
676152,QUANTA COMPUTER INC.,NA,QUANTA COMPUTER INC.,Charles P Chu,[Huawei][Quanta][H9HD][HookF][AX211][21H2][WLAN][BUG-20220115-41860] Sometimes The hotspot switch of the test machine is turned off for more than 5s F/R:2/50,2022-01-17 02:52:00,NA
676152,QUANTA COMPUTER INC.,NA,QUANTA COMPUTER INC.,Charles P Chu,[Huawei][Quanta][H9HD][HookF][AX211][21H2][WLAN][BUG-20220115-41860] Sometimes The hotspot switch of the test machine is turned off for more than 5s F/R:2/50,2022-01-17 02:52:00,NA
676150,QUANTA COMPUTER INC.,NA,QUANTA COMPUTER INC.,Charles Yeh,"[Huawei][Quanta][H9HD][HookF][AX211][21H2][WLAN][BUG-20220115-41861] The test machine is far away from the router AP and its signal is attenuated to -75db. After the wifi is disconnected, the web page cannot be accessed.",2022-01-17 02:41:00,NA
676150,QUANTA COMPUTER INC.,NA,QUANTA COMPUTER INC.,Charles Yeh,"[Huawei][Quanta][H9HD][HookF][AX211][21H2][WLAN][BUG-20220115-41861] The test machine is far away from the router AP and its signal is attenuated to -75db. After the wifi is disconnected, the web page cannot be accessed.",2022-01-17 02:41:00,NA
676150,QUANTA COMPUTER INC.,NA,QUANTA COMPUTER INC.,Charles Yeh,"[Huawei][Quanta][H9HD][HookF][AX211][21H2][WLAN][BUG-20220115-41861] The test machine is far away from the router AP and its signal is attenuated to -75db. After the wifi is disconnected, the web page cannot be accessed.",2022-01-17 02:41:00,NA
676146,QUANTA COMPUTER INC.,NA,QUANTA COMPUTER INC.,Charles Yeh,"[Huawei][Quanta][H9HD][HookF][AX211][21H2][WLAN][BUG-20220115-41862] The DUT connect 2.4G weak signal, WIFI Uncheck automatic reconnect, Playback Tencent video will be disconnected, WIFI will be disconnected",2022-01-17 02:31:00,NA
676146,QUANTA COMPUTER INC.,NA,QUANTA COMPUTER INC.,Charles Yeh,"[Huawei][Quanta][H9HD][HookF][AX211][21H2][WLAN][BUG-20220115-41862] The DUT connect 2.4G weak signal, WIFI Uncheck automatic reconnect, Playback Tencent video will be disconnected, WIFI will be disconnected",2022-01-17 02:31:00,NA
676146,QUANTA COMPUTER INC.,NA,QUANTA COMPUTER INC.,Charles Yeh,"[Huawei][Quanta][H9HD][HookF][AX211][21H2][WLAN][BUG-20220115-41862] The DUT connect 2.4G weak signal, WIFI Uncheck automatic reconnect, Playback Tencent video will be disconnected, WIFI will be disconnected",2022-01-17 02:31:00,NA
676083,QUANTA COMPUTER INC.,NA,QUANTA COMPUTER INC.,Leo Chiang,"[Huawei][Quanta][H99E][NobelF][AX201][21H2][BT] [AX201][BUG-20220117-41904] The DUT connect 2.4G WIFI and downloading file , playback local music by Groove , connect BT Airpods headset and listen music , sometimes music lag",2022-01-17 00:27:00,NA
676083,QUANTA COMPUTER INC.,NA,QUANTA COMPUTER INC.,Leo Chiang,"[Huawei][Quanta][H99E][NobelF][AX201][21H2][BT] [AX201][BUG-20220117-41904] The DUT connect 2.4G WIFI and downloading file , playback local music by Groove , connect BT Airpods headset and listen music , sometimes music lag",2022-01-17 00:27:00,NA
676083,QUANTA COMPUTER INC.,NA,QUANTA COMPUTER INC.,Leo Chiang,"[Huawei][Quanta][H99E][NobelF][AX201][21H2][BT] [AX201][BUG-20220117-41904] The DUT connect 2.4G WIFI and downloading file , playback local music by Groove , connect BT Airpods headset and listen music , sometimes music lag",2022-01-17 00:27:00,NA
676012,QUANTA COMPUTER INC.,NA,QUANTA COMPUTER INC.,Leo Chiang,"[Huawei][Quanta][H9HD][HookF][AX211][21H2][BT][BUG-20220117-41909] The DUT connect BT headset, BT mouse, BT keyboard , playback Local music by Groove, The DUT entry hibernation, sometimes wake up meet BSOD and can't playback",2022-01-16 22:38:00,NA
676012,QUANTA COMPUTER INC.,NA,QUANTA COMPUTER INC.,Leo Chiang,"[Huawei][Quanta][H9HD][HookF][AX211][21H2][BT][BUG-20220117-41909] The DUT connect BT headset, BT mouse, BT keyboard , playback Local music by Groove, The DUT entry hibernation, sometimes wake up meet BSOD and can't playback",2022-01-16 22:38:00,NA
676012,QUANTA COMPUTER INC.,NA,QUANTA COMPUTER INC.,Leo Chiang,"[Huawei][Quanta][H9HD][HookF][AX211][21H2][BT][BUG-20220117-41909] The DUT connect BT headset, BT mouse, BT keyboard , playback Local music by Groove, The DUT entry hibernation, sometimes wake up meet BSOD and can't playback",2022-01-16 22:38:00,NA
676010,DYNABOOK INC.,NA,Dynabook Inc.,Charles Yeh,[Dynabook][Win11]The AP can't be showed on ICPS when connect to AP from WLAN list with ICPS UI opened,2022-01-16 22:36:00,NA
676010,DYNABOOK INC.,NA,Dynabook Inc.,Charles Yeh,[Dynabook][Win11]The AP can't be showed on ICPS when connect to AP from WLAN list with ICPS UI opened,2022-01-16 22:36:00,NA
676010,DYNABOOK INC.,NA,Dynabook Inc.,Charles Yeh,[Dynabook][Win11]The AP can't be showed on ICPS when connect to AP from WLAN list with ICPS UI opened,2022-01-16 22:36:00,NA
675952,QUANTA COMPUTER INC.,NA,QUANTA COMPUTER INC.,Leo Chiang,"[Huawei][Quanta][H99E][NobelF][AX201][21H2][BT] [AX201][BUG-20220115-41834] Connect BT mouse, BT headset , use BT mouse 2 min, idle 5 min , use 2 min , The DUT show BT mouse connected but can't use",2022-01-16 19:28:00,NA
675952,QUANTA COMPUTER INC.,NA,QUANTA COMPUTER INC.,Leo Chiang,"[Huawei][Quanta][H99E][NobelF][AX201][21H2][BT] [AX201][BUG-20220115-41834] Connect BT mouse, BT headset , use BT mouse 2 min, idle 5 min , use 2 min , The DUT show BT mouse connected but can't use",2022-01-16 19:28:00,NA
675952,QUANTA COMPUTER INC.,NA,QUANTA COMPUTER INC.,Leo Chiang,"[Huawei][Quanta][H99E][NobelF][AX201][21H2][BT] [AX201][BUG-20220115-41834] Connect BT mouse, BT headset , use BT mouse 2 min, idle 5 min , use 2 min , The DUT show BT mouse connected but can't use",2022-01-16 19:28:00,NA
675948,QUANTA COMPUTER INC.,NA,QUANTA COMPUTER INC.,Leo Chiang,"[Huawei][Quanta][H99E][NobelF][AX201][21H2][BT] [AX201][BUG-20220115-41863] The DUT connect BT mouse , The DUT entry Hibernation, wake up to use BT mouse 1 min but occurs lag while browers internet",2022-01-16 19:16:00,NA
675948,QUANTA COMPUTER INC.,NA,QUANTA COMPUTER INC.,Leo Chiang,"[Huawei][Quanta][H99E][NobelF][AX201][21H2][BT] [AX201][BUG-20220115-41863] The DUT connect BT mouse , The DUT entry Hibernation, wake up to use BT mouse 1 min but occurs lag while browers internet",2022-01-16 19:16:00,NA
675948,QUANTA COMPUTER INC.,NA,QUANTA COMPUTER INC.,Leo Chiang,"[Huawei][Quanta][H99E][NobelF][AX201][21H2][BT] [AX201][BUG-20220115-41863] The DUT connect BT mouse , The DUT entry Hibernation, wake up to use BT mouse 1 min but occurs lag while browers internet",2022-01-16 19:16:00,NA
675936,QUANTA COMPUTER INC.,NA,QUANTA COMPUTER INC.,Leo Chiang,"[Huawei][Quanta][H9HD][HookF][AX211][21H2][BT][BUG-20220114-41778] Video/call communicate by QQ(9.5.4)/Wechat(3.4.5.45)/dingtalk(6.3.18), connected BT headset,the two sides are talking, the DUT side cannot hear what the auxiliary machine side says",2022-01-16 19:05:00,NA
675936,QUANTA COMPUTER INC.,NA,QUANTA COMPUTER INC.,Leo Chiang,"[Huawei][Quanta][H9HD][HookF][AX211][21H2][BT][BUG-20220114-41778] Video/call communicate by QQ(9.5.4)/Wechat(3.4.5.45)/dingtalk(6.3.18), connected BT headset,the two sides are talking, the DUT side cannot hear what the auxiliary machine side says",2022-01-16 19:05:00,NA
675936,QUANTA COMPUTER INC.,NA,QUANTA COMPUTER INC.,Leo Chiang,"[Huawei][Quanta][H9HD][HookF][AX211][21H2][BT][BUG-20220114-41778] Video/call communicate by QQ(9.5.4)/Wechat(3.4.5.45)/dingtalk(6.3.18), connected BT headset,the two sides are talking, the DUT side cannot hear what the auxiliary machine side says",2022-01-16 19:05:00,NA
675930,DYNABOOK INC.,NA,Dynabook Inc.,Nicky Chen,[Dynabook][Win11]ICPS hang up when reconnenct to the forgetted network from ICPS,2022-01-16 18:40:00,NA
675930,DYNABOOK INC.,NA,Dynabook Inc.,Nicky Chen,[Dynabook][Win11]ICPS hang up when reconnenct to the forgetted network from ICPS,2022-01-16 18:40:00,NA
675930,DYNABOOK INC.,NA,Dynabook Inc.,Nicky Chen,[Dynabook][Win11]ICPS hang up when reconnenct to the forgetted network from ICPS,2022-01-16 18:40:00,NA
675697,WISTRON CORPORATION,NA,WISTRON CORPORATION,Wesley Kuo,"[Lenovo-ThinkPad][Wistron][Fenrir][Alderlake-P][AX211,AX201][Win11][100%]UMA:21H2:HLK:Bluetooth - Audio A2DP offload function lose",2022-01-14 01:54:00,NA
675697,WISTRON CORPORATION,NA,WISTRON CORPORATION,Wesley Kuo,"[Lenovo-ThinkPad][Wistron][Fenrir][Alderlake-P][AX211,AX201][Win11][100%]UMA:21H2:HLK:Bluetooth - Audio A2DP offload function lose",2022-01-14 01:54:00,NA
675697,WISTRON CORPORATION,NA,WISTRON CORPORATION,Wesley Kuo,"[Lenovo-ThinkPad][Wistron][Fenrir][Alderlake-P][AX211,AX201][Win11][100%]UMA:21H2:HLK:Bluetooth - Audio A2DP offload function lose",2022-01-14 01:54:00,NA
675666,CLEVO,CLEVO CO.,CLEVO CO.,Brandon Yang,[ADL-P-CLEVO-PD50PNT-Ian] play video via WMP will keeping lag.,2022-01-14 01:10:00,NA
675639,"HUAQIN TECHNOLOGY CO., LTD",NA,"Huaqin Technology Co., Ltd",Wesley Kuo,[HUAWEI][HUAQIN][KelvinF][NB6158A][Intel ADL][Intel AX201][BT][Win11]The mobile phone can not pair to computer by bluetooth.,2022-01-14 00:24:00,NA
675639,"HUAQIN TECHNOLOGY CO., LTD",NA,"Huaqin Technology Co., Ltd",Wesley Kuo,[HUAWEI][HUAQIN][KelvinF][NB6158A][Intel ADL][Intel AX201][BT][Win11]The mobile phone can not pair to computer by bluetooth.,2022-01-14 00:24:00,NA
675639,"HUAQIN TECHNOLOGY CO., LTD",NA,"Huaqin Technology Co., Ltd",Wesley Kuo,[HUAWEI][HUAQIN][KelvinF][NB6158A][Intel ADL][Intel AX201][BT][Win11]The mobile phone can not pair to computer by bluetooth.,2022-01-14 00:24:00,NA
675568,QUANTA COMPUTER INC.,NA,QUANTA COMPUTER INC.,Leo Chiang,"[Huawei][Quanta][H99E][NobelF][AX201][21H2][BT] [AX201][BUG-20220113-41701] Connect to BT mouse and BT headset, Uninstall BT driver,Install BT driver,BT headset can't auto connected , show paired (16:46), paired with other devices, show please reconnect",2022-01-13 22:24:00,NA
675568,QUANTA COMPUTER INC.,NA,QUANTA COMPUTER INC.,Leo Chiang,"[Huawei][Quanta][H99E][NobelF][AX201][21H2][BT] [AX201][BUG-20220113-41701] Connect to BT mouse and BT headset, Uninstall BT driver,Install BT driver,BT headset can't auto connected , show paired (16:46), paired with other devices, show please reconnect",2022-01-13 22:24:00,NA
675568,QUANTA COMPUTER INC.,NA,QUANTA COMPUTER INC.,Leo Chiang,"[Huawei][Quanta][H99E][NobelF][AX201][21H2][BT] [AX201][BUG-20220113-41701] Connect to BT mouse and BT headset, Uninstall BT driver,Install BT driver,BT headset can't auto connected , show paired (16:46), paired with other devices, show please reconnect",2022-01-13 22:24:00,NA
675321,MSI,"MICRO-STAR INTERNATIONAL CO., LTD.","MICRO-STAR INTERNATIONAL CO., LTD.",Brandon Yang,[MSI][ADL-S] HDMI1.4 certification failed at S3D item,2022-01-13 01:10:00,NA
674981,QUANTA COMPUTER INC.,NA,QUANTA COMPUTER INC.,Leo Chiang,"[Huawei][Quanta][H99E][NobelF][AX201][21H2][BT] [AX201][BUG-20220112-41569] The DUT connect BT BLE mouse, BR mouse , The DUT entry hibernation , wake up , BLE mouse can use, BR mosue show connected but no response",2022-01-12 02:52:00,NA
674981,QUANTA COMPUTER INC.,NA,QUANTA COMPUTER INC.,Leo Chiang,"[Huawei][Quanta][H99E][NobelF][AX201][21H2][BT] [AX201][BUG-20220112-41569] The DUT connect BT BLE mouse, BR mouse , The DUT entry hibernation , wake up , BLE mouse can use, BR mosue show connected but no response",2022-01-12 02:52:00,NA
674981,QUANTA COMPUTER INC.,NA,QUANTA COMPUTER INC.,Leo Chiang,"[Huawei][Quanta][H99E][NobelF][AX201][21H2][BT] [AX201][BUG-20220112-41569] The DUT connect BT BLE mouse, BR mouse , The DUT entry hibernation , wake up , BLE mouse can use, BR mosue show connected but no response",2022-01-12 02:52:00,NA
674965,"COMPAL ELECTRONICS, INC.",NA,"COMPAL ELECTRONICS, INC.",Brenton Wu,[Acer_Compal][Volante_ADH] The unit show yellow bang in device manager after enable/disable WLAN.,2022-01-12 02:13:00,NA
674965,"COMPAL ELECTRONICS, INC.",NA,"COMPAL ELECTRONICS, INC.",Brenton Wu,[Acer_Compal][Volante_ADH] The unit show yellow bang in device manager after enable/disable WLAN.,2022-01-12 02:13:00,NA
674965,"COMPAL ELECTRONICS, INC.",NA,"COMPAL ELECTRONICS, INC.",Brenton Wu,[Acer_Compal][Volante_ADH] The unit show yellow bang in device manager after enable/disable WLAN.,2022-01-12 02:13:00,NA
674938,QUANTA COMPUTER INC.,NA,QUANTA COMPUTER INC.,Leo Chiang,"[Huawei][Quanta][H9HD][HookF][AX211][21H2][BT][BUG-20220112-41552] The DUT playback Local music by Groove, connect to BT headset A, then connect BT headset B, sometimes will pop ""Unable to play, no audio device found""",2022-01-12 01:41:00,NA
674938,QUANTA COMPUTER INC.,NA,QUANTA COMPUTER INC.,Leo Chiang,"[Huawei][Quanta][H9HD][HookF][AX211][21H2][BT][BUG-20220112-41552] The DUT playback Local music by Groove, connect to BT headset A, then connect BT headset B, sometimes will pop ""Unable to play, no audio device found""",2022-01-12 01:41:00,NA
674938,QUANTA COMPUTER INC.,NA,QUANTA COMPUTER INC.,Leo Chiang,"[Huawei][Quanta][H9HD][HookF][AX211][21H2][BT][BUG-20220112-41552] The DUT playback Local music by Groove, connect to BT headset A, then connect BT headset B, sometimes will pop ""Unable to play, no audio device found""",2022-01-12 01:41:00,NA
674932,QUANTA COMPUTER INC.,NA,QUANTA COMPUTER INC.,Leo Chiang,"[Huawei][Quanta][H9HD][HookF][AX211][21H2][BT][BUG-20220112-41551]The DUT connect BT headset A then connect BT headset B,Observe the name of the BT HS B connected on the setting interface. When the connection is successful, the name appear beating 2-3 sec",2022-01-12 01:28:00,NA
674932,QUANTA COMPUTER INC.,NA,QUANTA COMPUTER INC.,Leo Chiang,"[Huawei][Quanta][H9HD][HookF][AX211][21H2][BT][BUG-20220112-41551]The DUT connect BT headset A then connect BT headset B,Observe the name of the BT HS B connected on the setting interface. When the connection is successful, the name appear beating 2-3 sec",2022-01-12 01:28:00,NA
674932,QUANTA COMPUTER INC.,NA,QUANTA COMPUTER INC.,Leo Chiang,"[Huawei][Quanta][H9HD][HookF][AX211][21H2][BT][BUG-20220112-41551]The DUT connect BT headset A then connect BT headset B,Observe the name of the BT HS B connected on the setting interface. When the connection is successful, the name appear beating 2-3 sec",2022-01-12 01:28:00,NA
674922,QUANTA COMPUTER INC.,NA,QUANTA COMPUTER INC.,Leo Chiang,"[Huawei][Quanta][H9HD][HookF][AX211][21H2][BT][BUG-20220112-41556] The DUT play online music , connect to BT headset A, connect another BT headset B , sometimes BT HS A/BT HSB/Speaker all no sound output, but The playback progress bar plays normally",2022-01-12 01:13:00,NA
674922,QUANTA COMPUTER INC.,NA,QUANTA COMPUTER INC.,Leo Chiang,"[Huawei][Quanta][H9HD][HookF][AX211][21H2][BT][BUG-20220112-41556] The DUT play online music , connect to BT headset A, connect another BT headset B , sometimes BT HS A/BT HSB/Speaker all no sound output, but The playback progress bar plays normally",2022-01-12 01:13:00,NA
674922,QUANTA COMPUTER INC.,NA,QUANTA COMPUTER INC.,Leo Chiang,"[Huawei][Quanta][H9HD][HookF][AX211][21H2][BT][BUG-20220112-41556] The DUT play online music , connect to BT headset A, connect another BT headset B , sometimes BT HS A/BT HSB/Speaker all no sound output, but The playback progress bar plays normally",2022-01-12 01:13:00,NA
674693,QUANTA COMPUTER INC.,NA,QUANTA COMPUTER INC.,Leo Chiang,"[Huawei][Quanta][H9HD][HookF][AX211][21H2][BT][BUG-20220111-41447] The DUT connect BT headset , use Wechat to talk , then disconnect BT HS, the voice call sound returns to the DUT. connect BT HS again , can hear the other side,but other side can't hear us",2022-01-11 17:40:00,NA
674693,QUANTA COMPUTER INC.,NA,QUANTA COMPUTER INC.,Leo Chiang,"[Huawei][Quanta][H9HD][HookF][AX211][21H2][BT][BUG-20220111-41447] The DUT connect BT headset , use Wechat to talk , then disconnect BT HS, the voice call sound returns to the DUT. connect BT HS again , can hear the other side,but other side can't hear us",2022-01-11 17:40:00,NA
674693,QUANTA COMPUTER INC.,NA,QUANTA COMPUTER INC.,Leo Chiang,"[Huawei][Quanta][H9HD][HookF][AX211][21H2][BT][BUG-20220111-41447] The DUT connect BT headset , use Wechat to talk , then disconnect BT HS, the voice call sound returns to the DUT. connect BT HS again , can hear the other side,but other side can't hear us",2022-01-11 17:40:00,NA
674551,QUANTA COMPUTER INC.,NA,QUANTA COMPUTER INC.,Leo Chiang,"[Huawei][Quanta][H9HD][HookF][AX211][21H2][BT][BUG-20220110-41332] The DUT connect BT headset , playback Local video by Movies&TV, playback Local music by Groove, during playback , disconnect BT headset and connect again,speaker and BT HS both no sound",2022-01-11 02:26:00,NA
674551,QUANTA COMPUTER INC.,NA,QUANTA COMPUTER INC.,Leo Chiang,"[Huawei][Quanta][H9HD][HookF][AX211][21H2][BT][BUG-20220110-41332] The DUT connect BT headset , playback Local video by Movies&TV, playback Local music by Groove, during playback , disconnect BT headset and connect again,speaker and BT HS both no sound",2022-01-11 02:26:00,NA
674551,QUANTA COMPUTER INC.,NA,QUANTA COMPUTER INC.,Leo Chiang,"[Huawei][Quanta][H9HD][HookF][AX211][21H2][BT][BUG-20220110-41332] The DUT connect BT headset , playback Local video by Movies&TV, playback Local music by Groove, during playback , disconnect BT headset and connect again,speaker and BT HS both no sound",2022-01-11 02:26:00,NA
674541,QUANTA COMPUTER INC.,NA,QUANTA COMPUTER INC.,Leo Chiang,"[Huawei][Quanta][H9HD][HookF][AX211][21H2][BT][BUG-20220111-41416] The DUT connect 2.4G WLAN and playback online music , connect  BT mouse, BT headset, BT keyboard, turn off BT , after 1 min, turn on BT , BT headset show connected but sound from the DUT",2022-01-11 02:07:00,NA
674541,QUANTA COMPUTER INC.,NA,QUANTA COMPUTER INC.,Leo Chiang,"[Huawei][Quanta][H9HD][HookF][AX211][21H2][BT][BUG-20220111-41416] The DUT connect 2.4G WLAN and playback online music , connect  BT mouse, BT headset, BT keyboard, turn off BT , after 1 min, turn on BT , BT headset show connected but sound from the DUT",2022-01-11 02:07:00,NA
674541,QUANTA COMPUTER INC.,NA,QUANTA COMPUTER INC.,Leo Chiang,"[Huawei][Quanta][H9HD][HookF][AX211][21H2][BT][BUG-20220111-41416] The DUT connect 2.4G WLAN and playback online music , connect  BT mouse, BT headset, BT keyboard, turn off BT , after 1 min, turn on BT , BT headset show connected but sound from the DUT",2022-01-11 02:07:00,NA
674538,QUANTA COMPUTER INC.,NA,QUANTA COMPUTER INC.,Leo Chiang,"[Huawei][Quanta][H9HD][HookF][AX211][21H2][BT][BUG-20220111-41424] The DUT playback Local music by Groove , insert wired headset , music ouput from wired headset , then connect to BT headset , music don't output from BT headset F/R:100%",2022-01-11 01:57:00,NA
674538,QUANTA COMPUTER INC.,NA,QUANTA COMPUTER INC.,Leo Chiang,"[Huawei][Quanta][H9HD][HookF][AX211][21H2][BT][BUG-20220111-41424] The DUT playback Local music by Groove , insert wired headset , music ouput from wired headset , then connect to BT headset , music don't output from BT headset F/R:100%",2022-01-11 01:57:00,NA
674538,QUANTA COMPUTER INC.,NA,QUANTA COMPUTER INC.,Leo Chiang,"[Huawei][Quanta][H9HD][HookF][AX211][21H2][BT][BUG-20220111-41424] The DUT playback Local music by Groove , insert wired headset , music ouput from wired headset , then connect to BT headset , music don't output from BT headset F/R:100%",2022-01-11 01:57:00,NA
674448,"COMPAL ELECTRONICS, INC.",NA,"COMPAL ELECTRONICS, INC.",Franky Yang,[Dell/Compal][ADL Odyssey] SUT occur BSOD_SYSTEM_THREAD_EXCEPTION_NOT_HANDLED_0X7E (with dump),2022-01-10 23:48:00,NA
674448,"COMPAL ELECTRONICS, INC.",NA,"COMPAL ELECTRONICS, INC.",Franky Yang,[Dell/Compal][ADL Odyssey] SUT occur BSOD_SYSTEM_THREAD_EXCEPTION_NOT_HANDLED_0X7E (with dump),2022-01-10 23:48:00,NA
674448,"COMPAL ELECTRONICS, INC.",NA,"COMPAL ELECTRONICS, INC.",Franky Yang,[Dell/Compal][ADL Odyssey] SUT occur BSOD_SYSTEM_THREAD_EXCEPTION_NOT_HANDLED_0X7E (with dump),2022-01-10 23:48:00,NA
674301,QUANTA COMPUTER INC.,NA,QUANTA COMPUTER INC.,Charles P Chu,[Huawei][Quanta][EulerD][TGL-UP4][AX201][20H2][WLAN][805334635] The DUT (EulerD) occurs WLAN Yellow ban,2022-01-10 17:57:00,NA
674301,QUANTA COMPUTER INC.,NA,QUANTA COMPUTER INC.,Charles P Chu,[Huawei][Quanta][EulerD][TGL-UP4][AX201][20H2][WLAN][805334635] The DUT (EulerD) occurs WLAN Yellow ban,2022-01-10 17:57:00,NA
674301,QUANTA COMPUTER INC.,NA,QUANTA COMPUTER INC.,Charles P Chu,[Huawei][Quanta][EulerD][TGL-UP4][AX201][20H2][WLAN][805334635] The DUT (EulerD) occurs WLAN Yellow ban,2022-01-10 17:57:00,NA
674159,"HUAQIN TECHNOLOGY CO., LTD",NA,"Huaqin Technology Co., Ltd",Brenton Wu,[XiaoMi][Huaqin][A54&A55][ADL-i5&i7][AX201&AX211][21H2][100%] RF UE 1.7adaptivity test fail,2022-01-10 06:20:00,NA
674159,"HUAQIN TECHNOLOGY CO., LTD",NA,"Huaqin Technology Co., Ltd",Brenton Wu,[XiaoMi][Huaqin][A54&A55][ADL-i5&i7][AX201&AX211][21H2][100%] RF UE 1.7adaptivity test fail,2022-01-10 06:20:00,NA
674159,"HUAQIN TECHNOLOGY CO., LTD",NA,"Huaqin Technology Co., Ltd",Brenton Wu,[XiaoMi][Huaqin][A54&A55][ADL-i5&i7][AX201&AX211][21H2][100%] RF UE 1.7adaptivity test fail,2022-01-10 06:20:00,NA
674121,"COMPAL ELECTRONICS, INC.",NA,"COMPAL ELECTRONICS, INC.",Charles Yeh,[Dell/Compal]AX211 conductive T-put 5G question,2022-01-10 03:09:00,NA
674121,"COMPAL ELECTRONICS, INC.",NA,"COMPAL ELECTRONICS, INC.",Charles Yeh,[Dell/Compal]AX211 conductive T-put 5G question,2022-01-10 03:09:00,NA
674121,"COMPAL ELECTRONICS, INC.",NA,"COMPAL ELECTRONICS, INC.",Charles Yeh,[Dell/Compal]AX211 conductive T-put 5G question,2022-01-10 03:09:00,NA
674079,WISTRON CORPORATION,NA,WISTRON CORPORATION,Wesley Kuo,"[Lenovo_Golem_Talos]  System1 doesn?t wake up from S0i3 after the system2 click ""Find"" button when 2 systems sign in with the same account. FR: (4/4 EUTs, 4/4Cycles)",2022-01-10 01:47:00,NA
674079,WISTRON CORPORATION,NA,WISTRON CORPORATION,Wesley Kuo,"[Lenovo_Golem_Talos]  System1 doesn?t wake up from S0i3 after the system2 click ""Find"" button when 2 systems sign in with the same account. FR: (4/4 EUTs, 4/4Cycles)",2022-01-10 01:47:00,NA
674079,WISTRON CORPORATION,NA,WISTRON CORPORATION,Wesley Kuo,"[Lenovo_Golem_Talos]  System1 doesn?t wake up from S0i3 after the system2 click ""Find"" button when 2 systems sign in with the same account. FR: (4/4 EUTs, 4/4Cycles)",2022-01-10 01:47:00,NA
674051,"SHANGHAI WINGTECH ELECTRONICS TECHNOLOGYCO., LTD.",NA,"SHANGHAI WINGTECH ELECTRONICS TECHNOLOGYCO., LTD.",Zhiwei He,[Realme][Wingtech][Intel Tiger Lake UP4][Ac9560][21H1] [WIFI] Cannot open the 5G hotspot,2022-01-10 01:18:00,NA
674051,"SHANGHAI WINGTECH ELECTRONICS TECHNOLOGYCO., LTD.",NA,"SHANGHAI WINGTECH ELECTRONICS TECHNOLOGYCO., LTD.",Zhiwei He,[Realme][Wingtech][Intel Tiger Lake UP4][Ac9560][21H1] [WIFI] Cannot open the 5G hotspot,2022-01-10 01:18:00,NA
674051,"SHANGHAI WINGTECH ELECTRONICS TECHNOLOGYCO., LTD.",NA,"SHANGHAI WINGTECH ELECTRONICS TECHNOLOGYCO., LTD.",Zhiwei He,[Realme][Wingtech][Intel Tiger Lake UP4][Ac9560][21H1] [WIFI] Cannot open the 5G hotspot,2022-01-10 01:18:00,NA
673941,QUANTA COMPUTER INC.,NA,QUANTA COMPUTER INC.,Franky Yang,[ASUS Gaming Quana][FX507_FX517][ADL-P] Can't wake up system from Modern standby by remote desktop under DC mode,2022-01-09 21:59:00,NA
673941,QUANTA COMPUTER INC.,NA,QUANTA COMPUTER INC.,Franky Yang,[ASUS Gaming Quana][FX507_FX517][ADL-P] Can't wake up system from Modern standby by remote desktop under DC mode,2022-01-09 21:59:00,NA
673941,QUANTA COMPUTER INC.,NA,QUANTA COMPUTER INC.,Franky Yang,[ASUS Gaming Quana][FX507_FX517][ADL-P] Can't wake up system from Modern standby by remote desktop under DC mode,2022-01-09 21:59:00,NA
673866,MSI,"MICRO-STAR INTERNATIONAL CO., LTD.","MICRO-STAR INTERNATIONAL CO., LTD.",Brandon Yang,[MSI][GS66][ADL-P]The system panel refresh rate is always on 240Hz (LQ156T1JW04),2022-01-09 17:13:00,NA
673741,CLEVO,CLEVO CO.,CLEVO CO.,Brandon Yang,[ADL-P_CLEVO-V1x0PNK-Miller] The system is noisy when connecting HDMI+DP,2022-01-07 02:20:00,NA
673668,"HUAQIN TECHNOLOGY CO., LTD",NA,"Huaqin Technology Co., Ltd",Zhiwei He,[HUAWEI][HUAQIN][MorganF][NB3757B][Intel ADL][Intel AX211][WIFI][Win11] Empty list when change Country code via to ant.exe wait for two hours.,2022-01-06 21:57:00,NA
673668,"HUAQIN TECHNOLOGY CO., LTD",NA,"Huaqin Technology Co., Ltd",Zhiwei He,[HUAWEI][HUAQIN][MorganF][NB3757B][Intel ADL][Intel AX211][WIFI][Win11] Empty list when change Country code via to ant.exe wait for two hours.,2022-01-06 21:57:00,NA
673668,"HUAQIN TECHNOLOGY CO., LTD",NA,"Huaqin Technology Co., Ltd",Zhiwei He,[HUAWEI][HUAQIN][MorganF][NB3757B][Intel ADL][Intel AX211][WIFI][Win11] Empty list when change Country code via to ant.exe wait for two hours.,2022-01-06 21:57:00,NA
673410,QUANTA COMPUTER INC.,NA,QUANTA COMPUTER INC.,Charles P Chu,"[Huawei][Quanta][H9HD][HookF][AX211][21H2][WIFI][BUG-20220106-41047] The DUT connect 2.4GWIFI , WIFI icon on the taskbar is  incorrectly displayed, No weak signal grid display",2022-01-06 02:09:00,NA
673410,QUANTA COMPUTER INC.,NA,QUANTA COMPUTER INC.,Charles P Chu,"[Huawei][Quanta][H9HD][HookF][AX211][21H2][WIFI][BUG-20220106-41047] The DUT connect 2.4GWIFI , WIFI icon on the taskbar is  incorrectly displayed, No weak signal grid display",2022-01-06 02:09:00,NA
673410,QUANTA COMPUTER INC.,NA,QUANTA COMPUTER INC.,Charles P Chu,"[Huawei][Quanta][H9HD][HookF][AX211][21H2][WIFI][BUG-20220106-41047] The DUT connect 2.4GWIFI , WIFI icon on the taskbar is  incorrectly displayed, No weak signal grid display",2022-01-06 02:09:00,NA
673257,QUANTA COMPUTER INC.,NA,QUANTA COMPUTER INC.,Leo Chiang,"[Huawei][Quanta][H9HD][HookF][AX211][21H2][BT][BUG-20220106-41019] The DUT connect 2.4GWIFI , play Local music, connect to Bluetooth headset freeBods pro, then connect BT soaiy S-58 Speaker , switch to soaiy S-5 speaker , music don't output from speaker",2022-01-05 20:21:00,NA
673257,QUANTA COMPUTER INC.,NA,QUANTA COMPUTER INC.,Leo Chiang,"[Huawei][Quanta][H9HD][HookF][AX211][21H2][BT][BUG-20220106-41019] The DUT connect 2.4GWIFI , play Local music, connect to Bluetooth headset freeBods pro, then connect BT soaiy S-58 Speaker , switch to soaiy S-5 speaker , music don't output from speaker",2022-01-05 20:21:00,NA
673257,QUANTA COMPUTER INC.,NA,QUANTA COMPUTER INC.,Leo Chiang,"[Huawei][Quanta][H9HD][HookF][AX211][21H2][BT][BUG-20220106-41019] The DUT connect 2.4GWIFI , play Local music, connect to Bluetooth headset freeBods pro, then connect BT soaiy S-58 Speaker , switch to soaiy S-5 speaker , music don't output from speaker",2022-01-05 20:21:00,NA
673076,QUANTA COMPUTER INC.,NA,QUANTA COMPUTER INC.,Leo Chiang,"[Huawei][Quanta][H9HD][HookF][AX211][21H2][BT][BUG-20220105-40898] The DUT connect 2.4GWIFI, play Local music, connect to Bluetooth headset, then disconnect.  reconnect again , need to wait 10s , music just can hear from Bluetooth headset F/R:100%",2022-01-05 02:07:00,NA
673076,QUANTA COMPUTER INC.,NA,QUANTA COMPUTER INC.,Leo Chiang,"[Huawei][Quanta][H9HD][HookF][AX211][21H2][BT][BUG-20220105-40898] The DUT connect 2.4GWIFI, play Local music, connect to Bluetooth headset, then disconnect.  reconnect again , need to wait 10s , music just can hear from Bluetooth headset F/R:100%",2022-01-05 02:07:00,NA
673076,QUANTA COMPUTER INC.,NA,QUANTA COMPUTER INC.,Leo Chiang,"[Huawei][Quanta][H9HD][HookF][AX211][21H2][BT][BUG-20220105-40898] The DUT connect 2.4GWIFI, play Local music, connect to Bluetooth headset, then disconnect.  reconnect again , need to wait 10s , music just can hear from Bluetooth headset F/R:100%",2022-01-05 02:07:00,NA
672902,QUANTA COMPUTER INC.,NA,QUANTA COMPUTER INC.,Leo Chiang,[ASUS Gaming Quanta][TUF][FX507_FX517][ADL-P][AX201] BT node lost detected during S4 stress test,2022-01-04 20:17:00,NA
672902,QUANTA COMPUTER INC.,NA,QUANTA COMPUTER INC.,Leo Chiang,[ASUS Gaming Quanta][TUF][FX507_FX517][ADL-P][AX201] BT node lost detected during S4 stress test,2022-01-04 20:17:00,NA
672902,QUANTA COMPUTER INC.,NA,QUANTA COMPUTER INC.,Leo Chiang,[ASUS Gaming Quanta][TUF][FX507_FX517][ADL-P][AX201] BT node lost detected during S4 stress test,2022-01-04 20:17:00,NA
672672,WISTRON CORPORATION,NA,WISTRON CORPORATION,Timdaway Lai,[Lenovo/Wistron][Ares2][TGL][Win10] connection is sometimes disconnected in 30minutes to 1 hour (FR : 100%),2022-01-04 01:19:00,NA
672672,WISTRON CORPORATION,NA,WISTRON CORPORATION,Timdaway Lai,[Lenovo/Wistron][Ares2][TGL][Win10] connection is sometimes disconnected in 30minutes to 1 hour (FR : 100%),2022-01-04 01:19:00,NA
672672,WISTRON CORPORATION,NA,WISTRON CORPORATION,Timdaway Lai,[Lenovo/Wistron][Ares2][TGL][Win10] connection is sometimes disconnected in 30minutes to 1 hour (FR : 100%),2022-01-04 01:19:00,NA
672663,MSI,"MICRO-STAR INTERNATIONAL CO., LTD.","MICRO-STAR INTERNATIONAL CO., LTD.",Brandon Yang,[MSI][NB][MS-14F1][ADL-P] System will occur BSOD under duplicate mode.,2022-01-04 01:14:00,NA
672555,WISTRON CORPORATION,NA,WISTRON CORPORATION,Leo Chiang,[DELL Cons. AIO/Aegis AIO/Wistron/ADL-P][Bluetooth] Preme 95 stress test meet BSOD (DRIVER_POWER_STATE_FAILURE),2022-01-03 20:02:00,NA
672555,WISTRON CORPORATION,NA,WISTRON CORPORATION,Leo Chiang,[DELL Cons. AIO/Aegis AIO/Wistron/ADL-P][Bluetooth] Preme 95 stress test meet BSOD (DRIVER_POWER_STATE_FAILURE),2022-01-03 20:02:00,NA
672555,WISTRON CORPORATION,NA,WISTRON CORPORATION,Leo Chiang,[DELL Cons. AIO/Aegis AIO/Wistron/ADL-P][Bluetooth] Preme 95 stress test meet BSOD (DRIVER_POWER_STATE_FAILURE),2022-01-03 20:02:00,NA
672404,WISTRON CORPORATION,NA,WISTRON CORPORATION,Franky Yang,(Copy Of 00672344) [Dell][Wistron][Cyborg_TGL] Miracast wireless connect not stable on Windows 11,2022-01-02 23:42:00,NA
672404,WISTRON CORPORATION,NA,WISTRON CORPORATION,Franky Yang,(Copy Of 00672344) [Dell][Wistron][Cyborg_TGL] Miracast wireless connect not stable on Windows 11,2022-01-02 23:42:00,NA
672404,WISTRON CORPORATION,NA,WISTRON CORPORATION,Franky Yang,(Copy Of 00672344) [Dell][Wistron][Cyborg_TGL] Miracast wireless connect not stable on Windows 11,2022-01-02 23:42:00,NA
672021,"COMPAL ELECTRONICS, INC.","COMPAL ELECTRONICS, INC.","COMPAL ELECTRONICS, INC.",Brandon Yang,[Dell_Compal_Horizon MLK_ADL-P_Win11] LFP flash black screen intermittently when idle in OS,2021-12-29 18:40:00,NA
671887,WISTRON CORPORATION,NA,WISTRON CORPORATION,Wesley Kuo,[Lenovo-ThinkPad][Wistron][ThinkPad L14 Gen 3][L14SWG] Intel function -tile beep does not function properly,2021-12-29 04:09:00,NA
671887,WISTRON CORPORATION,NA,WISTRON CORPORATION,Wesley Kuo,[Lenovo-ThinkPad][Wistron][ThinkPad L14 Gen 3][L14SWG] Intel function -tile beep does not function properly,2021-12-29 04:09:00,NA
671887,WISTRON CORPORATION,NA,WISTRON CORPORATION,Wesley Kuo,[Lenovo-ThinkPad][Wistron][ThinkPad L14 Gen 3][L14SWG] Intel function -tile beep does not function properly,2021-12-29 04:09:00,NA
671855,"COMPAL ELECTRONICS, INC.",NA,"COMPAL ELECTRONICS, INC.",KJ Fang,(Copy Of 00666220) [Dell/Compal][Tributo ADL] ADL-P QS System hang black screen during power management test,2021-12-29 02:01:00,NA
671855,"COMPAL ELECTRONICS, INC.",NA,"COMPAL ELECTRONICS, INC.",KJ Fang,(Copy Of 00666220) [Dell/Compal][Tributo ADL] ADL-P QS System hang black screen during power management test,2021-12-29 02:01:00,NA
671855,"COMPAL ELECTRONICS, INC.",NA,"COMPAL ELECTRONICS, INC.",KJ Fang,(Copy Of 00666220) [Dell/Compal][Tributo ADL] ADL-P QS System hang black screen during power management test,2021-12-29 02:01:00,NA
671778,QUANTA COMPUTER INC.,NA,QUANTA COMPUTER INC.,Nicky Chen,The RnRs - 5002 events occurred during DUT execute WiFi reliability test,2021-12-28 21:43:00,NA
671778,QUANTA COMPUTER INC.,NA,QUANTA COMPUTER INC.,Nicky Chen,The RnRs - 5002 events occurred during DUT execute WiFi reliability test,2021-12-28 21:43:00,NA
671778,QUANTA COMPUTER INC.,NA,QUANTA COMPUTER INC.,Nicky Chen,The RnRs - 5002 events occurred during DUT execute WiFi reliability test,2021-12-28 21:43:00,NA
671729,"SHENZHEN BITLAND INFORMATION TECHNOLOGYCO., LTD.",NA,"SHENZHEN BITLAND INFORMATION TECHNOLOGYCO., LTD.",Brenton Wu,[XiaoMi][Bitland][A11][ADL-P][Win11] The CPU cannot be woken up by Intel AX201 WIFI Module from MS,2021-12-28 18:39:00,NA
671729,"SHENZHEN BITLAND INFORMATION TECHNOLOGYCO., LTD.",NA,"SHENZHEN BITLAND INFORMATION TECHNOLOGYCO., LTD.",Brenton Wu,[XiaoMi][Bitland][A11][ADL-P][Win11] The CPU cannot be woken up by Intel AX201 WIFI Module from MS,2021-12-28 18:39:00,NA
671729,"SHENZHEN BITLAND INFORMATION TECHNOLOGYCO., LTD.",NA,"SHENZHEN BITLAND INFORMATION TECHNOLOGYCO., LTD.",Brenton Wu,[XiaoMi][Bitland][A11][ADL-P][Win11] The CPU cannot be woken up by Intel AX201 WIFI Module from MS,2021-12-28 18:39:00,NA
671646,"HUAQIN TECHNOLOGY CO., LTD",NA,"Huaqin Technology Co., Ltd",Wesley Kuo,[HUAWEI][HUAQIN][Morgan][NB3757][Intel TGL][Intel AX201][BT][Win11]The BT headset have no sound and  will disconnect automatically in 26 seconds after connect BT headset.,2021-12-28 04:08:00,NA
671646,"HUAQIN TECHNOLOGY CO., LTD",NA,"Huaqin Technology Co., Ltd",Wesley Kuo,[HUAWEI][HUAQIN][Morgan][NB3757][Intel TGL][Intel AX201][BT][Win11]The BT headset have no sound and  will disconnect automatically in 26 seconds after connect BT headset.,2021-12-28 04:08:00,NA
671646,"HUAQIN TECHNOLOGY CO., LTD",NA,"Huaqin Technology Co., Ltd",Wesley Kuo,[HUAWEI][HUAQIN][Morgan][NB3757][Intel TGL][Intel AX201][BT][Win11]The BT headset have no sound and  will disconnect automatically in 26 seconds after connect BT headset.,2021-12-28 04:08:00,NA
671634,"HUAQIN TECHNOLOGY CO., LTD",NA,"Huaqin Technology Co., Ltd",Leo Chiang,[HONOR][HUAQIN][HalleyM][[AMD Cezanne][AX200][WIN10][BT] System will occur BSOD and bugcheck code is 0x7e when running MS,2021-12-28 03:28:00,NA
671634,"HUAQIN TECHNOLOGY CO., LTD",NA,"Huaqin Technology Co., Ltd",Leo Chiang,[HONOR][HUAQIN][HalleyM][[AMD Cezanne][AX200][WIN10][BT] System will occur BSOD and bugcheck code is 0x7e when running MS,2021-12-28 03:28:00,NA
671634,"HUAQIN TECHNOLOGY CO., LTD",NA,"Huaqin Technology Co., Ltd",Leo Chiang,[HONOR][HUAQIN][HalleyM][[AMD Cezanne][AX200][WIN10][BT] System will occur BSOD and bugcheck code is 0x7e when running MS,2021-12-28 03:28:00,NA
671629,"HUAQIN TECHNOLOGY CO., LTD",NA,"Huaqin Technology Co., Ltd",Wesley Kuo,[HUAWEI][HUAQIN][Morgan][TGL][AX201][WIN11][BT] System will occur BSOD and bugcheck code is 0x7e when running 3DMark stress test.,2021-12-28 03:11:00,NA
671629,"HUAQIN TECHNOLOGY CO., LTD",NA,"Huaqin Technology Co., Ltd",Wesley Kuo,[HUAWEI][HUAQIN][Morgan][TGL][AX201][WIN11][BT] System will occur BSOD and bugcheck code is 0x7e when running 3DMark stress test.,2021-12-28 03:11:00,NA
671629,"HUAQIN TECHNOLOGY CO., LTD",NA,"Huaqin Technology Co., Ltd",Wesley Kuo,[HUAWEI][HUAQIN][Morgan][TGL][AX201][WIN11][BT] System will occur BSOD and bugcheck code is 0x7e when running 3DMark stress test.,2021-12-28 03:11:00,NA
671599,"HUAQIN TECHNOLOGY CO., LTD",NA,"Huaqin Technology Co., Ltd",Leo Chiang,[HONOR][HUAQIN][HiggsF][NB5550B][ADL-P][AX211][WIN11][BT] No sound out put from BT headset when idle DUT a few hours.,2021-12-28 01:43:00,NA
671599,"HUAQIN TECHNOLOGY CO., LTD",NA,"Huaqin Technology Co., Ltd",Leo Chiang,[HONOR][HUAQIN][HiggsF][NB5550B][ADL-P][AX211][WIN11][BT] No sound out put from BT headset when idle DUT a few hours.,2021-12-28 01:43:00,NA
671599,"HUAQIN TECHNOLOGY CO., LTD",NA,"Huaqin Technology Co., Ltd",Leo Chiang,[HONOR][HUAQIN][HiggsF][NB5550B][ADL-P][AX211][WIN11][BT] No sound out put from BT headset when idle DUT a few hours.,2021-12-28 01:43:00,NA
671590,"SHENZHEN BITLAND INFORMATION TECHNOLOGYCO., LTD.",NA,"SHENZHEN BITLAND INFORMATION TECHNOLOGYCO., LTD.",Brenton Wu,"[XiaoMi][Bitland][A28/A39][ADL][Win11][4/10 units,21/120cycles]During the miracast ( PC to PC, PC to MiTV), the screen garbage and horizontal stripes can be observed on the PC or MiTV which is projected.",2021-12-28 01:30:00,NA
671590,"SHENZHEN BITLAND INFORMATION TECHNOLOGYCO., LTD.",NA,"SHENZHEN BITLAND INFORMATION TECHNOLOGYCO., LTD.",Brenton Wu,"[XiaoMi][Bitland][A28/A39][ADL][Win11][4/10 units,21/120cycles]During the miracast ( PC to PC, PC to MiTV), the screen garbage and horizontal stripes can be observed on the PC or MiTV which is projected.",2021-12-28 01:30:00,NA
671590,"SHENZHEN BITLAND INFORMATION TECHNOLOGYCO., LTD.",NA,"SHENZHEN BITLAND INFORMATION TECHNOLOGYCO., LTD.",Brenton Wu,"[XiaoMi][Bitland][A28/A39][ADL][Win11][4/10 units,21/120cycles]During the miracast ( PC to PC, PC to MiTV), the screen garbage and horizontal stripes can be observed on the PC or MiTV which is projected.",2021-12-28 01:30:00,NA
671569,"COMPAL ELECTRONICS, INC.",NA,"COMPAL ELECTRONICS, INC.",Nicky Chen,(Copy Of 00671308) [Dell/Compal] AX211 CITU shmoo test can not work.,2021-12-28 00:43:00,NA
671569,"COMPAL ELECTRONICS, INC.",NA,"COMPAL ELECTRONICS, INC.",Nicky Chen,(Copy Of 00671308) [Dell/Compal] AX211 CITU shmoo test can not work.,2021-12-28 00:43:00,NA
671569,"COMPAL ELECTRONICS, INC.",NA,"COMPAL ELECTRONICS, INC.",Nicky Chen,(Copy Of 00671308) [Dell/Compal] AX211 CITU shmoo test can not work.,2021-12-28 00:43:00,NA
671437,"SHENZHEN BITLAND INFORMATION TECHNOLOGYCO., LTD.",NA,"SHENZHEN BITLAND INFORMATION TECHNOLOGYCO., LTD.",Charles P Chu,[Huawei/Bitland][CML-S][Pangu] Wi-Fi swith cannot not turned on,2021-12-27 18:33:00,NA
671437,"SHENZHEN BITLAND INFORMATION TECHNOLOGYCO., LTD.",NA,"SHENZHEN BITLAND INFORMATION TECHNOLOGYCO., LTD.",Charles P Chu,[Huawei/Bitland][CML-S][Pangu] Wi-Fi swith cannot not turned on,2021-12-27 18:33:00,NA
671437,"SHENZHEN BITLAND INFORMATION TECHNOLOGYCO., LTD.",NA,"SHENZHEN BITLAND INFORMATION TECHNOLOGYCO., LTD.",Charles P Chu,[Huawei/Bitland][CML-S][Pangu] Wi-Fi swith cannot not turned on,2021-12-27 18:33:00,NA
671309,GIGABYTE,"GIGA-BYTE TECHNOLOGY CO., LTD.","GIGA-BYTE TECHNOLOGY CO., LTD.",Brandon Yang,[Gigabyte][alder_lake_HX] SHARP 360HZ panel does not light up issue,2021-12-26 23:56:00,NA
671308,"COMPAL ELECTRONICS, INC.","COMPAL ELECTRONICS, INC.","COMPAL ELECTRONICS, INC.",Nicky Chen,[Dell/Compal] AX211 CITU shmoo test can not work.,2021-12-26 23:55:00,NA
671165,MSI,"MICRO-STAR INTERNATIONAL CO., LTD.","MICRO-STAR INTERNATIONAL CO., LTD.",Brandon Yang,"[MS-1584/17L4/15B1] Connect with HDMI, Switch to Extended mode?Some APP icons on the taskbar display abnormally",2021-12-24 21:56:00,NA
671106,"HUAQIN TECHNOLOGY CO., LTD",NA,"Huaqin Technology Co., Ltd",Leo Chiang,[HONOR][Huaqin][NB5550B][HiggsF][ADL][AX211][BT]It takes too long (10~15s) to convert to Bluetooth headset as audio output device.(F/R:100%),2021-12-24 00:06:00,NA
671106,"HUAQIN TECHNOLOGY CO., LTD",NA,"Huaqin Technology Co., Ltd",Leo Chiang,[HONOR][Huaqin][NB5550B][HiggsF][ADL][AX211][BT]It takes too long (10~15s) to convert to Bluetooth headset as audio output device.(F/R:100%),2021-12-24 00:06:00,NA
671106,"HUAQIN TECHNOLOGY CO., LTD",NA,"Huaqin Technology Co., Ltd",Leo Chiang,[HONOR][Huaqin][NB5550B][HiggsF][ADL][AX211][BT]It takes too long (10~15s) to convert to Bluetooth headset as audio output device.(F/R:100%),2021-12-24 00:06:00,NA
670907,PEGATRON CORPORATION,NA,Pegatron Corporation,Nicky Chen,[MSFT Pegatron][BirchBay] Birch Bay EU WiFi6E RF blocking test setup with Anritsu MT8862A,2021-12-23 01:54:00,NA
670907,PEGATRON CORPORATION,NA,Pegatron Corporation,Nicky Chen,[MSFT Pegatron][BirchBay] Birch Bay EU WiFi6E RF blocking test setup with Anritsu MT8862A,2021-12-23 01:54:00,NA
670907,PEGATRON CORPORATION,NA,Pegatron Corporation,Nicky Chen,[MSFT Pegatron][BirchBay] Birch Bay EU WiFi6E RF blocking test setup with Anritsu MT8862A,2021-12-23 01:54:00,NA
670826,"COMPAL ELECTRONICS, INC.",NA,"COMPAL ELECTRONICS, INC.",Nicky Chen,Intel 9462 factory RSSI tool antenna fail analyze,2021-12-22 22:42:00,NA
670826,"COMPAL ELECTRONICS, INC.",NA,"COMPAL ELECTRONICS, INC.",Nicky Chen,Intel 9462 factory RSSI tool antenna fail analyze,2021-12-22 22:42:00,NA
670826,"COMPAL ELECTRONICS, INC.",NA,"COMPAL ELECTRONICS, INC.",Nicky Chen,Intel 9462 factory RSSI tool antenna fail analyze,2021-12-22 22:42:00,NA
670721,"COMPAL ELECTRONICS, INC.","COMPAL ELECTRONICS, INC.","COMPAL ELECTRONICS, INC.",Nicky Chen,[Dell_Compal_AugustaMLK_CML]WLAN (Intel AX201) disconnecting intermittently,2021-12-22 17:09:00,NA
670529,PEGATRON CORPORATION,NA,Pegatron Corporation,Leo Chiang,[ASUS Pegatron][B2402/B2502][ADL-P][AX211/AX201][22.100.0.3] Bluetooth microphone is not appearing in Recording device after connected to Bluetooth headset,2021-12-22 00:12:00,NA
670529,PEGATRON CORPORATION,NA,Pegatron Corporation,Leo Chiang,[ASUS Pegatron][B2402/B2502][ADL-P][AX211/AX201][22.100.0.3] Bluetooth microphone is not appearing in Recording device after connected to Bluetooth headset,2021-12-22 00:12:00,NA
670529,PEGATRON CORPORATION,NA,Pegatron Corporation,Leo Chiang,[ASUS Pegatron][B2402/B2502][ADL-P][AX211/AX201][22.100.0.3] Bluetooth microphone is not appearing in Recording device after connected to Bluetooth headset,2021-12-22 00:12:00,NA
670502,QUANTA COMPUTER INC.,NA,QUANTA COMPUTER INC.,Leo Chiang,"[Huawei][Quanta][BohrB-B][9560][20H2][BT][805305941] When Bluetooth is connected to PC Set Connection Encryption, the Bluetooth Control on the PC side does not reply HCI_Encryption_Change to the Host side ,causing the connection to be abnormally interrupt",2021-12-21 23:22:00,NA
670502,QUANTA COMPUTER INC.,NA,QUANTA COMPUTER INC.,Leo Chiang,"[Huawei][Quanta][BohrB-B][9560][20H2][BT][805305941] When Bluetooth is connected to PC Set Connection Encryption, the Bluetooth Control on the PC side does not reply HCI_Encryption_Change to the Host side ,causing the connection to be abnormally interrupt",2021-12-21 23:22:00,NA
670502,QUANTA COMPUTER INC.,NA,QUANTA COMPUTER INC.,Leo Chiang,"[Huawei][Quanta][BohrB-B][9560][20H2][BT][805305941] When Bluetooth is connected to PC Set Connection Encryption, the Bluetooth Control on the PC side does not reply HCI_Encryption_Change to the Host side ,causing the connection to be abnormally interrupt",2021-12-21 23:22:00,NA
670451,"COMPAL ELECTRONICS, INC.",NA,"COMPAL ELECTRONICS, INC.",Leo Chiang,[Dell/Compal][ADLP] AX211 BT YB during stress test,2021-12-21 21:50:00,NA
670451,"COMPAL ELECTRONICS, INC.",NA,"COMPAL ELECTRONICS, INC.",Leo Chiang,[Dell/Compal][ADLP] AX211 BT YB during stress test,2021-12-21 21:50:00,NA
670451,"COMPAL ELECTRONICS, INC.",NA,"COMPAL ELECTRONICS, INC.",Leo Chiang,[Dell/Compal][ADLP] AX211 BT YB during stress test,2021-12-21 21:50:00,NA
670425,QUANTA COMPUTER INC.,NA,QUANTA COMPUTER INC.,Charles P Chu,"[Huawei][Quanta][H99V][NobelE_Intel][AX201][20H2][WIFI][BUG-20211129-38699] Wake up the DUT after lid closed for several minutes , can't find WIFI icon from taskbar , Unable to recover after system diagnosis, Restarting the PC does not recover",2021-12-21 19:43:00,NA
670425,QUANTA COMPUTER INC.,NA,QUANTA COMPUTER INC.,Charles P Chu,"[Huawei][Quanta][H99V][NobelE_Intel][AX201][20H2][WIFI][BUG-20211129-38699] Wake up the DUT after lid closed for several minutes , can't find WIFI icon from taskbar , Unable to recover after system diagnosis, Restarting the PC does not recover",2021-12-21 19:43:00,NA
670425,QUANTA COMPUTER INC.,NA,QUANTA COMPUTER INC.,Charles P Chu,"[Huawei][Quanta][H99V][NobelE_Intel][AX201][20H2][WIFI][BUG-20211129-38699] Wake up the DUT after lid closed for several minutes , can't find WIFI icon from taskbar , Unable to recover after system diagnosis, Restarting the PC does not recover",2021-12-21 19:43:00,NA
669870,"COMPAL ELECTRONICS, INC.",NA,"COMPAL ELECTRONICS, INC.",KJ Fang,Dell/Compal][ADL][Odyssey][T-put] 22.90.1.1 abnormal conductive T-put for 5G(Killer1690i),2021-12-20 01:47:00,NA
669870,"COMPAL ELECTRONICS, INC.",NA,"COMPAL ELECTRONICS, INC.",KJ Fang,Dell/Compal][ADL][Odyssey][T-put] 22.90.1.1 abnormal conductive T-put for 5G(Killer1690i),2021-12-20 01:47:00,NA
669870,"COMPAL ELECTRONICS, INC.",NA,"COMPAL ELECTRONICS, INC.",KJ Fang,Dell/Compal][ADL][Odyssey][T-put] 22.90.1.1 abnormal conductive T-put for 5G(Killer1690i),2021-12-20 01:47:00,NA
669793,CLEVO,CLEVO CO.,CLEVO CO.,Brandon Yang,"[AlderLake-CLEVO-V1x0PNP-Louis] During using ""Movie&TV"" to play 1080P video files on Duplicate mode for the overnight test, system could have the black screen",2021-12-19 23:07:00,NA
669783,PEGATRON CORPORATION,NA,Pegatron Corporation,Leo Chiang,[ASUS Pegatron][B2402/B2502][ADL-P][AX211/AX201][22.100.0.3] Audio input/output will not be able to switch to PC when making phone calls via Your Phone app.,2021-12-19 22:37:00,NA
669783,PEGATRON CORPORATION,NA,Pegatron Corporation,Leo Chiang,[ASUS Pegatron][B2402/B2502][ADL-P][AX211/AX201][22.100.0.3] Audio input/output will not be able to switch to PC when making phone calls via Your Phone app.,2021-12-19 22:37:00,NA
669783,PEGATRON CORPORATION,NA,Pegatron Corporation,Leo Chiang,[ASUS Pegatron][B2402/B2502][ADL-P][AX211/AX201][22.100.0.3] Audio input/output will not be able to switch to PC when making phone calls via Your Phone app.,2021-12-19 22:37:00,NA
669729,WISTRON CORPORATION,NA,WISTRON CORPORATION,Wesley Kuo,"[Lenovo-ThinkPad][Wistron][ThinkPad P1 Gen 5/ThinkPad X1 Extreme Gen 5]Cheetah2:Win10:Win11:21H2:HLK: System - PNP (disable and enable) with IO Before and After (Reliability) failed on BSOD ""DRIVER_VERIFIER_DETECTED_VIOLATION""(0xc4)",2021-12-19 19:13:00,NA
669729,WISTRON CORPORATION,NA,WISTRON CORPORATION,Wesley Kuo,"[Lenovo-ThinkPad][Wistron][ThinkPad P1 Gen 5/ThinkPad X1 Extreme Gen 5]Cheetah2:Win10:Win11:21H2:HLK: System - PNP (disable and enable) with IO Before and After (Reliability) failed on BSOD ""DRIVER_VERIFIER_DETECTED_VIOLATION""(0xc4)",2021-12-19 19:13:00,NA
669729,WISTRON CORPORATION,NA,WISTRON CORPORATION,Wesley Kuo,"[Lenovo-ThinkPad][Wistron][ThinkPad P1 Gen 5/ThinkPad X1 Extreme Gen 5]Cheetah2:Win10:Win11:21H2:HLK: System - PNP (disable and enable) with IO Before and After (Reliability) failed on BSOD ""DRIVER_VERIFIER_DETECTED_VIOLATION""(0xc4)",2021-12-19 19:13:00,NA
669593,CLEVO,CLEVO CO.,CLEVO CO.,Brandon Yang,[ADL-P-CLEVO-X270PTA-Peter] GOP T3 PANEL SEQUENCE (0~200ms) can't delay always 131ms timfing (use min led panel 360hz auo),2021-12-17 16:44:00,NA
669538,"HUAQIN TECHNOLOGY CO., LTD",NA,"Huaqin Technology Co., Ltd",Leo Chiang,[HONOR][HUAQIN][HalleyM][NB5550][AMD][AX200][WIN11][BT] System will occur BSOD when running coldboot .,2021-12-17 05:41:00,NA
669538,"HUAQIN TECHNOLOGY CO., LTD",NA,"Huaqin Technology Co., Ltd",Leo Chiang,[HONOR][HUAQIN][HalleyM][NB5550][AMD][AX200][WIN11][BT] System will occur BSOD when running coldboot .,2021-12-17 05:41:00,NA
669538,"HUAQIN TECHNOLOGY CO., LTD",NA,"Huaqin Technology Co., Ltd",Leo Chiang,[HONOR][HUAQIN][HalleyM][NB5550][AMD][AX200][WIN11][BT] System will occur BSOD when running coldboot .,2021-12-17 05:41:00,NA
669392,"HUAQIN TECHNOLOGY CO., LTD",NA,"Huaqin Technology Co., Ltd",Zhiwei He,[HUAWEI][HUAQIN][Morgan][TGL][AX201][WIN11][WIFI] The system automatically disconnects from the network,2021-12-16 22:31:00,NA
669392,"HUAQIN TECHNOLOGY CO., LTD",NA,"Huaqin Technology Co., Ltd",Zhiwei He,[HUAWEI][HUAQIN][Morgan][TGL][AX201][WIN11][WIFI] The system automatically disconnects from the network,2021-12-16 22:31:00,NA
669392,"HUAQIN TECHNOLOGY CO., LTD",NA,"Huaqin Technology Co., Ltd",Zhiwei He,[HUAWEI][HUAQIN][Morgan][TGL][AX201][WIN11][WIFI] The system automatically disconnects from the network,2021-12-16 22:31:00,NA
669337,"HUAQIN TECHNOLOGY CO., LTD",NA,"Huaqin Technology Co., Ltd",Zhiqiang Cai,"[Huaqin][Lenovo][ADL][ThinkBook Gen4 IAP]First connection miracast Project Fail.(F/R:2/5 by UUTs,2 /5 by cycles)",2021-12-16 19:50:00,NA
669337,"HUAQIN TECHNOLOGY CO., LTD",NA,"Huaqin Technology Co., Ltd",Zhiqiang Cai,"[Huaqin][Lenovo][ADL][ThinkBook Gen4 IAP]First connection miracast Project Fail.(F/R:2/5 by UUTs,2 /5 by cycles)",2021-12-16 19:50:00,NA
669337,"HUAQIN TECHNOLOGY CO., LTD",NA,"Huaqin Technology Co., Ltd",Zhiqiang Cai,"[Huaqin][Lenovo][ADL][ThinkBook Gen4 IAP]First connection miracast Project Fail.(F/R:2/5 by UUTs,2 /5 by cycles)",2021-12-16 19:50:00,NA
669322,"HUAQIN TECHNOLOGY CO., LTD",NA,"Huaqin Technology Co., Ltd",Wesley Kuo,"[Huaqin][Lenovo][ADL][ThinkBook Gen4 IAP]The BT will automatically turn off about 30sec after disable airplane mode in setting page.(F/R:1/5 by UUTs, 5/50 by cycles)",2021-12-16 19:24:00,NA
669322,"HUAQIN TECHNOLOGY CO., LTD",NA,"Huaqin Technology Co., Ltd",Wesley Kuo,"[Huaqin][Lenovo][ADL][ThinkBook Gen4 IAP]The BT will automatically turn off about 30sec after disable airplane mode in setting page.(F/R:1/5 by UUTs, 5/50 by cycles)",2021-12-16 19:24:00,NA
669322,"HUAQIN TECHNOLOGY CO., LTD",NA,"Huaqin Technology Co., Ltd",Wesley Kuo,"[Huaqin][Lenovo][ADL][ThinkBook Gen4 IAP]The BT will automatically turn off about 30sec after disable airplane mode in setting page.(F/R:1/5 by UUTs, 5/50 by cycles)",2021-12-16 19:24:00,NA
669199,"HUAQIN TECHNOLOGY CO., LTD",NA,"Huaqin Technology Co., Ltd",Wesley Kuo,"[HQ][Samsung][TITAN2-M ][Intel][ADL-P][Win11R][22.100.0.3]Bluetooth device lost after closing lid more than 8 hours.(FR: 6/6 units, 8/8 times)",2021-12-16 05:25:00,NA
669199,"HUAQIN TECHNOLOGY CO., LTD",NA,"Huaqin Technology Co., Ltd",Wesley Kuo,"[HQ][Samsung][TITAN2-M ][Intel][ADL-P][Win11R][22.100.0.3]Bluetooth device lost after closing lid more than 8 hours.(FR: 6/6 units, 8/8 times)",2021-12-16 05:25:00,NA
669199,"HUAQIN TECHNOLOGY CO., LTD",NA,"Huaqin Technology Co., Ltd",Wesley Kuo,"[HQ][Samsung][TITAN2-M ][Intel][ADL-P][Win11R][22.100.0.3]Bluetooth device lost after closing lid more than 8 hours.(FR: 6/6 units, 8/8 times)",2021-12-16 05:25:00,NA
669166,DYNABOOK INC.,NA,Dynabook Inc.,Leo Chiang,[Dynabook][Win11] BSOD occurs after connect mobile hotspot via BT and browse the web,2021-12-16 02:58:00,NA
669166,DYNABOOK INC.,NA,Dynabook Inc.,Leo Chiang,[Dynabook][Win11] BSOD occurs after connect mobile hotspot via BT and browse the web,2021-12-16 02:58:00,NA
669166,DYNABOOK INC.,NA,Dynabook Inc.,Leo Chiang,[Dynabook][Win11] BSOD occurs after connect mobile hotspot via BT and browse the web,2021-12-16 02:58:00,NA
669140,"SHENZHEN BITLAND INFORMATION TECHNOLOGYCO., LTD.",NA,"SHENZHEN BITLAND INFORMATION TECHNOLOGYCO., LTD.",Brenton Wu,[XiaoMi][Bitland][A28/A39/A11][ADL-P][Win11][100%] The green screen can be observed intermittently once phone (HUAWEI Mate 30) to PC via MSFT's wireless display.,2021-12-16 01:44:00,NA
669140,"SHENZHEN BITLAND INFORMATION TECHNOLOGYCO., LTD.",NA,"SHENZHEN BITLAND INFORMATION TECHNOLOGYCO., LTD.",Brenton Wu,[XiaoMi][Bitland][A28/A39/A11][ADL-P][Win11][100%] The green screen can be observed intermittently once phone (HUAWEI Mate 30) to PC via MSFT's wireless display.,2021-12-16 01:44:00,NA
669140,"SHENZHEN BITLAND INFORMATION TECHNOLOGYCO., LTD.",NA,"SHENZHEN BITLAND INFORMATION TECHNOLOGYCO., LTD.",Brenton Wu,[XiaoMi][Bitland][A28/A39/A11][ADL-P][Win11][100%] The green screen can be observed intermittently once phone (HUAWEI Mate 30) to PC via MSFT's wireless display.,2021-12-16 01:44:00,NA
669119,"HUAQIN TECHNOLOGY CO., LTD",NA,"Huaqin Technology Co., Ltd",Wesley Kuo,[HQ][Samsung][ADL-P][TITAN2-M][Win11R][WHQL]System - Sleep with IO Before and After (Reliability SysFund) test fail on test units(FR:3 out of 3 units 12 out 12 of times),2021-12-16 01:00:00,NA
669119,"HUAQIN TECHNOLOGY CO., LTD",NA,"Huaqin Technology Co., Ltd",Wesley Kuo,[HQ][Samsung][ADL-P][TITAN2-M][Win11R][WHQL]System - Sleep with IO Before and After (Reliability SysFund) test fail on test units(FR:3 out of 3 units 12 out 12 of times),2021-12-16 01:00:00,NA
669119,"HUAQIN TECHNOLOGY CO., LTD",NA,"Huaqin Technology Co., Ltd",Wesley Kuo,[HQ][Samsung][ADL-P][TITAN2-M][Win11R][WHQL]System - Sleep with IO Before and After (Reliability SysFund) test fail on test units(FR:3 out of 3 units 12 out 12 of times),2021-12-16 01:00:00,NA
669102,"COMPAL ELECTRONICS, INC.",NA,"COMPAL ELECTRONICS, INC.",Leo Chiang,[Dell][Compal][SIF G15 MLK][ADL-P][Win11]Killer 1650i bluetooth yellow bang when WB cycle test.,2021-12-16 00:41:00,NA
669102,"COMPAL ELECTRONICS, INC.",NA,"COMPAL ELECTRONICS, INC.",Leo Chiang,[Dell][Compal][SIF G15 MLK][ADL-P][Win11]Killer 1650i bluetooth yellow bang when WB cycle test.,2021-12-16 00:41:00,NA
669102,"COMPAL ELECTRONICS, INC.",NA,"COMPAL ELECTRONICS, INC.",Leo Chiang,[Dell][Compal][SIF G15 MLK][ADL-P][Win11]Killer 1650i bluetooth yellow bang when WB cycle test.,2021-12-16 00:41:00,NA
668978,"HUAQIN TECHNOLOGY CO., LTD",NA,"Huaqin Technology Co., Ltd",Wesley Kuo,[HUAWEI][HUAQIN][Morgan][Intel TGL][Intel AX 201][BT][Win11]The BT mouse does not work properly after the PC resumer from S4.,2021-12-15 19:41:00,NA
668978,"HUAQIN TECHNOLOGY CO., LTD",NA,"Huaqin Technology Co., Ltd",Wesley Kuo,[HUAWEI][HUAQIN][Morgan][Intel TGL][Intel AX 201][BT][Win11]The BT mouse does not work properly after the PC resumer from S4.,2021-12-15 19:41:00,NA
668978,"HUAQIN TECHNOLOGY CO., LTD",NA,"Huaqin Technology Co., Ltd",Wesley Kuo,[HUAWEI][HUAQIN][Morgan][Intel TGL][Intel AX 201][BT][Win11]The BT mouse does not work properly after the PC resumer from S4.,2021-12-15 19:41:00,NA
668935,"COMPAL ELECTRONICS, INC.",NA,"COMPAL ELECTRONICS, INC.",Zhiqiang Cai,"[Lenovo-Ideapad][Compal][S570][ADL-P][Win11] Stress_MS Wifi, Unit have no SW&HW DRIPS value(SW=0; HW=""-"") caused by Intel AX201 (F/R:14/27 units)",2021-12-15 18:02:00,NA
668935,"COMPAL ELECTRONICS, INC.",NA,"COMPAL ELECTRONICS, INC.",Zhiqiang Cai,"[Lenovo-Ideapad][Compal][S570][ADL-P][Win11] Stress_MS Wifi, Unit have no SW&HW DRIPS value(SW=0; HW=""-"") caused by Intel AX201 (F/R:14/27 units)",2021-12-15 18:02:00,NA
668935,"COMPAL ELECTRONICS, INC.",NA,"COMPAL ELECTRONICS, INC.",Zhiqiang Cai,"[Lenovo-Ideapad][Compal][S570][ADL-P][Win11] Stress_MS Wifi, Unit have no SW&HW DRIPS value(SW=0; HW=""-"") caused by Intel AX201 (F/R:14/27 units)",2021-12-15 18:02:00,NA
668732,DYNABOOK INC.,NA,Dynabook Inc.,Timdaway Lai,[Danabook]Target PC cannot automatically reconnect to AP after disconnect to AP during modern standby,2021-12-15 00:29:00,NA
668732,DYNABOOK INC.,NA,Dynabook Inc.,Timdaway Lai,[Danabook]Target PC cannot automatically reconnect to AP after disconnect to AP during modern standby,2021-12-15 00:29:00,NA
668732,DYNABOOK INC.,NA,Dynabook Inc.,Timdaway Lai,[Danabook]Target PC cannot automatically reconnect to AP after disconnect to AP during modern standby,2021-12-15 00:29:00,NA
668731,"HUAQIN TECHNOLOGY CO., LTD",NA,"Huaqin Technology Co., Ltd",Wesley Kuo,"[Samsung][Intel][ADL-P][Win11R][22.100.0.3]Sound echo occurs when the voice recorder is executed after playing a music using bt earphones (FR:2/2 units, 10/10 times)",2021-12-15 00:28:00,NA
668731,"HUAQIN TECHNOLOGY CO., LTD",NA,"Huaqin Technology Co., Ltd",Wesley Kuo,"[Samsung][Intel][ADL-P][Win11R][22.100.0.3]Sound echo occurs when the voice recorder is executed after playing a music using bt earphones (FR:2/2 units, 10/10 times)",2021-12-15 00:28:00,NA
668731,"HUAQIN TECHNOLOGY CO., LTD",NA,"Huaqin Technology Co., Ltd",Wesley Kuo,"[Samsung][Intel][ADL-P][Win11R][22.100.0.3]Sound echo occurs when the voice recorder is executed after playing a music using bt earphones (FR:2/2 units, 10/10 times)",2021-12-15 00:28:00,NA
668693,QUANTA COMPUTER INC.,NA,QUANTA COMPUTER INC.,Leo Chiang,[ASUS Gaming Quana][FX507_FX517][ADL-P][AX201NGW][22.100.0.3] Sound will output from internal speaker after system resume from S4/Reboot with specific BT headphone connected,2021-12-14 23:20:00,NA
668693,QUANTA COMPUTER INC.,NA,QUANTA COMPUTER INC.,Leo Chiang,[ASUS Gaming Quana][FX507_FX517][ADL-P][AX201NGW][22.100.0.3] Sound will output from internal speaker after system resume from S4/Reboot with specific BT headphone connected,2021-12-14 23:20:00,NA
668693,QUANTA COMPUTER INC.,NA,QUANTA COMPUTER INC.,Leo Chiang,[ASUS Gaming Quana][FX507_FX517][ADL-P][AX201NGW][22.100.0.3] Sound will output from internal speaker after system resume from S4/Reboot with specific BT headphone connected,2021-12-14 23:20:00,NA
668660,QUANTA COMPUTER INC.,NA,QUANTA COMPUTER INC.,Leo Chiang,[ASUS Gaming Quana][FX507_FX517][ADL-P][AX201NGW][22.100.0.3] Sound output from headset after conneted 20~30 secondset,2021-12-14 22:26:00,NA
668660,QUANTA COMPUTER INC.,NA,QUANTA COMPUTER INC.,Leo Chiang,[ASUS Gaming Quana][FX507_FX517][ADL-P][AX201NGW][22.100.0.3] Sound output from headset after conneted 20~30 secondset,2021-12-14 22:26:00,NA
668660,QUANTA COMPUTER INC.,NA,QUANTA COMPUTER INC.,Leo Chiang,[ASUS Gaming Quana][FX507_FX517][ADL-P][AX201NGW][22.100.0.3] Sound output from headset after conneted 20~30 secondset,2021-12-14 22:26:00,NA
668594,"COMPAL ELECTRONICS, INC.",NA,"COMPAL ELECTRONICS, INC.",Leo Chiang,[Asus Compal][9560 9462]When run s3/s4 stress test will found system event show error ID 17,2021-12-14 18:51:00,NA
668594,"COMPAL ELECTRONICS, INC.",NA,"COMPAL ELECTRONICS, INC.",Leo Chiang,[Asus Compal][9560 9462]When run s3/s4 stress test will found system event show error ID 17,2021-12-14 18:51:00,NA
668594,"COMPAL ELECTRONICS, INC.",NA,"COMPAL ELECTRONICS, INC.",Leo Chiang,[Asus Compal][9560 9462]When run s3/s4 stress test will found system event show error ID 17,2021-12-14 18:51:00,NA
668398,"HUAQIN TECHNOLOGY CO., LTD",NA,"Huaqin Technology Co., Ltd",Wesley Kuo,[HUAWEI][HUAQIN][Morgan][Intel TGL][Intel AX 201][BT][Win11]The DUT cannot connect to BT mouse(Huawei AF30 BLE) successfully.,2021-12-14 02:53:00,NA
668398,"HUAQIN TECHNOLOGY CO., LTD",NA,"Huaqin Technology Co., Ltd",Wesley Kuo,[HUAWEI][HUAQIN][Morgan][Intel TGL][Intel AX 201][BT][Win11]The DUT cannot connect to BT mouse(Huawei AF30 BLE) successfully.,2021-12-14 02:53:00,NA
668398,"HUAQIN TECHNOLOGY CO., LTD",NA,"Huaqin Technology Co., Ltd",Wesley Kuo,[HUAWEI][HUAQIN][Morgan][Intel TGL][Intel AX 201][BT][Win11]The DUT cannot connect to BT mouse(Huawei AF30 BLE) successfully.,2021-12-14 02:53:00,NA
668344,"HUAQIN TECHNOLOGY CO., LTD",NA,"Huaqin Technology Co., Ltd",Steven ZY Chen,"[Xiaomi][Huaqin][A54S][AMD Rambrandt][SDV]HLK ""Bluetooth - LEExtendedAdvertising(Development and Intergration)"" test fail 100%",2021-12-14 01:10:00,NA
668344,"HUAQIN TECHNOLOGY CO., LTD",NA,"Huaqin Technology Co., Ltd",Steven ZY Chen,"[Xiaomi][Huaqin][A54S][AMD Rambrandt][SDV]HLK ""Bluetooth - LEExtendedAdvertising(Development and Intergration)"" test fail 100%",2021-12-14 01:10:00,NA
668344,"HUAQIN TECHNOLOGY CO., LTD",NA,"Huaqin Technology Co., Ltd",Steven ZY Chen,"[Xiaomi][Huaqin][A54S][AMD Rambrandt][SDV]HLK ""Bluetooth - LEExtendedAdvertising(Development and Intergration)"" test fail 100%",2021-12-14 01:10:00,NA
668325,QUANTA COMPUTER INC.,NA,QUANTA COMPUTER INC.,Leo Chiang,"[ASUS][FX507_FX517][ADL-P][AX201] ""Can't play"" error message appears during playback music to connect BT headset",2021-12-14 00:42:00,NA
668325,QUANTA COMPUTER INC.,NA,QUANTA COMPUTER INC.,Leo Chiang,"[ASUS][FX507_FX517][ADL-P][AX201] ""Can't play"" error message appears during playback music to connect BT headset",2021-12-14 00:42:00,NA
668325,QUANTA COMPUTER INC.,NA,QUANTA COMPUTER INC.,Leo Chiang,"[ASUS][FX507_FX517][ADL-P][AX201] ""Can't play"" error message appears during playback music to connect BT headset",2021-12-14 00:42:00,NA
668311,"HUAQIN TECHNOLOGY CO., LTD",NA,"Huaqin Technology Co., Ltd",Wesley Kuo,[HUAWEI][HUAQIN][Morgan][Intel TGL][Intel AX 201][BT][Win11]The DUT cannot connect to BT mouse(Huawei AF30 BLE) successfully.,2021-12-14 00:18:00,NA
668311,"HUAQIN TECHNOLOGY CO., LTD",NA,"Huaqin Technology Co., Ltd",Wesley Kuo,[HUAWEI][HUAQIN][Morgan][Intel TGL][Intel AX 201][BT][Win11]The DUT cannot connect to BT mouse(Huawei AF30 BLE) successfully.,2021-12-14 00:18:00,NA
668311,"HUAQIN TECHNOLOGY CO., LTD",NA,"Huaqin Technology Co., Ltd",Wesley Kuo,[HUAWEI][HUAQIN][Morgan][Intel TGL][Intel AX 201][BT][Win11]The DUT cannot connect to BT mouse(Huawei AF30 BLE) successfully.,2021-12-14 00:18:00,NA
668300,"HUAQIN TECHNOLOGY CO., LTD",NA,"Huaqin Technology Co., Ltd",Steven ZY Chen,[XiaoMi][Huaqin][A55/A54][ADL-P][AX201/AX211][SIT]The machine cannot be awakened by bluetooth mouse/KB after enter MS. (F/R 2/2 units 10/10 cycles),2021-12-14 00:01:00,NA
668300,"HUAQIN TECHNOLOGY CO., LTD",NA,"Huaqin Technology Co., Ltd",Steven ZY Chen,[XiaoMi][Huaqin][A55/A54][ADL-P][AX201/AX211][SIT]The machine cannot be awakened by bluetooth mouse/KB after enter MS. (F/R 2/2 units 10/10 cycles),2021-12-14 00:01:00,NA
668300,"HUAQIN TECHNOLOGY CO., LTD",NA,"Huaqin Technology Co., Ltd",Steven ZY Chen,[XiaoMi][Huaqin][A55/A54][ADL-P][AX201/AX211][SIT]The machine cannot be awakened by bluetooth mouse/KB after enter MS. (F/R 2/2 units 10/10 cycles),2021-12-14 00:01:00,NA
668290,PEGATRON CORPORATION,NA,Pegatron Corporation,Nicky Chen,[MSFT Pegatron][BirchBay] [ADL-P][AX211]Test failed with AX211D2W on CBE &PSD and TX power,2021-12-13 23:38:00,NA
668290,PEGATRON CORPORATION,NA,Pegatron Corporation,Nicky Chen,[MSFT Pegatron][BirchBay] [ADL-P][AX211]Test failed with AX211D2W on CBE &PSD and TX power,2021-12-13 23:38:00,NA
668290,PEGATRON CORPORATION,NA,Pegatron Corporation,Nicky Chen,[MSFT Pegatron][BirchBay] [ADL-P][AX211]Test failed with AX211D2W on CBE &PSD and TX power,2021-12-13 23:38:00,NA
668052,"SHANGHAI WINGTECH ELECTRONICS TECHNOLOGYCO., LTD.",NA,"SHANGHAI WINGTECH ELECTRONICS TECHNOLOGYCO., LTD.",Wesley Kuo,"[Huawei][Wingtech][Dirac][Intel Tiger Lake UP4][AX201][21H1] [BT]PAD connection through Bluetooth PC, probability is not connected",2021-12-13 05:36:00,NA
668052,"SHANGHAI WINGTECH ELECTRONICS TECHNOLOGYCO., LTD.",NA,"SHANGHAI WINGTECH ELECTRONICS TECHNOLOGYCO., LTD.",Wesley Kuo,"[Huawei][Wingtech][Dirac][Intel Tiger Lake UP4][AX201][21H1] [BT]PAD connection through Bluetooth PC, probability is not connected",2021-12-13 05:36:00,NA
668052,"SHANGHAI WINGTECH ELECTRONICS TECHNOLOGYCO., LTD.",NA,"SHANGHAI WINGTECH ELECTRONICS TECHNOLOGYCO., LTD.",Wesley Kuo,"[Huawei][Wingtech][Dirac][Intel Tiger Lake UP4][AX201][21H1] [BT]PAD connection through Bluetooth PC, probability is not connected",2021-12-13 05:36:00,NA
668040,"HUAQIN TECHNOLOGY CO., LTD",NA,"Huaqin Technology Co., Ltd",Zhiqiang Cai,"[Lenovo][HUAQIN][Thinkbook Gen4][ADL]The Windows WiFi UI icon lost, but the wlan card still can be found in device manager(AX201/211)",2021-12-13 03:56:00,NA
668040,"HUAQIN TECHNOLOGY CO., LTD",NA,"Huaqin Technology Co., Ltd",Zhiqiang Cai,"[Lenovo][HUAQIN][Thinkbook Gen4][ADL]The Windows WiFi UI icon lost, but the wlan card still can be found in device manager(AX201/211)",2021-12-13 03:56:00,NA
668040,"HUAQIN TECHNOLOGY CO., LTD",NA,"Huaqin Technology Co., Ltd",Zhiqiang Cai,"[Lenovo][HUAQIN][Thinkbook Gen4][ADL]The Windows WiFi UI icon lost, but the wlan card still can be found in device manager(AX201/211)",2021-12-13 03:56:00,NA
668028,"COMPAL ELECTRONICS, INC.","COMPAL ELECTRONICS, INC.","COMPAL ELECTRONICS, INC.",Brandon Yang,[Dell_Compal_ADL_Odyssey]Online video will lag on External Display with game played on eDP.,2021-12-13 03:35:00,NA
667863,CLEVO,CLEVO CO.,CLEVO CO.,Brandon Yang,[ADL-P-CLEVO-NP5xPNP-Yupai] The panel flicker if do S3 resume,2021-12-12 22:09:00,NA
667719,DYNABOOK INC.,NA,Dynabook Inc.,Wesley Kuo,Dynabook][Win11] No sound output from the BT headset after adjusting the music/video progress bar,2021-12-10 23:19:00,NA
667719,DYNABOOK INC.,NA,Dynabook Inc.,Wesley Kuo,Dynabook][Win11] No sound output from the BT headset after adjusting the music/video progress bar,2021-12-10 23:19:00,NA
667719,DYNABOOK INC.,NA,Dynabook Inc.,Wesley Kuo,Dynabook][Win11] No sound output from the BT headset after adjusting the music/video progress bar,2021-12-10 23:19:00,NA
667631,"SHENZHEN BITLAND INFORMATION TECHNOLOGYCO., LTD.",NA,"SHENZHEN BITLAND INFORMATION TECHNOLOGYCO., LTD.",Steven ZY Chen,"[XiaoMi][Bitland][A11][ADL-P][Win11][100%] BT headset can't be shown in  ""recording"" window with BT Audio Offload enabled.",2021-12-10 02:50:00,NA
667631,"SHENZHEN BITLAND INFORMATION TECHNOLOGYCO., LTD.",NA,"SHENZHEN BITLAND INFORMATION TECHNOLOGYCO., LTD.",Steven ZY Chen,"[XiaoMi][Bitland][A11][ADL-P][Win11][100%] BT headset can't be shown in  ""recording"" window with BT Audio Offload enabled.",2021-12-10 02:50:00,NA
667631,"SHENZHEN BITLAND INFORMATION TECHNOLOGYCO., LTD.",NA,"SHENZHEN BITLAND INFORMATION TECHNOLOGYCO., LTD.",Steven ZY Chen,"[XiaoMi][Bitland][A11][ADL-P][Win11][100%] BT headset can't be shown in  ""recording"" window with BT Audio Offload enabled.",2021-12-10 02:50:00,NA
667630,"COMPAL ELECTRONICS, INC.","COMPAL ELECTRONICS, INC.","COMPAL ELECTRONICS, INC.",Nicky Chen,[Dell_Compal_ADL_Odyssey]Stress_BurnIn_BSOD_KERNEL_SECURITY_CHECK_FAILURE with dump (0x139),2021-12-10 02:47:00,NA
667557,"HUAQIN TECHNOLOGY CO., LTD",NA,"Huaqin Technology Co., Ltd",Wesley Kuo,"[Lenovo][HUAQIN][Thinkbook Gen4][ADL]BT mouse has a delay about one second after idle BT mouse about 3s.(FR:4/4 units,18/65 times)",2021-12-10 00:20:00,NA
667557,"HUAQIN TECHNOLOGY CO., LTD",NA,"Huaqin Technology Co., Ltd",Wesley Kuo,"[Lenovo][HUAQIN][Thinkbook Gen4][ADL]BT mouse has a delay about one second after idle BT mouse about 3s.(FR:4/4 units,18/65 times)",2021-12-10 00:20:00,NA
667557,"HUAQIN TECHNOLOGY CO., LTD",NA,"Huaqin Technology Co., Ltd",Wesley Kuo,"[Lenovo][HUAQIN][Thinkbook Gen4][ADL]BT mouse has a delay about one second after idle BT mouse about 3s.(FR:4/4 units,18/65 times)",2021-12-10 00:20:00,NA
667552,"HUAQIN TECHNOLOGY CO., LTD",NA,"Huaqin Technology Co., Ltd",Wesley Kuo,"[Lenovo][HUAQIN][Thinkbook Gen4][ADL]BT mouse has a delay about one second after idle BT mouse about 10s.(FR:4/4 units,12/65 times)",2021-12-10 00:13:00,NA
667552,"HUAQIN TECHNOLOGY CO., LTD",NA,"Huaqin Technology Co., Ltd",Wesley Kuo,"[Lenovo][HUAQIN][Thinkbook Gen4][ADL]BT mouse has a delay about one second after idle BT mouse about 10s.(FR:4/4 units,12/65 times)",2021-12-10 00:13:00,NA
667552,"HUAQIN TECHNOLOGY CO., LTD",NA,"Huaqin Technology Co., Ltd",Wesley Kuo,"[Lenovo][HUAQIN][Thinkbook Gen4][ADL]BT mouse has a delay about one second after idle BT mouse about 10s.(FR:4/4 units,12/65 times)",2021-12-10 00:13:00,NA
667313,"HUAQIN TECHNOLOGY CO., LTD",NA,"Huaqin Technology Co., Ltd",Leo Chiang,[HONOR][HUAQIN][HiggsF][NB5550B][ADL-P][AX211][WIN11][BT] Bluetooth device will show YB and YB code is 10 when running BT device disable and enable test.,2021-12-09 03:53:00,NA
667313,"HUAQIN TECHNOLOGY CO., LTD",NA,"Huaqin Technology Co., Ltd",Leo Chiang,[HONOR][HUAQIN][HiggsF][NB5550B][ADL-P][AX211][WIN11][BT] Bluetooth device will show YB and YB code is 10 when running BT device disable and enable test.,2021-12-09 03:53:00,NA
667313,"HUAQIN TECHNOLOGY CO., LTD",NA,"Huaqin Technology Co., Ltd",Leo Chiang,[HONOR][HUAQIN][HiggsF][NB5550B][ADL-P][AX211][WIN11][BT] Bluetooth device will show YB and YB code is 10 when running BT device disable and enable test.,2021-12-09 03:53:00,NA
667292,QUANTA COMPUTER INC.,NA,QUANTA COMPUTER INC.,Charles P Chu,"[Huawei][Quanta][H9R&H9U][RolleF&CurieF][AX201][21H2][WLAN] [BUG-20211209-39167] The DUT press Win+K to serach Huawi TV v65i by Miracast, When press to connect TV but fail",2021-12-09 02:44:00,NA
667292,QUANTA COMPUTER INC.,NA,QUANTA COMPUTER INC.,Charles P Chu,"[Huawei][Quanta][H9R&H9U][RolleF&CurieF][AX201][21H2][WLAN] [BUG-20211209-39167] The DUT press Win+K to serach Huawi TV v65i by Miracast, When press to connect TV but fail",2021-12-09 02:44:00,NA
667292,QUANTA COMPUTER INC.,NA,QUANTA COMPUTER INC.,Charles P Chu,"[Huawei][Quanta][H9R&H9U][RolleF&CurieF][AX201][21H2][WLAN] [BUG-20211209-39167] The DUT press Win+K to serach Huawi TV v65i by Miracast, When press to connect TV but fail",2021-12-09 02:44:00,NA
667197,NEXSTGO COMPANY LIMITED,NA,NEXSTGO Company Limited,Timdaway Lai,[Nexstgo][ADL_28W_RVP][Win11_21H2][WIFI_9560] WLAN(jfp2) device yellow bang (Code:10) during warm boot,2021-12-08 23:29:00,NA
667197,NEXSTGO COMPANY LIMITED,NA,NEXSTGO Company Limited,Timdaway Lai,[Nexstgo][ADL_28W_RVP][Win11_21H2][WIFI_9560] WLAN(jfp2) device yellow bang (Code:10) during warm boot,2021-12-08 23:29:00,NA
667197,NEXSTGO COMPANY LIMITED,NA,NEXSTGO Company Limited,Timdaway Lai,[Nexstgo][ADL_28W_RVP][Win11_21H2][WIFI_9560] WLAN(jfp2) device yellow bang (Code:10) during warm boot,2021-12-08 23:29:00,NA
667189,"HUAQIN TECHNOLOGY CO., LTD",NA,"Huaqin Technology Co., Ltd",Steven ZY Chen,"[XiaoMi][Huaqin][A55/A54][ADL-P][AX211][Win11][SIT]When two PCs are connected through bluetooth,the connection will be automatically disconnected for 6-15s  under Idle.",2021-12-08 23:17:00,NA
667189,"HUAQIN TECHNOLOGY CO., LTD",NA,"Huaqin Technology Co., Ltd",Steven ZY Chen,"[XiaoMi][Huaqin][A55/A54][ADL-P][AX211][Win11][SIT]When two PCs are connected through bluetooth,the connection will be automatically disconnected for 6-15s  under Idle.",2021-12-08 23:17:00,NA
667189,"HUAQIN TECHNOLOGY CO., LTD",NA,"Huaqin Technology Co., Ltd",Steven ZY Chen,"[XiaoMi][Huaqin][A55/A54][ADL-P][AX211][Win11][SIT]When two PCs are connected through bluetooth,the connection will be automatically disconnected for 6-15s  under Idle.",2021-12-08 23:17:00,NA
667134,"COMPAL ELECTRONICS, INC.","COMPAL ELECTRONICS, INC.","COMPAL ELECTRONICS, INC.",Brandon Yang,[Dell_Compal_ADL_Odyssey]3DMark-Night raid will show error message and cannot test with DRR enabled (windows/swapchain initialization failed:DXG1 call DXGISwapChain:SetFullscreenState failed {0x80004005]).,2021-12-08 21:11:00,NA
667020,"COMPAL ELECTRONICS, INC.",NA,"COMPAL ELECTRONICS, INC.",Timdaway Lai,[Dell][Compal][Odyssey] Miracast will auto disconnect after first time to connect,2021-12-08 18:06:00,NA
667020,"COMPAL ELECTRONICS, INC.",NA,"COMPAL ELECTRONICS, INC.",Timdaway Lai,[Dell][Compal][Odyssey] Miracast will auto disconnect after first time to connect,2021-12-08 18:06:00,NA
667020,"COMPAL ELECTRONICS, INC.",NA,"COMPAL ELECTRONICS, INC.",Timdaway Lai,[Dell][Compal][Odyssey] Miracast will auto disconnect after first time to connect,2021-12-08 18:06:00,NA
666858,WISTRON CORPORATION,NA,WISTRON CORPORATION,Leo Chiang,[Dell][Wistron][Stradale ADL][SDCA0.6] AirPods Max still has no sound when away from the SUT about 10m and come back but BT is not disconnected and music progress keeps going on SUT,2021-12-08 02:20:00,NA
666858,WISTRON CORPORATION,NA,WISTRON CORPORATION,Leo Chiang,[Dell][Wistron][Stradale ADL][SDCA0.6] AirPods Max still has no sound when away from the SUT about 10m and come back but BT is not disconnected and music progress keeps going on SUT,2021-12-08 02:20:00,NA
666858,WISTRON CORPORATION,NA,WISTRON CORPORATION,Leo Chiang,[Dell][Wistron][Stradale ADL][SDCA0.6] AirPods Max still has no sound when away from the SUT about 10m and come back but BT is not disconnected and music progress keeps going on SUT,2021-12-08 02:20:00,NA
666847,QUANTA COMPUTER INC.,NA,QUANTA COMPUTER INC.,Leo Chiang,[Huawei][Quanta][H9H][HookeD][AX201][20H2][BT][805283721] The DUT HookeD connection BLE Bluetooth mouse shows that it is connected but moving the mouse cannot respond. The machine had a YB problem with BT driver after S3 wakeup before,2021-12-08 02:00:00,NA
666847,QUANTA COMPUTER INC.,NA,QUANTA COMPUTER INC.,Leo Chiang,[Huawei][Quanta][H9H][HookeD][AX201][20H2][BT][805283721] The DUT HookeD connection BLE Bluetooth mouse shows that it is connected but moving the mouse cannot respond. The machine had a YB problem with BT driver after S3 wakeup before,2021-12-08 02:00:00,NA
666847,QUANTA COMPUTER INC.,NA,QUANTA COMPUTER INC.,Leo Chiang,[Huawei][Quanta][H9H][HookeD][AX201][20H2][BT][805283721] The DUT HookeD connection BLE Bluetooth mouse shows that it is connected but moving the mouse cannot respond. The machine had a YB problem with BT driver after S3 wakeup before,2021-12-08 02:00:00,NA
666795,"EDIMAX TECHNOLOGY CO., LTD.",NA,"EDIMAX TECHNOLOGY CO., LTD.",Timdaway Lai,"[ASUS OPEN Edimax][AX200 2230] With manually select WPA2, client will still connect as WPA3, test with Windows 11 21H2",2021-12-08 00:31:00,NA
666795,"EDIMAX TECHNOLOGY CO., LTD.",NA,"EDIMAX TECHNOLOGY CO., LTD.",Timdaway Lai,"[ASUS OPEN Edimax][AX200 2230] With manually select WPA2, client will still connect as WPA3, test with Windows 11 21H2",2021-12-08 00:31:00,NA
666795,"EDIMAX TECHNOLOGY CO., LTD.",NA,"EDIMAX TECHNOLOGY CO., LTD.",Timdaway Lai,"[ASUS OPEN Edimax][AX200 2230] With manually select WPA2, client will still connect as WPA3, test with Windows 11 21H2",2021-12-08 00:31:00,NA
666697,"COMPAL ELECTRONICS, INC.",NA,"COMPAL ELECTRONICS, INC.",Leo Chiang,[Dell][Compal][Warlock_MLK][ADL-P][Win11]  Intel AX201 Bluetooth shows yellow bang during S4 stress F/R: 1/169(cycle),2021-12-07 21:27:00,NA
666697,"COMPAL ELECTRONICS, INC.",NA,"COMPAL ELECTRONICS, INC.",Leo Chiang,[Dell][Compal][Warlock_MLK][ADL-P][Win11]  Intel AX201 Bluetooth shows yellow bang during S4 stress F/R: 1/169(cycle),2021-12-07 21:27:00,NA
666697,"COMPAL ELECTRONICS, INC.",NA,"COMPAL ELECTRONICS, INC.",Leo Chiang,[Dell][Compal][Warlock_MLK][ADL-P][Win11]  Intel AX201 Bluetooth shows yellow bang during S4 stress F/R: 1/169(cycle),2021-12-07 21:27:00,NA
666683,PEGATRON CORPORATION,NA,Pegatron Corporation,Nicky Chen,[MSFT Pegatron][BirchBay][ADL-P][AX211]MIMO TX Fail and MU-MIMO can?t remote control,2021-12-07 20:31:00,NA
666683,PEGATRON CORPORATION,NA,Pegatron Corporation,Nicky Chen,[MSFT Pegatron][BirchBay][ADL-P][AX211]MIMO TX Fail and MU-MIMO can?t remote control,2021-12-07 20:31:00,NA
666683,PEGATRON CORPORATION,NA,Pegatron Corporation,Nicky Chen,[MSFT Pegatron][BirchBay][ADL-P][AX211]MIMO TX Fail and MU-MIMO can?t remote control,2021-12-07 20:31:00,NA
666519,"COMPAL ELECTRONICS, INC.","COMPAL ELECTRONICS, INC.","COMPAL ELECTRONICS, INC.",Brandon Yang,[Dell_Horizon MLK] 240 / 360hz Panel flikcer after change specfic desktop wallpaper,2021-12-07 04:21:00,NA
666469,"SHANGHAI WINGTECH ELECTRONICS TECHNOLOGYCO., LTD.",NA,"SHANGHAI WINGTECH ELECTRONICS TECHNOLOGYCO., LTD.",Wesley Kuo,"[Lenovo][Wingtech][D570][ADL-P][Win11]Intel AX211 Bluetooth, The function of the Input BT device will be lost after resume from S4/CB",2021-12-07 02:18:00,NA
666469,"SHANGHAI WINGTECH ELECTRONICS TECHNOLOGYCO., LTD.",NA,"SHANGHAI WINGTECH ELECTRONICS TECHNOLOGYCO., LTD.",Wesley Kuo,"[Lenovo][Wingtech][D570][ADL-P][Win11]Intel AX211 Bluetooth, The function of the Input BT device will be lost after resume from S4/CB",2021-12-07 02:18:00,NA
666469,"SHANGHAI WINGTECH ELECTRONICS TECHNOLOGYCO., LTD.",NA,"SHANGHAI WINGTECH ELECTRONICS TECHNOLOGYCO., LTD.",Wesley Kuo,"[Lenovo][Wingtech][D570][ADL-P][Win11]Intel AX211 Bluetooth, The function of the Input BT device will be lost after resume from S4/CB",2021-12-07 02:18:00,NA
666463,"SHANGHAI WINGTECH ELECTRONICS TECHNOLOGYCO., LTD.",NA,"SHANGHAI WINGTECH ELECTRONICS TECHNOLOGYCO., LTD.",Wesley Kuo,[Lenovo][Wingtech][D570][ADL-P][Win11]Intel AX211 Bluetooth's REG_DWORD value of Sco Support Type in Regedit is <0x0> which is incorrectly.,2021-12-07 02:01:00,NA
666463,"SHANGHAI WINGTECH ELECTRONICS TECHNOLOGYCO., LTD.",NA,"SHANGHAI WINGTECH ELECTRONICS TECHNOLOGYCO., LTD.",Wesley Kuo,[Lenovo][Wingtech][D570][ADL-P][Win11]Intel AX211 Bluetooth's REG_DWORD value of Sco Support Type in Regedit is <0x0> which is incorrectly.,2021-12-07 02:01:00,NA
666463,"SHANGHAI WINGTECH ELECTRONICS TECHNOLOGYCO., LTD.",NA,"SHANGHAI WINGTECH ELECTRONICS TECHNOLOGYCO., LTD.",Wesley Kuo,[Lenovo][Wingtech][D570][ADL-P][Win11]Intel AX211 Bluetooth's REG_DWORD value of Sco Support Type in Regedit is <0x0> which is incorrectly.,2021-12-07 02:01:00,NA
666325,"HUAQIN TECHNOLOGY CO., LTD",NA,"Huaqin Technology Co., Ltd",Wesley Kuo,[HUAWEI][HUAQIN][MACHD][TGL][AX201][WIN10][BT] Bluetooth device will show YB and error code is 43 after test lid close and open.,2021-12-06 22:00:00,NA
666325,"HUAQIN TECHNOLOGY CO., LTD",NA,"Huaqin Technology Co., Ltd",Wesley Kuo,[HUAWEI][HUAQIN][MACHD][TGL][AX201][WIN10][BT] Bluetooth device will show YB and error code is 43 after test lid close and open.,2021-12-06 22:00:00,NA
666325,"HUAQIN TECHNOLOGY CO., LTD",NA,"Huaqin Technology Co., Ltd",Wesley Kuo,[HUAWEI][HUAQIN][MACHD][TGL][AX201][WIN10][BT] Bluetooth device will show YB and error code is 43 after test lid close and open.,2021-12-06 22:00:00,NA
666272,"COMPAL ELECTRONICS, INC.",NA,"COMPAL ELECTRONICS, INC.",Zhiqiang Cai,"[Lenovo-Ideapad][Compal][S570Pro][ADL-P][Win11] Stress_MS_Test: Device Manager show yellow bang at ""Intel(R)Wireless_AC 9560"". (F/R:3/20, 12/1400)",2021-12-06 19:13:00,NA
666272,"COMPAL ELECTRONICS, INC.",NA,"COMPAL ELECTRONICS, INC.",Zhiqiang Cai,"[Lenovo-Ideapad][Compal][S570Pro][ADL-P][Win11] Stress_MS_Test: Device Manager show yellow bang at ""Intel(R)Wireless_AC 9560"". (F/R:3/20, 12/1400)",2021-12-06 19:13:00,NA
666272,"COMPAL ELECTRONICS, INC.",NA,"COMPAL ELECTRONICS, INC.",Zhiqiang Cai,"[Lenovo-Ideapad][Compal][S570Pro][ADL-P][Win11] Stress_MS_Test: Device Manager show yellow bang at ""Intel(R)Wireless_AC 9560"". (F/R:3/20, 12/1400)",2021-12-06 19:13:00,NA
666266,CLEVO,NA,CLEVO CO.,Leo Chiang,"[Clevo]@ device manager Other device , Show Intel Title Device after BT Driver installed.",2021-12-06 19:01:00,NA
666266,CLEVO,NA,CLEVO CO.,Leo Chiang,"[Clevo]@ device manager Other device , Show Intel Title Device after BT Driver installed.",2021-12-06 19:01:00,NA
666266,CLEVO,NA,CLEVO CO.,Leo Chiang,"[Clevo]@ device manager Other device , Show Intel Title Device after BT Driver installed.",2021-12-06 19:01:00,NA
666238,"HUAQIN TECHNOLOGY CO., LTD",NA,"Huaqin Technology Co., Ltd",Zhiwei He,"[REALME][HUAQIN][NB6156A][Intel TGL][Intel AC 9560][WIFI][Win11]Wifi occur yellow band(43) when run iperf.exe or play on line video, for example aiqiyi.",2021-12-06 18:24:00,NA
666238,"HUAQIN TECHNOLOGY CO., LTD",NA,"Huaqin Technology Co., Ltd",Zhiwei He,"[REALME][HUAQIN][NB6156A][Intel TGL][Intel AC 9560][WIFI][Win11]Wifi occur yellow band(43) when run iperf.exe or play on line video, for example aiqiyi.",2021-12-06 18:24:00,NA
666238,"HUAQIN TECHNOLOGY CO., LTD",NA,"Huaqin Technology Co., Ltd",Zhiwei He,"[REALME][HUAQIN][NB6156A][Intel TGL][Intel AC 9560][WIFI][Win11]Wifi occur yellow band(43) when run iperf.exe or play on line video, for example aiqiyi.",2021-12-06 18:24:00,NA
666220,"COMPAL ELECTRONICS, INC.","COMPAL ELECTRONICS, INC.","COMPAL ELECTRONICS, INC.",KJ Fang,[Dell/Compal][Tributo ADL] ADL-P QS System hang black screen during power management test,2021-12-06 17:54:00,NA
665816,DYNABOOK INC.,NA,Dynabook Inc.,Franky Yang,[Dynabook][Win11]Connect icon and My network page show disconnected status after connecting to the 6E AP,2021-12-03 22:41:00,NA
665816,DYNABOOK INC.,NA,Dynabook Inc.,Franky Yang,[Dynabook][Win11]Connect icon and My network page show disconnected status after connecting to the 6E AP,2021-12-03 22:41:00,NA
665816,DYNABOOK INC.,NA,Dynabook Inc.,Franky Yang,[Dynabook][Win11]Connect icon and My network page show disconnected status after connecting to the 6E AP,2021-12-03 22:41:00,NA
665739,WISTRON CORPORATION,NA,WISTRON CORPORATION,Leo Chiang,[Dell][ODA_N1416-ADL][ADL-P/MR] AX211 BT driver shows YB in DM during S4 stress(DPPM: 227),2021-12-03 02:48:00,NA
665739,WISTRON CORPORATION,NA,WISTRON CORPORATION,Leo Chiang,[Dell][ODA_N1416-ADL][ADL-P/MR] AX211 BT driver shows YB in DM during S4 stress(DPPM: 227),2021-12-03 02:48:00,NA
665739,WISTRON CORPORATION,NA,WISTRON CORPORATION,Leo Chiang,[Dell][ODA_N1416-ADL][ADL-P/MR] AX211 BT driver shows YB in DM during S4 stress(DPPM: 227),2021-12-03 02:48:00,NA
665716,PEGATRON CORPORATION,NA,Pegatron Corporation,Leo Chiang,[ASUS][K3402/K3502/S5402/S5602]It will take around 15s to output audio sound with BT headset after it is connected successfully on Intel WLAN cards.,2021-12-03 01:40:00,NA
665716,PEGATRON CORPORATION,NA,Pegatron Corporation,Leo Chiang,[ASUS][K3402/K3502/S5402/S5602]It will take around 15s to output audio sound with BT headset after it is connected successfully on Intel WLAN cards.,2021-12-03 01:40:00,NA
665716,PEGATRON CORPORATION,NA,Pegatron Corporation,Leo Chiang,[ASUS][K3402/K3502/S5402/S5602]It will take around 15s to output audio sound with BT headset after it is connected successfully on Intel WLAN cards.,2021-12-03 01:40:00,NA
665698,"HUAQIN TECHNOLOGY CO., LTD",NA,"Huaqin Technology Co., Ltd",Wesley Kuo,[HUAWEI][HUAQIN][EmmyF][NB3850C][Intel ADL][Intel AX201][BT][Win11]Playing music will occur caton after connect BT headset.,2021-12-03 01:11:00,NA
665698,"HUAQIN TECHNOLOGY CO., LTD",NA,"Huaqin Technology Co., Ltd",Wesley Kuo,[HUAWEI][HUAQIN][EmmyF][NB3850C][Intel ADL][Intel AX201][BT][Win11]Playing music will occur caton after connect BT headset.,2021-12-03 01:11:00,NA
665698,"HUAQIN TECHNOLOGY CO., LTD",NA,"Huaqin Technology Co., Ltd",Wesley Kuo,[HUAWEI][HUAQIN][EmmyF][NB3850C][Intel ADL][Intel AX201][BT][Win11]Playing music will occur caton after connect BT headset.,2021-12-03 01:11:00,NA
665641,"HUAQIN TECHNOLOGY CO., LTD",NA,"Huaqin Technology Co., Ltd",Zhiwei He,[HUAWEI][HUAQIN][Morgan][NB3757][TGL][AX201][WIN11][WIFI] DUT auto disconnect wifi in Company Intranet environment.,2021-12-02 23:28:00,NA
665641,"HUAQIN TECHNOLOGY CO., LTD",NA,"Huaqin Technology Co., Ltd",Zhiwei He,[HUAWEI][HUAQIN][Morgan][NB3757][TGL][AX201][WIN11][WIFI] DUT auto disconnect wifi in Company Intranet environment.,2021-12-02 23:28:00,NA
665641,"HUAQIN TECHNOLOGY CO., LTD",NA,"Huaqin Technology Co., Ltd",Zhiwei He,[HUAWEI][HUAQIN][Morgan][NB3757][TGL][AX201][WIN11][WIFI] DUT auto disconnect wifi in Company Intranet environment.,2021-12-02 23:28:00,NA
665606,"COMPAL ELECTRONICS, INC.","COMPAL ELECTRONICS, INC.","COMPAL ELECTRONICS, INC.",Brandon Yang,[Dell_Compal_Horizon MLK_ADL-P_Win11] LCDVDD power T12 timing less than 500ms when change refresh rate in OS,2021-12-02 22:14:00,NA
665539,"ASIA VITAL COMPONENTS CO., LTD.",NA,"ASIA VITAL COMPONENTS CO., LTD.",Wesley Kuo,Lenovo A860_A960_SDV_SIT Build_Long Run fail with Intel BT yellow mark,2021-12-02 18:50:00,NA
665539,"ASIA VITAL COMPONENTS CO., LTD.",NA,"ASIA VITAL COMPONENTS CO., LTD.",Wesley Kuo,Lenovo A860_A960_SDV_SIT Build_Long Run fail with Intel BT yellow mark,2021-12-02 18:50:00,NA
665539,"ASIA VITAL COMPONENTS CO., LTD.",NA,"ASIA VITAL COMPONENTS CO., LTD.",Wesley Kuo,Lenovo A860_A960_SDV_SIT Build_Long Run fail with Intel BT yellow mark,2021-12-02 18:50:00,NA
665202,"HUAQIN TECHNOLOGY CO., LTD",NA,"Huaqin Technology Co., Ltd",Wesley Kuo,[HUAWEI][HUAQIN][KelvinF][NB6158A][Intel ADL][Intel AX201][BT][Win11]The sound icon occur '×' when connect BT headset.,2021-12-01 20:30:00,NA
665202,"HUAQIN TECHNOLOGY CO., LTD",NA,"Huaqin Technology Co., Ltd",Wesley Kuo,[HUAWEI][HUAQIN][KelvinF][NB6158A][Intel ADL][Intel AX201][BT][Win11]The sound icon occur '×' when connect BT headset.,2021-12-01 20:30:00,NA
665202,"HUAQIN TECHNOLOGY CO., LTD",NA,"Huaqin Technology Co., Ltd",Wesley Kuo,[HUAWEI][HUAQIN][KelvinF][NB6158A][Intel ADL][Intel AX201][BT][Win11]The sound icon occur '×' when connect BT headset.,2021-12-01 20:30:00,NA
665022,"HUAQIN TECHNOLOGY CO., LTD",NA,"Huaqin Technology Co., Ltd",Steven ZY Chen,[XiaoMi][Huaqin][A55/A54][ADL-P][SIT][Win11]BT mic can?t record(F/R:100%),2021-12-01 05:47:00,NA
665022,"HUAQIN TECHNOLOGY CO., LTD",NA,"Huaqin Technology Co., Ltd",Steven ZY Chen,[XiaoMi][Huaqin][A55/A54][ADL-P][SIT][Win11]BT mic can?t record(F/R:100%),2021-12-01 05:47:00,NA
665022,"HUAQIN TECHNOLOGY CO., LTD",NA,"Huaqin Technology Co., Ltd",Steven ZY Chen,[XiaoMi][Huaqin][A55/A54][ADL-P][SIT][Win11]BT mic can?t record(F/R:100%),2021-12-01 05:47:00,NA
664868,MSI,NA,"MICRO-STAR INTERNATIONAL CO., LTD.",Leo Chiang,[MSI CND][AX211] BT device show yellow mark when running S3 or S4 overnight long run test,2021-11-30 23:09:00,NA
664868,MSI,NA,"MICRO-STAR INTERNATIONAL CO., LTD.",Leo Chiang,[MSI CND][AX211] BT device show yellow mark when running S3 or S4 overnight long run test,2021-11-30 23:09:00,NA
664868,MSI,NA,"MICRO-STAR INTERNATIONAL CO., LTD.",Leo Chiang,[MSI CND][AX211] BT device show yellow mark when running S3 or S4 overnight long run test,2021-11-30 23:09:00,NA
664861,"COMPAL ELECTRONICS, INC.",NA,"COMPAL ELECTRONICS, INC.",Timdaway Lai,[Dell/Compal][Portofino] RX conducted T-Put has big delta between 6G Chs (37/133/197),2021-11-30 22:51:00,NA
664861,"COMPAL ELECTRONICS, INC.",NA,"COMPAL ELECTRONICS, INC.",Timdaway Lai,[Dell/Compal][Portofino] RX conducted T-Put has big delta between 6G Chs (37/133/197),2021-11-30 22:51:00,NA
664861,"COMPAL ELECTRONICS, INC.",NA,"COMPAL ELECTRONICS, INC.",Timdaway Lai,[Dell/Compal][Portofino] RX conducted T-Put has big delta between 6G Chs (37/133/197),2021-11-30 22:51:00,NA
664860,ELITEGROUP COMPUTER SYSTEMS CO. LTD,ELITEGROUP COMPUTER SYSTEMS CO. LTD,ELITEGROUP COMPUTER SYSTEMS CO. LTD,Brandon Yang,Intel IGCC issue,2021-11-30 22:47:00,NA
664856,"SHANGHAI WINGTECH ELECTRONICS TECHNOLOGYCO., LTD.",NA,"SHANGHAI WINGTECH ELECTRONICS TECHNOLOGYCO., LTD.",Wesley Kuo,"[Haier][Wingtech][G1][ADL][Ax210][21H2][BT]Upgrade the BT drive, the Bluetooth drive will be lost",2021-11-30 22:33:00,NA
664856,"SHANGHAI WINGTECH ELECTRONICS TECHNOLOGYCO., LTD.",NA,"SHANGHAI WINGTECH ELECTRONICS TECHNOLOGYCO., LTD.",Wesley Kuo,"[Haier][Wingtech][G1][ADL][Ax210][21H2][BT]Upgrade the BT drive, the Bluetooth drive will be lost",2021-11-30 22:33:00,NA
664856,"SHANGHAI WINGTECH ELECTRONICS TECHNOLOGYCO., LTD.",NA,"SHANGHAI WINGTECH ELECTRONICS TECHNOLOGYCO., LTD.",Wesley Kuo,"[Haier][Wingtech][G1][ADL][Ax210][21H2][BT]Upgrade the BT drive, the Bluetooth drive will be lost",2021-11-30 22:33:00,NA
664799,"HUAQIN TECHNOLOGY CO., LTD",NA,"Huaqin Technology Co., Ltd",Wesley Kuo,[HUAWEI][HUAQIN][EmmyF][NB3850C][Intel ADL][Intel AX201][BT][Win11]Connect the second BT headset will occur disconnect and connect repeatedly.,2021-11-30 18:58:00,NA
664799,"HUAQIN TECHNOLOGY CO., LTD",NA,"Huaqin Technology Co., Ltd",Wesley Kuo,[HUAWEI][HUAQIN][EmmyF][NB3850C][Intel ADL][Intel AX201][BT][Win11]Connect the second BT headset will occur disconnect and connect repeatedly.,2021-11-30 18:58:00,NA
664799,"HUAQIN TECHNOLOGY CO., LTD",NA,"Huaqin Technology Co., Ltd",Wesley Kuo,[HUAWEI][HUAQIN][EmmyF][NB3850C][Intel ADL][Intel AX201][BT][Win11]Connect the second BT headset will occur disconnect and connect repeatedly.,2021-11-30 18:58:00,NA
664585,"SHENZHEN BITLAND INFORMATION TECHNOLOGYCO., LTD.",NA,"SHENZHEN BITLAND INFORMATION TECHNOLOGYCO., LTD.",Steven ZY Chen,[XiaoMi][Bitland][A53][ADL-M][Win11][F/R 100%]There is no sound until 20 seconds after pairing and connecting the Bluetooth headset.,2021-11-30 01:34:00,NA
664585,"SHENZHEN BITLAND INFORMATION TECHNOLOGYCO., LTD.",NA,"SHENZHEN BITLAND INFORMATION TECHNOLOGYCO., LTD.",Steven ZY Chen,[XiaoMi][Bitland][A53][ADL-M][Win11][F/R 100%]There is no sound until 20 seconds after pairing and connecting the Bluetooth headset.,2021-11-30 01:34:00,NA
664585,"SHENZHEN BITLAND INFORMATION TECHNOLOGYCO., LTD.",NA,"SHENZHEN BITLAND INFORMATION TECHNOLOGYCO., LTD.",Steven ZY Chen,[XiaoMi][Bitland][A53][ADL-M][Win11][F/R 100%]There is no sound until 20 seconds after pairing and connecting the Bluetooth headset.,2021-11-30 01:34:00,NA
664484,QUANTA COMPUTER INC.,NA,QUANTA COMPUTER INC.,Leo Chiang,"[Huawei][Quanta][H9HD][HookF][AX211][21H2][BT][WLAN] After install Cobalt OS , w/o WLAN/BT inbox driver",2021-11-29 22:24:00,NA
664484,QUANTA COMPUTER INC.,NA,QUANTA COMPUTER INC.,Leo Chiang,"[Huawei][Quanta][H9HD][HookF][AX211][21H2][BT][WLAN] After install Cobalt OS , w/o WLAN/BT inbox driver",2021-11-29 22:24:00,NA
664484,QUANTA COMPUTER INC.,NA,QUANTA COMPUTER INC.,Leo Chiang,"[Huawei][Quanta][H9HD][HookF][AX211][21H2][BT][WLAN] After install Cobalt OS , w/o WLAN/BT inbox driver",2021-11-29 22:24:00,NA
664394,NEC,NA,"NEC PERSONAL COMPUTERS,LTD.",Wesley Kuo,[NECPC-JP][Bluetooth][Win10]Bluetooth device is lost.,2021-11-29 18:29:00,NA
664394,NEC,NA,"NEC PERSONAL COMPUTERS,LTD.",Wesley Kuo,[NECPC-JP][Bluetooth][Win10]Bluetooth device is lost.,2021-11-29 18:29:00,NA
664394,NEC,NA,"NEC PERSONAL COMPUTERS,LTD.",Wesley Kuo,[NECPC-JP][Bluetooth][Win10]Bluetooth device is lost.,2021-11-29 18:29:00,NA
664391,"HUAQIN TECHNOLOGY CO., LTD",NA,"Huaqin Technology Co., Ltd",Zhiqiang Cai,[Lenovo][HUAQIN][Thinkbook Gen4][ADL] AX201/211 wlan card will failed in wifi ping test(cannot re-connect after wake up from S4),2021-11-29 18:27:00,NA
664391,"HUAQIN TECHNOLOGY CO., LTD",NA,"Huaqin Technology Co., Ltd",Zhiqiang Cai,[Lenovo][HUAQIN][Thinkbook Gen4][ADL] AX201/211 wlan card will failed in wifi ping test(cannot re-connect after wake up from S4),2021-11-29 18:27:00,NA
664391,"HUAQIN TECHNOLOGY CO., LTD",NA,"Huaqin Technology Co., Ltd",Zhiqiang Cai,[Lenovo][HUAQIN][Thinkbook Gen4][ADL] AX201/211 wlan card will failed in wifi ping test(cannot re-connect after wake up from S4),2021-11-29 18:27:00,NA
664385,"HUAQIN TECHNOLOGY CO., LTD",NA,"Huaqin Technology Co., Ltd",Wesley Kuo,[HUAWEI][HUAQIN][KelvinF][Intel ADL][Intel AX201][BT][Win11]Computer occurs BSOD-0X9F when copy files.,2021-11-29 18:10:00,NA
664385,"HUAQIN TECHNOLOGY CO., LTD",NA,"Huaqin Technology Co., Ltd",Wesley Kuo,[HUAWEI][HUAQIN][KelvinF][Intel ADL][Intel AX201][BT][Win11]Computer occurs BSOD-0X9F when copy files.,2021-11-29 18:10:00,NA
664385,"HUAQIN TECHNOLOGY CO., LTD",NA,"Huaqin Technology Co., Ltd",Wesley Kuo,[HUAWEI][HUAQIN][KelvinF][Intel ADL][Intel AX201][BT][Win11]Computer occurs BSOD-0X9F when copy files.,2021-11-29 18:10:00,NA
664235,"COMPAL ELECTRONICS, INC.",NA,"COMPAL ELECTRONICS, INC.",Wesley Kuo,[Lenovo-Ideapad][Compal][S570Pro][ADL-P][Win11] AX201 Intel Wireless Bluetooth shows yellow bang during S4 stress F/R: 1/100(cycle),2021-11-29 03:16:00,NA
664235,"COMPAL ELECTRONICS, INC.",NA,"COMPAL ELECTRONICS, INC.",Wesley Kuo,[Lenovo-Ideapad][Compal][S570Pro][ADL-P][Win11] AX201 Intel Wireless Bluetooth shows yellow bang during S4 stress F/R: 1/100(cycle),2021-11-29 03:16:00,NA
664235,"COMPAL ELECTRONICS, INC.",NA,"COMPAL ELECTRONICS, INC.",Wesley Kuo,[Lenovo-Ideapad][Compal][S570Pro][ADL-P][Win11] AX201 Intel Wireless Bluetooth shows yellow bang during S4 stress F/R: 1/100(cycle),2021-11-29 03:16:00,NA
664201,DYNABOOK INC.,NA,Dynabook Inc.,Wesley Kuo,[Dynabook][Win11]BTHUSB event error occurs after resuming from hibernation with BT headset paired.,2021-11-29 01:41:00,NA
664201,DYNABOOK INC.,NA,Dynabook Inc.,Wesley Kuo,[Dynabook][Win11]BTHUSB event error occurs after resuming from hibernation with BT headset paired.,2021-11-29 01:41:00,NA
664201,DYNABOOK INC.,NA,Dynabook Inc.,Wesley Kuo,[Dynabook][Win11]BTHUSB event error occurs after resuming from hibernation with BT headset paired.,2021-11-29 01:41:00,NA
664163,"HUAQIN TECHNOLOGY CO., LTD",NA,"Huaqin Technology Co., Ltd",Wesley Kuo,[HUAWEI][HUAQIN][MorganF][NB3757B][Intel ADL][Intel AX211][BT][Win11]There is no sound from BT headset or BT speaker.,2021-11-29 00:28:00,NA
664163,"HUAQIN TECHNOLOGY CO., LTD",NA,"Huaqin Technology Co., Ltd",Wesley Kuo,[HUAWEI][HUAQIN][MorganF][NB3757B][Intel ADL][Intel AX211][BT][Win11]There is no sound from BT headset or BT speaker.,2021-11-29 00:28:00,NA
664163,"HUAQIN TECHNOLOGY CO., LTD",NA,"Huaqin Technology Co., Ltd",Wesley Kuo,[HUAWEI][HUAQIN][MorganF][NB3757B][Intel ADL][Intel AX211][BT][Win11]There is no sound from BT headset or BT speaker.,2021-11-29 00:28:00,NA
664102,CLEVO,CLEVO CO.,CLEVO CO.,Brandon Yang,[AlderLake-CLEVO-V1x0PNP-Louis] System has the black screen and BSOD 0x116 during running BurninTest 9.2 for the overnight test,2021-11-28 22:57:00,NA
664022,MSI,NA,"MICRO-STAR INTERNATIONAL CO., LTD.",Leo Chiang,[MSI CND][AX210] BT device show yellow mark when running shutdown overnight long run test,2021-11-28 18:22:00,NA
664022,MSI,NA,"MICRO-STAR INTERNATIONAL CO., LTD.",Leo Chiang,[MSI CND][AX210] BT device show yellow mark when running shutdown overnight long run test,2021-11-28 18:22:00,NA
664022,MSI,NA,"MICRO-STAR INTERNATIONAL CO., LTD.",Leo Chiang,[MSI CND][AX210] BT device show yellow mark when running shutdown overnight long run test,2021-11-28 18:22:00,NA
664007,QUANTA COMPUTER INC.,NA,QUANTA COMPUTER INC.,Leo Chiang,"[Huawei][Quanta][H98VH99V][BohrENobelE_Intel][AX201][21H2][BT][805265725] After resume from sleep , Bluetooth mouse can't work",2021-11-28 17:37:00,NA
664007,QUANTA COMPUTER INC.,NA,QUANTA COMPUTER INC.,Leo Chiang,"[Huawei][Quanta][H98VH99V][BohrENobelE_Intel][AX201][21H2][BT][805265725] After resume from sleep , Bluetooth mouse can't work",2021-11-28 17:37:00,NA
664007,QUANTA COMPUTER INC.,NA,QUANTA COMPUTER INC.,Leo Chiang,"[Huawei][Quanta][H98VH99V][BohrENobelE_Intel][AX201][21H2][BT][805265725] After resume from sleep , Bluetooth mouse can't work",2021-11-28 17:37:00,NA
663841,MSI,"MICRO-STAR INTERNATIONAL CO., LTD.","MICRO-STAR INTERNATIONAL CO., LTD.",Brandon Yang,[MSI][17M1][TGL] Windows 11 Desktop Background Flicker,2021-11-26 00:22:00,NA
663837,MSI,"MICRO-STAR INTERNATIONAL CO., LTD.","MICRO-STAR INTERNATIONAL CO., LTD.",Brandon Yang,"external monitor can't auto light on, need to detect by manual",2021-11-26 00:10:00,NA
663797,WISTRON CORPORATION,NA,WISTRON CORPORATION,Wesley Kuo,[Lenovo ThinkPad JP][Wistron][X1 Nano Gen2][ADL][AX211][21H2][100%]Zeus2_vPro_W11: 21H2: HLK:  Bluetooth A2dp related test items can't be loaded on HLK due to BIOS not support this function yet.,2021-11-25 22:24:00,NA
663797,WISTRON CORPORATION,NA,WISTRON CORPORATION,Wesley Kuo,[Lenovo ThinkPad JP][Wistron][X1 Nano Gen2][ADL][AX211][21H2][100%]Zeus2_vPro_W11: 21H2: HLK:  Bluetooth A2dp related test items can't be loaded on HLK due to BIOS not support this function yet.,2021-11-25 22:24:00,NA
663797,WISTRON CORPORATION,NA,WISTRON CORPORATION,Wesley Kuo,[Lenovo ThinkPad JP][Wistron][X1 Nano Gen2][ADL][AX211][21H2][100%]Zeus2_vPro_W11: 21H2: HLK:  Bluetooth A2dp related test items can't be loaded on HLK due to BIOS not support this function yet.,2021-11-25 22:24:00,NA
663724,DYNABOOK INC.,NA,Dynabook Inc.,Leo Chiang,[Dynabook][Win11]Audio noise observed during voice call,2021-11-25 18:09:00,NA
663724,DYNABOOK INC.,NA,Dynabook Inc.,Leo Chiang,[Dynabook][Win11]Audio noise observed during voice call,2021-11-25 18:09:00,NA
663724,DYNABOOK INC.,NA,Dynabook Inc.,Leo Chiang,[Dynabook][Win11]Audio noise observed during voice call,2021-11-25 18:09:00,NA
663523,"COMPAL ELECTRONICS, INC.",NA,"COMPAL ELECTRONICS, INC.",Franky Yang,[Axiom ADL]Intel AX201_BSOD:DRIVER_POWER_STATE_FAILURE when run WB stress,2021-11-24 23:09:00,NA
663523,"COMPAL ELECTRONICS, INC.",NA,"COMPAL ELECTRONICS, INC.",Franky Yang,[Axiom ADL]Intel AX201_BSOD:DRIVER_POWER_STATE_FAILURE when run WB stress,2021-11-24 23:09:00,NA
663523,"COMPAL ELECTRONICS, INC.",NA,"COMPAL ELECTRONICS, INC.",Franky Yang,[Axiom ADL]Intel AX201_BSOD:DRIVER_POWER_STATE_FAILURE when run WB stress,2021-11-24 23:09:00,NA
663457,QUANTA COMPUTER INC.,NA,QUANTA COMPUTER INC.,Charles P Chu,"[Huawei][Quanta][H99V][NobelE_Intel][AX201][20H2][WIFI][805260274] Wake up the DUT after lid closed for several minutes , can't find WIFI icon from taskbar , Unable to recover after system diagnosis, Restarting the PC does not recover",2021-11-24 20:27:00,NA
663457,QUANTA COMPUTER INC.,NA,QUANTA COMPUTER INC.,Charles P Chu,"[Huawei][Quanta][H99V][NobelE_Intel][AX201][20H2][WIFI][805260274] Wake up the DUT after lid closed for several minutes , can't find WIFI icon from taskbar , Unable to recover after system diagnosis, Restarting the PC does not recover",2021-11-24 20:27:00,NA
663457,QUANTA COMPUTER INC.,NA,QUANTA COMPUTER INC.,Charles P Chu,"[Huawei][Quanta][H99V][NobelE_Intel][AX201][20H2][WIFI][805260274] Wake up the DUT after lid closed for several minutes , can't find WIFI icon from taskbar , Unable to recover after system diagnosis, Restarting the PC does not recover",2021-11-24 20:27:00,NA
663381,"COMPAL ELECTRONICS, INC.",NA,"COMPAL ELECTRONICS, INC.",Charles P Chu,[Dell/Compal][Tributo ADL / Fiorano ADL] RX conducted T-Put fail on 5GHz,2021-11-24 14:59:00,NA
663381,"COMPAL ELECTRONICS, INC.",NA,"COMPAL ELECTRONICS, INC.",Charles P Chu,[Dell/Compal][Tributo ADL / Fiorano ADL] RX conducted T-Put fail on 5GHz,2021-11-24 14:59:00,NA
663381,"COMPAL ELECTRONICS, INC.",NA,"COMPAL ELECTRONICS, INC.",Charles P Chu,[Dell/Compal][Tributo ADL / Fiorano ADL] RX conducted T-Put fail on 5GHz,2021-11-24 14:59:00,NA
663220,"HUAQIN TECHNOLOGY CO., LTD",NA,"Huaqin Technology Co., Ltd",Wesley Kuo,[Lenovo][HUAQIN][Thinkbook Gen4][ADL] UUT will shows BSOD(0x9f) point to BTHa2dp after open airplane mode and reboot UUT,2021-11-24 00:52:00,NA
663220,"HUAQIN TECHNOLOGY CO., LTD",NA,"Huaqin Technology Co., Ltd",Wesley Kuo,[Lenovo][HUAQIN][Thinkbook Gen4][ADL] UUT will shows BSOD(0x9f) point to BTHa2dp after open airplane mode and reboot UUT,2021-11-24 00:52:00,NA
663220,"HUAQIN TECHNOLOGY CO., LTD",NA,"Huaqin Technology Co., Ltd",Wesley Kuo,[Lenovo][HUAQIN][Thinkbook Gen4][ADL] UUT will shows BSOD(0x9f) point to BTHa2dp after open airplane mode and reboot UUT,2021-11-24 00:52:00,NA
663055,"COMPAL ELECTRONICS, INC.",NA,"COMPAL ELECTRONICS, INC.",Zhiqiang Cai,[Lenovo-Ideapad][Compal][V350][ADL-P][Win11] AX211/9560 WLAN card unit SW/HW Drips show 0% after resume from MS.,2021-11-23 18:15:00,NA
663055,"COMPAL ELECTRONICS, INC.",NA,"COMPAL ELECTRONICS, INC.",Zhiqiang Cai,[Lenovo-Ideapad][Compal][V350][ADL-P][Win11] AX211/9560 WLAN card unit SW/HW Drips show 0% after resume from MS.,2021-11-23 18:15:00,NA
663055,"COMPAL ELECTRONICS, INC.",NA,"COMPAL ELECTRONICS, INC.",Zhiqiang Cai,[Lenovo-Ideapad][Compal][V350][ADL-P][Win11] AX211/9560 WLAN card unit SW/HW Drips show 0% after resume from MS.,2021-11-23 18:15:00,NA
662924,PEGATRON CORPORATION,NA,Pegatron Corporation,Leo Chiang,[ASUS Pegatron][K3402/K3502/S5402/S5602][AX211 AX201][22.90.2.1]Error and warning event occur during S4/reboot stress test,2021-11-23 02:01:00,NA
662924,PEGATRON CORPORATION,NA,Pegatron Corporation,Leo Chiang,[ASUS Pegatron][K3402/K3502/S5402/S5602][AX211 AX201][22.90.2.1]Error and warning event occur during S4/reboot stress test,2021-11-23 02:01:00,NA
662924,PEGATRON CORPORATION,NA,Pegatron Corporation,Leo Chiang,[ASUS Pegatron][K3402/K3502/S5402/S5602][AX211 AX201][22.90.2.1]Error and warning event occur during S4/reboot stress test,2021-11-23 02:01:00,NA
662767,WISTRON CORPORATION,NA,WISTRON CORPORATION,Timdaway Lai,"[Lenovo-ThinkPad][Wistron][ThinkPad L13 Gen 3][Fenrir_Intel_Win11] FVT2.01: IntelAX211 WLAN show Yellow Mark in DM after reboot when turn off WLAN.(FR: 2/2 units, 4/4 cycles)",2021-11-22 18:26:00,NA
662767,WISTRON CORPORATION,NA,WISTRON CORPORATION,Timdaway Lai,"[Lenovo-ThinkPad][Wistron][ThinkPad L13 Gen 3][Fenrir_Intel_Win11] FVT2.01: IntelAX211 WLAN show Yellow Mark in DM after reboot when turn off WLAN.(FR: 2/2 units, 4/4 cycles)",2021-11-22 18:26:00,NA
662767,WISTRON CORPORATION,NA,WISTRON CORPORATION,Timdaway Lai,"[Lenovo-ThinkPad][Wistron][ThinkPad L13 Gen 3][Fenrir_Intel_Win11] FVT2.01: IntelAX211 WLAN show Yellow Mark in DM after reboot when turn off WLAN.(FR: 2/2 units, 4/4 cycles)",2021-11-22 18:26:00,NA
662755,"COMPAL ELECTRONICS, INC.",NA,"COMPAL ELECTRONICS, INC.",Zhiqiang Cai,[Lenovo-Ideapad][Compal][V350][ADL-P][Win11] Unit can't search network or WLAN show yellow bang or device lost in device manager after preload image.(,2021-11-22 17:46:00,NA
662755,"COMPAL ELECTRONICS, INC.",NA,"COMPAL ELECTRONICS, INC.",Zhiqiang Cai,[Lenovo-Ideapad][Compal][V350][ADL-P][Win11] Unit can't search network or WLAN show yellow bang or device lost in device manager after preload image.(,2021-11-22 17:46:00,NA
662755,"COMPAL ELECTRONICS, INC.",NA,"COMPAL ELECTRONICS, INC.",Zhiqiang Cai,[Lenovo-Ideapad][Compal][V350][ADL-P][Win11] Unit can't search network or WLAN show yellow bang or device lost in device manager after preload image.(,2021-11-22 17:46:00,NA
662611,MSI,"MICRO-STAR INTERNATIONAL CO., LTD.","MICRO-STAR INTERNATIONAL CO., LTD.",Brandon Yang,[MSI][GS66][ADL-P]The system sometimes occur flickering with LQ156T1JW04(240Hz) panel.,2021-11-22 01:49:00,NA
662605,MSI,"MICRO-STAR INTERNATIONAL CO., LTD.","MICRO-STAR INTERNATIONAL CO., LTD.",Brandon Yang,[MSI][GS66][ADL-P]The system sometimes occur hang on and black screen with NE156FHM-NZ3(360Hz) panel,2021-11-22 01:40:00,NA
662505,"SHANGHAI WINGTECH ELECTRONICS TECHNOLOGYCO., LTD.",NA,"SHANGHAI WINGTECH ELECTRONICS TECHNOLOGYCO., LTD.",Wesley Kuo,"[Huawei][Wingtech][Dirac][Intel Tiger Lake UP4][AX201][21H1] [BT] Test the PLDR using the ibterverify tool, and the test failed",2021-11-21 21:35:00,NA
662505,"SHANGHAI WINGTECH ELECTRONICS TECHNOLOGYCO., LTD.",NA,"SHANGHAI WINGTECH ELECTRONICS TECHNOLOGYCO., LTD.",Wesley Kuo,"[Huawei][Wingtech][Dirac][Intel Tiger Lake UP4][AX201][21H1] [BT] Test the PLDR using the ibterverify tool, and the test failed",2021-11-21 21:35:00,NA
662505,"SHANGHAI WINGTECH ELECTRONICS TECHNOLOGYCO., LTD.",NA,"SHANGHAI WINGTECH ELECTRONICS TECHNOLOGYCO., LTD.",Wesley Kuo,"[Huawei][Wingtech][Dirac][Intel Tiger Lake UP4][AX201][21H1] [BT] Test the PLDR using the ibterverify tool, and the test failed",2021-11-21 21:35:00,NA
662501,"COMPAL ELECTRONICS, INC.",NA,"COMPAL ELECTRONICS, INC.",Leo Chiang,[Dell_Compal_ADL_Odyssey] PIMS-110770 - BT headset output audio will be broken and the sound go up and down,2021-11-21 21:14:00,NA
662501,"COMPAL ELECTRONICS, INC.",NA,"COMPAL ELECTRONICS, INC.",Leo Chiang,[Dell_Compal_ADL_Odyssey] PIMS-110770 - BT headset output audio will be broken and the sound go up and down,2021-11-21 21:14:00,NA
662501,"COMPAL ELECTRONICS, INC.",NA,"COMPAL ELECTRONICS, INC.",Leo Chiang,[Dell_Compal_ADL_Odyssey] PIMS-110770 - BT headset output audio will be broken and the sound go up and down,2021-11-21 21:14:00,NA
662433,"COMPAL ELECTRONICS, INC.",NA,"COMPAL ELECTRONICS, INC.",Zhiqiang Cai,[Titan 3.0 Lenovo-Thinkbook][Compal][Titan 3.0][ADL][AX201/AX211/9560][Win11][70%~90%][Titan3.0 14&15_FVT] ]WIFI re-connect time from S4 over spec (spec:<2s),2021-11-21 17:47:00,NA
662433,"COMPAL ELECTRONICS, INC.",NA,"COMPAL ELECTRONICS, INC.",Zhiqiang Cai,[Titan 3.0 Lenovo-Thinkbook][Compal][Titan 3.0][ADL][AX201/AX211/9560][Win11][70%~90%][Titan3.0 14&15_FVT] ]WIFI re-connect time from S4 over spec (spec:<2s),2021-11-21 17:47:00,NA
662433,"COMPAL ELECTRONICS, INC.",NA,"COMPAL ELECTRONICS, INC.",Zhiqiang Cai,[Titan 3.0 Lenovo-Thinkbook][Compal][Titan 3.0][ADL][AX201/AX211/9560][Win11][70%~90%][Titan3.0 14&15_FVT] ]WIFI re-connect time from S4 over spec (spec:<2s),2021-11-21 17:47:00,NA
662204,GIGABYTE,"GIGA-BYTE TECHNOLOGY CO., LTD.","GIGA-BYTE TECHNOLOGY CO., LTD.",Brandon Yang,ADL-S modern standby issue,2021-11-18 23:09:00,NA
661974,ELITEGROUP COMPUTER SYSTEMS CO. LTD,NA,ELITEGROUP COMPUTER SYSTEMS CO. LTD,Zhiqiang Cai,[Lenovo_DT][ECS][ADL-S][CSLP][Legion T7] AX201 wireless network card will show a yellow mark after global reset,2021-11-18 04:23:00,NA
661974,ELITEGROUP COMPUTER SYSTEMS CO. LTD,NA,ELITEGROUP COMPUTER SYSTEMS CO. LTD,Zhiqiang Cai,[Lenovo_DT][ECS][ADL-S][CSLP][Legion T7] AX201 wireless network card will show a yellow mark after global reset,2021-11-18 04:23:00,NA
661974,ELITEGROUP COMPUTER SYSTEMS CO. LTD,NA,ELITEGROUP COMPUTER SYSTEMS CO. LTD,Zhiqiang Cai,[Lenovo_DT][ECS][ADL-S][CSLP][Legion T7] AX201 wireless network card will show a yellow mark after global reset,2021-11-18 04:23:00,NA
661924,NEXSTGO COMPANY LIMITED,NA,NEXSTGO Company Limited,Timdaway Lai,[Nexstgo][ADL][Win11_21H2][WIFI_9560] WLAN(jfp2) subsys ID will change irregularly on ADL RVP,2021-11-18 01:56:00,NA
661924,NEXSTGO COMPANY LIMITED,NA,NEXSTGO Company Limited,Timdaway Lai,[Nexstgo][ADL][Win11_21H2][WIFI_9560] WLAN(jfp2) subsys ID will change irregularly on ADL RVP,2021-11-18 01:56:00,NA
661924,NEXSTGO COMPANY LIMITED,NA,NEXSTGO Company Limited,Timdaway Lai,[Nexstgo][ADL][Win11_21H2][WIFI_9560] WLAN(jfp2) subsys ID will change irregularly on ADL RVP,2021-11-18 01:56:00,NA
661835,MSI,"MICRO-STAR INTERNATIONAL CO., LTD.","MICRO-STAR INTERNATIONAL CO., LTD.",Brandon Yang,[MSI][MS-14F1][ADL-P] The system sometimes occur flicker screen or black screen.,2021-11-17 22:47:00,NA
661739,QUANTA COMPUTER INC.,NA,QUANTA COMPUTER INC.,Leo Chiang,"[Huawei][Quanta][H98VH99V][BohrENobelE_Intel][AX201][21H2][BT][BUG-20211013-36673]  Connect to Bluetooth mouse , \Idle 1 min to entry MS , then close lid for 30 min ,Wake up to check sleepStudy report , SW/HW value, SW:98% , HW:93%",2021-11-17 18:30:00,NA
661739,QUANTA COMPUTER INC.,NA,QUANTA COMPUTER INC.,Leo Chiang,"[Huawei][Quanta][H98VH99V][BohrENobelE_Intel][AX201][21H2][BT][BUG-20211013-36673]  Connect to Bluetooth mouse , \Idle 1 min to entry MS , then close lid for 30 min ,Wake up to check sleepStudy report , SW/HW value, SW:98% , HW:93%",2021-11-17 18:30:00,NA
661739,QUANTA COMPUTER INC.,NA,QUANTA COMPUTER INC.,Leo Chiang,"[Huawei][Quanta][H98VH99V][BohrENobelE_Intel][AX201][21H2][BT][BUG-20211013-36673]  Connect to Bluetooth mouse , \Idle 1 min to entry MS , then close lid for 30 min ,Wake up to check sleepStudy report , SW/HW value, SW:98% , HW:93%",2021-11-17 18:30:00,NA
661695,QUANTA COMPUTER INC.,NA,QUANTA COMPUTER INC.,Leo Chiang,"[Huawei][Quanta][H98NH99N][BohrBNobelB][AC9560/160MHz][20H2][BT][CPM2021111600066] Turn on BT in setting,when use BT driver 22.80,the time of BT icon appears on taskbar is  longer than when use BT driver 21.50.1.1.",2021-11-17 16:44:00,NA
661695,QUANTA COMPUTER INC.,NA,QUANTA COMPUTER INC.,Leo Chiang,"[Huawei][Quanta][H98NH99N][BohrBNobelB][AC9560/160MHz][20H2][BT][CPM2021111600066] Turn on BT in setting,when use BT driver 22.80,the time of BT icon appears on taskbar is  longer than when use BT driver 21.50.1.1.",2021-11-17 16:44:00,NA
661695,QUANTA COMPUTER INC.,NA,QUANTA COMPUTER INC.,Leo Chiang,"[Huawei][Quanta][H98NH99N][BohrBNobelB][AC9560/160MHz][20H2][BT][CPM2021111600066] Turn on BT in setting,when use BT driver 22.80,the time of BT icon appears on taskbar is  longer than when use BT driver 21.50.1.1.",2021-11-17 16:44:00,NA
661641,"HUAQIN TECHNOLOGY CO., LTD",NA,"Huaqin Technology Co., Ltd",Zhiwei He,[HUAWEI][HUAQIN][Morgan-F][ADL-P][AX211][WIN11][WIFI] Auto connect it again and wait for above 15s test wifi6e when turn off and then turn on WIFI switch.,2021-11-17 07:07:00,NA
661641,"HUAQIN TECHNOLOGY CO., LTD",NA,"Huaqin Technology Co., Ltd",Zhiwei He,[HUAWEI][HUAQIN][Morgan-F][ADL-P][AX211][WIN11][WIFI] Auto connect it again and wait for above 15s test wifi6e when turn off and then turn on WIFI switch.,2021-11-17 07:07:00,NA
661641,"HUAQIN TECHNOLOGY CO., LTD",NA,"Huaqin Technology Co., Ltd",Zhiwei He,[HUAWEI][HUAQIN][Morgan-F][ADL-P][AX211][WIN11][WIFI] Auto connect it again and wait for above 15s test wifi6e when turn off and then turn on WIFI switch.,2021-11-17 07:07:00,NA
661379,"COMPAL ELECTRONICS, INC.",NA,"COMPAL ELECTRONICS, INC.",Timdaway Lai,[Dell][Compal][Horizon_MLK][ADL-P][Performance] ?WebXPRT2015_benchmark?_is_low_than_previous_generation_project.,2021-11-16 18:15:00,NA
661379,"COMPAL ELECTRONICS, INC.",NA,"COMPAL ELECTRONICS, INC.",Timdaway Lai,[Dell][Compal][Horizon_MLK][ADL-P][Performance] ?WebXPRT2015_benchmark?_is_low_than_previous_generation_project.,2021-11-16 18:15:00,NA
661379,"COMPAL ELECTRONICS, INC.",NA,"COMPAL ELECTRONICS, INC.",Timdaway Lai,[Dell][Compal][Horizon_MLK][ADL-P][Performance] ?WebXPRT2015_benchmark?_is_low_than_previous_generation_project.,2021-11-16 18:15:00,NA
661282,"HUAQIN TECHNOLOGY CO., LTD",NA,"Huaqin Technology Co., Ltd",Wesley Kuo,[HUAWEI][HUAQIN][EmmyD][Intel TGL][Intel AX201][BT][Win10]BT mouse occur no response  status a few times,2021-11-16 06:05:00,NA
661282,"HUAQIN TECHNOLOGY CO., LTD",NA,"Huaqin Technology Co., Ltd",Wesley Kuo,[HUAWEI][HUAQIN][EmmyD][Intel TGL][Intel AX201][BT][Win10]BT mouse occur no response  status a few times,2021-11-16 06:05:00,NA
661282,"HUAQIN TECHNOLOGY CO., LTD",NA,"Huaqin Technology Co., Ltd",Wesley Kuo,[HUAWEI][HUAQIN][EmmyD][Intel TGL][Intel AX201][BT][Win10]BT mouse occur no response  status a few times,2021-11-16 06:05:00,NA
661279,"SHENZHEN BITLAND INFORMATION TECHNOLOGYCO., LTD.",NA,"SHENZHEN BITLAND INFORMATION TECHNOLOGYCO., LTD.",Leo Chiang,[Huawei/Bitland][CML-S][Pangu] No Voice from Movie&TV after system resume from S3 with Bluetooth headphone. Failure rate: 1/10 cycles.,2021-11-16 05:28:00,NA
661279,"SHENZHEN BITLAND INFORMATION TECHNOLOGYCO., LTD.",NA,"SHENZHEN BITLAND INFORMATION TECHNOLOGYCO., LTD.",Leo Chiang,[Huawei/Bitland][CML-S][Pangu] No Voice from Movie&TV after system resume from S3 with Bluetooth headphone. Failure rate: 1/10 cycles.,2021-11-16 05:28:00,NA
661279,"SHENZHEN BITLAND INFORMATION TECHNOLOGYCO., LTD.",NA,"SHENZHEN BITLAND INFORMATION TECHNOLOGYCO., LTD.",Leo Chiang,[Huawei/Bitland][CML-S][Pangu] No Voice from Movie&TV after system resume from S3 with Bluetooth headphone. Failure rate: 1/10 cycles.,2021-11-16 05:28:00,NA
661233,"HUAQIN TECHNOLOGY CO., LTD",NA,"Huaqin Technology Co., Ltd",Wesley Kuo,"[Samsung][Intel-ADL-P][Titan2-M][Win11 R]The units show ""Bluetooth-??(R) ?? Bluetooth(R)"", HWID : USB\VID_8087&PID_0026&REV_0002, Problem during running S4&MS Mix.(FR:3 out of 15 units,3 out of 10693 times)",2021-11-16 02:37:00,NA
661233,"HUAQIN TECHNOLOGY CO., LTD",NA,"Huaqin Technology Co., Ltd",Wesley Kuo,"[Samsung][Intel-ADL-P][Titan2-M][Win11 R]The units show ""Bluetooth-??(R) ?? Bluetooth(R)"", HWID : USB\VID_8087&PID_0026&REV_0002, Problem during running S4&MS Mix.(FR:3 out of 15 units,3 out of 10693 times)",2021-11-16 02:37:00,NA
661233,"HUAQIN TECHNOLOGY CO., LTD",NA,"Huaqin Technology Co., Ltd",Wesley Kuo,"[Samsung][Intel-ADL-P][Titan2-M][Win11 R]The units show ""Bluetooth-??(R) ?? Bluetooth(R)"", HWID : USB\VID_8087&PID_0026&REV_0002, Problem during running S4&MS Mix.(FR:3 out of 15 units,3 out of 10693 times)",2021-11-16 02:37:00,NA
661225,"HUAQIN TECHNOLOGY CO., LTD",NA,"Huaqin Technology Co., Ltd",Wesley Kuo,"[Samsung][Intel-ADL][Titan2-M][Win11 R]The units show ""Bluetooth-??(R) ?? Bluetooth(R)"", HWID : USB\VID_8087&PID_0026&REV_0002, Not found during running WR&HS Mix.",2021-11-16 02:08:00,NA
661225,"HUAQIN TECHNOLOGY CO., LTD",NA,"Huaqin Technology Co., Ltd",Wesley Kuo,"[Samsung][Intel-ADL][Titan2-M][Win11 R]The units show ""Bluetooth-??(R) ?? Bluetooth(R)"", HWID : USB\VID_8087&PID_0026&REV_0002, Not found during running WR&HS Mix.",2021-11-16 02:08:00,NA
661225,"HUAQIN TECHNOLOGY CO., LTD",NA,"Huaqin Technology Co., Ltd",Wesley Kuo,"[Samsung][Intel-ADL][Titan2-M][Win11 R]The units show ""Bluetooth-??(R) ?? Bluetooth(R)"", HWID : USB\VID_8087&PID_0026&REV_0002, Not found during running WR&HS Mix.",2021-11-16 02:08:00,NA
661101,MSI,"MICRO-STAR INTERNATIONAL CO., LTD.","MICRO-STAR INTERNATIONAL CO., LTD.",Brandon Yang,[MSI][MS-1584][ADL-P] BSOD 0x116 VIDEO_TDR_FAILURE occurred when running 3DMARK.,2021-11-15 22:01:00,NA
661063,"HUAQIN TECHNOLOGY CO., LTD",NA,"Huaqin Technology Co., Ltd",Steven ZY Chen,[Huaqin][NB2631][ADL-P] BSOD occurred during the HLK test for System - PNP (disable and enable) with IO Before and After (Reliability).,2021-11-15 19:45:00,NA
661063,"HUAQIN TECHNOLOGY CO., LTD",NA,"Huaqin Technology Co., Ltd",Steven ZY Chen,[Huaqin][NB2631][ADL-P] BSOD occurred during the HLK test for System - PNP (disable and enable) with IO Before and After (Reliability).,2021-11-15 19:45:00,NA
661063,"HUAQIN TECHNOLOGY CO., LTD",NA,"Huaqin Technology Co., Ltd",Steven ZY Chen,[Huaqin][NB2631][ADL-P] BSOD occurred during the HLK test for System - PNP (disable and enable) with IO Before and After (Reliability).,2021-11-15 19:45:00,NA
661017,QUANTA COMPUTER INC.,NA,QUANTA COMPUTER INC.,Charles P Chu,[Huawei][Quanta][EulerD][TGL-UP4][AX201][20H2][WLAN][805242601] Connecting wifi AP then adjusting system voice volume will cause high CPU usage.,2021-11-15 18:21:00,NA
661017,QUANTA COMPUTER INC.,NA,QUANTA COMPUTER INC.,Charles P Chu,[Huawei][Quanta][EulerD][TGL-UP4][AX201][20H2][WLAN][805242601] Connecting wifi AP then adjusting system voice volume will cause high CPU usage.,2021-11-15 18:21:00,NA
661017,QUANTA COMPUTER INC.,NA,QUANTA COMPUTER INC.,Charles P Chu,[Huawei][Quanta][EulerD][TGL-UP4][AX201][20H2][WLAN][805242601] Connecting wifi AP then adjusting system voice volume will cause high CPU usage.,2021-11-15 18:21:00,NA
661013,"COMPAL ELECTRONICS, INC.","COMPAL ELECTRONICS, INC.","COMPAL ELECTRONICS, INC.",Brandon Yang,[Dell_Compal_ADL_Odyssey]Demo video won?t change after adjust video setting in IGCC Video page.,2021-11-15 18:05:00,NA
660804,"COMPAL ELECTRONICS, INC.","COMPAL ELECTRONICS, INC.","COMPAL ELECTRONICS, INC.",Brandon Yang,[Dell_Compal_ADL_Odyssey]Seamless DRRS no function even with VBT/GFX Driver/LCD supported.,2021-11-15 01:00:00,NA
660802,"COMPAL ELECTRONICS, INC.",NA,"COMPAL ELECTRONICS, INC.",Zhiqiang Cai,[Lenovo-Ideapad][Compal][V350][ADL-P][Win11] AX211 WLAN card Wifi auto disconnect when run Wifi S0i3 w/ 6G network,2021-11-15 00:58:00,NA
660802,"COMPAL ELECTRONICS, INC.",NA,"COMPAL ELECTRONICS, INC.",Zhiqiang Cai,[Lenovo-Ideapad][Compal][V350][ADL-P][Win11] AX211 WLAN card Wifi auto disconnect when run Wifi S0i3 w/ 6G network,2021-11-15 00:58:00,NA
660802,"COMPAL ELECTRONICS, INC.",NA,"COMPAL ELECTRONICS, INC.",Zhiqiang Cai,[Lenovo-Ideapad][Compal][V350][ADL-P][Win11] AX211 WLAN card Wifi auto disconnect when run Wifi S0i3 w/ 6G network,2021-11-15 00:58:00,NA
660616,QUANTA COMPUTER INC.,NA,QUANTA COMPUTER INC.,Charles P Chu,[Huawei][Quanta][BohrD][TGL][AX201][20H2][WiFi][805239340]Video lag when displaying PC screen to a external monitor by multi-screen collaboration technology.,2021-11-14 19:04:00,NA
660616,QUANTA COMPUTER INC.,NA,QUANTA COMPUTER INC.,Charles P Chu,[Huawei][Quanta][BohrD][TGL][AX201][20H2][WiFi][805239340]Video lag when displaying PC screen to a external monitor by multi-screen collaboration technology.,2021-11-14 19:04:00,NA
660616,QUANTA COMPUTER INC.,NA,QUANTA COMPUTER INC.,Charles P Chu,[Huawei][Quanta][BohrD][TGL][AX201][20H2][WiFi][805239340]Video lag when displaying PC screen to a external monitor by multi-screen collaboration technology.,2021-11-14 19:04:00,NA
660579,WISTRON CORPORATION,NA,WISTRON CORPORATION,Zhiqiang Cai,[Lenovo][Wistron][ThinkBook 13x Gen 2][ADL][AX201][Win11][33%]FVT2: SUT show BSOD:bugcode ndis driver during S4 stress,2021-11-14 18:04:00,NA
660579,WISTRON CORPORATION,NA,WISTRON CORPORATION,Zhiqiang Cai,[Lenovo][Wistron][ThinkBook 13x Gen 2][ADL][AX201][Win11][33%]FVT2: SUT show BSOD:bugcode ndis driver during S4 stress,2021-11-14 18:04:00,NA
660579,WISTRON CORPORATION,NA,WISTRON CORPORATION,Zhiqiang Cai,[Lenovo][Wistron][ThinkBook 13x Gen 2][ADL][AX201][Win11][33%]FVT2: SUT show BSOD:bugcode ndis driver during S4 stress,2021-11-14 18:04:00,NA
660111,"COMPAL ELECTRONICS, INC.","COMPAL ELECTRONICS, INC.","COMPAL ELECTRONICS, INC.",Brandon Yang,[Dell_Compal_Horizon MLK_ADL-P_Win11] Video will hang while full screen playback long testing period (mouse cursor alive),2021-11-11 01:27:00,NA
659984,QUANTA COMPUTER INC.,NA,QUANTA COMPUTER INC.,Charles P Chu,"[Huawei][Quanta][H99E][NobelF][AX201][21H2][WLAN] [AX201][BUG-20211111-37766] Connect to a dual-mode adaptive router, stay away from the router and cannot roam to 2.4G network",2021-11-10 22:00:00,NA
659984,QUANTA COMPUTER INC.,NA,QUANTA COMPUTER INC.,Charles P Chu,"[Huawei][Quanta][H99E][NobelF][AX201][21H2][WLAN] [AX201][BUG-20211111-37766] Connect to a dual-mode adaptive router, stay away from the router and cannot roam to 2.4G network",2021-11-10 22:00:00,NA
659984,QUANTA COMPUTER INC.,NA,QUANTA COMPUTER INC.,Charles P Chu,"[Huawei][Quanta][H99E][NobelF][AX201][21H2][WLAN] [AX201][BUG-20211111-37766] Connect to a dual-mode adaptive router, stay away from the router and cannot roam to 2.4G network",2021-11-10 22:00:00,NA
659880,QUANTA COMPUTER INC.,NA,QUANTA COMPUTER INC.,Leo Chiang,"[Huawei][Quanta][H9HD][HookF][AX211][21H2][BT][BUG-20211111-37758] Connect a Bluetooth speaker/Bluetooth headset, in the lower right corner is Hands-Free, and the channel will not automatically switch after connection, it still be speaker output",2021-11-10 16:41:00,NA
659880,QUANTA COMPUTER INC.,NA,QUANTA COMPUTER INC.,Leo Chiang,"[Huawei][Quanta][H9HD][HookF][AX211][21H2][BT][BUG-20211111-37758] Connect a Bluetooth speaker/Bluetooth headset, in the lower right corner is Hands-Free, and the channel will not automatically switch after connection, it still be speaker output",2021-11-10 16:41:00,NA
659880,QUANTA COMPUTER INC.,NA,QUANTA COMPUTER INC.,Leo Chiang,"[Huawei][Quanta][H9HD][HookF][AX211][21H2][BT][BUG-20211111-37758] Connect a Bluetooth speaker/Bluetooth headset, in the lower right corner is Hands-Free, and the channel will not automatically switch after connection, it still be speaker output",2021-11-10 16:41:00,NA
659667,"HUAQIN TECHNOLOGY CO., LTD",NA,"Huaqin Technology Co., Ltd",Leo Chiang,"[HuaQin][Asus][B3402FEA]Install Intel Bluetooth driver(22.90HF2),the Bluetooth  audio connected status can not show the ?voice,music? string.(FR:100%)",2021-11-09 22:38:00,NA
659667,"HUAQIN TECHNOLOGY CO., LTD",NA,"Huaqin Technology Co., Ltd",Leo Chiang,"[HuaQin][Asus][B3402FEA]Install Intel Bluetooth driver(22.90HF2),the Bluetooth  audio connected status can not show the ?voice,music? string.(FR:100%)",2021-11-09 22:38:00,NA
659667,"HUAQIN TECHNOLOGY CO., LTD",NA,"Huaqin Technology Co., Ltd",Leo Chiang,"[HuaQin][Asus][B3402FEA]Install Intel Bluetooth driver(22.90HF2),the Bluetooth  audio connected status can not show the ?voice,music? string.(FR:100%)",2021-11-09 22:38:00,NA
659618,DYNABOOK INC.,NA,Dynabook Inc.,Franky Yang,[Dynabook][Win11]  roaming test failed for Wi-Fi 6E,2021-11-09 21:21:00,NA
659618,DYNABOOK INC.,NA,Dynabook Inc.,Franky Yang,[Dynabook][Win11]  roaming test failed for Wi-Fi 6E,2021-11-09 21:21:00,NA
659618,DYNABOOK INC.,NA,Dynabook Inc.,Franky Yang,[Dynabook][Win11]  roaming test failed for Wi-Fi 6E,2021-11-09 21:21:00,NA
659583,DYNABOOK INC.,NA,Dynabook Inc.,Franky Yang,[Dynabook][Win11] Cannot connect to 6E AP if set SSID as hidden,2021-11-09 19:23:00,NA
659583,DYNABOOK INC.,NA,Dynabook Inc.,Franky Yang,[Dynabook][Win11] Cannot connect to 6E AP if set SSID as hidden,2021-11-09 19:23:00,NA
659583,DYNABOOK INC.,NA,Dynabook Inc.,Franky Yang,[Dynabook][Win11] Cannot connect to 6E AP if set SSID as hidden,2021-11-09 19:23:00,NA
659435,"COMPAL ELECTRONICS, INC.",NA,"COMPAL ELECTRONICS, INC.",Leo Chiang,[Dell/Compal][ADLP] WHQL test - Bluetooth - UsbScoDataTransportLayer (Development and Integration) fail,2021-11-09 04:41:00,NA
659435,"COMPAL ELECTRONICS, INC.",NA,"COMPAL ELECTRONICS, INC.",Leo Chiang,[Dell/Compal][ADLP] WHQL test - Bluetooth - UsbScoDataTransportLayer (Development and Integration) fail,2021-11-09 04:41:00,NA
659435,"COMPAL ELECTRONICS, INC.",NA,"COMPAL ELECTRONICS, INC.",Leo Chiang,[Dell/Compal][ADLP] WHQL test - Bluetooth - UsbScoDataTransportLayer (Development and Integration) fail,2021-11-09 04:41:00,NA
659431,PEGATRON CORPORATION,NA,Pegatron Corporation,Franky Yang,[ASUS Pegatron][B2402/B2502][ADL-P][AX211] Dynamic SAR no function,2021-11-09 04:25:00,NA
659431,PEGATRON CORPORATION,NA,Pegatron Corporation,Franky Yang,[ASUS Pegatron][B2402/B2502][ADL-P][AX211] Dynamic SAR no function,2021-11-09 04:25:00,NA
659431,PEGATRON CORPORATION,NA,Pegatron Corporation,Franky Yang,[ASUS Pegatron][B2402/B2502][ADL-P][AX211] Dynamic SAR no function,2021-11-09 04:25:00,NA
659267,QUANTA COMPUTER INC.,NA,QUANTA COMPUTER INC.,Charles P Chu,"[Huawei][Quanta][KelvinD][TGL-U][AX201][Wifi][20H1][805228281] The DUT WLAN show Yellow ban , error code 43 , restart system WLAN still yellow ban , Press F10 reset PC can recovery , but go to internet , WLAN show yellow ban again",2021-11-08 22:23:00,NA
659267,QUANTA COMPUTER INC.,NA,QUANTA COMPUTER INC.,Charles P Chu,"[Huawei][Quanta][KelvinD][TGL-U][AX201][Wifi][20H1][805228281] The DUT WLAN show Yellow ban , error code 43 , restart system WLAN still yellow ban , Press F10 reset PC can recovery , but go to internet , WLAN show yellow ban again",2021-11-08 22:23:00,NA
659267,QUANTA COMPUTER INC.,NA,QUANTA COMPUTER INC.,Charles P Chu,"[Huawei][Quanta][KelvinD][TGL-U][AX201][Wifi][20H1][805228281] The DUT WLAN show Yellow ban , error code 43 , restart system WLAN still yellow ban , Press F10 reset PC can recovery , but go to internet , WLAN show yellow ban again",2021-11-08 22:23:00,NA
659224,QUANTA COMPUTER INC.,NA,QUANTA COMPUTER INC.,Charles P Chu,"[Huawei][Quanta][H98VH99V][BohrENobelE_Intel][AX201][21H2][WIFI][805230809 ] The DUT enter hibernation for a while , wake up the system , click WLAN icon of task tray to scan but is blank and can't refrsh hotspot , restart system recovery",2021-11-08 20:03:00,NA
659224,QUANTA COMPUTER INC.,NA,QUANTA COMPUTER INC.,Charles P Chu,"[Huawei][Quanta][H98VH99V][BohrENobelE_Intel][AX201][21H2][WIFI][805230809 ] The DUT enter hibernation for a while , wake up the system , click WLAN icon of task tray to scan but is blank and can't refrsh hotspot , restart system recovery",2021-11-08 20:03:00,NA
659224,QUANTA COMPUTER INC.,NA,QUANTA COMPUTER INC.,Charles P Chu,"[Huawei][Quanta][H98VH99V][BohrENobelE_Intel][AX201][21H2][WIFI][805230809 ] The DUT enter hibernation for a while , wake up the system , click WLAN icon of task tray to scan but is blank and can't refrsh hotspot , restart system recovery",2021-11-08 20:03:00,NA
659219,MSI,"MICRO-STAR INTERNATIONAL CO., LTD.","MICRO-STAR INTERNATIONAL CO., LTD.",Brandon Yang,BSOD 0x117 VIDEO_TDR_TIMEOUT_DETECTED occurred when running 3DMARK,2021-11-08 19:41:00,NA
659037,"HUAQIN TECHNOLOGY CO., LTD",NA,"Huaqin Technology Co., Ltd",Wesley Kuo,"[Samsung][Titan2-M][PV1]The units show BSOD(0x21) during running OQC(S4).(FR:1 out of 30 units,1 out of 30 times)",2021-11-08 02:23:00,NA
659037,"HUAQIN TECHNOLOGY CO., LTD",NA,"Huaqin Technology Co., Ltd",Wesley Kuo,"[Samsung][Titan2-M][PV1]The units show BSOD(0x21) during running OQC(S4).(FR:1 out of 30 units,1 out of 30 times)",2021-11-08 02:23:00,NA
659037,"HUAQIN TECHNOLOGY CO., LTD",NA,"Huaqin Technology Co., Ltd",Wesley Kuo,"[Samsung][Titan2-M][PV1]The units show BSOD(0x21) during running OQC(S4).(FR:1 out of 30 units,1 out of 30 times)",2021-11-08 02:23:00,NA
658995,WISTRON CORPORATION,NA,WISTRON CORPORATION,Franky Yang,[Dell][Wistron][ADL-P][StradaleMLK2][HLK] System - Sleep with IO Before and After (Reliability SysFund) found error with AX211,2021-11-08 00:47:00,NA
658995,WISTRON CORPORATION,NA,WISTRON CORPORATION,Franky Yang,[Dell][Wistron][ADL-P][StradaleMLK2][HLK] System - Sleep with IO Before and After (Reliability SysFund) found error with AX211,2021-11-08 00:47:00,NA
658995,WISTRON CORPORATION,NA,WISTRON CORPORATION,Franky Yang,[Dell][Wistron][ADL-P][StradaleMLK2][HLK] System - Sleep with IO Before and After (Reliability SysFund) found error with AX211,2021-11-08 00:47:00,NA
658576,"COMPAL ELECTRONICS, INC.",NA,"COMPAL ELECTRONICS, INC.",Franky Yang,"[Dell/Compal][ADL-P] Excute ""Remotecontrol.exe -getpower"" will show error message",2021-11-04 23:56:00,NA
658576,"COMPAL ELECTRONICS, INC.",NA,"COMPAL ELECTRONICS, INC.",Franky Yang,"[Dell/Compal][ADL-P] Excute ""Remotecontrol.exe -getpower"" will show error message",2021-11-04 23:56:00,NA
658576,"COMPAL ELECTRONICS, INC.",NA,"COMPAL ELECTRONICS, INC.",Franky Yang,"[Dell/Compal][ADL-P] Excute ""Remotecontrol.exe -getpower"" will show error message",2021-11-04 23:56:00,NA
658469,"HUAQIN TECHNOLOGY CO., LTD",NA,"Huaqin Technology Co., Ltd",Zhiwei He,[HUAWEI][HUAQIN][EmmyD][Intel TGL][WIN10][AX201][WIFI] Connect to AP and idle system about 20~30mins. The network is unavailable during use and check wifi deiver on DM. Found that wifi device shwo YB Code: 43,2021-11-04 20:21:00,NA
658469,"HUAQIN TECHNOLOGY CO., LTD",NA,"Huaqin Technology Co., Ltd",Zhiwei He,[HUAWEI][HUAQIN][EmmyD][Intel TGL][WIN10][AX201][WIFI] Connect to AP and idle system about 20~30mins. The network is unavailable during use and check wifi deiver on DM. Found that wifi device shwo YB Code: 43,2021-11-04 20:21:00,NA
658469,"HUAQIN TECHNOLOGY CO., LTD",NA,"Huaqin Technology Co., Ltd",Zhiwei He,[HUAWEI][HUAQIN][EmmyD][Intel TGL][WIN10][AX201][WIFI] Connect to AP and idle system about 20~30mins. The network is unavailable during use and check wifi deiver on DM. Found that wifi device shwo YB Code: 43,2021-11-04 20:21:00,NA
658445,MSI,"MICRO-STAR INTERNATIONAL CO., LTD.","MICRO-STAR INTERNATIONAL CO., LTD.",Brandon Yang,"[MS-1584/17L4/15B1] Connect with HDMI, The Screen will automatically cut to the previous mode from PC Screen Only",2021-11-04 19:42:00,NA
658305,"HUAQIN TECHNOLOGY CO., LTD",NA,"Huaqin Technology Co., Ltd",Zhiwei He,[HUAWEI][HUAQIN][Morgan][Intel TGL][Intel AX201][W11][WIFI] Have no access to the internet about 30s~1min when resume from modernstandby.,2021-11-04 04:24:00,NA
658305,"HUAQIN TECHNOLOGY CO., LTD",NA,"Huaqin Technology Co., Ltd",Zhiwei He,[HUAWEI][HUAQIN][Morgan][Intel TGL][Intel AX201][W11][WIFI] Have no access to the internet about 30s~1min when resume from modernstandby.,2021-11-04 04:24:00,NA
658305,"HUAQIN TECHNOLOGY CO., LTD",NA,"Huaqin Technology Co., Ltd",Zhiwei He,[HUAWEI][HUAQIN][Morgan][Intel TGL][Intel AX201][W11][WIFI] Have no access to the internet about 30s~1min when resume from modernstandby.,2021-11-04 04:24:00,NA
658145,"COMPAL ELECTRONICS, INC.",NA,"COMPAL ELECTRONICS, INC.",Franky Yang,[Dell][Compal][Odyssey] PIMS-100810- [ODS14_DVT1]SupportSOS can't detect network adapter,2021-11-03 23:51:00,NA
658145,"COMPAL ELECTRONICS, INC.",NA,"COMPAL ELECTRONICS, INC.",Franky Yang,[Dell][Compal][Odyssey] PIMS-100810- [ODS14_DVT1]SupportSOS can't detect network adapter,2021-11-03 23:51:00,NA
658145,"COMPAL ELECTRONICS, INC.",NA,"COMPAL ELECTRONICS, INC.",Franky Yang,[Dell][Compal][Odyssey] PIMS-100810- [ODS14_DVT1]SupportSOS can't detect network adapter,2021-11-03 23:51:00,NA
658071,"COMPAL ELECTRONICS, INC.","COMPAL ELECTRONICS, INC.","COMPAL ELECTRONICS, INC.",Charles P Chu,[Dell_Montreux MLK_ADL-P] QS Modren Standby hang black screen,2021-11-03 22:23:00,NA
657801,QUANTA COMPUTER INC.,NA,QUANTA COMPUTER INC.,Leo Chiang,"[Huawei][Quanta][H99E][NobelF][AX201][21H2][BT] Connect to Bluetooth device, The DUT enter hibernation , resume from Hibernation , during login screen , system auto shutdown or meet BSOD",2021-11-03 01:29:00,NA
657801,QUANTA COMPUTER INC.,NA,QUANTA COMPUTER INC.,Leo Chiang,"[Huawei][Quanta][H99E][NobelF][AX201][21H2][BT] Connect to Bluetooth device, The DUT enter hibernation , resume from Hibernation , during login screen , system auto shutdown or meet BSOD",2021-11-03 01:29:00,NA
657801,QUANTA COMPUTER INC.,NA,QUANTA COMPUTER INC.,Leo Chiang,"[Huawei][Quanta][H99E][NobelF][AX201][21H2][BT] Connect to Bluetooth device, The DUT enter hibernation , resume from Hibernation , during login screen , system auto shutdown or meet BSOD",2021-11-03 01:29:00,NA
657635,QUANTA COMPUTER INC.,NA,QUANTA COMPUTER INC.,Charles P Chu,[Huawei][Quanta][H98VH99V][BohrENobelE_Intel][AX201][21H2][WIFI][BUG-20211102-37459] Moderm standby high power consumption due to Intel(R) Wi-Fi 6 AX201 160MHz  from sleepstudy report,2021-11-02 17:18:00,NA
657635,QUANTA COMPUTER INC.,NA,QUANTA COMPUTER INC.,Charles P Chu,[Huawei][Quanta][H98VH99V][BohrENobelE_Intel][AX201][21H2][WIFI][BUG-20211102-37459] Moderm standby high power consumption due to Intel(R) Wi-Fi 6 AX201 160MHz  from sleepstudy report,2021-11-02 17:18:00,NA
657635,QUANTA COMPUTER INC.,NA,QUANTA COMPUTER INC.,Charles P Chu,[Huawei][Quanta][H98VH99V][BohrENobelE_Intel][AX201][21H2][WIFI][BUG-20211102-37459] Moderm standby high power consumption due to Intel(R) Wi-Fi 6 AX201 160MHz  from sleepstudy report,2021-11-02 17:18:00,NA
657558,"HUAQIN TECHNOLOGY CO., LTD",NA,"Huaqin Technology Co., Ltd",Brenton Wu,"[MI][HuaQin][A39S][CcP2] AX200 wlan module will be lost when running coldboot stress test. (FR: 3/4 units, 84/152 cycles)",2021-11-02 06:02:00,NA
657558,"HUAQIN TECHNOLOGY CO., LTD",NA,"Huaqin Technology Co., Ltd",Brenton Wu,"[MI][HuaQin][A39S][CcP2] AX200 wlan module will be lost when running coldboot stress test. (FR: 3/4 units, 84/152 cycles)",2021-11-02 06:02:00,NA
657558,"HUAQIN TECHNOLOGY CO., LTD",NA,"Huaqin Technology Co., Ltd",Brenton Wu,"[MI][HuaQin][A39S][CcP2] AX200 wlan module will be lost when running coldboot stress test. (FR: 3/4 units, 84/152 cycles)",2021-11-02 06:02:00,NA
657517,"COMPAL ELECTRONICS, INC.",NA,"COMPAL ELECTRONICS, INC.",Steven ZY Chen,[Acer_Compal][Jimny_ADH] [ADL-P][Killer AX 1650i]HLK test Fail item_Bluetooth - LEExtendedAdvertising (Development and Integration),2021-11-02 03:33:00,NA
657517,"COMPAL ELECTRONICS, INC.",NA,"COMPAL ELECTRONICS, INC.",Steven ZY Chen,[Acer_Compal][Jimny_ADH] [ADL-P][Killer AX 1650i]HLK test Fail item_Bluetooth - LEExtendedAdvertising (Development and Integration),2021-11-02 03:33:00,NA
657517,"COMPAL ELECTRONICS, INC.",NA,"COMPAL ELECTRONICS, INC.",Steven ZY Chen,[Acer_Compal][Jimny_ADH] [ADL-P][Killer AX 1650i]HLK test Fail item_Bluetooth - LEExtendedAdvertising (Development and Integration),2021-11-02 03:33:00,NA
657342,QUANTA COMPUTER INC.,NA,QUANTA COMPUTER INC.,Leo Chiang,"[Huawei][Quanta][H98VH99V][BohrENobelE_Intel][AX201][21H2][BT][BUG-20211025-37154]  Connect to internet , Run HUA Step Tool_202100830 run Stress_App_00300, sometimes meet Bluetooth device lost",2021-11-01 20:42:00,NA
657342,QUANTA COMPUTER INC.,NA,QUANTA COMPUTER INC.,Leo Chiang,"[Huawei][Quanta][H98VH99V][BohrENobelE_Intel][AX201][21H2][BT][BUG-20211025-37154]  Connect to internet , Run HUA Step Tool_202100830 run Stress_App_00300, sometimes meet Bluetooth device lost",2021-11-01 20:42:00,NA
657342,QUANTA COMPUTER INC.,NA,QUANTA COMPUTER INC.,Leo Chiang,"[Huawei][Quanta][H98VH99V][BohrENobelE_Intel][AX201][21H2][BT][BUG-20211025-37154]  Connect to internet , Run HUA Step Tool_202100830 run Stress_App_00300, sometimes meet Bluetooth device lost",2021-11-01 20:42:00,NA
657339,CLEVO,CLEVO CO.,CLEVO CO.,Brandon Yang,[ADL-P-CLEVO-X270PTA-Jimmy] AUO 120Hz Mini LED screen flickering after S3 resume.,2021-11-01 20:33:00,NA
657295,"HUAQIN TECHNOLOGY CO., LTD",NA,"Huaqin Technology Co., Ltd",Brenton Wu,[XiaoMi][Huaqin][A54A55][ADL-P][Win11] 5G hotspot can not enable when UUT connect AP with lower channels(36/48/...)(Failrate:100%),2021-11-01 19:04:00,NA
657295,"HUAQIN TECHNOLOGY CO., LTD",NA,"Huaqin Technology Co., Ltd",Brenton Wu,[XiaoMi][Huaqin][A54A55][ADL-P][Win11] 5G hotspot can not enable when UUT connect AP with lower channels(36/48/...)(Failrate:100%),2021-11-01 19:04:00,NA
657295,"HUAQIN TECHNOLOGY CO., LTD",NA,"Huaqin Technology Co., Ltd",Brenton Wu,[XiaoMi][Huaqin][A54A55][ADL-P][Win11] 5G hotspot can not enable when UUT connect AP with lower channels(36/48/...)(Failrate:100%),2021-11-01 19:04:00,NA
657192,CLEVO,CLEVO CO.,CLEVO CO.,Brandon Yang,[ADL-P-CLEVO-X270PTA-Jimmy] AUO 360Hz Mini LED black screen after installing VGA driver.,2021-11-01 04:39:00,NA
657182,"SHENZHEN BITLAND INFORMATION TECHNOLOGYCO., LTD.",NA,"SHENZHEN BITLAND INFORMATION TECHNOLOGYCO., LTD.",Brenton Wu,"[XIAOMI][Bitland][A7R][Tiger Lake-H][21H1][2/2units]When the unit is used normally, the wireless network will be disconnected and cannot be used.",2021-11-01 04:02:00,NA
657182,"SHENZHEN BITLAND INFORMATION TECHNOLOGYCO., LTD.",NA,"SHENZHEN BITLAND INFORMATION TECHNOLOGYCO., LTD.",Brenton Wu,"[XIAOMI][Bitland][A7R][Tiger Lake-H][21H1][2/2units]When the unit is used normally, the wireless network will be disconnected and cannot be used.",2021-11-01 04:02:00,NA
657182,"SHENZHEN BITLAND INFORMATION TECHNOLOGYCO., LTD.",NA,"SHENZHEN BITLAND INFORMATION TECHNOLOGYCO., LTD.",Brenton Wu,"[XIAOMI][Bitland][A7R][Tiger Lake-H][21H1][2/2units]When the unit is used normally, the wireless network will be disconnected and cannot be used.",2021-11-01 04:02:00,NA
657175,WISTRON CORPORATION,WISTRON CORPORATION,WISTRON CORPORATION,Timdaway Lai,[DELL][Wistron] [ADL-P] [Antman/Odin] [DVT2] P28 QS CPU Modern standby fail and HW drips 0%,2021-11-01 03:41:00,NA
657125,"SHANGHAI WINGTECH ELECTRONICS TECHNOLOGYCO., LTD.",NA,"SHANGHAI WINGTECH ELECTRONICS TECHNOLOGYCO., LTD.",Wesley Kuo,[Huawei][Wingtech][CurieM][AMD Cezanne][AX200][21H2][BT]BSOD?SYSTEM_THREAD_EXCEPTION_NOT_HANDLED (7e),2021-11-01 00:57:00,NA
657125,"SHANGHAI WINGTECH ELECTRONICS TECHNOLOGYCO., LTD.",NA,"SHANGHAI WINGTECH ELECTRONICS TECHNOLOGYCO., LTD.",Wesley Kuo,[Huawei][Wingtech][CurieM][AMD Cezanne][AX200][21H2][BT]BSOD?SYSTEM_THREAD_EXCEPTION_NOT_HANDLED (7e),2021-11-01 00:57:00,NA
657125,"SHANGHAI WINGTECH ELECTRONICS TECHNOLOGYCO., LTD.",NA,"SHANGHAI WINGTECH ELECTRONICS TECHNOLOGYCO., LTD.",Wesley Kuo,[Huawei][Wingtech][CurieM][AMD Cezanne][AX200][21H2][BT]BSOD?SYSTEM_THREAD_EXCEPTION_NOT_HANDLED (7e),2021-11-01 00:57:00,NA
657096,QUANTA COMPUTER INC.,NA,QUANTA COMPUTER INC.,Charles P Chu,"[Huawei][Quanta][H98VH99V][BohrENobelE_Intel][AX201][21H2][WIFI][BUG-20211025-37118] The DUT connect to AP (hotspot), remove network cable from AP to let DUT can't go to internet, wait 2 min , sometime hotspot will auto disconnect with DUT",2021-11-01 00:06:00,NA
657096,QUANTA COMPUTER INC.,NA,QUANTA COMPUTER INC.,Charles P Chu,"[Huawei][Quanta][H98VH99V][BohrENobelE_Intel][AX201][21H2][WIFI][BUG-20211025-37118] The DUT connect to AP (hotspot), remove network cable from AP to let DUT can't go to internet, wait 2 min , sometime hotspot will auto disconnect with DUT",2021-11-01 00:06:00,NA
657096,QUANTA COMPUTER INC.,NA,QUANTA COMPUTER INC.,Charles P Chu,"[Huawei][Quanta][H98VH99V][BohrENobelE_Intel][AX201][21H2][WIFI][BUG-20211025-37118] The DUT connect to AP (hotspot), remove network cable from AP to let DUT can't go to internet, wait 2 min , sometime hotspot will auto disconnect with DUT",2021-11-01 00:06:00,NA
657039,MSI,NA,"MICRO-STAR INTERNATIONAL CO., LTD.",Wesley Kuo,"[MS-14C4/14C5/15CK/17K2/ 16S6...] After 4 to 6 seconds, BT device will stutters,when the function ""USB Root Hub Power Management"" is enabling",2021-10-31 20:42:00,NA
657039,MSI,NA,"MICRO-STAR INTERNATIONAL CO., LTD.",Wesley Kuo,"[MS-14C4/14C5/15CK/17K2/ 16S6...] After 4 to 6 seconds, BT device will stutters,when the function ""USB Root Hub Power Management"" is enabling",2021-10-31 20:42:00,NA
657039,MSI,NA,"MICRO-STAR INTERNATIONAL CO., LTD.",Wesley Kuo,"[MS-14C4/14C5/15CK/17K2/ 16S6...] After 4 to 6 seconds, BT device will stutters,when the function ""USB Root Hub Power Management"" is enabling",2021-10-31 20:42:00,NA
656565,"HUAQIN TECHNOLOGY CO., LTD",NA,"Huaqin Technology Co., Ltd",Franky Yang,[UX3402][ASUS][HUAQIN][Alder Lake-p][ER][SKU4]The SAR power does not change with the ANT TOOL when switching COUNTRY,2021-10-28 23:56:00,NA
656565,"HUAQIN TECHNOLOGY CO., LTD",NA,"Huaqin Technology Co., Ltd",Franky Yang,[UX3402][ASUS][HUAQIN][Alder Lake-p][ER][SKU4]The SAR power does not change with the ANT TOOL when switching COUNTRY,2021-10-28 23:56:00,NA
656565,"HUAQIN TECHNOLOGY CO., LTD",NA,"Huaqin Technology Co., Ltd",Franky Yang,[UX3402][ASUS][HUAQIN][Alder Lake-p][ER][SKU4]The SAR power does not change with the ANT TOOL when switching COUNTRY,2021-10-28 23:56:00,NA
656329,"COMPAL ELECTRONICS, INC.",NA,"COMPAL ELECTRONICS, INC.",Franky Yang,[Dell/Compal][ADLP] AX211 Miracast frame lag,2021-10-28 19:08:00,NA
656329,"COMPAL ELECTRONICS, INC.",NA,"COMPAL ELECTRONICS, INC.",Franky Yang,[Dell/Compal][ADLP] AX211 Miracast frame lag,2021-10-28 19:08:00,NA
656329,"COMPAL ELECTRONICS, INC.",NA,"COMPAL ELECTRONICS, INC.",Franky Yang,[Dell/Compal][ADLP] AX211 Miracast frame lag,2021-10-28 19:08:00,NA
656209,INVENTEC CORPORATION,NA,INVENTEC CORPORATION,Timdaway Lai,[ASUS][Strix 2022]System can not wake up by remote desktop after into modern standby more than 5 min at DC mode.,2021-10-28 06:08:00,NA
656209,INVENTEC CORPORATION,NA,INVENTEC CORPORATION,Timdaway Lai,[ASUS][Strix 2022]System can not wake up by remote desktop after into modern standby more than 5 min at DC mode.,2021-10-28 06:08:00,NA
656209,INVENTEC CORPORATION,NA,INVENTEC CORPORATION,Timdaway Lai,[ASUS][Strix 2022]System can not wake up by remote desktop after into modern standby more than 5 min at DC mode.,2021-10-28 06:08:00,NA
655971,PEGATRON CORPORATION,NA,Pegatron Corporation,Leo Chiang,"[Dell/Pegatron][ADL-S][D12-AIO][Pompeii/Nazca] Win11 SUT hang on black screen during S4 stress, no caterr error, debug code:0004.",2021-10-27 23:08:00,NA
655971,PEGATRON CORPORATION,NA,Pegatron Corporation,Leo Chiang,"[Dell/Pegatron][ADL-S][D12-AIO][Pompeii/Nazca] Win11 SUT hang on black screen during S4 stress, no caterr error, debug code:0004.",2021-10-27 23:08:00,NA
655971,PEGATRON CORPORATION,NA,Pegatron Corporation,Leo Chiang,"[Dell/Pegatron][ADL-S][D12-AIO][Pompeii/Nazca] Win11 SUT hang on black screen during S4 stress, no caterr error, debug code:0004.",2021-10-27 23:08:00,NA
655897,QUANTA COMPUTER INC.,NA,QUANTA COMPUTER INC.,Charles P Chu,"[Huawei][Quanta][H9H][HookeD][AX201][20H2][WIFI][805210637]HookeD after connecting to any WIFI hotspots, the Internet response speed is slow",2021-10-27 19:02:00,NA
655897,QUANTA COMPUTER INC.,NA,QUANTA COMPUTER INC.,Charles P Chu,"[Huawei][Quanta][H9H][HookeD][AX201][20H2][WIFI][805210637]HookeD after connecting to any WIFI hotspots, the Internet response speed is slow",2021-10-27 19:02:00,NA
655897,QUANTA COMPUTER INC.,NA,QUANTA COMPUTER INC.,Charles P Chu,"[Huawei][Quanta][H9H][HookeD][AX201][20H2][WIFI][805210637]HookeD after connecting to any WIFI hotspots, the Internet response speed is slow",2021-10-27 19:02:00,NA
655516,QUANTA COMPUTER INC.,NA,QUANTA COMPUTER INC.,Leo Chiang,[Huawei][Quanta][H98VH99V][BohrENobelE_Intel][AX201][20H2][BT][BUG-20211022-37069] Execute '.\ ibterverify.exe ?t' fail.,2021-10-26 20:22:00,NA
655516,QUANTA COMPUTER INC.,NA,QUANTA COMPUTER INC.,Leo Chiang,[Huawei][Quanta][H98VH99V][BohrENobelE_Intel][AX201][20H2][BT][BUG-20211022-37069] Execute '.\ ibterverify.exe ?t' fail.,2021-10-26 20:22:00,NA
655516,QUANTA COMPUTER INC.,NA,QUANTA COMPUTER INC.,Leo Chiang,[Huawei][Quanta][H98VH99V][BohrENobelE_Intel][AX201][20H2][BT][BUG-20211022-37069] Execute '.\ ibterverify.exe ?t' fail.,2021-10-26 20:22:00,NA
655462,MSI,"MICRO-STAR INTERNATIONAL CO., LTD.","MICRO-STAR INTERNATIONAL CO., LTD.",Brandon Yang,[MS-15B1/1584/1593]System hang up when playing video with movie & TV under clone mode or Extended mode,2021-10-26 18:42:00,NA
655281,MSI,"MICRO-STAR INTERNATIONAL CO., LTD.","MICRO-STAR INTERNATIONAL CO., LTD.",Brandon Yang,[MSI}QHD panel black screen,2021-10-26 02:25:00,NA
655164,"COMPAL ELECTRONICS, INC.",NA,"COMPAL ELECTRONICS, INC.",Franky Yang,[Dell/Compal][ADLP] AX211 Install WLAN driver installer grammar mistakes.,2021-10-25 23:29:00,NA
655164,"COMPAL ELECTRONICS, INC.",NA,"COMPAL ELECTRONICS, INC.",Franky Yang,[Dell/Compal][ADLP] AX211 Install WLAN driver installer grammar mistakes.,2021-10-25 23:29:00,NA
655164,"COMPAL ELECTRONICS, INC.",NA,"COMPAL ELECTRONICS, INC.",Franky Yang,[Dell/Compal][ADLP] AX211 Install WLAN driver installer grammar mistakes.,2021-10-25 23:29:00,NA
655051,"COMPAL ELECTRONICS, INC.",NA,"COMPAL ELECTRONICS, INC.",Franky Yang,[WW42-43WS][Dell_Compal_ADL_Odyssey] SUT occur BSOD_DRIVER_IRQL_NOT_LESS_OR_EQUAL(0xd1) during MS/WB test.,2021-10-25 18:56:00,NA
655051,"COMPAL ELECTRONICS, INC.",NA,"COMPAL ELECTRONICS, INC.",Franky Yang,[WW42-43WS][Dell_Compal_ADL_Odyssey] SUT occur BSOD_DRIVER_IRQL_NOT_LESS_OR_EQUAL(0xd1) during MS/WB test.,2021-10-25 18:56:00,NA
655051,"COMPAL ELECTRONICS, INC.",NA,"COMPAL ELECTRONICS, INC.",Franky Yang,[WW42-43WS][Dell_Compal_ADL_Odyssey] SUT occur BSOD_DRIVER_IRQL_NOT_LESS_OR_EQUAL(0xd1) during MS/WB test.,2021-10-25 18:56:00,NA
654886,MSI,"MICRO-STAR INTERNATIONAL CO., LTD.","MICRO-STAR INTERNATIONAL CO., LTD.",Brandon Yang,[MSI][MS-14F1/MS-14C6/MS-1593] There is noisy sound when playing music under external HDMI monitor,2021-10-25 03:33:00,NA
654409,MSI,NA,"MICRO-STAR INTERNATIONAL CO., LTD.",Nicky Chen,CITU can't execute on ADL for MS-1592 QS Sample,2021-10-22 01:40:00,NA
654409,MSI,NA,"MICRO-STAR INTERNATIONAL CO., LTD.",Nicky Chen,CITU can't execute on ADL for MS-1592 QS Sample,2021-10-22 01:40:00,NA
654409,MSI,NA,"MICRO-STAR INTERNATIONAL CO., LTD.",Nicky Chen,CITU can't execute on ADL for MS-1592 QS Sample,2021-10-22 01:40:00,NA
654333,CLEVO,CLEVO CO.,CLEVO CO.,Brandon Yang,"[ADL-P-CLEVO-X270PTA-Kevin] Only one monitor is connected, five monitors will appear in System-> Sound-> All sound devices",2021-10-21 23:13:00,NA
654250,"SHENZHEN BITLAND INFORMATION TECHNOLOGYCO., LTD.",NA,"SHENZHEN BITLAND INFORMATION TECHNOLOGYCO., LTD.",Wesley Kuo,[Lenovo][bitland][Flex3-11IGL05][Intel®  Wireless-AC 9462][ Intel 9560 2x2ac][21H2][100% F/R 7/7] WHLK test BT driver failer,2021-10-21 19:13:00,NA
654250,"SHENZHEN BITLAND INFORMATION TECHNOLOGYCO., LTD.",NA,"SHENZHEN BITLAND INFORMATION TECHNOLOGYCO., LTD.",Wesley Kuo,[Lenovo][bitland][Flex3-11IGL05][Intel®  Wireless-AC 9462][ Intel 9560 2x2ac][21H2][100% F/R 7/7] WHLK test BT driver failer,2021-10-21 19:13:00,NA
654250,"SHENZHEN BITLAND INFORMATION TECHNOLOGYCO., LTD.",NA,"SHENZHEN BITLAND INFORMATION TECHNOLOGYCO., LTD.",Wesley Kuo,[Lenovo][bitland][Flex3-11IGL05][Intel®  Wireless-AC 9462][ Intel 9560 2x2ac][21H2][100% F/R 7/7] WHLK test BT driver failer,2021-10-21 19:13:00,NA
654128,CLEVO,CLEVO CO.,CLEVO CO.,Brandon Yang,[ADL-P-CLEVO-X270PTA-Kevin] BSOD observed during the 8K video content playing,2021-10-21 04:50:00,NA
654081,PEGATRON CORPORATION,NA,Pegatron Corporation,Leo Chiang,[Dell][CY22 AIO][ADL-S]Intel BT - The AX211 use BT driver 22.80.1.1 to run WHQL Checklogo test wil fail on Win10..,2021-10-21 02:53:00,NA
654081,PEGATRON CORPORATION,NA,Pegatron Corporation,Leo Chiang,[Dell][CY22 AIO][ADL-S]Intel BT - The AX211 use BT driver 22.80.1.1 to run WHQL Checklogo test wil fail on Win10..,2021-10-21 02:53:00,NA
654081,PEGATRON CORPORATION,NA,Pegatron Corporation,Leo Chiang,[Dell][CY22 AIO][ADL-S]Intel BT - The AX211 use BT driver 22.80.1.1 to run WHQL Checklogo test wil fail on Win10..,2021-10-21 02:53:00,NA
654041,"SHANGHAI WINGTECH ELECTRONICS TECHNOLOGYCO., LTD.",NA,"SHANGHAI WINGTECH ELECTRONICS TECHNOLOGYCO., LTD.",Zhiwei He,"[Huawei][Wingtech][CurieM][AMD Cezanne][AX200][20H2]PC connection 5G WiFi for p2p connection, can only be negotiated to 20mhz",2021-10-21 01:48:00,NA
654041,"SHANGHAI WINGTECH ELECTRONICS TECHNOLOGYCO., LTD.",NA,"SHANGHAI WINGTECH ELECTRONICS TECHNOLOGYCO., LTD.",Zhiwei He,"[Huawei][Wingtech][CurieM][AMD Cezanne][AX200][20H2]PC connection 5G WiFi for p2p connection, can only be negotiated to 20mhz",2021-10-21 01:48:00,NA
654041,"SHANGHAI WINGTECH ELECTRONICS TECHNOLOGYCO., LTD.",NA,"SHANGHAI WINGTECH ELECTRONICS TECHNOLOGYCO., LTD.",Zhiwei He,"[Huawei][Wingtech][CurieM][AMD Cezanne][AX200][20H2]PC connection 5G WiFi for p2p connection, can only be negotiated to 20mhz",2021-10-21 01:48:00,NA
653946,WISTRON CORPORATION,NA,WISTRON CORPORATION,Zhiqiang Cai,[Lenovo-ThinkBook][Wistron][13S][ADL-P][AX201][Window11][100%]CNVI is still active under IDLE,2021-10-20 23:33:00,NA
653946,WISTRON CORPORATION,NA,WISTRON CORPORATION,Zhiqiang Cai,[Lenovo-ThinkBook][Wistron][13S][ADL-P][AX201][Window11][100%]CNVI is still active under IDLE,2021-10-20 23:33:00,NA
653946,WISTRON CORPORATION,NA,WISTRON CORPORATION,Zhiqiang Cai,[Lenovo-ThinkBook][Wistron][13S][ADL-P][AX201][Window11][100%]CNVI is still active under IDLE,2021-10-20 23:33:00,NA
653941,"SHANGHAI WINGTECH ELECTRONICS TECHNOLOGYCO., LTD.",NA,"SHANGHAI WINGTECH ELECTRONICS TECHNOLOGYCO., LTD.",Wesley Kuo,"[Huawei][Wingtech][Dirac][Intel Tiger Lake UP4][AX201][21H1] [BT]PAD connection through Bluetooth PC, probability is not connected",2021-10-20 23:27:00,NA
653941,"SHANGHAI WINGTECH ELECTRONICS TECHNOLOGYCO., LTD.",NA,"SHANGHAI WINGTECH ELECTRONICS TECHNOLOGYCO., LTD.",Wesley Kuo,"[Huawei][Wingtech][Dirac][Intel Tiger Lake UP4][AX201][21H1] [BT]PAD connection through Bluetooth PC, probability is not connected",2021-10-20 23:27:00,NA
653941,"SHANGHAI WINGTECH ELECTRONICS TECHNOLOGYCO., LTD.",NA,"SHANGHAI WINGTECH ELECTRONICS TECHNOLOGYCO., LTD.",Wesley Kuo,"[Huawei][Wingtech][Dirac][Intel Tiger Lake UP4][AX201][21H1] [BT]PAD connection through Bluetooth PC, probability is not connected",2021-10-20 23:27:00,NA
653745,"COMPAL ELECTRONICS, INC.",NA,"COMPAL ELECTRONICS, INC.",Franky Yang,[Dell/Compal][ADLP] AX211 Miracast cannot connect successful,2021-10-20 07:05:00,NA
653745,"COMPAL ELECTRONICS, INC.",NA,"COMPAL ELECTRONICS, INC.",Franky Yang,[Dell/Compal][ADLP] AX211 Miracast cannot connect successful,2021-10-20 07:05:00,NA
653745,"COMPAL ELECTRONICS, INC.",NA,"COMPAL ELECTRONICS, INC.",Franky Yang,[Dell/Compal][ADLP] AX211 Miracast cannot connect successful,2021-10-20 07:05:00,NA
653733,"COMPAL ELECTRONICS, INC.",NA,"COMPAL ELECTRONICS, INC.",Leo Chiang,[Dell/Compal][ADLP] AX211 Video and audio not sync when switch audio source,2021-10-20 06:07:00,NA
653733,"COMPAL ELECTRONICS, INC.",NA,"COMPAL ELECTRONICS, INC.",Leo Chiang,[Dell/Compal][ADLP] AX211 Video and audio not sync when switch audio source,2021-10-20 06:07:00,NA
653733,"COMPAL ELECTRONICS, INC.",NA,"COMPAL ELECTRONICS, INC.",Leo Chiang,[Dell/Compal][ADLP] AX211 Video and audio not sync when switch audio source,2021-10-20 06:07:00,NA
653716,ELITEGROUP COMPUTER SYSTEMS CO. LTD,NA,ELITEGROUP COMPUTER SYSTEMS CO. LTD,Nicky Chen,AX210NGW DRTU tool,2021-10-20 04:44:00,NA
653716,ELITEGROUP COMPUTER SYSTEMS CO. LTD,NA,ELITEGROUP COMPUTER SYSTEMS CO. LTD,Nicky Chen,AX210NGW DRTU tool,2021-10-20 04:44:00,NA
653716,ELITEGROUP COMPUTER SYSTEMS CO. LTD,NA,ELITEGROUP COMPUTER SYSTEMS CO. LTD,Nicky Chen,AX210NGW DRTU tool,2021-10-20 04:44:00,NA
653623,SHENZHEN IP3 CENTRY INTELLIGENT TECHNOLO,NA,SHENZHEN IP3 CENTRY INTELLIGENT TECHNOLO,Zhiqiang Cai,[Jasperlake][CNVI][JN10]The CNVI net adapter may fail to read SubSystem ID,2021-10-20 01:26:00,NA
653623,SHENZHEN IP3 CENTRY INTELLIGENT TECHNOLO,NA,SHENZHEN IP3 CENTRY INTELLIGENT TECHNOLO,Zhiqiang Cai,[Jasperlake][CNVI][JN10]The CNVI net adapter may fail to read SubSystem ID,2021-10-20 01:26:00,NA
653623,SHENZHEN IP3 CENTRY INTELLIGENT TECHNOLO,NA,SHENZHEN IP3 CENTRY INTELLIGENT TECHNOLO,Zhiqiang Cai,[Jasperlake][CNVI][JN10]The CNVI net adapter may fail to read SubSystem ID,2021-10-20 01:26:00,NA
653535,"COMPAL ELECTRONICS, INC.",NA,"COMPAL ELECTRONICS, INC.",Leo Chiang,[WW42-43WS][Dell][Compal][Odyssey] PIMS-95592- The 'Handphones' list in Manage audio devices will disappear for a while after paired with BT headset,2021-10-19 21:58:00,NA
653535,"COMPAL ELECTRONICS, INC.",NA,"COMPAL ELECTRONICS, INC.",Leo Chiang,[WW42-43WS][Dell][Compal][Odyssey] PIMS-95592- The 'Handphones' list in Manage audio devices will disappear for a while after paired with BT headset,2021-10-19 21:58:00,NA
653535,"COMPAL ELECTRONICS, INC.",NA,"COMPAL ELECTRONICS, INC.",Leo Chiang,[WW42-43WS][Dell][Compal][Odyssey] PIMS-95592- The 'Handphones' list in Manage audio devices will disappear for a while after paired with BT headset,2021-10-19 21:58:00,NA
653488,"SHENZHEN BITLAND INFORMATION TECHNOLOGYCO., LTD.",NA,"SHENZHEN BITLAND INFORMATION TECHNOLOGYCO., LTD.",Leo Chiang,"[Huawei/Bitland][CML-S][Pangu] When monitor is searched out , then click it to connect, pop-up box does not appear on the display, and the connection fails",2021-10-19 19:46:00,NA
653488,"SHENZHEN BITLAND INFORMATION TECHNOLOGYCO., LTD.",NA,"SHENZHEN BITLAND INFORMATION TECHNOLOGYCO., LTD.",Leo Chiang,"[Huawei/Bitland][CML-S][Pangu] When monitor is searched out , then click it to connect, pop-up box does not appear on the display, and the connection fails",2021-10-19 19:46:00,NA
653488,"SHENZHEN BITLAND INFORMATION TECHNOLOGYCO., LTD.",NA,"SHENZHEN BITLAND INFORMATION TECHNOLOGYCO., LTD.",Leo Chiang,"[Huawei/Bitland][CML-S][Pangu] When monitor is searched out , then click it to connect, pop-up box does not appear on the display, and the connection fails",2021-10-19 19:46:00,NA
653297,MSI,"MICRO-STAR INTERNATIONAL CO., LTD.","MICRO-STAR INTERNATIONAL CO., LTD.",Brandon Yang,[MSI][MS-15B1]BOE0910 panel can't display on ADL-P platform (CPU type: i7-1270P).,2021-10-19 03:30:00,NA
653291,WISTRON CORPORATION,NA,WISTRON CORPORATION,Leo Chiang,[Dell][Wistron][Odin] Bluetooth - UsbScoDataTransportLayer (Development and Integration) fail,2021-10-19 03:12:00,NA
653291,WISTRON CORPORATION,NA,WISTRON CORPORATION,Leo Chiang,[Dell][Wistron][Odin] Bluetooth - UsbScoDataTransportLayer (Development and Integration) fail,2021-10-19 03:12:00,NA
653291,WISTRON CORPORATION,NA,WISTRON CORPORATION,Leo Chiang,[Dell][Wistron][Odin] Bluetooth - UsbScoDataTransportLayer (Development and Integration) fail,2021-10-19 03:12:00,NA
653081,MSI,"MICRO-STAR INTERNATIONAL CO., LTD.","MICRO-STAR INTERNATIONAL CO., LTD.",Brandon Yang,"[MS-1593] Type-C Monitor & TBT Monitor support,unplug BSOD (0x113), no TBT monitor",2021-10-18 19:57:00,NA
653078,"HUAQIN TECHNOLOGY CO., LTD",NA,"Huaqin Technology Co., Ltd",Zhiwei He,[HUAWEI][HUAQIN][Morgan][Intel TGL-R][Intel AX201][Win11]Found occur video lag after PC projecting to PDA via PC manage and play local video,2021-10-18 19:53:00,NA
653078,"HUAQIN TECHNOLOGY CO., LTD",NA,"Huaqin Technology Co., Ltd",Zhiwei He,[HUAWEI][HUAQIN][Morgan][Intel TGL-R][Intel AX201][Win11]Found occur video lag after PC projecting to PDA via PC manage and play local video,2021-10-18 19:53:00,NA
653078,"HUAQIN TECHNOLOGY CO., LTD",NA,"Huaqin Technology Co., Ltd",Zhiwei He,[HUAWEI][HUAQIN][Morgan][Intel TGL-R][Intel AX201][Win11]Found occur video lag after PC projecting to PDA via PC manage and play local video,2021-10-18 19:53:00,NA
652978,"HUAQIN TECHNOLOGY CO., LTD",NA,"Huaqin Technology Co., Ltd",Wesley Kuo,[Huawei][Huaqin][NB3850C][ADL][AX201][BT]It takes too long (10~15s) to convert to Bluetooth headset as audio output device.(F/R:100%),2021-10-18 08:25:00,NA
652978,"HUAQIN TECHNOLOGY CO., LTD",NA,"Huaqin Technology Co., Ltd",Wesley Kuo,[Huawei][Huaqin][NB3850C][ADL][AX201][BT]It takes too long (10~15s) to convert to Bluetooth headset as audio output device.(F/R:100%),2021-10-18 08:25:00,NA
652978,"HUAQIN TECHNOLOGY CO., LTD",NA,"Huaqin Technology Co., Ltd",Wesley Kuo,[Huawei][Huaqin][NB3850C][ADL][AX201][BT]It takes too long (10~15s) to convert to Bluetooth headset as audio output device.(F/R:100%),2021-10-18 08:25:00,NA
652918,"SHANGHAI WINGTECH ELECTRONICS TECHNOLOGYCO., LTD.",NA,"SHANGHAI WINGTECH ELECTRONICS TECHNOLOGYCO., LTD.",Zhiwei He,"[Huawei][Wingtech][CurieM][AMD Cezanne][AX200][21H2]After PC is restarted, WLAN cannot connect automatically and the WiFi search failed",2021-10-18 04:07:00,NA
652918,"SHANGHAI WINGTECH ELECTRONICS TECHNOLOGYCO., LTD.",NA,"SHANGHAI WINGTECH ELECTRONICS TECHNOLOGYCO., LTD.",Zhiwei He,"[Huawei][Wingtech][CurieM][AMD Cezanne][AX200][21H2]After PC is restarted, WLAN cannot connect automatically and the WiFi search failed",2021-10-18 04:07:00,NA
652918,"SHANGHAI WINGTECH ELECTRONICS TECHNOLOGYCO., LTD.",NA,"SHANGHAI WINGTECH ELECTRONICS TECHNOLOGYCO., LTD.",Zhiwei He,"[Huawei][Wingtech][CurieM][AMD Cezanne][AX200][21H2]After PC is restarted, WLAN cannot connect automatically and the WiFi search failed",2021-10-18 04:07:00,NA
652868,WISTRON CORPORATION,NA,WISTRON CORPORATION,Leo Chiang,[Dell][Wistron][Odin] HLK test item- Bluetooth-LEExtendedAdvertising fail with AX201 and AX211,2021-10-18 02:20:00,NA
652868,WISTRON CORPORATION,NA,WISTRON CORPORATION,Leo Chiang,[Dell][Wistron][Odin] HLK test item- Bluetooth-LEExtendedAdvertising fail with AX201 and AX211,2021-10-18 02:20:00,NA
652868,WISTRON CORPORATION,NA,WISTRON CORPORATION,Leo Chiang,[Dell][Wistron][Odin] HLK test item- Bluetooth-LEExtendedAdvertising fail with AX201 and AX211,2021-10-18 02:20:00,NA
652793,"COMPAL ELECTRONICS, INC.",NA,"COMPAL ELECTRONICS, INC.",Wesley Kuo,[Lenovo_AIO][Compal][A370_22/24/27IAP] [Alder Lake-P][Intel 9560/AX201][W10/Win11]Units Bluetooth device show yellow bang in the device manager when running CB/WB 250 stress.,2021-10-18 00:07:00,NA
652793,"COMPAL ELECTRONICS, INC.",NA,"COMPAL ELECTRONICS, INC.",Wesley Kuo,[Lenovo_AIO][Compal][A370_22/24/27IAP] [Alder Lake-P][Intel 9560/AX201][W10/Win11]Units Bluetooth device show yellow bang in the device manager when running CB/WB 250 stress.,2021-10-18 00:07:00,NA
652793,"COMPAL ELECTRONICS, INC.",NA,"COMPAL ELECTRONICS, INC.",Wesley Kuo,[Lenovo_AIO][Compal][A370_22/24/27IAP] [Alder Lake-P][Intel 9560/AX201][W10/Win11]Units Bluetooth device show yellow bang in the device manager when running CB/WB 250 stress.,2021-10-18 00:07:00,NA
652745,CLEVO,CLEVO CO.,CLEVO CO.,Brandon Yang,"[TGL-CLEVO-NL40MU-FrankShuWhen the Microsoft Media Player app is used to play the video file, a serious lag occurs in the media window. Execute the Fraps app before",2021-10-17 22:29:00,NA
652713,PEGATRON CORPORATION,NA,Pegatron Corporation,Franky Yang,[Dell/Pegatron][ADL-S][D12-AIO POMPEII & Nazca] Win11 SUT can't be woken up from MS via Wake On WLAN with AX201/AX211.,2021-10-17 20:19:00,NA
652713,PEGATRON CORPORATION,NA,Pegatron Corporation,Franky Yang,[Dell/Pegatron][ADL-S][D12-AIO POMPEII & Nazca] Win11 SUT can't be woken up from MS via Wake On WLAN with AX201/AX211.,2021-10-17 20:19:00,NA
652713,PEGATRON CORPORATION,NA,Pegatron Corporation,Franky Yang,[Dell/Pegatron][ADL-S][D12-AIO POMPEII & Nazca] Win11 SUT can't be woken up from MS via Wake On WLAN with AX201/AX211.,2021-10-17 20:19:00,NA
652692,"COMPAL ELECTRONICS, INC.",NA,"COMPAL ELECTRONICS, INC.",Leo Chiang,[Dell_Compal_Horizon MLK_ADL-P_Oct2021] Sound cannot output via BT headset after BT connected and sometimes sound will be auto switched between SUT and BT headset.,2021-10-17 19:36:00,NA
652692,"COMPAL ELECTRONICS, INC.",NA,"COMPAL ELECTRONICS, INC.",Leo Chiang,[Dell_Compal_Horizon MLK_ADL-P_Oct2021] Sound cannot output via BT headset after BT connected and sometimes sound will be auto switched between SUT and BT headset.,2021-10-17 19:36:00,NA
652692,"COMPAL ELECTRONICS, INC.",NA,"COMPAL ELECTRONICS, INC.",Leo Chiang,[Dell_Compal_Horizon MLK_ADL-P_Oct2021] Sound cannot output via BT headset after BT connected and sometimes sound will be auto switched between SUT and BT headset.,2021-10-17 19:36:00,NA
652615,"HUAQIN TECHNOLOGY CO., LTD",NA,"Huaqin Technology Co., Ltd",Zhiwei He,[HUAWEI][HUAQIN][Intel TGL][Intel AX201][Win11][WIFI] Cannot found the WIFI icon on the tray and have no access to the internet.,2021-10-16 00:25:00,NA
652615,"HUAQIN TECHNOLOGY CO., LTD",NA,"Huaqin Technology Co., Ltd",Zhiwei He,[HUAWEI][HUAQIN][Intel TGL][Intel AX201][Win11][WIFI] Cannot found the WIFI icon on the tray and have no access to the internet.,2021-10-16 00:25:00,NA
652615,"HUAQIN TECHNOLOGY CO., LTD",NA,"Huaqin Technology Co., Ltd",Zhiwei He,[HUAWEI][HUAQIN][Intel TGL][Intel AX201][Win11][WIFI] Cannot found the WIFI icon on the tray and have no access to the internet.,2021-10-16 00:25:00,NA
652518,"COMPAL ELECTRONICS, INC.",NA,"COMPAL ELECTRONICS, INC.",Timdaway Lai,[WW42-43WS][Dell][Compal][Odyssey] PIMS-96274 SUT can not connect to external monitor via Miracast at first time,2021-10-15 03:25:00,NA
652518,"COMPAL ELECTRONICS, INC.",NA,"COMPAL ELECTRONICS, INC.",Timdaway Lai,[WW42-43WS][Dell][Compal][Odyssey] PIMS-96274 SUT can not connect to external monitor via Miracast at first time,2021-10-15 03:25:00,NA
652518,"COMPAL ELECTRONICS, INC.",NA,"COMPAL ELECTRONICS, INC.",Timdaway Lai,[WW42-43WS][Dell][Compal][Odyssey] PIMS-96274 SUT can not connect to external monitor via Miracast at first time,2021-10-15 03:25:00,NA
652498,"COMPAL ELECTRONICS, INC.",NA,"COMPAL ELECTRONICS, INC.",Zhiqiang Cai,[Lenovo-IdeaPad] [Compal][S560Pro-14ACN][AMD Cezanne][AX200][20H2 & Win11] AX200 Module Device lost when cold Boot.(F/R: 2/2),2021-10-15 02:50:00,NA
652498,"COMPAL ELECTRONICS, INC.",NA,"COMPAL ELECTRONICS, INC.",Zhiqiang Cai,[Lenovo-IdeaPad] [Compal][S560Pro-14ACN][AMD Cezanne][AX200][20H2 & Win11] AX200 Module Device lost when cold Boot.(F/R: 2/2),2021-10-15 02:50:00,NA
652498,"COMPAL ELECTRONICS, INC.",NA,"COMPAL ELECTRONICS, INC.",Zhiqiang Cai,[Lenovo-IdeaPad] [Compal][S560Pro-14ACN][AMD Cezanne][AX200][20H2 & Win11] AX200 Module Device lost when cold Boot.(F/R: 2/2),2021-10-15 02:50:00,NA
652128,"HUAQIN TECHNOLOGY CO., LTD",NA,"Huaqin Technology Co., Ltd",Leo Chiang,"[HONOR][HUAQIN][HiggsE][Intel TGL][Intel AX201][21H2][BT] The game background music from PC speaker out put, But the in-game character sounds come from Bluetooth.",2021-10-14 03:12:00,NA
652128,"HUAQIN TECHNOLOGY CO., LTD",NA,"Huaqin Technology Co., Ltd",Leo Chiang,"[HONOR][HUAQIN][HiggsE][Intel TGL][Intel AX201][21H2][BT] The game background music from PC speaker out put, But the in-game character sounds come from Bluetooth.",2021-10-14 03:12:00,NA
652128,"HUAQIN TECHNOLOGY CO., LTD",NA,"Huaqin Technology Co., Ltd",Leo Chiang,"[HONOR][HUAQIN][HiggsE][Intel TGL][Intel AX201][21H2][BT] The game background music from PC speaker out put, But the in-game character sounds come from Bluetooth.",2021-10-14 03:12:00,NA
652040,"HUAQIN TECHNOLOGY CO., LTD",NA,"Huaqin Technology Co., Ltd",Zhiwei He,[HUAWEI][HUAQIN][Intel TGL][Intel AX201][Win11]WIFI cannot connect to hotspot,2021-10-14 00:48:00,NA
652040,"HUAQIN TECHNOLOGY CO., LTD",NA,"Huaqin Technology Co., Ltd",Zhiwei He,[HUAWEI][HUAQIN][Intel TGL][Intel AX201][Win11]WIFI cannot connect to hotspot,2021-10-14 00:48:00,NA
652040,"HUAQIN TECHNOLOGY CO., LTD",NA,"Huaqin Technology Co., Ltd",Zhiwei He,[HUAWEI][HUAQIN][Intel TGL][Intel AX201][Win11]WIFI cannot connect to hotspot,2021-10-14 00:48:00,NA
651998,WISTRON CORPORATION,NA,WISTRON CORPORATION,Zhiqiang Cai,"[Lenovo][Wistron][ThinkBook 13x Gen 2][ADL][AX201][Win11][100%]Display mode not ""Duplicate"" mode after disconnect and then reconnect miracast/PC under ""Duplicate"" mode",2021-10-13 23:40:00,NA
651998,WISTRON CORPORATION,NA,WISTRON CORPORATION,Zhiqiang Cai,"[Lenovo][Wistron][ThinkBook 13x Gen 2][ADL][AX201][Win11][100%]Display mode not ""Duplicate"" mode after disconnect and then reconnect miracast/PC under ""Duplicate"" mode",2021-10-13 23:40:00,NA
651998,WISTRON CORPORATION,NA,WISTRON CORPORATION,Zhiqiang Cai,"[Lenovo][Wistron][ThinkBook 13x Gen 2][ADL][AX201][Win11][100%]Display mode not ""Duplicate"" mode after disconnect and then reconnect miracast/PC under ""Duplicate"" mode",2021-10-13 23:40:00,NA
651935,"HUAQIN TECHNOLOGY CO., LTD",NA,"Huaqin Technology Co., Ltd",Zhiqiang Cai,[Realme][HUAQIN][Intel TGL][intel 9560][21H2]Intel PROSet / Wirelss WiFi soft extension driver loss (1 / 118 cycles) occurs when running warmboot / coldboot with ACPI stress tool,2021-10-13 20:36:00,NA
651935,"HUAQIN TECHNOLOGY CO., LTD",NA,"Huaqin Technology Co., Ltd",Zhiqiang Cai,[Realme][HUAQIN][Intel TGL][intel 9560][21H2]Intel PROSet / Wirelss WiFi soft extension driver loss (1 / 118 cycles) occurs when running warmboot / coldboot with ACPI stress tool,2021-10-13 20:36:00,NA
651935,"HUAQIN TECHNOLOGY CO., LTD",NA,"Huaqin Technology Co., Ltd",Zhiqiang Cai,[Realme][HUAQIN][Intel TGL][intel 9560][21H2]Intel PROSet / Wirelss WiFi soft extension driver loss (1 / 118 cycles) occurs when running warmboot / coldboot with ACPI stress tool,2021-10-13 20:36:00,NA
651731,"HUAQIN TECHNOLOGY CO., LTD",NA,"Huaqin Technology Co., Ltd",Zhiwei He,[HUAWEI][Intel TGL][Morgan][Intel AX201][Win11]WIFI abnormal when Let SUT enter Modern standby via close the lid and then let system resume from Modern standby via open the lid during connect internet,2021-10-13 03:10:00,NA
651731,"HUAQIN TECHNOLOGY CO., LTD",NA,"Huaqin Technology Co., Ltd",Zhiwei He,[HUAWEI][Intel TGL][Morgan][Intel AX201][Win11]WIFI abnormal when Let SUT enter Modern standby via close the lid and then let system resume from Modern standby via open the lid during connect internet,2021-10-13 03:10:00,NA
651731,"HUAQIN TECHNOLOGY CO., LTD",NA,"Huaqin Technology Co., Ltd",Zhiwei He,[HUAWEI][Intel TGL][Morgan][Intel AX201][Win11]WIFI abnormal when Let SUT enter Modern standby via close the lid and then let system resume from Modern standby via open the lid during connect internet,2021-10-13 03:10:00,NA
651712,WISTRON CORPORATION,NA,WISTRON CORPORATION,Leo Chiang,"[Dell Cheetah MLK][WLAN 9462] After connecting to Dell BT KB/MS, the device frequently and continuously drops/re-pairs.",2021-10-13 02:19:00,NA
651712,WISTRON CORPORATION,NA,WISTRON CORPORATION,Leo Chiang,"[Dell Cheetah MLK][WLAN 9462] After connecting to Dell BT KB/MS, the device frequently and continuously drops/re-pairs.",2021-10-13 02:19:00,NA
651712,WISTRON CORPORATION,NA,WISTRON CORPORATION,Leo Chiang,"[Dell Cheetah MLK][WLAN 9462] After connecting to Dell BT KB/MS, the device frequently and continuously drops/re-pairs.",2021-10-13 02:19:00,NA
651414,"COMPAL ELECTRONICS, INC.",NA,"COMPAL ELECTRONICS, INC.",Frank Lee,[Dell/Compal][ADLP] AX211 Miracast frame drop and lag,2021-10-12 05:28:00,NA
651414,"COMPAL ELECTRONICS, INC.",NA,"COMPAL ELECTRONICS, INC.",Frank Lee,[Dell/Compal][ADLP] AX211 Miracast frame drop and lag,2021-10-12 05:28:00,NA
651414,"COMPAL ELECTRONICS, INC.",NA,"COMPAL ELECTRONICS, INC.",Frank Lee,[Dell/Compal][ADLP] AX211 Miracast frame drop and lag,2021-10-12 05:28:00,NA
651301,QUANTA COMPUTER INC.,NA,QUANTA COMPUTER INC.,Charles P Chu,[Huawei][Quanta][BohrD][TGL][AX201][20H2][WiFi][805174761]audio lag when displaying PC screen to a Pad by multi-screen collaboration technology.,2021-10-12 00:39:00,NA
651301,QUANTA COMPUTER INC.,NA,QUANTA COMPUTER INC.,Charles P Chu,[Huawei][Quanta][BohrD][TGL][AX201][20H2][WiFi][805174761]audio lag when displaying PC screen to a Pad by multi-screen collaboration technology.,2021-10-12 00:39:00,NA
651301,QUANTA COMPUTER INC.,NA,QUANTA COMPUTER INC.,Charles P Chu,[Huawei][Quanta][BohrD][TGL][AX201][20H2][WiFi][805174761]audio lag when displaying PC screen to a Pad by multi-screen collaboration technology.,2021-10-12 00:39:00,NA
650938,"HUAQIN TECHNOLOGY CO., LTD",NA,"Huaqin Technology Co., Ltd",Zhiwei He,[HUAWEI][HUAQIN][EmmyD][Intel TGL][WIN10][WIFI] System cannot auto connect to AP with stronger signal.,2021-10-10 07:34:00,NA
650938,"HUAQIN TECHNOLOGY CO., LTD",NA,"Huaqin Technology Co., Ltd",Zhiwei He,[HUAWEI][HUAQIN][EmmyD][Intel TGL][WIN10][WIFI] System cannot auto connect to AP with stronger signal.,2021-10-10 07:34:00,NA
650938,"HUAQIN TECHNOLOGY CO., LTD",NA,"Huaqin Technology Co., Ltd",Zhiwei He,[HUAWEI][HUAQIN][EmmyD][Intel TGL][WIN10][WIFI] System cannot auto connect to AP with stronger signal.,2021-10-10 07:34:00,NA
650899,"HUAQIN TECHNOLOGY CO., LTD",NA,"Huaqin Technology Co., Ltd",Brandon Yang,[Honor][Higgs][Intel TGL][Intel AX201][BT][Win11]BT mouse and BT headset auto changed to pair status during connected BT mouse and BT headset with BT module,2021-10-09 01:58:00,NA
650899,"HUAQIN TECHNOLOGY CO., LTD",NA,"Huaqin Technology Co., Ltd",Brandon Yang,[Honor][Higgs][Intel TGL][Intel AX201][BT][Win11]BT mouse and BT headset auto changed to pair status during connected BT mouse and BT headset with BT module,2021-10-09 01:58:00,NA
650899,"HUAQIN TECHNOLOGY CO., LTD",NA,"Huaqin Technology Co., Ltd",Brandon Yang,[Honor][Higgs][Intel TGL][Intel AX201][BT][Win11]BT mouse and BT headset auto changed to pair status during connected BT mouse and BT headset with BT module,2021-10-09 01:58:00,NA
650714,MSI,"MICRO-STAR INTERNATIONAL CO., LTD.","MICRO-STAR INTERNATIONAL CO., LTD.",Brandon Yang,[MSI][NB][MS-14F1][ADL-P] Modify Graphic driver to support Adaptive color,2021-10-08 03:12:00,NA
650424,VAIO,NA,VAIO Corporation,Frank Lee,[VAIO][AX200] WiFi disconnect automatically from AP.,2021-10-07 04:12:00,NA
650424,VAIO,NA,VAIO Corporation,Frank Lee,[VAIO][AX200] WiFi disconnect automatically from AP.,2021-10-07 04:12:00,NA
650424,VAIO,NA,VAIO Corporation,Frank Lee,[VAIO][AX200] WiFi disconnect automatically from AP.,2021-10-07 04:12:00,NA
650122,PEGATRON CORPORATION,NA,Pegatron Corporation,Franky Yang,[Intel NUC Hardbay/Pegatron/ADL-P]Wake on WLAN from modern standby fail on CC/FB carry board.,2021-10-06 01:41:00,NA
650122,PEGATRON CORPORATION,NA,Pegatron Corporation,Franky Yang,[Intel NUC Hardbay/Pegatron/ADL-P]Wake on WLAN from modern standby fail on CC/FB carry board.,2021-10-06 01:41:00,NA
650122,PEGATRON CORPORATION,NA,Pegatron Corporation,Franky Yang,[Intel NUC Hardbay/Pegatron/ADL-P]Wake on WLAN from modern standby fail on CC/FB carry board.,2021-10-06 01:41:00,NA
650091,INVENTEC CORPORATION,NA,INVENTEC CORPORATION,Franky Yang,[ASUS][Strix 2022]System can not wake on WLAN from modern standby by Magic Packet,2021-10-06 00:23:00,NA
650091,INVENTEC CORPORATION,NA,INVENTEC CORPORATION,Franky Yang,[ASUS][Strix 2022]System can not wake on WLAN from modern standby by Magic Packet,2021-10-06 00:23:00,NA
650091,INVENTEC CORPORATION,NA,INVENTEC CORPORATION,Franky Yang,[ASUS][Strix 2022]System can not wake on WLAN from modern standby by Magic Packet,2021-10-06 00:23:00,NA
650070,"COMPAL ELECTRONICS, INC.",NA,"COMPAL ELECTRONICS, INC.",Franky Yang,[Dell][Compal][Odyssey]  Killer WiFi 1690i cannot find WiFi 6E 6G band,2021-10-05 23:24:00,NA
650070,"COMPAL ELECTRONICS, INC.",NA,"COMPAL ELECTRONICS, INC.",Franky Yang,[Dell][Compal][Odyssey]  Killer WiFi 1690i cannot find WiFi 6E 6G band,2021-10-05 23:24:00,NA
650070,"COMPAL ELECTRONICS, INC.",NA,"COMPAL ELECTRONICS, INC.",Franky Yang,[Dell][Compal][Odyssey]  Killer WiFi 1690i cannot find WiFi 6E 6G band,2021-10-05 23:24:00,NA
650040,WISTRON CORPORATION,NA,WISTRON CORPORATION,Leo Chiang,[Dell][Wistron][Stradale ADL][SDCA0.6] BT headset play video/audio will be interrupted.,2021-10-05 21:30:00,NA
650040,WISTRON CORPORATION,NA,WISTRON CORPORATION,Leo Chiang,[Dell][Wistron][Stradale ADL][SDCA0.6] BT headset play video/audio will be interrupted.,2021-10-05 21:30:00,NA
650040,WISTRON CORPORATION,NA,WISTRON CORPORATION,Leo Chiang,[Dell][Wistron][Stradale ADL][SDCA0.6] BT headset play video/audio will be interrupted.,2021-10-05 21:30:00,NA
649873,PEGATRON CORPORATION,NA,Pegatron Corporation,Nicky Chen,Intel AX200 simulation model of PCIe and USB,2021-10-05 01:53:00,NA
649873,PEGATRON CORPORATION,NA,Pegatron Corporation,Nicky Chen,Intel AX200 simulation model of PCIe and USB,2021-10-05 01:53:00,NA
649873,PEGATRON CORPORATION,NA,Pegatron Corporation,Nicky Chen,Intel AX200 simulation model of PCIe and USB,2021-10-05 01:53:00,NA
649694,CLEVO,CLEVO CO.,CLEVO CO.,Brandon Yang,[TGL-H-CLEVO-PC50HR-Sam] No display on OLED eDP panel during install VGA driver,2021-10-04 03:14:00,NA
649405,QUANTA COMPUTER INC.,NA,QUANTA COMPUTER INC.,Leo Chiang,[ASUS Gaming Quanta][FX507_FX517][AX201.NGWG.NVW 999TD0] Sound will distortion or output from internal speaker after system resume from S4/Reboot with specific BT headphone connected,2021-09-30 23:18:00,NA
649405,QUANTA COMPUTER INC.,NA,QUANTA COMPUTER INC.,Leo Chiang,[ASUS Gaming Quanta][FX507_FX517][AX201.NGWG.NVW 999TD0] Sound will distortion or output from internal speaker after system resume from S4/Reboot with specific BT headphone connected,2021-09-30 23:18:00,NA
649405,QUANTA COMPUTER INC.,NA,QUANTA COMPUTER INC.,Leo Chiang,[ASUS Gaming Quanta][FX507_FX517][AX201.NGWG.NVW 999TD0] Sound will distortion or output from internal speaker after system resume from S4/Reboot with specific BT headphone connected,2021-09-30 23:18:00,NA
649157,"COMPAL ELECTRONICS, INC.",NA,"COMPAL ELECTRONICS, INC.",Franky Yang,[Dell][Compal][Odyssey] Stress_MS_BSOD_KERNEL_SECURITY_CHECK_FAILURE,2021-09-30 01:19:00,NA
649157,"COMPAL ELECTRONICS, INC.",NA,"COMPAL ELECTRONICS, INC.",Franky Yang,[Dell][Compal][Odyssey] Stress_MS_BSOD_KERNEL_SECURITY_CHECK_FAILURE,2021-09-30 01:19:00,NA
649157,"COMPAL ELECTRONICS, INC.",NA,"COMPAL ELECTRONICS, INC.",Franky Yang,[Dell][Compal][Odyssey] Stress_MS_BSOD_KERNEL_SECURITY_CHECK_FAILURE,2021-09-30 01:19:00,NA
649077,PEGATRON CORPORATION,NA,Pegatron Corporation,Nicky Chen,[MSFT Pegatron][BirchBay][ADL-P][AX211]DRTU_commend line interface issue,2021-09-29 21:51:00,NA
649077,PEGATRON CORPORATION,NA,Pegatron Corporation,Nicky Chen,[MSFT Pegatron][BirchBay][ADL-P][AX211]DRTU_commend line interface issue,2021-09-29 21:51:00,NA
649077,PEGATRON CORPORATION,NA,Pegatron Corporation,Nicky Chen,[MSFT Pegatron][BirchBay][ADL-P][AX211]DRTU_commend line interface issue,2021-09-29 21:51:00,NA
649025,MSI,"MICRO-STAR INTERNATIONAL CO., LTD.","MICRO-STAR INTERNATIONAL CO., LTD.",Brandon Yang,[MSI CND] The BD disc can't be played on ADL-S Z690/B660 platform with IGD driver installed.,2021-09-29 19:54:00,NA
649018,"HUAQIN TECHNOLOGY CO., LTD",NA,"Huaqin Technology Co., Ltd",Brandon Yang,[HONOR][HUAQIN][HiggsE][Intel TGL][Intel AX201][W11][BT] The bluetooth mosue cannot auto to connect it when state change to paired.,2021-09-29 19:39:00,NA
649018,"HUAQIN TECHNOLOGY CO., LTD",NA,"Huaqin Technology Co., Ltd",Brandon Yang,[HONOR][HUAQIN][HiggsE][Intel TGL][Intel AX201][W11][BT] The bluetooth mosue cannot auto to connect it when state change to paired.,2021-09-29 19:39:00,NA
649018,"HUAQIN TECHNOLOGY CO., LTD",NA,"Huaqin Technology Co., Ltd",Brandon Yang,[HONOR][HUAQIN][HiggsE][Intel TGL][Intel AX201][W11][BT] The bluetooth mosue cannot auto to connect it when state change to paired.,2021-09-29 19:39:00,NA
648828,"COMPAL ELECTRONICS, INC.",NA,"COMPAL ELECTRONICS, INC.",Franky Yang,[Dell][Compal][Odyssey] Stress_S4_BSOD_IRQL_NOT_LESS_OR_EQUAL(with dump),2021-09-29 01:57:00,NA
648828,"COMPAL ELECTRONICS, INC.",NA,"COMPAL ELECTRONICS, INC.",Franky Yang,[Dell][Compal][Odyssey] Stress_S4_BSOD_IRQL_NOT_LESS_OR_EQUAL(with dump),2021-09-29 01:57:00,NA
648828,"COMPAL ELECTRONICS, INC.",NA,"COMPAL ELECTRONICS, INC.",Franky Yang,[Dell][Compal][Odyssey] Stress_S4_BSOD_IRQL_NOT_LESS_OR_EQUAL(with dump),2021-09-29 01:57:00,NA
648801,JAGUAR LAND ROVER - END CUSTOMER,NA,JAGUAR LAND ROVER - End Customer,Nicky Chen,DRTU support for Wilkins Peak,2021-09-29 01:05:00,NA
648801,JAGUAR LAND ROVER - END CUSTOMER,NA,JAGUAR LAND ROVER - End Customer,Nicky Chen,DRTU support for Wilkins Peak,2021-09-29 01:05:00,NA
648801,JAGUAR LAND ROVER - END CUSTOMER,NA,JAGUAR LAND ROVER - End Customer,Nicky Chen,DRTU support for Wilkins Peak,2021-09-29 01:05:00,NA
648740,"HUAQIN TECHNOLOGY CO., LTD",NA,"Huaqin Technology Co., Ltd",Brandon Yang,[HONOR][HUAQIN][HiggsE][Intel TGL][Intel AX201][W11][BT] Xiaomi Speaker the volume will change to 0 after turn off power and the turn on power.,2021-09-28 23:26:00,NA
648740,"HUAQIN TECHNOLOGY CO., LTD",NA,"Huaqin Technology Co., Ltd",Brandon Yang,[HONOR][HUAQIN][HiggsE][Intel TGL][Intel AX201][W11][BT] Xiaomi Speaker the volume will change to 0 after turn off power and the turn on power.,2021-09-28 23:26:00,NA
648740,"HUAQIN TECHNOLOGY CO., LTD",NA,"Huaqin Technology Co., Ltd",Brandon Yang,[HONOR][HUAQIN][HiggsE][Intel TGL][Intel AX201][W11][BT] Xiaomi Speaker the volume will change to 0 after turn off power and the turn on power.,2021-09-28 23:26:00,NA
648666,WISTRON CORPORATION,NA,WISTRON CORPORATION,Leo Chiang,[DELL/Cyborg-H]SUT connected BT mouse and keyboard signal is unstable on Inter(R) Wireless-AC 9560 160MHz(FR:3/3 Units),2021-09-28 19:58:00,NA
648666,WISTRON CORPORATION,NA,WISTRON CORPORATION,Leo Chiang,[DELL/Cyborg-H]SUT connected BT mouse and keyboard signal is unstable on Inter(R) Wireless-AC 9560 160MHz(FR:3/3 Units),2021-09-28 19:58:00,NA
648666,WISTRON CORPORATION,NA,WISTRON CORPORATION,Leo Chiang,[DELL/Cyborg-H]SUT connected BT mouse and keyboard signal is unstable on Inter(R) Wireless-AC 9560 160MHz(FR:3/3 Units),2021-09-28 19:58:00,NA
648521,INVENTEC CORPORATION,NA,INVENTEC CORPORATION,Leo Chiang,[ASUS][Strix 2022]?Intel Tile Device? in device manage,2021-09-28 03:43:00,NA
648521,INVENTEC CORPORATION,NA,INVENTEC CORPORATION,Leo Chiang,[ASUS][Strix 2022]?Intel Tile Device? in device manage,2021-09-28 03:43:00,NA
648521,INVENTEC CORPORATION,NA,INVENTEC CORPORATION,Leo Chiang,[ASUS][Strix 2022]?Intel Tile Device? in device manage,2021-09-28 03:43:00,NA
648198,"COMPAL ELECTRONICS, INC.",NA,"COMPAL ELECTRONICS, INC.",Timdaway Lai,[Dell_Rialto MLK] AX210 wlan driver show yellow bang.,2021-09-27 05:51:00,NA
648198,"COMPAL ELECTRONICS, INC.",NA,"COMPAL ELECTRONICS, INC.",Timdaway Lai,[Dell_Rialto MLK] AX210 wlan driver show yellow bang.,2021-09-27 05:51:00,NA
648198,"COMPAL ELECTRONICS, INC.",NA,"COMPAL ELECTRONICS, INC.",Timdaway Lai,[Dell_Rialto MLK] AX210 wlan driver show yellow bang.,2021-09-27 05:51:00,NA
648119,Pegatron Corporation,Pegatron Corporation,Pegatron Corporation,Franky Yang,[ASUS Pegatron][K3435/S5456][ADL-P][9560][22.80.1.1][Windows 11 Pro 64bit V22000.194] WLAN-AutoConfig Warning ID 10002 observed in event logs when system restart,2021-09-27 02:09:00,NA
648077,"SHANGHAI WINGTECH ELECTRONICS TECHNOLOGYCO., LTD.",NA,"SHANGHAI WINGTECH ELECTRONICS TECHNOLOGYCO., LTD.",Steven ZY Chen,"[Huawei][Wingtech][Dirac][Intel Tiger Lake UP4][AX201][20H1] [BT]Whether the power can be adjusted to below 7.5dbm, the purpose is adaptive free test",2021-09-27 01:10:00,NA
648077,"SHANGHAI WINGTECH ELECTRONICS TECHNOLOGYCO., LTD.",NA,"SHANGHAI WINGTECH ELECTRONICS TECHNOLOGYCO., LTD.",Steven ZY Chen,"[Huawei][Wingtech][Dirac][Intel Tiger Lake UP4][AX201][20H1] [BT]Whether the power can be adjusted to below 7.5dbm, the purpose is adaptive free test",2021-09-27 01:10:00,NA
648077,"SHANGHAI WINGTECH ELECTRONICS TECHNOLOGYCO., LTD.",NA,"SHANGHAI WINGTECH ELECTRONICS TECHNOLOGYCO., LTD.",Steven ZY Chen,"[Huawei][Wingtech][Dirac][Intel Tiger Lake UP4][AX201][20H1] [BT]Whether the power can be adjusted to below 7.5dbm, the purpose is adaptive free test",2021-09-27 01:10:00,NA
648075,"COMPAL ELECTRONICS, INC.",NA,"COMPAL ELECTRONICS, INC.",Wesley Kuo,Intel BT_22.50.0.4 version install return code:123,2021-09-27 01:06:00,NA
648075,"COMPAL ELECTRONICS, INC.",NA,"COMPAL ELECTRONICS, INC.",Wesley Kuo,Intel BT_22.50.0.4 version install return code:123,2021-09-27 01:06:00,NA
648075,"COMPAL ELECTRONICS, INC.",NA,"COMPAL ELECTRONICS, INC.",Wesley Kuo,Intel BT_22.50.0.4 version install return code:123,2021-09-27 01:06:00,NA
647972,"HUAQIN TECHNOLOGY CO., LTD",NA,"Huaqin Technology Co., Ltd",Zhiqiang Cai,[HONOR][HUAQIN][HalleyM][AMD Cezanne-H][Intel AX200][WiFi][21H1] System cannot auto open Certification page when connect campus network and stays in the ongoing connection state,2021-09-26 20:14:00,NA
647972,"HUAQIN TECHNOLOGY CO., LTD",NA,"Huaqin Technology Co., Ltd",Zhiqiang Cai,[HONOR][HUAQIN][HalleyM][AMD Cezanne-H][Intel AX200][WiFi][21H1] System cannot auto open Certification page when connect campus network and stays in the ongoing connection state,2021-09-26 20:14:00,NA
647972,"HUAQIN TECHNOLOGY CO., LTD",NA,"Huaqin Technology Co., Ltd",Zhiqiang Cai,[HONOR][HUAQIN][HalleyM][AMD Cezanne-H][Intel AX200][WiFi][21H1] System cannot auto open Certification page when connect campus network and stays in the ongoing connection state,2021-09-26 20:14:00,NA
647889,"HUAQIN TECHNOLOGY CO., LTD",NA,"Huaqin Technology Co., Ltd",Brandon Yang,[HUAWEI][HUAQIN][Morgan][Intel TGL-R][Intel AX201][Win11][BT] The cursor is not moving when move bluetooth mouse.,2021-09-26 03:53:00,NA
647889,"HUAQIN TECHNOLOGY CO., LTD",NA,"Huaqin Technology Co., Ltd",Brandon Yang,[HUAWEI][HUAQIN][Morgan][Intel TGL-R][Intel AX201][Win11][BT] The cursor is not moving when move bluetooth mouse.,2021-09-26 03:53:00,NA
647889,"HUAQIN TECHNOLOGY CO., LTD",NA,"Huaqin Technology Co., Ltd",Brandon Yang,[HUAWEI][HUAQIN][Morgan][Intel TGL-R][Intel AX201][Win11][BT] The cursor is not moving when move bluetooth mouse.,2021-09-26 03:53:00,NA
647810,"FOXCONN TECHNOLOGY CO., LTD.",NA,"FOXCONN TECHNOLOGY CO., LTD.",Leo Chiang,"[DELL Corp. DT/Foxconn/Intel ADL-S][P12]W11,21H2,HLK,KP_SFF_Bluetooth - HciExtensions (Development and Integration)-Execute Test(Prirnary) fail",2021-09-25 01:26:00,NA
647810,"FOXCONN TECHNOLOGY CO., LTD.",NA,"FOXCONN TECHNOLOGY CO., LTD.",Leo Chiang,"[DELL Corp. DT/Foxconn/Intel ADL-S][P12]W11,21H2,HLK,KP_SFF_Bluetooth - HciExtensions (Development and Integration)-Execute Test(Prirnary) fail",2021-09-25 01:26:00,NA
647810,"FOXCONN TECHNOLOGY CO., LTD.",NA,"FOXCONN TECHNOLOGY CO., LTD.",Leo Chiang,"[DELL Corp. DT/Foxconn/Intel ADL-S][P12]W11,21H2,HLK,KP_SFF_Bluetooth - HciExtensions (Development and Integration)-Execute Test(Prirnary) fail",2021-09-25 01:26:00,NA
647659,"SHENZHEN BITLAND INFORMATION TECHNOLOGYCO., LTD.",NA,"SHENZHEN BITLAND INFORMATION TECHNOLOGYCO., LTD.",Charles P Chu,"[Huawei/Bitland][CML-S][Pangu] After WIFI connection-disconnection cycling test completed, to connect WIFI manually , Black screen occurs",2021-09-24 01:45:00,NA
647659,"SHENZHEN BITLAND INFORMATION TECHNOLOGYCO., LTD.",NA,"SHENZHEN BITLAND INFORMATION TECHNOLOGYCO., LTD.",Charles P Chu,"[Huawei/Bitland][CML-S][Pangu] After WIFI connection-disconnection cycling test completed, to connect WIFI manually , Black screen occurs",2021-09-24 01:45:00,NA
647659,"SHENZHEN BITLAND INFORMATION TECHNOLOGYCO., LTD.",NA,"SHENZHEN BITLAND INFORMATION TECHNOLOGYCO., LTD.",Charles P Chu,"[Huawei/Bitland][CML-S][Pangu] After WIFI connection-disconnection cycling test completed, to connect WIFI manually , Black screen occurs",2021-09-24 01:45:00,NA
647612,QUANTA COMPUTER INC.,NA,QUANTA COMPUTER INC.,Charles P Chu,[Huawei][Quanta][NobelM[Lucienne][AX200][20H2][WiFi][805157458] Mouse lag when displaying PC screen to an external monitor by multi-screen collaboration technology.,2021-09-24 00:09:00,NA
647612,QUANTA COMPUTER INC.,NA,QUANTA COMPUTER INC.,Charles P Chu,[Huawei][Quanta][NobelM[Lucienne][AX200][20H2][WiFi][805157458] Mouse lag when displaying PC screen to an external monitor by multi-screen collaboration technology.,2021-09-24 00:09:00,NA
647612,QUANTA COMPUTER INC.,NA,QUANTA COMPUTER INC.,Charles P Chu,[Huawei][Quanta][NobelM[Lucienne][AX200][20H2][WiFi][805157458] Mouse lag when displaying PC screen to an external monitor by multi-screen collaboration technology.,2021-09-24 00:09:00,NA
647548,"COMPAL ELECTRONICS, INC.",NA,"COMPAL ELECTRONICS, INC.",Leo Chiang,[Dell][Compal][Tiger Lake] [ModenaTGL]Bluetooth mouse will lag for about 0.5-1s after system idle for some time.,2021-09-23 20:40:00,NA
647548,"COMPAL ELECTRONICS, INC.",NA,"COMPAL ELECTRONICS, INC.",Leo Chiang,[Dell][Compal][Tiger Lake] [ModenaTGL]Bluetooth mouse will lag for about 0.5-1s after system idle for some time.,2021-09-23 20:40:00,NA
647548,"COMPAL ELECTRONICS, INC.",NA,"COMPAL ELECTRONICS, INC.",Leo Chiang,[Dell][Compal][Tiger Lake] [ModenaTGL]Bluetooth mouse will lag for about 0.5-1s after system idle for some time.,2021-09-23 20:40:00,NA
647532,"COMPAL ELECTRONICS, INC.",NA,"COMPAL ELECTRONICS, INC.",Timdaway Lai,Dell/Compal][ADL][Odyssey][DRTU] AX411 QS sample tx power lock at 3dB,2021-09-23 19:59:00,NA
647532,"COMPAL ELECTRONICS, INC.",NA,"COMPAL ELECTRONICS, INC.",Timdaway Lai,Dell/Compal][ADL][Odyssey][DRTU] AX411 QS sample tx power lock at 3dB,2021-09-23 19:59:00,NA
647532,"COMPAL ELECTRONICS, INC.",NA,"COMPAL ELECTRONICS, INC.",Timdaway Lai,Dell/Compal][ADL][Odyssey][DRTU] AX411 QS sample tx power lock at 3dB,2021-09-23 19:59:00,NA
646829,QUANTA COMPUTER INC.,NA,QUANTA COMPUTER INC.,Leo Chiang,[Huawei][Quanta][H81][CezanneM][AX200][20H2][BT][805151169] PC can't re-connect to BT keyboard after del paired . F/R:1/10,2021-09-21 16:52:00,NA
646829,QUANTA COMPUTER INC.,NA,QUANTA COMPUTER INC.,Leo Chiang,[Huawei][Quanta][H81][CezanneM][AX200][20H2][BT][805151169] PC can't re-connect to BT keyboard after del paired . F/R:1/10,2021-09-21 16:52:00,NA
646829,QUANTA COMPUTER INC.,NA,QUANTA COMPUTER INC.,Leo Chiang,[Huawei][Quanta][H81][CezanneM][AX200][20H2][BT][805151169] PC can't re-connect to BT keyboard after del paired . F/R:1/10,2021-09-21 16:52:00,NA
646605,"HUAQIN TECHNOLOGY CO., LTD",NA,"Huaqin Technology Co., Ltd",Zhiqiang Cai,[HONOR][HUAQIN][HiggsE][Intel TGL][Intel AX201][20H1][WIFI] System will occur YB and code is 43 when running WiFi_Disable-Enable cycle test.,2021-09-20 06:20:00,NA
646605,"HUAQIN TECHNOLOGY CO., LTD",NA,"Huaqin Technology Co., Ltd",Zhiqiang Cai,[HONOR][HUAQIN][HiggsE][Intel TGL][Intel AX201][20H1][WIFI] System will occur YB and code is 43 when running WiFi_Disable-Enable cycle test.,2021-09-20 06:20:00,NA
646605,"HUAQIN TECHNOLOGY CO., LTD",NA,"Huaqin Technology Co., Ltd",Zhiqiang Cai,[HONOR][HUAQIN][HiggsE][Intel TGL][Intel AX201][20H1][WIFI] System will occur YB and code is 43 when running WiFi_Disable-Enable cycle test.,2021-09-20 06:20:00,NA
646522,"SHANGHAI WINGTECH ELECTRONICS TECHNOLOGYCO., LTD.",NA,"SHANGHAI WINGTECH ELECTRONICS TECHNOLOGYCO., LTD.",Steven ZY Chen,[Huawei][Wingtech][Dirac][Intel Tiger Lake UP4][AX201][20H1] [BT]Dirac authentication problem Adaptive problem,2021-09-18 02:19:00,NA
646522,"SHANGHAI WINGTECH ELECTRONICS TECHNOLOGYCO., LTD.",NA,"SHANGHAI WINGTECH ELECTRONICS TECHNOLOGYCO., LTD.",Steven ZY Chen,[Huawei][Wingtech][Dirac][Intel Tiger Lake UP4][AX201][20H1] [BT]Dirac authentication problem Adaptive problem,2021-09-18 02:19:00,NA
646522,"SHANGHAI WINGTECH ELECTRONICS TECHNOLOGYCO., LTD.",NA,"SHANGHAI WINGTECH ELECTRONICS TECHNOLOGYCO., LTD.",Steven ZY Chen,[Huawei][Wingtech][Dirac][Intel Tiger Lake UP4][AX201][20H1] [BT]Dirac authentication problem Adaptive problem,2021-09-18 02:19:00,NA
646341,"HUAQIN TECHNOLOGY CO., LTD",NA,"Huaqin Technology Co., Ltd",Zhiqiang Cai,"[HONOR][HUAQIN][HiggsE][Intel TGL][Intel AX201][21H2][WIFI]When we used step tool to run warm boot, the WIFI driver show YB. YB code:10",2021-09-17 01:27:00,NA
646341,"HUAQIN TECHNOLOGY CO., LTD",NA,"Huaqin Technology Co., Ltd",Zhiqiang Cai,"[HONOR][HUAQIN][HiggsE][Intel TGL][Intel AX201][21H2][WIFI]When we used step tool to run warm boot, the WIFI driver show YB. YB code:10",2021-09-17 01:27:00,NA
646341,"HUAQIN TECHNOLOGY CO., LTD",NA,"Huaqin Technology Co., Ltd",Zhiqiang Cai,"[HONOR][HUAQIN][HiggsE][Intel TGL][Intel AX201][21H2][WIFI]When we used step tool to run warm boot, the WIFI driver show YB. YB code:10",2021-09-17 01:27:00,NA
646008,"SHENZHEN BITLAND INFORMATION TECHNOLOGYCO., LTD.",NA,"SHENZHEN BITLAND INFORMATION TECHNOLOGYCO., LTD.",Charles P Chu,[Huawei/Bitland][CML-S][Pangu] Wireless display randomly show blurred screen with Honor TV,2021-09-15 23:52:00,NA
646008,"SHENZHEN BITLAND INFORMATION TECHNOLOGYCO., LTD.",NA,"SHENZHEN BITLAND INFORMATION TECHNOLOGYCO., LTD.",Charles P Chu,[Huawei/Bitland][CML-S][Pangu] Wireless display randomly show blurred screen with Honor TV,2021-09-15 23:52:00,NA
646008,"SHENZHEN BITLAND INFORMATION TECHNOLOGYCO., LTD.",NA,"SHENZHEN BITLAND INFORMATION TECHNOLOGYCO., LTD.",Charles P Chu,[Huawei/Bitland][CML-S][Pangu] Wireless display randomly show blurred screen with Honor TV,2021-09-15 23:52:00,NA
645975,MSI,"MICRO-STAR INTERNATIONAL CO., LTD.","MICRO-STAR INTERNATIONAL CO., LTD.",Brandon Yang,[MSI][1593][MSI center pro can  not execution on ADL platform],2021-09-15 22:33:00,NA
645901,WISTRON CORPORATION,NA,WISTRON CORPORATION,Leo Chiang,[Dell][Wistron][Stradale MLK] Bluetooth device lag or slow response with AX201 and AX1650s,2021-09-15 18:54:00,NA
645901,WISTRON CORPORATION,NA,WISTRON CORPORATION,Leo Chiang,[Dell][Wistron][Stradale MLK] Bluetooth device lag or slow response with AX201 and AX1650s,2021-09-15 18:54:00,NA
645901,WISTRON CORPORATION,NA,WISTRON CORPORATION,Leo Chiang,[Dell][Wistron][Stradale MLK] Bluetooth device lag or slow response with AX201 and AX1650s,2021-09-15 18:54:00,NA
645765,"SHENZHEN BITLAND INFORMATION TECHNOLOGYCO., LTD.",NA,"SHENZHEN BITLAND INFORMATION TECHNOLOGYCO., LTD.",Leo Chiang,[Huawei/Bitland][CML-S][Pangu] Bluetooth Sound box-S58 lost connection during S3 cycling test,2021-09-15 03:32:00,NA
645765,"SHENZHEN BITLAND INFORMATION TECHNOLOGYCO., LTD.",NA,"SHENZHEN BITLAND INFORMATION TECHNOLOGYCO., LTD.",Leo Chiang,[Huawei/Bitland][CML-S][Pangu] Bluetooth Sound box-S58 lost connection during S3 cycling test,2021-09-15 03:32:00,NA
645765,"SHENZHEN BITLAND INFORMATION TECHNOLOGYCO., LTD.",NA,"SHENZHEN BITLAND INFORMATION TECHNOLOGYCO., LTD.",Leo Chiang,[Huawei/Bitland][CML-S][Pangu] Bluetooth Sound box-S58 lost connection during S3 cycling test,2021-09-15 03:32:00,NA
645524,PEGATRON CORPORATION,NA,Pegatron Corporation,Franky Yang,[Intel NUC Wall Street Canyon/Pegatron/ADL-P]Wake on WLAN from modern standby fail,2021-09-14 18:36:00,NA
645524,PEGATRON CORPORATION,NA,Pegatron Corporation,Franky Yang,[Intel NUC Wall Street Canyon/Pegatron/ADL-P]Wake on WLAN from modern standby fail,2021-09-14 18:36:00,NA
645524,PEGATRON CORPORATION,NA,Pegatron Corporation,Franky Yang,[Intel NUC Wall Street Canyon/Pegatron/ADL-P]Wake on WLAN from modern standby fail,2021-09-14 18:36:00,NA
645384,"HUAQIN TECHNOLOGY CO., LTD",NA,"Huaqin Technology Co., Ltd",Brandon Yang,"[HONOR][HUAQIN][HiggsE][Intel TGL][Intel AX201][21H2][BT] When the volume of bluetooth headset is set to 0, the bluetooth headset will still have sound and intermittent silence when playing music",2021-09-14 02:49:00,NA
645384,"HUAQIN TECHNOLOGY CO., LTD",NA,"Huaqin Technology Co., Ltd",Brandon Yang,"[HONOR][HUAQIN][HiggsE][Intel TGL][Intel AX201][21H2][BT] When the volume of bluetooth headset is set to 0, the bluetooth headset will still have sound and intermittent silence when playing music",2021-09-14 02:49:00,NA
645384,"HUAQIN TECHNOLOGY CO., LTD",NA,"Huaqin Technology Co., Ltd",Brandon Yang,"[HONOR][HUAQIN][HiggsE][Intel TGL][Intel AX201][21H2][BT] When the volume of bluetooth headset is set to 0, the bluetooth headset will still have sound and intermittent silence when playing music",2021-09-14 02:49:00,NA
645328,WISTRON CORPORATION,NA,WISTRON CORPORATION,Zhiqiang Cai,[Lenovo/Wistron][Ideapad][IdeaPad Flex 5 14IAU7][EVT][ADL][Win11]SUT can't share 5GHz Mobile hotspot when connected to 2.4GHz AP or LAN for intel 9560 wlan card.(FR:100%),2021-09-14 01:22:00,NA
645328,WISTRON CORPORATION,NA,WISTRON CORPORATION,Zhiqiang Cai,[Lenovo/Wistron][Ideapad][IdeaPad Flex 5 14IAU7][EVT][ADL][Win11]SUT can't share 5GHz Mobile hotspot when connected to 2.4GHz AP or LAN for intel 9560 wlan card.(FR:100%),2021-09-14 01:22:00,NA
645328,WISTRON CORPORATION,NA,WISTRON CORPORATION,Zhiqiang Cai,[Lenovo/Wistron][Ideapad][IdeaPad Flex 5 14IAU7][EVT][ADL][Win11]SUT can't share 5GHz Mobile hotspot when connected to 2.4GHz AP or LAN for intel 9560 wlan card.(FR:100%),2021-09-14 01:22:00,NA
645300,PEGATRON CORPORATION,NA,Pegatron Corporation,Timdaway Lai,[Asus][Pegatron][ADL-P][K3402] CITU doen't work,2021-09-14 00:40:00,NA
645300,PEGATRON CORPORATION,NA,Pegatron Corporation,Timdaway Lai,[Asus][Pegatron][ADL-P][K3402] CITU doen't work,2021-09-14 00:40:00,NA
645300,PEGATRON CORPORATION,NA,Pegatron Corporation,Timdaway Lai,[Asus][Pegatron][ADL-P][K3402] CITU doen't work,2021-09-14 00:40:00,NA
645286,"COMPAL ELECTRONICS, INC.",NA,"COMPAL ELECTRONICS, INC.",Leo Chiang,"[Dell_Compal_Carnoustie_TGL-UP4_Win11_HLK] Win11 HLK Test item fail on ""Bluetooth - Initiate platform-level device reset""",2021-09-13 23:55:00,NA
645286,"COMPAL ELECTRONICS, INC.",NA,"COMPAL ELECTRONICS, INC.",Leo Chiang,"[Dell_Compal_Carnoustie_TGL-UP4_Win11_HLK] Win11 HLK Test item fail on ""Bluetooth - Initiate platform-level device reset""",2021-09-13 23:55:00,NA
645286,"COMPAL ELECTRONICS, INC.",NA,"COMPAL ELECTRONICS, INC.",Leo Chiang,"[Dell_Compal_Carnoustie_TGL-UP4_Win11_HLK] Win11 HLK Test item fail on ""Bluetooth - Initiate platform-level device reset""",2021-09-13 23:55:00,NA
644876,"COMPAL ELECTRONICS, INC.",NA,"COMPAL ELECTRONICS, INC.",Leo Chiang,[Dell_Compal_Horizon MLK_ADL-P_Oct2021] No sound output and No 'Headphones' list in Manage audio devices after paired with BT	headset.,2021-09-12 19:16:00,NA
644876,"COMPAL ELECTRONICS, INC.",NA,"COMPAL ELECTRONICS, INC.",Leo Chiang,[Dell_Compal_Horizon MLK_ADL-P_Oct2021] No sound output and No 'Headphones' list in Manage audio devices after paired with BT	headset.,2021-09-12 19:16:00,NA
644876,"COMPAL ELECTRONICS, INC.",NA,"COMPAL ELECTRONICS, INC.",Leo Chiang,[Dell_Compal_Horizon MLK_ADL-P_Oct2021] No sound output and No 'Headphones' list in Manage audio devices after paired with BT	headset.,2021-09-12 19:16:00,NA
644716,MSI,"MICRO-STAR INTERNATIONAL CO., LTD.","MICRO-STAR INTERNATIONAL CO., LTD.",Brandon Yang,[MSI]Edp 360HZ panel flicker,2021-09-10 03:30:00,NA
644563,ASROCK,NA,ASROCK INC.,Nicky Chen,Some AX210 have Exclamation mark (!) under windows if we use GPIO to disable BT under BIOS setup,2021-09-09 21:18:00,NA
644563,ASROCK,NA,ASROCK INC.,Nicky Chen,Some AX210 have Exclamation mark (!) under windows if we use GPIO to disable BT under BIOS setup,2021-09-09 21:18:00,NA
644563,ASROCK,NA,ASROCK INC.,Nicky Chen,Some AX210 have Exclamation mark (!) under windows if we use GPIO to disable BT under BIOS setup,2021-09-09 21:18:00,NA
644526,WISTRON CORPORATION,NA,WISTRON CORPORATION,Zhiqiang Cai,[Lenovo-Ideapad][Wistron][Lenovo 500w Gen3 JSL][JSL][IntelAX201] WiFi throughput test fail on Win11 OS preload,2021-09-09 19:16:00,NA
644526,WISTRON CORPORATION,NA,WISTRON CORPORATION,Zhiqiang Cai,[Lenovo-Ideapad][Wistron][Lenovo 500w Gen3 JSL][JSL][IntelAX201] WiFi throughput test fail on Win11 OS preload,2021-09-09 19:16:00,NA
644526,WISTRON CORPORATION,NA,WISTRON CORPORATION,Zhiqiang Cai,[Lenovo-Ideapad][Wistron][Lenovo 500w Gen3 JSL][JSL][IntelAX201] WiFi throughput test fail on Win11 OS preload,2021-09-09 19:16:00,NA
644435,"HUAQIN TECHNOLOGY CO., LTD",NA,"Huaqin Technology Co., Ltd",Brandon Yang,[HUAWEI][HUAQIN][MachD][Intel TGL][Intel AX201][Bluetooth][20H2] Bluetooth Mouse lag when use it.,2021-09-09 06:48:00,NA
644435,"HUAQIN TECHNOLOGY CO., LTD",NA,"Huaqin Technology Co., Ltd",Brandon Yang,[HUAWEI][HUAQIN][MachD][Intel TGL][Intel AX201][Bluetooth][20H2] Bluetooth Mouse lag when use it.,2021-09-09 06:48:00,NA
644435,"HUAQIN TECHNOLOGY CO., LTD",NA,"Huaqin Technology Co., Ltd",Brandon Yang,[HUAWEI][HUAQIN][MachD][Intel TGL][Intel AX201][Bluetooth][20H2] Bluetooth Mouse lag when use it.,2021-09-09 06:48:00,NA
644339,INVENTEC CORPORATION,NA,INVENTEC CORPORATION,Franky Yang,[ASUS][Strix 2022]System can not wake on WLAN from modern standby .,2021-09-09 02:02:00,NA
644339,INVENTEC CORPORATION,NA,INVENTEC CORPORATION,Franky Yang,[ASUS][Strix 2022]System can not wake on WLAN from modern standby .,2021-09-09 02:02:00,NA
644339,INVENTEC CORPORATION,NA,INVENTEC CORPORATION,Franky Yang,[ASUS][Strix 2022]System can not wake on WLAN from modern standby .,2021-09-09 02:02:00,NA
644302,WISTRON CORPORATION,NA,WISTRON CORPORATION,Wesley Kuo,"[Lenovo/Wistron][Ideapad][IdeaPad Flex 5 14IAU7][EVT][ADL][Win11][intel 9560]Bluetooth file transfer is not completed when Exchange a file about 10MB with PC or Phone via Bluetooth.(FR:2/2units, 4/10times)",2021-09-09 00:36:00,NA
644302,WISTRON CORPORATION,NA,WISTRON CORPORATION,Wesley Kuo,"[Lenovo/Wistron][Ideapad][IdeaPad Flex 5 14IAU7][EVT][ADL][Win11][intel 9560]Bluetooth file transfer is not completed when Exchange a file about 10MB with PC or Phone via Bluetooth.(FR:2/2units, 4/10times)",2021-09-09 00:36:00,NA
644302,WISTRON CORPORATION,NA,WISTRON CORPORATION,Wesley Kuo,"[Lenovo/Wistron][Ideapad][IdeaPad Flex 5 14IAU7][EVT][ADL][Win11][intel 9560]Bluetooth file transfer is not completed when Exchange a file about 10MB with PC or Phone via Bluetooth.(FR:2/2units, 4/10times)",2021-09-09 00:36:00,NA
644270,WISTRON CORPORATION,NA,WISTRON CORPORATION,Wesley Kuo,[Lenovo/Wistron][Ideapad][IdeaPad Flex 5 14IAU7][EVT][ADL][Win11][intel 9560]Music playing is not smooth when connected and use BT headset&BT mouse&BT Keyboard&Phone at the same time.(FR:100%),2021-09-08 23:42:00,NA
644270,WISTRON CORPORATION,NA,WISTRON CORPORATION,Wesley Kuo,[Lenovo/Wistron][Ideapad][IdeaPad Flex 5 14IAU7][EVT][ADL][Win11][intel 9560]Music playing is not smooth when connected and use BT headset&BT mouse&BT Keyboard&Phone at the same time.(FR:100%),2021-09-08 23:42:00,NA
644270,WISTRON CORPORATION,NA,WISTRON CORPORATION,Wesley Kuo,[Lenovo/Wistron][Ideapad][IdeaPad Flex 5 14IAU7][EVT][ADL][Win11][intel 9560]Music playing is not smooth when connected and use BT headset&BT mouse&BT Keyboard&Phone at the same time.(FR:100%),2021-09-08 23:42:00,NA
644255,WISTRON CORPORATION,NA,WISTRON CORPORATION,Wesley Kuo,[Lenovo/Wistron][Ideapad][IdeaPad Flex 5 14IAU7][ADL][Win11][Intel 9560]Sounds came out from BT headset after connected BT headset then wait for about 18s for intel 9560 wlan card.(FR:100%),2021-09-08 23:06:00,NA
644255,WISTRON CORPORATION,NA,WISTRON CORPORATION,Wesley Kuo,[Lenovo/Wistron][Ideapad][IdeaPad Flex 5 14IAU7][ADL][Win11][Intel 9560]Sounds came out from BT headset after connected BT headset then wait for about 18s for intel 9560 wlan card.(FR:100%),2021-09-08 23:06:00,NA
644255,WISTRON CORPORATION,NA,WISTRON CORPORATION,Wesley Kuo,[Lenovo/Wistron][Ideapad][IdeaPad Flex 5 14IAU7][ADL][Win11][Intel 9560]Sounds came out from BT headset after connected BT headset then wait for about 18s for intel 9560 wlan card.(FR:100%),2021-09-08 23:06:00,NA
644037,ELITEGROUP COMPUTER SYSTEMS CO. LTD,NA,ELITEGROUP COMPUTER SYSTEMS CO. LTD,Nicky Chen,ECS's new Alder Lake case SR40AL starts,2021-09-08 04:33:00,NA
644037,ELITEGROUP COMPUTER SYSTEMS CO. LTD,NA,ELITEGROUP COMPUTER SYSTEMS CO. LTD,Nicky Chen,ECS's new Alder Lake case SR40AL starts,2021-09-08 04:33:00,NA
644037,ELITEGROUP COMPUTER SYSTEMS CO. LTD,NA,ELITEGROUP COMPUTER SYSTEMS CO. LTD,Nicky Chen,ECS's new Alder Lake case SR40AL starts,2021-09-08 04:33:00,NA
644007,QUANTA COMPUTER INC.,NA,QUANTA COMPUTER INC.,Charles P Chu,"[Huawei][Quanta][H98VH99V][BohrENobelE_Intel][AX201][21H2][WIFI][BUG-20210908-35356] Disable Intel WLAN from device manger , then enable device , Try 200 times, 10 times turn on/off, scan , connect fail",2021-09-08 03:04:00,NA
644007,QUANTA COMPUTER INC.,NA,QUANTA COMPUTER INC.,Charles P Chu,"[Huawei][Quanta][H98VH99V][BohrENobelE_Intel][AX201][21H2][WIFI][BUG-20210908-35356] Disable Intel WLAN from device manger , then enable device , Try 200 times, 10 times turn on/off, scan , connect fail",2021-09-08 03:04:00,NA
644007,QUANTA COMPUTER INC.,NA,QUANTA COMPUTER INC.,Charles P Chu,"[Huawei][Quanta][H98VH99V][BohrENobelE_Intel][AX201][21H2][WIFI][BUG-20210908-35356] Disable Intel WLAN from device manger , then enable device , Try 200 times, 10 times turn on/off, scan , connect fail",2021-09-08 03:04:00,NA
643200,QUANTA COMPUTER INC.,NA,QUANTA COMPUTER INC.,Nicky Chen,MSFT ODM Quanta Z93 HrP2 AX201 22.70 and 22.80 No included RLG driver,2021-09-06 01:01:00,NA
643200,QUANTA COMPUTER INC.,NA,QUANTA COMPUTER INC.,Nicky Chen,MSFT ODM Quanta Z93 HrP2 AX201 22.70 and 22.80 No included RLG driver,2021-09-06 01:01:00,NA
643200,QUANTA COMPUTER INC.,NA,QUANTA COMPUTER INC.,Nicky Chen,MSFT ODM Quanta Z93 HrP2 AX201 22.70 and 22.80 No included RLG driver,2021-09-06 01:01:00,NA
643182,"SHANGHAI WINGTECH ELECTRONICS TECHNOLOGYCO., LTD.",NA,"SHANGHAI WINGTECH ELECTRONICS TECHNOLOGYCO., LTD.",Zhiqiang Cai,[Lenovo-IdeaPad][WingTech][D570][Alder-Lake][AX211_1216][21H2] AX211_Conductive Results cannot match specification,2021-09-06 00:33:00,NA
643182,"SHANGHAI WINGTECH ELECTRONICS TECHNOLOGYCO., LTD.",NA,"SHANGHAI WINGTECH ELECTRONICS TECHNOLOGYCO., LTD.",Zhiqiang Cai,[Lenovo-IdeaPad][WingTech][D570][Alder-Lake][AX211_1216][21H2] AX211_Conductive Results cannot match specification,2021-09-06 00:33:00,NA
643182,"SHANGHAI WINGTECH ELECTRONICS TECHNOLOGYCO., LTD.",NA,"SHANGHAI WINGTECH ELECTRONICS TECHNOLOGYCO., LTD.",Zhiqiang Cai,[Lenovo-IdeaPad][WingTech][D570][Alder-Lake][AX211_1216][21H2] AX211_Conductive Results cannot match specification,2021-09-06 00:33:00,NA
643083,QUANTA COMPUTER INC.,NA,QUANTA COMPUTER INC.,Leo Chiang,"[Huawei][Quanta][H98VH99V][BohrENobelE_Intel][AX201][21H2_Win11][BT] The DUT connect to BT BR  mouse(??7200M 3.0??),  Playback Local music by Groove and upgrade BT driver from 22.70.0.3 to 22.80.0.4, after upgrade completed , Groove player can't work",2021-09-05 19:13:00,NA
643083,QUANTA COMPUTER INC.,NA,QUANTA COMPUTER INC.,Leo Chiang,"[Huawei][Quanta][H98VH99V][BohrENobelE_Intel][AX201][21H2_Win11][BT] The DUT connect to BT BR  mouse(??7200M 3.0??),  Playback Local music by Groove and upgrade BT driver from 22.70.0.3 to 22.80.0.4, after upgrade completed , Groove player can't work",2021-09-05 19:13:00,NA
643083,QUANTA COMPUTER INC.,NA,QUANTA COMPUTER INC.,Leo Chiang,"[Huawei][Quanta][H98VH99V][BohrENobelE_Intel][AX201][21H2_Win11][BT] The DUT connect to BT BR  mouse(??7200M 3.0??),  Playback Local music by Groove and upgrade BT driver from 22.70.0.3 to 22.80.0.4, after upgrade completed , Groove player can't work",2021-09-05 19:13:00,NA
643038,"HUAQIN TECHNOLOGY CO., LTD",NA,"Huaqin Technology Co., Ltd",Brandon Yang,"[HUAWEI][HUAQIN][Morgan][Intel TGL][Intel AX201] [Win11] [BT]System will occur BOSD 0x9f when runnig ""stress_benchmark_01300""",2021-09-04 00:08:00,NA
643038,"HUAQIN TECHNOLOGY CO., LTD",NA,"Huaqin Technology Co., Ltd",Brandon Yang,"[HUAWEI][HUAQIN][Morgan][Intel TGL][Intel AX201] [Win11] [BT]System will occur BOSD 0x9f when runnig ""stress_benchmark_01300""",2021-09-04 00:08:00,NA
643038,"HUAQIN TECHNOLOGY CO., LTD",NA,"Huaqin Technology Co., Ltd",Brandon Yang,"[HUAWEI][HUAQIN][Morgan][Intel TGL][Intel AX201] [Win11] [BT]System will occur BOSD 0x9f when runnig ""stress_benchmark_01300""",2021-09-04 00:08:00,NA
642505,"HUAQIN TECHNOLOGY CO., LTD",NA,"Huaqin Technology Co., Ltd",Brenton Wu,Acer Oboe Wifi issue (AX201),2021-09-01 23:32:00,NA
642505,"HUAQIN TECHNOLOGY CO., LTD",NA,"Huaqin Technology Co., Ltd",Brenton Wu,Acer Oboe Wifi issue (AX201),2021-09-01 23:32:00,NA
642505,"HUAQIN TECHNOLOGY CO., LTD",NA,"Huaqin Technology Co., Ltd",Brenton Wu,Acer Oboe Wifi issue (AX201),2021-09-01 23:32:00,NA
642191,QUANTA COMPUTER INC.,NA,QUANTA COMPUTER INC.,Charles P Chu,[Huawei][Quanta][H9H][HookeD][AX201][20H2][WIFI][805116040][BUG-20210812-33854]HookeD projection MatePad Pro audio freeze,2021-09-01 00:13:00,NA
642191,QUANTA COMPUTER INC.,NA,QUANTA COMPUTER INC.,Charles P Chu,[Huawei][Quanta][H9H][HookeD][AX201][20H2][WIFI][805116040][BUG-20210812-33854]HookeD projection MatePad Pro audio freeze,2021-09-01 00:13:00,NA
642191,QUANTA COMPUTER INC.,NA,QUANTA COMPUTER INC.,Charles P Chu,[Huawei][Quanta][H9H][HookeD][AX201][20H2][WIFI][805116040][BUG-20210812-33854]HookeD projection MatePad Pro audio freeze,2021-09-01 00:13:00,NA
642168,"COMPAL ELECTRONICS, INC.",NA,"COMPAL ELECTRONICS, INC.",Wesley Kuo,[Lenovo-Ideapad][Compal][V350][ADL-P][Win11]- Sound output from speaknot BT headset  for 10-15 seconds after disconnect and connect BT headset. ( F/R: 100%),2021-08-31 23:10:00,NA
642168,"COMPAL ELECTRONICS, INC.",NA,"COMPAL ELECTRONICS, INC.",Wesley Kuo,[Lenovo-Ideapad][Compal][V350][ADL-P][Win11]- Sound output from speaknot BT headset  for 10-15 seconds after disconnect and connect BT headset. ( F/R: 100%),2021-08-31 23:10:00,NA
642168,"COMPAL ELECTRONICS, INC.",NA,"COMPAL ELECTRONICS, INC.",Wesley Kuo,[Lenovo-Ideapad][Compal][V350][ADL-P][Win11]- Sound output from speaknot BT headset  for 10-15 seconds after disconnect and connect BT headset. ( F/R: 100%),2021-08-31 23:10:00,NA
642095,"HUAQIN TECHNOLOGY CO., LTD",NA,"Huaqin Technology Co., Ltd",Zhiwei He,?HUAWEI??Huaqin??Morgan??TGL-R??AX201??21H1?Power control fails to reach the desired power when using DRTU,2021-08-31 19:28:00,NA
642095,"HUAQIN TECHNOLOGY CO., LTD",NA,"Huaqin Technology Co., Ltd",Zhiwei He,?HUAWEI??Huaqin??Morgan??TGL-R??AX201??21H1?Power control fails to reach the desired power when using DRTU,2021-08-31 19:28:00,NA
642095,"HUAQIN TECHNOLOGY CO., LTD",NA,"Huaqin Technology Co., Ltd",Zhiwei He,?HUAWEI??Huaqin??Morgan??TGL-R??AX201??21H1?Power control fails to reach the desired power when using DRTU,2021-08-31 19:28:00,NA
641860,"HUAQIN TECHNOLOGY CO., LTD",NA,"Huaqin Technology Co., Ltd",Wesley Kuo,[Huaqin][Samsung][Titan-U BBY][Win11BT headset appear catons 1s when playing music about 2-3 seconds.(FR: 5 out of 5 units),2021-08-31 01:03:00,NA
641860,"HUAQIN TECHNOLOGY CO., LTD",NA,"Huaqin Technology Co., Ltd",Wesley Kuo,[Huaqin][Samsung][Titan-U BBY][Win11BT headset appear catons 1s when playing music about 2-3 seconds.(FR: 5 out of 5 units),2021-08-31 01:03:00,NA
641860,"HUAQIN TECHNOLOGY CO., LTD",NA,"Huaqin Technology Co., Ltd",Wesley Kuo,[Huaqin][Samsung][Titan-U BBY][Win11BT headset appear catons 1s when playing music about 2-3 seconds.(FR: 5 out of 5 units),2021-08-31 01:03:00,NA
641854,"HUAQIN TECHNOLOGY CO., LTD",NA,"Huaqin Technology Co., Ltd",Zhiqiang Cai,"[HONOR][HUAQIN][HiggsE][Intel TGL][Intel AX201][21H2][WIFI]The tester PC and honor V40 are connected to the same network 802.11n_ 2.4G_ 40m, 1 channel, establish multi screen cooperation, low iperf flow rate and large Ping gateway delay",2021-08-31 00:52:00,NA
641854,"HUAQIN TECHNOLOGY CO., LTD",NA,"Huaqin Technology Co., Ltd",Zhiqiang Cai,"[HONOR][HUAQIN][HiggsE][Intel TGL][Intel AX201][21H2][WIFI]The tester PC and honor V40 are connected to the same network 802.11n_ 2.4G_ 40m, 1 channel, establish multi screen cooperation, low iperf flow rate and large Ping gateway delay",2021-08-31 00:52:00,NA
641854,"HUAQIN TECHNOLOGY CO., LTD",NA,"Huaqin Technology Co., Ltd",Zhiqiang Cai,"[HONOR][HUAQIN][HiggsE][Intel TGL][Intel AX201][21H2][WIFI]The tester PC and honor V40 are connected to the same network 802.11n_ 2.4G_ 40m, 1 channel, establish multi screen cooperation, low iperf flow rate and large Ping gateway delay",2021-08-31 00:52:00,NA
641648,"HUAQIN TECHNOLOGY CO., LTD",NA,"Huaqin Technology Co., Ltd",Brandon Yang,"[HONOR][HUAQIN][HiggsE][Intel TGL][Intel AX201][21H2][BT]When playing music, connect bluetooth headset, the headset sound quality is poor, about 5 seconds later will freeze, and then the sound quality returns to normal",2021-08-30 06:42:00,NA
641648,"HUAQIN TECHNOLOGY CO., LTD",NA,"Huaqin Technology Co., Ltd",Brandon Yang,"[HONOR][HUAQIN][HiggsE][Intel TGL][Intel AX201][21H2][BT]When playing music, connect bluetooth headset, the headset sound quality is poor, about 5 seconds later will freeze, and then the sound quality returns to normal",2021-08-30 06:42:00,NA
641648,"HUAQIN TECHNOLOGY CO., LTD",NA,"Huaqin Technology Co., Ltd",Brandon Yang,"[HONOR][HUAQIN][HiggsE][Intel TGL][Intel AX201][21H2][BT]When playing music, connect bluetooth headset, the headset sound quality is poor, about 5 seconds later will freeze, and then the sound quality returns to normal",2021-08-30 06:42:00,NA
641520,"FOXCONN TECHNOLOGY CO., LTD.",NA,"FOXCONN TECHNOLOGY CO., LTD.",Franky Yang,[DELL Cons. DT/Foxconn/Intel CML-S][D10][wireless] Buteo_Vostro 3681_Power LED doesn't go off after system is shut down,2021-08-30 00:31:00,NA
641520,"FOXCONN TECHNOLOGY CO., LTD.",NA,"FOXCONN TECHNOLOGY CO., LTD.",Franky Yang,[DELL Cons. DT/Foxconn/Intel CML-S][D10][wireless] Buteo_Vostro 3681_Power LED doesn't go off after system is shut down,2021-08-30 00:31:00,NA
641520,"FOXCONN TECHNOLOGY CO., LTD.",NA,"FOXCONN TECHNOLOGY CO., LTD.",Franky Yang,[DELL Cons. DT/Foxconn/Intel CML-S][D10][wireless] Buteo_Vostro 3681_Power LED doesn't go off after system is shut down,2021-08-30 00:31:00,NA
641243,"HUAQIN TECHNOLOGY CO., LTD",NA,"Huaqin Technology Co., Ltd",Brandon Yang,[HONOR][HUAQIN][HalleyM][AMD Cezanne-H][Intel AX200][21H1][WIFI] No sound output from the Bluetooth speaker after open ild wait for about 2 hours.,2021-08-27 03:22:00,NA
641243,"HUAQIN TECHNOLOGY CO., LTD",NA,"Huaqin Technology Co., Ltd",Brandon Yang,[HONOR][HUAQIN][HalleyM][AMD Cezanne-H][Intel AX200][21H1][WIFI] No sound output from the Bluetooth speaker after open ild wait for about 2 hours.,2021-08-27 03:22:00,NA
641243,"HUAQIN TECHNOLOGY CO., LTD",NA,"Huaqin Technology Co., Ltd",Brandon Yang,[HONOR][HUAQIN][HalleyM][AMD Cezanne-H][Intel AX200][21H1][WIFI] No sound output from the Bluetooth speaker after open ild wait for about 2 hours.,2021-08-27 03:22:00,NA
641219,"SHANGHAI WINGTECH ELECTRONICS TECHNOLOGYCO., LTD.",NA,"SHANGHAI WINGTECH ELECTRONICS TECHNOLOGYCO., LTD.",Brandon Yang,"[Huawei][Wingtech][Dirac][Intel Tiger Lake UP4][AX201][21H1] [BT]In the 45? incubator, a black screen appears during the restart test?DRIVER_IRQL_NOT_LESS_OR_EQUAL (d1)",2021-08-27 02:04:00,NA
641219,"SHANGHAI WINGTECH ELECTRONICS TECHNOLOGYCO., LTD.",NA,"SHANGHAI WINGTECH ELECTRONICS TECHNOLOGYCO., LTD.",Brandon Yang,"[Huawei][Wingtech][Dirac][Intel Tiger Lake UP4][AX201][21H1] [BT]In the 45? incubator, a black screen appears during the restart test?DRIVER_IRQL_NOT_LESS_OR_EQUAL (d1)",2021-08-27 02:04:00,NA
641219,"SHANGHAI WINGTECH ELECTRONICS TECHNOLOGYCO., LTD.",NA,"SHANGHAI WINGTECH ELECTRONICS TECHNOLOGYCO., LTD.",Brandon Yang,"[Huawei][Wingtech][Dirac][Intel Tiger Lake UP4][AX201][21H1] [BT]In the 45? incubator, a black screen appears during the restart test?DRIVER_IRQL_NOT_LESS_OR_EQUAL (d1)",2021-08-27 02:04:00,NA
641217,WISTRON CORPORATION,NA,WISTRON CORPORATION,Charles Yeh,[Millennio] AX211 SAR Power setting check,2021-08-27 01:51:00,NA
641217,WISTRON CORPORATION,NA,WISTRON CORPORATION,Charles Yeh,[Millennio] AX211 SAR Power setting check,2021-08-27 01:51:00,NA
641217,WISTRON CORPORATION,NA,WISTRON CORPORATION,Charles Yeh,[Millennio] AX211 SAR Power setting check,2021-08-27 01:51:00,NA
641142,INVENTEC CORPORATION,INVENTEC CORPORATION,INVENTEC CORPORATION,Brenton Wu,[HP_CMIT_NB][ADLP][Version] System can't run CITU tool to check CNVI bus.,2021-08-26 23:20:00,NA
641091,"HUAQIN TECHNOLOGY CO., LTD",NA,"Huaqin Technology Co., Ltd",Zhiqiang Cai,"[HONOR][HUAQIN][HiggsE][Intel TGL][Intel AX201][21H2][WIFI]High fidelity stability when running MS with step 3.4.14, the step tool prompts multiple Wan miniport exceptions",2021-08-26 19:56:00,NA
641091,"HUAQIN TECHNOLOGY CO., LTD",NA,"Huaqin Technology Co., Ltd",Zhiqiang Cai,"[HONOR][HUAQIN][HiggsE][Intel TGL][Intel AX201][21H2][WIFI]High fidelity stability when running MS with step 3.4.14, the step tool prompts multiple Wan miniport exceptions",2021-08-26 19:56:00,NA
641091,"HUAQIN TECHNOLOGY CO., LTD",NA,"Huaqin Technology Co., Ltd",Zhiqiang Cai,"[HONOR][HUAQIN][HiggsE][Intel TGL][Intel AX201][21H2][WIFI]High fidelity stability when running MS with step 3.4.14, the step tool prompts multiple Wan miniport exceptions",2021-08-26 19:56:00,NA
640781,"SHANGHAI WINGTECH ELECTRONICS TECHNOLOGYCO., LTD.",NA,"SHANGHAI WINGTECH ELECTRONICS TECHNOLOGYCO., LTD.",Zhiwei He,[Huawei][Wingtech][Dirac][Intel Tiger Lake UP4][AX201][21H2] [WIFI]Cannot switch to 5 G after the roaming switches to 2.4G,2021-08-25 22:38:00,NA
640781,"SHANGHAI WINGTECH ELECTRONICS TECHNOLOGYCO., LTD.",NA,"SHANGHAI WINGTECH ELECTRONICS TECHNOLOGYCO., LTD.",Zhiwei He,[Huawei][Wingtech][Dirac][Intel Tiger Lake UP4][AX201][21H2] [WIFI]Cannot switch to 5 G after the roaming switches to 2.4G,2021-08-25 22:38:00,NA
640781,"SHANGHAI WINGTECH ELECTRONICS TECHNOLOGYCO., LTD.",NA,"SHANGHAI WINGTECH ELECTRONICS TECHNOLOGYCO., LTD.",Zhiwei He,[Huawei][Wingtech][Dirac][Intel Tiger Lake UP4][AX201][21H2] [WIFI]Cannot switch to 5 G after the roaming switches to 2.4G,2021-08-25 22:38:00,NA
640733,WISTRON CORPORATION,NA,WISTRON CORPORATION,Leo Chiang,[DELL Corp. DT/Troy JSL/Wistron/JSL][Intel 9560] BT mouse has intermittent connection to system,2021-08-25 20:09:00,NA
640733,WISTRON CORPORATION,NA,WISTRON CORPORATION,Leo Chiang,[DELL Corp. DT/Troy JSL/Wistron/JSL][Intel 9560] BT mouse has intermittent connection to system,2021-08-25 20:09:00,NA
640733,WISTRON CORPORATION,NA,WISTRON CORPORATION,Leo Chiang,[DELL Corp. DT/Troy JSL/Wistron/JSL][Intel 9560] BT mouse has intermittent connection to system,2021-08-25 20:09:00,NA
640678,QUANTA COMPUTER INC.,NA,QUANTA COMPUTER INC.,Brandon Yang,"[Huawei][Quanta][H98VH99V][BohrENobelE_Intel][AX201][20H2][BT][805103730] The PC tried to make a Bluetooth connection with the peripheral, but the connection failed",2021-08-25 18:16:00,NA
640678,QUANTA COMPUTER INC.,NA,QUANTA COMPUTER INC.,Brandon Yang,"[Huawei][Quanta][H98VH99V][BohrENobelE_Intel][AX201][20H2][BT][805103730] The PC tried to make a Bluetooth connection with the peripheral, but the connection failed",2021-08-25 18:16:00,NA
640678,QUANTA COMPUTER INC.,NA,QUANTA COMPUTER INC.,Brandon Yang,"[Huawei][Quanta][H98VH99V][BohrENobelE_Intel][AX201][20H2][BT][805103730] The PC tried to make a Bluetooth connection with the peripheral, but the connection failed",2021-08-25 18:16:00,NA
640603,"HUAQIN TECHNOLOGY CO., LTD",NA,"Huaqin Technology Co., Ltd",Brandon Yang,"[HUAWEI][HUAQIN][Morgan][Intel TGL][WIN11]Normal automatic sleep during the day, black screen after startup at night, and dump on disk D.",2021-08-25 07:01:00,NA
640603,"HUAQIN TECHNOLOGY CO., LTD",NA,"Huaqin Technology Co., Ltd",Brandon Yang,"[HUAWEI][HUAQIN][Morgan][Intel TGL][WIN11]Normal automatic sleep during the day, black screen after startup at night, and dump on disk D.",2021-08-25 07:01:00,NA
640603,"HUAQIN TECHNOLOGY CO., LTD",NA,"Huaqin Technology Co., Ltd",Brandon Yang,"[HUAWEI][HUAQIN][Morgan][Intel TGL][WIN11]Normal automatic sleep during the day, black screen after startup at night, and dump on disk D.",2021-08-25 07:01:00,NA
640383,"HUAQIN TECHNOLOGY CO., LTD",NA,"Huaqin Technology Co., Ltd",Brandon Yang,[HONOR][HUAQIN][HalleyM][AMD Cezanne-H][Intel AX200][21H1] There was a caton in the process of playing music.,2021-08-25 00:15:00,NA
640383,"HUAQIN TECHNOLOGY CO., LTD",NA,"Huaqin Technology Co., Ltd",Brandon Yang,[HONOR][HUAQIN][HalleyM][AMD Cezanne-H][Intel AX200][21H1] There was a caton in the process of playing music.,2021-08-25 00:15:00,NA
640383,"HUAQIN TECHNOLOGY CO., LTD",NA,"Huaqin Technology Co., Ltd",Brandon Yang,[HONOR][HUAQIN][HalleyM][AMD Cezanne-H][Intel AX200][21H1] There was a caton in the process of playing music.,2021-08-25 00:15:00,NA
640312,"SHENZHEN BITLAND INFORMATION TECHNOLOGYCO., LTD.",NA,"SHENZHEN BITLAND INFORMATION TECHNOLOGYCO., LTD.",Brandon Yang,[Huawei/Bitland][CML-S][Pangu] BT re-connection fail with Beats Solo3 headset,2021-08-24 20:34:00,NA
640312,"SHENZHEN BITLAND INFORMATION TECHNOLOGYCO., LTD.",NA,"SHENZHEN BITLAND INFORMATION TECHNOLOGYCO., LTD.",Brandon Yang,[Huawei/Bitland][CML-S][Pangu] BT re-connection fail with Beats Solo3 headset,2021-08-24 20:34:00,NA
640312,"SHENZHEN BITLAND INFORMATION TECHNOLOGYCO., LTD.",NA,"SHENZHEN BITLAND INFORMATION TECHNOLOGYCO., LTD.",Brandon Yang,[Huawei/Bitland][CML-S][Pangu] BT re-connection fail with Beats Solo3 headset,2021-08-24 20:34:00,NA
640123,ELITEGROUP COMPUTER SYSTEMS CO. LTD,NA,ELITEGROUP COMPUTER SYSTEMS CO. LTD,Nicky Chen,SF20JL7 + AX201  (Phase A3 EVT) had a new problem been found,2021-08-24 03:53:00,NA
640123,ELITEGROUP COMPUTER SYSTEMS CO. LTD,NA,ELITEGROUP COMPUTER SYSTEMS CO. LTD,Nicky Chen,SF20JL7 + AX201  (Phase A3 EVT) had a new problem been found,2021-08-24 03:53:00,NA
640123,ELITEGROUP COMPUTER SYSTEMS CO. LTD,NA,ELITEGROUP COMPUTER SYSTEMS CO. LTD,Nicky Chen,SF20JL7 + AX201  (Phase A3 EVT) had a new problem been found,2021-08-24 03:53:00,NA
639518,"HUAQIN TECHNOLOGY CO., LTD",NA,"Huaqin Technology Co., Ltd",Brandon Yang,[HONOR][HUAQIN][HalleyM][AMD Cezanne-H][Intel AX200][2030][21H1][BT]Sometimes the Bluetooth headset will be automatically disconnected and then automatically reconnected,2021-08-22 20:53:00,NA
639518,"HUAQIN TECHNOLOGY CO., LTD",NA,"Huaqin Technology Co., Ltd",Brandon Yang,[HONOR][HUAQIN][HalleyM][AMD Cezanne-H][Intel AX200][2030][21H1][BT]Sometimes the Bluetooth headset will be automatically disconnected and then automatically reconnected,2021-08-22 20:53:00,NA
639518,"HUAQIN TECHNOLOGY CO., LTD",NA,"Huaqin Technology Co., Ltd",Brandon Yang,[HONOR][HUAQIN][HalleyM][AMD Cezanne-H][Intel AX200][2030][21H1][BT]Sometimes the Bluetooth headset will be automatically disconnected and then automatically reconnected,2021-08-22 20:53:00,NA
639425,"HUAQIN TECHNOLOGY CO., LTD",NA,"Huaqin Technology Co., Ltd",Zhiqiang Cai,"[HONOR][HUAQIN][HiggsE][Intel TGL][Intel AX201][21H2][WIFI]The tester PC and honor V40 are connected to the same network 802.11n_ 2.4G_ 40m, 1 channel, establish multi screen cooperation, low iperf flow rate and large Ping gateway delay",2021-08-21 09:37:00,NA
639425,"HUAQIN TECHNOLOGY CO., LTD",NA,"Huaqin Technology Co., Ltd",Zhiqiang Cai,"[HONOR][HUAQIN][HiggsE][Intel TGL][Intel AX201][21H2][WIFI]The tester PC and honor V40 are connected to the same network 802.11n_ 2.4G_ 40m, 1 channel, establish multi screen cooperation, low iperf flow rate and large Ping gateway delay",2021-08-21 09:37:00,NA
639425,"HUAQIN TECHNOLOGY CO., LTD",NA,"Huaqin Technology Co., Ltd",Zhiqiang Cai,"[HONOR][HUAQIN][HiggsE][Intel TGL][Intel AX201][21H2][WIFI]The tester PC and honor V40 are connected to the same network 802.11n_ 2.4G_ 40m, 1 channel, establish multi screen cooperation, low iperf flow rate and large Ping gateway delay",2021-08-21 09:37:00,NA
639424,"HUAQIN TECHNOLOGY CO., LTD",NA,"Huaqin Technology Co., Ltd",Zhiqiang Cai,"[HONOR][HUAQIN][HiggsE][Intel TGL][Intel AX201][21H2][WIFI]The test PC and the auxiliary computer (Honor V40 Mobile phone) are connected to the same network 802.11n_ 2.4G_ 40M_ 1 channel, iperf runs and pits fall",2021-08-21 09:12:00,NA
639424,"HUAQIN TECHNOLOGY CO., LTD",NA,"Huaqin Technology Co., Ltd",Zhiqiang Cai,"[HONOR][HUAQIN][HiggsE][Intel TGL][Intel AX201][21H2][WIFI]The test PC and the auxiliary computer (Honor V40 Mobile phone) are connected to the same network 802.11n_ 2.4G_ 40M_ 1 channel, iperf runs and pits fall",2021-08-21 09:12:00,NA
639424,"HUAQIN TECHNOLOGY CO., LTD",NA,"Huaqin Technology Co., Ltd",Zhiqiang Cai,"[HONOR][HUAQIN][HiggsE][Intel TGL][Intel AX201][21H2][WIFI]The test PC and the auxiliary computer (Honor V40 Mobile phone) are connected to the same network 802.11n_ 2.4G_ 40M_ 1 channel, iperf runs and pits fall",2021-08-21 09:12:00,NA
639423,"HUAQIN TECHNOLOGY CO., LTD",NA,"Huaqin Technology Co., Ltd",Zhiqiang Cai,[HONOR][HUAQIN][HalleyM][AMD Cezanne-H][Intel AX200][2030][21H1][WIFI]Sudden network disconnection (Globe) often occurs. Click the no WLAN icon on the globe in the taskbar. WLAN will not appear until about 2-5min.,2021-08-21 08:26:00,NA
639423,"HUAQIN TECHNOLOGY CO., LTD",NA,"Huaqin Technology Co., Ltd",Zhiqiang Cai,[HONOR][HUAQIN][HalleyM][AMD Cezanne-H][Intel AX200][2030][21H1][WIFI]Sudden network disconnection (Globe) often occurs. Click the no WLAN icon on the globe in the taskbar. WLAN will not appear until about 2-5min.,2021-08-21 08:26:00,NA
639423,"HUAQIN TECHNOLOGY CO., LTD",NA,"Huaqin Technology Co., Ltd",Zhiqiang Cai,[HONOR][HUAQIN][HalleyM][AMD Cezanne-H][Intel AX200][2030][21H1][WIFI]Sudden network disconnection (Globe) often occurs. Click the no WLAN icon on the globe in the taskbar. WLAN will not appear until about 2-5min.,2021-08-21 08:26:00,NA
639419,"HUAQIN TECHNOLOGY CO., LTD",NA,"Huaqin Technology Co., Ltd",Zhiqiang Cai,"[HONOR][HUAQIN][HalleyM][AMD Cezanne-H][Intel AX200][2030][21H1][WIFI]After the computer is turned on, there is no network. There is only flight mode in the WiFi list, and there is no SSID",2021-08-21 02:42:00,NA
639419,"HUAQIN TECHNOLOGY CO., LTD",NA,"Huaqin Technology Co., Ltd",Zhiqiang Cai,"[HONOR][HUAQIN][HalleyM][AMD Cezanne-H][Intel AX200][2030][21H1][WIFI]After the computer is turned on, there is no network. There is only flight mode in the WiFi list, and there is no SSID",2021-08-21 02:42:00,NA
639419,"HUAQIN TECHNOLOGY CO., LTD",NA,"Huaqin Technology Co., Ltd",Zhiqiang Cai,"[HONOR][HUAQIN][HalleyM][AMD Cezanne-H][Intel AX200][2030][21H1][WIFI]After the computer is turned on, there is no network. There is only flight mode in the WiFi list, and there is no SSID",2021-08-21 02:42:00,NA
639361,"HUAQIN TECHNOLOGY CO., LTD",NA,"Huaqin Technology Co., Ltd",Brandon Yang,[HONOR][HUAQIN][HalleyM][AMD Cezanne-H][Intel AX200][2030][21H1][BT]Abnormal disconnection of Bluetooth headset,2021-08-20 04:40:00,NA
639361,"HUAQIN TECHNOLOGY CO., LTD",NA,"Huaqin Technology Co., Ltd",Brandon Yang,[HONOR][HUAQIN][HalleyM][AMD Cezanne-H][Intel AX200][2030][21H1][BT]Abnormal disconnection of Bluetooth headset,2021-08-20 04:40:00,NA
639361,"HUAQIN TECHNOLOGY CO., LTD",NA,"Huaqin Technology Co., Ltd",Brandon Yang,[HONOR][HUAQIN][HalleyM][AMD Cezanne-H][Intel AX200][2030][21H1][BT]Abnormal disconnection of Bluetooth headset,2021-08-20 04:40:00,NA
639139,"HUAQIN TECHNOLOGY CO., LTD",NA,"Huaqin Technology Co., Ltd",Brandon Yang,"[HUAWEI][HUAQIN][NB3757][Intel TGL][Intel AX201][21H2] Report ""Failed to reload the inbox Microsoft Bluetooth Stack"" when running ""Bluetooth - 4LeSpecification (Development and Integration)"" item.",2021-08-19 19:37:00,NA
639139,"HUAQIN TECHNOLOGY CO., LTD",NA,"Huaqin Technology Co., Ltd",Brandon Yang,"[HUAWEI][HUAQIN][NB3757][Intel TGL][Intel AX201][21H2] Report ""Failed to reload the inbox Microsoft Bluetooth Stack"" when running ""Bluetooth - 4LeSpecification (Development and Integration)"" item.",2021-08-19 19:37:00,NA
639139,"HUAQIN TECHNOLOGY CO., LTD",NA,"Huaqin Technology Co., Ltd",Brandon Yang,"[HUAWEI][HUAQIN][NB3757][Intel TGL][Intel AX201][21H2] Report ""Failed to reload the inbox Microsoft Bluetooth Stack"" when running ""Bluetooth - 4LeSpecification (Development and Integration)"" item.",2021-08-19 19:37:00,NA
639133,"COMPAL ELECTRONICS, INC.",NA,"COMPAL ELECTRONICS, INC.",Leo Chiang,[Dell_Compal_Axiom/SIF MLK ADL] BT Headset can't change volume directly but can change when playing music,2021-08-19 19:11:00,NA
639133,"COMPAL ELECTRONICS, INC.",NA,"COMPAL ELECTRONICS, INC.",Leo Chiang,[Dell_Compal_Axiom/SIF MLK ADL] BT Headset can't change volume directly but can change when playing music,2021-08-19 19:11:00,NA
639133,"COMPAL ELECTRONICS, INC.",NA,"COMPAL ELECTRONICS, INC.",Leo Chiang,[Dell_Compal_Axiom/SIF MLK ADL] BT Headset can't change volume directly but can change when playing music,2021-08-19 19:11:00,NA
639128,"HUAQIN TECHNOLOGY CO., LTD",NA,"Huaqin Technology Co., Ltd",Zhiqiang Cai,[HONOR][HUAQIN][HalleyM][AMD Cezanne-H][Intel AX200][2030][21H1][WIFI] WiFi repeatedly disconnected,2021-08-19 19:01:00,NA
639128,"HUAQIN TECHNOLOGY CO., LTD",NA,"Huaqin Technology Co., Ltd",Zhiqiang Cai,[HONOR][HUAQIN][HalleyM][AMD Cezanne-H][Intel AX200][2030][21H1][WIFI] WiFi repeatedly disconnected,2021-08-19 19:01:00,NA
639128,"HUAQIN TECHNOLOGY CO., LTD",NA,"Huaqin Technology Co., Ltd",Zhiqiang Cai,[HONOR][HUAQIN][HalleyM][AMD Cezanne-H][Intel AX200][2030][21H1][WIFI] WiFi repeatedly disconnected,2021-08-19 19:01:00,NA
639050,"HUAQIN TECHNOLOGY CO., LTD",NA,"Huaqin Technology Co., Ltd",Zhiqiang Cai,"[HONOR][HUAQIN][HalleyM][AMD Cezanne-H][Intel AX200][2030][21H1][WIFI]After power on, WiFi shows connected, but you can't surf the Internet for about 5 seconds. This will not happen after the restart.",2021-08-19 07:17:00,NA
639050,"HUAQIN TECHNOLOGY CO., LTD",NA,"Huaqin Technology Co., Ltd",Zhiqiang Cai,"[HONOR][HUAQIN][HalleyM][AMD Cezanne-H][Intel AX200][2030][21H1][WIFI]After power on, WiFi shows connected, but you can't surf the Internet for about 5 seconds. This will not happen after the restart.",2021-08-19 07:17:00,NA
639050,"HUAQIN TECHNOLOGY CO., LTD",NA,"Huaqin Technology Co., Ltd",Zhiqiang Cai,"[HONOR][HUAQIN][HalleyM][AMD Cezanne-H][Intel AX200][2030][21H1][WIFI]After power on, WiFi shows connected, but you can't surf the Internet for about 5 seconds. This will not happen after the restart.",2021-08-19 07:17:00,NA
639042,"HUAQIN TECHNOLOGY CO., LTD",NA,"Huaqin Technology Co., Ltd",Zhiqiang Cai,"[HONOR][HUAQIN][HalleyM][AMD Cezanne-H][Intel AX200][2030][21H1][WIFI]After the computer box is covered, QQ repeats the reminder on the computer",2021-08-19 06:31:00,NA
639042,"HUAQIN TECHNOLOGY CO., LTD",NA,"Huaqin Technology Co., Ltd",Zhiqiang Cai,"[HONOR][HUAQIN][HalleyM][AMD Cezanne-H][Intel AX200][2030][21H1][WIFI]After the computer box is covered, QQ repeats the reminder on the computer",2021-08-19 06:31:00,NA
639042,"HUAQIN TECHNOLOGY CO., LTD",NA,"Huaqin Technology Co., Ltd",Zhiqiang Cai,"[HONOR][HUAQIN][HalleyM][AMD Cezanne-H][Intel AX200][2030][21H1][WIFI]After the computer box is covered, QQ repeats the reminder on the computer",2021-08-19 06:31:00,NA
638972,"COMPAL ELECTRONICS, INC.",NA,"COMPAL ELECTRONICS, INC.",Franky Yang,[Dell/Compal]22.70 DRTU didn't work with AX201 sample,2021-08-19 02:52:00,NA
638972,"COMPAL ELECTRONICS, INC.",NA,"COMPAL ELECTRONICS, INC.",Franky Yang,[Dell/Compal]22.70 DRTU didn't work with AX201 sample,2021-08-19 02:52:00,NA
638972,"COMPAL ELECTRONICS, INC.",NA,"COMPAL ELECTRONICS, INC.",Franky Yang,[Dell/Compal]22.70 DRTU didn't work with AX201 sample,2021-08-19 02:52:00,NA
638725,"HUAQIN TECHNOLOGY CO., LTD",NA,"Huaqin Technology Co., Ltd",Brandon Yang,"[HONOR][HUAQIN][HalleyM][AMD Cezanne-H][Intel AX200][2030][21H1][BT]After connecting the Honor AM61 Bluetooth headset, the F7 key fails, the onboard and headset cannot record, and the recording device displays non mute",2021-08-18 08:35:00,NA
638725,"HUAQIN TECHNOLOGY CO., LTD",NA,"Huaqin Technology Co., Ltd",Brandon Yang,"[HONOR][HUAQIN][HalleyM][AMD Cezanne-H][Intel AX200][2030][21H1][BT]After connecting the Honor AM61 Bluetooth headset, the F7 key fails, the onboard and headset cannot record, and the recording device displays non mute",2021-08-18 08:35:00,NA
638725,"HUAQIN TECHNOLOGY CO., LTD",NA,"Huaqin Technology Co., Ltd",Brandon Yang,"[HONOR][HUAQIN][HalleyM][AMD Cezanne-H][Intel AX200][2030][21H1][BT]After connecting the Honor AM61 Bluetooth headset, the F7 key fails, the onboard and headset cannot record, and the recording device displays non mute",2021-08-18 08:35:00,NA
638722,QUANTA COMPUTER INC.,NA,QUANTA COMPUTER INC.,Brandon Yang,[Huawei][Quanta][NobelM][AMD Lucienne][AX200][BT][805088786] There is no ring tone from BT headphone and BT status shows gray image.,2021-08-18 08:22:00,NA
638722,QUANTA COMPUTER INC.,NA,QUANTA COMPUTER INC.,Brandon Yang,[Huawei][Quanta][NobelM][AMD Lucienne][AX200][BT][805088786] There is no ring tone from BT headphone and BT status shows gray image.,2021-08-18 08:22:00,NA
638722,QUANTA COMPUTER INC.,NA,QUANTA COMPUTER INC.,Brandon Yang,[Huawei][Quanta][NobelM][AMD Lucienne][AX200][BT][805088786] There is no ring tone from BT headphone and BT status shows gray image.,2021-08-18 08:22:00,NA
638619,"SHENZHEN BITLAND INFORMATION TECHNOLOGYCO., LTD.",NA,"SHENZHEN BITLAND INFORMATION TECHNOLOGYCO., LTD.",Charles P Chu,[Huawei/Bitland][CML-S][Pangu] Wireless display randomly fail through Glory Box Pro (hitv-m1) (Fail Rate:80%),2021-08-18 02:10:00,NA
638619,"SHENZHEN BITLAND INFORMATION TECHNOLOGYCO., LTD.",NA,"SHENZHEN BITLAND INFORMATION TECHNOLOGYCO., LTD.",Charles P Chu,[Huawei/Bitland][CML-S][Pangu] Wireless display randomly fail through Glory Box Pro (hitv-m1) (Fail Rate:80%),2021-08-18 02:10:00,NA
638619,"SHENZHEN BITLAND INFORMATION TECHNOLOGYCO., LTD.",NA,"SHENZHEN BITLAND INFORMATION TECHNOLOGYCO., LTD.",Charles P Chu,[Huawei/Bitland][CML-S][Pangu] Wireless display randomly fail through Glory Box Pro (hitv-m1) (Fail Rate:80%),2021-08-18 02:10:00,NA
638614,"SHANGHAI WINGTECH ELECTRONICS TECHNOLOGYCO., LTD.",NA,"SHANGHAI WINGTECH ELECTRONICS TECHNOLOGYCO., LTD.",Brandon Yang,"[Huawei][Wingtech][Dirac][Intel Tiger Lake UP4][AX201][21H2] [BT]""Bluetooth -4LeSpecification test fail""(Failed to disable stack) on HLK",2021-08-18 02:04:00,NA
638614,"SHANGHAI WINGTECH ELECTRONICS TECHNOLOGYCO., LTD.",NA,"SHANGHAI WINGTECH ELECTRONICS TECHNOLOGYCO., LTD.",Brandon Yang,"[Huawei][Wingtech][Dirac][Intel Tiger Lake UP4][AX201][21H2] [BT]""Bluetooth -4LeSpecification test fail""(Failed to disable stack) on HLK",2021-08-18 02:04:00,NA
638614,"SHANGHAI WINGTECH ELECTRONICS TECHNOLOGYCO., LTD.",NA,"SHANGHAI WINGTECH ELECTRONICS TECHNOLOGYCO., LTD.",Brandon Yang,"[Huawei][Wingtech][Dirac][Intel Tiger Lake UP4][AX201][21H2] [BT]""Bluetooth -4LeSpecification test fail""(Failed to disable stack) on HLK",2021-08-18 02:04:00,NA
638336,"HUAQIN TECHNOLOGY CO., LTD",NA,"Huaqin Technology Co., Ltd",Brandon Yang,"[HONOR][HUAQIN][HiggsE][Intel TGL][Intel AX201][21H2][BT]When we do HLK test,Bluetooth - SimultaneousBrEdrAndLeTraffic (Development and Integration) fail",2021-08-17 08:56:00,NA
638336,"HUAQIN TECHNOLOGY CO., LTD",NA,"Huaqin Technology Co., Ltd",Brandon Yang,"[HONOR][HUAQIN][HiggsE][Intel TGL][Intel AX201][21H2][BT]When we do HLK test,Bluetooth - SimultaneousBrEdrAndLeTraffic (Development and Integration) fail",2021-08-17 08:56:00,NA
638336,"HUAQIN TECHNOLOGY CO., LTD",NA,"Huaqin Technology Co., Ltd",Brandon Yang,"[HONOR][HUAQIN][HiggsE][Intel TGL][Intel AX201][21H2][BT]When we do HLK test,Bluetooth - SimultaneousBrEdrAndLeTraffic (Development and Integration) fail",2021-08-17 08:56:00,NA
638333,"HUAQIN TECHNOLOGY CO., LTD",NA,"Huaqin Technology Co., Ltd",Brandon Yang,"[HONOR][HUAQIN][HiggsE][Intel TGL][Intel AX201][21H2][BT]When we do HLK test,L2CAP Performance (Reliability) fail",2021-08-17 08:48:00,NA
638333,"HUAQIN TECHNOLOGY CO., LTD",NA,"Huaqin Technology Co., Ltd",Brandon Yang,"[HONOR][HUAQIN][HiggsE][Intel TGL][Intel AX201][21H2][BT]When we do HLK test,L2CAP Performance (Reliability) fail",2021-08-17 08:48:00,NA
638333,"HUAQIN TECHNOLOGY CO., LTD",NA,"Huaqin Technology Co., Ltd",Brandon Yang,"[HONOR][HUAQIN][HiggsE][Intel TGL][Intel AX201][21H2][BT]When we do HLK test,L2CAP Performance (Reliability) fail",2021-08-17 08:48:00,NA
638331,"HUAQIN TECHNOLOGY CO., LTD",NA,"Huaqin Technology Co., Ltd",Brandon Yang,"[HONOR][HUAQIN][HiggsE][Intel TGL][Intel AX201][21H2][BT]When we do HLK test,Bluetooth - HciExtensions (Development and Integration) fail",2021-08-17 08:36:00,NA
638331,"HUAQIN TECHNOLOGY CO., LTD",NA,"Huaqin Technology Co., Ltd",Brandon Yang,"[HONOR][HUAQIN][HiggsE][Intel TGL][Intel AX201][21H2][BT]When we do HLK test,Bluetooth - HciExtensions (Development and Integration) fail",2021-08-17 08:36:00,NA
638331,"HUAQIN TECHNOLOGY CO., LTD",NA,"Huaqin Technology Co., Ltd",Brandon Yang,"[HONOR][HUAQIN][HiggsE][Intel TGL][Intel AX201][21H2][BT]When we do HLK test,Bluetooth - HciExtensions (Development and Integration) fail",2021-08-17 08:36:00,NA
638326,"HUAQIN TECHNOLOGY CO., LTD",NA,"Huaqin Technology Co., Ltd",Brandon Yang,"[HONOR][HUAQIN][HiggsE][Intel TGL][Intel AX201][21H2][BT]When we do HLK test, Bluetooth - 4LeSpecification (Development and Integration)  fail",2021-08-17 08:22:00,NA
638326,"HUAQIN TECHNOLOGY CO., LTD",NA,"Huaqin Technology Co., Ltd",Brandon Yang,"[HONOR][HUAQIN][HiggsE][Intel TGL][Intel AX201][21H2][BT]When we do HLK test, Bluetooth - 4LeSpecification (Development and Integration)  fail",2021-08-17 08:22:00,NA
638326,"HUAQIN TECHNOLOGY CO., LTD",NA,"Huaqin Technology Co., Ltd",Brandon Yang,"[HONOR][HUAQIN][HiggsE][Intel TGL][Intel AX201][21H2][BT]When we do HLK test, Bluetooth - 4LeSpecification (Development and Integration)  fail",2021-08-17 08:22:00,NA
638017,"COMPAL ELECTRONICS, INC.",NA,"COMPAL ELECTRONICS, INC.",Zhiqiang Cai,[Lenovo AIO][RF][Tianjiao AIO-16ITL K12 (GOA30)][ITL i5-1155G7][Intel AX201NGW #MM:999TD0][Windows 11 21H2][100%] The time delay more than 50ms,2021-08-16 20:28:00,NA
638017,"COMPAL ELECTRONICS, INC.",NA,"COMPAL ELECTRONICS, INC.",Zhiqiang Cai,[Lenovo AIO][RF][Tianjiao AIO-16ITL K12 (GOA30)][ITL i5-1155G7][Intel AX201NGW #MM:999TD0][Windows 11 21H2][100%] The time delay more than 50ms,2021-08-16 20:28:00,NA
638017,"COMPAL ELECTRONICS, INC.",NA,"COMPAL ELECTRONICS, INC.",Zhiqiang Cai,[Lenovo AIO][RF][Tianjiao AIO-16ITL K12 (GOA30)][ITL i5-1155G7][Intel AX201NGW #MM:999TD0][Windows 11 21H2][100%] The time delay more than 50ms,2021-08-16 20:28:00,NA
637529,"SHENZHEN BITLAND INFORMATION TECHNOLOGYCO., LTD.",NA,"SHENZHEN BITLAND INFORMATION TECHNOLOGYCO., LTD.",Zhiqiang Cai,[Unis][bitland][TianJian-Lake][I5-11400][Intel®  Wireless-AC 9462][ Intel®  Wi-Fi 6 AX201 160MHz][20H2][100% F/R 7/7]External Intel network card blue screen,2021-08-13 04:45:00,NA
637529,"SHENZHEN BITLAND INFORMATION TECHNOLOGYCO., LTD.",NA,"SHENZHEN BITLAND INFORMATION TECHNOLOGYCO., LTD.",Zhiqiang Cai,[Unis][bitland][TianJian-Lake][I5-11400][Intel®  Wireless-AC 9462][ Intel®  Wi-Fi 6 AX201 160MHz][20H2][100% F/R 7/7]External Intel network card blue screen,2021-08-13 04:45:00,NA
637529,"SHENZHEN BITLAND INFORMATION TECHNOLOGYCO., LTD.",NA,"SHENZHEN BITLAND INFORMATION TECHNOLOGYCO., LTD.",Zhiqiang Cai,[Unis][bitland][TianJian-Lake][I5-11400][Intel®  Wireless-AC 9462][ Intel®  Wi-Fi 6 AX201 160MHz][20H2][100% F/R 7/7]External Intel network card blue screen,2021-08-13 04:45:00,NA
637373,"HUAQIN TECHNOLOGY CO., LTD",NA,"Huaqin Technology Co., Ltd",KJ Fang,"[Huaqin][Samsung][Titan-U BBY][Win11]The monitor show garbage when playing video with Miracast.(FR:4 out of 4 units, 8 out of 8 times)",2021-08-12 22:34:00,NA
637373,"HUAQIN TECHNOLOGY CO., LTD",NA,"Huaqin Technology Co., Ltd",KJ Fang,"[Huaqin][Samsung][Titan-U BBY][Win11]The monitor show garbage when playing video with Miracast.(FR:4 out of 4 units, 8 out of 8 times)",2021-08-12 22:34:00,NA
637373,"HUAQIN TECHNOLOGY CO., LTD",NA,"Huaqin Technology Co., Ltd",KJ Fang,"[Huaqin][Samsung][Titan-U BBY][Win11]The monitor show garbage when playing video with Miracast.(FR:4 out of 4 units, 8 out of 8 times)",2021-08-12 22:34:00,NA
637187,"COMPAL ELECTRONICS, INC.",NA,"COMPAL ELECTRONICS, INC.",Leo Chiang,[Dell][MLK-ADL]Run ibterverify tool failed,2021-08-12 04:18:00,NA
637187,"COMPAL ELECTRONICS, INC.",NA,"COMPAL ELECTRONICS, INC.",Leo Chiang,[Dell][MLK-ADL]Run ibterverify tool failed,2021-08-12 04:18:00,NA
637187,"COMPAL ELECTRONICS, INC.",NA,"COMPAL ELECTRONICS, INC.",Leo Chiang,[Dell][MLK-ADL]Run ibterverify tool failed,2021-08-12 04:18:00,NA
637144,PEGATRON CORPORATION,NA,Pegatron Corporation,Franky Yang,[DELL Corp. AIO/CY22-Pompeii&Nazca/Pegatron/ADL-S+Q670] AX201NGW & AX211NGW DRTU setup occur error message,2021-08-12 02:09:00,NA
637144,PEGATRON CORPORATION,NA,Pegatron Corporation,Franky Yang,[DELL Corp. AIO/CY22-Pompeii&Nazca/Pegatron/ADL-S+Q670] AX201NGW & AX211NGW DRTU setup occur error message,2021-08-12 02:09:00,NA
637144,PEGATRON CORPORATION,NA,Pegatron Corporation,Franky Yang,[DELL Corp. AIO/CY22-Pompeii&Nazca/Pegatron/ADL-S+Q670] AX201NGW & AX211NGW DRTU setup occur error message,2021-08-12 02:09:00,NA
636790,ELITEGROUP COMPUTER SYSTEMS CO. LTD,NA,ELITEGROUP COMPUTER SYSTEMS CO. LTD,Wesley Kuo,[Lenovo_DT][ECS][ADL-S][CSLP][Legion T7][WW33-34WS] [AX201/AX211][HLK] Bluetooth - Initiate platform-level device reset (Fail),2021-08-11 03:16:00,NA
636790,ELITEGROUP COMPUTER SYSTEMS CO. LTD,NA,ELITEGROUP COMPUTER SYSTEMS CO. LTD,Wesley Kuo,[Lenovo_DT][ECS][ADL-S][CSLP][Legion T7][WW33-34WS] [AX201/AX211][HLK] Bluetooth - Initiate platform-level device reset (Fail),2021-08-11 03:16:00,NA
636790,ELITEGROUP COMPUTER SYSTEMS CO. LTD,NA,ELITEGROUP COMPUTER SYSTEMS CO. LTD,Wesley Kuo,[Lenovo_DT][ECS][ADL-S][CSLP][Legion T7][WW33-34WS] [AX201/AX211][HLK] Bluetooth - Initiate platform-level device reset (Fail),2021-08-11 03:16:00,NA
636706,"HUAQIN TECHNOLOGY CO., LTD",NA,"Huaqin Technology Co., Ltd",Brandon Yang,[HUAWEI][HUAQIN][Morgan][Intel TGL][Intel AX201] [21H2] No sound output when play it again after pausing,2021-08-11 00:50:00,NA
636706,"HUAQIN TECHNOLOGY CO., LTD",NA,"Huaqin Technology Co., Ltd",Brandon Yang,[HUAWEI][HUAQIN][Morgan][Intel TGL][Intel AX201] [21H2] No sound output when play it again after pausing,2021-08-11 00:50:00,NA
636706,"HUAQIN TECHNOLOGY CO., LTD",NA,"Huaqin Technology Co., Ltd",Brandon Yang,[HUAWEI][HUAQIN][Morgan][Intel TGL][Intel AX201] [21H2] No sound output when play it again after pausing,2021-08-11 00:50:00,NA
636569,QUANTA COMPUTER INC.,NA,QUANTA COMPUTER INC.,Charles P Chu,"[Huawei][Quanta][H98VH99V][BohrENobelE_Intel][AX201][20H2][WIFI][BUG-20210810-33692] DUT miracast to TV , playback online Video such like youku, iqiyi. tencent, Bilibili .barrage Jitter",2021-08-10 19:19:00,NA
636569,QUANTA COMPUTER INC.,NA,QUANTA COMPUTER INC.,Charles P Chu,"[Huawei][Quanta][H98VH99V][BohrENobelE_Intel][AX201][20H2][WIFI][BUG-20210810-33692] DUT miracast to TV , playback online Video such like youku, iqiyi. tencent, Bilibili .barrage Jitter",2021-08-10 19:19:00,NA
636569,QUANTA COMPUTER INC.,NA,QUANTA COMPUTER INC.,Charles P Chu,"[Huawei][Quanta][H98VH99V][BohrENobelE_Intel][AX201][20H2][WIFI][BUG-20210810-33692] DUT miracast to TV , playback online Video such like youku, iqiyi. tencent, Bilibili .barrage Jitter",2021-08-10 19:19:00,NA
636294,"SHANGHAI WINGTECH ELECTRONICS TECHNOLOGYCO., LTD.",NA,"SHANGHAI WINGTECH ELECTRONICS TECHNOLOGYCO., LTD.",Brandon Yang,[Huawei][Wingtech][Dirac][Intel Tiger Lake UP4][AX201][21H1] [BT]Long-time hang testing?with a BSOD appearing? DPC_WATCHDOG_VIOLATION (133)?,2021-08-09 22:22:00,NA
636294,"SHANGHAI WINGTECH ELECTRONICS TECHNOLOGYCO., LTD.",NA,"SHANGHAI WINGTECH ELECTRONICS TECHNOLOGYCO., LTD.",Brandon Yang,[Huawei][Wingtech][Dirac][Intel Tiger Lake UP4][AX201][21H1] [BT]Long-time hang testing?with a BSOD appearing? DPC_WATCHDOG_VIOLATION (133)?,2021-08-09 22:22:00,NA
636294,"SHANGHAI WINGTECH ELECTRONICS TECHNOLOGYCO., LTD.",NA,"SHANGHAI WINGTECH ELECTRONICS TECHNOLOGYCO., LTD.",Brandon Yang,[Huawei][Wingtech][Dirac][Intel Tiger Lake UP4][AX201][21H1] [BT]Long-time hang testing?with a BSOD appearing? DPC_WATCHDOG_VIOLATION (133)?,2021-08-09 22:22:00,NA
636273,PEGATRON CORPORATION,NA,Pegatron Corporation,Leo Chiang,[Dell][CY22 AIO][ADL-S]Intel BT - The PLDR test failed.,2021-08-09 20:23:00,NA
636273,PEGATRON CORPORATION,NA,Pegatron Corporation,Leo Chiang,[Dell][CY22 AIO][ADL-S]Intel BT - The PLDR test failed.,2021-08-09 20:23:00,NA
636273,PEGATRON CORPORATION,NA,Pegatron Corporation,Leo Chiang,[Dell][CY22 AIO][ADL-S]Intel BT - The PLDR test failed.,2021-08-09 20:23:00,NA
636010,QUANTA COMPUTER INC.,NA,QUANTA COMPUTER INC.,Brandon Yang,[Huawei][Quanta][H98VH99V][BohrENobelE_Intel][AX201][20H2][BT][805070292] BohrE can't connect to Huawei tablet via Bluetooth,2021-08-08 23:43:00,NA
636010,QUANTA COMPUTER INC.,NA,QUANTA COMPUTER INC.,Brandon Yang,[Huawei][Quanta][H98VH99V][BohrENobelE_Intel][AX201][20H2][BT][805070292] BohrE can't connect to Huawei tablet via Bluetooth,2021-08-08 23:43:00,NA
636010,QUANTA COMPUTER INC.,NA,QUANTA COMPUTER INC.,Brandon Yang,[Huawei][Quanta][H98VH99V][BohrENobelE_Intel][AX201][20H2][BT][805070292] BohrE can't connect to Huawei tablet via Bluetooth,2021-08-08 23:43:00,NA
636003,MSI,"MICRO-STAR INTERNATIONAL CO., LTD.","MICRO-STAR INTERNATIONAL CO., LTD.",Brandon Yang,[MSI][NB][MS-1571][TGL-H] Color Calibration Software not functional after updating Intel Graphics Driver,2021-08-08 23:30:00,NA
635893,"HUAQIN TECHNOLOGY CO., LTD",NA,"Huaqin Technology Co., Ltd",Brandon Yang,"[HUAWEI][Huaqin][Intel AX201][TGL][21H1] BSOD 0x13A occurs when idle 12 hours,the Dump analysis pointing to USB Bluetooth device F/R:(1/50Cycles)",2021-08-08 05:35:00,NA
635893,"HUAQIN TECHNOLOGY CO., LTD",NA,"Huaqin Technology Co., Ltd",Brandon Yang,"[HUAWEI][Huaqin][Intel AX201][TGL][21H1] BSOD 0x13A occurs when idle 12 hours,the Dump analysis pointing to USB Bluetooth device F/R:(1/50Cycles)",2021-08-08 05:35:00,NA
635893,"HUAQIN TECHNOLOGY CO., LTD",NA,"Huaqin Technology Co., Ltd",Brandon Yang,"[HUAWEI][Huaqin][Intel AX201][TGL][21H1] BSOD 0x13A occurs when idle 12 hours,the Dump analysis pointing to USB Bluetooth device F/R:(1/50Cycles)",2021-08-08 05:35:00,NA
635805,"HUAQIN TECHNOLOGY CO., LTD",NA,"Huaqin Technology Co., Ltd",Brandon Yang,"[HONOR][HUAQIN][HalleyM][AMD Cezanne-H][Intel AX200][2030][21H1][BT]Connect two Bluetooth headsets and play music with nahimic. When nahimic is turned on and off, the Bluetooth headset has no sound",2021-08-06 06:07:00,NA
635805,"HUAQIN TECHNOLOGY CO., LTD",NA,"Huaqin Technology Co., Ltd",Brandon Yang,"[HONOR][HUAQIN][HalleyM][AMD Cezanne-H][Intel AX200][2030][21H1][BT]Connect two Bluetooth headsets and play music with nahimic. When nahimic is turned on and off, the Bluetooth headset has no sound",2021-08-06 06:07:00,NA
635805,"HUAQIN TECHNOLOGY CO., LTD",NA,"Huaqin Technology Co., Ltd",Brandon Yang,"[HONOR][HUAQIN][HalleyM][AMD Cezanne-H][Intel AX200][2030][21H1][BT]Connect two Bluetooth headsets and play music with nahimic. When nahimic is turned on and off, the Bluetooth headset has no sound",2021-08-06 06:07:00,NA
635800,"HUAQIN TECHNOLOGY CO., LTD",NA,"Huaqin Technology Co., Ltd",Brandon Yang,[HONOR][HUAQIN][HalleyM][AMD Cezanne-H][Intel AX200][2030][21H1][BT]Connect two Bluetooth headsets and share music with nahimic. The sound is not synchronized,2021-08-06 05:27:00,NA
635800,"HUAQIN TECHNOLOGY CO., LTD",NA,"Huaqin Technology Co., Ltd",Brandon Yang,[HONOR][HUAQIN][HalleyM][AMD Cezanne-H][Intel AX200][2030][21H1][BT]Connect two Bluetooth headsets and share music with nahimic. The sound is not synchronized,2021-08-06 05:27:00,NA
635800,"HUAQIN TECHNOLOGY CO., LTD",NA,"Huaqin Technology Co., Ltd",Brandon Yang,[HONOR][HUAQIN][HalleyM][AMD Cezanne-H][Intel AX200][2030][21H1][BT]Connect two Bluetooth headsets and share music with nahimic. The sound is not synchronized,2021-08-06 05:27:00,NA
635766,"HUAQIN TECHNOLOGY CO., LTD",NA,"Huaqin Technology Co., Ltd",Wesley Kuo,"[Huaqin][Samsung][BBY][win11]Bluetooth mouse appear delay 1S after idle about 10 min.(FR: 4 out of 4 units, 12 out of 12 times)",2021-08-06 03:01:00,NA
635766,"HUAQIN TECHNOLOGY CO., LTD",NA,"Huaqin Technology Co., Ltd",Wesley Kuo,"[Huaqin][Samsung][BBY][win11]Bluetooth mouse appear delay 1S after idle about 10 min.(FR: 4 out of 4 units, 12 out of 12 times)",2021-08-06 03:01:00,NA
635766,"HUAQIN TECHNOLOGY CO., LTD",NA,"Huaqin Technology Co., Ltd",Wesley Kuo,"[Huaqin][Samsung][BBY][win11]Bluetooth mouse appear delay 1S after idle about 10 min.(FR: 4 out of 4 units, 12 out of 12 times)",2021-08-06 03:01:00,NA
635450,QUANTA COMPUTER INC.,NA,QUANTA COMPUTER INC.,Charles P Chu,"[Huawei][Quanta][H98VH99V][BohrENobelE_Intel][AX201][20H2][WIFI][BUG-20210802-32940] Power on system to boot to OS , find network can't work , can't search WIFI , after 3 mins , just can connect to internet",2021-08-05 01:51:00,NA
635450,QUANTA COMPUTER INC.,NA,QUANTA COMPUTER INC.,Charles P Chu,"[Huawei][Quanta][H98VH99V][BohrENobelE_Intel][AX201][20H2][WIFI][BUG-20210802-32940] Power on system to boot to OS , find network can't work , can't search WIFI , after 3 mins , just can connect to internet",2021-08-05 01:51:00,NA
635450,QUANTA COMPUTER INC.,NA,QUANTA COMPUTER INC.,Charles P Chu,"[Huawei][Quanta][H98VH99V][BohrENobelE_Intel][AX201][20H2][WIFI][BUG-20210802-32940] Power on system to boot to OS , find network can't work , can't search WIFI , after 3 mins , just can connect to internet",2021-08-05 01:51:00,NA
635434,"SHENZHEN BITLAND INFORMATION TECHNOLOGYCO., LTD.",NA,"SHENZHEN BITLAND INFORMATION TECHNOLOGYCO., LTD.",Brandon Yang,[Huawei/Bitland][CML-S][Pangu] Bluetooth HLK test fail,2021-08-05 01:08:00,NA
635434,"SHENZHEN BITLAND INFORMATION TECHNOLOGYCO., LTD.",NA,"SHENZHEN BITLAND INFORMATION TECHNOLOGYCO., LTD.",Brandon Yang,[Huawei/Bitland][CML-S][Pangu] Bluetooth HLK test fail,2021-08-05 01:08:00,NA
635434,"SHENZHEN BITLAND INFORMATION TECHNOLOGYCO., LTD.",NA,"SHENZHEN BITLAND INFORMATION TECHNOLOGYCO., LTD.",Brandon Yang,[Huawei/Bitland][CML-S][Pangu] Bluetooth HLK test fail,2021-08-05 01:08:00,NA
635405,WISTRON CORPORATION,NA,WISTRON CORPORATION,Brandon Yang,[Lenovo-ThinkPad][Wistron][ThinkPad X1 Titanium Gen 1 ][TGL][AX201][21H2][100%]Hotrod:W11:21H2:HLK:Bluetooth - HciExtensions (Development and Integration) fail to received the wrong number of advertisements.,2021-08-05 00:05:00,NA
635405,WISTRON CORPORATION,NA,WISTRON CORPORATION,Brandon Yang,[Lenovo-ThinkPad][Wistron][ThinkPad X1 Titanium Gen 1 ][TGL][AX201][21H2][100%]Hotrod:W11:21H2:HLK:Bluetooth - HciExtensions (Development and Integration) fail to received the wrong number of advertisements.,2021-08-05 00:05:00,NA
635405,WISTRON CORPORATION,NA,WISTRON CORPORATION,Brandon Yang,[Lenovo-ThinkPad][Wistron][ThinkPad X1 Titanium Gen 1 ][TGL][AX201][21H2][100%]Hotrod:W11:21H2:HLK:Bluetooth - HciExtensions (Development and Integration) fail to received the wrong number of advertisements.,2021-08-05 00:05:00,NA
635334,"HUAQIN TECHNOLOGY CO., LTD",NA,"Huaqin Technology Co., Ltd",Zhiwei He,[HUAWEI][HUAQIN][Morgan][Intel TGL][Intel AX201][21H1] System cannot auto connect to AP wait for more than 20s.,2021-08-04 20:16:00,NA
635334,"HUAQIN TECHNOLOGY CO., LTD",NA,"Huaqin Technology Co., Ltd",Zhiwei He,[HUAWEI][HUAQIN][Morgan][Intel TGL][Intel AX201][21H1] System cannot auto connect to AP wait for more than 20s.,2021-08-04 20:16:00,NA
635334,"HUAQIN TECHNOLOGY CO., LTD",NA,"Huaqin Technology Co., Ltd",Zhiwei He,[HUAWEI][HUAQIN][Morgan][Intel TGL][Intel AX201][21H1] System cannot auto connect to AP wait for more than 20s.,2021-08-04 20:16:00,NA
635281,FAYTECH AG,NA,Faytech AG,Brenton Wu,Needs DRTU software of AC3168NGW,2021-08-04 18:27:00,NA
635281,FAYTECH AG,NA,Faytech AG,Brenton Wu,Needs DRTU software of AC3168NGW,2021-08-04 18:27:00,NA
635281,FAYTECH AG,NA,Faytech AG,Brenton Wu,Needs DRTU software of AC3168NGW,2021-08-04 18:27:00,NA
634631,"COMPAL ELECTRONICS, INC.",NA,"COMPAL ELECTRONICS, INC.",Franky Yang,[Dell/Compal][ADLP][SouthPeak MLK][CSLP] AX211 WLAN show YB during stress test,2021-08-03 00:06:00,NA
634631,"COMPAL ELECTRONICS, INC.",NA,"COMPAL ELECTRONICS, INC.",Franky Yang,[Dell/Compal][ADLP][SouthPeak MLK][CSLP] AX211 WLAN show YB during stress test,2021-08-03 00:06:00,NA
634631,"COMPAL ELECTRONICS, INC.",NA,"COMPAL ELECTRONICS, INC.",Franky Yang,[Dell/Compal][ADLP][SouthPeak MLK][CSLP] AX211 WLAN show YB during stress test,2021-08-03 00:06:00,NA
634598,ELITEGROUP COMPUTER SYSTEMS CO. LTD,NA,ELITEGROUP COMPUTER SYSTEMS CO. LTD,Wesley Kuo,[Lenovo_DT][ECS][ADL-S][CSLP][Legion T7][WW33-34WS] [AX201/AX211] A question mark will be displayed of Device Manager,2021-08-02 22:55:00,NA
634598,ELITEGROUP COMPUTER SYSTEMS CO. LTD,NA,ELITEGROUP COMPUTER SYSTEMS CO. LTD,Wesley Kuo,[Lenovo_DT][ECS][ADL-S][CSLP][Legion T7][WW33-34WS] [AX201/AX211] A question mark will be displayed of Device Manager,2021-08-02 22:55:00,NA
634598,ELITEGROUP COMPUTER SYSTEMS CO. LTD,NA,ELITEGROUP COMPUTER SYSTEMS CO. LTD,Wesley Kuo,[Lenovo_DT][ECS][ADL-S][CSLP][Legion T7][WW33-34WS] [AX201/AX211] A question mark will be displayed of Device Manager,2021-08-02 22:55:00,NA
634592,"SHENZHEN EMDOOR ELECTRONIC TECHNOLOGY CO., LTD.",NA,"SHENZHEN EMDOOR ELECTRONIC TECHNOLOGY CO., LTD.",Steven ZY Chen,Customer want to customize Bluetooth manufacture name and LMP Subversion,2021-08-02 22:45:00,NA
634592,"SHENZHEN EMDOOR ELECTRONIC TECHNOLOGY CO., LTD.",NA,"SHENZHEN EMDOOR ELECTRONIC TECHNOLOGY CO., LTD.",Steven ZY Chen,Customer want to customize Bluetooth manufacture name and LMP Subversion,2021-08-02 22:45:00,NA
634592,"SHENZHEN EMDOOR ELECTRONIC TECHNOLOGY CO., LTD.",NA,"SHENZHEN EMDOOR ELECTRONIC TECHNOLOGY CO., LTD.",Steven ZY Chen,Customer want to customize Bluetooth manufacture name and LMP Subversion,2021-08-02 22:45:00,NA
634360,QUANTA COMPUTER INC.,NA,QUANTA COMPUTER INC.,Brandon Yang,[Huawei][Quanta][H9H][HookeD][TGL][AX201][20H2][BUG-20210802-32962] ?HookeD-W5651T 1.211.0.18?C001?+BIOS 0.93??Quanta????HLK??L1?Bluetooth - UsbScoDataTransportLayer (Development and Integration) fail(??+??+?????),2021-08-02 01:39:00,NA
634360,QUANTA COMPUTER INC.,NA,QUANTA COMPUTER INC.,Brandon Yang,[Huawei][Quanta][H9H][HookeD][TGL][AX201][20H2][BUG-20210802-32962] ?HookeD-W5651T 1.211.0.18?C001?+BIOS 0.93??Quanta????HLK??L1?Bluetooth - UsbScoDataTransportLayer (Development and Integration) fail(??+??+?????),2021-08-02 01:39:00,NA
634360,QUANTA COMPUTER INC.,NA,QUANTA COMPUTER INC.,Brandon Yang,[Huawei][Quanta][H9H][HookeD][TGL][AX201][20H2][BUG-20210802-32962] ?HookeD-W5651T 1.211.0.18?C001?+BIOS 0.93??Quanta????HLK??L1?Bluetooth - UsbScoDataTransportLayer (Development and Integration) fail(??+??+?????),2021-08-02 01:39:00,NA
634185,QUANTA COMPUTER INC.,NA,QUANTA COMPUTER INC.,Charles P Chu,[Huawei][Quanta][EulerD][TGL-UP4][AX201][20H2][WLAN][805052257] Connect wifi hotpot fail.,2021-07-31 10:03:00,NA
634185,QUANTA COMPUTER INC.,NA,QUANTA COMPUTER INC.,Charles P Chu,[Huawei][Quanta][EulerD][TGL-UP4][AX201][20H2][WLAN][805052257] Connect wifi hotpot fail.,2021-07-31 10:03:00,NA
634185,QUANTA COMPUTER INC.,NA,QUANTA COMPUTER INC.,Charles P Chu,[Huawei][Quanta][EulerD][TGL-UP4][AX201][20H2][WLAN][805052257] Connect wifi hotpot fail.,2021-07-31 10:03:00,NA
634115,"HUAQIN TECHNOLOGY CO., LTD",NA,"Huaqin Technology Co., Ltd",Brandon Yang,"[HUAWEI][Huaqin][Intel AX201][TGL][21H1] BSOD 0x9f occurs when idle 12 hours,the Dump analysis pointing to USB Bluetooth device F/R:(1/20Cycles)",2021-07-30 06:19:00,NA
634115,"HUAQIN TECHNOLOGY CO., LTD",NA,"Huaqin Technology Co., Ltd",Brandon Yang,"[HUAWEI][Huaqin][Intel AX201][TGL][21H1] BSOD 0x9f occurs when idle 12 hours,the Dump analysis pointing to USB Bluetooth device F/R:(1/20Cycles)",2021-07-30 06:19:00,NA
634115,"HUAQIN TECHNOLOGY CO., LTD",NA,"Huaqin Technology Co., Ltd",Brandon Yang,"[HUAWEI][Huaqin][Intel AX201][TGL][21H1] BSOD 0x9f occurs when idle 12 hours,the Dump analysis pointing to USB Bluetooth device F/R:(1/20Cycles)",2021-07-30 06:19:00,NA
633995,"COMPAL ELECTRONICS, INC.",NA,"COMPAL ELECTRONICS, INC.",Charles Yeh,ASUS-NB UNII-8 ch power issue,2021-07-30 00:17:00,NA
633995,"COMPAL ELECTRONICS, INC.",NA,"COMPAL ELECTRONICS, INC.",Charles Yeh,ASUS-NB UNII-8 ch power issue,2021-07-30 00:17:00,NA
633995,"COMPAL ELECTRONICS, INC.",NA,"COMPAL ELECTRONICS, INC.",Charles Yeh,ASUS-NB UNII-8 ch power issue,2021-07-30 00:17:00,NA
633865,WISTRON CORPORATION,NA,WISTRON CORPORATION,Leo Chiang,[DELL Corp. DT/UFF Meerkat/Wistron/TGL-UP3][Intel AX201] Bluetooth device cannot be paired through the prompt dialog of the bottom right corner,2021-07-29 18:59:00,NA
633865,WISTRON CORPORATION,NA,WISTRON CORPORATION,Leo Chiang,[DELL Corp. DT/UFF Meerkat/Wistron/TGL-UP3][Intel AX201] Bluetooth device cannot be paired through the prompt dialog of the bottom right corner,2021-07-29 18:59:00,NA
633865,WISTRON CORPORATION,NA,WISTRON CORPORATION,Leo Chiang,[DELL Corp. DT/UFF Meerkat/Wistron/TGL-UP3][Intel AX201] Bluetooth device cannot be paired through the prompt dialog of the bottom right corner,2021-07-29 18:59:00,NA
633795,"HUAQIN TECHNOLOGY CO., LTD",NA,"Huaqin Technology Co., Ltd",Brandon Yang,[HUAWEI][HUAQIN][Morgan][Intel TGL][Intel AX201] [21H1] System will auto shutdown and generate the BSOD file(error code:0xa0),2021-07-29 08:51:00,NA
633795,"HUAQIN TECHNOLOGY CO., LTD",NA,"Huaqin Technology Co., Ltd",Brandon Yang,[HUAWEI][HUAQIN][Morgan][Intel TGL][Intel AX201] [21H1] System will auto shutdown and generate the BSOD file(error code:0xa0),2021-07-29 08:51:00,NA
633795,"HUAQIN TECHNOLOGY CO., LTD",NA,"Huaqin Technology Co., Ltd",Brandon Yang,[HUAWEI][HUAQIN][Morgan][Intel TGL][Intel AX201] [21H1] System will auto shutdown and generate the BSOD file(error code:0xa0),2021-07-29 08:51:00,NA
633632,QUANTA COMPUTER INC.,NA,QUANTA COMPUTER INC.,Charles P Chu,[Huawei][Quanta][H98VH99V][BohrENobelE_Intel][AX201][20H2][WIFI][BUG-20210728-32707] DUT keep away connect to 2.4G,2021-07-29 00:20:00,NA
633632,QUANTA COMPUTER INC.,NA,QUANTA COMPUTER INC.,Charles P Chu,[Huawei][Quanta][H98VH99V][BohrENobelE_Intel][AX201][20H2][WIFI][BUG-20210728-32707] DUT keep away connect to 2.4G,2021-07-29 00:20:00,NA
633632,QUANTA COMPUTER INC.,NA,QUANTA COMPUTER INC.,Charles P Chu,[Huawei][Quanta][H98VH99V][BohrENobelE_Intel][AX201][20H2][WIFI][BUG-20210728-32707] DUT keep away connect to 2.4G,2021-07-29 00:20:00,NA
633582,QUANTA COMPUTER INC.,NA,QUANTA COMPUTER INC.,Charles P Chu,"[Huawei][Quanta][H9H][HookeD][AX201][20H2][WiFi]Factory issue, BSOD 0x50 AV_INVALID_BAD_IP_NETIO!NsiEnumerateObjectsAllParametersEx",2021-07-28 22:40:00,NA
633582,QUANTA COMPUTER INC.,NA,QUANTA COMPUTER INC.,Charles P Chu,"[Huawei][Quanta][H9H][HookeD][AX201][20H2][WiFi]Factory issue, BSOD 0x50 AV_INVALID_BAD_IP_NETIO!NsiEnumerateObjectsAllParametersEx",2021-07-28 22:40:00,NA
633582,QUANTA COMPUTER INC.,NA,QUANTA COMPUTER INC.,Charles P Chu,"[Huawei][Quanta][H9H][HookeD][AX201][20H2][WiFi]Factory issue, BSOD 0x50 AV_INVALID_BAD_IP_NETIO!NsiEnumerateObjectsAllParametersEx",2021-07-28 22:40:00,NA
633575,QUANTA COMPUTER INC.,NA,QUANTA COMPUTER INC.,Brandon Yang,"[Huawei][Quanta][H9H][HookeD][AX201][20H2][BT]Factory issue, BT pair test occurs BSOD, point to 0x13a_11_BTHP_BTHport",2021-07-28 22:18:00,NA
633575,QUANTA COMPUTER INC.,NA,QUANTA COMPUTER INC.,Brandon Yang,"[Huawei][Quanta][H9H][HookeD][AX201][20H2][BT]Factory issue, BT pair test occurs BSOD, point to 0x13a_11_BTHP_BTHport",2021-07-28 22:18:00,NA
633575,QUANTA COMPUTER INC.,NA,QUANTA COMPUTER INC.,Brandon Yang,"[Huawei][Quanta][H9H][HookeD][AX201][20H2][BT]Factory issue, BT pair test occurs BSOD, point to 0x13a_11_BTHP_BTHport",2021-07-28 22:18:00,NA
633171,"COMPAL ELECTRONICS, INC.",NA,"COMPAL ELECTRONICS, INC.",Leo Chiang,[Dell/Compal_ Odyssey_ADLP] WHLK test fail on BT audio offload items,2021-07-27 19:47:00,NA
633171,"COMPAL ELECTRONICS, INC.",NA,"COMPAL ELECTRONICS, INC.",Leo Chiang,[Dell/Compal_ Odyssey_ADLP] WHLK test fail on BT audio offload items,2021-07-27 19:47:00,NA
633171,"COMPAL ELECTRONICS, INC.",NA,"COMPAL ELECTRONICS, INC.",Leo Chiang,[Dell/Compal_ Odyssey_ADLP] WHLK test fail on BT audio offload items,2021-07-27 19:47:00,NA
633074,"HUAQIN TECHNOLOGY CO., LTD",NA,"Huaqin Technology Co., Ltd",Zhiqiang Cai,[HONOR][HUAQIN][HalleyM][AMD Cezanne-H][Intel AX200][2030][21H1][WIFI]Mobile phone connected to computer hotspot display connection timeout,2021-07-27 08:39:00,NA
633074,"HUAQIN TECHNOLOGY CO., LTD",NA,"Huaqin Technology Co., Ltd",Zhiqiang Cai,[HONOR][HUAQIN][HalleyM][AMD Cezanne-H][Intel AX200][2030][21H1][WIFI]Mobile phone connected to computer hotspot display connection timeout,2021-07-27 08:39:00,NA
633074,"HUAQIN TECHNOLOGY CO., LTD",NA,"Huaqin Technology Co., Ltd",Zhiqiang Cai,[HONOR][HUAQIN][HalleyM][AMD Cezanne-H][Intel AX200][2030][21H1][WIFI]Mobile phone connected to computer hotspot display connection timeout,2021-07-27 08:39:00,NA
633070,"COMPAL ELECTRONICS, INC.",NA,"COMPAL ELECTRONICS, INC.",Charles Yeh,[ASUS_Compal][B5402_TGL-U][AX210][20H2] The Wlan device will lost when we running Modern Standby with AX210.,2021-07-27 08:32:00,NA
633070,"COMPAL ELECTRONICS, INC.",NA,"COMPAL ELECTRONICS, INC.",Charles Yeh,[ASUS_Compal][B5402_TGL-U][AX210][20H2] The Wlan device will lost when we running Modern Standby with AX210.,2021-07-27 08:32:00,NA
633070,"COMPAL ELECTRONICS, INC.",NA,"COMPAL ELECTRONICS, INC.",Charles Yeh,[ASUS_Compal][B5402_TGL-U][AX210][20H2] The Wlan device will lost when we running Modern Standby with AX210.,2021-07-27 08:32:00,NA
632802,"COMPAL ELECTRONICS, INC.",NA,"COMPAL ELECTRONICS, INC.",Franky Yang,[ASUS_Compal][B5402_TGL-U][AX210][20H2] It will show event Fatal error: The miniport has failed a power transition to operational power when we running Modern Standby or S4 with AX210.,2021-07-26 19:43:00,NA
632802,"COMPAL ELECTRONICS, INC.",NA,"COMPAL ELECTRONICS, INC.",Franky Yang,[ASUS_Compal][B5402_TGL-U][AX210][20H2] It will show event Fatal error: The miniport has failed a power transition to operational power when we running Modern Standby or S4 with AX210.,2021-07-26 19:43:00,NA
632802,"COMPAL ELECTRONICS, INC.",NA,"COMPAL ELECTRONICS, INC.",Franky Yang,[ASUS_Compal][B5402_TGL-U][AX210][20H2] It will show event Fatal error: The miniport has failed a power transition to operational power when we running Modern Standby or S4 with AX210.,2021-07-26 19:43:00,NA
632773,QUANTA COMPUTER INC.,NA,QUANTA COMPUTER INC.,Brandon Yang,"[Huawei][Quanta][H98VH99V][BohrENobelE_Intel][AX201][20H2][BT][BUG-20210716-31602]Bluetooth headset playback music, Bluetooth mouse use 10 sec , stop 3 min , when move mouse, mouse cursor can't see , need to wait 15s",2021-07-26 18:20:00,NA
632773,QUANTA COMPUTER INC.,NA,QUANTA COMPUTER INC.,Brandon Yang,"[Huawei][Quanta][H98VH99V][BohrENobelE_Intel][AX201][20H2][BT][BUG-20210716-31602]Bluetooth headset playback music, Bluetooth mouse use 10 sec , stop 3 min , when move mouse, mouse cursor can't see , need to wait 15s",2021-07-26 18:20:00,NA
632773,QUANTA COMPUTER INC.,NA,QUANTA COMPUTER INC.,Brandon Yang,"[Huawei][Quanta][H98VH99V][BohrENobelE_Intel][AX201][20H2][BT][BUG-20210716-31602]Bluetooth headset playback music, Bluetooth mouse use 10 sec , stop 3 min , when move mouse, mouse cursor can't see , need to wait 15s",2021-07-26 18:20:00,NA
632594,WISTRON CORPORATION,NA,WISTRON CORPORATION,Zhiqiang Cai,[Lenovo][Wistron][ThinkCentreM70a-gen1&gen2][CML&RKL][AX201][Win11 build 22000.1][F/R 100%]occur error event log 5010 related to wifi,2021-07-26 01:43:00,NA
632594,WISTRON CORPORATION,NA,WISTRON CORPORATION,Zhiqiang Cai,[Lenovo][Wistron][ThinkCentreM70a-gen1&gen2][CML&RKL][AX201][Win11 build 22000.1][F/R 100%]occur error event log 5010 related to wifi,2021-07-26 01:43:00,NA
632594,WISTRON CORPORATION,NA,WISTRON CORPORATION,Zhiqiang Cai,[Lenovo][Wistron][ThinkCentreM70a-gen1&gen2][CML&RKL][AX201][Win11 build 22000.1][F/R 100%]occur error event log 5010 related to wifi,2021-07-26 01:43:00,NA
632485,"COMPAL ELECTRONICS, INC.",NA,"COMPAL ELECTRONICS, INC.",Wesley Kuo,"[Lenovo_IdeaPad][Compal][S560 Pro-14ITL][Win11] Transfer of 10M file more than 5 minutes(about 8 mins) by ??nearby sharing??.(F/R:2/3,3 /12)",2021-07-25 22:56:00,NA
632485,"COMPAL ELECTRONICS, INC.",NA,"COMPAL ELECTRONICS, INC.",Wesley Kuo,"[Lenovo_IdeaPad][Compal][S560 Pro-14ITL][Win11] Transfer of 10M file more than 5 minutes(about 8 mins) by ??nearby sharing??.(F/R:2/3,3 /12)",2021-07-25 22:56:00,NA
632485,"COMPAL ELECTRONICS, INC.",NA,"COMPAL ELECTRONICS, INC.",Wesley Kuo,"[Lenovo_IdeaPad][Compal][S560 Pro-14ITL][Win11] Transfer of 10M file more than 5 minutes(about 8 mins) by ??nearby sharing??.(F/R:2/3,3 /12)",2021-07-25 22:56:00,NA
632417,QUANTA COMPUTER INC.,NA,QUANTA COMPUTER INC.,Zhiqiang Cai,[HONOR][Quanta][H99Y][NobelDR][AX201][20H2][WIFI][TBD] WIFI show YB during WIFI testing.(netwtw10 error),2021-07-25 19:01:00,NA
632417,QUANTA COMPUTER INC.,NA,QUANTA COMPUTER INC.,Zhiqiang Cai,[HONOR][Quanta][H99Y][NobelDR][AX201][20H2][WIFI][TBD] WIFI show YB during WIFI testing.(netwtw10 error),2021-07-25 19:01:00,NA
632417,QUANTA COMPUTER INC.,NA,QUANTA COMPUTER INC.,Zhiqiang Cai,[HONOR][Quanta][H99Y][NobelDR][AX201][20H2][WIFI][TBD] WIFI show YB during WIFI testing.(netwtw10 error),2021-07-25 19:01:00,NA
632409,QUANTA COMPUTER INC.,NA,QUANTA COMPUTER INC.,Leo Chiang,[ASUS][QUANTA][FX507_FX517] [AX201.NGWG.NVW 999TD0] Bluetooth offload enable query in ADL-P platform,2021-07-25 18:44:00,NA
632409,QUANTA COMPUTER INC.,NA,QUANTA COMPUTER INC.,Leo Chiang,[ASUS][QUANTA][FX507_FX517] [AX201.NGWG.NVW 999TD0] Bluetooth offload enable query in ADL-P platform,2021-07-25 18:44:00,NA
632409,QUANTA COMPUTER INC.,NA,QUANTA COMPUTER INC.,Leo Chiang,[ASUS][QUANTA][FX507_FX517] [AX201.NGWG.NVW 999TD0] Bluetooth offload enable query in ADL-P platform,2021-07-25 18:44:00,NA
632075,PEGATRON CORPORATION,NA,Pegatron Corporation,Charles Yeh,[ASUS PC][PEGA][B2402/B2502] Intel WiFi 6 AX201 Regulatory power table Modify,2021-07-22 19:01:00,NA
632075,PEGATRON CORPORATION,NA,Pegatron Corporation,Charles Yeh,[ASUS PC][PEGA][B2402/B2502] Intel WiFi 6 AX201 Regulatory power table Modify,2021-07-22 19:01:00,NA
632075,PEGATRON CORPORATION,NA,Pegatron Corporation,Charles Yeh,[ASUS PC][PEGA][B2402/B2502] Intel WiFi 6 AX201 Regulatory power table Modify,2021-07-22 19:01:00,NA
632069,"SHANGHAI WINGTECH ELECTRONICS TECHNOLOGYCO., LTD.",NA,"SHANGHAI WINGTECH ELECTRONICS TECHNOLOGYCO., LTD.",Brandon Yang,[Huawei][Wingtech][Dirac][Intel Tiger Lake UP4][AX201][21H1] [BT]Using the 22.60.0.6 BT drive connection cartridge is slow,2021-07-22 18:49:00,NA
632069,"SHANGHAI WINGTECH ELECTRONICS TECHNOLOGYCO., LTD.",NA,"SHANGHAI WINGTECH ELECTRONICS TECHNOLOGYCO., LTD.",Brandon Yang,[Huawei][Wingtech][Dirac][Intel Tiger Lake UP4][AX201][21H1] [BT]Using the 22.60.0.6 BT drive connection cartridge is slow,2021-07-22 18:49:00,NA
632069,"SHANGHAI WINGTECH ELECTRONICS TECHNOLOGYCO., LTD.",NA,"SHANGHAI WINGTECH ELECTRONICS TECHNOLOGYCO., LTD.",Brandon Yang,[Huawei][Wingtech][Dirac][Intel Tiger Lake UP4][AX201][21H1] [BT]Using the 22.60.0.6 BT drive connection cartridge is slow,2021-07-22 18:49:00,NA
631985,"COMPAL ELECTRONICS, INC.",NA,"COMPAL ELECTRONICS, INC.",Wesley Kuo,[Lenovo_IdeaPad][Compal][S550-14ITL_Touch ][Win11] Intel®AC9560:_BT device auto disconnect or no function with driver V22.60.,2021-07-22 07:00:00,NA
631985,"COMPAL ELECTRONICS, INC.",NA,"COMPAL ELECTRONICS, INC.",Wesley Kuo,[Lenovo_IdeaPad][Compal][S550-14ITL_Touch ][Win11] Intel®AC9560:_BT device auto disconnect or no function with driver V22.60.,2021-07-22 07:00:00,NA
631985,"COMPAL ELECTRONICS, INC.",NA,"COMPAL ELECTRONICS, INC.",Wesley Kuo,[Lenovo_IdeaPad][Compal][S550-14ITL_Touch ][Win11] Intel®AC9560:_BT device auto disconnect or no function with driver V22.60.,2021-07-22 07:00:00,NA
631963,WISTRON CORPORATION,WISTRON CORPORATION,WISTRON CORPORATION,Charles Yeh,Wistorn Odin NV16H DRTU_642688_ Wifi can not enable in the Win11,2021-07-22 05:33:00,NA
631918,QUANTA COMPUTER INC.,NA,QUANTA COMPUTER INC.,Charles P Chu,[Huawei][Quanta][EulerD][TGL-UP4][AX201][20H2][WLAN][805037450] Cannot enter modern standby caused by wifi driver.,2021-07-22 03:09:00,NA
631918,QUANTA COMPUTER INC.,NA,QUANTA COMPUTER INC.,Charles P Chu,[Huawei][Quanta][EulerD][TGL-UP4][AX201][20H2][WLAN][805037450] Cannot enter modern standby caused by wifi driver.,2021-07-22 03:09:00,NA
631918,QUANTA COMPUTER INC.,NA,QUANTA COMPUTER INC.,Charles P Chu,[Huawei][Quanta][EulerD][TGL-UP4][AX201][20H2][WLAN][805037450] Cannot enter modern standby caused by wifi driver.,2021-07-22 03:09:00,NA
631842,"SHENZHEN BITLAND INFORMATION TECHNOLOGYCO., LTD.",NA,"SHENZHEN BITLAND INFORMATION TECHNOLOGYCO., LTD.",Brandon Yang,[Huawei/Bitland][CML-S][Pangu] ipad not been searched out in Bluetooth search interface after SUT idle 1.5 hour,2021-07-22 00:03:00,NA
631842,"SHENZHEN BITLAND INFORMATION TECHNOLOGYCO., LTD.",NA,"SHENZHEN BITLAND INFORMATION TECHNOLOGYCO., LTD.",Brandon Yang,[Huawei/Bitland][CML-S][Pangu] ipad not been searched out in Bluetooth search interface after SUT idle 1.5 hour,2021-07-22 00:03:00,NA
631842,"SHENZHEN BITLAND INFORMATION TECHNOLOGYCO., LTD.",NA,"SHENZHEN BITLAND INFORMATION TECHNOLOGYCO., LTD.",Brandon Yang,[Huawei/Bitland][CML-S][Pangu] ipad not been searched out in Bluetooth search interface after SUT idle 1.5 hour,2021-07-22 00:03:00,NA
631267,QUANTA COMPUTER INC.,NA,QUANTA COMPUTER INC.,Brandon Yang,[Huawei][Quanta][NobelM-B2[Lucienne][AX200][20H2][WiFi][BUG-20210629-29997] CinBenchR20/PCMark10 performance fail by BT support service enable.,2021-07-20 07:41:00,NA
631267,QUANTA COMPUTER INC.,NA,QUANTA COMPUTER INC.,Brandon Yang,[Huawei][Quanta][NobelM-B2[Lucienne][AX200][20H2][WiFi][BUG-20210629-29997] CinBenchR20/PCMark10 performance fail by BT support service enable.,2021-07-20 07:41:00,NA
631267,QUANTA COMPUTER INC.,NA,QUANTA COMPUTER INC.,Brandon Yang,[Huawei][Quanta][NobelM-B2[Lucienne][AX200][20H2][WiFi][BUG-20210629-29997] CinBenchR20/PCMark10 performance fail by BT support service enable.,2021-07-20 07:41:00,NA
631243,QUANTA COMPUTER INC.,NA,QUANTA COMPUTER INC.,Brandon Yang,"[Huawei][Quanta][NobelM][AX200][20H2][BT][805034644] ""HCI Connection cancel"" caused BT disconnected.",2021-07-20 06:49:00,NA
631243,QUANTA COMPUTER INC.,NA,QUANTA COMPUTER INC.,Brandon Yang,"[Huawei][Quanta][NobelM][AX200][20H2][BT][805034644] ""HCI Connection cancel"" caused BT disconnected.",2021-07-20 06:49:00,NA
631243,QUANTA COMPUTER INC.,NA,QUANTA COMPUTER INC.,Brandon Yang,"[Huawei][Quanta][NobelM][AX200][20H2][BT][805034644] ""HCI Connection cancel"" caused BT disconnected.",2021-07-20 06:49:00,NA
631242,QUANTA COMPUTER INC.,NA,QUANTA COMPUTER INC.,Brandon Yang,"[Huawei][Quanta][NobelM][AX200][20H2][BT][805034644] ""HCI Connection cancel"" caused BT disconnected.",2021-07-20 06:49:00,NA
631242,QUANTA COMPUTER INC.,NA,QUANTA COMPUTER INC.,Brandon Yang,"[Huawei][Quanta][NobelM][AX200][20H2][BT][805034644] ""HCI Connection cancel"" caused BT disconnected.",2021-07-20 06:49:00,NA
631242,QUANTA COMPUTER INC.,NA,QUANTA COMPUTER INC.,Brandon Yang,"[Huawei][Quanta][NobelM][AX200][20H2][BT][805034644] ""HCI Connection cancel"" caused BT disconnected.",2021-07-20 06:49:00,NA
631082,WISTRON CORPORATION,NA,WISTRON CORPORATION,Charles Yeh,[Dell][SouthpeakMLK][ADL-P] WLAN still be off after do wireless radio control when SUT resume from S4/S5(FR:3/5 Times),2021-07-19 23:40:00,NA
631082,WISTRON CORPORATION,NA,WISTRON CORPORATION,Charles Yeh,[Dell][SouthpeakMLK][ADL-P] WLAN still be off after do wireless radio control when SUT resume from S4/S5(FR:3/5 Times),2021-07-19 23:40:00,NA
631082,WISTRON CORPORATION,NA,WISTRON CORPORATION,Charles Yeh,[Dell][SouthpeakMLK][ADL-P] WLAN still be off after do wireless radio control when SUT resume from S4/S5(FR:3/5 Times),2021-07-19 23:40:00,NA
631009,WISTRON CORPORATION,NA,WISTRON CORPORATION,Leo Chiang,(Copy Of 00631006) [DELL Corp. DT/D12_Plymouth_Troy/Wistron/ADL-S+Q670/B660][Win11][AX210/AX211]link partner can't discover SUT by BT normally,2021-07-19 19:19:00,NA
631009,WISTRON CORPORATION,NA,WISTRON CORPORATION,Leo Chiang,(Copy Of 00631006) [DELL Corp. DT/D12_Plymouth_Troy/Wistron/ADL-S+Q670/B660][Win11][AX210/AX211]link partner can't discover SUT by BT normally,2021-07-19 19:19:00,NA
631009,WISTRON CORPORATION,NA,WISTRON CORPORATION,Leo Chiang,(Copy Of 00631006) [DELL Corp. DT/D12_Plymouth_Troy/Wistron/ADL-S+Q670/B660][Win11][AX210/AX211]link partner can't discover SUT by BT normally,2021-07-19 19:19:00,NA
630909,QUANTA COMPUTER INC.,NA,QUANTA COMPUTER INC.,Brandon Yang,"[Huawei][Quanta][H98VH99V][BohrENobelE_Intel][AX201][20H2][BT][BUG-20210716-31550] S0 status ,connect 2.4G WIFI, use/moving BT mouse(Huawei) 30 min , sometimes mouse lag 0.5s",2021-07-19 07:06:00,NA
630909,QUANTA COMPUTER INC.,NA,QUANTA COMPUTER INC.,Brandon Yang,"[Huawei][Quanta][H98VH99V][BohrENobelE_Intel][AX201][20H2][BT][BUG-20210716-31550] S0 status ,connect 2.4G WIFI, use/moving BT mouse(Huawei) 30 min , sometimes mouse lag 0.5s",2021-07-19 07:06:00,NA
630909,QUANTA COMPUTER INC.,NA,QUANTA COMPUTER INC.,Brandon Yang,"[Huawei][Quanta][H98VH99V][BohrENobelE_Intel][AX201][20H2][BT][BUG-20210716-31550] S0 status ,connect 2.4G WIFI, use/moving BT mouse(Huawei) 30 min , sometimes mouse lag 0.5s",2021-07-19 07:06:00,NA
630851,QUANTA COMPUTER INC.,NA,QUANTA COMPUTER INC.,Charles P Chu,[Huawei][Quanta][NobelM[Lucienne][AX200][20H2][WiFi][805030350] Cannot open wifi searching screen after resume from S3.,2021-07-19 03:58:00,NA
630851,QUANTA COMPUTER INC.,NA,QUANTA COMPUTER INC.,Charles P Chu,[Huawei][Quanta][NobelM[Lucienne][AX200][20H2][WiFi][805030350] Cannot open wifi searching screen after resume from S3.,2021-07-19 03:58:00,NA
630851,QUANTA COMPUTER INC.,NA,QUANTA COMPUTER INC.,Charles P Chu,[Huawei][Quanta][NobelM[Lucienne][AX200][20H2][WiFi][805030350] Cannot open wifi searching screen after resume from S3.,2021-07-19 03:58:00,NA
630549,QUANTA COMPUTER INC.,NA,QUANTA COMPUTER INC.,Charles P Chu,[Huawei][Quanta][NobelM[Lucienne][AX200][20H2][WiFi][805028074] Intel Wifi driver lost in Device Manager after S3 resumed.,2021-07-16 09:15:00,NA
630549,QUANTA COMPUTER INC.,NA,QUANTA COMPUTER INC.,Charles P Chu,[Huawei][Quanta][NobelM[Lucienne][AX200][20H2][WiFi][805028074] Intel Wifi driver lost in Device Manager after S3 resumed.,2021-07-16 09:15:00,NA
630549,QUANTA COMPUTER INC.,NA,QUANTA COMPUTER INC.,Charles P Chu,[Huawei][Quanta][NobelM[Lucienne][AX200][20H2][WiFi][805028074] Intel Wifi driver lost in Device Manager after S3 resumed.,2021-07-16 09:15:00,NA
630546,QUANTA COMPUTER INC.,NA,QUANTA COMPUTER INC.,Brandon Yang,[Huawei][Quanta][KelvinD][TGL-U][AX201][20H2][BT][805027402] BT device has been disconnected suddenly.,2021-07-16 09:02:00,NA
630546,QUANTA COMPUTER INC.,NA,QUANTA COMPUTER INC.,Brandon Yang,[Huawei][Quanta][KelvinD][TGL-U][AX201][20H2][BT][805027402] BT device has been disconnected suddenly.,2021-07-16 09:02:00,NA
630546,QUANTA COMPUTER INC.,NA,QUANTA COMPUTER INC.,Brandon Yang,[Huawei][Quanta][KelvinD][TGL-U][AX201][20H2][BT][805027402] BT device has been disconnected suddenly.,2021-07-16 09:02:00,NA
630510,"FOXCONN TECHNOLOGY CO., LTD.",NA,"FOXCONN TECHNOLOGY CO., LTD.",Leo Chiang,"[DELL Corp. DT/Foxconn/Intel ADL-S go fast][D12 Dolphin V SFF][WLAN]WIN,22000,HLK,V_SFF_Some HLK Bluetooth tests fail w/ Intel AX210",2021-07-16 05:20:00,NA
630510,"FOXCONN TECHNOLOGY CO., LTD.",NA,"FOXCONN TECHNOLOGY CO., LTD.",Leo Chiang,"[DELL Corp. DT/Foxconn/Intel ADL-S go fast][D12 Dolphin V SFF][WLAN]WIN,22000,HLK,V_SFF_Some HLK Bluetooth tests fail w/ Intel AX210",2021-07-16 05:20:00,NA
630510,"FOXCONN TECHNOLOGY CO., LTD.",NA,"FOXCONN TECHNOLOGY CO., LTD.",Leo Chiang,"[DELL Corp. DT/Foxconn/Intel ADL-S go fast][D12 Dolphin V SFF][WLAN]WIN,22000,HLK,V_SFF_Some HLK Bluetooth tests fail w/ Intel AX210",2021-07-16 05:20:00,NA
630233,PEGATRON CORPORATION,NA,Pegatron Corporation,Franky Yang,[DELL][CY22 AIO][ADL][AX211]The AX211 cannot search the AP by 6 GHZ.,2021-07-15 17:57:00,NA
630233,PEGATRON CORPORATION,NA,Pegatron Corporation,Franky Yang,[DELL][CY22 AIO][ADL][AX211]The AX211 cannot search the AP by 6 GHZ.,2021-07-15 17:57:00,NA
630233,PEGATRON CORPORATION,NA,Pegatron Corporation,Franky Yang,[DELL][CY22 AIO][ADL][AX211]The AX211 cannot search the AP by 6 GHZ.,2021-07-15 17:57:00,NA
630224,"FOXCONN TECHNOLOGY CO., LTD.",NA,"FOXCONN TECHNOLOGY CO., LTD.",Franky Yang,[DELL Corp. DT/Foxconn/Intel ADL-S][D12 Widowmaker][Intel WRT tool]WM_WRT tool is Offline mode with Killer 1675x wlan card installed.,2021-07-15 17:42:00,NA
630224,"FOXCONN TECHNOLOGY CO., LTD.",NA,"FOXCONN TECHNOLOGY CO., LTD.",Franky Yang,[DELL Corp. DT/Foxconn/Intel ADL-S][D12 Widowmaker][Intel WRT tool]WM_WRT tool is Offline mode with Killer 1675x wlan card installed.,2021-07-15 17:42:00,NA
630224,"FOXCONN TECHNOLOGY CO., LTD.",NA,"FOXCONN TECHNOLOGY CO., LTD.",Franky Yang,[DELL Corp. DT/Foxconn/Intel ADL-S][D12 Widowmaker][Intel WRT tool]WM_WRT tool is Offline mode with Killer 1675x wlan card installed.,2021-07-15 17:42:00,NA
630109,"SHENZHEN BITLAND INFORMATION TECHNOLOGYCO., LTD.",NA,"SHENZHEN BITLAND INFORMATION TECHNOLOGYCO., LTD.",Charles P Chu,[Huawei/Bitland][CML-S][Pangu] WiFi disconnected frequently under home enviroment,2021-07-15 04:31:00,NA
630109,"SHENZHEN BITLAND INFORMATION TECHNOLOGYCO., LTD.",NA,"SHENZHEN BITLAND INFORMATION TECHNOLOGYCO., LTD.",Charles P Chu,[Huawei/Bitland][CML-S][Pangu] WiFi disconnected frequently under home enviroment,2021-07-15 04:31:00,NA
630109,"SHENZHEN BITLAND INFORMATION TECHNOLOGYCO., LTD.",NA,"SHENZHEN BITLAND INFORMATION TECHNOLOGYCO., LTD.",Charles P Chu,[Huawei/Bitland][CML-S][Pangu] WiFi disconnected frequently under home enviroment,2021-07-15 04:31:00,NA
630038,"COMPAL ELECTRONICS, INC.",NA,"COMPAL ELECTRONICS, INC.",Wesley Kuo,[Lenovo_IdeaPad][Compal][S560pro-14ACN ][Win11] AX200 - The pairing prompt box did not respond when transfer file to unpaired PC.,2021-07-15 01:46:00,NA
630038,"COMPAL ELECTRONICS, INC.",NA,"COMPAL ELECTRONICS, INC.",Wesley Kuo,[Lenovo_IdeaPad][Compal][S560pro-14ACN ][Win11] AX200 - The pairing prompt box did not respond when transfer file to unpaired PC.,2021-07-15 01:46:00,NA
630038,"COMPAL ELECTRONICS, INC.",NA,"COMPAL ELECTRONICS, INC.",Wesley Kuo,[Lenovo_IdeaPad][Compal][S560pro-14ACN ][Win11] AX200 - The pairing prompt box did not respond when transfer file to unpaired PC.,2021-07-15 01:46:00,NA
629988,QUANTA COMPUTER INC.,NA,QUANTA COMPUTER INC.,Charles P Chu,"[Huawei][Quanta][H98VH99V][BohrENobelE_Intel][AX201][20H2][WIFI][BUG-20210714-31412] Sometimes DUT miracast to Mi TV fail , FR:2/150",2021-07-14 23:48:00,NA
629988,QUANTA COMPUTER INC.,NA,QUANTA COMPUTER INC.,Charles P Chu,"[Huawei][Quanta][H98VH99V][BohrENobelE_Intel][AX201][20H2][WIFI][BUG-20210714-31412] Sometimes DUT miracast to Mi TV fail , FR:2/150",2021-07-14 23:48:00,NA
629988,QUANTA COMPUTER INC.,NA,QUANTA COMPUTER INC.,Charles P Chu,"[Huawei][Quanta][H98VH99V][BohrENobelE_Intel][AX201][20H2][WIFI][BUG-20210714-31412] Sometimes DUT miracast to Mi TV fail , FR:2/150",2021-07-14 23:48:00,NA
629968,"HUAQIN TECHNOLOGY CO., LTD",NA,"Huaqin Technology Co., Ltd",Brandon Yang,[HONOR][HUAQIN][HalleyM][AMD Cezanne-H][Intel AX200][21H1][WIFI/BT] Bluetooth device will be stay in disabled state after repeat the test Bluetooth disable and enable.,2021-07-14 23:01:00,NA
629968,"HUAQIN TECHNOLOGY CO., LTD",NA,"Huaqin Technology Co., Ltd",Brandon Yang,[HONOR][HUAQIN][HalleyM][AMD Cezanne-H][Intel AX200][21H1][WIFI/BT] Bluetooth device will be stay in disabled state after repeat the test Bluetooth disable and enable.,2021-07-14 23:01:00,NA
629968,"HUAQIN TECHNOLOGY CO., LTD",NA,"Huaqin Technology Co., Ltd",Brandon Yang,[HONOR][HUAQIN][HalleyM][AMD Cezanne-H][Intel AX200][21H1][WIFI/BT] Bluetooth device will be stay in disabled state after repeat the test Bluetooth disable and enable.,2021-07-14 23:01:00,NA
629870,"SHANGHAI WINGTECH ELECTRONICS TECHNOLOGYCO., LTD.",NA,"SHANGHAI WINGTECH ELECTRONICS TECHNOLOGYCO., LTD.",Brandon Yang,"[Huawei][Wingtech][Dirac][Intel Tiger Lake UP4][AX201][21H1] [BT]Connect multiple peripherals for pressure measurement, with a BSOD appearing?DRIVER_POWER_STATE_FAILURE (9f)?",2021-07-14 18:47:00,NA
629870,"SHANGHAI WINGTECH ELECTRONICS TECHNOLOGYCO., LTD.",NA,"SHANGHAI WINGTECH ELECTRONICS TECHNOLOGYCO., LTD.",Brandon Yang,"[Huawei][Wingtech][Dirac][Intel Tiger Lake UP4][AX201][21H1] [BT]Connect multiple peripherals for pressure measurement, with a BSOD appearing?DRIVER_POWER_STATE_FAILURE (9f)?",2021-07-14 18:47:00,NA
629870,"SHANGHAI WINGTECH ELECTRONICS TECHNOLOGYCO., LTD.",NA,"SHANGHAI WINGTECH ELECTRONICS TECHNOLOGYCO., LTD.",Brandon Yang,"[Huawei][Wingtech][Dirac][Intel Tiger Lake UP4][AX201][21H1] [BT]Connect multiple peripherals for pressure measurement, with a BSOD appearing?DRIVER_POWER_STATE_FAILURE (9f)?",2021-07-14 18:47:00,NA
629791,"HUAQIN TECHNOLOGY CO., LTD",NA,"Huaqin Technology Co., Ltd",Zhiwei He,[HUAWEI][HUAQIN][Morgan][Intel TGL][Intel AX201][21H1] System will disconnect matepad when during transmit data.,2021-07-14 05:54:00,NA
629791,"HUAQIN TECHNOLOGY CO., LTD",NA,"Huaqin Technology Co., Ltd",Zhiwei He,[HUAWEI][HUAQIN][Morgan][Intel TGL][Intel AX201][21H1] System will disconnect matepad when during transmit data.,2021-07-14 05:54:00,NA
629791,"HUAQIN TECHNOLOGY CO., LTD",NA,"Huaqin Technology Co., Ltd",Zhiwei He,[HUAWEI][HUAQIN][Morgan][Intel TGL][Intel AX201][21H1] System will disconnect matepad when during transmit data.,2021-07-14 05:54:00,NA
629738,"COMPAL ELECTRONICS, INC.",NA,"COMPAL ELECTRONICS, INC.",Franky Yang,[Dell][Andrews_TGL][WiFi]Unable to connect to 5G Wifi,2021-07-14 03:08:00,NA
629738,"COMPAL ELECTRONICS, INC.",NA,"COMPAL ELECTRONICS, INC.",Franky Yang,[Dell][Andrews_TGL][WiFi]Unable to connect to 5G Wifi,2021-07-14 03:08:00,NA
629738,"COMPAL ELECTRONICS, INC.",NA,"COMPAL ELECTRONICS, INC.",Franky Yang,[Dell][Andrews_TGL][WiFi]Unable to connect to 5G Wifi,2021-07-14 03:08:00,NA
629690,"SHENZHEN EMDOOR ELECTRONIC TECHNOLOGY CO., LTD.",NA,"SHENZHEN EMDOOR ELECTRONIC TECHNOLOGY CO., LTD.",Steven ZY Chen,[EMDOOR][GLK][AC9461]BT BQB profile test: AVRCP TG--MPS test fail,2021-07-14 01:50:00,NA
629690,"SHENZHEN EMDOOR ELECTRONIC TECHNOLOGY CO., LTD.",NA,"SHENZHEN EMDOOR ELECTRONIC TECHNOLOGY CO., LTD.",Steven ZY Chen,[EMDOOR][GLK][AC9461]BT BQB profile test: AVRCP TG--MPS test fail,2021-07-14 01:50:00,NA
629690,"SHENZHEN EMDOOR ELECTRONIC TECHNOLOGY CO., LTD.",NA,"SHENZHEN EMDOOR ELECTRONIC TECHNOLOGY CO., LTD.",Steven ZY Chen,[EMDOOR][GLK][AC9461]BT BQB profile test: AVRCP TG--MPS test fail,2021-07-14 01:50:00,NA
629654,"COMPAL ELECTRONICS, INC.",NA,"COMPAL ELECTRONICS, INC.",Wesley Kuo,"[Lenovo_IdeaPad][Compal][S560pro-14ACN ][Win11] Test unit sometimes lack of BT Headset output choice. (F/R:1/3, 1/20)",2021-07-14 00:45:00,NA
629654,"COMPAL ELECTRONICS, INC.",NA,"COMPAL ELECTRONICS, INC.",Wesley Kuo,"[Lenovo_IdeaPad][Compal][S560pro-14ACN ][Win11] Test unit sometimes lack of BT Headset output choice. (F/R:1/3, 1/20)",2021-07-14 00:45:00,NA
629654,"COMPAL ELECTRONICS, INC.",NA,"COMPAL ELECTRONICS, INC.",Wesley Kuo,"[Lenovo_IdeaPad][Compal][S560pro-14ACN ][Win11] Test unit sometimes lack of BT Headset output choice. (F/R:1/3, 1/20)",2021-07-14 00:45:00,NA
629311,"HUAQIN TECHNOLOGY CO., LTD",NA,"Huaqin Technology Co., Ltd",Zhiqiang Cai,"[Honor][Huaqin][Halley-M][AMD-Ryzen][AX200][21H1]Power Dropping of 11n MCS7, & 11n MCS0 cannot be tested",2021-07-13 00:27:00,NA
629311,"HUAQIN TECHNOLOGY CO., LTD",NA,"Huaqin Technology Co., Ltd",Zhiqiang Cai,"[Honor][Huaqin][Halley-M][AMD-Ryzen][AX200][21H1]Power Dropping of 11n MCS7, & 11n MCS0 cannot be tested",2021-07-13 00:27:00,NA
629311,"HUAQIN TECHNOLOGY CO., LTD",NA,"Huaqin Technology Co., Ltd",Zhiqiang Cai,"[Honor][Huaqin][Halley-M][AMD-Ryzen][AX200][21H1]Power Dropping of 11n MCS7, & 11n MCS0 cannot be tested",2021-07-13 00:27:00,NA
629288,"COMPAL ELECTRONICS, INC.",NA,"COMPAL ELECTRONICS, INC.",Leo Chiang,[Dell/Compal_ Odyssey_ADLP] WHLK test fail on BT audio offload items,2021-07-12 23:53:00,NA
629288,"COMPAL ELECTRONICS, INC.",NA,"COMPAL ELECTRONICS, INC.",Leo Chiang,[Dell/Compal_ Odyssey_ADLP] WHLK test fail on BT audio offload items,2021-07-12 23:53:00,NA
629288,"COMPAL ELECTRONICS, INC.",NA,"COMPAL ELECTRONICS, INC.",Leo Chiang,[Dell/Compal_ Odyssey_ADLP] WHLK test fail on BT audio offload items,2021-07-12 23:53:00,NA
629283,"COMPAL ELECTRONICS, INC.",NA,"COMPAL ELECTRONICS, INC.",Charles Yeh,"[Dell][Compal][Tiger Lake] [AX201]System hang black screen after resume from MS,there are too many repetition events ID 7025/7026 in Event log",2021-07-12 23:43:00,NA
629283,"COMPAL ELECTRONICS, INC.",NA,"COMPAL ELECTRONICS, INC.",Charles Yeh,"[Dell][Compal][Tiger Lake] [AX201]System hang black screen after resume from MS,there are too many repetition events ID 7025/7026 in Event log",2021-07-12 23:43:00,NA
629283,"COMPAL ELECTRONICS, INC.",NA,"COMPAL ELECTRONICS, INC.",Charles Yeh,"[Dell][Compal][Tiger Lake] [AX201]System hang black screen after resume from MS,there are too many repetition events ID 7025/7026 in Event log",2021-07-12 23:43:00,NA
629205,"HUAQIN TECHNOLOGY CO., LTD",NA,"Huaqin Technology Co., Ltd",Zhiqiang Cai,[HONOR][HUAQIN][HiggsE][Intel TGL][Intel AX201][21H1][WIFI]WiFi list shows that WiFi network cannot be found after connecting network and idle,2021-07-12 21:07:00,NA
629205,"HUAQIN TECHNOLOGY CO., LTD",NA,"Huaqin Technology Co., Ltd",Zhiqiang Cai,[HONOR][HUAQIN][HiggsE][Intel TGL][Intel AX201][21H1][WIFI]WiFi list shows that WiFi network cannot be found after connecting network and idle,2021-07-12 21:07:00,NA
629205,"HUAQIN TECHNOLOGY CO., LTD",NA,"Huaqin Technology Co., Ltd",Zhiqiang Cai,[HONOR][HUAQIN][HiggsE][Intel TGL][Intel AX201][21H1][WIFI]WiFi list shows that WiFi network cannot be found after connecting network and idle,2021-07-12 21:07:00,NA
628884,QUANTA COMPUTER INC.,NA,QUANTA COMPUTER INC.,Nicky Chen,MSFT ODM Quanta Z93 HrP2 AX201 22.60.0.6 DRTU remote fialed for BLE,2021-07-11 21:23:00,NA
628884,QUANTA COMPUTER INC.,NA,QUANTA COMPUTER INC.,Nicky Chen,MSFT ODM Quanta Z93 HrP2 AX201 22.60.0.6 DRTU remote fialed for BLE,2021-07-11 21:23:00,NA
628884,QUANTA COMPUTER INC.,NA,QUANTA COMPUTER INC.,Nicky Chen,MSFT ODM Quanta Z93 HrP2 AX201 22.60.0.6 DRTU remote fialed for BLE,2021-07-11 21:23:00,NA
628869,"SHENZHEN BITLAND INFORMATION TECHNOLOGYCO., LTD.",NA,"SHENZHEN BITLAND INFORMATION TECHNOLOGYCO., LTD.",Brandon Yang,"[Huawei/Bitland][CML-S][Pangu] With Bluetooth switch is ON,the duration of Bluetooth icon displayed on the taskbar is over 2 seconds",2021-07-11 20:11:00,NA
628869,"SHENZHEN BITLAND INFORMATION TECHNOLOGYCO., LTD.",NA,"SHENZHEN BITLAND INFORMATION TECHNOLOGYCO., LTD.",Brandon Yang,"[Huawei/Bitland][CML-S][Pangu] With Bluetooth switch is ON,the duration of Bluetooth icon displayed on the taskbar is over 2 seconds",2021-07-11 20:11:00,NA
628869,"SHENZHEN BITLAND INFORMATION TECHNOLOGYCO., LTD.",NA,"SHENZHEN BITLAND INFORMATION TECHNOLOGYCO., LTD.",Brandon Yang,"[Huawei/Bitland][CML-S][Pangu] With Bluetooth switch is ON,the duration of Bluetooth icon displayed on the taskbar is over 2 seconds",2021-07-11 20:11:00,NA
628815,PEGATRON CORPORATION,NA,Pegatron Corporation,Franky Yang,[B1400/B1500CEAE X435EA][TGL][AX201.D2WG.NVW 999TDN][22.40.0.7]Intel AX201??????????,2021-07-11 03:42:00,NA
628815,PEGATRON CORPORATION,NA,Pegatron Corporation,Franky Yang,[B1400/B1500CEAE X435EA][TGL][AX201.D2WG.NVW 999TDN][22.40.0.7]Intel AX201??????????,2021-07-11 03:42:00,NA
628815,PEGATRON CORPORATION,NA,Pegatron Corporation,Franky Yang,[B1400/B1500CEAE X435EA][TGL][AX201.D2WG.NVW 999TDN][22.40.0.7]Intel AX201??????????,2021-07-11 03:42:00,NA
628460,WISTRON CORPORATION,NA,WISTRON CORPORATION,Brandon Yang,[Lenovo-ThinkPad][Wistron][X1 Extreme Gen 4i][TGL][AX210][20H2]BT YB Issue,2021-07-08 18:50:00,NA
628460,WISTRON CORPORATION,NA,WISTRON CORPORATION,Brandon Yang,[Lenovo-ThinkPad][Wistron][X1 Extreme Gen 4i][TGL][AX210][20H2]BT YB Issue,2021-07-08 18:50:00,NA
628460,WISTRON CORPORATION,NA,WISTRON CORPORATION,Brandon Yang,[Lenovo-ThinkPad][Wistron][X1 Extreme Gen 4i][TGL][AX210][20H2]BT YB Issue,2021-07-08 18:50:00,NA
628281,"SHENZHEN BITLAND INFORMATION TECHNOLOGYCO., LTD.",NA,"SHENZHEN BITLAND INFORMATION TECHNOLOGYCO., LTD.",Brandon Yang,[Huawei/Bitland][CML-S][Pangu] BT no function when Bluetooth switch is ON,2021-07-08 02:01:00,NA
628281,"SHENZHEN BITLAND INFORMATION TECHNOLOGYCO., LTD.",NA,"SHENZHEN BITLAND INFORMATION TECHNOLOGYCO., LTD.",Brandon Yang,[Huawei/Bitland][CML-S][Pangu] BT no function when Bluetooth switch is ON,2021-07-08 02:01:00,NA
628281,"SHENZHEN BITLAND INFORMATION TECHNOLOGYCO., LTD.",NA,"SHENZHEN BITLAND INFORMATION TECHNOLOGYCO., LTD.",Brandon Yang,[Huawei/Bitland][CML-S][Pangu] BT no function when Bluetooth switch is ON,2021-07-08 02:01:00,NA
628162,GUANGDONG OPPO MOBILE TELECOMMUNICATIONSCORP. LTD.,NA,GUANGDONG OPPO MOBILE TELECOMMUNICATIONSCORP. LTD.,Zhiqiang Cai,???GC??PC???GO?????????10??????,2021-07-07 20:54:00,NA
628162,GUANGDONG OPPO MOBILE TELECOMMUNICATIONSCORP. LTD.,NA,GUANGDONG OPPO MOBILE TELECOMMUNICATIONSCORP. LTD.,Zhiqiang Cai,???GC??PC???GO?????????10??????,2021-07-07 20:54:00,NA
628162,GUANGDONG OPPO MOBILE TELECOMMUNICATIONSCORP. LTD.,NA,GUANGDONG OPPO MOBILE TELECOMMUNICATIONSCORP. LTD.,Zhiqiang Cai,???GC??PC???GO?????????10??????,2021-07-07 20:54:00,NA
628013,"HUAQIN TECHNOLOGY CO., LTD",NA,"Huaqin Technology Co., Ltd",Zhiqiang Cai,"[HONOR][HUAQIN][HiggsE][Intel TGL][Intel AX201][21H1][WIFI]Run S4 with step v3.4.8 tool, and the hang machine appears in black screen, and the dump points to the network card",2021-07-07 06:43:00,NA
628013,"HUAQIN TECHNOLOGY CO., LTD",NA,"Huaqin Technology Co., Ltd",Zhiqiang Cai,"[HONOR][HUAQIN][HiggsE][Intel TGL][Intel AX201][21H1][WIFI]Run S4 with step v3.4.8 tool, and the hang machine appears in black screen, and the dump points to the network card",2021-07-07 06:43:00,NA
628013,"HUAQIN TECHNOLOGY CO., LTD",NA,"Huaqin Technology Co., Ltd",Zhiqiang Cai,"[HONOR][HUAQIN][HiggsE][Intel TGL][Intel AX201][21H1][WIFI]Run S4 with step v3.4.8 tool, and the hang machine appears in black screen, and the dump points to the network card",2021-07-07 06:43:00,NA
627970,"HUAQIN TECHNOLOGY CO., LTD",NA,"Huaqin Technology Co., Ltd",Brandon Yang,"[HONOR][HUAQIN][HiggsE][Intel TGL][Intel AX201][21H1][BT]Use Windows Hardware Lab Kit to run Bluetooth - HciExtension1,display fail",2021-07-07 03:15:00,NA
627970,"HUAQIN TECHNOLOGY CO., LTD",NA,"Huaqin Technology Co., Ltd",Brandon Yang,"[HONOR][HUAQIN][HiggsE][Intel TGL][Intel AX201][21H1][BT]Use Windows Hardware Lab Kit to run Bluetooth - HciExtension1,display fail",2021-07-07 03:15:00,NA
627970,"HUAQIN TECHNOLOGY CO., LTD",NA,"Huaqin Technology Co., Ltd",Brandon Yang,"[HONOR][HUAQIN][HiggsE][Intel TGL][Intel AX201][21H1][BT]Use Windows Hardware Lab Kit to run Bluetooth - HciExtension1,display fail",2021-07-07 03:15:00,NA
627952,PEGATRON CORPORATION,NA,Pegatron Corporation,Franky Yang,[Intel NUC Wall Street Canyon/Pegatron/ADL-P]system cannot wake from Modern Standby by magic packet with AX200 wifi card,2021-07-07 02:39:00,NA
627952,PEGATRON CORPORATION,NA,Pegatron Corporation,Franky Yang,[Intel NUC Wall Street Canyon/Pegatron/ADL-P]system cannot wake from Modern Standby by magic packet with AX200 wifi card,2021-07-07 02:39:00,NA
627952,PEGATRON CORPORATION,NA,Pegatron Corporation,Franky Yang,[Intel NUC Wall Street Canyon/Pegatron/ADL-P]system cannot wake from Modern Standby by magic packet with AX200 wifi card,2021-07-07 02:39:00,NA
627641,"HUAQIN TECHNOLOGY CO., LTD",NA,"Huaqin Technology Co., Ltd",Brandon Yang,[HUAWEI][HUAQIN][Morgan][Intel TGL][Intel AX201] [21H1] Bluetooth device cannot be used after connect it successful.,2021-07-06 07:30:00,NA
627641,"HUAQIN TECHNOLOGY CO., LTD",NA,"Huaqin Technology Co., Ltd",Brandon Yang,[HUAWEI][HUAQIN][Morgan][Intel TGL][Intel AX201] [21H1] Bluetooth device cannot be used after connect it successful.,2021-07-06 07:30:00,NA
627641,"HUAQIN TECHNOLOGY CO., LTD",NA,"Huaqin Technology Co., Ltd",Brandon Yang,[HUAWEI][HUAQIN][Morgan][Intel TGL][Intel AX201] [21H1] Bluetooth device cannot be used after connect it successful.,2021-07-06 07:30:00,NA
627586,DYNABOOK INC.,NA,Dynabook Inc.,KJ Fang,[Dynabook] [Win10] Unable to search for WLAN APs after reboot machine with HrP2 2nd source Unit when testing AMT function,2021-07-06 03:47:00,NA
627586,DYNABOOK INC.,NA,Dynabook Inc.,KJ Fang,[Dynabook] [Win10] Unable to search for WLAN APs after reboot machine with HrP2 2nd source Unit when testing AMT function,2021-07-06 03:47:00,NA
627586,DYNABOOK INC.,NA,Dynabook Inc.,KJ Fang,[Dynabook] [Win10] Unable to search for WLAN APs after reboot machine with HrP2 2nd source Unit when testing AMT function,2021-07-06 03:47:00,NA
627509,"COMPAL ELECTRONICS, INC.",NA,"COMPAL ELECTRONICS, INC.",Wesley Kuo,[Lenovo-AIO][Comapl][A360][TGL-U][9560_AX201][Win11][100%]The BT throughput cannot meet spec(>=1.0 Mbps),2021-07-06 01:47:00,NA
627509,"COMPAL ELECTRONICS, INC.",NA,"COMPAL ELECTRONICS, INC.",Wesley Kuo,[Lenovo-AIO][Comapl][A360][TGL-U][9560_AX201][Win11][100%]The BT throughput cannot meet spec(>=1.0 Mbps),2021-07-06 01:47:00,NA
627509,"COMPAL ELECTRONICS, INC.",NA,"COMPAL ELECTRONICS, INC.",Wesley Kuo,[Lenovo-AIO][Comapl][A360][TGL-U][9560_AX201][Win11][100%]The BT throughput cannot meet spec(>=1.0 Mbps),2021-07-06 01:47:00,NA
627500,QUANTA COMPUTER INC.,NA,QUANTA COMPUTER INC.,Charles P Chu,[Huawei][Quanta][EulerD][TGL-UP4][AX201][20H2][WLAN][805009256] Connect wifi AP fail.,2021-07-06 01:37:00,NA
627500,QUANTA COMPUTER INC.,NA,QUANTA COMPUTER INC.,Charles P Chu,[Huawei][Quanta][EulerD][TGL-UP4][AX201][20H2][WLAN][805009256] Connect wifi AP fail.,2021-07-06 01:37:00,NA
627500,QUANTA COMPUTER INC.,NA,QUANTA COMPUTER INC.,Charles P Chu,[Huawei][Quanta][EulerD][TGL-UP4][AX201][20H2][WLAN][805009256] Connect wifi AP fail.,2021-07-06 01:37:00,NA
627327,MSI,NA,"MICRO-STAR INTERNATIONAL CO., LTD.",Franky Yang,"[MSI][NB][MS-1593][ADL-P]WiFi_3_Func_001_Wifi_Connect WiFi and BT at same time,  display has broken and Miracast randomly disconnet.",2021-07-05 17:08:00,NA
627327,MSI,NA,"MICRO-STAR INTERNATIONAL CO., LTD.",Franky Yang,"[MSI][NB][MS-1593][ADL-P]WiFi_3_Func_001_Wifi_Connect WiFi and BT at same time,  display has broken and Miracast randomly disconnet.",2021-07-05 17:08:00,NA
627327,MSI,NA,"MICRO-STAR INTERNATIONAL CO., LTD.",Franky Yang,"[MSI][NB][MS-1593][ADL-P]WiFi_3_Func_001_Wifi_Connect WiFi and BT at same time,  display has broken and Miracast randomly disconnet.",2021-07-05 17:08:00,NA
626903,WISTRON CORPORATION,NA,WISTRON CORPORATION,Timdaway Lai,[Lenovo ThinkPad China][LCFC][Ares2 AMD CZN][AX200]Module power can't meet BIOS SAR table,2021-07-02 03:55:00,NA
626903,WISTRON CORPORATION,NA,WISTRON CORPORATION,Timdaway Lai,[Lenovo ThinkPad China][LCFC][Ares2 AMD CZN][AX200]Module power can't meet BIOS SAR table,2021-07-02 03:55:00,NA
626903,WISTRON CORPORATION,NA,WISTRON CORPORATION,Timdaway Lai,[Lenovo ThinkPad China][LCFC][Ares2 AMD CZN][AX200]Module power can't meet BIOS SAR table,2021-07-02 03:55:00,NA
626778,QUANTA COMPUTER INC.,NA,QUANTA COMPUTER INC.,Brandon Yang,[Huawei][Quanta][NobelM][AX200][BT][805001711]Notebook doesn't send the second package successfully then causes then connecting BT device fail,2021-07-01 21:19:00,NA
626778,QUANTA COMPUTER INC.,NA,QUANTA COMPUTER INC.,Brandon Yang,[Huawei][Quanta][NobelM][AX200][BT][805001711]Notebook doesn't send the second package successfully then causes then connecting BT device fail,2021-07-01 21:19:00,NA
626778,QUANTA COMPUTER INC.,NA,QUANTA COMPUTER INC.,Brandon Yang,[Huawei][Quanta][NobelM][AX200][BT][805001711]Notebook doesn't send the second package successfully then causes then connecting BT device fail,2021-07-01 21:19:00,NA
626761,WISTRON CORPORATION,NA,WISTRON CORPORATION,Charles Yeh,[Dell][Wistron][ADL-P][StradaleMLK2] AX211 shows YB after installing 22.65.0.1 WLAN driver,2021-07-01 19:54:00,NA
626761,WISTRON CORPORATION,NA,WISTRON CORPORATION,Charles Yeh,[Dell][Wistron][ADL-P][StradaleMLK2] AX211 shows YB after installing 22.65.0.1 WLAN driver,2021-07-01 19:54:00,NA
626761,WISTRON CORPORATION,NA,WISTRON CORPORATION,Charles Yeh,[Dell][Wistron][ADL-P][StradaleMLK2] AX211 shows YB after installing 22.65.0.1 WLAN driver,2021-07-01 19:54:00,NA
626461,"SHANGHAI WINGTECH ELECTRONICS TECHNOLOGYCO., LTD.",NA,"SHANGHAI WINGTECH ELECTRONICS TECHNOLOGYCO., LTD.",Brandon Yang,"[Huawei][Wingtech][CurieM][AMD Cezanne][AX200][20H1]The PC is connected to the Bluetooth speaker, disconnect the connection immediately",2021-06-30 20:44:00,NA
626461,"SHANGHAI WINGTECH ELECTRONICS TECHNOLOGYCO., LTD.",NA,"SHANGHAI WINGTECH ELECTRONICS TECHNOLOGYCO., LTD.",Brandon Yang,"[Huawei][Wingtech][CurieM][AMD Cezanne][AX200][20H1]The PC is connected to the Bluetooth speaker, disconnect the connection immediately",2021-06-30 20:44:00,NA
626461,"SHANGHAI WINGTECH ELECTRONICS TECHNOLOGYCO., LTD.",NA,"SHANGHAI WINGTECH ELECTRONICS TECHNOLOGYCO., LTD.",Brandon Yang,"[Huawei][Wingtech][CurieM][AMD Cezanne][AX200][20H1]The PC is connected to the Bluetooth speaker, disconnect the connection immediately",2021-06-30 20:44:00,NA
626178,"SHANGHAI WINGTECH ELECTRONICS TECHNOLOGYCO., LTD.",NA,"SHANGHAI WINGTECH ELECTRONICS TECHNOLOGYCO., LTD.",Brandon Yang,[Huawei][Wingtech][Dirac][Intel Tiger Lake UP4][AX201][21H1] [BT]BSOD?SYSTEM_THREAD_EXCEPTION_NOT_HANDLED (7e),2021-06-29 23:36:00,NA
626178,"SHANGHAI WINGTECH ELECTRONICS TECHNOLOGYCO., LTD.",NA,"SHANGHAI WINGTECH ELECTRONICS TECHNOLOGYCO., LTD.",Brandon Yang,[Huawei][Wingtech][Dirac][Intel Tiger Lake UP4][AX201][21H1] [BT]BSOD?SYSTEM_THREAD_EXCEPTION_NOT_HANDLED (7e),2021-06-29 23:36:00,NA
626178,"SHANGHAI WINGTECH ELECTRONICS TECHNOLOGYCO., LTD.",NA,"SHANGHAI WINGTECH ELECTRONICS TECHNOLOGYCO., LTD.",Brandon Yang,[Huawei][Wingtech][Dirac][Intel Tiger Lake UP4][AX201][21H1] [BT]BSOD?SYSTEM_THREAD_EXCEPTION_NOT_HANDLED (7e),2021-06-29 23:36:00,NA
625964,"HUAQIN TECHNOLOGY CO., LTD",NA,"Huaqin Technology Co., Ltd",Zhiqiang Cai,[HONOR][HUAQIN][HiggsE][Intel TGL][Intel AX201][21H1][WIFI]WiFi driver lost due to side drop,2021-06-29 05:21:00,NA
625964,"HUAQIN TECHNOLOGY CO., LTD",NA,"Huaqin Technology Co., Ltd",Zhiqiang Cai,[HONOR][HUAQIN][HiggsE][Intel TGL][Intel AX201][21H1][WIFI]WiFi driver lost due to side drop,2021-06-29 05:21:00,NA
625964,"HUAQIN TECHNOLOGY CO., LTD",NA,"Huaqin Technology Co., Ltd",Zhiqiang Cai,[HONOR][HUAQIN][HiggsE][Intel TGL][Intel AX201][21H1][WIFI]WiFi driver lost due to side drop,2021-06-29 05:21:00,NA
625489,ELITEGROUP COMPUTER SYSTEMS CO. LTD,NA,ELITEGROUP COMPUTER SYSTEMS CO. LTD,Nicky Chen,"Attached is the SH20JL7 circuit and BRD. Please help confirm. Cnvio and Jasper Lake design and layout related details, thank you",2021-06-28 02:10:00,NA
625489,ELITEGROUP COMPUTER SYSTEMS CO. LTD,NA,ELITEGROUP COMPUTER SYSTEMS CO. LTD,Nicky Chen,"Attached is the SH20JL7 circuit and BRD. Please help confirm. Cnvio and Jasper Lake design and layout related details, thank you",2021-06-28 02:10:00,NA
625489,ELITEGROUP COMPUTER SYSTEMS CO. LTD,NA,ELITEGROUP COMPUTER SYSTEMS CO. LTD,Nicky Chen,"Attached is the SH20JL7 circuit and BRD. Please help confirm. Cnvio and Jasper Lake design and layout related details, thank you",2021-06-28 02:10:00,NA
625414,"HUAQIN TECHNOLOGY CO., LTD",NA,"Huaqin Technology Co., Ltd",Brandon Yang,[Realme][HUAQIN][Intel TGL][Intel ax201/intel 9560][21H1]To try again click the black arrow is displayed on DUT B when DUT A use Bluetooth to transfer files to DUT B. (FR:5%).,2021-06-27 23:35:00,NA
625414,"HUAQIN TECHNOLOGY CO., LTD",NA,"Huaqin Technology Co., Ltd",Brandon Yang,[Realme][HUAQIN][Intel TGL][Intel ax201/intel 9560][21H1]To try again click the black arrow is displayed on DUT B when DUT A use Bluetooth to transfer files to DUT B. (FR:5%).,2021-06-27 23:35:00,NA
625414,"HUAQIN TECHNOLOGY CO., LTD",NA,"Huaqin Technology Co., Ltd",Brandon Yang,[Realme][HUAQIN][Intel TGL][Intel ax201/intel 9560][21H1]To try again click the black arrow is displayed on DUT B when DUT A use Bluetooth to transfer files to DUT B. (FR:5%).,2021-06-27 23:35:00,NA
625290,"HUAQIN TECHNOLOGY CO., LTD",NA,"Huaqin Technology Co., Ltd",Zhiqiang Cai,[HONOR][HUAQIN][HalleyM][AMD Cezanne-H][Intel AX200][21H1][WIFI/BT]The device manager inside WIFI driver yellow label and Bluetooth driver lost in the vibration test,2021-06-26 04:57:00,NA
625290,"HUAQIN TECHNOLOGY CO., LTD",NA,"Huaqin Technology Co., Ltd",Zhiqiang Cai,[HONOR][HUAQIN][HalleyM][AMD Cezanne-H][Intel AX200][21H1][WIFI/BT]The device manager inside WIFI driver yellow label and Bluetooth driver lost in the vibration test,2021-06-26 04:57:00,NA
625290,"HUAQIN TECHNOLOGY CO., LTD",NA,"Huaqin Technology Co., Ltd",Zhiqiang Cai,[HONOR][HUAQIN][HalleyM][AMD Cezanne-H][Intel AX200][21H1][WIFI/BT]The device manager inside WIFI driver yellow label and Bluetooth driver lost in the vibration test,2021-06-26 04:57:00,NA
625270,"SHENZHEN BITLAND INFORMATION TECHNOLOGYCO., LTD.",NA,"SHENZHEN BITLAND INFORMATION TECHNOLOGYCO., LTD.",Brandon Yang,[Huawei/Bitland][CML-S][Pangu] ipad not been searched out in Bluetooth search interface after SUT idle 1.5 hour,2021-06-25 21:48:00,NA
625270,"SHENZHEN BITLAND INFORMATION TECHNOLOGYCO., LTD.",NA,"SHENZHEN BITLAND INFORMATION TECHNOLOGYCO., LTD.",Brandon Yang,[Huawei/Bitland][CML-S][Pangu] ipad not been searched out in Bluetooth search interface after SUT idle 1.5 hour,2021-06-25 21:48:00,NA
625270,"SHENZHEN BITLAND INFORMATION TECHNOLOGYCO., LTD.",NA,"SHENZHEN BITLAND INFORMATION TECHNOLOGYCO., LTD.",Brandon Yang,[Huawei/Bitland][CML-S][Pangu] ipad not been searched out in Bluetooth search interface after SUT idle 1.5 hour,2021-06-25 21:48:00,NA
625127,PEGATRON CORPORATION,NA,Pegatron Corporation,Franky Yang,Intel CNVI Schematic?WLAN Module Layout Review,2021-06-25 02:02:00,NA
625127,PEGATRON CORPORATION,NA,Pegatron Corporation,Franky Yang,Intel CNVI Schematic?WLAN Module Layout Review,2021-06-25 02:02:00,NA
625127,PEGATRON CORPORATION,NA,Pegatron Corporation,Franky Yang,Intel CNVI Schematic?WLAN Module Layout Review,2021-06-25 02:02:00,NA
625084,"SHENZHEN BITLAND INFORMATION TECHNOLOGYCO., LTD.",NA,"SHENZHEN BITLAND INFORMATION TECHNOLOGYCO., LTD.",Steven ZY Chen,[Xiaomi][Bitland][A7S][AMD APU Ryzen][AX200NGWG 2x2][21H1][1/40] Running ms test ouccurs BOSD,2021-06-25 00:15:00,NA
625084,"SHENZHEN BITLAND INFORMATION TECHNOLOGYCO., LTD.",NA,"SHENZHEN BITLAND INFORMATION TECHNOLOGYCO., LTD.",Steven ZY Chen,[Xiaomi][Bitland][A7S][AMD APU Ryzen][AX200NGWG 2x2][21H1][1/40] Running ms test ouccurs BOSD,2021-06-25 00:15:00,NA
625084,"SHENZHEN BITLAND INFORMATION TECHNOLOGYCO., LTD.",NA,"SHENZHEN BITLAND INFORMATION TECHNOLOGYCO., LTD.",Steven ZY Chen,[Xiaomi][Bitland][A7S][AMD APU Ryzen][AX200NGWG 2x2][21H1][1/40] Running ms test ouccurs BOSD,2021-06-25 00:15:00,NA
625034,QUANTA COMPUTER INC.,NA,QUANTA COMPUTER INC.,Brandon Yang,"[Huawei][Quanta][H81][CezanneM][AX200][20H2][BT][BUG-20210624-29641] Test unit connect BR Bluetooth mosue and Bluetooth headset playing Local music,  update Bluetooth driver 22.60.0.6 from device manger , system meet BSOD during installtion F/R:1/5",2021-06-24 21:29:00,NA
625034,QUANTA COMPUTER INC.,NA,QUANTA COMPUTER INC.,Brandon Yang,"[Huawei][Quanta][H81][CezanneM][AX200][20H2][BT][BUG-20210624-29641] Test unit connect BR Bluetooth mosue and Bluetooth headset playing Local music,  update Bluetooth driver 22.60.0.6 from device manger , system meet BSOD during installtion F/R:1/5",2021-06-24 21:29:00,NA
625034,QUANTA COMPUTER INC.,NA,QUANTA COMPUTER INC.,Brandon Yang,"[Huawei][Quanta][H81][CezanneM][AX200][20H2][BT][BUG-20210624-29641] Test unit connect BR Bluetooth mosue and Bluetooth headset playing Local music,  update Bluetooth driver 22.60.0.6 from device manger , system meet BSOD during installtion F/R:1/5",2021-06-24 21:29:00,NA
624747,"SHENZHEN BITLAND INFORMATION TECHNOLOGYCO., LTD.",NA,"SHENZHEN BITLAND INFORMATION TECHNOLOGYCO., LTD.",Brandon Yang,"[Huawei/Bitland][CML-S][Pangu] With Logitech BR mouse connected, drift/delay occurs",2021-06-23 23:57:00,NA
624747,"SHENZHEN BITLAND INFORMATION TECHNOLOGYCO., LTD.",NA,"SHENZHEN BITLAND INFORMATION TECHNOLOGYCO., LTD.",Brandon Yang,"[Huawei/Bitland][CML-S][Pangu] With Logitech BR mouse connected, drift/delay occurs",2021-06-23 23:57:00,NA
624747,"SHENZHEN BITLAND INFORMATION TECHNOLOGYCO., LTD.",NA,"SHENZHEN BITLAND INFORMATION TECHNOLOGYCO., LTD.",Brandon Yang,"[Huawei/Bitland][CML-S][Pangu] With Logitech BR mouse connected, drift/delay occurs",2021-06-23 23:57:00,NA
624475,"HUAQIN TECHNOLOGY CO., LTD",NA,"Huaqin Technology Co., Ltd",Zhiwei He,"[HUAWEI][HUAQIN][EmmyD][Intel TGL][Intel AX201[20H2][WIFI]When the PC is projected to the Huawei smart screen, the PC terminal prompts that it cannot be connected.",2021-06-23 01:44:00,NA
624475,"HUAQIN TECHNOLOGY CO., LTD",NA,"Huaqin Technology Co., Ltd",Zhiwei He,"[HUAWEI][HUAQIN][EmmyD][Intel TGL][Intel AX201[20H2][WIFI]When the PC is projected to the Huawei smart screen, the PC terminal prompts that it cannot be connected.",2021-06-23 01:44:00,NA
624475,"HUAQIN TECHNOLOGY CO., LTD",NA,"Huaqin Technology Co., Ltd",Zhiwei He,"[HUAWEI][HUAQIN][EmmyD][Intel TGL][Intel AX201[20H2][WIFI]When the PC is projected to the Huawei smart screen, the PC terminal prompts that it cannot be connected.",2021-06-23 01:44:00,NA
624403,"SHENZHEN BITLAND INFORMATION TECHNOLOGYCO., LTD.",NA,"SHENZHEN BITLAND INFORMATION TECHNOLOGYCO., LTD.",Charles P Chu,[Huawei/Bitland][CML-S][Pangu] WiFi show YB during burn in test (error code:10 the device cannot start) Failure rate: 2/778 units,2021-06-22 23:14:00,NA
624403,"SHENZHEN BITLAND INFORMATION TECHNOLOGYCO., LTD.",NA,"SHENZHEN BITLAND INFORMATION TECHNOLOGYCO., LTD.",Charles P Chu,[Huawei/Bitland][CML-S][Pangu] WiFi show YB during burn in test (error code:10 the device cannot start) Failure rate: 2/778 units,2021-06-22 23:14:00,NA
624403,"SHENZHEN BITLAND INFORMATION TECHNOLOGYCO., LTD.",NA,"SHENZHEN BITLAND INFORMATION TECHNOLOGYCO., LTD.",Charles P Chu,[Huawei/Bitland][CML-S][Pangu] WiFi show YB during burn in test (error code:10 the device cannot start) Failure rate: 2/778 units,2021-06-22 23:14:00,NA
624218,QUANTA COMPUTER INC.,NA,QUANTA COMPUTER INC.,Brandon Yang,[Huawei][Quanta][H98M][BohrB][AC9560/160MHz][21H2][BT][Driver_Release] v22.60 BT driver will be refreshed when moving BT mouse.,2021-06-22 05:33:00,NA
624218,QUANTA COMPUTER INC.,NA,QUANTA COMPUTER INC.,Brandon Yang,[Huawei][Quanta][H98M][BohrB][AC9560/160MHz][21H2][BT][Driver_Release] v22.60 BT driver will be refreshed when moving BT mouse.,2021-06-22 05:33:00,NA
624218,QUANTA COMPUTER INC.,NA,QUANTA COMPUTER INC.,Brandon Yang,[Huawei][Quanta][H98M][BohrB][AC9560/160MHz][21H2][BT][Driver_Release] v22.60 BT driver will be refreshed when moving BT mouse.,2021-06-22 05:33:00,NA
624171,"COMPAL ELECTRONICS, INC.",NA,"COMPAL ELECTRONICS, INC.",Zhiqiang Cai,"[Lenovo_IdeaPad][Compal][S550-14ITL][Windows October 2021 OS] Intel AX201:Unit Wifi show connected but can't surf the Internet. (F/R:1/2,3/10)",2021-06-22 02:27:00,NA
624171,"COMPAL ELECTRONICS, INC.",NA,"COMPAL ELECTRONICS, INC.",Zhiqiang Cai,"[Lenovo_IdeaPad][Compal][S550-14ITL][Windows October 2021 OS] Intel AX201:Unit Wifi show connected but can't surf the Internet. (F/R:1/2,3/10)",2021-06-22 02:27:00,NA
624171,"COMPAL ELECTRONICS, INC.",NA,"COMPAL ELECTRONICS, INC.",Zhiqiang Cai,"[Lenovo_IdeaPad][Compal][S550-14ITL][Windows October 2021 OS] Intel AX201:Unit Wifi show connected but can't surf the Internet. (F/R:1/2,3/10)",2021-06-22 02:27:00,NA
623805,QUANTA COMPUTER INC.,NA,QUANTA COMPUTER INC.,Brandon Yang,"[Huawei][Quanta][H9H][HookeD][AX201][20H2][BT][BUG-20210621-29228]System connect 2.4G, start iperf, A system send file(100M) to B system via BT unsucessfully F/R:100%",2021-06-21 03:05:00,NA
623805,QUANTA COMPUTER INC.,NA,QUANTA COMPUTER INC.,Brandon Yang,"[Huawei][Quanta][H9H][HookeD][AX201][20H2][BT][BUG-20210621-29228]System connect 2.4G, start iperf, A system send file(100M) to B system via BT unsucessfully F/R:100%",2021-06-21 03:05:00,NA
623805,QUANTA COMPUTER INC.,NA,QUANTA COMPUTER INC.,Brandon Yang,"[Huawei][Quanta][H9H][HookeD][AX201][20H2][BT][BUG-20210621-29228]System connect 2.4G, start iperf, A system send file(100M) to B system via BT unsucessfully F/R:100%",2021-06-21 03:05:00,NA
623751,"COMPAL ELECTRONICS, INC.",NA,"COMPAL ELECTRONICS, INC.",Franky Yang,Dell/Compal][ADL][Odyssey][DRTU] AX411 6-7G power table is empty in DRTU,2021-06-21 00:58:00,NA
623751,"COMPAL ELECTRONICS, INC.",NA,"COMPAL ELECTRONICS, INC.",Franky Yang,Dell/Compal][ADL][Odyssey][DRTU] AX411 6-7G power table is empty in DRTU,2021-06-21 00:58:00,NA
623751,"COMPAL ELECTRONICS, INC.",NA,"COMPAL ELECTRONICS, INC.",Franky Yang,Dell/Compal][ADL][Odyssey][DRTU] AX411 6-7G power table is empty in DRTU,2021-06-21 00:58:00,NA
623747,"SHANGHAI WINGTECH ELECTRONICS TECHNOLOGYCO., LTD.",NA,"SHANGHAI WINGTECH ELECTRONICS TECHNOLOGYCO., LTD.",Zhiwei He,[Huawei][Wingtech][Dirac][Intel Tiger Lake UP4][AX201][20H1] [WIFI]What is the OTA working principle of antenna? How to increase the efficiency of dual antenna and single antenna?How to make the antenna efficiency reach the best state?,2021-06-21 00:52:00,NA
623747,"SHANGHAI WINGTECH ELECTRONICS TECHNOLOGYCO., LTD.",NA,"SHANGHAI WINGTECH ELECTRONICS TECHNOLOGYCO., LTD.",Zhiwei He,[Huawei][Wingtech][Dirac][Intel Tiger Lake UP4][AX201][20H1] [WIFI]What is the OTA working principle of antenna? How to increase the efficiency of dual antenna and single antenna?How to make the antenna efficiency reach the best state?,2021-06-21 00:52:00,NA
623747,"SHANGHAI WINGTECH ELECTRONICS TECHNOLOGYCO., LTD.",NA,"SHANGHAI WINGTECH ELECTRONICS TECHNOLOGYCO., LTD.",Zhiwei He,[Huawei][Wingtech][Dirac][Intel Tiger Lake UP4][AX201][20H1] [WIFI]What is the OTA working principle of antenna? How to increase the efficiency of dual antenna and single antenna?How to make the antenna efficiency reach the best state?,2021-06-21 00:52:00,NA
623630,"SHANGHAI WINGTECH ELECTRONICS TECHNOLOGYCO., LTD.",NA,"SHANGHAI WINGTECH ELECTRONICS TECHNOLOGYCO., LTD.",Zhiwei He,"[Huawei][Wingtech][Dirac][Intel Tiger Lake UP4][AX201][20H1] [WIFI]Personal hot name set to ???WiFi88, in tester search for hot names display messy code",2021-06-20 19:13:00,NA
623630,"SHANGHAI WINGTECH ELECTRONICS TECHNOLOGYCO., LTD.",NA,"SHANGHAI WINGTECH ELECTRONICS TECHNOLOGYCO., LTD.",Zhiwei He,"[Huawei][Wingtech][Dirac][Intel Tiger Lake UP4][AX201][20H1] [WIFI]Personal hot name set to ???WiFi88, in tester search for hot names display messy code",2021-06-20 19:13:00,NA
623630,"SHANGHAI WINGTECH ELECTRONICS TECHNOLOGYCO., LTD.",NA,"SHANGHAI WINGTECH ELECTRONICS TECHNOLOGYCO., LTD.",Zhiwei He,"[Huawei][Wingtech][Dirac][Intel Tiger Lake UP4][AX201][20H1] [WIFI]Personal hot name set to ???WiFi88, in tester search for hot names display messy code",2021-06-20 19:13:00,NA
623194,QUANTA COMPUTER INC.,NA,QUANTA COMPUTER INC.,Brandon Yang,"[Huawei][Quanta][NobelM][AX200][20H2][BT][804975563] Connects BLE device fail: ""Connection Failed To Be Established"".",2021-06-17 04:20:00,NA
623194,QUANTA COMPUTER INC.,NA,QUANTA COMPUTER INC.,Brandon Yang,"[Huawei][Quanta][NobelM][AX200][20H2][BT][804975563] Connects BLE device fail: ""Connection Failed To Be Established"".",2021-06-17 04:20:00,NA
623194,QUANTA COMPUTER INC.,NA,QUANTA COMPUTER INC.,Brandon Yang,"[Huawei][Quanta][NobelM][AX200][20H2][BT][804975563] Connects BLE device fail: ""Connection Failed To Be Established"".",2021-06-17 04:20:00,NA
623075,INVENTEC CORPORATION,NA,INVENTEC CORPORATION,Brenton Wu,[Xiaomi][Inventec][A31[TGL-H35][AX201][20H2]The system will hang at Modern Standby .,2021-06-16 23:08:00,NA
623075,INVENTEC CORPORATION,NA,INVENTEC CORPORATION,Brenton Wu,[Xiaomi][Inventec][A31[TGL-H35][AX201][20H2]The system will hang at Modern Standby .,2021-06-16 23:08:00,NA
623075,INVENTEC CORPORATION,NA,INVENTEC CORPORATION,Brenton Wu,[Xiaomi][Inventec][A31[TGL-H35][AX201][20H2]The system will hang at Modern Standby .,2021-06-16 23:08:00,NA
622871,"HUAQIN TECHNOLOGY CO., LTD",NA,"Huaqin Technology Co., Ltd",Brandon Yang,[HONOR][HUAQIN][HiggsE][Intel TGL][Intel AX201][21H1][BT]No reaction to remove the paired bluetooth mouse,2021-06-16 03:29:00,NA
622871,"HUAQIN TECHNOLOGY CO., LTD",NA,"Huaqin Technology Co., Ltd",Brandon Yang,[HONOR][HUAQIN][HiggsE][Intel TGL][Intel AX201][21H1][BT]No reaction to remove the paired bluetooth mouse,2021-06-16 03:29:00,NA
622871,"HUAQIN TECHNOLOGY CO., LTD",NA,"Huaqin Technology Co., Ltd",Brandon Yang,[HONOR][HUAQIN][HiggsE][Intel TGL][Intel AX201][21H1][BT]No reaction to remove the paired bluetooth mouse,2021-06-16 03:29:00,NA
622656,AISTONE,NA,AIstone,Wesley Kuo,[SPG][Whitebook][TGL-H][King County] BSOD when running cold boot and warm boot,2021-06-15 18:29:00,NA
622656,AISTONE,NA,AIstone,Wesley Kuo,[SPG][Whitebook][TGL-H][King County] BSOD when running cold boot and warm boot,2021-06-15 18:29:00,NA
622656,AISTONE,NA,AIstone,Wesley Kuo,[SPG][Whitebook][TGL-H][King County] BSOD when running cold boot and warm boot,2021-06-15 18:29:00,NA
622569,"HUAQIN TECHNOLOGY CO., LTD",NA,"Huaqin Technology Co., Ltd",Brandon Yang,"[HONOR][HUAQIN][HiggsE][Intel TGL][Intel AX201][21H1][BT]BR Bluetooth after pairing, the Bluetooth mouse enters the pairing state again, and the DUT shows that it is connected",2021-06-15 06:31:00,NA
622569,"HUAQIN TECHNOLOGY CO., LTD",NA,"Huaqin Technology Co., Ltd",Brandon Yang,"[HONOR][HUAQIN][HiggsE][Intel TGL][Intel AX201][21H1][BT]BR Bluetooth after pairing, the Bluetooth mouse enters the pairing state again, and the DUT shows that it is connected",2021-06-15 06:31:00,NA
622569,"HUAQIN TECHNOLOGY CO., LTD",NA,"Huaqin Technology Co., Ltd",Brandon Yang,"[HONOR][HUAQIN][HiggsE][Intel TGL][Intel AX201][21H1][BT]BR Bluetooth after pairing, the Bluetooth mouse enters the pairing state again, and the DUT shows that it is connected",2021-06-15 06:31:00,NA
622366,QUANTA COMPUTER INC.,NA,QUANTA COMPUTER INC.,Brandon Yang,"[Huawei][Quanta][H9H][HookeD][AX201][20H2][BT][BUG-20210610-28431] One unit meet BSOD 7E , F/R:1/30 unit",2021-06-14 21:21:00,NA
622366,QUANTA COMPUTER INC.,NA,QUANTA COMPUTER INC.,Brandon Yang,"[Huawei][Quanta][H9H][HookeD][AX201][20H2][BT][BUG-20210610-28431] One unit meet BSOD 7E , F/R:1/30 unit",2021-06-14 21:21:00,NA
622366,QUANTA COMPUTER INC.,NA,QUANTA COMPUTER INC.,Brandon Yang,"[Huawei][Quanta][H9H][HookeD][AX201][20H2][BT][BUG-20210610-28431] One unit meet BSOD 7E , F/R:1/30 unit",2021-06-14 21:21:00,NA
622170,VAIO,NA,VAIO Corporation,Wesley Kuo,(Copy Of 00602198) Bluetooth LE mouse sometimes hang for a time.,2021-06-13 19:14:00,NA
622170,VAIO,NA,VAIO Corporation,Wesley Kuo,(Copy Of 00602198) Bluetooth LE mouse sometimes hang for a time.,2021-06-13 19:14:00,NA
622170,VAIO,NA,VAIO Corporation,Wesley Kuo,(Copy Of 00602198) Bluetooth LE mouse sometimes hang for a time.,2021-06-13 19:14:00,NA
622151,"HUAQIN TECHNOLOGY CO., LTD",NA,"Huaqin Technology Co., Ltd",Zhiwei He,[HUAWEI][HUAQIN][KelvinM][AMDLucienne][Intel AX200] [20H2] Wlanext.exe crash because of PIE_IHV.dll when synergy for screen via huawei PC manager.,2021-06-12 21:16:00,NA
622151,"HUAQIN TECHNOLOGY CO., LTD",NA,"Huaqin Technology Co., Ltd",Zhiwei He,[HUAWEI][HUAQIN][KelvinM][AMDLucienne][Intel AX200] [20H2] Wlanext.exe crash because of PIE_IHV.dll when synergy for screen via huawei PC manager.,2021-06-12 21:16:00,NA
622151,"HUAQIN TECHNOLOGY CO., LTD",NA,"Huaqin Technology Co., Ltd",Zhiwei He,[HUAWEI][HUAQIN][KelvinM][AMDLucienne][Intel AX200] [20H2] Wlanext.exe crash because of PIE_IHV.dll when synergy for screen via huawei PC manager.,2021-06-12 21:16:00,NA
622135,"SHENZHEN BITLAND INFORMATION TECHNOLOGYCO., LTD.",NA,"SHENZHEN BITLAND INFORMATION TECHNOLOGYCO., LTD.",Brenton Wu,"[XIAOMI][Bitland][A7R][Tiger Lake-H][AX200&AX201][19043.928][F/R2/2units,2/2cycle]The Machine can't enable sharing 5G hotspots",2021-06-11 22:44:00,NA
622135,"SHENZHEN BITLAND INFORMATION TECHNOLOGYCO., LTD.",NA,"SHENZHEN BITLAND INFORMATION TECHNOLOGYCO., LTD.",Brenton Wu,"[XIAOMI][Bitland][A7R][Tiger Lake-H][AX200&AX201][19043.928][F/R2/2units,2/2cycle]The Machine can't enable sharing 5G hotspots",2021-06-11 22:44:00,NA
622135,"SHENZHEN BITLAND INFORMATION TECHNOLOGYCO., LTD.",NA,"SHENZHEN BITLAND INFORMATION TECHNOLOGYCO., LTD.",Brenton Wu,"[XIAOMI][Bitland][A7R][Tiger Lake-H][AX200&AX201][19043.928][F/R2/2units,2/2cycle]The Machine can't enable sharing 5G hotspots",2021-06-11 22:44:00,NA
622131,"SHENZHEN BITLAND INFORMATION TECHNOLOGYCO., LTD.",NA,"SHENZHEN BITLAND INFORMATION TECHNOLOGYCO., LTD.",Brenton Wu,"[XIAOMI][Bitland][A7R][Tiger Lake-H][AX200&AX201][19043.928][2/2units,2/2cycle]The Machine can't project to XIAOMI TV directly or other monitors by wireless display box  when set to 802.11a/b/g wireless mode->5GHz 802.11a",2021-06-11 21:25:00,NA
622131,"SHENZHEN BITLAND INFORMATION TECHNOLOGYCO., LTD.",NA,"SHENZHEN BITLAND INFORMATION TECHNOLOGYCO., LTD.",Brenton Wu,"[XIAOMI][Bitland][A7R][Tiger Lake-H][AX200&AX201][19043.928][2/2units,2/2cycle]The Machine can't project to XIAOMI TV directly or other monitors by wireless display box  when set to 802.11a/b/g wireless mode->5GHz 802.11a",2021-06-11 21:25:00,NA
622131,"SHENZHEN BITLAND INFORMATION TECHNOLOGYCO., LTD.",NA,"SHENZHEN BITLAND INFORMATION TECHNOLOGYCO., LTD.",Brenton Wu,"[XIAOMI][Bitland][A7R][Tiger Lake-H][AX200&AX201][19043.928][2/2units,2/2cycle]The Machine can't project to XIAOMI TV directly or other monitors by wireless display box  when set to 802.11a/b/g wireless mode->5GHz 802.11a",2021-06-11 21:25:00,NA
622034,MSI,NA,"MICRO-STAR INTERNATIONAL CO., LTD.",Charles Yeh,AX210 cause long idel CPU package over CEC tier 2 SPEC,2021-06-11 02:35:00,NA
622034,MSI,NA,"MICRO-STAR INTERNATIONAL CO., LTD.",Charles Yeh,AX210 cause long idel CPU package over CEC tier 2 SPEC,2021-06-11 02:35:00,NA
622034,MSI,NA,"MICRO-STAR INTERNATIONAL CO., LTD.",Charles Yeh,AX210 cause long idel CPU package over CEC tier 2 SPEC,2021-06-11 02:35:00,NA
622032,QUANTA COMPUTER INC.,NA,QUANTA COMPUTER INC.,Brandon Yang,[Huawei][Quanta][NobelM][AX200][20H2][BT][804962239] BT controller of PC doesn't response HCI_Encryption_Change command to host.,2021-06-11 02:33:00,NA
622032,QUANTA COMPUTER INC.,NA,QUANTA COMPUTER INC.,Brandon Yang,[Huawei][Quanta][NobelM][AX200][20H2][BT][804962239] BT controller of PC doesn't response HCI_Encryption_Change command to host.,2021-06-11 02:33:00,NA
622032,QUANTA COMPUTER INC.,NA,QUANTA COMPUTER INC.,Brandon Yang,[Huawei][Quanta][NobelM][AX200][20H2][BT][804962239] BT controller of PC doesn't response HCI_Encryption_Change command to host.,2021-06-11 02:33:00,NA
621823,QUANTA COMPUTER INC.,NA,QUANTA COMPUTER INC.,Charles P Chu,[Huawei][Quanta][WrightD][TGL-U][AX201][20H1][WiFi][804964555] Cannot connect wifi AP after S4.,2021-06-10 09:28:00,NA
621823,QUANTA COMPUTER INC.,NA,QUANTA COMPUTER INC.,Charles P Chu,[Huawei][Quanta][WrightD][TGL-U][AX201][20H1][WiFi][804964555] Cannot connect wifi AP after S4.,2021-06-10 09:28:00,NA
621823,QUANTA COMPUTER INC.,NA,QUANTA COMPUTER INC.,Charles P Chu,[Huawei][Quanta][WrightD][TGL-U][AX201][20H1][WiFi][804964555] Cannot connect wifi AP after S4.,2021-06-10 09:28:00,NA
621543,"COMPAL ELECTRONICS, INC.",NA,"COMPAL ELECTRONICS, INC.",Franky Yang,[DELL/COMPAL][ADL-P][Odyssey][AX211-M.2 2230] NDT test tool FW ERROR,2021-06-09 19:42:00,NA
621543,"COMPAL ELECTRONICS, INC.",NA,"COMPAL ELECTRONICS, INC.",Franky Yang,[DELL/COMPAL][ADL-P][Odyssey][AX211-M.2 2230] NDT test tool FW ERROR,2021-06-09 19:42:00,NA
621543,"COMPAL ELECTRONICS, INC.",NA,"COMPAL ELECTRONICS, INC.",Franky Yang,[DELL/COMPAL][ADL-P][Odyssey][AX211-M.2 2230] NDT test tool FW ERROR,2021-06-09 19:42:00,NA
621328,"HUAQIN TECHNOLOGY CO., LTD",NA,"Huaqin Technology Co., Ltd",Wesley Kuo,[Lenovo-IdeaPad][HUAQIN][ThinkBook Plus G2][TGL][AX201][2021 October][100%][life cycle] There isn't hands-free mode after connect BT headset. (F/R: 100%),2021-06-09 00:16:00,NA
621328,"HUAQIN TECHNOLOGY CO., LTD",NA,"Huaqin Technology Co., Ltd",Wesley Kuo,[Lenovo-IdeaPad][HUAQIN][ThinkBook Plus G2][TGL][AX201][2021 October][100%][life cycle] There isn't hands-free mode after connect BT headset. (F/R: 100%),2021-06-09 00:16:00,NA
621328,"HUAQIN TECHNOLOGY CO., LTD",NA,"Huaqin Technology Co., Ltd",Wesley Kuo,[Lenovo-IdeaPad][HUAQIN][ThinkBook Plus G2][TGL][AX201][2021 October][100%][life cycle] There isn't hands-free mode after connect BT headset. (F/R: 100%),2021-06-09 00:16:00,NA
621155,QUANTA COMPUTER INC.,NA,QUANTA COMPUTER INC.,Brandon Yang,"[Huawei][Quanta][H9H][HookeD][AX201][20H2][BT][BUG-20210607-28059]One unit meet abnormal shutdown due to critical batttery , check sleepstudy report cause by Intel Bluetooth",2021-06-08 08:36:00,NA
621155,QUANTA COMPUTER INC.,NA,QUANTA COMPUTER INC.,Brandon Yang,"[Huawei][Quanta][H9H][HookeD][AX201][20H2][BT][BUG-20210607-28059]One unit meet abnormal shutdown due to critical batttery , check sleepstudy report cause by Intel Bluetooth",2021-06-08 08:36:00,NA
621155,QUANTA COMPUTER INC.,NA,QUANTA COMPUTER INC.,Brandon Yang,"[Huawei][Quanta][H9H][HookeD][AX201][20H2][BT][BUG-20210607-28059]One unit meet abnormal shutdown due to critical batttery , check sleepstudy report cause by Intel Bluetooth",2021-06-08 08:36:00,NA
621117,"HUAQIN TECHNOLOGY CO., LTD",NA,"Huaqin Technology Co., Ltd",Brandon Yang,"[HONOR][HUAQIN][HiggsE][Intel TGL][Intel AX201][21H1][BT]After adding four Bluetooth devices, the touch pad and Bluetooth mouse can be moved, and the desktop's app cannot be opened",2021-06-08 05:45:00,NA
621117,"HUAQIN TECHNOLOGY CO., LTD",NA,"Huaqin Technology Co., Ltd",Brandon Yang,"[HONOR][HUAQIN][HiggsE][Intel TGL][Intel AX201][21H1][BT]After adding four Bluetooth devices, the touch pad and Bluetooth mouse can be moved, and the desktop's app cannot be opened",2021-06-08 05:45:00,NA
621117,"HUAQIN TECHNOLOGY CO., LTD",NA,"Huaqin Technology Co., Ltd",Brandon Yang,"[HONOR][HUAQIN][HiggsE][Intel TGL][Intel AX201][21H1][BT]After adding four Bluetooth devices, the touch pad and Bluetooth mouse can be moved, and the desktop's app cannot be opened",2021-06-08 05:45:00,NA
621102,"HUAQIN TECHNOLOGY CO., LTD",NA,"Huaqin Technology Co., Ltd",Brandon Yang,[HONOR][HUAQIN][HiggsE][Intel TGL][Intel AX201][21H1][BT]Bluetooth mouse can be used when Bluetooth pairing is connecting,2021-06-08 04:24:00,NA
621102,"HUAQIN TECHNOLOGY CO., LTD",NA,"Huaqin Technology Co., Ltd",Brandon Yang,[HONOR][HUAQIN][HiggsE][Intel TGL][Intel AX201][21H1][BT]Bluetooth mouse can be used when Bluetooth pairing is connecting,2021-06-08 04:24:00,NA
621102,"HUAQIN TECHNOLOGY CO., LTD",NA,"Huaqin Technology Co., Ltd",Brandon Yang,[HONOR][HUAQIN][HiggsE][Intel TGL][Intel AX201][21H1][BT]Bluetooth mouse can be used when Bluetooth pairing is connecting,2021-06-08 04:24:00,NA
620973,"HUAQIN TECHNOLOGY CO., LTD",NA,"Huaqin Technology Co., Ltd",Brandon Yang,"[HONOR][HUAQIN][HiggsE][Intel TGL][Intel AX201][21H1][BT]Connect Bluetooth mouse, two audio devices are added to Bluetooth device interface",2021-06-08 00:28:00,NA
620973,"HUAQIN TECHNOLOGY CO., LTD",NA,"Huaqin Technology Co., Ltd",Brandon Yang,"[HONOR][HUAQIN][HiggsE][Intel TGL][Intel AX201][21H1][BT]Connect Bluetooth mouse, two audio devices are added to Bluetooth device interface",2021-06-08 00:28:00,NA
620973,"HUAQIN TECHNOLOGY CO., LTD",NA,"Huaqin Technology Co., Ltd",Brandon Yang,"[HONOR][HUAQIN][HiggsE][Intel TGL][Intel AX201][21H1][BT]Connect Bluetooth mouse, two audio devices are added to Bluetooth device interface",2021-06-08 00:28:00,NA
620971,"COMPAL ELECTRONICS, INC.",NA,"COMPAL ELECTRONICS, INC.",Leo Chiang,[Asus AIO_Compal] [AX210] HLK item Bluetooth - Platform support for Error Recovery test fail,2021-06-08 00:27:00,NA
620971,"COMPAL ELECTRONICS, INC.",NA,"COMPAL ELECTRONICS, INC.",Leo Chiang,[Asus AIO_Compal] [AX210] HLK item Bluetooth - Platform support for Error Recovery test fail,2021-06-08 00:27:00,NA
620971,"COMPAL ELECTRONICS, INC.",NA,"COMPAL ELECTRONICS, INC.",Leo Chiang,[Asus AIO_Compal] [AX210] HLK item Bluetooth - Platform support for Error Recovery test fail,2021-06-08 00:27:00,NA
620338,"FOXCONN TECHNOLOGY CO., LTD.",NA,"FOXCONN TECHNOLOGY CO., LTD.",Charles Yeh,[Dell_FXN][Cres][Fishhawk Falls Expert][Intel AX210]:Cres_'Allow this device to wake the computer' option is gray for Intel AX210 Properties under Device Manager.,2021-06-04 01:33:00,NA
620338,"FOXCONN TECHNOLOGY CO., LTD.",NA,"FOXCONN TECHNOLOGY CO., LTD.",Charles Yeh,[Dell_FXN][Cres][Fishhawk Falls Expert][Intel AX210]:Cres_'Allow this device to wake the computer' option is gray for Intel AX210 Properties under Device Manager.,2021-06-04 01:33:00,NA
620338,"FOXCONN TECHNOLOGY CO., LTD.",NA,"FOXCONN TECHNOLOGY CO., LTD.",Charles Yeh,[Dell_FXN][Cres][Fishhawk Falls Expert][Intel AX210]:Cres_'Allow this device to wake the computer' option is gray for Intel AX210 Properties under Device Manager.,2021-06-04 01:33:00,NA
620330,"FOXCONN TECHNOLOGY CO., LTD.",NA,"FOXCONN TECHNOLOGY CO., LTD.",Franky Yang,[Dell_FXN][Cres][Fishhawk Falls Expert][Intel AX210]:Cres_Unexpected critical error occurred in System Event log during Install WIFI driver (Event ID:5002/5010),2021-06-04 01:24:00,NA
620330,"FOXCONN TECHNOLOGY CO., LTD.",NA,"FOXCONN TECHNOLOGY CO., LTD.",Franky Yang,[Dell_FXN][Cres][Fishhawk Falls Expert][Intel AX210]:Cres_Unexpected critical error occurred in System Event log during Install WIFI driver (Event ID:5002/5010),2021-06-04 01:24:00,NA
620330,"FOXCONN TECHNOLOGY CO., LTD.",NA,"FOXCONN TECHNOLOGY CO., LTD.",Franky Yang,[Dell_FXN][Cres][Fishhawk Falls Expert][Intel AX210]:Cres_Unexpected critical error occurred in System Event log during Install WIFI driver (Event ID:5002/5010),2021-06-04 01:24:00,NA
620326,"FOXCONN TECHNOLOGY CO., LTD.",NA,"FOXCONN TECHNOLOGY CO., LTD.",Franky Yang,[Dell_FXN][Cres][Fishhawk Falls Expert]:Cres_Unexpected critical error occurred in System Event log during connection Internet Disable/Enable WIFI device (Event ID:2505),2021-06-04 01:18:00,NA
620326,"FOXCONN TECHNOLOGY CO., LTD.",NA,"FOXCONN TECHNOLOGY CO., LTD.",Franky Yang,[Dell_FXN][Cres][Fishhawk Falls Expert]:Cres_Unexpected critical error occurred in System Event log during connection Internet Disable/Enable WIFI device (Event ID:2505),2021-06-04 01:18:00,NA
620326,"FOXCONN TECHNOLOGY CO., LTD.",NA,"FOXCONN TECHNOLOGY CO., LTD.",Franky Yang,[Dell_FXN][Cres][Fishhawk Falls Expert]:Cres_Unexpected critical error occurred in System Event log during connection Internet Disable/Enable WIFI device (Event ID:2505),2021-06-04 01:18:00,NA
620266,"SHENZHEN BITLAND INFORMATION TECHNOLOGYCO., LTD.",NA,"SHENZHEN BITLAND INFORMATION TECHNOLOGYCO., LTD.",Charles P Chu,[Huawei/Bitland][CML-S][Pangu] WiFI and BT device show YB in device manager during test,2021-06-03 23:00:00,NA
620266,"SHENZHEN BITLAND INFORMATION TECHNOLOGYCO., LTD.",NA,"SHENZHEN BITLAND INFORMATION TECHNOLOGYCO., LTD.",Charles P Chu,[Huawei/Bitland][CML-S][Pangu] WiFI and BT device show YB in device manager during test,2021-06-03 23:00:00,NA
620266,"SHENZHEN BITLAND INFORMATION TECHNOLOGYCO., LTD.",NA,"SHENZHEN BITLAND INFORMATION TECHNOLOGYCO., LTD.",Charles P Chu,[Huawei/Bitland][CML-S][Pangu] WiFI and BT device show YB in device manager during test,2021-06-03 23:00:00,NA
620086,QUANTA COMPUTER INC.,NA,QUANTA COMPUTER INC.,Brandon Yang,[Huawei][Quanta][KelvinD][TGL-U][AX201][20H2][BT][804949626] BT mouse cannot be used suddenly.,2021-06-03 04:21:00,NA
620086,QUANTA COMPUTER INC.,NA,QUANTA COMPUTER INC.,Brandon Yang,[Huawei][Quanta][KelvinD][TGL-U][AX201][20H2][BT][804949626] BT mouse cannot be used suddenly.,2021-06-03 04:21:00,NA
620086,QUANTA COMPUTER INC.,NA,QUANTA COMPUTER INC.,Brandon Yang,[Huawei][Quanta][KelvinD][TGL-U][AX201][20H2][BT][804949626] BT mouse cannot be used suddenly.,2021-06-03 04:21:00,NA
619945,"SHENZHEN BITLAND INFORMATION TECHNOLOGYCO., LTD.",NA,"SHENZHEN BITLAND INFORMATION TECHNOLOGYCO., LTD.",Charles P Chu,[Huawei/Bitland][CML-S][Pangu] Any reference data about WiFi re-connection after system resume from S4,2021-06-02 23:05:00,NA
619945,"SHENZHEN BITLAND INFORMATION TECHNOLOGYCO., LTD.",NA,"SHENZHEN BITLAND INFORMATION TECHNOLOGYCO., LTD.",Charles P Chu,[Huawei/Bitland][CML-S][Pangu] Any reference data about WiFi re-connection after system resume from S4,2021-06-02 23:05:00,NA
619945,"SHENZHEN BITLAND INFORMATION TECHNOLOGYCO., LTD.",NA,"SHENZHEN BITLAND INFORMATION TECHNOLOGYCO., LTD.",Charles P Chu,[Huawei/Bitland][CML-S][Pangu] Any reference data about WiFi re-connection after system resume from S4,2021-06-02 23:05:00,NA
619577,"COMPAL ELECTRONICS, INC.",NA,"COMPAL ELECTRONICS, INC.",Zhiqiang Cai,[Lenovo-Ideapad][Compal][V350][AX201/AX200][Win Oct 2021] Intel WLAN/BT driver support HVCI,2021-06-01 20:58:00,NA
619577,"COMPAL ELECTRONICS, INC.",NA,"COMPAL ELECTRONICS, INC.",Zhiqiang Cai,[Lenovo-Ideapad][Compal][V350][AX201/AX200][Win Oct 2021] Intel WLAN/BT driver support HVCI,2021-06-01 20:58:00,NA
619577,"COMPAL ELECTRONICS, INC.",NA,"COMPAL ELECTRONICS, INC.",Zhiqiang Cai,[Lenovo-Ideapad][Compal][V350][AX201/AX200][Win Oct 2021] Intel WLAN/BT driver support HVCI,2021-06-01 20:58:00,NA
619326,"HUAQIN TECHNOLOGY CO., LTD",NA,"Huaqin Technology Co., Ltd",Brandon Yang,[HUAWEI][HUAQIN][KelvinC Comet lake][Intel 9560][20H2] Encryption process and paging process have abnormal timing,2021-06-01 04:37:00,NA
619326,"HUAQIN TECHNOLOGY CO., LTD",NA,"Huaqin Technology Co., Ltd",Brandon Yang,[HUAWEI][HUAQIN][KelvinC Comet lake][Intel 9560][20H2] Encryption process and paging process have abnormal timing,2021-06-01 04:37:00,NA
619326,"HUAQIN TECHNOLOGY CO., LTD",NA,"Huaqin Technology Co., Ltd",Brandon Yang,[HUAWEI][HUAQIN][KelvinC Comet lake][Intel 9560][20H2] Encryption process and paging process have abnormal timing,2021-06-01 04:37:00,NA
619222,"SHANGHAI WINGTECH ELECTRONICS TECHNOLOGYCO., LTD.",NA,"SHANGHAI WINGTECH ELECTRONICS TECHNOLOGYCO., LTD.",Zhiwei He,[Huawei][Wingtech][CurieM][AMD Cezanne][AX200][20H2]The BSOD(0x9f) appears after a repeated restart,2021-06-01 00:39:00,NA
619222,"SHANGHAI WINGTECH ELECTRONICS TECHNOLOGYCO., LTD.",NA,"SHANGHAI WINGTECH ELECTRONICS TECHNOLOGYCO., LTD.",Zhiwei He,[Huawei][Wingtech][CurieM][AMD Cezanne][AX200][20H2]The BSOD(0x9f) appears after a repeated restart,2021-06-01 00:39:00,NA
619222,"SHANGHAI WINGTECH ELECTRONICS TECHNOLOGYCO., LTD.",NA,"SHANGHAI WINGTECH ELECTRONICS TECHNOLOGYCO., LTD.",Zhiwei He,[Huawei][Wingtech][CurieM][AMD Cezanne][AX200][20H2]The BSOD(0x9f) appears after a repeated restart,2021-06-01 00:39:00,NA
618802,NEC,NA,"NEC PERSONAL COMPUTERS,LTD.",Frank Lee,[NECPC-JP][WirelessLAN]The connection with the AP is lost.,2021-05-30 21:58:00,NA
618802,NEC,NA,"NEC PERSONAL COMPUTERS,LTD.",Frank Lee,[NECPC-JP][WirelessLAN]The connection with the AP is lost.,2021-05-30 21:58:00,NA
618802,NEC,NA,"NEC PERSONAL COMPUTERS,LTD.",Frank Lee,[NECPC-JP][WirelessLAN]The connection with the AP is lost.,2021-05-30 21:58:00,NA
618790,QUANTA COMPUTER INC.,NA,QUANTA COMPUTER INC.,Brandon Yang,[Huawei][Quanta][EulerD][TGL-UP4][AX201][20H2][804943681] Huawei SoundX BT speaker has no sound suddenly.,2021-05-30 20:50:00,NA
618790,QUANTA COMPUTER INC.,NA,QUANTA COMPUTER INC.,Brandon Yang,[Huawei][Quanta][EulerD][TGL-UP4][AX201][20H2][804943681] Huawei SoundX BT speaker has no sound suddenly.,2021-05-30 20:50:00,NA
618790,QUANTA COMPUTER INC.,NA,QUANTA COMPUTER INC.,Brandon Yang,[Huawei][Quanta][EulerD][TGL-UP4][AX201][20H2][804943681] Huawei SoundX BT speaker has no sound suddenly.,2021-05-30 20:50:00,NA
618746,"HUAQIN TECHNOLOGY CO., LTD",NA,"Huaqin Technology Co., Ltd",Zhiqiang Cai,[HONOR][HUAQIN][Halley M][AMD Cezanne-H][Intel AX200][20H2][WIFI]The WIFI card lost in device manger after reboot the notebook,2021-05-30 19:22:00,NA
618746,"HUAQIN TECHNOLOGY CO., LTD",NA,"Huaqin Technology Co., Ltd",Zhiqiang Cai,[HONOR][HUAQIN][Halley M][AMD Cezanne-H][Intel AX200][20H2][WIFI]The WIFI card lost in device manger after reboot the notebook,2021-05-30 19:22:00,NA
618746,"HUAQIN TECHNOLOGY CO., LTD",NA,"Huaqin Technology Co., Ltd",Zhiqiang Cai,[HONOR][HUAQIN][Halley M][AMD Cezanne-H][Intel AX200][20H2][WIFI]The WIFI card lost in device manger after reboot the notebook,2021-05-30 19:22:00,NA
618635,QUANTA COMPUTER INC.,NA,QUANTA COMPUTER INC.,Brandon Yang,[Huawei][Quanta][EulerD][TGL-UP4][AX201][20H2][804942811] Cannot enter modern standby mode(BT driver keeps D0 status),2021-05-28 10:15:00,NA
618635,QUANTA COMPUTER INC.,NA,QUANTA COMPUTER INC.,Brandon Yang,[Huawei][Quanta][EulerD][TGL-UP4][AX201][20H2][804942811] Cannot enter modern standby mode(BT driver keeps D0 status),2021-05-28 10:15:00,NA
618635,QUANTA COMPUTER INC.,NA,QUANTA COMPUTER INC.,Brandon Yang,[Huawei][Quanta][EulerD][TGL-UP4][AX201][20H2][804942811] Cannot enter modern standby mode(BT driver keeps D0 status),2021-05-28 10:15:00,NA
617924,"SHANGHAI WINGTECH ELECTRONICS TECHNOLOGYCO., LTD.",NA,"SHANGHAI WINGTECH ELECTRONICS TECHNOLOGYCO., LTD.",Zhiwei He,[Huawei][Wingtech][Dirac][Intel Tiger Lake UP4][AX201D2W][21H1] [WLAN][Modern standby issue],2021-05-26 04:13:00,NA
617924,"SHANGHAI WINGTECH ELECTRONICS TECHNOLOGYCO., LTD.",NA,"SHANGHAI WINGTECH ELECTRONICS TECHNOLOGYCO., LTD.",Zhiwei He,[Huawei][Wingtech][Dirac][Intel Tiger Lake UP4][AX201D2W][21H1] [WLAN][Modern standby issue],2021-05-26 04:13:00,NA
617924,"SHANGHAI WINGTECH ELECTRONICS TECHNOLOGYCO., LTD.",NA,"SHANGHAI WINGTECH ELECTRONICS TECHNOLOGYCO., LTD.",Zhiwei He,[Huawei][Wingtech][Dirac][Intel Tiger Lake UP4][AX201D2W][21H1] [WLAN][Modern standby issue],2021-05-26 04:13:00,NA
617855,QUANTA COMPUTER INC.,NA,QUANTA COMPUTER INC.,Charles P Chu,"[Huawei][Quanta][H81][CezanneM][AX200][20H2][WiFi][BUG-20210514-25512] Resume from Hibernation , can't auto connect hotspot , F/R:( 5/500)",2021-05-26 01:00:00,NA
617855,QUANTA COMPUTER INC.,NA,QUANTA COMPUTER INC.,Charles P Chu,"[Huawei][Quanta][H81][CezanneM][AX200][20H2][WiFi][BUG-20210514-25512] Resume from Hibernation , can't auto connect hotspot , F/R:( 5/500)",2021-05-26 01:00:00,NA
617855,QUANTA COMPUTER INC.,NA,QUANTA COMPUTER INC.,Charles P Chu,"[Huawei][Quanta][H81][CezanneM][AX200][20H2][WiFi][BUG-20210514-25512] Resume from Hibernation , can't auto connect hotspot , F/R:( 5/500)",2021-05-26 01:00:00,NA
617539,"HUAQIN TECHNOLOGY CO., LTD",NA,"Huaqin Technology Co., Ltd",Brandon Yang,"[Realme][HUAQIN][Intel TGL][Intel AX201&Intel 9560][21H1]Bluetooth pairing failure display ""That didn't work.Make sure your Bluetooth device is still discoverable,then try again""",2021-05-25 02:00:00,NA
617539,"HUAQIN TECHNOLOGY CO., LTD",NA,"Huaqin Technology Co., Ltd",Brandon Yang,"[Realme][HUAQIN][Intel TGL][Intel AX201&Intel 9560][21H1]Bluetooth pairing failure display ""That didn't work.Make sure your Bluetooth device is still discoverable,then try again""",2021-05-25 02:00:00,NA
617539,"HUAQIN TECHNOLOGY CO., LTD",NA,"Huaqin Technology Co., Ltd",Brandon Yang,"[Realme][HUAQIN][Intel TGL][Intel AX201&Intel 9560][21H1]Bluetooth pairing failure display ""That didn't work.Make sure your Bluetooth device is still discoverable,then try again""",2021-05-25 02:00:00,NA
617443,WISTRON CORPORATION,NA,WISTRON CORPORATION,Brandon Yang,[Lenovo-ThinkPad][Wistron][L13 Gen 2 2a][CZN][AX200][20H2][48%][LR][Ares2_AMD]SUT show Bluetooth error message during AOAC Longrun,2021-05-24 23:49:00,NA
617443,WISTRON CORPORATION,NA,WISTRON CORPORATION,Brandon Yang,[Lenovo-ThinkPad][Wistron][L13 Gen 2 2a][CZN][AX200][20H2][48%][LR][Ares2_AMD]SUT show Bluetooth error message during AOAC Longrun,2021-05-24 23:49:00,NA
617443,WISTRON CORPORATION,NA,WISTRON CORPORATION,Brandon Yang,[Lenovo-ThinkPad][Wistron][L13 Gen 2 2a][CZN][AX200][20H2][48%][LR][Ares2_AMD]SUT show Bluetooth error message during AOAC Longrun,2021-05-24 23:49:00,NA
617336,"SHENZHEN BITLAND INFORMATION TECHNOLOGYCO., LTD.","SHENZHEN BITLAND INFORMATION TECHNOLOGYCO., LTD.","SHENZHEN BITLAND INFORMATION TECHNOLOGYCO., LTD.",Charles P Chu,[Huawei/Bitland][CML-S][Pangu] RSE Test Fail For 5G WIFI_11ac_160M_CH50/114&5G WIFI_11ax_160M_CH50/114 RSE Test Fail?test result:-27.02dB? standard limit:-30dB,2021-05-24 19:20:00,NA
617205,"SHANGHAI WINGTECH ELECTRONICS TECHNOLOGYCO., LTD.",NA,"SHANGHAI WINGTECH ELECTRONICS TECHNOLOGYCO., LTD.",Zhiwei He,"[Huawei][Wingtech][Dirac][Intel Tiger Lake UP4][AX201][20H1] [WIFI]Current products out of Thailand, BIOS how to set the power meter and cut the country code?What should be paid attention to in the power certification",2021-05-24 03:29:00,NA
617205,"SHANGHAI WINGTECH ELECTRONICS TECHNOLOGYCO., LTD.",NA,"SHANGHAI WINGTECH ELECTRONICS TECHNOLOGYCO., LTD.",Zhiwei He,"[Huawei][Wingtech][Dirac][Intel Tiger Lake UP4][AX201][20H1] [WIFI]Current products out of Thailand, BIOS how to set the power meter and cut the country code?What should be paid attention to in the power certification",2021-05-24 03:29:00,NA
617205,"SHANGHAI WINGTECH ELECTRONICS TECHNOLOGYCO., LTD.",NA,"SHANGHAI WINGTECH ELECTRONICS TECHNOLOGYCO., LTD.",Zhiwei He,"[Huawei][Wingtech][Dirac][Intel Tiger Lake UP4][AX201][20H1] [WIFI]Current products out of Thailand, BIOS how to set the power meter and cut the country code?What should be paid attention to in the power certification",2021-05-24 03:29:00,NA
617153,"COMPAL ELECTRONICS, INC.",NA,"COMPAL ELECTRONICS, INC.",Frank Lee,intel9560 fail RSSI on ice lake platform,2021-05-24 01:32:00,NA
617153,"COMPAL ELECTRONICS, INC.",NA,"COMPAL ELECTRONICS, INC.",Frank Lee,intel9560 fail RSSI on ice lake platform,2021-05-24 01:32:00,NA
617153,"COMPAL ELECTRONICS, INC.",NA,"COMPAL ELECTRONICS, INC.",Frank Lee,intel9560 fail RSSI on ice lake platform,2021-05-24 01:32:00,NA
617135,"SHENZHEN BITLAND INFORMATION TECHNOLOGYCO., LTD.",NA,"SHENZHEN BITLAND INFORMATION TECHNOLOGYCO., LTD.",Brandon Yang,"[Huawei/Bitland][CML-S][Pangu] Doing WLAN downloading service, to send/receive a 10MB file through Bluetooth, the transmission rate is lower than competitive PC(Wireless-AC 9462)",2021-05-24 01:10:00,NA
617135,"SHENZHEN BITLAND INFORMATION TECHNOLOGYCO., LTD.",NA,"SHENZHEN BITLAND INFORMATION TECHNOLOGYCO., LTD.",Brandon Yang,"[Huawei/Bitland][CML-S][Pangu] Doing WLAN downloading service, to send/receive a 10MB file through Bluetooth, the transmission rate is lower than competitive PC(Wireless-AC 9462)",2021-05-24 01:10:00,NA
617135,"SHENZHEN BITLAND INFORMATION TECHNOLOGYCO., LTD.",NA,"SHENZHEN BITLAND INFORMATION TECHNOLOGYCO., LTD.",Brandon Yang,"[Huawei/Bitland][CML-S][Pangu] Doing WLAN downloading service, to send/receive a 10MB file through Bluetooth, the transmission rate is lower than competitive PC(Wireless-AC 9462)",2021-05-24 01:10:00,NA
617127,"SHENZHEN BITLAND INFORMATION TECHNOLOGYCO., LTD.",NA,"SHENZHEN BITLAND INFORMATION TECHNOLOGYCO., LTD.",Brandon Yang,"[Huawei/Bitland][CML-S][Pangu] To send/receive a 10MB file through Bluetooth, the transmission rate cannot reach to 120KB/s",2021-05-24 00:42:00,NA
617127,"SHENZHEN BITLAND INFORMATION TECHNOLOGYCO., LTD.",NA,"SHENZHEN BITLAND INFORMATION TECHNOLOGYCO., LTD.",Brandon Yang,"[Huawei/Bitland][CML-S][Pangu] To send/receive a 10MB file through Bluetooth, the transmission rate cannot reach to 120KB/s",2021-05-24 00:42:00,NA
617127,"SHENZHEN BITLAND INFORMATION TECHNOLOGYCO., LTD.",NA,"SHENZHEN BITLAND INFORMATION TECHNOLOGYCO., LTD.",Brandon Yang,"[Huawei/Bitland][CML-S][Pangu] To send/receive a 10MB file through Bluetooth, the transmission rate cannot reach to 120KB/s",2021-05-24 00:42:00,NA
617103,"SHANGHAI WINGTECH ELECTRONICS TECHNOLOGYCO., LTD.",NA,"SHANGHAI WINGTECH ELECTRONICS TECHNOLOGYCO., LTD.",Zhiwei He,"[Huawei][Wingtech][Dirac][Intel Tiger Lake UP4][AX201][20H1] [WIFI]After the compatibility test, the WiFi throughput recovered to less than the original level",2021-05-23 23:46:00,NA
617103,"SHANGHAI WINGTECH ELECTRONICS TECHNOLOGYCO., LTD.",NA,"SHANGHAI WINGTECH ELECTRONICS TECHNOLOGYCO., LTD.",Zhiwei He,"[Huawei][Wingtech][Dirac][Intel Tiger Lake UP4][AX201][20H1] [WIFI]After the compatibility test, the WiFi throughput recovered to less than the original level",2021-05-23 23:46:00,NA
617103,"SHANGHAI WINGTECH ELECTRONICS TECHNOLOGYCO., LTD.",NA,"SHANGHAI WINGTECH ELECTRONICS TECHNOLOGYCO., LTD.",Zhiwei He,"[Huawei][Wingtech][Dirac][Intel Tiger Lake UP4][AX201][20H1] [WIFI]After the compatibility test, the WiFi throughput recovered to less than the original level",2021-05-23 23:46:00,NA
616605,"HUAQIN TECHNOLOGY CO., LTD",NA,"Huaqin Technology Co., Ltd",Brandon Yang,[Realme][HUAQIN][Intel TGL][Intel ax201/intel 9560][21H1] Bluetooth mouse and Bluetooth audio device automatically disconnect during play online video(FR:10%).,2021-05-20 07:18:00,NA
616605,"HUAQIN TECHNOLOGY CO., LTD",NA,"Huaqin Technology Co., Ltd",Brandon Yang,[Realme][HUAQIN][Intel TGL][Intel ax201/intel 9560][21H1] Bluetooth mouse and Bluetooth audio device automatically disconnect during play online video(FR:10%).,2021-05-20 07:18:00,NA
616605,"HUAQIN TECHNOLOGY CO., LTD",NA,"Huaqin Technology Co., Ltd",Brandon Yang,[Realme][HUAQIN][Intel TGL][Intel ax201/intel 9560][21H1] Bluetooth mouse and Bluetooth audio device automatically disconnect during play online video(FR:10%).,2021-05-20 07:18:00,NA
616545,"SHANGHAI WINGTECH ELECTRONICS TECHNOLOGYCO., LTD.",NA,"SHANGHAI WINGTECH ELECTRONICS TECHNOLOGYCO., LTD.",Zhiwei He,[Huawei][Wingtech][Dirac][Intel Tiger Lake UP4][AX201][20H1] [WIFI]What is the throughput when the modules coexist? Can we modify the duty cycle,2021-05-20 03:52:00,NA
616545,"SHANGHAI WINGTECH ELECTRONICS TECHNOLOGYCO., LTD.",NA,"SHANGHAI WINGTECH ELECTRONICS TECHNOLOGYCO., LTD.",Zhiwei He,[Huawei][Wingtech][Dirac][Intel Tiger Lake UP4][AX201][20H1] [WIFI]What is the throughput when the modules coexist? Can we modify the duty cycle,2021-05-20 03:52:00,NA
616545,"SHANGHAI WINGTECH ELECTRONICS TECHNOLOGYCO., LTD.",NA,"SHANGHAI WINGTECH ELECTRONICS TECHNOLOGYCO., LTD.",Zhiwei He,[Huawei][Wingtech][Dirac][Intel Tiger Lake UP4][AX201][20H1] [WIFI]What is the throughput when the modules coexist? Can we modify the duty cycle,2021-05-20 03:52:00,NA
616446,"HUAQIN TECHNOLOGY CO., LTD",NA,"Huaqin Technology Co., Ltd",Brandon Yang,[HUAQIN][NB2757][Intel TGL][Intel VGA Audio[20H2]Found record APP will cannot record during use BT headset listen to music/record and then switch to USB headset to listen music/record,2021-05-20 00:02:00,NA
616446,"HUAQIN TECHNOLOGY CO., LTD",NA,"Huaqin Technology Co., Ltd",Brandon Yang,[HUAQIN][NB2757][Intel TGL][Intel VGA Audio[20H2]Found record APP will cannot record during use BT headset listen to music/record and then switch to USB headset to listen music/record,2021-05-20 00:02:00,NA
616446,"HUAQIN TECHNOLOGY CO., LTD",NA,"Huaqin Technology Co., Ltd",Brandon Yang,[HUAQIN][NB2757][Intel TGL][Intel VGA Audio[20H2]Found record APP will cannot record during use BT headset listen to music/record and then switch to USB headset to listen music/record,2021-05-20 00:02:00,NA
616363,"HUAQIN TECHNOLOGY CO., LTD",NA,"Huaqin Technology Co., Ltd",Brandon Yang,[Realme][HUAQIN][Intel TGL][Intel ax201/intel 9560][21H1]To repeat turn on/off Bluetooth in setting UI and  the  bluetooth audio cannot be reconnected. (FR:40%).,2021-05-19 19:02:00,NA
616363,"HUAQIN TECHNOLOGY CO., LTD",NA,"Huaqin Technology Co., Ltd",Brandon Yang,[Realme][HUAQIN][Intel TGL][Intel ax201/intel 9560][21H1]To repeat turn on/off Bluetooth in setting UI and  the  bluetooth audio cannot be reconnected. (FR:40%).,2021-05-19 19:02:00,NA
616363,"HUAQIN TECHNOLOGY CO., LTD",NA,"Huaqin Technology Co., Ltd",Brandon Yang,[Realme][HUAQIN][Intel TGL][Intel ax201/intel 9560][21H1]To repeat turn on/off Bluetooth in setting UI and  the  bluetooth audio cannot be reconnected. (FR:40%).,2021-05-19 19:02:00,NA
616273,WISTRON CORPORATION,NA,WISTRON CORPORATION,Leo Chiang,"[Dell-Wistron][D12][ADL-S][WiFi] BT mouse isn't working while WLAN is being reset via running ""PLDRTest.exe a"" with Intel WLAN card Sut.(FR:1/5)",2021-05-19 07:06:00,NA
616273,WISTRON CORPORATION,NA,WISTRON CORPORATION,Leo Chiang,"[Dell-Wistron][D12][ADL-S][WiFi] BT mouse isn't working while WLAN is being reset via running ""PLDRTest.exe a"" with Intel WLAN card Sut.(FR:1/5)",2021-05-19 07:06:00,NA
616273,WISTRON CORPORATION,NA,WISTRON CORPORATION,Leo Chiang,"[Dell-Wistron][D12][ADL-S][WiFi] BT mouse isn't working while WLAN is being reset via running ""PLDRTest.exe a"" with Intel WLAN card Sut.(FR:1/5)",2021-05-19 07:06:00,NA
616272,WISTRON CORPORATION,NA,WISTRON CORPORATION,Charles Yeh,"[Dell-Wistron][D12][ADL-S][WiFi] Sut shows not arrived after running ""PLDRTest.exe a"" with Intel WLAN card Sut.(FR:2/10)",2021-05-19 06:51:00,NA
616272,WISTRON CORPORATION,NA,WISTRON CORPORATION,Charles Yeh,"[Dell-Wistron][D12][ADL-S][WiFi] Sut shows not arrived after running ""PLDRTest.exe a"" with Intel WLAN card Sut.(FR:2/10)",2021-05-19 06:51:00,NA
616272,WISTRON CORPORATION,NA,WISTRON CORPORATION,Charles Yeh,"[Dell-Wistron][D12][ADL-S][WiFi] Sut shows not arrived after running ""PLDRTest.exe a"" with Intel WLAN card Sut.(FR:2/10)",2021-05-19 06:51:00,NA
616209,"HUAQIN TECHNOLOGY CO., LTD",NA,"Huaqin Technology Co., Ltd",Brandon Yang,[Realme][HUAQIN][Intel TGL][Intel ax201/intel 9560][21H1]To repeat turn on/off Bluetooth in setting UI and  the paired bluetooth mouse and keyboard are lost . (FR:10%),2021-05-19 02:39:00,NA
616209,"HUAQIN TECHNOLOGY CO., LTD",NA,"Huaqin Technology Co., Ltd",Brandon Yang,[Realme][HUAQIN][Intel TGL][Intel ax201/intel 9560][21H1]To repeat turn on/off Bluetooth in setting UI and  the paired bluetooth mouse and keyboard are lost . (FR:10%),2021-05-19 02:39:00,NA
616209,"HUAQIN TECHNOLOGY CO., LTD",NA,"Huaqin Technology Co., Ltd",Brandon Yang,[Realme][HUAQIN][Intel TGL][Intel ax201/intel 9560][21H1]To repeat turn on/off Bluetooth in setting UI and  the paired bluetooth mouse and keyboard are lost . (FR:10%),2021-05-19 02:39:00,NA
616042,"COMPAL ELECTRONICS, INC.",NA,"COMPAL ELECTRONICS, INC.",Franky Yang,[DELL][Compal][Tributo][20H2] EVT Bios SAR power table read by Ant tool,2021-05-18 19:51:00,NA
616042,"COMPAL ELECTRONICS, INC.",NA,"COMPAL ELECTRONICS, INC.",Franky Yang,[DELL][Compal][Tributo][20H2] EVT Bios SAR power table read by Ant tool,2021-05-18 19:51:00,NA
616042,"COMPAL ELECTRONICS, INC.",NA,"COMPAL ELECTRONICS, INC.",Franky Yang,[DELL][Compal][Tributo][20H2] EVT Bios SAR power table read by Ant tool,2021-05-18 19:51:00,NA
615926,"HUAQIN TECHNOLOGY CO., LTD",NA,"Huaqin Technology Co., Ltd",Brandon Yang,"[Realme][HUAQIN][Intel TGL][Intel ax201/intel 9560][21H1]DUT prompts ""try connecting your device again"" when DUT searches the Bluetooth headset and connect it ,connecting devce again and the device does not respond",2021-05-18 07:04:00,NA
615926,"HUAQIN TECHNOLOGY CO., LTD",NA,"Huaqin Technology Co., Ltd",Brandon Yang,"[Realme][HUAQIN][Intel TGL][Intel ax201/intel 9560][21H1]DUT prompts ""try connecting your device again"" when DUT searches the Bluetooth headset and connect it ,connecting devce again and the device does not respond",2021-05-18 07:04:00,NA
615926,"HUAQIN TECHNOLOGY CO., LTD",NA,"Huaqin Technology Co., Ltd",Brandon Yang,"[Realme][HUAQIN][Intel TGL][Intel ax201/intel 9560][21H1]DUT prompts ""try connecting your device again"" when DUT searches the Bluetooth headset and connect it ,connecting devce again and the device does not respond",2021-05-18 07:04:00,NA
615914,"HUAQIN TECHNOLOGY CO., LTD",NA,"Huaqin Technology Co., Ltd",Brandon Yang,"[Realme][HUAQIN][Intel TGL][Intel ax201/intel 9560][21H1]DUT and mobile phone paired successfully,the phone will pop up "" Bluetooth pairing request"" prompt box after a while.    F/R:1/1units 8/10 Cycles",2021-05-18 05:39:00,NA
615914,"HUAQIN TECHNOLOGY CO., LTD",NA,"Huaqin Technology Co., Ltd",Brandon Yang,"[Realme][HUAQIN][Intel TGL][Intel ax201/intel 9560][21H1]DUT and mobile phone paired successfully,the phone will pop up "" Bluetooth pairing request"" prompt box after a while.    F/R:1/1units 8/10 Cycles",2021-05-18 05:39:00,NA
615914,"HUAQIN TECHNOLOGY CO., LTD",NA,"Huaqin Technology Co., Ltd",Brandon Yang,"[Realme][HUAQIN][Intel TGL][Intel ax201/intel 9560][21H1]DUT and mobile phone paired successfully,the phone will pop up "" Bluetooth pairing request"" prompt box after a while.    F/R:1/1units 8/10 Cycles",2021-05-18 05:39:00,NA
615913,GUANGDONG OPPO MOBILE TELECOMMUNICATIONSCORP. LTD.,NA,GUANGDONG OPPO MOBILE TELECOMMUNICATIONSCORP. LTD.,Wesley Kuo,hcitool.exe???win10 19042???legency???hcitool.exe????18362???extend??,2021-05-18 05:35:00,NA
615913,GUANGDONG OPPO MOBILE TELECOMMUNICATIONSCORP. LTD.,NA,GUANGDONG OPPO MOBILE TELECOMMUNICATIONSCORP. LTD.,Wesley Kuo,hcitool.exe???win10 19042???legency???hcitool.exe????18362???extend??,2021-05-18 05:35:00,NA
615913,GUANGDONG OPPO MOBILE TELECOMMUNICATIONSCORP. LTD.,NA,GUANGDONG OPPO MOBILE TELECOMMUNICATIONSCORP. LTD.,Wesley Kuo,hcitool.exe???win10 19042???legency???hcitool.exe????18362???extend??,2021-05-18 05:35:00,NA
615908,GUANGDONG OPPO MOBILE TELECOMMUNICATIONSCORP. LTD.,NA,GUANGDONG OPPO MOBILE TELECOMMUNICATIONSCORP. LTD.,Wesley Kuo,????uwp????Intel???????BLE?????,2021-05-18 05:13:00,NA
615908,GUANGDONG OPPO MOBILE TELECOMMUNICATIONSCORP. LTD.,NA,GUANGDONG OPPO MOBILE TELECOMMUNICATIONSCORP. LTD.,Wesley Kuo,????uwp????Intel???????BLE?????,2021-05-18 05:13:00,NA
615908,GUANGDONG OPPO MOBILE TELECOMMUNICATIONSCORP. LTD.,NA,GUANGDONG OPPO MOBILE TELECOMMUNICATIONSCORP. LTD.,Wesley Kuo,????uwp????Intel???????BLE?????,2021-05-18 05:13:00,NA
615894,"SHENZHEN BITLAND INFORMATION TECHNOLOGYCO., LTD.",NA,"SHENZHEN BITLAND INFORMATION TECHNOLOGYCO., LTD.",Brandon Yang,"[Huawei/Bitland][CML-S][Pangu] With Bluetooth keyboard connected , key ""d"" will be automatically input by clicking any key after system reboot (failure rate:7/200)",2021-05-18 04:06:00,NA
615894,"SHENZHEN BITLAND INFORMATION TECHNOLOGYCO., LTD.",NA,"SHENZHEN BITLAND INFORMATION TECHNOLOGYCO., LTD.",Brandon Yang,"[Huawei/Bitland][CML-S][Pangu] With Bluetooth keyboard connected , key ""d"" will be automatically input by clicking any key after system reboot (failure rate:7/200)",2021-05-18 04:06:00,NA
615894,"SHENZHEN BITLAND INFORMATION TECHNOLOGYCO., LTD.",NA,"SHENZHEN BITLAND INFORMATION TECHNOLOGYCO., LTD.",Brandon Yang,"[Huawei/Bitland][CML-S][Pangu] With Bluetooth keyboard connected , key ""d"" will be automatically input by clicking any key after system reboot (failure rate:7/200)",2021-05-18 04:06:00,NA
615867,"HUAQIN TECHNOLOGY CO., LTD",NA,"Huaqin Technology Co., Ltd",Brandon Yang,[HUAWEI][HUAQIN][EmmyD][Intel TGL][Intel AX201][20H2][BT]Abnormal noise from reconnecting Bluetooth device after switching playback device to hands-free Ag audio,2021-05-18 02:36:00,NA
615867,"HUAQIN TECHNOLOGY CO., LTD",NA,"Huaqin Technology Co., Ltd",Brandon Yang,[HUAWEI][HUAQIN][EmmyD][Intel TGL][Intel AX201][20H2][BT]Abnormal noise from reconnecting Bluetooth device after switching playback device to hands-free Ag audio,2021-05-18 02:36:00,NA
615867,"HUAQIN TECHNOLOGY CO., LTD",NA,"Huaqin Technology Co., Ltd",Brandon Yang,[HUAWEI][HUAQIN][EmmyD][Intel TGL][Intel AX201][20H2][BT]Abnormal noise from reconnecting Bluetooth device after switching playback device to hands-free Ag audio,2021-05-18 02:36:00,NA
615555,"HUAQIN TECHNOLOGY CO., LTD",NA,"Huaqin Technology Co., Ltd",Brandon Yang,"[Realme][HUAQIN][Intel TGL][Intel ax201/intel 9560][21H1]Add bluetooth device on the Control Panel and it will be displayed ""Try again make sure your laptop is still discover able""  F/R:1/1units 2/10 Cycles",2021-05-17 05:55:00,NA
615555,"HUAQIN TECHNOLOGY CO., LTD",NA,"Huaqin Technology Co., Ltd",Brandon Yang,"[Realme][HUAQIN][Intel TGL][Intel ax201/intel 9560][21H1]Add bluetooth device on the Control Panel and it will be displayed ""Try again make sure your laptop is still discover able""  F/R:1/1units 2/10 Cycles",2021-05-17 05:55:00,NA
615555,"HUAQIN TECHNOLOGY CO., LTD",NA,"Huaqin Technology Co., Ltd",Brandon Yang,"[Realme][HUAQIN][Intel TGL][Intel ax201/intel 9560][21H1]Add bluetooth device on the Control Panel and it will be displayed ""Try again make sure your laptop is still discover able""  F/R:1/1units 2/10 Cycles",2021-05-17 05:55:00,NA
615540,"HUAQIN TECHNOLOGY CO., LTD",NA,"Huaqin Technology Co., Ltd",Brandon Yang,[Realme][HUAQIN][Intel TGL][Intel ax201/intel 9560][21H1]The play effect is a bit stuck during the DUT uses Bluetooth audio device to play music or video,2021-05-17 04:58:00,NA
615540,"HUAQIN TECHNOLOGY CO., LTD",NA,"Huaqin Technology Co., Ltd",Brandon Yang,[Realme][HUAQIN][Intel TGL][Intel ax201/intel 9560][21H1]The play effect is a bit stuck during the DUT uses Bluetooth audio device to play music or video,2021-05-17 04:58:00,NA
615540,"HUAQIN TECHNOLOGY CO., LTD",NA,"Huaqin Technology Co., Ltd",Brandon Yang,[Realme][HUAQIN][Intel TGL][Intel ax201/intel 9560][21H1]The play effect is a bit stuck during the DUT uses Bluetooth audio device to play music or video,2021-05-17 04:58:00,NA
615503,QUANTA COMPUTER INC.,NA,QUANTA COMPUTER INC.,Brandon Yang,[Huawei][Quanta][KelvinD][TGL-U][AX201][20H2][BT][804920240] BT mouse cannot work.,2021-05-17 03:10:00,NA
615503,QUANTA COMPUTER INC.,NA,QUANTA COMPUTER INC.,Brandon Yang,[Huawei][Quanta][KelvinD][TGL-U][AX201][20H2][BT][804920240] BT mouse cannot work.,2021-05-17 03:10:00,NA
615503,QUANTA COMPUTER INC.,NA,QUANTA COMPUTER INC.,Brandon Yang,[Huawei][Quanta][KelvinD][TGL-U][AX201][20H2][BT][804920240] BT mouse cannot work.,2021-05-17 03:10:00,NA
615481,"HUAQIN TECHNOLOGY CO., LTD",NA,"Huaqin Technology Co., Ltd",Zhiwei He,[HUAWEI][HUAQIN][MachD][Intel TGL][Intel AX201] BSOD(0x9F) caused by running stress test.,2021-05-17 02:18:00,NA
615481,"HUAQIN TECHNOLOGY CO., LTD",NA,"Huaqin Technology Co., Ltd",Zhiwei He,[HUAWEI][HUAQIN][MachD][Intel TGL][Intel AX201] BSOD(0x9F) caused by running stress test.,2021-05-17 02:18:00,NA
615481,"HUAQIN TECHNOLOGY CO., LTD",NA,"Huaqin Technology Co., Ltd",Zhiwei He,[HUAWEI][HUAQIN][MachD][Intel TGL][Intel AX201] BSOD(0x9F) caused by running stress test.,2021-05-17 02:18:00,NA
615360,"HUAQIN TECHNOLOGY CO., LTD",NA,"Huaqin Technology Co., Ltd",Wesley Kuo,[Acer][[OBOE_TL_ Vpro_HLK][20H2]Bluetooth - NoBluetoothLEFilterDriver1 (Bring Up) test fail.(F/R:2/2 by UUT 10/10 by cycle),2021-05-16 20:38:00,NA
615360,"HUAQIN TECHNOLOGY CO., LTD",NA,"Huaqin Technology Co., Ltd",Wesley Kuo,[Acer][[OBOE_TL_ Vpro_HLK][20H2]Bluetooth - NoBluetoothLEFilterDriver1 (Bring Up) test fail.(F/R:2/2 by UUT 10/10 by cycle),2021-05-16 20:38:00,NA
615360,"HUAQIN TECHNOLOGY CO., LTD",NA,"Huaqin Technology Co., Ltd",Wesley Kuo,[Acer][[OBOE_TL_ Vpro_HLK][20H2]Bluetooth - NoBluetoothLEFilterDriver1 (Bring Up) test fail.(F/R:2/2 by UUT 10/10 by cycle),2021-05-16 20:38:00,NA
615351,WISTRON CORPORATION,NA,WISTRON CORPORATION,Wesley Kuo,"[Lenovo-ThinkPad][Wistron][P1 Gen 4][TGL][AX210][20H2][100%] Lenovo 700 Ultraportable BT Speaker battery percentage is always 50% after charge or used for few hours.(F.R: 2/2 units, 3/3 cycles)",2021-05-16 20:13:00,NA
615351,WISTRON CORPORATION,NA,WISTRON CORPORATION,Wesley Kuo,"[Lenovo-ThinkPad][Wistron][P1 Gen 4][TGL][AX210][20H2][100%] Lenovo 700 Ultraportable BT Speaker battery percentage is always 50% after charge or used for few hours.(F.R: 2/2 units, 3/3 cycles)",2021-05-16 20:13:00,NA
615351,WISTRON CORPORATION,NA,WISTRON CORPORATION,Wesley Kuo,"[Lenovo-ThinkPad][Wistron][P1 Gen 4][TGL][AX210][20H2][100%] Lenovo 700 Ultraportable BT Speaker battery percentage is always 50% after charge or used for few hours.(F.R: 2/2 units, 3/3 cycles)",2021-05-16 20:13:00,NA
615302,"COMPAL ELECTRONICS, INC.",NA,"COMPAL ELECTRONICS, INC.",Wesley Kuo,"[Lenovo_IdeaPad][Compal][S560 Pro-14ITL Refresh][20H2] Intel AX201:Stress_CB_DC_5?, Unit show '???(R)?? Bluetooth(R)' lost and '??USB??(?????????)' show yellow mark.(F/R:1/15,50/750)",2021-05-16 18:23:00,NA
615302,"COMPAL ELECTRONICS, INC.",NA,"COMPAL ELECTRONICS, INC.",Wesley Kuo,"[Lenovo_IdeaPad][Compal][S560 Pro-14ITL Refresh][20H2] Intel AX201:Stress_CB_DC_5?, Unit show '???(R)?? Bluetooth(R)' lost and '??USB??(?????????)' show yellow mark.(F/R:1/15,50/750)",2021-05-16 18:23:00,NA
615302,"COMPAL ELECTRONICS, INC.",NA,"COMPAL ELECTRONICS, INC.",Wesley Kuo,"[Lenovo_IdeaPad][Compal][S560 Pro-14ITL Refresh][20H2] Intel AX201:Stress_CB_DC_5?, Unit show '???(R)?? Bluetooth(R)' lost and '??USB??(?????????)' show yellow mark.(F/R:1/15,50/750)",2021-05-16 18:23:00,NA
615106,PEGATRON CORPORATION,NA,Pegatron Corporation,Franky Yang,[Dell][D12 AIO] AX210 driver cannot be installed.,2021-05-14 01:47:00,NA
615106,PEGATRON CORPORATION,NA,Pegatron Corporation,Franky Yang,[Dell][D12 AIO] AX210 driver cannot be installed.,2021-05-14 01:47:00,NA
615106,PEGATRON CORPORATION,NA,Pegatron Corporation,Franky Yang,[Dell][D12 AIO] AX210 driver cannot be installed.,2021-05-14 01:47:00,NA
614997,ELITEGROUP COMPUTER SYSTEMS CO. LTD,NA,ELITEGROUP COMPUTER SYSTEMS CO. LTD,Wesley Kuo,[Acer Vantage] S4 Stress Fail w/ AX200,2021-05-13 20:23:00,NA
614997,ELITEGROUP COMPUTER SYSTEMS CO. LTD,NA,ELITEGROUP COMPUTER SYSTEMS CO. LTD,Wesley Kuo,[Acer Vantage] S4 Stress Fail w/ AX200,2021-05-13 20:23:00,NA
614997,ELITEGROUP COMPUTER SYSTEMS CO. LTD,NA,ELITEGROUP COMPUTER SYSTEMS CO. LTD,Wesley Kuo,[Acer Vantage] S4 Stress Fail w/ AX200,2021-05-13 20:23:00,NA
614777,QUANTA COMPUTER INC.,NA,QUANTA COMPUTER INC.,Brandon Yang,[Huawei][Quanta][EulerD][TGL-UP4][AX201][20H2][BUG-20210512-25206] BT mouse cannot wake from Modern standby.,2021-05-13 00:52:00,NA
614777,QUANTA COMPUTER INC.,NA,QUANTA COMPUTER INC.,Brandon Yang,[Huawei][Quanta][EulerD][TGL-UP4][AX201][20H2][BUG-20210512-25206] BT mouse cannot wake from Modern standby.,2021-05-13 00:52:00,NA
614777,QUANTA COMPUTER INC.,NA,QUANTA COMPUTER INC.,Brandon Yang,[Huawei][Quanta][EulerD][TGL-UP4][AX201][20H2][BUG-20210512-25206] BT mouse cannot wake from Modern standby.,2021-05-13 00:52:00,NA
614758,"HUAQIN TECHNOLOGY CO., LTD",NA,"Huaqin Technology Co., Ltd",Zhiwei He,[HUAWEI][HUAQIN][MachD][Intel TGL][Intel AX201] [20H2] The PIE interface call failed.,2021-05-12 23:54:00,NA
614758,"HUAQIN TECHNOLOGY CO., LTD",NA,"Huaqin Technology Co., Ltd",Zhiwei He,[HUAWEI][HUAQIN][MachD][Intel TGL][Intel AX201] [20H2] The PIE interface call failed.,2021-05-12 23:54:00,NA
614758,"HUAQIN TECHNOLOGY CO., LTD",NA,"Huaqin Technology Co., Ltd",Zhiwei He,[HUAWEI][HUAQIN][MachD][Intel TGL][Intel AX201] [20H2] The PIE interface call failed.,2021-05-12 23:54:00,NA
614667,ELITEGROUP COMPUTER SYSTEMS CO. LTD,NA,ELITEGROUP COMPUTER SYSTEMS CO. LTD,Wesley Kuo,[Acer vfLongmen3] S4 Stress Fail w/ AX200,2021-05-12 19:20:00,NA
614667,ELITEGROUP COMPUTER SYSTEMS CO. LTD,NA,ELITEGROUP COMPUTER SYSTEMS CO. LTD,Wesley Kuo,[Acer vfLongmen3] S4 Stress Fail w/ AX200,2021-05-12 19:20:00,NA
614667,ELITEGROUP COMPUTER SYSTEMS CO. LTD,NA,ELITEGROUP COMPUTER SYSTEMS CO. LTD,Wesley Kuo,[Acer vfLongmen3] S4 Stress Fail w/ AX200,2021-05-12 19:20:00,NA
614573,QUANTA COMPUTER INC.,NA,QUANTA COMPUTER INC.,Brenton Wu,[Acer][XC90] DRTU RF power drop,2021-05-12 08:30:00,NA
614573,QUANTA COMPUTER INC.,NA,QUANTA COMPUTER INC.,Brenton Wu,[Acer][XC90] DRTU RF power drop,2021-05-12 08:30:00,NA
614573,QUANTA COMPUTER INC.,NA,QUANTA COMPUTER INC.,Brenton Wu,[Acer][XC90] DRTU RF power drop,2021-05-12 08:30:00,NA
614481,"SHENZHEN BITLAND INFORMATION TECHNOLOGYCO., LTD.",NA,"SHENZHEN BITLAND INFORMATION TECHNOLOGYCO., LTD.",Brandon Yang,"[Huawei/Bitland][CML-S][Pangu] To connect 2.4G network for download service,use BR Mouse&Keyboard for web browse, mouse appears to stuck or disconnect randomly",2021-05-12 02:08:00,NA
614481,"SHENZHEN BITLAND INFORMATION TECHNOLOGYCO., LTD.",NA,"SHENZHEN BITLAND INFORMATION TECHNOLOGYCO., LTD.",Brandon Yang,"[Huawei/Bitland][CML-S][Pangu] To connect 2.4G network for download service,use BR Mouse&Keyboard for web browse, mouse appears to stuck or disconnect randomly",2021-05-12 02:08:00,NA
614481,"SHENZHEN BITLAND INFORMATION TECHNOLOGYCO., LTD.",NA,"SHENZHEN BITLAND INFORMATION TECHNOLOGYCO., LTD.",Brandon Yang,"[Huawei/Bitland][CML-S][Pangu] To connect 2.4G network for download service,use BR Mouse&Keyboard for web browse, mouse appears to stuck or disconnect randomly",2021-05-12 02:08:00,NA
614465,WISTRON CORPORATION,NA,WISTRON CORPORATION,Franky Yang,[Dell][Wistron][ADL-P][StradaleMLK2] AX211 shows YB after installing WLAN driver and BT device not detected in DM,2021-05-12 01:29:00,NA
614465,WISTRON CORPORATION,NA,WISTRON CORPORATION,Franky Yang,[Dell][Wistron][ADL-P][StradaleMLK2] AX211 shows YB after installing WLAN driver and BT device not detected in DM,2021-05-12 01:29:00,NA
614465,WISTRON CORPORATION,NA,WISTRON CORPORATION,Franky Yang,[Dell][Wistron][ADL-P][StradaleMLK2] AX211 shows YB after installing WLAN driver and BT device not detected in DM,2021-05-12 01:29:00,NA
614178,"SHENZHEN BITLAND INFORMATION TECHNOLOGYCO., LTD.",NA,"SHENZHEN BITLAND INFORMATION TECHNOLOGYCO., LTD.",Brandon Yang,[Huawei/Bitland][CML-S][Pangu] PLDR Test failed (ibterverify.exe -p -t -v),2021-05-11 04:32:00,NA
614178,"SHENZHEN BITLAND INFORMATION TECHNOLOGYCO., LTD.",NA,"SHENZHEN BITLAND INFORMATION TECHNOLOGYCO., LTD.",Brandon Yang,[Huawei/Bitland][CML-S][Pangu] PLDR Test failed (ibterverify.exe -p -t -v),2021-05-11 04:32:00,NA
614178,"SHENZHEN BITLAND INFORMATION TECHNOLOGYCO., LTD.",NA,"SHENZHEN BITLAND INFORMATION TECHNOLOGYCO., LTD.",Brandon Yang,[Huawei/Bitland][CML-S][Pangu] PLDR Test failed (ibterverify.exe -p -t -v),2021-05-11 04:32:00,NA
614102,"HUAQIN TECHNOLOGY CO., LTD",NA,"Huaqin Technology Co., Ltd",Wesley Kuo,"[Samsung][Huaqin][Titan-H[TGL-H][20H2] It is fail to share files which large than 20M through BT connection.(FR: 4 out of 4 units, 12 out of 12 times)",2021-05-11 01:17:00,NA
614102,"HUAQIN TECHNOLOGY CO., LTD",NA,"Huaqin Technology Co., Ltd",Wesley Kuo,"[Samsung][Huaqin][Titan-H[TGL-H][20H2] It is fail to share files which large than 20M through BT connection.(FR: 4 out of 4 units, 12 out of 12 times)",2021-05-11 01:17:00,NA
614102,"HUAQIN TECHNOLOGY CO., LTD",NA,"Huaqin Technology Co., Ltd",Wesley Kuo,"[Samsung][Huaqin][Titan-H[TGL-H][20H2] It is fail to share files which large than 20M through BT connection.(FR: 4 out of 4 units, 12 out of 12 times)",2021-05-11 01:17:00,NA
614048,"HUAQIN TECHNOLOGY CO., LTD",NA,"Huaqin Technology Co., Ltd",Brandon Yang,[HUAWEI][HUAQIN][AMDLucienne][Intel AX200][20H2] Cannot turn on Bluetooth again after turn off  Bluetooth switch.,2021-05-10 23:44:00,NA
614048,"HUAQIN TECHNOLOGY CO., LTD",NA,"Huaqin Technology Co., Ltd",Brandon Yang,[HUAWEI][HUAQIN][AMDLucienne][Intel AX200][20H2] Cannot turn on Bluetooth again after turn off  Bluetooth switch.,2021-05-10 23:44:00,NA
614048,"HUAQIN TECHNOLOGY CO., LTD",NA,"Huaqin Technology Co., Ltd",Brandon Yang,[HUAWEI][HUAQIN][AMDLucienne][Intel AX200][20H2] Cannot turn on Bluetooth again after turn off  Bluetooth switch.,2021-05-10 23:44:00,NA
613803,"HUAQIN TECHNOLOGY CO., LTD",NA,"Huaqin Technology Co., Ltd",Leo Chiang,[Huaqin][Asus_UX425UAZ][AMD_LCN] Intel BT device lost when resume from Modern standby,2021-05-10 05:24:00,NA
613803,"HUAQIN TECHNOLOGY CO., LTD",NA,"Huaqin Technology Co., Ltd",Leo Chiang,[Huaqin][Asus_UX425UAZ][AMD_LCN] Intel BT device lost when resume from Modern standby,2021-05-10 05:24:00,NA
613803,"HUAQIN TECHNOLOGY CO., LTD",NA,"Huaqin Technology Co., Ltd",Leo Chiang,[Huaqin][Asus_UX425UAZ][AMD_LCN] Intel BT device lost when resume from Modern standby,2021-05-10 05:24:00,NA
613800,"HUAQIN TECHNOLOGY CO., LTD",NA,"Huaqin Technology Co., Ltd",Charles Yeh,[Huaqin][Asus_UX425UAZ][AMD_LCN] Intel wlan device lost when resume from Modern standby (F/R: 5/16),2021-05-10 05:20:00,NA
613800,"HUAQIN TECHNOLOGY CO., LTD",NA,"Huaqin Technology Co., Ltd",Charles Yeh,[Huaqin][Asus_UX425UAZ][AMD_LCN] Intel wlan device lost when resume from Modern standby (F/R: 5/16),2021-05-10 05:20:00,NA
613800,"HUAQIN TECHNOLOGY CO., LTD",NA,"Huaqin Technology Co., Ltd",Charles Yeh,[Huaqin][Asus_UX425UAZ][AMD_LCN] Intel wlan device lost when resume from Modern standby (F/R: 5/16),2021-05-10 05:20:00,NA
613521,"HUAQIN TECHNOLOGY CO., LTD",NA,"Huaqin Technology Co., Ltd",Brandon Yang,[HUAWEI][HUAQIN][Halley M][Intel TGL][Intel AX200[20H2]Bluetooth headset can't realize music fast forward and fast backward function,2021-05-07 23:58:00,NA
613521,"HUAQIN TECHNOLOGY CO., LTD",NA,"Huaqin Technology Co., Ltd",Brandon Yang,[HUAWEI][HUAQIN][Halley M][Intel TGL][Intel AX200[20H2]Bluetooth headset can't realize music fast forward and fast backward function,2021-05-07 23:58:00,NA
613521,"HUAQIN TECHNOLOGY CO., LTD",NA,"Huaqin Technology Co., Ltd",Brandon Yang,[HUAWEI][HUAQIN][Halley M][Intel TGL][Intel AX200[20H2]Bluetooth headset can't realize music fast forward and fast backward function,2021-05-07 23:58:00,NA
613387,QUANTA COMPUTER INC.,NA,QUANTA COMPUTER INC.,Brandon Yang,"[Huawei][Quanta][H9H][HookeD][AX201][20H2][BT][BUG-20210409-22014] Deleted and repaired with BT headset during recording,Hand-free Ag audio lost as the recording device.",2021-05-07 02:53:00,NA
613387,QUANTA COMPUTER INC.,NA,QUANTA COMPUTER INC.,Brandon Yang,"[Huawei][Quanta][H9H][HookeD][AX201][20H2][BT][BUG-20210409-22014] Deleted and repaired with BT headset during recording,Hand-free Ag audio lost as the recording device.",2021-05-07 02:53:00,NA
613387,QUANTA COMPUTER INC.,NA,QUANTA COMPUTER INC.,Brandon Yang,"[Huawei][Quanta][H9H][HookeD][AX201][20H2][BT][BUG-20210409-22014] Deleted and repaired with BT headset during recording,Hand-free Ag audio lost as the recording device.",2021-05-07 02:53:00,NA
613278,"SHANGHAI WINGTECH ELECTRONICS TECHNOLOGYCO., LTD.",NA,"SHANGHAI WINGTECH ELECTRONICS TECHNOLOGYCO., LTD.",Zhiwei He,"[Huawei][Wingtech][CurieM][AMD Cezanne][AX200][20H2]Repeated connection disconnected wireless , return failed",2021-05-06 22:20:00,NA
613278,"SHANGHAI WINGTECH ELECTRONICS TECHNOLOGYCO., LTD.",NA,"SHANGHAI WINGTECH ELECTRONICS TECHNOLOGYCO., LTD.",Zhiwei He,"[Huawei][Wingtech][CurieM][AMD Cezanne][AX200][20H2]Repeated connection disconnected wireless , return failed",2021-05-06 22:20:00,NA
613278,"SHANGHAI WINGTECH ELECTRONICS TECHNOLOGYCO., LTD.",NA,"SHANGHAI WINGTECH ELECTRONICS TECHNOLOGYCO., LTD.",Zhiwei He,"[Huawei][Wingtech][CurieM][AMD Cezanne][AX200][20H2]Repeated connection disconnected wireless , return failed",2021-05-06 22:20:00,NA
613277,"SHANGHAI WINGTECH ELECTRONICS TECHNOLOGYCO., LTD.",NA,"SHANGHAI WINGTECH ELECTRONICS TECHNOLOGYCO., LTD.",Zhiwei He,"[Huawei][Wingtech][CurieM][AMD Cezanne][AX200][20H2]Repeated connection disconnected wireless , return failed",2021-05-06 22:19:00,NA
613277,"SHANGHAI WINGTECH ELECTRONICS TECHNOLOGYCO., LTD.",NA,"SHANGHAI WINGTECH ELECTRONICS TECHNOLOGYCO., LTD.",Zhiwei He,"[Huawei][Wingtech][CurieM][AMD Cezanne][AX200][20H2]Repeated connection disconnected wireless , return failed",2021-05-06 22:19:00,NA
613277,"SHANGHAI WINGTECH ELECTRONICS TECHNOLOGYCO., LTD.",NA,"SHANGHAI WINGTECH ELECTRONICS TECHNOLOGYCO., LTD.",Zhiwei He,"[Huawei][Wingtech][CurieM][AMD Cezanne][AX200][20H2]Repeated connection disconnected wireless , return failed",2021-05-06 22:19:00,NA
613192,QUANTA COMPUTER INC.,NA,QUANTA COMPUTER INC.,Charles P Chu,"[Etrans_No.804900661][Huawei][Quanta][H9H][HookeD][AX201][20H2][WIFI] One Beta user said HookeD can't connect hotspot , event connect but it will disconnect soon, restart still fail to connect, at same time, other cell phone/device can connect hotspot",2021-05-06 17:47:00,NA
613192,QUANTA COMPUTER INC.,NA,QUANTA COMPUTER INC.,Charles P Chu,"[Etrans_No.804900661][Huawei][Quanta][H9H][HookeD][AX201][20H2][WIFI] One Beta user said HookeD can't connect hotspot , event connect but it will disconnect soon, restart still fail to connect, at same time, other cell phone/device can connect hotspot",2021-05-06 17:47:00,NA
613192,QUANTA COMPUTER INC.,NA,QUANTA COMPUTER INC.,Charles P Chu,"[Etrans_No.804900661][Huawei][Quanta][H9H][HookeD][AX201][20H2][WIFI] One Beta user said HookeD can't connect hotspot , event connect but it will disconnect soon, restart still fail to connect, at same time, other cell phone/device can connect hotspot",2021-05-06 17:47:00,NA
613125,"HUAQIN TECHNOLOGY CO., LTD",NA,"Huaqin Technology Co., Ltd",Zhiwei He,[HUAWEI][HUAQIN][Morgan][Intel TGL][Intel AX201] [20H2] The display Show garbage when play video via miracast,2021-05-06 06:37:00,NA
613125,"HUAQIN TECHNOLOGY CO., LTD",NA,"Huaqin Technology Co., Ltd",Zhiwei He,[HUAWEI][HUAQIN][Morgan][Intel TGL][Intel AX201] [20H2] The display Show garbage when play video via miracast,2021-05-06 06:37:00,NA
613125,"HUAQIN TECHNOLOGY CO., LTD",NA,"Huaqin Technology Co., Ltd",Zhiwei He,[HUAWEI][HUAQIN][Morgan][Intel TGL][Intel AX201] [20H2] The display Show garbage when play video via miracast,2021-05-06 06:37:00,NA
613028,"HUAQIN TECHNOLOGY CO., LTD",NA,"Huaqin Technology Co., Ltd",Brandon Yang,[HUAWEI][HUAQIN][Morgan][Intel TGL][Intel AX201] Smartphone side will show connect fail after pair smartphone and PC.,2021-05-06 02:11:00,NA
613028,"HUAQIN TECHNOLOGY CO., LTD",NA,"Huaqin Technology Co., Ltd",Brandon Yang,[HUAWEI][HUAQIN][Morgan][Intel TGL][Intel AX201] Smartphone side will show connect fail after pair smartphone and PC.,2021-05-06 02:11:00,NA
613028,"HUAQIN TECHNOLOGY CO., LTD",NA,"Huaqin Technology Co., Ltd",Brandon Yang,[HUAWEI][HUAQIN][Morgan][Intel TGL][Intel AX201] Smartphone side will show connect fail after pair smartphone and PC.,2021-05-06 02:11:00,NA
613004,"HUAQIN TECHNOLOGY CO., LTD",NA,"Huaqin Technology Co., Ltd",Leo Chiang,[ASUS PCBU][HUAQIN][B3302 PR][TGL][HrP2 1216 22.20.3]BT mouse will lag more than 1s after the SUT idle 5~10s,2021-05-06 01:30:00,NA
613004,"HUAQIN TECHNOLOGY CO., LTD",NA,"Huaqin Technology Co., Ltd",Leo Chiang,[ASUS PCBU][HUAQIN][B3302 PR][TGL][HrP2 1216 22.20.3]BT mouse will lag more than 1s after the SUT idle 5~10s,2021-05-06 01:30:00,NA
613004,"HUAQIN TECHNOLOGY CO., LTD",NA,"Huaqin Technology Co., Ltd",Leo Chiang,[ASUS PCBU][HUAQIN][B3302 PR][TGL][HrP2 1216 22.20.3]BT mouse will lag more than 1s after the SUT idle 5~10s,2021-05-06 01:30:00,NA
612200,QUANTA COMPUTER INC.,NA,QUANTA COMPUTER INC.,Brandon Yang,"[Huawei][Quanta][NobelM B2][AX200][21H1_19043.906][BT][AMD Lucienne +ESAu Audio]Connect BT headset , play Groove music , sound can't auto switch to BT headset , F/R:100%",2021-05-02 23:47:00,NA
612200,QUANTA COMPUTER INC.,NA,QUANTA COMPUTER INC.,Brandon Yang,"[Huawei][Quanta][NobelM B2][AX200][21H1_19043.906][BT][AMD Lucienne +ESAu Audio]Connect BT headset , play Groove music , sound can't auto switch to BT headset , F/R:100%",2021-05-02 23:47:00,NA
612200,QUANTA COMPUTER INC.,NA,QUANTA COMPUTER INC.,Brandon Yang,"[Huawei][Quanta][NobelM B2][AX200][21H1_19043.906][BT][AMD Lucienne +ESAu Audio]Connect BT headset , play Groove music , sound can't auto switch to BT headset , F/R:100%",2021-05-02 23:47:00,NA
611946,"SHANGHAI WINGTECH ELECTRONICS TECHNOLOGYCO., LTD.",NA,"SHANGHAI WINGTECH ELECTRONICS TECHNOLOGYCO., LTD.",Zhiwei He,[Huawei][Wingtech][CurieM][AMD Cezanne][AX200][20H2]Unable to search for WiFi(F/R:1/50 times),2021-04-29 22:53:00,NA
611946,"SHANGHAI WINGTECH ELECTRONICS TECHNOLOGYCO., LTD.",NA,"SHANGHAI WINGTECH ELECTRONICS TECHNOLOGYCO., LTD.",Zhiwei He,[Huawei][Wingtech][CurieM][AMD Cezanne][AX200][20H2]Unable to search for WiFi(F/R:1/50 times),2021-04-29 22:53:00,NA
611946,"SHANGHAI WINGTECH ELECTRONICS TECHNOLOGYCO., LTD.",NA,"SHANGHAI WINGTECH ELECTRONICS TECHNOLOGYCO., LTD.",Zhiwei He,[Huawei][Wingtech][CurieM][AMD Cezanne][AX200][20H2]Unable to search for WiFi(F/R:1/50 times),2021-04-29 22:53:00,NA
611726,"COMPAL ELECTRONICS, INC.",NA,"COMPAL ELECTRONICS, INC.",Zhiqiang Cai,"[Lenovo_IdeaPad][Compal][S560 Pro-14ITL Refresh][20H2] Intel 9560:Unit will disconnect when unit projecting to Monitor (F/R:2/2,6/20)",2021-04-29 02:43:00,NA
611726,"COMPAL ELECTRONICS, INC.",NA,"COMPAL ELECTRONICS, INC.",Zhiqiang Cai,"[Lenovo_IdeaPad][Compal][S560 Pro-14ITL Refresh][20H2] Intel 9560:Unit will disconnect when unit projecting to Monitor (F/R:2/2,6/20)",2021-04-29 02:43:00,NA
611726,"COMPAL ELECTRONICS, INC.",NA,"COMPAL ELECTRONICS, INC.",Zhiqiang Cai,"[Lenovo_IdeaPad][Compal][S560 Pro-14ITL Refresh][20H2] Intel 9560:Unit will disconnect when unit projecting to Monitor (F/R:2/2,6/20)",2021-04-29 02:43:00,NA
611695,WISTRON CORPORATION,NA,WISTRON CORPORATION,Charles Yeh,[DELL Corp. DT/Troy JSL/Wistron/JSL][Intel AX210] Device Manager show yellow bang for AX210 after resuming from S3/S4,2021-04-29 01:46:00,NA
611695,WISTRON CORPORATION,NA,WISTRON CORPORATION,Charles Yeh,[DELL Corp. DT/Troy JSL/Wistron/JSL][Intel AX210] Device Manager show yellow bang for AX210 after resuming from S3/S4,2021-04-29 01:46:00,NA
611695,WISTRON CORPORATION,NA,WISTRON CORPORATION,Charles Yeh,[DELL Corp. DT/Troy JSL/Wistron/JSL][Intel AX210] Device Manager show yellow bang for AX210 after resuming from S3/S4,2021-04-29 01:46:00,NA
611199,QUANTA COMPUTER INC.,QUANTA COMPUTER INC.,QUANTA COMPUTER INC.,Charles P Chu,[Huawei/Quanta][TGL-UP3][BohrD/NobelD] Prduct machine customer feedback. WLAN device have yellow mark.,2021-04-27 20:27:00,NA
611021,QUANTA COMPUTER INC.,NA,QUANTA COMPUTER INC.,Charles P Chu,[Huawei][Quanta][BohrD][TGL-U][AX201][20H1][WiFi][41] OS suddenly hang up during cold boot stress test.,2021-04-27 04:34:00,NA
611021,QUANTA COMPUTER INC.,NA,QUANTA COMPUTER INC.,Charles P Chu,[Huawei][Quanta][BohrD][TGL-U][AX201][20H1][WiFi][41] OS suddenly hang up during cold boot stress test.,2021-04-27 04:34:00,NA
611021,QUANTA COMPUTER INC.,NA,QUANTA COMPUTER INC.,Charles P Chu,[Huawei][Quanta][BohrD][TGL-U][AX201][20H1][WiFi][41] OS suddenly hang up during cold boot stress test.,2021-04-27 04:34:00,NA
611004,QUANTA COMPUTER INC.,NA,QUANTA COMPUTER INC.,Brandon Yang,[Huawei][Quanta][BohrM-NobelM][AMD Lucienne][AX200][20H2][BT][804889649] BT mouse lag(Freebud Pro).,2021-04-27 03:54:00,NA
611004,QUANTA COMPUTER INC.,NA,QUANTA COMPUTER INC.,Brandon Yang,[Huawei][Quanta][BohrM-NobelM][AMD Lucienne][AX200][20H2][BT][804889649] BT mouse lag(Freebud Pro).,2021-04-27 03:54:00,NA
611004,QUANTA COMPUTER INC.,NA,QUANTA COMPUTER INC.,Brandon Yang,[Huawei][Quanta][BohrM-NobelM][AMD Lucienne][AX200][20H2][BT][804889649] BT mouse lag(Freebud Pro).,2021-04-27 03:54:00,NA
610753,"COMPAL ELECTRONICS, INC.",NA,"COMPAL ELECTRONICS, INC.",Leo Chiang,[Framework][Dell for tracking only][BT] Bluetooth device delay after idle few minutes.,2021-04-26 20:16:00,NA
610753,"COMPAL ELECTRONICS, INC.",NA,"COMPAL ELECTRONICS, INC.",Leo Chiang,[Framework][Dell for tracking only][BT] Bluetooth device delay after idle few minutes.,2021-04-26 20:16:00,NA
610753,"COMPAL ELECTRONICS, INC.",NA,"COMPAL ELECTRONICS, INC.",Leo Chiang,[Framework][Dell for tracking only][BT] Bluetooth device delay after idle few minutes.,2021-04-26 20:16:00,NA
610735,WISTRON CORPORATION,NA,WISTRON CORPORATION,Timdaway Lai,"[Lenovo-ThinkPad][Wistron][L13 Gen 2 2a][CZN][AX200][20H2][2%][LR][Ares2_AMD]SIT2.0:SUT show WIFI Router error during AOAC&Combine-(MS&S4& S5&restart) longrun(FR:1/16 units, 44/2535 cylces)",2021-04-26 19:35:00,NA
610735,WISTRON CORPORATION,NA,WISTRON CORPORATION,Timdaway Lai,"[Lenovo-ThinkPad][Wistron][L13 Gen 2 2a][CZN][AX200][20H2][2%][LR][Ares2_AMD]SIT2.0:SUT show WIFI Router error during AOAC&Combine-(MS&S4& S5&restart) longrun(FR:1/16 units, 44/2535 cylces)",2021-04-26 19:35:00,NA
610735,WISTRON CORPORATION,NA,WISTRON CORPORATION,Timdaway Lai,"[Lenovo-ThinkPad][Wistron][L13 Gen 2 2a][CZN][AX200][20H2][2%][LR][Ares2_AMD]SIT2.0:SUT show WIFI Router error during AOAC&Combine-(MS&S4& S5&restart) longrun(FR:1/16 units, 44/2535 cylces)",2021-04-26 19:35:00,NA
610565,"HUAQIN TECHNOLOGY CO., LTD",NA,"Huaqin Technology Co., Ltd",Zhiwei He,[HUAWEI][Intel CML][20H1][Intel 9560]WIFI device show yellow bang during use WIFI,2021-04-26 03:15:00,NA
610565,"HUAQIN TECHNOLOGY CO., LTD",NA,"Huaqin Technology Co., Ltd",Zhiwei He,[HUAWEI][Intel CML][20H1][Intel 9560]WIFI device show yellow bang during use WIFI,2021-04-26 03:15:00,NA
610565,"HUAQIN TECHNOLOGY CO., LTD",NA,"Huaqin Technology Co., Ltd",Zhiwei He,[HUAWEI][Intel CML][20H1][Intel 9560]WIFI device show yellow bang during use WIFI,2021-04-26 03:15:00,NA
610510,"COMPAL ELECTRONICS, INC.",NA,"COMPAL ELECTRONICS, INC.",Wesley Kuo,"[Lenovo-ideaPad][Compal][L360][TGL][AX200][20H2]Intel AX200:268631-Manual_S3, Unit show Unknown USB device(Device Descriptor Request Failed) yellow bang.",2021-04-26 01:03:00,NA
610510,"COMPAL ELECTRONICS, INC.",NA,"COMPAL ELECTRONICS, INC.",Wesley Kuo,"[Lenovo-ideaPad][Compal][L360][TGL][AX200][20H2]Intel AX200:268631-Manual_S3, Unit show Unknown USB device(Device Descriptor Request Failed) yellow bang.",2021-04-26 01:03:00,NA
610510,"COMPAL ELECTRONICS, INC.",NA,"COMPAL ELECTRONICS, INC.",Wesley Kuo,"[Lenovo-ideaPad][Compal][L360][TGL][AX200][20H2]Intel AX200:268631-Manual_S3, Unit show Unknown USB device(Device Descriptor Request Failed) yellow bang.",2021-04-26 01:03:00,NA
610383,"SHANGHAI WINGTECH ELECTRONICS TECHNOLOGYCO., LTD.",NA,"SHANGHAI WINGTECH ELECTRONICS TECHNOLOGYCO., LTD.",Brandon Yang,[Huawei][Wingtech][CurieM][AMD Cezanne][AX200][20H2]Bluetooth function lost after wake up DUT while connected multiple Bluetooth devices,2021-04-25 19:24:00,NA
610383,"SHANGHAI WINGTECH ELECTRONICS TECHNOLOGYCO., LTD.",NA,"SHANGHAI WINGTECH ELECTRONICS TECHNOLOGYCO., LTD.",Brandon Yang,[Huawei][Wingtech][CurieM][AMD Cezanne][AX200][20H2]Bluetooth function lost after wake up DUT while connected multiple Bluetooth devices,2021-04-25 19:24:00,NA
610383,"SHANGHAI WINGTECH ELECTRONICS TECHNOLOGYCO., LTD.",NA,"SHANGHAI WINGTECH ELECTRONICS TECHNOLOGYCO., LTD.",Brandon Yang,[Huawei][Wingtech][CurieM][AMD Cezanne][AX200][20H2]Bluetooth function lost after wake up DUT while connected multiple Bluetooth devices,2021-04-25 19:24:00,NA
610333,"HUAQIN TECHNOLOGY CO., LTD",NA,"Huaqin Technology Co., Ltd",Brandon Yang,[HUAWEI][HUAQIN][Morgan Intel TGL][Intel AX201] [20H1]BSOD(0x139) caused by repeatedly pairing Bluetooth device,2021-04-25 03:59:00,NA
610333,"HUAQIN TECHNOLOGY CO., LTD",NA,"Huaqin Technology Co., Ltd",Brandon Yang,[HUAWEI][HUAQIN][Morgan Intel TGL][Intel AX201] [20H1]BSOD(0x139) caused by repeatedly pairing Bluetooth device,2021-04-25 03:59:00,NA
610333,"HUAQIN TECHNOLOGY CO., LTD",NA,"Huaqin Technology Co., Ltd",Brandon Yang,[HUAWEI][HUAQIN][Morgan Intel TGL][Intel AX201] [20H1]BSOD(0x139) caused by repeatedly pairing Bluetooth device,2021-04-25 03:59:00,NA
610084,"HUAQIN TECHNOLOGY CO., LTD",NA,"Huaqin Technology Co., Ltd",Zhiqiang Cai,[Realme][HUAQIN][Intel TGL][Intel 9560][20H2]5G Mobile hotspots cannot be turned on when connecting to a wired network,2021-04-23 02:42:00,NA
610084,"HUAQIN TECHNOLOGY CO., LTD",NA,"Huaqin Technology Co., Ltd",Zhiqiang Cai,[Realme][HUAQIN][Intel TGL][Intel 9560][20H2]5G Mobile hotspots cannot be turned on when connecting to a wired network,2021-04-23 02:42:00,NA
610084,"HUAQIN TECHNOLOGY CO., LTD",NA,"Huaqin Technology Co., Ltd",Zhiqiang Cai,[Realme][HUAQIN][Intel TGL][Intel 9560][20H2]5G Mobile hotspots cannot be turned on when connecting to a wired network,2021-04-23 02:42:00,NA
609991,ELITEGROUP COMPUTER SYSTEMS CO. LTD,NA,ELITEGROUP COMPUTER SYSTEMS CO. LTD,Wesley Kuo,"Please confirm the feedback for AC9461/ AC9560, #1,#2,#3?. of BT and #1,#2,#4 & #7? of WLAN(Attach1)",2021-04-22 22:49:00,NA
609991,ELITEGROUP COMPUTER SYSTEMS CO. LTD,NA,ELITEGROUP COMPUTER SYSTEMS CO. LTD,Wesley Kuo,"Please confirm the feedback for AC9461/ AC9560, #1,#2,#3?. of BT and #1,#2,#4 & #7? of WLAN(Attach1)",2021-04-22 22:49:00,NA
609991,ELITEGROUP COMPUTER SYSTEMS CO. LTD,NA,ELITEGROUP COMPUTER SYSTEMS CO. LTD,Wesley Kuo,"Please confirm the feedback for AC9461/ AC9560, #1,#2,#3?. of BT and #1,#2,#4 & #7? of WLAN(Attach1)",2021-04-22 22:49:00,NA
609866,"HUAQIN TECHNOLOGY CO., LTD",NA,"Huaqin Technology Co., Ltd",Steven ZY Chen,[Xiaomi][A29S][AMD-Cez][20H2]MIUI+ transfer interface show two devices of the same name after do manual coldboot.(FR:5 out of 5 units),2021-04-22 10:24:00,NA
609866,"HUAQIN TECHNOLOGY CO., LTD",NA,"Huaqin Technology Co., Ltd",Steven ZY Chen,[Xiaomi][A29S][AMD-Cez][20H2]MIUI+ transfer interface show two devices of the same name after do manual coldboot.(FR:5 out of 5 units),2021-04-22 10:24:00,NA
609866,"HUAQIN TECHNOLOGY CO., LTD",NA,"Huaqin Technology Co., Ltd",Steven ZY Chen,[Xiaomi][A29S][AMD-Cez][20H2]MIUI+ transfer interface show two devices of the same name after do manual coldboot.(FR:5 out of 5 units),2021-04-22 10:24:00,NA
609586,PEGATRON CORPORATION,NA,Pegatron Corporation,Leo Chiang,"[Dell][Wall Street]The system still can be discovery by BT when the ""BT & Other device"" page is open, even the discovery was disabled.",2021-04-21 20:33:00,NA
609586,PEGATRON CORPORATION,NA,Pegatron Corporation,Leo Chiang,"[Dell][Wall Street]The system still can be discovery by BT when the ""BT & Other device"" page is open, even the discovery was disabled.",2021-04-21 20:33:00,NA
609586,PEGATRON CORPORATION,NA,Pegatron Corporation,Leo Chiang,"[Dell][Wall Street]The system still can be discovery by BT when the ""BT & Other device"" page is open, even the discovery was disabled.",2021-04-21 20:33:00,NA
609271,ELITEGROUP COMPUTER SYSTEMS CO. LTD,NA,ELITEGROUP COMPUTER SYSTEMS CO. LTD,Wesley Kuo,[Intel SPG][Bluetooth device with yellow bang in S4 stress],2021-04-21 00:37:00,NA
609271,ELITEGROUP COMPUTER SYSTEMS CO. LTD,NA,ELITEGROUP COMPUTER SYSTEMS CO. LTD,Wesley Kuo,[Intel SPG][Bluetooth device with yellow bang in S4 stress],2021-04-21 00:37:00,NA
609271,ELITEGROUP COMPUTER SYSTEMS CO. LTD,NA,ELITEGROUP COMPUTER SYSTEMS CO. LTD,Wesley Kuo,[Intel SPG][Bluetooth device with yellow bang in S4 stress],2021-04-21 00:37:00,NA
609117,"COMPAL ELECTRONICS, INC.",NA,"COMPAL ELECTRONICS, INC.",Zhiqiang Cai,[Lenovo_IdeaPad][Compal][S560 Pro-14ITL Refresh][20H2] BSOD 0x9F (Netwtw10 )during normal function test. (F/R: 1/59 units),2021-04-20 17:45:00,NA
609117,"COMPAL ELECTRONICS, INC.",NA,"COMPAL ELECTRONICS, INC.",Zhiqiang Cai,[Lenovo_IdeaPad][Compal][S560 Pro-14ITL Refresh][20H2] BSOD 0x9F (Netwtw10 )during normal function test. (F/R: 1/59 units),2021-04-20 17:45:00,NA
609117,"COMPAL ELECTRONICS, INC.",NA,"COMPAL ELECTRONICS, INC.",Zhiqiang Cai,[Lenovo_IdeaPad][Compal][S560 Pro-14ITL Refresh][20H2] BSOD 0x9F (Netwtw10 )during normal function test. (F/R: 1/59 units),2021-04-20 17:45:00,NA
609049,"HUAQIN TECHNOLOGY CO., LTD",NA,"Huaqin Technology Co., Ltd",Brandon Yang,[HUAWEI][HUAQIN][KelvinC Comet lake][Intel 9560][20H2] There are lags when using Bluetooth mouse from S3.,2021-04-20 07:41:00,NA
609049,"HUAQIN TECHNOLOGY CO., LTD",NA,"Huaqin Technology Co., Ltd",Brandon Yang,[HUAWEI][HUAQIN][KelvinC Comet lake][Intel 9560][20H2] There are lags when using Bluetooth mouse from S3.,2021-04-20 07:41:00,NA
609049,"HUAQIN TECHNOLOGY CO., LTD",NA,"Huaqin Technology Co., Ltd",Brandon Yang,[HUAWEI][HUAQIN][KelvinC Comet lake][Intel 9560][20H2] There are lags when using Bluetooth mouse from S3.,2021-04-20 07:41:00,NA
608892,"SHANGHAI WINGTECH ELECTRONICS TECHNOLOGYCO., LTD.",NA,"SHANGHAI WINGTECH ELECTRONICS TECHNOLOGYCO., LTD.",Brandon Yang,"[Huawei][Wingtech][Dirac][Intel Tiger Lake UP4][AX201][20H1] [BT]Mouse delete pairing, quick back connection failed?1/50?",2021-04-20 01:31:00,NA
608892,"SHANGHAI WINGTECH ELECTRONICS TECHNOLOGYCO., LTD.",NA,"SHANGHAI WINGTECH ELECTRONICS TECHNOLOGYCO., LTD.",Brandon Yang,"[Huawei][Wingtech][Dirac][Intel Tiger Lake UP4][AX201][20H1] [BT]Mouse delete pairing, quick back connection failed?1/50?",2021-04-20 01:31:00,NA
608892,"SHANGHAI WINGTECH ELECTRONICS TECHNOLOGYCO., LTD.",NA,"SHANGHAI WINGTECH ELECTRONICS TECHNOLOGYCO., LTD.",Brandon Yang,"[Huawei][Wingtech][Dirac][Intel Tiger Lake UP4][AX201][20H1] [BT]Mouse delete pairing, quick back connection failed?1/50?",2021-04-20 01:31:00,NA
608795,"COMPAL ELECTRONICS, INC.",NA,"COMPAL ELECTRONICS, INC.",Wesley Kuo,[Lenovo-ideaPad][Compal][L360][TGL][AX200][20H2]Intel AX200:267706-Sound output from BT headphone [QCY(QY7)] show lag when turn on Sound Sharing of Nahimic app.,2021-04-19 21:00:00,NA
608795,"COMPAL ELECTRONICS, INC.",NA,"COMPAL ELECTRONICS, INC.",Wesley Kuo,[Lenovo-ideaPad][Compal][L360][TGL][AX200][20H2]Intel AX200:267706-Sound output from BT headphone [QCY(QY7)] show lag when turn on Sound Sharing of Nahimic app.,2021-04-19 21:00:00,NA
608795,"COMPAL ELECTRONICS, INC.",NA,"COMPAL ELECTRONICS, INC.",Wesley Kuo,[Lenovo-ideaPad][Compal][L360][TGL][AX200][20H2]Intel AX200:267706-Sound output from BT headphone [QCY(QY7)] show lag when turn on Sound Sharing of Nahimic app.,2021-04-19 21:00:00,NA
608629,"HUAQIN TECHNOLOGY CO., LTD",NA,"Huaqin Technology Co., Ltd",Brandon Yang,[HUAWEI][HUAQIN][MachDB Intel TGL][Intel AX201]  System cannot uninstall Bluetooth driver from Device Manager.,2021-04-19 04:34:00,NA
608629,"HUAQIN TECHNOLOGY CO., LTD",NA,"Huaqin Technology Co., Ltd",Brandon Yang,[HUAWEI][HUAQIN][MachDB Intel TGL][Intel AX201]  System cannot uninstall Bluetooth driver from Device Manager.,2021-04-19 04:34:00,NA
608629,"HUAQIN TECHNOLOGY CO., LTD",NA,"Huaqin Technology Co., Ltd",Brandon Yang,[HUAWEI][HUAQIN][MachDB Intel TGL][Intel AX201]  System cannot uninstall Bluetooth driver from Device Manager.,2021-04-19 04:34:00,NA
608601,WISTRON CORPORATION,NA,WISTRON CORPORATION,Timdaway Lai,[Lenovo-ThinkPad][Wistron][L13 Gen 2][TGL][AX201][9560][20H2][80%]AV_Netwtw10!dclReturnRxBufferApi,2021-04-19 03:32:00,NA
608601,WISTRON CORPORATION,NA,WISTRON CORPORATION,Timdaway Lai,[Lenovo-ThinkPad][Wistron][L13 Gen 2][TGL][AX201][9560][20H2][80%]AV_Netwtw10!dclReturnRxBufferApi,2021-04-19 03:32:00,NA
608601,WISTRON CORPORATION,NA,WISTRON CORPORATION,Timdaway Lai,[Lenovo-ThinkPad][Wistron][L13 Gen 2][TGL][AX201][9560][20H2][80%]AV_Netwtw10!dclReturnRxBufferApi,2021-04-19 03:32:00,NA
608592,WISTRON CORPORATION,NA,WISTRON CORPORATION,Timdaway Lai,[Lenovo-ThinkPad][Wistron][L13 Gen 2][TGL][AX201][9560][20H2][80%]0x9F_3_SETPOWER_Netwtw10!_vector_destructor_iterator___PERF__(Netwtw10+0x0),2021-04-19 03:13:00,NA
608592,WISTRON CORPORATION,NA,WISTRON CORPORATION,Timdaway Lai,[Lenovo-ThinkPad][Wistron][L13 Gen 2][TGL][AX201][9560][20H2][80%]0x9F_3_SETPOWER_Netwtw10!_vector_destructor_iterator___PERF__(Netwtw10+0x0),2021-04-19 03:13:00,NA
608592,WISTRON CORPORATION,NA,WISTRON CORPORATION,Timdaway Lai,[Lenovo-ThinkPad][Wistron][L13 Gen 2][TGL][AX201][9560][20H2][80%]0x9F_3_SETPOWER_Netwtw10!_vector_destructor_iterator___PERF__(Netwtw10+0x0),2021-04-19 03:13:00,NA
608586,QUANTA COMPUTER INC.,NA,QUANTA COMPUTER INC.,Charles P Chu,[Huawei][Quanta][BohrM/NobelM[Lucienne][AX200][20H2][WiFi][BUG-20210317-19862] Press F9 hot key no function(enable/disable Wifi).,2021-04-19 03:01:00,NA
608586,QUANTA COMPUTER INC.,NA,QUANTA COMPUTER INC.,Charles P Chu,[Huawei][Quanta][BohrM/NobelM[Lucienne][AX200][20H2][WiFi][BUG-20210317-19862] Press F9 hot key no function(enable/disable Wifi).,2021-04-19 03:01:00,NA
608586,QUANTA COMPUTER INC.,NA,QUANTA COMPUTER INC.,Charles P Chu,[Huawei][Quanta][BohrM/NobelM[Lucienne][AX200][20H2][WiFi][BUG-20210317-19862] Press F9 hot key no function(enable/disable Wifi).,2021-04-19 03:01:00,NA
608577,MSI,NA,"MICRO-STAR INTERNATIONAL CO., LTD.",Charles Yeh,[MSI] [TGL UP3] [ 14C5] [WLAN] WLAN device or WiFi Director device will get YB when the system do long run S5,2021-04-19 02:45:00,NA
608577,MSI,NA,"MICRO-STAR INTERNATIONAL CO., LTD.",Charles Yeh,[MSI] [TGL UP3] [ 14C5] [WLAN] WLAN device or WiFi Director device will get YB when the system do long run S5,2021-04-19 02:45:00,NA
608577,MSI,NA,"MICRO-STAR INTERNATIONAL CO., LTD.",Charles Yeh,[MSI] [TGL UP3] [ 14C5] [WLAN] WLAN device or WiFi Director device will get YB when the system do long run S5,2021-04-19 02:45:00,NA
608156,"HUAQIN TECHNOLOGY CO., LTD",NA,"Huaqin Technology Co., Ltd",Zhiwei He,[HUAWEI][HUAQIN][Intel TGL][Intel AX201 WIFI][20H2]Found PC is disconnect status during connect AP and PC do switch AP connect,2021-04-16 03:17:00,NA
608156,"HUAQIN TECHNOLOGY CO., LTD",NA,"Huaqin Technology Co., Ltd",Zhiwei He,[HUAWEI][HUAQIN][Intel TGL][Intel AX201 WIFI][20H2]Found PC is disconnect status during connect AP and PC do switch AP connect,2021-04-16 03:17:00,NA
608156,"HUAQIN TECHNOLOGY CO., LTD",NA,"Huaqin Technology Co., Ltd",Zhiwei He,[HUAWEI][HUAQIN][Intel TGL][Intel AX201 WIFI][20H2]Found PC is disconnect status during connect AP and PC do switch AP connect,2021-04-16 03:17:00,NA
608135,"HUAQIN TECHNOLOGY CO., LTD",NA,"Huaqin Technology Co., Ltd",Steven ZY Chen,[Huaqin][XiaoMi][A18S][AMD-Luc]Unknown USB Device lost(Bluetooth) YB when running reboot/S4.(FR:7 out of 200 units),2021-04-16 02:22:00,NA
608135,"HUAQIN TECHNOLOGY CO., LTD",NA,"Huaqin Technology Co., Ltd",Steven ZY Chen,[Huaqin][XiaoMi][A18S][AMD-Luc]Unknown USB Device lost(Bluetooth) YB when running reboot/S4.(FR:7 out of 200 units),2021-04-16 02:22:00,NA
608135,"HUAQIN TECHNOLOGY CO., LTD",NA,"Huaqin Technology Co., Ltd",Steven ZY Chen,[Huaqin][XiaoMi][A18S][AMD-Luc]Unknown USB Device lost(Bluetooth) YB when running reboot/S4.(FR:7 out of 200 units),2021-04-16 02:22:00,NA
608051,DYNABOOK INC.,NA,Dynabook Inc.,Wesley Kuo,[Dynabook][20H2]Bluetooth Hands Free feature of dynabook Smartphone Link App cannot work while BT Offload enabled.,2021-04-15 23:49:00,NA
608051,DYNABOOK INC.,NA,Dynabook Inc.,Wesley Kuo,[Dynabook][20H2]Bluetooth Hands Free feature of dynabook Smartphone Link App cannot work while BT Offload enabled.,2021-04-15 23:49:00,NA
608051,DYNABOOK INC.,NA,Dynabook Inc.,Wesley Kuo,[Dynabook][20H2]Bluetooth Hands Free feature of dynabook Smartphone Link App cannot work while BT Offload enabled.,2021-04-15 23:49:00,NA
607874,"HUAQIN TECHNOLOGY CO., LTD",NA,"Huaqin Technology Co., Ltd",Zhiqiang Cai,"[Realme][HUAQIN][Intel TGL][Intel AX201][20H2]Using Miracast to play Internet Video ,close wifi of DUT , the screen will be black for 0.5s.",2021-04-15 06:57:00,NA
607874,"HUAQIN TECHNOLOGY CO., LTD",NA,"Huaqin Technology Co., Ltd",Zhiqiang Cai,"[Realme][HUAQIN][Intel TGL][Intel AX201][20H2]Using Miracast to play Internet Video ,close wifi of DUT , the screen will be black for 0.5s.",2021-04-15 06:57:00,NA
607874,"HUAQIN TECHNOLOGY CO., LTD",NA,"Huaqin Technology Co., Ltd",Zhiqiang Cai,"[Realme][HUAQIN][Intel TGL][Intel AX201][20H2]Using Miracast to play Internet Video ,close wifi of DUT , the screen will be black for 0.5s.",2021-04-15 06:57:00,NA
607627,WISTRON CORPORATION,NA,WISTRON CORPORATION,Timdaway Lai,"[Lenovo-ThinkPad][Wistron][L13 Gen 2][AMD][AX200][20H2][100%][Ares2_AMD] SIT1.0: Wlan disconnected after enter into ModS.(FR:2/2 units,4/2*2 cycles)",2021-04-14 19:47:00,NA
607627,WISTRON CORPORATION,NA,WISTRON CORPORATION,Timdaway Lai,"[Lenovo-ThinkPad][Wistron][L13 Gen 2][AMD][AX200][20H2][100%][Ares2_AMD] SIT1.0: Wlan disconnected after enter into ModS.(FR:2/2 units,4/2*2 cycles)",2021-04-14 19:47:00,NA
607627,WISTRON CORPORATION,NA,WISTRON CORPORATION,Timdaway Lai,"[Lenovo-ThinkPad][Wistron][L13 Gen 2][AMD][AX200][20H2][100%][Ares2_AMD] SIT1.0: Wlan disconnected after enter into ModS.(FR:2/2 units,4/2*2 cycles)",2021-04-14 19:47:00,NA
607608,"COMPAL ELECTRONICS, INC.",NA,"COMPAL ELECTRONICS, INC.",Zhiqiang Cai,[Lenovo-Ideapad][Compal][V350][AX201/AX200][20H2]WiFi-6 function for Ukraine,2021-04-14 19:04:00,NA
607608,"COMPAL ELECTRONICS, INC.",NA,"COMPAL ELECTRONICS, INC.",Zhiqiang Cai,[Lenovo-Ideapad][Compal][V350][AX201/AX200][20H2]WiFi-6 function for Ukraine,2021-04-14 19:04:00,NA
607608,"COMPAL ELECTRONICS, INC.",NA,"COMPAL ELECTRONICS, INC.",Zhiqiang Cai,[Lenovo-Ideapad][Compal][V350][AX201/AX200][20H2]WiFi-6 function for Ukraine,2021-04-14 19:04:00,NA
607524,"HUAQIN TECHNOLOGY CO., LTD",NA,"Huaqin Technology Co., Ltd",Zhiwei He,[HUAWEI][HUAQIN][Morgen Intel TGL][Intel AX201] [20H2] The system will automatically shutdown after running WIFI disable and enable under device manager. Fail Rate: 3/6 DUTs.,2021-04-14 06:56:00,NA
607524,"HUAQIN TECHNOLOGY CO., LTD",NA,"Huaqin Technology Co., Ltd",Zhiwei He,[HUAWEI][HUAQIN][Morgen Intel TGL][Intel AX201] [20H2] The system will automatically shutdown after running WIFI disable and enable under device manager. Fail Rate: 3/6 DUTs.,2021-04-14 06:56:00,NA
607524,"HUAQIN TECHNOLOGY CO., LTD",NA,"Huaqin Technology Co., Ltd",Zhiwei He,[HUAWEI][HUAQIN][Morgen Intel TGL][Intel AX201] [20H2] The system will automatically shutdown after running WIFI disable and enable under device manager. Fail Rate: 3/6 DUTs.,2021-04-14 06:56:00,NA
606994,"HUAQIN TECHNOLOGY CO., LTD",NA,"Huaqin Technology Co., Ltd",Brandon Yang,[Realme][HUAQIN][Intel TGL][Intel AX201][20H2]A failure happened when the DUT pair with the HONOR 30 Phone via Bluetooth,2021-04-13 00:46:00,NA
606994,"HUAQIN TECHNOLOGY CO., LTD",NA,"Huaqin Technology Co., Ltd",Brandon Yang,[Realme][HUAQIN][Intel TGL][Intel AX201][20H2]A failure happened when the DUT pair with the HONOR 30 Phone via Bluetooth,2021-04-13 00:46:00,NA
606994,"HUAQIN TECHNOLOGY CO., LTD",NA,"Huaqin Technology Co., Ltd",Brandon Yang,[Realme][HUAQIN][Intel TGL][Intel AX201][20H2]A failure happened when the DUT pair with the HONOR 30 Phone via Bluetooth,2021-04-13 00:46:00,NA
606976,QUANTA COMPUTER INC.,NA,QUANTA COMPUTER INC.,Charles P Chu,[Huawei][Quanta][H9H][HookeD][AX201][20H2][WIFI][BUG-20210408-21879]BSOD(0xD1) appeared after DUT miracasting to monitor and playing videos about 5 minutes.,2021-04-13 00:32:00,NA
606976,QUANTA COMPUTER INC.,NA,QUANTA COMPUTER INC.,Charles P Chu,[Huawei][Quanta][H9H][HookeD][AX201][20H2][WIFI][BUG-20210408-21879]BSOD(0xD1) appeared after DUT miracasting to monitor and playing videos about 5 minutes.,2021-04-13 00:32:00,NA
606976,QUANTA COMPUTER INC.,NA,QUANTA COMPUTER INC.,Charles P Chu,[Huawei][Quanta][H9H][HookeD][AX201][20H2][WIFI][BUG-20210408-21879]BSOD(0xD1) appeared after DUT miracasting to monitor and playing videos about 5 minutes.,2021-04-13 00:32:00,NA
606915,WISTRON CORPORATION,NA,WISTRON CORPORATION,Franky Yang,Intel Project Athena issue,2021-04-12 21:50:00,NA
606915,WISTRON CORPORATION,NA,WISTRON CORPORATION,Franky Yang,Intel Project Athena issue,2021-04-12 21:50:00,NA
606915,WISTRON CORPORATION,NA,WISTRON CORPORATION,Franky Yang,Intel Project Athena issue,2021-04-12 21:50:00,NA
606892,QUANTA COMPUTER INC.,NA,QUANTA COMPUTER INC.,Charles P Chu,[Huawei][Quanta][EulerD][TGL-UP4][AX201][20H2][WLAN][BUG-20210326-20908]Dropped words during wechat talk.,2021-04-12 20:24:00,NA
606892,QUANTA COMPUTER INC.,NA,QUANTA COMPUTER INC.,Charles P Chu,[Huawei][Quanta][EulerD][TGL-UP4][AX201][20H2][WLAN][BUG-20210326-20908]Dropped words during wechat talk.,2021-04-12 20:24:00,NA
606892,QUANTA COMPUTER INC.,NA,QUANTA COMPUTER INC.,Charles P Chu,[Huawei][Quanta][EulerD][TGL-UP4][AX201][20H2][WLAN][BUG-20210326-20908]Dropped words during wechat talk.,2021-04-12 20:24:00,NA
606696,VAIO,NA,VAIO Corporation,Wesley Kuo,[VAIO][AX201] Windows indicate that power consumption of bluetooth is high during Modern Standby.,2021-04-12 02:02:00,NA
606696,VAIO,NA,VAIO Corporation,Wesley Kuo,[VAIO][AX201] Windows indicate that power consumption of bluetooth is high during Modern Standby.,2021-04-12 02:02:00,NA
606696,VAIO,NA,VAIO Corporation,Wesley Kuo,[VAIO][AX201] Windows indicate that power consumption of bluetooth is high during Modern Standby.,2021-04-12 02:02:00,NA
606642,"SHENZHEN BITLAND INFORMATION TECHNOLOGYCO., LTD.",NA,"SHENZHEN BITLAND INFORMATION TECHNOLOGYCO., LTD.",Charles P Chu,[DT03][Bitland-SZ] AX201 OTA_TX power Issue Debug,2021-04-12 00:27:00,NA
606642,"SHENZHEN BITLAND INFORMATION TECHNOLOGYCO., LTD.",NA,"SHENZHEN BITLAND INFORMATION TECHNOLOGYCO., LTD.",Charles P Chu,[DT03][Bitland-SZ] AX201 OTA_TX power Issue Debug,2021-04-12 00:27:00,NA
606642,"SHENZHEN BITLAND INFORMATION TECHNOLOGYCO., LTD.",NA,"SHENZHEN BITLAND INFORMATION TECHNOLOGYCO., LTD.",Charles P Chu,[DT03][Bitland-SZ] AX201 OTA_TX power Issue Debug,2021-04-12 00:27:00,NA
606624,"HUAQIN TECHNOLOGY CO., LTD",NA,"Huaqin Technology Co., Ltd",Charles Yeh,"[Huaqin][Asus_UX425UAZ][AMD_LCN] 0xD1 BSOD occured when run 3DMark for Windows ""Sky Diver DX11"" Test",2021-04-12 00:03:00,NA
606624,"HUAQIN TECHNOLOGY CO., LTD",NA,"Huaqin Technology Co., Ltd",Charles Yeh,"[Huaqin][Asus_UX425UAZ][AMD_LCN] 0xD1 BSOD occured when run 3DMark for Windows ""Sky Diver DX11"" Test",2021-04-12 00:03:00,NA
606624,"HUAQIN TECHNOLOGY CO., LTD",NA,"Huaqin Technology Co., Ltd",Charles Yeh,"[Huaqin][Asus_UX425UAZ][AMD_LCN] 0xD1 BSOD occured when run 3DMark for Windows ""Sky Diver DX11"" Test",2021-04-12 00:03:00,NA
606548,"COMPAL ELECTRONICS, INC.",NA,"COMPAL ELECTRONICS, INC.",Frank Lee,intel9560 read incorrect device name on jasper lake,2021-04-11 20:02:00,NA
606548,"COMPAL ELECTRONICS, INC.",NA,"COMPAL ELECTRONICS, INC.",Frank Lee,intel9560 read incorrect device name on jasper lake,2021-04-11 20:02:00,NA
606548,"COMPAL ELECTRONICS, INC.",NA,"COMPAL ELECTRONICS, INC.",Frank Lee,intel9560 read incorrect device name on jasper lake,2021-04-11 20:02:00,NA
606502,QUANTA COMPUTER INC.,NA,QUANTA COMPUTER INC.,Charles P Chu,[Huawei][Quanta][H9H][HookeD][AX201][20H2][WIFI][BUG-20210410-22175]PIE lost after run 'web online multimedia with sleep and S4' by HUA STEP tool.,2021-04-11 18:15:00,NA
606502,QUANTA COMPUTER INC.,NA,QUANTA COMPUTER INC.,Charles P Chu,[Huawei][Quanta][H9H][HookeD][AX201][20H2][WIFI][BUG-20210410-22175]PIE lost after run 'web online multimedia with sleep and S4' by HUA STEP tool.,2021-04-11 18:15:00,NA
606502,QUANTA COMPUTER INC.,NA,QUANTA COMPUTER INC.,Charles P Chu,[Huawei][Quanta][H9H][HookeD][AX201][20H2][WIFI][BUG-20210410-22175]PIE lost after run 'web online multimedia with sleep and S4' by HUA STEP tool.,2021-04-11 18:15:00,NA
606445,"HUAQIN TECHNOLOGY CO., LTD",NA,"Huaqin Technology Co., Ltd",Zhiwei He,[HUAWEI][HUAQIN][Intel TGL][Intel AX201] BSOD(0xA5) caused by close and open the lid.,2021-04-09 19:43:00,NA
606445,"HUAQIN TECHNOLOGY CO., LTD",NA,"Huaqin Technology Co., Ltd",Zhiwei He,[HUAWEI][HUAQIN][Intel TGL][Intel AX201] BSOD(0xA5) caused by close and open the lid.,2021-04-09 19:43:00,NA
606445,"HUAQIN TECHNOLOGY CO., LTD",NA,"Huaqin Technology Co., Ltd",Zhiwei He,[HUAWEI][HUAQIN][Intel TGL][Intel AX201] BSOD(0xA5) caused by close and open the lid.,2021-04-09 19:43:00,NA
606442,"HUAQIN TECHNOLOGY CO., LTD",NA,"Huaqin Technology Co., Ltd",Zhiwei He,[HUAWEI][HUAQIN][MachD Intel TGL][Intel AX201] [20H1] WIFI&BT will be lost after close and open the lid.,2021-04-09 19:26:00,NA
606442,"HUAQIN TECHNOLOGY CO., LTD",NA,"Huaqin Technology Co., Ltd",Zhiwei He,[HUAWEI][HUAQIN][MachD Intel TGL][Intel AX201] [20H1] WIFI&BT will be lost after close and open the lid.,2021-04-09 19:26:00,NA
606442,"HUAQIN TECHNOLOGY CO., LTD",NA,"Huaqin Technology Co., Ltd",Zhiwei He,[HUAWEI][HUAQIN][MachD Intel TGL][Intel AX201] [20H1] WIFI&BT will be lost after close and open the lid.,2021-04-09 19:26:00,NA
606153,"HUAQIN TECHNOLOGY CO., LTD",NA,"Huaqin Technology Co., Ltd",Brandon Yang,[HUAWEI][HUAQIN][EmmyD][Tiger Lake][Intel AX201][20H2][BT]The Bluetooth Mouse response timeout after computer wakes up,2021-04-08 19:21:00,NA
606153,"HUAQIN TECHNOLOGY CO., LTD",NA,"Huaqin Technology Co., Ltd",Brandon Yang,[HUAWEI][HUAQIN][EmmyD][Tiger Lake][Intel AX201][20H2][BT]The Bluetooth Mouse response timeout after computer wakes up,2021-04-08 19:21:00,NA
606153,"HUAQIN TECHNOLOGY CO., LTD",NA,"Huaqin Technology Co., Ltd",Brandon Yang,[HUAWEI][HUAQIN][EmmyD][Tiger Lake][Intel AX201][20H2][BT]The Bluetooth Mouse response timeout after computer wakes up,2021-04-08 19:21:00,NA
605809,"HUAQIN TECHNOLOGY CO., LTD",NA,"Huaqin Technology Co., Ltd",Brandon Yang,[HUAWEI][HUAQIN][Intel Whiskey Lake ][Intel 9560 160MHz][20H2]  Bluetooth function will be lost.,2021-04-07 20:27:00,NA
605809,"HUAQIN TECHNOLOGY CO., LTD",NA,"Huaqin Technology Co., Ltd",Brandon Yang,[HUAWEI][HUAQIN][Intel Whiskey Lake ][Intel 9560 160MHz][20H2]  Bluetooth function will be lost.,2021-04-07 20:27:00,NA
605809,"HUAQIN TECHNOLOGY CO., LTD",NA,"Huaqin Technology Co., Ltd",Brandon Yang,[HUAWEI][HUAQIN][Intel Whiskey Lake ][Intel 9560 160MHz][20H2]  Bluetooth function will be lost.,2021-04-07 20:27:00,NA
605696,"SHANGHAI WINGTECH ELECTRONICS TECHNOLOGYCO., LTD.",NA,"SHANGHAI WINGTECH ELECTRONICS TECHNOLOGYCO., LTD.",Zhiwei He,[Huawei][Wingtech][Dirac][Intel Tiger Lake UP4][AX201][20H1] [WIFI]Sensitivity problem confirmation,2021-04-07 07:58:00,NA
605696,"SHANGHAI WINGTECH ELECTRONICS TECHNOLOGYCO., LTD.",NA,"SHANGHAI WINGTECH ELECTRONICS TECHNOLOGYCO., LTD.",Zhiwei He,[Huawei][Wingtech][Dirac][Intel Tiger Lake UP4][AX201][20H1] [WIFI]Sensitivity problem confirmation,2021-04-07 07:58:00,NA
605696,"SHANGHAI WINGTECH ELECTRONICS TECHNOLOGYCO., LTD.",NA,"SHANGHAI WINGTECH ELECTRONICS TECHNOLOGYCO., LTD.",Zhiwei He,[Huawei][Wingtech][Dirac][Intel Tiger Lake UP4][AX201][20H1] [WIFI]Sensitivity problem confirmation,2021-04-07 07:58:00,NA
605617,"COMPAL ELECTRONICS, INC.",NA,"COMPAL ELECTRONICS, INC.",Zhiqiang Cai,[Lenovo-AIO][Comapl][A360][TGL-U][9560_AX201]Sometimes Intel 9560 & AX201 wlan card cannot connect Mobile hotspot or disconnect automatically.,2021-04-07 02:07:00,NA
605617,"COMPAL ELECTRONICS, INC.",NA,"COMPAL ELECTRONICS, INC.",Zhiqiang Cai,[Lenovo-AIO][Comapl][A360][TGL-U][9560_AX201]Sometimes Intel 9560 & AX201 wlan card cannot connect Mobile hotspot or disconnect automatically.,2021-04-07 02:07:00,NA
605617,"COMPAL ELECTRONICS, INC.",NA,"COMPAL ELECTRONICS, INC.",Zhiqiang Cai,[Lenovo-AIO][Comapl][A360][TGL-U][9560_AX201]Sometimes Intel 9560 & AX201 wlan card cannot connect Mobile hotspot or disconnect automatically.,2021-04-07 02:07:00,NA
605558,"COMPAL ELECTRONICS, INC.",NA,"COMPAL ELECTRONICS, INC.",Wesley Kuo,[Lenovo-ThinkBook][Compal][V350][TGL-U refresh][9560][20H2][0.02%]Intel 9560 BT shows YB during stress CB,2021-04-07 00:13:00,NA
605558,"COMPAL ELECTRONICS, INC.",NA,"COMPAL ELECTRONICS, INC.",Wesley Kuo,[Lenovo-ThinkBook][Compal][V350][TGL-U refresh][9560][20H2][0.02%]Intel 9560 BT shows YB during stress CB,2021-04-07 00:13:00,NA
605558,"COMPAL ELECTRONICS, INC.",NA,"COMPAL ELECTRONICS, INC.",Wesley Kuo,[Lenovo-ThinkBook][Compal][V350][TGL-U refresh][9560][20H2][0.02%]Intel 9560 BT shows YB during stress CB,2021-04-07 00:13:00,NA
605460,QUANTA COMPUTER INC.,NA,QUANTA COMPUTER INC.,Charles P Chu,[Huawei][Quanta][BohrM/NobelM[Lucienne][AX200][20H2][WiFi][804851654] WLAN-AutoConfig auto consecutive disconnect/connect.,2021-04-06 21:28:00,NA
605460,QUANTA COMPUTER INC.,NA,QUANTA COMPUTER INC.,Charles P Chu,[Huawei][Quanta][BohrM/NobelM[Lucienne][AX200][20H2][WiFi][804851654] WLAN-AutoConfig auto consecutive disconnect/connect.,2021-04-06 21:28:00,NA
605460,QUANTA COMPUTER INC.,NA,QUANTA COMPUTER INC.,Charles P Chu,[Huawei][Quanta][BohrM/NobelM[Lucienne][AX200][20H2][WiFi][804851654] WLAN-AutoConfig auto consecutive disconnect/connect.,2021-04-06 21:28:00,NA
605256,QUANTA COMPUTER INC.,NA,QUANTA COMPUTER INC.,Brandon Yang,[Huawei][Quanta][NobelM][Lucienne]AX200][20H2][BT][804850875] BT status cannot into D2 when use BLEscanner tool to search device in PC.,2021-04-06 04:32:00,NA
605256,QUANTA COMPUTER INC.,NA,QUANTA COMPUTER INC.,Brandon Yang,[Huawei][Quanta][NobelM][Lucienne]AX200][20H2][BT][804850875] BT status cannot into D2 when use BLEscanner tool to search device in PC.,2021-04-06 04:32:00,NA
605256,QUANTA COMPUTER INC.,NA,QUANTA COMPUTER INC.,Brandon Yang,[Huawei][Quanta][NobelM][Lucienne]AX200][20H2][BT][804850875] BT status cannot into D2 when use BLEscanner tool to search device in PC.,2021-04-06 04:32:00,NA
605215,"HUAQIN TECHNOLOGY CO., LTD",NA,"Huaqin Technology Co., Ltd",Brandon Yang,[HUAWEI][MACHD][Intel TGL][Intel AX201[20H2]BT module cannot enter D3 status  enter to Modern standby during connect BT mouse,2021-04-06 02:24:00,NA
605215,"HUAQIN TECHNOLOGY CO., LTD",NA,"Huaqin Technology Co., Ltd",Brandon Yang,[HUAWEI][MACHD][Intel TGL][Intel AX201[20H2]BT module cannot enter D3 status  enter to Modern standby during connect BT mouse,2021-04-06 02:24:00,NA
605215,"HUAQIN TECHNOLOGY CO., LTD",NA,"Huaqin Technology Co., Ltd",Brandon Yang,[HUAWEI][MACHD][Intel TGL][Intel AX201[20H2]BT module cannot enter D3 status  enter to Modern standby during connect BT mouse,2021-04-06 02:24:00,NA
605160,"HUAQIN TECHNOLOGY CO., LTD",NA,"Huaqin Technology Co., Ltd",Brandon Yang,[HUAWEI][HUAQIN][EmmyM][AMD][AX200][20H2][BT]The BLE Bluetooth mouse re pairing failed,2021-04-06 00:58:00,NA
605160,"HUAQIN TECHNOLOGY CO., LTD",NA,"Huaqin Technology Co., Ltd",Brandon Yang,[HUAWEI][HUAQIN][EmmyM][AMD][AX200][20H2][BT]The BLE Bluetooth mouse re pairing failed,2021-04-06 00:58:00,NA
605160,"HUAQIN TECHNOLOGY CO., LTD",NA,"Huaqin Technology Co., Ltd",Brandon Yang,[HUAWEI][HUAQIN][EmmyM][AMD][AX200][20H2][BT]The BLE Bluetooth mouse re pairing failed,2021-04-06 00:58:00,NA
605152,QUANTA COMPUTER INC.,NA,QUANTA COMPUTER INC.,Brandon Yang,[Huawei][Quanta][H9H][HookeD][AX201][20H2][BT][BUG-20210409-21936]BT mouse cursor can be moved but the icon cannot be selected.,2021-04-06 00:46:00,NA
605152,QUANTA COMPUTER INC.,NA,QUANTA COMPUTER INC.,Brandon Yang,[Huawei][Quanta][H9H][HookeD][AX201][20H2][BT][BUG-20210409-21936]BT mouse cursor can be moved but the icon cannot be selected.,2021-04-06 00:46:00,NA
605152,QUANTA COMPUTER INC.,NA,QUANTA COMPUTER INC.,Brandon Yang,[Huawei][Quanta][H9H][HookeD][AX201][20H2][BT][BUG-20210409-21936]BT mouse cursor can be moved but the icon cannot be selected.,2021-04-06 00:46:00,NA
605125,"HUAQIN TECHNOLOGY CO., LTD",NA,"Huaqin Technology Co., Ltd",Zhiwei He,[HUAWEI][HUAQIN][EmmyM][AMD][AX200][20H2][WIFI]The DUT cannot match the correct contry code in the connection router hotspot,2021-04-06 00:09:00,NA
605125,"HUAQIN TECHNOLOGY CO., LTD",NA,"Huaqin Technology Co., Ltd",Zhiwei He,[HUAWEI][HUAQIN][EmmyM][AMD][AX200][20H2][WIFI]The DUT cannot match the correct contry code in the connection router hotspot,2021-04-06 00:09:00,NA
605125,"HUAQIN TECHNOLOGY CO., LTD",NA,"Huaqin Technology Co., Ltd",Zhiwei He,[HUAWEI][HUAQIN][EmmyM][AMD][AX200][20H2][WIFI]The DUT cannot match the correct contry code in the connection router hotspot,2021-04-06 00:09:00,NA
605103,WISTRON CORPORATION,NA,WISTRON CORPORATION,Wesley Kuo,[Q&A][Acer][Wistron][Yacht_TL/Milgauss_TL][20H2][AX201&1650i] Mouse will lag using Bluetooth mouse,2021-04-05 23:30:00,NA
605103,WISTRON CORPORATION,NA,WISTRON CORPORATION,Wesley Kuo,[Q&A][Acer][Wistron][Yacht_TL/Milgauss_TL][20H2][AX201&1650i] Mouse will lag using Bluetooth mouse,2021-04-05 23:30:00,NA
605103,WISTRON CORPORATION,NA,WISTRON CORPORATION,Wesley Kuo,[Q&A][Acer][Wistron][Yacht_TL/Milgauss_TL][20H2][AX201&1650i] Mouse will lag using Bluetooth mouse,2021-04-05 23:30:00,NA
605077,ELITEGROUP COMPUTER SYSTEMS CO. LTD,NA,ELITEGROUP COMPUTER SYSTEMS CO. LTD,Zhiqiang Cai,[Lenovo_DT][ECS][ADL-S][CSLP][Legion T7][WW15-16WS] AX201 will be yellow mark after resume from S3 or Reboot,2021-04-05 22:30:00,NA
605077,ELITEGROUP COMPUTER SYSTEMS CO. LTD,NA,ELITEGROUP COMPUTER SYSTEMS CO. LTD,Zhiqiang Cai,[Lenovo_DT][ECS][ADL-S][CSLP][Legion T7][WW15-16WS] AX201 will be yellow mark after resume from S3 or Reboot,2021-04-05 22:30:00,NA
605077,ELITEGROUP COMPUTER SYSTEMS CO. LTD,NA,ELITEGROUP COMPUTER SYSTEMS CO. LTD,Zhiqiang Cai,[Lenovo_DT][ECS][ADL-S][CSLP][Legion T7][WW15-16WS] AX201 will be yellow mark after resume from S3 or Reboot,2021-04-05 22:30:00,NA
604718,"HUAQIN TECHNOLOGY CO., LTD",NA,"Huaqin Technology Co., Ltd",Brandon Yang,[HUAWEI][HUAQIN][EmmyM][AMD][AX200][20H2][BT]The sound of the Bluetooth headset jumps when the Bluetooth headset is disconnected and reconnected,2021-04-01 20:55:00,NA
604718,"HUAQIN TECHNOLOGY CO., LTD",NA,"Huaqin Technology Co., Ltd",Brandon Yang,[HUAWEI][HUAQIN][EmmyM][AMD][AX200][20H2][BT]The sound of the Bluetooth headset jumps when the Bluetooth headset is disconnected and reconnected,2021-04-01 20:55:00,NA
604718,"HUAQIN TECHNOLOGY CO., LTD",NA,"Huaqin Technology Co., Ltd",Brandon Yang,[HUAWEI][HUAQIN][EmmyM][AMD][AX200][20H2][BT]The sound of the Bluetooth headset jumps when the Bluetooth headset is disconnected and reconnected,2021-04-01 20:55:00,NA
604458,"HUAQIN TECHNOLOGY CO., LTD",NA,"Huaqin Technology Co., Ltd",Zhiwei He,[HUAWEI][HUAQIN][EmmyM][AMD][AX200][20H2][WIFI]A splash screen appears when the video is played by wireless projection,2021-03-31 23:17:00,NA
604458,"HUAQIN TECHNOLOGY CO., LTD",NA,"Huaqin Technology Co., Ltd",Zhiwei He,[HUAWEI][HUAQIN][EmmyM][AMD][AX200][20H2][WIFI]A splash screen appears when the video is played by wireless projection,2021-03-31 23:17:00,NA
604458,"HUAQIN TECHNOLOGY CO., LTD",NA,"Huaqin Technology Co., Ltd",Zhiwei He,[HUAWEI][HUAQIN][EmmyM][AMD][AX200][20H2][WIFI]A splash screen appears when the video is played by wireless projection,2021-03-31 23:17:00,NA
604413,QUANTA COMPUTER INC.,NA,QUANTA COMPUTER INC.,Brandon Yang,[Huawei][Quanta][BohrD][TGL-U][AX201][20H2][BT][804844439] BT device YB after upgrades driver from v22.0 to v22.20 or v22.0 to v22.40.,2021-03-31 20:31:00,NA
604413,QUANTA COMPUTER INC.,NA,QUANTA COMPUTER INC.,Brandon Yang,[Huawei][Quanta][BohrD][TGL-U][AX201][20H2][BT][804844439] BT device YB after upgrades driver from v22.0 to v22.20 or v22.0 to v22.40.,2021-03-31 20:31:00,NA
604413,QUANTA COMPUTER INC.,NA,QUANTA COMPUTER INC.,Brandon Yang,[Huawei][Quanta][BohrD][TGL-U][AX201][20H2][BT][804844439] BT device YB after upgrades driver from v22.0 to v22.20 or v22.0 to v22.40.,2021-03-31 20:31:00,NA
604384,QUANTA COMPUTER INC.,NA,QUANTA COMPUTER INC.,Charles P Chu,[Huawei][Quanta][BohrD][TGL-U][AX201][20H1][WiFi][804841541] Single machine cannot connect wifi AP.,2021-03-31 19:30:00,NA
604384,QUANTA COMPUTER INC.,NA,QUANTA COMPUTER INC.,Charles P Chu,[Huawei][Quanta][BohrD][TGL-U][AX201][20H1][WiFi][804841541] Single machine cannot connect wifi AP.,2021-03-31 19:30:00,NA
604384,QUANTA COMPUTER INC.,NA,QUANTA COMPUTER INC.,Charles P Chu,[Huawei][Quanta][BohrD][TGL-U][AX201][20H1][WiFi][804841541] Single machine cannot connect wifi AP.,2021-03-31 19:30:00,NA
604380,"HUAQIN TECHNOLOGY CO., LTD",NA,"Huaqin Technology Co., Ltd",Brandon Yang,[HUAWEI][HUAQIN][Intel TGL][Intel AX201][20H1] System will automatically turn off the bluetooth device.,2021-03-31 19:22:00,NA
604380,"HUAQIN TECHNOLOGY CO., LTD",NA,"Huaqin Technology Co., Ltd",Brandon Yang,[HUAWEI][HUAQIN][Intel TGL][Intel AX201][20H1] System will automatically turn off the bluetooth device.,2021-03-31 19:22:00,NA
604380,"HUAQIN TECHNOLOGY CO., LTD",NA,"Huaqin Technology Co., Ltd",Brandon Yang,[HUAWEI][HUAQIN][Intel TGL][Intel AX201][20H1] System will automatically turn off the bluetooth device.,2021-03-31 19:22:00,NA
604359,"COMPAL ELECTRONICS, INC.",NA,"COMPAL ELECTRONICS, INC.",Leo Chiang,[Dell-COMPAL][ARK_SIF_TGL]Intel AX201 lost in DM after WB,2021-03-31 18:40:00,NA
604359,"COMPAL ELECTRONICS, INC.",NA,"COMPAL ELECTRONICS, INC.",Leo Chiang,[Dell-COMPAL][ARK_SIF_TGL]Intel AX201 lost in DM after WB,2021-03-31 18:40:00,NA
604359,"COMPAL ELECTRONICS, INC.",NA,"COMPAL ELECTRONICS, INC.",Leo Chiang,[Dell-COMPAL][ARK_SIF_TGL]Intel AX201 lost in DM after WB,2021-03-31 18:40:00,NA
604134,WISTRON CORPORATION,NA,WISTRON CORPORATION,Charles Yeh,[Dell-Wistron][D12][ADL-S][WiFi] AX201 wlan Driver cannot be installed by Setup.exe,2021-03-31 00:39:00,NA
604134,WISTRON CORPORATION,NA,WISTRON CORPORATION,Charles Yeh,[Dell-Wistron][D12][ADL-S][WiFi] AX201 wlan Driver cannot be installed by Setup.exe,2021-03-31 00:39:00,NA
604134,WISTRON CORPORATION,NA,WISTRON CORPORATION,Charles Yeh,[Dell-Wistron][D12][ADL-S][WiFi] AX201 wlan Driver cannot be installed by Setup.exe,2021-03-31 00:39:00,NA
604057,"COMPAL ELECTRONICS, INC.",NA,"COMPAL ELECTRONICS, INC.",Wesley Kuo,[UNIS] [Compal][UNIS_Slinky][Tiger Lake][AX201][20H2] BT show yellow bang after discharge to enter critical level and resume from S4,2021-03-30 22:03:00,NA
604057,"COMPAL ELECTRONICS, INC.",NA,"COMPAL ELECTRONICS, INC.",Wesley Kuo,[UNIS] [Compal][UNIS_Slinky][Tiger Lake][AX201][20H2] BT show yellow bang after discharge to enter critical level and resume from S4,2021-03-30 22:03:00,NA
604057,"COMPAL ELECTRONICS, INC.",NA,"COMPAL ELECTRONICS, INC.",Wesley Kuo,[UNIS] [Compal][UNIS_Slinky][Tiger Lake][AX201][20H2] BT show yellow bang after discharge to enter critical level and resume from S4,2021-03-30 22:03:00,NA
604046,"COMPAL ELECTRONICS, INC.",NA,"COMPAL ELECTRONICS, INC.",Franky Yang,[Dell] [Tributo ADL-P] SUT will BSOD after installed Intel AX211 Wi-Fi driver v22.35.0.2.,2021-03-30 20:57:00,NA
604046,"COMPAL ELECTRONICS, INC.",NA,"COMPAL ELECTRONICS, INC.",Franky Yang,[Dell] [Tributo ADL-P] SUT will BSOD after installed Intel AX211 Wi-Fi driver v22.35.0.2.,2021-03-30 20:57:00,NA
604046,"COMPAL ELECTRONICS, INC.",NA,"COMPAL ELECTRONICS, INC.",Franky Yang,[Dell] [Tributo ADL-P] SUT will BSOD after installed Intel AX211 Wi-Fi driver v22.35.0.2.,2021-03-30 20:57:00,NA
604018,"HUAQIN TECHNOLOGY CO., LTD",NA,"Huaqin Technology Co., Ltd",Brandon Yang,[HUAWEI][HUAQIN][Intel TGL][Intel AX201][20H1] Bluetooth switch change to OFF after resume from screen off.,2021-03-30 19:56:00,NA
604018,"HUAQIN TECHNOLOGY CO., LTD",NA,"Huaqin Technology Co., Ltd",Brandon Yang,[HUAWEI][HUAQIN][Intel TGL][Intel AX201][20H1] Bluetooth switch change to OFF after resume from screen off.,2021-03-30 19:56:00,NA
604018,"HUAQIN TECHNOLOGY CO., LTD",NA,"Huaqin Technology Co., Ltd",Brandon Yang,[HUAWEI][HUAQIN][Intel TGL][Intel AX201][20H1] Bluetooth switch change to OFF after resume from screen off.,2021-03-30 19:56:00,NA
603844,WISTRON CORPORATION,NA,WISTRON CORPORATION,Charles Yeh,[Dell-Wistron][D12][ADL-S][WiFi] AX201 wlan shows YB on 'Network controller' in Device Manger after install driver,2021-03-30 03:40:00,NA
603844,WISTRON CORPORATION,NA,WISTRON CORPORATION,Charles Yeh,[Dell-Wistron][D12][ADL-S][WiFi] AX201 wlan shows YB on 'Network controller' in Device Manger after install driver,2021-03-30 03:40:00,NA
603844,WISTRON CORPORATION,NA,WISTRON CORPORATION,Charles Yeh,[Dell-Wistron][D12][ADL-S][WiFi] AX201 wlan shows YB on 'Network controller' in Device Manger after install driver,2021-03-30 03:40:00,NA
603838,QUANTA COMPUTER INC.,NA,QUANTA COMPUTER INC.,Brandon Yang,[Huawei][Quanta][KelvinD][TGL-U][AX201][20H2][BT][804841094] All BT device lost function and auto resume after 1 min.,2021-03-30 03:28:00,NA
603838,QUANTA COMPUTER INC.,NA,QUANTA COMPUTER INC.,Brandon Yang,[Huawei][Quanta][KelvinD][TGL-U][AX201][20H2][BT][804841094] All BT device lost function and auto resume after 1 min.,2021-03-30 03:28:00,NA
603838,QUANTA COMPUTER INC.,NA,QUANTA COMPUTER INC.,Brandon Yang,[Huawei][Quanta][KelvinD][TGL-U][AX201][20H2][BT][804841094] All BT device lost function and auto resume after 1 min.,2021-03-30 03:28:00,NA
603726,WISTRON CORPORATION,NA,WISTRON CORPORATION,Timdaway Lai,"[Lenovo-ThinkPad][wistron][L13 Gen 2][AMD][AX200][20H2][100%]20H2:HLK:Wlan Test - Wlan Device Reset Check failed due to crash with exception code 0xC0000005 occurred in module ""unknown"" and driver will be yellow bang after test.",2021-03-30 00:38:00,NA
603726,WISTRON CORPORATION,NA,WISTRON CORPORATION,Timdaway Lai,"[Lenovo-ThinkPad][wistron][L13 Gen 2][AMD][AX200][20H2][100%]20H2:HLK:Wlan Test - Wlan Device Reset Check failed due to crash with exception code 0xC0000005 occurred in module ""unknown"" and driver will be yellow bang after test.",2021-03-30 00:38:00,NA
603726,WISTRON CORPORATION,NA,WISTRON CORPORATION,Timdaway Lai,"[Lenovo-ThinkPad][wistron][L13 Gen 2][AMD][AX200][20H2][100%]20H2:HLK:Wlan Test - Wlan Device Reset Check failed due to crash with exception code 0xC0000005 occurred in module ""unknown"" and driver will be yellow bang after test.",2021-03-30 00:38:00,NA
603696,"FOXCONN TECHNOLOGY CO., LTD.",NA,"FOXCONN TECHNOLOGY CO., LTD.",Franky Yang,[DELL Corp. DT/Foxconn/Intel ADL-S go fast][D12 Dolphin V SFF][WLAN]Intel AX210 WLAN driver (SWB:PK22G) can't be installed and warning message pops up via DUP.exe,2021-03-29 23:43:00,NA
603696,"FOXCONN TECHNOLOGY CO., LTD.",NA,"FOXCONN TECHNOLOGY CO., LTD.",Franky Yang,[DELL Corp. DT/Foxconn/Intel ADL-S go fast][D12 Dolphin V SFF][WLAN]Intel AX210 WLAN driver (SWB:PK22G) can't be installed and warning message pops up via DUP.exe,2021-03-29 23:43:00,NA
603696,"FOXCONN TECHNOLOGY CO., LTD.",NA,"FOXCONN TECHNOLOGY CO., LTD.",Franky Yang,[DELL Corp. DT/Foxconn/Intel ADL-S go fast][D12 Dolphin V SFF][WLAN]Intel AX210 WLAN driver (SWB:PK22G) can't be installed and warning message pops up via DUP.exe,2021-03-29 23:43:00,NA
603282,"HUAQIN TECHNOLOGY CO., LTD",NA,"Huaqin Technology Co., Ltd",Brandon Yang,[HUAWEI][HUAQIN][EmmyM][AMD][AX200][20H2][BT]the Bluetooth mouse lost after the Bluetooth driver is uninstalled and installed,2021-03-29 02:18:00,NA
603282,"HUAQIN TECHNOLOGY CO., LTD",NA,"Huaqin Technology Co., Ltd",Brandon Yang,[HUAWEI][HUAQIN][EmmyM][AMD][AX200][20H2][BT]the Bluetooth mouse lost after the Bluetooth driver is uninstalled and installed,2021-03-29 02:18:00,NA
603282,"HUAQIN TECHNOLOGY CO., LTD",NA,"Huaqin Technology Co., Ltd",Brandon Yang,[HUAWEI][HUAQIN][EmmyM][AMD][AX200][20H2][BT]the Bluetooth mouse lost after the Bluetooth driver is uninstalled and installed,2021-03-29 02:18:00,NA
603231,"HUAQIN TECHNOLOGY CO., LTD",NA,"Huaqin Technology Co., Ltd",Brandon Yang,[HUAWEI][HUAQIN][EmmyD][Tiger Lake][Intel AX201][20H2][BT]the Bluetooth mouse lost after the Bluetooth driver is uninstalled and installed,2021-03-29 00:40:00,NA
603231,"HUAQIN TECHNOLOGY CO., LTD",NA,"Huaqin Technology Co., Ltd",Brandon Yang,[HUAWEI][HUAQIN][EmmyD][Tiger Lake][Intel AX201][20H2][BT]the Bluetooth mouse lost after the Bluetooth driver is uninstalled and installed,2021-03-29 00:40:00,NA
603231,"HUAQIN TECHNOLOGY CO., LTD",NA,"Huaqin Technology Co., Ltd",Brandon Yang,[HUAWEI][HUAQIN][EmmyD][Tiger Lake][Intel AX201][20H2][BT]the Bluetooth mouse lost after the Bluetooth driver is uninstalled and installed,2021-03-29 00:40:00,NA
603190,"HUAQIN TECHNOLOGY CO., LTD",NA,"Huaqin Technology Co., Ltd",Zhiwei He,"[HUAWEI][HUAQIN][EmmyD][Intel TGL][Intel AX201[20H2][WIFI]Using stepv3_ 20210108_ The release tool runs the 5g WiFi repeated automatic reconnection test, and abnormal shutdown occurs.",2021-03-28 23:33:00,NA
603190,"HUAQIN TECHNOLOGY CO., LTD",NA,"Huaqin Technology Co., Ltd",Zhiwei He,"[HUAWEI][HUAQIN][EmmyD][Intel TGL][Intel AX201[20H2][WIFI]Using stepv3_ 20210108_ The release tool runs the 5g WiFi repeated automatic reconnection test, and abnormal shutdown occurs.",2021-03-28 23:33:00,NA
603190,"HUAQIN TECHNOLOGY CO., LTD",NA,"Huaqin Technology Co., Ltd",Zhiwei He,"[HUAWEI][HUAQIN][EmmyD][Intel TGL][Intel AX201[20H2][WIFI]Using stepv3_ 20210108_ The release tool runs the 5g WiFi repeated automatic reconnection test, and abnormal shutdown occurs.",2021-03-28 23:33:00,NA
603122,"HUAQIN TECHNOLOGY CO., LTD",NA,"Huaqin Technology Co., Ltd",Zhiwei He,[HUAWEI][HUAQIN][AMDLucienne][Intel AX200][20H2] System cannot connect to 5G AP.,2021-03-28 20:13:00,NA
603122,"HUAQIN TECHNOLOGY CO., LTD",NA,"Huaqin Technology Co., Ltd",Zhiwei He,[HUAWEI][HUAQIN][AMDLucienne][Intel AX200][20H2] System cannot connect to 5G AP.,2021-03-28 20:13:00,NA
603122,"HUAQIN TECHNOLOGY CO., LTD",NA,"Huaqin Technology Co., Ltd",Zhiwei He,[HUAWEI][HUAQIN][AMDLucienne][Intel AX200][20H2] System cannot connect to 5G AP.,2021-03-28 20:13:00,NA
603118,"SHANGHAI WINGTECH ELECTRONICS TECHNOLOGYCO., LTD.",NA,"SHANGHAI WINGTECH ELECTRONICS TECHNOLOGYCO., LTD.",Brandon Yang,[Huawei][Wingtech][Dirac][Intel Tiger Lake UP4][AX201][20H1] [BT]BT stray exceeds standard,2021-03-28 20:07:00,NA
603118,"SHANGHAI WINGTECH ELECTRONICS TECHNOLOGYCO., LTD.",NA,"SHANGHAI WINGTECH ELECTRONICS TECHNOLOGYCO., LTD.",Brandon Yang,[Huawei][Wingtech][Dirac][Intel Tiger Lake UP4][AX201][20H1] [BT]BT stray exceeds standard,2021-03-28 20:07:00,NA
603118,"SHANGHAI WINGTECH ELECTRONICS TECHNOLOGYCO., LTD.",NA,"SHANGHAI WINGTECH ELECTRONICS TECHNOLOGYCO., LTD.",Brandon Yang,[Huawei][Wingtech][Dirac][Intel Tiger Lake UP4][AX201][20H1] [BT]BT stray exceeds standard,2021-03-28 20:07:00,NA
603113,"EDIMAX TECHNOLOGY CO., LTD.",NA,"EDIMAX TECHNOLOGY CO., LTD.",Charles Yeh,[ASUS][Edimax]AX200 connect to Radius WPA-AES-Smart card got a error message (Driver:22.40.0.7),2021-03-28 19:51:00,NA
603113,"EDIMAX TECHNOLOGY CO., LTD.",NA,"EDIMAX TECHNOLOGY CO., LTD.",Charles Yeh,[ASUS][Edimax]AX200 connect to Radius WPA-AES-Smart card got a error message (Driver:22.40.0.7),2021-03-28 19:51:00,NA
603113,"EDIMAX TECHNOLOGY CO., LTD.",NA,"EDIMAX TECHNOLOGY CO., LTD.",Charles Yeh,[ASUS][Edimax]AX200 connect to Radius WPA-AES-Smart card got a error message (Driver:22.40.0.7),2021-03-28 19:51:00,NA
602784,QUANTA COMPUTER INC.,NA,QUANTA COMPUTER INC.,Brandon Yang,[Huawei][Quanta][BohrM/NobelM][Lucienne]AX200][20H2][BT][804834709] ROC BT headphone no sound after put on again.,2021-03-25 22:27:00,NA
602784,QUANTA COMPUTER INC.,NA,QUANTA COMPUTER INC.,Brandon Yang,[Huawei][Quanta][BohrM/NobelM][Lucienne]AX200][20H2][BT][804834709] ROC BT headphone no sound after put on again.,2021-03-25 22:27:00,NA
602784,QUANTA COMPUTER INC.,NA,QUANTA COMPUTER INC.,Brandon Yang,[Huawei][Quanta][BohrM/NobelM][Lucienne]AX200][20H2][BT][804834709] ROC BT headphone no sound after put on again.,2021-03-25 22:27:00,NA
602198,VAIO,NA,VAIO Corporation,Wesley Kuo,Bluetooth LE mouse sometimes hang for a time.,2021-03-24 04:00:00,NA
602198,VAIO,NA,VAIO Corporation,Wesley Kuo,Bluetooth LE mouse sometimes hang for a time.,2021-03-24 04:00:00,NA
602198,VAIO,NA,VAIO Corporation,Wesley Kuo,Bluetooth LE mouse sometimes hang for a time.,2021-03-24 04:00:00,NA
602169,"HUAQIN TECHNOLOGY CO., LTD",NA,"Huaqin Technology Co., Ltd",Brandon Yang,[HUAWEI][HUAQIN][Intel TGL][Intel AX201] [20H1]BSOD(0x9F) caused by Bluetooth,2021-03-24 02:41:00,NA
602169,"HUAQIN TECHNOLOGY CO., LTD",NA,"Huaqin Technology Co., Ltd",Brandon Yang,[HUAWEI][HUAQIN][Intel TGL][Intel AX201] [20H1]BSOD(0x9F) caused by Bluetooth,2021-03-24 02:41:00,NA
602169,"HUAQIN TECHNOLOGY CO., LTD",NA,"Huaqin Technology Co., Ltd",Brandon Yang,[HUAWEI][HUAQIN][Intel TGL][Intel AX201] [20H1]BSOD(0x9F) caused by Bluetooth,2021-03-24 02:41:00,NA
601989,"COMPAL ELECTRONICS, INC.",NA,"COMPAL ELECTRONICS, INC.",Franky Yang,[Compal][Dell][Andrews]20H2_19042.899 S4 STRESS BSOD_Driver_Power_State_failure with dump,2021-03-23 20:29:00,NA
601989,"COMPAL ELECTRONICS, INC.",NA,"COMPAL ELECTRONICS, INC.",Franky Yang,[Compal][Dell][Andrews]20H2_19042.899 S4 STRESS BSOD_Driver_Power_State_failure with dump,2021-03-23 20:29:00,NA
601989,"COMPAL ELECTRONICS, INC.",NA,"COMPAL ELECTRONICS, INC.",Franky Yang,[Compal][Dell][Andrews]20H2_19042.899 S4 STRESS BSOD_Driver_Power_State_failure with dump,2021-03-23 20:29:00,NA
601959,"HUAQIN TECHNOLOGY CO., LTD",NA,"Huaqin Technology Co., Ltd",Zhiqiang Cai,[Realme][HUAQIN][Intel TGL][Intel ax200/intel 9560][20H2]Whether same configuration for BIOS of WIFI,2021-03-23 19:48:00,NA
601959,"HUAQIN TECHNOLOGY CO., LTD",NA,"Huaqin Technology Co., Ltd",Zhiqiang Cai,[Realme][HUAQIN][Intel TGL][Intel ax200/intel 9560][20H2]Whether same configuration for BIOS of WIFI,2021-03-23 19:48:00,NA
601959,"HUAQIN TECHNOLOGY CO., LTD",NA,"Huaqin Technology Co., Ltd",Zhiqiang Cai,[Realme][HUAQIN][Intel TGL][Intel ax200/intel 9560][20H2]Whether same configuration for BIOS of WIFI,2021-03-23 19:48:00,NA
601788,QUANTA COMPUTER INC.,NA,QUANTA COMPUTER INC.,Brandon Yang,[Huawei][Quanta][BohrM]/NobelM[Lucienne][AX200][20H2][WiFi] BSOD when connect 4 BT devices then do BT driver upgrade.,2021-03-23 03:24:00,NA
601788,QUANTA COMPUTER INC.,NA,QUANTA COMPUTER INC.,Brandon Yang,[Huawei][Quanta][BohrM]/NobelM[Lucienne][AX200][20H2][WiFi] BSOD when connect 4 BT devices then do BT driver upgrade.,2021-03-23 03:24:00,NA
601788,QUANTA COMPUTER INC.,NA,QUANTA COMPUTER INC.,Brandon Yang,[Huawei][Quanta][BohrM]/NobelM[Lucienne][AX200][20H2][WiFi] BSOD when connect 4 BT devices then do BT driver upgrade.,2021-03-23 03:24:00,NA
601444,ACER INCORPORATED,NA,ACER INCORPORATED,Wesley Kuo,[XC90_TLS] Bluetooth have Hands-Free Profile issue,2021-03-22 19:18:00,NA
601444,ACER INCORPORATED,NA,ACER INCORPORATED,Wesley Kuo,[XC90_TLS] Bluetooth have Hands-Free Profile issue,2021-03-22 19:18:00,NA
601444,ACER INCORPORATED,NA,ACER INCORPORATED,Wesley Kuo,[XC90_TLS] Bluetooth have Hands-Free Profile issue,2021-03-22 19:18:00,NA
601262,QUANTA COMPUTER INC.,NA,QUANTA COMPUTER INC.,Brandon Yang,[Huawei][Quanta][KelvinD][TGL-U][AX201][20H2][BT][BUG-20210205-18082] Sound doesn't output from FreeBuds Lite BT headphone after take out headphone to wait 30min then wear it.,2021-03-22 02:59:00,NA
601262,QUANTA COMPUTER INC.,NA,QUANTA COMPUTER INC.,Brandon Yang,[Huawei][Quanta][KelvinD][TGL-U][AX201][20H2][BT][BUG-20210205-18082] Sound doesn't output from FreeBuds Lite BT headphone after take out headphone to wait 30min then wear it.,2021-03-22 02:59:00,NA
601262,QUANTA COMPUTER INC.,NA,QUANTA COMPUTER INC.,Brandon Yang,[Huawei][Quanta][KelvinD][TGL-U][AX201][20H2][BT][BUG-20210205-18082] Sound doesn't output from FreeBuds Lite BT headphone after take out headphone to wait 30min then wear it.,2021-03-22 02:59:00,NA
601240,QUANTA COMPUTER INC.,NA,QUANTA COMPUTER INC.,Brenton Wu,"[Acer project Tulip_DA][Intel 3168][WLAN Drv: 19.51.31.1] Preload Image with 3168 card would hang on Acer logo, checked the preload log still not install WLAN driver (Fail rate: about 1/10)",2021-03-22 01:52:00,NA
601240,QUANTA COMPUTER INC.,NA,QUANTA COMPUTER INC.,Brenton Wu,"[Acer project Tulip_DA][Intel 3168][WLAN Drv: 19.51.31.1] Preload Image with 3168 card would hang on Acer logo, checked the preload log still not install WLAN driver (Fail rate: about 1/10)",2021-03-22 01:52:00,NA
601240,QUANTA COMPUTER INC.,NA,QUANTA COMPUTER INC.,Brenton Wu,"[Acer project Tulip_DA][Intel 3168][WLAN Drv: 19.51.31.1] Preload Image with 3168 card would hang on Acer logo, checked the preload log still not install WLAN driver (Fail rate: about 1/10)",2021-03-22 01:52:00,NA
601092,"SHANGHAI WINGTECH ELECTRONICS TECHNOLOGYCO., LTD.",NA,"SHANGHAI WINGTECH ELECTRONICS TECHNOLOGYCO., LTD.",Zhiwei He,[Huawei][Wingtech][CurieM][AMD Cezanne][AX200][21H2]Intel wifi PROset software devices sometimes lost after resume from modern standby with wifi connect.(F/R:2/20000cycle;2/20units),2021-03-21 20:29:00,NA
601092,"SHANGHAI WINGTECH ELECTRONICS TECHNOLOGYCO., LTD.",NA,"SHANGHAI WINGTECH ELECTRONICS TECHNOLOGYCO., LTD.",Zhiwei He,[Huawei][Wingtech][CurieM][AMD Cezanne][AX200][21H2]Intel wifi PROset software devices sometimes lost after resume from modern standby with wifi connect.(F/R:2/20000cycle;2/20units),2021-03-21 20:29:00,NA
601092,"SHANGHAI WINGTECH ELECTRONICS TECHNOLOGYCO., LTD.",NA,"SHANGHAI WINGTECH ELECTRONICS TECHNOLOGYCO., LTD.",Zhiwei He,[Huawei][Wingtech][CurieM][AMD Cezanne][AX200][21H2]Intel wifi PROset software devices sometimes lost after resume from modern standby with wifi connect.(F/R:2/20000cycle;2/20units),2021-03-21 20:29:00,NA
601053,"SHANGHAI WINGTECH ELECTRONICS TECHNOLOGYCO., LTD.",NA,"SHANGHAI WINGTECH ELECTRONICS TECHNOLOGYCO., LTD.",Brandon Yang,[Huawei][Wingtech][CurieM][AMD Cezanne][AX200][20H2]Bluetooth function lost after wake up DUT while connected multiple Bluetooth devices,2021-03-21 18:56:00,NA
601053,"SHANGHAI WINGTECH ELECTRONICS TECHNOLOGYCO., LTD.",NA,"SHANGHAI WINGTECH ELECTRONICS TECHNOLOGYCO., LTD.",Brandon Yang,[Huawei][Wingtech][CurieM][AMD Cezanne][AX200][20H2]Bluetooth function lost after wake up DUT while connected multiple Bluetooth devices,2021-03-21 18:56:00,NA
601053,"SHANGHAI WINGTECH ELECTRONICS TECHNOLOGYCO., LTD.",NA,"SHANGHAI WINGTECH ELECTRONICS TECHNOLOGYCO., LTD.",Brandon Yang,[Huawei][Wingtech][CurieM][AMD Cezanne][AX200][20H2]Bluetooth function lost after wake up DUT while connected multiple Bluetooth devices,2021-03-21 18:56:00,NA
601049,"HUAQIN TECHNOLOGY CO., LTD",NA,"Huaqin Technology Co., Ltd",Brandon Yang,[HUAWEI][HUAQIN][AMDLucienne][Intel AX200][20H2]System will show Bluetooth yellow warning on event log after connect Bluetooth device.,2021-03-21 18:49:00,NA
601049,"HUAQIN TECHNOLOGY CO., LTD",NA,"Huaqin Technology Co., Ltd",Brandon Yang,[HUAWEI][HUAQIN][AMDLucienne][Intel AX200][20H2]System will show Bluetooth yellow warning on event log after connect Bluetooth device.,2021-03-21 18:49:00,NA
601049,"HUAQIN TECHNOLOGY CO., LTD",NA,"Huaqin Technology Co., Ltd",Brandon Yang,[HUAWEI][HUAQIN][AMDLucienne][Intel AX200][20H2]System will show Bluetooth yellow warning on event log after connect Bluetooth device.,2021-03-21 18:49:00,NA
600937,QUANTA COMPUTER INC.,NA,QUANTA COMPUTER INC.,Charles P Chu,[Huawei][Quanta][BohrD][TGL-U][AX201][20H1][WiFi][804819269] Suddenly cannot search wifi AP.,2021-03-19 05:14:00,NA
600937,QUANTA COMPUTER INC.,NA,QUANTA COMPUTER INC.,Charles P Chu,[Huawei][Quanta][BohrD][TGL-U][AX201][20H1][WiFi][804819269] Suddenly cannot search wifi AP.,2021-03-19 05:14:00,NA
600937,QUANTA COMPUTER INC.,NA,QUANTA COMPUTER INC.,Charles P Chu,[Huawei][Quanta][BohrD][TGL-U][AX201][20H1][WiFi][804819269] Suddenly cannot search wifi AP.,2021-03-19 05:14:00,NA
600439,ACER INCORPORATED,NA,ACER INCORPORATED,Brenton Wu,[Lenny_IL]  System resume have hang issue,2021-03-17 23:02:00,NA
600439,ACER INCORPORATED,NA,ACER INCORPORATED,Brenton Wu,[Lenny_IL]  System resume have hang issue,2021-03-17 23:02:00,NA
600439,ACER INCORPORATED,NA,ACER INCORPORATED,Brenton Wu,[Lenny_IL]  System resume have hang issue,2021-03-17 23:02:00,NA
600057,AISTONE,NA,AIstone,Wesley Kuo,[SPG][Whitebook][TGL-H][King County] The SW/HW DRIPS OF Modern Standby can't meet Spec when Hotspot shared over Bluetooth.,2021-03-16 19:39:00,NA
600057,AISTONE,NA,AIstone,Wesley Kuo,[SPG][Whitebook][TGL-H][King County] The SW/HW DRIPS OF Modern Standby can't meet Spec when Hotspot shared over Bluetooth.,2021-03-16 19:39:00,NA
600057,AISTONE,NA,AIstone,Wesley Kuo,[SPG][Whitebook][TGL-H][King County] The SW/HW DRIPS OF Modern Standby can't meet Spec when Hotspot shared over Bluetooth.,2021-03-16 19:39:00,NA
600056,"HUAQIN TECHNOLOGY CO., LTD",NA,"Huaqin Technology Co., Ltd",Zhiqiang Cai,[Lenovo-Ideapad][Huaqin][Lenovo S560-16ITL][Tiger Lake][AX201][20H2][0.2%]System blackscreen hang (0x9F bugcheck)when run S4 Stress(1 /500 units),2021-03-16 19:37:00,NA
600056,"HUAQIN TECHNOLOGY CO., LTD",NA,"Huaqin Technology Co., Ltd",Zhiqiang Cai,[Lenovo-Ideapad][Huaqin][Lenovo S560-16ITL][Tiger Lake][AX201][20H2][0.2%]System blackscreen hang (0x9F bugcheck)when run S4 Stress(1 /500 units),2021-03-16 19:37:00,NA
600056,"HUAQIN TECHNOLOGY CO., LTD",NA,"Huaqin Technology Co., Ltd",Zhiqiang Cai,[Lenovo-Ideapad][Huaqin][Lenovo S560-16ITL][Tiger Lake][AX201][20H2][0.2%]System blackscreen hang (0x9F bugcheck)when run S4 Stress(1 /500 units),2021-03-16 19:37:00,NA
599918,QUANTA COMPUTER INC.,NA,QUANTA COMPUTER INC.,Brandon Yang,[Huawei][Quanta][KelvinD][TGL-U][AX201][20H2][BT][804811871] Play music lag within 1 min when connect ??ME BT headphone and 3rd BT mouse.,2021-03-16 04:16:00,NA
599918,QUANTA COMPUTER INC.,NA,QUANTA COMPUTER INC.,Brandon Yang,[Huawei][Quanta][KelvinD][TGL-U][AX201][20H2][BT][804811871] Play music lag within 1 min when connect ??ME BT headphone and 3rd BT mouse.,2021-03-16 04:16:00,NA
599918,QUANTA COMPUTER INC.,NA,QUANTA COMPUTER INC.,Brandon Yang,[Huawei][Quanta][KelvinD][TGL-U][AX201][20H2][BT][804811871] Play music lag within 1 min when connect ??ME BT headphone and 3rd BT mouse.,2021-03-16 04:16:00,NA
599304,"SHANGHAI WINGTECH ELECTRONICS TECHNOLOGYCO., LTD.",NA,"SHANGHAI WINGTECH ELECTRONICS TECHNOLOGYCO., LTD.",Zhiwei He,[Huawei][Wingtech][CurieM][AMD Cezanne][AX200][20H2]Disconnect occurs during connection WLAN use?and can not search wifi,2021-03-14 23:00:00,NA
599304,"SHANGHAI WINGTECH ELECTRONICS TECHNOLOGYCO., LTD.",NA,"SHANGHAI WINGTECH ELECTRONICS TECHNOLOGYCO., LTD.",Zhiwei He,[Huawei][Wingtech][CurieM][AMD Cezanne][AX200][20H2]Disconnect occurs during connection WLAN use?and can not search wifi,2021-03-14 23:00:00,NA
599304,"SHANGHAI WINGTECH ELECTRONICS TECHNOLOGYCO., LTD.",NA,"SHANGHAI WINGTECH ELECTRONICS TECHNOLOGYCO., LTD.",Zhiwei He,[Huawei][Wingtech][CurieM][AMD Cezanne][AX200][20H2]Disconnect occurs during connection WLAN use?and can not search wifi,2021-03-14 23:00:00,NA
599281,WISTRON CORPORATION,NA,WISTRON CORPORATION,Brenton Wu,[Xiaomi][Wistron][A34S/A35S][AMD Cezanne][AX200][Win10 20H2] Mi-TV screen noise issue with widi connection,2021-03-14 21:35:00,NA
599281,WISTRON CORPORATION,NA,WISTRON CORPORATION,Brenton Wu,[Xiaomi][Wistron][A34S/A35S][AMD Cezanne][AX200][Win10 20H2] Mi-TV screen noise issue with widi connection,2021-03-14 21:35:00,NA
599281,WISTRON CORPORATION,NA,WISTRON CORPORATION,Brenton Wu,[Xiaomi][Wistron][A34S/A35S][AMD Cezanne][AX200][Win10 20H2] Mi-TV screen noise issue with widi connection,2021-03-14 21:35:00,NA
599267,"COMPAL ELECTRONICS, INC.",NA,"COMPAL ELECTRONICS, INC.",Wesley Kuo,"[Lenovo-IdeaPad][Compal][C640-13[AMDLucienne][AX200][20H2] Stress _S4,Unit show 'Intel(R) Wireless Bluetooth(R)' lost and 'Unknown USB Device(Device Descriptor Request Failed)' show yellow mark.(F/R:1/10,294/3000)",2021-03-14 20:54:00,NA
599267,"COMPAL ELECTRONICS, INC.",NA,"COMPAL ELECTRONICS, INC.",Wesley Kuo,"[Lenovo-IdeaPad][Compal][C640-13[AMDLucienne][AX200][20H2] Stress _S4,Unit show 'Intel(R) Wireless Bluetooth(R)' lost and 'Unknown USB Device(Device Descriptor Request Failed)' show yellow mark.(F/R:1/10,294/3000)",2021-03-14 20:54:00,NA
599267,"COMPAL ELECTRONICS, INC.",NA,"COMPAL ELECTRONICS, INC.",Wesley Kuo,"[Lenovo-IdeaPad][Compal][C640-13[AMDLucienne][AX200][20H2] Stress _S4,Unit show 'Intel(R) Wireless Bluetooth(R)' lost and 'Unknown USB Device(Device Descriptor Request Failed)' show yellow mark.(F/R:1/10,294/3000)",2021-03-14 20:54:00,NA
599020,QUANTA COMPUTER INC.,NA,QUANTA COMPUTER INC.,Charles P Chu,[Huawei][Quanta][WrightD][TGL-U][AX201][20H1][WiFi][BUG-20200922-10670-log] Wifi/BT device shows yellow bang after reboot OS then idle 2 min.,2021-03-12 00:41:00,NA
599020,QUANTA COMPUTER INC.,NA,QUANTA COMPUTER INC.,Charles P Chu,[Huawei][Quanta][WrightD][TGL-U][AX201][20H1][WiFi][BUG-20200922-10670-log] Wifi/BT device shows yellow bang after reboot OS then idle 2 min.,2021-03-12 00:41:00,NA
599020,QUANTA COMPUTER INC.,NA,QUANTA COMPUTER INC.,Charles P Chu,[Huawei][Quanta][WrightD][TGL-U][AX201][20H1][WiFi][BUG-20200922-10670-log] Wifi/BT device shows yellow bang after reboot OS then idle 2 min.,2021-03-12 00:41:00,NA
598909,"COMPAL ELECTRONICS, INC.",NA,"COMPAL ELECTRONICS, INC.",Zhiqiang Cai,[Lenovo-ideaPad][Compal][L360][TGL][AX201][20H2]Intel AX201:Network adapters show yellow bang after copy and Compare overnight.,2021-03-11 19:27:00,NA
598909,"COMPAL ELECTRONICS, INC.",NA,"COMPAL ELECTRONICS, INC.",Zhiqiang Cai,[Lenovo-ideaPad][Compal][L360][TGL][AX201][20H2]Intel AX201:Network adapters show yellow bang after copy and Compare overnight.,2021-03-11 19:27:00,NA
598909,"COMPAL ELECTRONICS, INC.",NA,"COMPAL ELECTRONICS, INC.",Zhiqiang Cai,[Lenovo-ideaPad][Compal][L360][TGL][AX201][20H2]Intel AX201:Network adapters show yellow bang after copy and Compare overnight.,2021-03-11 19:27:00,NA
598681,QUANTA COMPUTER INC.,NA,QUANTA COMPUTER INC.,Frank Lee,WLAN can't wake up from S4/S5 (magic tool).,2021-03-11 00:59:00,NA
598681,QUANTA COMPUTER INC.,NA,QUANTA COMPUTER INC.,Frank Lee,WLAN can't wake up from S4/S5 (magic tool).,2021-03-11 00:59:00,NA
598681,QUANTA COMPUTER INC.,NA,QUANTA COMPUTER INC.,Frank Lee,WLAN can't wake up from S4/S5 (magic tool).,2021-03-11 00:59:00,NA
598385,QUANTA COMPUTER INC.,NA,QUANTA COMPUTER INC.,Charles P Chu,[Huawei][Quanta][NobelM[Lucienne][AX200][20H2][WiFi] BSOD 0x7e(Netwtw10)(IRP points to vwifimp) after PQC test pass.,2021-03-10 03:30:00,NA
598385,QUANTA COMPUTER INC.,NA,QUANTA COMPUTER INC.,Charles P Chu,[Huawei][Quanta][NobelM[Lucienne][AX200][20H2][WiFi] BSOD 0x7e(Netwtw10)(IRP points to vwifimp) after PQC test pass.,2021-03-10 03:30:00,NA
598385,QUANTA COMPUTER INC.,NA,QUANTA COMPUTER INC.,Charles P Chu,[Huawei][Quanta][NobelM[Lucienne][AX200][20H2][WiFi] BSOD 0x7e(Netwtw10)(IRP points to vwifimp) after PQC test pass.,2021-03-10 03:30:00,NA
598357,"SHANGHAI WINGTECH ELECTRONICS TECHNOLOGYCO., LTD.",NA,"SHANGHAI WINGTECH ELECTRONICS TECHNOLOGYCO., LTD.",Zhiwei He,[Huawei][Wingtech][Dirac][Intel Tiger Lake UP4][AX201][20H1] [WIFI]How to set the target power table of Intel platform to our bios,2021-03-10 01:47:00,NA
598357,"SHANGHAI WINGTECH ELECTRONICS TECHNOLOGYCO., LTD.",NA,"SHANGHAI WINGTECH ELECTRONICS TECHNOLOGYCO., LTD.",Zhiwei He,[Huawei][Wingtech][Dirac][Intel Tiger Lake UP4][AX201][20H1] [WIFI]How to set the target power table of Intel platform to our bios,2021-03-10 01:47:00,NA
598357,"SHANGHAI WINGTECH ELECTRONICS TECHNOLOGYCO., LTD.",NA,"SHANGHAI WINGTECH ELECTRONICS TECHNOLOGYCO., LTD.",Zhiwei He,[Huawei][Wingtech][Dirac][Intel Tiger Lake UP4][AX201][20H1] [WIFI]How to set the target power table of Intel platform to our bios,2021-03-10 01:47:00,NA
598056,"SHANGHAI WINGTECH ELECTRONICS TECHNOLOGYCO., LTD.",NA,"SHANGHAI WINGTECH ELECTRONICS TECHNOLOGYCO., LTD.",Zhiwei He,[Huawei][Wingtech][Dirac][Intel Tiger Lake UP4][AX201][20H1] [WIFI]The target power of Intel platform has to be limited and debugged,2021-03-09 03:04:00,NA
598056,"SHANGHAI WINGTECH ELECTRONICS TECHNOLOGYCO., LTD.",NA,"SHANGHAI WINGTECH ELECTRONICS TECHNOLOGYCO., LTD.",Zhiwei He,[Huawei][Wingtech][Dirac][Intel Tiger Lake UP4][AX201][20H1] [WIFI]The target power of Intel platform has to be limited and debugged,2021-03-09 03:04:00,NA
598056,"SHANGHAI WINGTECH ELECTRONICS TECHNOLOGYCO., LTD.",NA,"SHANGHAI WINGTECH ELECTRONICS TECHNOLOGYCO., LTD.",Zhiwei He,[Huawei][Wingtech][Dirac][Intel Tiger Lake UP4][AX201][20H1] [WIFI]The target power of Intel platform has to be limited and debugged,2021-03-09 03:04:00,NA
597966,"COMPAL ELECTRONICS, INC.",NA,"COMPAL ELECTRONICS, INC.",Zhiqiang Cai,"[UNIS] [Compal][UNIS_Slinky][Tiger Lake][AX201][20H2]Stress_Copy compare(WLAN), Unit show abnormal shut down.(F/R:4/48)",2021-03-09 01:08:00,NA
597966,"COMPAL ELECTRONICS, INC.",NA,"COMPAL ELECTRONICS, INC.",Zhiqiang Cai,"[UNIS] [Compal][UNIS_Slinky][Tiger Lake][AX201][20H2]Stress_Copy compare(WLAN), Unit show abnormal shut down.(F/R:4/48)",2021-03-09 01:08:00,NA
597966,"COMPAL ELECTRONICS, INC.",NA,"COMPAL ELECTRONICS, INC.",Zhiqiang Cai,"[UNIS] [Compal][UNIS_Slinky][Tiger Lake][AX201][20H2]Stress_Copy compare(WLAN), Unit show abnormal shut down.(F/R:4/48)",2021-03-09 01:08:00,NA
597470,"SHANGHAI WINGTECH ELECTRONICS TECHNOLOGYCO., LTD.",NA,"SHANGHAI WINGTECH ELECTRONICS TECHNOLOGYCO., LTD.",Zhiwei He,[Huawei][Wingtech][CurieM][AMD Cezanne][AX200][20H2]BSOD(0xd1) occur when online video playing overnight.(F/R:1/2 units),2021-03-07 18:15:00,NA
597470,"SHANGHAI WINGTECH ELECTRONICS TECHNOLOGYCO., LTD.",NA,"SHANGHAI WINGTECH ELECTRONICS TECHNOLOGYCO., LTD.",Zhiwei He,[Huawei][Wingtech][CurieM][AMD Cezanne][AX200][20H2]BSOD(0xd1) occur when online video playing overnight.(F/R:1/2 units),2021-03-07 18:15:00,NA
597470,"SHANGHAI WINGTECH ELECTRONICS TECHNOLOGYCO., LTD.",NA,"SHANGHAI WINGTECH ELECTRONICS TECHNOLOGYCO., LTD.",Zhiwei He,[Huawei][Wingtech][CurieM][AMD Cezanne][AX200][20H2]BSOD(0xd1) occur when online video playing overnight.(F/R:1/2 units),2021-03-07 18:15:00,NA
597327,"HUAQIN TECHNOLOGY CO., LTD",NA,"Huaqin Technology Co., Ltd",Brandon Yang,"[HUAWEI][HUAQIN][MACHD][Intel TGL][Intel AX201[20H1][WIFI]PC connected with 2.4G WiFi, listen to local songs with free ace, transfer files with Bluetooth, connect with ad21 mouse,Mouse appears stuck",2021-03-05 04:17:00,NA
597327,"HUAQIN TECHNOLOGY CO., LTD",NA,"Huaqin Technology Co., Ltd",Brandon Yang,"[HUAWEI][HUAQIN][MACHD][Intel TGL][Intel AX201[20H1][WIFI]PC connected with 2.4G WiFi, listen to local songs with free ace, transfer files with Bluetooth, connect with ad21 mouse,Mouse appears stuck",2021-03-05 04:17:00,NA
597327,"HUAQIN TECHNOLOGY CO., LTD",NA,"Huaqin Technology Co., Ltd",Brandon Yang,"[HUAWEI][HUAQIN][MACHD][Intel TGL][Intel AX201[20H1][WIFI]PC connected with 2.4G WiFi, listen to local songs with free ace, transfer files with Bluetooth, connect with ad21 mouse,Mouse appears stuck",2021-03-05 04:17:00,NA
597324,WISTRON CORPORATION,NA,WISTRON CORPORATION,Charles Yeh,[Dell][Wistron][Cyborg-TGL-H] Modern Standby issue with WLAN Card,2021-03-05 03:55:00,NA
597324,WISTRON CORPORATION,NA,WISTRON CORPORATION,Charles Yeh,[Dell][Wistron][Cyborg-TGL-H] Modern Standby issue with WLAN Card,2021-03-05 03:55:00,NA
597324,WISTRON CORPORATION,NA,WISTRON CORPORATION,Charles Yeh,[Dell][Wistron][Cyborg-TGL-H] Modern Standby issue with WLAN Card,2021-03-05 03:55:00,NA
597102,"HUAQIN TECHNOLOGY CO., LTD",NA,"Huaqin Technology Co., Ltd",Zhiwei He,[HUAWEI][HUAQIN][AMD Lucienne-U][Intel AX200][20H2]PC occur disconnect status during running connect AP(internet) and play online video,2021-03-04 18:48:00,NA
597102,"HUAQIN TECHNOLOGY CO., LTD",NA,"Huaqin Technology Co., Ltd",Zhiwei He,[HUAWEI][HUAQIN][AMD Lucienne-U][Intel AX200][20H2]PC occur disconnect status during running connect AP(internet) and play online video,2021-03-04 18:48:00,NA
597102,"HUAQIN TECHNOLOGY CO., LTD",NA,"Huaqin Technology Co., Ltd",Zhiwei He,[HUAWEI][HUAQIN][AMD Lucienne-U][Intel AX200][20H2]PC occur disconnect status during running connect AP(internet) and play online video,2021-03-04 18:48:00,NA
597067,"HUAQIN TECHNOLOGY CO., LTD",NA,"Huaqin Technology Co., Ltd",Zhiwei He,[HUAWEI][HUAQIN][AMD Lucienne-U][Intel AX200][20H2]PC occur disconnect status during running connect AP(internet) and play online video,2021-03-04 17:44:00,NA
597067,"HUAQIN TECHNOLOGY CO., LTD",NA,"Huaqin Technology Co., Ltd",Zhiwei He,[HUAWEI][HUAQIN][AMD Lucienne-U][Intel AX200][20H2]PC occur disconnect status during running connect AP(internet) and play online video,2021-03-04 17:44:00,NA
597067,"HUAQIN TECHNOLOGY CO., LTD",NA,"Huaqin Technology Co., Ltd",Zhiwei He,[HUAWEI][HUAQIN][AMD Lucienne-U][Intel AX200][20H2]PC occur disconnect status during running connect AP(internet) and play online video,2021-03-04 17:44:00,NA
596948,"HUAQIN TECHNOLOGY CO., LTD",NA,"Huaqin Technology Co., Ltd",Brandon Yang,[HUAWEI][HUAQIN][AMD Lucienne][Intel AX200][20H2][BT]The Sony wh ch700n Bluetooth headset cannot be connected to the PC.,2021-03-04 03:45:00,NA
596948,"HUAQIN TECHNOLOGY CO., LTD",NA,"Huaqin Technology Co., Ltd",Brandon Yang,[HUAWEI][HUAQIN][AMD Lucienne][Intel AX200][20H2][BT]The Sony wh ch700n Bluetooth headset cannot be connected to the PC.,2021-03-04 03:45:00,NA
596948,"HUAQIN TECHNOLOGY CO., LTD",NA,"Huaqin Technology Co., Ltd",Brandon Yang,[HUAWEI][HUAQIN][AMD Lucienne][Intel AX200][20H2][BT]The Sony wh ch700n Bluetooth headset cannot be connected to the PC.,2021-03-04 03:45:00,NA
596938,"HUAQIN TECHNOLOGY CO., LTD",NA,"Huaqin Technology Co., Ltd",Zhiqiang Cai,[Lenovo-IdeaPad][HUAQIN][ThinkBook Plus G2][TGL][AX201][20H2][1%][SIT] BSOD 0xd1 happened when connect internet. (F/R: 1%),2021-03-04 03:24:00,NA
596938,"HUAQIN TECHNOLOGY CO., LTD",NA,"Huaqin Technology Co., Ltd",Zhiqiang Cai,[Lenovo-IdeaPad][HUAQIN][ThinkBook Plus G2][TGL][AX201][20H2][1%][SIT] BSOD 0xd1 happened when connect internet. (F/R: 1%),2021-03-04 03:24:00,NA
596938,"HUAQIN TECHNOLOGY CO., LTD",NA,"Huaqin Technology Co., Ltd",Zhiqiang Cai,[Lenovo-IdeaPad][HUAQIN][ThinkBook Plus G2][TGL][AX201][20H2][1%][SIT] BSOD 0xd1 happened when connect internet. (F/R: 1%),2021-03-04 03:24:00,NA
596815,"SHANGHAI WINGTECH ELECTRONICS TECHNOLOGYCO., LTD.",NA,"SHANGHAI WINGTECH ELECTRONICS TECHNOLOGYCO., LTD.",Brandon Yang,[Huawei][Wingtech][CurieM][AMD Cezanne][AX200][20H2]BSoD(0x9f) occurred during reboot after uninstall intel BT driver in device manager. (DRIVER_POWER_STATE_FAILURE (9f)(F/R:5/130 times;4/5 units),2021-03-03 22:49:00,NA
596815,"SHANGHAI WINGTECH ELECTRONICS TECHNOLOGYCO., LTD.",NA,"SHANGHAI WINGTECH ELECTRONICS TECHNOLOGYCO., LTD.",Brandon Yang,[Huawei][Wingtech][CurieM][AMD Cezanne][AX200][20H2]BSoD(0x9f) occurred during reboot after uninstall intel BT driver in device manager. (DRIVER_POWER_STATE_FAILURE (9f)(F/R:5/130 times;4/5 units),2021-03-03 22:49:00,NA
596815,"SHANGHAI WINGTECH ELECTRONICS TECHNOLOGYCO., LTD.",NA,"SHANGHAI WINGTECH ELECTRONICS TECHNOLOGYCO., LTD.",Brandon Yang,[Huawei][Wingtech][CurieM][AMD Cezanne][AX200][20H2]BSoD(0x9f) occurred during reboot after uninstall intel BT driver in device manager. (DRIVER_POWER_STATE_FAILURE (9f)(F/R:5/130 times;4/5 units),2021-03-03 22:49:00,NA
596728,QUANTA COMPUTER INC.,NA,QUANTA COMPUTER INC.,Brandon Yang,"[Huawei][Quanta][H81][CezanneM][AX200][20H2][BT][BUG-20210303-19116]Mobile phone/tablet PC paired with DUT show ""Paired fair"" and DUT side show ""Paired pass"" after delete this DUT from mobile phone/tablet PC side",2021-03-03 18:58:00,NA
596728,QUANTA COMPUTER INC.,NA,QUANTA COMPUTER INC.,Brandon Yang,"[Huawei][Quanta][H81][CezanneM][AX200][20H2][BT][BUG-20210303-19116]Mobile phone/tablet PC paired with DUT show ""Paired fair"" and DUT side show ""Paired pass"" after delete this DUT from mobile phone/tablet PC side",2021-03-03 18:58:00,NA
596728,QUANTA COMPUTER INC.,NA,QUANTA COMPUTER INC.,Brandon Yang,"[Huawei][Quanta][H81][CezanneM][AX200][20H2][BT][BUG-20210303-19116]Mobile phone/tablet PC paired with DUT show ""Paired fair"" and DUT side show ""Paired pass"" after delete this DUT from mobile phone/tablet PC side",2021-03-03 18:58:00,NA
596720,GUANGDONG OPPO MOBILE TELECOMMUNICATIONSCORP. LTD.,NA,GUANGDONG OPPO MOBILE TELECOMMUNICATIONSCORP. LTD.,Zhiqiang Cai,[OPPO][In-House][PCConnect][Intel-i7-8565U][AC9560][19H2] WifiGetAdapterList returned invalid value,2021-03-03 18:42:00,NA
596720,GUANGDONG OPPO MOBILE TELECOMMUNICATIONSCORP. LTD.,NA,GUANGDONG OPPO MOBILE TELECOMMUNICATIONSCORP. LTD.,Zhiqiang Cai,[OPPO][In-House][PCConnect][Intel-i7-8565U][AC9560][19H2] WifiGetAdapterList returned invalid value,2021-03-03 18:42:00,NA
596720,GUANGDONG OPPO MOBILE TELECOMMUNICATIONSCORP. LTD.,NA,GUANGDONG OPPO MOBILE TELECOMMUNICATIONSCORP. LTD.,Zhiqiang Cai,[OPPO][In-House][PCConnect][Intel-i7-8565U][AC9560][19H2] WifiGetAdapterList returned invalid value,2021-03-03 18:42:00,NA
596686,WISTRON CORPORATION,NA,WISTRON CORPORATION,Leo Chiang,[Dell][MockingBird TGL]System have YB Intel® Wireless Bluetooth during S4 and CB stress test,2021-03-03 17:06:00,NA
596686,WISTRON CORPORATION,NA,WISTRON CORPORATION,Leo Chiang,[Dell][MockingBird TGL]System have YB Intel® Wireless Bluetooth during S4 and CB stress test,2021-03-03 17:06:00,NA
596686,WISTRON CORPORATION,NA,WISTRON CORPORATION,Leo Chiang,[Dell][MockingBird TGL]System have YB Intel® Wireless Bluetooth during S4 and CB stress test,2021-03-03 17:06:00,NA
596547,QUANTA COMPUTER INC.,NA,QUANTA COMPUTER INC.,Frank Lee,Error message when run Ant tool,2021-03-03 02:16:00,NA
596547,QUANTA COMPUTER INC.,NA,QUANTA COMPUTER INC.,Frank Lee,Error message when run Ant tool,2021-03-03 02:16:00,NA
596547,QUANTA COMPUTER INC.,NA,QUANTA COMPUTER INC.,Frank Lee,Error message when run Ant tool,2021-03-03 02:16:00,NA
596410,"HUAQIN TECHNOLOGY CO., LTD",NA,"Huaqin Technology Co., Ltd",Brandon Yang,[HUAWEI][HUAQIN][Intel CML][Intel 9560][19H2]The connection between PC and PDA takes a long time,2021-03-02 22:24:00,NA
596410,"HUAQIN TECHNOLOGY CO., LTD",NA,"Huaqin Technology Co., Ltd",Brandon Yang,[HUAWEI][HUAQIN][Intel CML][Intel 9560][19H2]The connection between PC and PDA takes a long time,2021-03-02 22:24:00,NA
596410,"HUAQIN TECHNOLOGY CO., LTD",NA,"Huaqin Technology Co., Ltd",Brandon Yang,[HUAWEI][HUAQIN][Intel CML][Intel 9560][19H2]The connection between PC and PDA takes a long time,2021-03-02 22:24:00,NA
596368,QUANTA COMPUTER INC.,NA,QUANTA COMPUTER INC.,Brandon Yang,[Huawei][Quanta][H81][CezanneM][AX200][20H2][BT][BUG-20210226-18884]Moving BT mouse delays after DUT wake up from S3/S4,2021-03-02 20:17:00,NA
596368,QUANTA COMPUTER INC.,NA,QUANTA COMPUTER INC.,Brandon Yang,[Huawei][Quanta][H81][CezanneM][AX200][20H2][BT][BUG-20210226-18884]Moving BT mouse delays after DUT wake up from S3/S4,2021-03-02 20:17:00,NA
596368,QUANTA COMPUTER INC.,NA,QUANTA COMPUTER INC.,Brandon Yang,[Huawei][Quanta][H81][CezanneM][AX200][20H2][BT][BUG-20210226-18884]Moving BT mouse delays after DUT wake up from S3/S4,2021-03-02 20:17:00,NA
596168,SHENZHEN IP3 CENTRY INTELLIGENT TECHNOLO,NA,SHENZHEN IP3 CENTRY INTELLIGENT TECHNOLO,Wesley Kuo,[IP3][TGL-H35][AX201D2W] BT yellow band during reboot cycling test,2021-03-02 01:40:00,NA
596168,SHENZHEN IP3 CENTRY INTELLIGENT TECHNOLO,NA,SHENZHEN IP3 CENTRY INTELLIGENT TECHNOLO,Wesley Kuo,[IP3][TGL-H35][AX201D2W] BT yellow band during reboot cycling test,2021-03-02 01:40:00,NA
596168,SHENZHEN IP3 CENTRY INTELLIGENT TECHNOLO,NA,SHENZHEN IP3 CENTRY INTELLIGENT TECHNOLO,Wesley Kuo,[IP3][TGL-H35][AX201D2W] BT yellow band during reboot cycling test,2021-03-02 01:40:00,NA
595981,"HUAQIN TECHNOLOGY CO., LTD",NA,"Huaqin Technology Co., Ltd",Wesley Kuo,"[Lenovo-IdeaPad][HUAQIN][ThinkBook Plus G2][TGL][AX201] [20H2][100%][SIT]The mouse pointer frozen 1~2 sec when the BT mouse is idle for several minutes. (F/R: 2/2 uuts, 10/10 cycles)",2021-03-01 18:55:00,NA
595981,"HUAQIN TECHNOLOGY CO., LTD",NA,"Huaqin Technology Co., Ltd",Wesley Kuo,"[Lenovo-IdeaPad][HUAQIN][ThinkBook Plus G2][TGL][AX201] [20H2][100%][SIT]The mouse pointer frozen 1~2 sec when the BT mouse is idle for several minutes. (F/R: 2/2 uuts, 10/10 cycles)",2021-03-01 18:55:00,NA
595981,"HUAQIN TECHNOLOGY CO., LTD",NA,"Huaqin Technology Co., Ltd",Wesley Kuo,"[Lenovo-IdeaPad][HUAQIN][ThinkBook Plus G2][TGL][AX201] [20H2][100%][SIT]The mouse pointer frozen 1~2 sec when the BT mouse is idle for several minutes. (F/R: 2/2 uuts, 10/10 cycles)",2021-03-01 18:55:00,NA
595376,"HUAQIN TECHNOLOGY CO., LTD",NA,"Huaqin Technology Co., Ltd",Zhiwei He,[HUAWEI][HUAQIN][AMD Renoir][Intel AX200][20H2][WIFI]PIE driver cannot install succeed via windows update,2021-02-25 23:20:00,NA
595376,"HUAQIN TECHNOLOGY CO., LTD",NA,"Huaqin Technology Co., Ltd",Zhiwei He,[HUAWEI][HUAQIN][AMD Renoir][Intel AX200][20H2][WIFI]PIE driver cannot install succeed via windows update,2021-02-25 23:20:00,NA
595376,"HUAQIN TECHNOLOGY CO., LTD",NA,"Huaqin Technology Co., Ltd",Zhiwei He,[HUAWEI][HUAQIN][AMD Renoir][Intel AX200][20H2][WIFI]PIE driver cannot install succeed via windows update,2021-02-25 23:20:00,NA
595286,"COMPAL ELECTRONICS, INC.",NA,"COMPAL ELECTRONICS, INC.",Franky Yang,[Compal][Dell][Andrews]1.1.0 BIOS 20H2 CB STRESS BSOD_Driver_Power_State_failure with dump,2021-02-25 18:47:00,NA
595286,"COMPAL ELECTRONICS, INC.",NA,"COMPAL ELECTRONICS, INC.",Franky Yang,[Compal][Dell][Andrews]1.1.0 BIOS 20H2 CB STRESS BSOD_Driver_Power_State_failure with dump,2021-02-25 18:47:00,NA
595286,"COMPAL ELECTRONICS, INC.",NA,"COMPAL ELECTRONICS, INC.",Franky Yang,[Compal][Dell][Andrews]1.1.0 BIOS 20H2 CB STRESS BSOD_Driver_Power_State_failure with dump,2021-02-25 18:47:00,NA
595166,"HUAQIN TECHNOLOGY CO., LTD",NA,"Huaqin Technology Co., Ltd",Zhiqiang Cai,"[lenovo-IdeaPad][S750-13ACN][AMD-Cezanne][20H2][AX200]UUT occer BSOD(code:0xD1) when play 1080P movies.(F/R:1/2 UUTs, 1/2 cycles)",2021-02-25 04:27:00,NA
595166,"HUAQIN TECHNOLOGY CO., LTD",NA,"Huaqin Technology Co., Ltd",Zhiqiang Cai,"[lenovo-IdeaPad][S750-13ACN][AMD-Cezanne][20H2][AX200]UUT occer BSOD(code:0xD1) when play 1080P movies.(F/R:1/2 UUTs, 1/2 cycles)",2021-02-25 04:27:00,NA
595166,"HUAQIN TECHNOLOGY CO., LTD",NA,"Huaqin Technology Co., Ltd",Zhiqiang Cai,"[lenovo-IdeaPad][S750-13ACN][AMD-Cezanne][20H2][AX200]UUT occer BSOD(code:0xD1) when play 1080P movies.(F/R:1/2 UUTs, 1/2 cycles)",2021-02-25 04:27:00,NA
595071,"HUAQIN TECHNOLOGY CO., LTD",NA,"Huaqin Technology Co., Ltd",Frank Lee,[Acer][TigerLake] [Huaqin][OBOE_TL][NB2700]AX201 Wake on Wlan function fail.,2021-02-25 00:15:00,NA
595071,"HUAQIN TECHNOLOGY CO., LTD",NA,"Huaqin Technology Co., Ltd",Frank Lee,[Acer][TigerLake] [Huaqin][OBOE_TL][NB2700]AX201 Wake on Wlan function fail.,2021-02-25 00:15:00,NA
595071,"HUAQIN TECHNOLOGY CO., LTD",NA,"Huaqin Technology Co., Ltd",Frank Lee,[Acer][TigerLake] [Huaqin][OBOE_TL][NB2700]AX201 Wake on Wlan function fail.,2021-02-25 00:15:00,NA
594948,"FOXCONN TECHNOLOGY CO., LTD.",NA,"FOXCONN TECHNOLOGY CO., LTD.",Leo Chiang,[ADL-S] [Dell consumer. DT/D12 Tracer&Widowmaker/Foxconn/ADL-S+H670&Z690][Bluetooth]: Delay was observed in switching Mp3 song back to Bluetooth Headset after ending Skype Audio call,2021-02-24 17:55:00,NA
594948,"FOXCONN TECHNOLOGY CO., LTD.",NA,"FOXCONN TECHNOLOGY CO., LTD.",Leo Chiang,[ADL-S] [Dell consumer. DT/D12 Tracer&Widowmaker/Foxconn/ADL-S+H670&Z690][Bluetooth]: Delay was observed in switching Mp3 song back to Bluetooth Headset after ending Skype Audio call,2021-02-24 17:55:00,NA
594948,"FOXCONN TECHNOLOGY CO., LTD.",NA,"FOXCONN TECHNOLOGY CO., LTD.",Leo Chiang,[ADL-S] [Dell consumer. DT/D12 Tracer&Widowmaker/Foxconn/ADL-S+H670&Z690][Bluetooth]: Delay was observed in switching Mp3 song back to Bluetooth Headset after ending Skype Audio call,2021-02-24 17:55:00,NA
594811,QUANTA COMPUTER INC.,NA,QUANTA COMPUTER INC.,Brandon Yang,[Huawei][Quanta][EulerD][TGL-U][AX201][20H2][BT][BUG-20201104-13450] BT mouse lags during low power status.,2021-02-24 03:50:00,NA
594811,QUANTA COMPUTER INC.,NA,QUANTA COMPUTER INC.,Brandon Yang,[Huawei][Quanta][EulerD][TGL-U][AX201][20H2][BT][BUG-20201104-13450] BT mouse lags during low power status.,2021-02-24 03:50:00,NA
594811,QUANTA COMPUTER INC.,NA,QUANTA COMPUTER INC.,Brandon Yang,[Huawei][Quanta][EulerD][TGL-U][AX201][20H2][BT][BUG-20201104-13450] BT mouse lags during low power status.,2021-02-24 03:50:00,NA
594689,QUANTA COMPUTER INC.,NA,QUANTA COMPUTER INC.,Brandon Yang,"[Huawei][Quanta][H81][CezanneM][AX200][20H2][BT][BUG-20210223-18631] DUT connect 2.4G Hotspot ,watch on_line video , BT headset sound lag",2021-02-23 22:35:00,NA
594689,QUANTA COMPUTER INC.,NA,QUANTA COMPUTER INC.,Brandon Yang,"[Huawei][Quanta][H81][CezanneM][AX200][20H2][BT][BUG-20210223-18631] DUT connect 2.4G Hotspot ,watch on_line video , BT headset sound lag",2021-02-23 22:35:00,NA
594689,QUANTA COMPUTER INC.,NA,QUANTA COMPUTER INC.,Brandon Yang,"[Huawei][Quanta][H81][CezanneM][AX200][20H2][BT][BUG-20210223-18631] DUT connect 2.4G Hotspot ,watch on_line video , BT headset sound lag",2021-02-23 22:35:00,NA
594684,"SHANGHAI WINGTECH ELECTRONICS TECHNOLOGYCO., LTD.",NA,"SHANGHAI WINGTECH ELECTRONICS TECHNOLOGYCO., LTD.",Brandon Yang,[Huawei][Wingtech][CurieM][AMD Cezanne][AX200][20H1]The Bluetooth headphone can't auto connect after resume from S3.(F/R:1/50 times),2021-02-23 22:29:00,NA
594684,"SHANGHAI WINGTECH ELECTRONICS TECHNOLOGYCO., LTD.",NA,"SHANGHAI WINGTECH ELECTRONICS TECHNOLOGYCO., LTD.",Brandon Yang,[Huawei][Wingtech][CurieM][AMD Cezanne][AX200][20H1]The Bluetooth headphone can't auto connect after resume from S3.(F/R:1/50 times),2021-02-23 22:29:00,NA
594684,"SHANGHAI WINGTECH ELECTRONICS TECHNOLOGYCO., LTD.",NA,"SHANGHAI WINGTECH ELECTRONICS TECHNOLOGYCO., LTD.",Brandon Yang,[Huawei][Wingtech][CurieM][AMD Cezanne][AX200][20H1]The Bluetooth headphone can't auto connect after resume from S3.(F/R:1/50 times),2021-02-23 22:29:00,NA
594680,WISTRON CORPORATION,NA,WISTRON CORPORATION,Wesley Kuo,"[Lenovo-ThinkPad][Wistron][L13 Gen 2][CZN][AX200][20H2][15%][LR][Ares2_AMD] FVT2.0: SUT show Bluetooth error message during S4 longrun(FR: 4/28 units, 108/3550 cycles)",2021-02-23 22:20:00,NA
594680,WISTRON CORPORATION,NA,WISTRON CORPORATION,Wesley Kuo,"[Lenovo-ThinkPad][Wistron][L13 Gen 2][CZN][AX200][20H2][15%][LR][Ares2_AMD] FVT2.0: SUT show Bluetooth error message during S4 longrun(FR: 4/28 units, 108/3550 cycles)",2021-02-23 22:20:00,NA
594680,WISTRON CORPORATION,NA,WISTRON CORPORATION,Wesley Kuo,"[Lenovo-ThinkPad][Wistron][L13 Gen 2][CZN][AX200][20H2][15%][LR][Ares2_AMD] FVT2.0: SUT show Bluetooth error message during S4 longrun(FR: 4/28 units, 108/3550 cycles)",2021-02-23 22:20:00,NA
594676,WISTRON CORPORATION,NA,WISTRON CORPORATION,Wesley Kuo,"[Lenovo-ThinkPad][Wistron][L13 Gen 2][CZN][AX200][20H2][65%][LR][Ares2_AMD] FVT2.0: SUT show Bluetooth error message during Restrat longrun(FR: 18/28 units, 130/3550 cycles)",2021-02-23 22:03:00,NA
594676,WISTRON CORPORATION,NA,WISTRON CORPORATION,Wesley Kuo,"[Lenovo-ThinkPad][Wistron][L13 Gen 2][CZN][AX200][20H2][65%][LR][Ares2_AMD] FVT2.0: SUT show Bluetooth error message during Restrat longrun(FR: 18/28 units, 130/3550 cycles)",2021-02-23 22:03:00,NA
594676,WISTRON CORPORATION,NA,WISTRON CORPORATION,Wesley Kuo,"[Lenovo-ThinkPad][Wistron][L13 Gen 2][CZN][AX200][20H2][65%][LR][Ares2_AMD] FVT2.0: SUT show Bluetooth error message during Restrat longrun(FR: 18/28 units, 130/3550 cycles)",2021-02-23 22:03:00,NA
594652,"HUAQIN TECHNOLOGY CO., LTD",NA,"Huaqin Technology Co., Ltd",Brandon Yang,[HUAWEI][HUAQIN][AMD Renoir][Intel AX200][20H2]BT mouse cannot move sustain 50 sec during connected BT and system resume from S4,2021-02-23 20:33:00,NA
594652,"HUAQIN TECHNOLOGY CO., LTD",NA,"Huaqin Technology Co., Ltd",Brandon Yang,[HUAWEI][HUAQIN][AMD Renoir][Intel AX200][20H2]BT mouse cannot move sustain 50 sec during connected BT and system resume from S4,2021-02-23 20:33:00,NA
594652,"HUAQIN TECHNOLOGY CO., LTD",NA,"Huaqin Technology Co., Ltd",Brandon Yang,[HUAWEI][HUAQIN][AMD Renoir][Intel AX200][20H2]BT mouse cannot move sustain 50 sec during connected BT and system resume from S4,2021-02-23 20:33:00,NA
594274,"COMPAL ELECTRONICS, INC.",NA,"COMPAL ELECTRONICS, INC.",Zhiqiang Cai,"[Lenovo-ideaPad][Compal][L360][AX200][20H2][L360-15ACH_E3 FVT] Stress_Manual_WB, Unit show bluescreen on AC (BSOD:0xd1).",2021-02-22 22:07:00,NA
594274,"COMPAL ELECTRONICS, INC.",NA,"COMPAL ELECTRONICS, INC.",Zhiqiang Cai,"[Lenovo-ideaPad][Compal][L360][AX200][20H2][L360-15ACH_E3 FVT] Stress_Manual_WB, Unit show bluescreen on AC (BSOD:0xd1).",2021-02-22 22:07:00,NA
594274,"COMPAL ELECTRONICS, INC.",NA,"COMPAL ELECTRONICS, INC.",Zhiqiang Cai,"[Lenovo-ideaPad][Compal][L360][AX200][20H2][L360-15ACH_E3 FVT] Stress_Manual_WB, Unit show bluescreen on AC (BSOD:0xd1).",2021-02-22 22:07:00,NA
593980,WISTRON CORPORATION,NA,WISTRON CORPORATION,Timdaway Lai,"[Lenovo-ThinkPad][Wistron][L13 Gen 2][CZN][AX200][20H2][100%]Ares2-AMD_Pro_W10:UMA:20H2:HLK:Wlan Test - Wlan Device Reset Check failed due to crash with exception code 0xC0000005 occurred in module ""unknown"" and driver will be yellow bang after",2021-02-21 21:19:00,NA
593980,WISTRON CORPORATION,NA,WISTRON CORPORATION,Timdaway Lai,"[Lenovo-ThinkPad][Wistron][L13 Gen 2][CZN][AX200][20H2][100%]Ares2-AMD_Pro_W10:UMA:20H2:HLK:Wlan Test - Wlan Device Reset Check failed due to crash with exception code 0xC0000005 occurred in module ""unknown"" and driver will be yellow bang after",2021-02-21 21:19:00,NA
593980,WISTRON CORPORATION,NA,WISTRON CORPORATION,Timdaway Lai,"[Lenovo-ThinkPad][Wistron][L13 Gen 2][CZN][AX200][20H2][100%]Ares2-AMD_Pro_W10:UMA:20H2:HLK:Wlan Test - Wlan Device Reset Check failed due to crash with exception code 0xC0000005 occurred in module ""unknown"" and driver will be yellow bang after",2021-02-21 21:19:00,NA
593918,QUANTA COMPUTER INC.,NA,QUANTA COMPUTER INC.,Leo Chiang,"Kona Alisan AML-Y_CcP 1216(22.20.0.6) - [Intel][ODT]:""Intel Wireless Bluetooth"" is Yellow Bang in Device manager",2021-02-21 18:19:00,NA
593918,QUANTA COMPUTER INC.,NA,QUANTA COMPUTER INC.,Leo Chiang,"Kona Alisan AML-Y_CcP 1216(22.20.0.6) - [Intel][ODT]:""Intel Wireless Bluetooth"" is Yellow Bang in Device manager",2021-02-21 18:19:00,NA
593918,QUANTA COMPUTER INC.,NA,QUANTA COMPUTER INC.,Leo Chiang,"Kona Alisan AML-Y_CcP 1216(22.20.0.6) - [Intel][ODT]:""Intel Wireless Bluetooth"" is Yellow Bang in Device manager",2021-02-21 18:19:00,NA
593595,"HUAQIN TECHNOLOGY CO., LTD",NA,"Huaqin Technology Co., Ltd",Wesley Kuo,"[Huaqin][Lenovo][Tiger lake UP4][ThinkBook Plus Gen2][SIT] Hands-free mode lost after reconnecting BT headset/speaker. (F/R: 2/2 uuts, 8/10 cycles)",2021-02-18 22:07:00,NA
593595,"HUAQIN TECHNOLOGY CO., LTD",NA,"Huaqin Technology Co., Ltd",Wesley Kuo,"[Huaqin][Lenovo][Tiger lake UP4][ThinkBook Plus Gen2][SIT] Hands-free mode lost after reconnecting BT headset/speaker. (F/R: 2/2 uuts, 8/10 cycles)",2021-02-18 22:07:00,NA
593595,"HUAQIN TECHNOLOGY CO., LTD",NA,"Huaqin Technology Co., Ltd",Wesley Kuo,"[Huaqin][Lenovo][Tiger lake UP4][ThinkBook Plus Gen2][SIT] Hands-free mode lost after reconnecting BT headset/speaker. (F/R: 2/2 uuts, 8/10 cycles)",2021-02-18 22:07:00,NA
593304,"COMPAL ELECTRONICS, INC.",NA,"COMPAL ELECTRONICS, INC.",Zhiqiang Cai,"[Lenovo-ideaPad][Compal][L360][TGL][AX201][20H2]Stress_S4_35'C, Unit can't resume from S4 and power LED show flicker and then idle in DC show black screen and have minidump and memory dump(0x9f).",2021-02-17 19:52:00,NA
593304,"COMPAL ELECTRONICS, INC.",NA,"COMPAL ELECTRONICS, INC.",Zhiqiang Cai,"[Lenovo-ideaPad][Compal][L360][TGL][AX201][20H2]Stress_S4_35'C, Unit can't resume from S4 and power LED show flicker and then idle in DC show black screen and have minidump and memory dump(0x9f).",2021-02-17 19:52:00,NA
593304,"COMPAL ELECTRONICS, INC.",NA,"COMPAL ELECTRONICS, INC.",Zhiqiang Cai,"[Lenovo-ideaPad][Compal][L360][TGL][AX201][20H2]Stress_S4_35'C, Unit can't resume from S4 and power LED show flicker and then idle in DC show black screen and have minidump and memory dump(0x9f).",2021-02-17 19:52:00,NA
592014,QUANTA COMPUTER INC.,NA,QUANTA COMPUTER INC.,Charles P Chu,[Huawei][Quanta][NobelD][TGL-U][AX201][20H1][WiFi][804759491] Single NobelD machine cannot connect wifi AP(channel 10).,2021-02-08 03:32:00,NA
592014,QUANTA COMPUTER INC.,NA,QUANTA COMPUTER INC.,Charles P Chu,[Huawei][Quanta][NobelD][TGL-U][AX201][20H1][WiFi][804759491] Single NobelD machine cannot connect wifi AP(channel 10).,2021-02-08 03:32:00,NA
592014,QUANTA COMPUTER INC.,NA,QUANTA COMPUTER INC.,Charles P Chu,[Huawei][Quanta][NobelD][TGL-U][AX201][20H1][WiFi][804759491] Single NobelD machine cannot connect wifi AP(channel 10).,2021-02-08 03:32:00,NA
591866,"COMPAL ELECTRONICS, INC.",NA,"COMPAL ELECTRONICS, INC.",Franky Yang,[Andrews][RF] SAR Table Not Change Issue,2021-02-07 22:59:00,NA
591866,"COMPAL ELECTRONICS, INC.",NA,"COMPAL ELECTRONICS, INC.",Franky Yang,[Andrews][RF] SAR Table Not Change Issue,2021-02-07 22:59:00,NA
591866,"COMPAL ELECTRONICS, INC.",NA,"COMPAL ELECTRONICS, INC.",Franky Yang,[Andrews][RF] SAR Table Not Change Issue,2021-02-07 22:59:00,NA
591816,QUANTA COMPUTER INC.,NA,QUANTA COMPUTER INC.,Brandon Yang,"[Huawei][Quanta][EulerD][TGL-UP4][AX201][20H2][804758086] BT mouse cannot work suddenly, on/off BT will function resume.",2021-02-07 19:08:00,NA
591816,QUANTA COMPUTER INC.,NA,QUANTA COMPUTER INC.,Brandon Yang,"[Huawei][Quanta][EulerD][TGL-UP4][AX201][20H2][804758086] BT mouse cannot work suddenly, on/off BT will function resume.",2021-02-07 19:08:00,NA
591816,QUANTA COMPUTER INC.,NA,QUANTA COMPUTER INC.,Brandon Yang,"[Huawei][Quanta][EulerD][TGL-UP4][AX201][20H2][804758086] BT mouse cannot work suddenly, on/off BT will function resume.",2021-02-07 19:08:00,NA
591712,"HUAQIN TECHNOLOGY CO., LTD",NA,"Huaqin Technology Co., Ltd",Zhiwei He,"[HUAWEI][HUAQIN][AMD Lucience-U][Intel AX200][20H2][WIFI]PC projection to miracast monitor, playing video and the video is lag.",2021-02-06 22:37:00,NA
591712,"HUAQIN TECHNOLOGY CO., LTD",NA,"Huaqin Technology Co., Ltd",Zhiwei He,"[HUAWEI][HUAQIN][AMD Lucience-U][Intel AX200][20H2][WIFI]PC projection to miracast monitor, playing video and the video is lag.",2021-02-06 22:37:00,NA
591712,"HUAQIN TECHNOLOGY CO., LTD",NA,"Huaqin Technology Co., Ltd",Zhiwei He,"[HUAWEI][HUAQIN][AMD Lucience-U][Intel AX200][20H2][WIFI]PC projection to miracast monitor, playing video and the video is lag.",2021-02-06 22:37:00,NA
591575,QUANTA COMPUTER INC.,NA,QUANTA COMPUTER INC.,Brandon Yang,[Huawei][Quanta][BohrM/NobelM][Lucienne]AX200][20H2][BT][804751607] HP BLE 3CY37PA  mouse doesn't work after reboot OS.,2021-02-05 02:47:00,NA
591575,QUANTA COMPUTER INC.,NA,QUANTA COMPUTER INC.,Brandon Yang,[Huawei][Quanta][BohrM/NobelM][Lucienne]AX200][20H2][BT][804751607] HP BLE 3CY37PA  mouse doesn't work after reboot OS.,2021-02-05 02:47:00,NA
591575,QUANTA COMPUTER INC.,NA,QUANTA COMPUTER INC.,Brandon Yang,[Huawei][Quanta][BohrM/NobelM][Lucienne]AX200][20H2][BT][804751607] HP BLE 3CY37PA  mouse doesn't work after reboot OS.,2021-02-05 02:47:00,NA
591105,"COMPAL ELECTRONICS, INC.",NA,"COMPAL ELECTRONICS, INC.",Leo Chiang,[Dell/Compal][TGL] AX201 BT mouse resume time delay,2021-02-03 21:37:00,NA
591105,"COMPAL ELECTRONICS, INC.",NA,"COMPAL ELECTRONICS, INC.",Leo Chiang,[Dell/Compal][TGL] AX201 BT mouse resume time delay,2021-02-03 21:37:00,NA
591105,"COMPAL ELECTRONICS, INC.",NA,"COMPAL ELECTRONICS, INC.",Leo Chiang,[Dell/Compal][TGL] AX201 BT mouse resume time delay,2021-02-03 21:37:00,NA
590911,"HUAQIN TECHNOLOGY CO., LTD",NA,"Huaqin Technology Co., Ltd",Leo Chiang,[Huaqin][Asus_UX325UA][AMD_LCN] System can not detect BT microphone device (F/R:40%),2021-02-03 03:33:00,NA
590911,"HUAQIN TECHNOLOGY CO., LTD",NA,"Huaqin Technology Co., Ltd",Leo Chiang,[Huaqin][Asus_UX325UA][AMD_LCN] System can not detect BT microphone device (F/R:40%),2021-02-03 03:33:00,NA
590911,"HUAQIN TECHNOLOGY CO., LTD",NA,"Huaqin Technology Co., Ltd",Leo Chiang,[Huaqin][Asus_UX325UA][AMD_LCN] System can not detect BT microphone device (F/R:40%),2021-02-03 03:33:00,NA
590899,"HUAQIN TECHNOLOGY CO., LTD",NA,"Huaqin Technology Co., Ltd",Wesley Kuo,[Lenovo-IdeaPad][Huaqin][Lenovo S560-16ITL][Tiger Lake]BT mouse has a delay about one second after idle BT mouse about 3s(F/R:6/6),2021-02-03 03:08:00,NA
590899,"HUAQIN TECHNOLOGY CO., LTD",NA,"Huaqin Technology Co., Ltd",Wesley Kuo,[Lenovo-IdeaPad][Huaqin][Lenovo S560-16ITL][Tiger Lake]BT mouse has a delay about one second after idle BT mouse about 3s(F/R:6/6),2021-02-03 03:08:00,NA
590899,"HUAQIN TECHNOLOGY CO., LTD",NA,"Huaqin Technology Co., Ltd",Wesley Kuo,[Lenovo-IdeaPad][Huaqin][Lenovo S560-16ITL][Tiger Lake]BT mouse has a delay about one second after idle BT mouse about 3s(F/R:6/6),2021-02-03 03:08:00,NA
590661,WISTRON CORPORATION,NA,WISTRON CORPORATION,Frank Lee,[Acer][Wistron][Intel RKL-S][vfRex][AIO][Modern Standby] Wi-Fi virtual adaptor #2 yellow bang after system wake up from Modern Standby.,2021-02-02 19:03:00,NA
590661,WISTRON CORPORATION,NA,WISTRON CORPORATION,Frank Lee,[Acer][Wistron][Intel RKL-S][vfRex][AIO][Modern Standby] Wi-Fi virtual adaptor #2 yellow bang after system wake up from Modern Standby.,2021-02-02 19:03:00,NA
590661,WISTRON CORPORATION,NA,WISTRON CORPORATION,Frank Lee,[Acer][Wistron][Intel RKL-S][vfRex][AIO][Modern Standby] Wi-Fi virtual adaptor #2 yellow bang after system wake up from Modern Standby.,2021-02-02 19:03:00,NA
590504,WISTRON CORPORATION,NA,WISTRON CORPORATION,Wesley Kuo,[Lenovo-ThinkPad][Wistron][X12 Detachable Gen1][TGL-U][AX201][20H2][70%]BT Mouse response lag issue after idle some time.,2021-02-02 02:45:00,NA
590504,WISTRON CORPORATION,NA,WISTRON CORPORATION,Wesley Kuo,[Lenovo-ThinkPad][Wistron][X12 Detachable Gen1][TGL-U][AX201][20H2][70%]BT Mouse response lag issue after idle some time.,2021-02-02 02:45:00,NA
590504,WISTRON CORPORATION,NA,WISTRON CORPORATION,Wesley Kuo,[Lenovo-ThinkPad][Wistron][X12 Detachable Gen1][TGL-U][AX201][20H2][70%]BT Mouse response lag issue after idle some time.,2021-02-02 02:45:00,NA
590379,QUANTA COMPUTER INC.,NA,QUANTA COMPUTER INC.,Brandon Yang,[Huawei][Quanta][BohrD][TGL-U][AX201][20H2][BT][804745037] Single BohrD machine cannot use BLE mouse(AF30/M729).,2021-02-01 21:53:00,NA
590379,QUANTA COMPUTER INC.,NA,QUANTA COMPUTER INC.,Brandon Yang,[Huawei][Quanta][BohrD][TGL-U][AX201][20H2][BT][804745037] Single BohrD machine cannot use BLE mouse(AF30/M729).,2021-02-01 21:53:00,NA
590379,QUANTA COMPUTER INC.,NA,QUANTA COMPUTER INC.,Brandon Yang,[Huawei][Quanta][BohrD][TGL-U][AX201][20H2][BT][804745037] Single BohrD machine cannot use BLE mouse(AF30/M729).,2021-02-01 21:53:00,NA
590353,QUANTA COMPUTER INC.,NA,QUANTA COMPUTER INC.,Brandon Yang,[Huawei][Quanta][EulerD][TGL-U][AX201][20H2][BT][804744585] Otter headphone auto disconnected.,2021-02-01 20:18:00,NA
590353,QUANTA COMPUTER INC.,NA,QUANTA COMPUTER INC.,Brandon Yang,[Huawei][Quanta][EulerD][TGL-U][AX201][20H2][BT][804744585] Otter headphone auto disconnected.,2021-02-01 20:18:00,NA
590353,QUANTA COMPUTER INC.,NA,QUANTA COMPUTER INC.,Brandon Yang,[Huawei][Quanta][EulerD][TGL-U][AX201][20H2][BT][804744585] Otter headphone auto disconnected.,2021-02-01 20:18:00,NA
590049,INVENTEC CORPORATION,NA,INVENTEC CORPORATION,Brenton Wu,[Xiaomi][Inventec][A30/A31[TGL-H35][AX201][20H2]Spend long time to reconnect mobile-hotspot,2021-01-31 22:48:00,NA
590049,INVENTEC CORPORATION,NA,INVENTEC CORPORATION,Brenton Wu,[Xiaomi][Inventec][A30/A31[TGL-H35][AX201][20H2]Spend long time to reconnect mobile-hotspot,2021-01-31 22:48:00,NA
590049,INVENTEC CORPORATION,NA,INVENTEC CORPORATION,Brenton Wu,[Xiaomi][Inventec][A30/A31[TGL-H35][AX201][20H2]Spend long time to reconnect mobile-hotspot,2021-01-31 22:48:00,NA
589996,QUANTA COMPUTER INC.,NA,QUANTA COMPUTER INC.,Brandon Yang,[Huawei][Quanta][WrightD][TGL-U][AX201][20H2][BT][BUG-20210129-17657]BT mouse lags within 1 sec after idle mouse 10-40 sec.,2021-01-31 20:11:00,NA
589996,QUANTA COMPUTER INC.,NA,QUANTA COMPUTER INC.,Brandon Yang,[Huawei][Quanta][WrightD][TGL-U][AX201][20H2][BT][BUG-20210129-17657]BT mouse lags within 1 sec after idle mouse 10-40 sec.,2021-01-31 20:11:00,NA
589996,QUANTA COMPUTER INC.,NA,QUANTA COMPUTER INC.,Brandon Yang,[Huawei][Quanta][WrightD][TGL-U][AX201][20H2][BT][BUG-20210129-17657]BT mouse lags within 1 sec after idle mouse 10-40 sec.,2021-01-31 20:11:00,NA
589946,WISTRON CORPORATION,NA,WISTRON CORPORATION,Brandon Yang,"[ThinkPad JP][Wistron][ThinkPad X1 Extreme Gen 4][TGL-H][AX210][20H2][100%]For Cheetah-1 FVT machines, SUT will auto disconnect after 2mins when connect two PC by bluetooth",2021-01-31 17:34:00,NA
589946,WISTRON CORPORATION,NA,WISTRON CORPORATION,Brandon Yang,"[ThinkPad JP][Wistron][ThinkPad X1 Extreme Gen 4][TGL-H][AX210][20H2][100%]For Cheetah-1 FVT machines, SUT will auto disconnect after 2mins when connect two PC by bluetooth",2021-01-31 17:34:00,NA
589946,WISTRON CORPORATION,NA,WISTRON CORPORATION,Brandon Yang,"[ThinkPad JP][Wistron][ThinkPad X1 Extreme Gen 4][TGL-H][AX210][20H2][100%]For Cheetah-1 FVT machines, SUT will auto disconnect after 2mins when connect two PC by bluetooth",2021-01-31 17:34:00,NA
589768,"HUAQIN TECHNOLOGY CO., LTD",NA,"Huaqin Technology Co., Ltd",Brandon Yang,[HUAWEI][HUAQIN][AMD Renoir][Intel AX200][20H1]Found sound not output from BT headset after resume from S4 under connect BT headset,2021-01-29 02:03:00,NA
589768,"HUAQIN TECHNOLOGY CO., LTD",NA,"Huaqin Technology Co., Ltd",Brandon Yang,[HUAWEI][HUAQIN][AMD Renoir][Intel AX200][20H1]Found sound not output from BT headset after resume from S4 under connect BT headset,2021-01-29 02:03:00,NA
589768,"HUAQIN TECHNOLOGY CO., LTD",NA,"Huaqin Technology Co., Ltd",Brandon Yang,[HUAWEI][HUAQIN][AMD Renoir][Intel AX200][20H1]Found sound not output from BT headset after resume from S4 under connect BT headset,2021-01-29 02:03:00,NA
589674,"HUAQIN TECHNOLOGY CO., LTD",NA,"Huaqin Technology Co., Ltd",Zhiwei He,[HUAWEI][HUAQIN][Intel AX201][Intel TGL[20H2]PC occur connect timeout during ping baidu under connect internet,2021-01-28 21:59:00,NA
589674,"HUAQIN TECHNOLOGY CO., LTD",NA,"Huaqin Technology Co., Ltd",Zhiwei He,[HUAWEI][HUAQIN][Intel AX201][Intel TGL[20H2]PC occur connect timeout during ping baidu under connect internet,2021-01-28 21:59:00,NA
589674,"HUAQIN TECHNOLOGY CO., LTD",NA,"Huaqin Technology Co., Ltd",Zhiwei He,[HUAWEI][HUAQIN][Intel AX201][Intel TGL[20H2]PC occur connect timeout during ping baidu under connect internet,2021-01-28 21:59:00,NA
589604,"HUAQIN TECHNOLOGY CO., LTD",NA,"Huaqin Technology Co., Ltd",Zhiqiang Cai,"[Lenovo-IdeaPad][HUAQIN][ThinkBook Plus G2][TGL][WiFi] MS Exit latency to long more than 3s , spec request 0.75s (fail rate:100%)",2021-01-28 18:14:00,NA
589604,"HUAQIN TECHNOLOGY CO., LTD",NA,"Huaqin Technology Co., Ltd",Zhiqiang Cai,"[Lenovo-IdeaPad][HUAQIN][ThinkBook Plus G2][TGL][WiFi] MS Exit latency to long more than 3s , spec request 0.75s (fail rate:100%)",2021-01-28 18:14:00,NA
589604,"HUAQIN TECHNOLOGY CO., LTD",NA,"Huaqin Technology Co., Ltd",Zhiqiang Cai,"[Lenovo-IdeaPad][HUAQIN][ThinkBook Plus G2][TGL][WiFi] MS Exit latency to long more than 3s , spec request 0.75s (fail rate:100%)",2021-01-28 18:14:00,NA
589426,"SHANGHAI WINGTECH ELECTRONICS TECHNOLOGYCO., LTD.",NA,"SHANGHAI WINGTECH ELECTRONICS TECHNOLOGYCO., LTD.",Zhiwei He,[Huawei][Wingtech][CurieM][AMD Cezanne][AX200][20H2]The wireless will disconnect from hotspot and can't reconnect it when try to switch the wireless AP band between 2.4G and 5G,2021-01-28 02:04:00,NA
589426,"SHANGHAI WINGTECH ELECTRONICS TECHNOLOGYCO., LTD.",NA,"SHANGHAI WINGTECH ELECTRONICS TECHNOLOGYCO., LTD.",Zhiwei He,[Huawei][Wingtech][CurieM][AMD Cezanne][AX200][20H2]The wireless will disconnect from hotspot and can't reconnect it when try to switch the wireless AP band between 2.4G and 5G,2021-01-28 02:04:00,NA
589426,"SHANGHAI WINGTECH ELECTRONICS TECHNOLOGYCO., LTD.",NA,"SHANGHAI WINGTECH ELECTRONICS TECHNOLOGYCO., LTD.",Zhiwei He,[Huawei][Wingtech][CurieM][AMD Cezanne][AX200][20H2]The wireless will disconnect from hotspot and can't reconnect it when try to switch the wireless AP band between 2.4G and 5G,2021-01-28 02:04:00,NA
589032,"COMPAL ELECTRONICS, INC.",NA,"COMPAL ELECTRONICS, INC.",Franky Yang,[DELL][Compal][Andrews]WiFi lost function after resume from long time MS but WiFi show connected.,2021-01-27 02:42:00,NA
589032,"COMPAL ELECTRONICS, INC.",NA,"COMPAL ELECTRONICS, INC.",Franky Yang,[DELL][Compal][Andrews]WiFi lost function after resume from long time MS but WiFi show connected.,2021-01-27 02:42:00,NA
589032,"COMPAL ELECTRONICS, INC.",NA,"COMPAL ELECTRONICS, INC.",Franky Yang,[DELL][Compal][Andrews]WiFi lost function after resume from long time MS but WiFi show connected.,2021-01-27 02:42:00,NA
589001,"SHENZHEN EMDOOR ELECTRONIC TECHNOLOGY CO., LTD.",NA,"SHENZHEN EMDOOR ELECTRONIC TECHNOLOGY CO., LTD.",Zhiqiang Cai,[Emdoor][Infinix][IC819] ??Wireless??? ?????PC????????????????,2021-01-27 01:27:00,NA
589001,"SHENZHEN EMDOOR ELECTRONIC TECHNOLOGY CO., LTD.",NA,"SHENZHEN EMDOOR ELECTRONIC TECHNOLOGY CO., LTD.",Zhiqiang Cai,[Emdoor][Infinix][IC819] ??Wireless??? ?????PC????????????????,2021-01-27 01:27:00,NA
589001,"SHENZHEN EMDOOR ELECTRONIC TECHNOLOGY CO., LTD.",NA,"SHENZHEN EMDOOR ELECTRONIC TECHNOLOGY CO., LTD.",Zhiqiang Cai,[Emdoor][Infinix][IC819] ??Wireless??? ?????PC????????????????,2021-01-27 01:27:00,NA
588964,"HUAQIN TECHNOLOGY CO., LTD",NA,"Huaqin Technology Co., Ltd",Wesley Kuo,[HUAWEI][HUAQIN][AMD Renoir][Intel AX200][20H1]BT headset cannot auto connect after resume from S4 during connect BT headset,2021-01-27 00:24:00,NA
588964,"HUAQIN TECHNOLOGY CO., LTD",NA,"Huaqin Technology Co., Ltd",Wesley Kuo,[HUAWEI][HUAQIN][AMD Renoir][Intel AX200][20H1]BT headset cannot auto connect after resume from S4 during connect BT headset,2021-01-27 00:24:00,NA
588964,"HUAQIN TECHNOLOGY CO., LTD",NA,"Huaqin Technology Co., Ltd",Wesley Kuo,[HUAWEI][HUAQIN][AMD Renoir][Intel AX200][20H1]BT headset cannot auto connect after resume from S4 during connect BT headset,2021-01-27 00:24:00,NA
588950,"HUAQIN TECHNOLOGY CO., LTD",NA,"Huaqin Technology Co., Ltd",Zhiwei He,[HUAWEI][HUAQIN][Harvey][AMD Renoir][20H2][Intel AX200][WIFI]PC cannot auto reconnect to AP during execute turn off/on airport mode,2021-01-26 23:50:00,NA
588950,"HUAQIN TECHNOLOGY CO., LTD",NA,"Huaqin Technology Co., Ltd",Zhiwei He,[HUAWEI][HUAQIN][Harvey][AMD Renoir][20H2][Intel AX200][WIFI]PC cannot auto reconnect to AP during execute turn off/on airport mode,2021-01-26 23:50:00,NA
588950,"HUAQIN TECHNOLOGY CO., LTD",NA,"Huaqin Technology Co., Ltd",Zhiwei He,[HUAWEI][HUAQIN][Harvey][AMD Renoir][20H2][Intel AX200][WIFI]PC cannot auto reconnect to AP during execute turn off/on airport mode,2021-01-26 23:50:00,NA
588943,"SHANGHAI WINGTECH ELECTRONICS TECHNOLOGYCO., LTD.",NA,"SHANGHAI WINGTECH ELECTRONICS TECHNOLOGYCO., LTD.",Brandon Yang,[Huawei][Wingtech][CurieM][AMD Cezanne][AX200][20H1]The Bluetooth otter headphone occurred noise and the sound not smoothly.(F/R:1/20 times),2021-01-26 23:33:00,NA
588943,"SHANGHAI WINGTECH ELECTRONICS TECHNOLOGYCO., LTD.",NA,"SHANGHAI WINGTECH ELECTRONICS TECHNOLOGYCO., LTD.",Brandon Yang,[Huawei][Wingtech][CurieM][AMD Cezanne][AX200][20H1]The Bluetooth otter headphone occurred noise and the sound not smoothly.(F/R:1/20 times),2021-01-26 23:33:00,NA
588943,"SHANGHAI WINGTECH ELECTRONICS TECHNOLOGYCO., LTD.",NA,"SHANGHAI WINGTECH ELECTRONICS TECHNOLOGYCO., LTD.",Brandon Yang,[Huawei][Wingtech][CurieM][AMD Cezanne][AX200][20H1]The Bluetooth otter headphone occurred noise and the sound not smoothly.(F/R:1/20 times),2021-01-26 23:33:00,NA
588935,"SHANGHAI WINGTECH ELECTRONICS TECHNOLOGYCO., LTD.",NA,"SHANGHAI WINGTECH ELECTRONICS TECHNOLOGYCO., LTD.",Brandon Yang,[Huawei][Wingtech][CurieM][AMD Cezanne][AX200][20H1]The Bluetooth otter headphone can't connect to PC.(F/R:1/20 times),2021-01-26 23:20:00,NA
588935,"SHANGHAI WINGTECH ELECTRONICS TECHNOLOGYCO., LTD.",NA,"SHANGHAI WINGTECH ELECTRONICS TECHNOLOGYCO., LTD.",Brandon Yang,[Huawei][Wingtech][CurieM][AMD Cezanne][AX200][20H1]The Bluetooth otter headphone can't connect to PC.(F/R:1/20 times),2021-01-26 23:20:00,NA
588935,"SHANGHAI WINGTECH ELECTRONICS TECHNOLOGYCO., LTD.",NA,"SHANGHAI WINGTECH ELECTRONICS TECHNOLOGYCO., LTD.",Brandon Yang,[Huawei][Wingtech][CurieM][AMD Cezanne][AX200][20H1]The Bluetooth otter headphone can't connect to PC.(F/R:1/20 times),2021-01-26 23:20:00,NA
588594,INVENTEC CORPORATION,NA,INVENTEC CORPORATION,Brenton Wu,[Xiaomi][Inventec][A30s[AMD][AX200][20H2] Intel Wireless error event log. (AMD UMDF Sensor vs wireless service ),2021-01-25 23:55:00,NA
588594,INVENTEC CORPORATION,NA,INVENTEC CORPORATION,Brenton Wu,[Xiaomi][Inventec][A30s[AMD][AX200][20H2] Intel Wireless error event log. (AMD UMDF Sensor vs wireless service ),2021-01-25 23:55:00,NA
588594,INVENTEC CORPORATION,NA,INVENTEC CORPORATION,Brenton Wu,[Xiaomi][Inventec][A30s[AMD][AX200][20H2] Intel Wireless error event log. (AMD UMDF Sensor vs wireless service ),2021-01-25 23:55:00,NA
588590,"COMPAL ELECTRONICS, INC.",NA,"COMPAL ELECTRONICS, INC.",Franky Yang,[Dell/Compal]NDT didn't work with AX210 module,2021-01-25 23:44:00,NA
588590,"COMPAL ELECTRONICS, INC.",NA,"COMPAL ELECTRONICS, INC.",Franky Yang,[Dell/Compal]NDT didn't work with AX210 module,2021-01-25 23:44:00,NA
588590,"COMPAL ELECTRONICS, INC.",NA,"COMPAL ELECTRONICS, INC.",Franky Yang,[Dell/Compal]NDT didn't work with AX210 module,2021-01-25 23:44:00,NA
588548,PEGATRON CORPORATION,NA,Pegatron Corporation,Leo Chiang,"[DELL][CY21 AIO][RKL][AX201]When run CB aging, the system will BSOD.(DRIVER_POWER_STATE_FAILURE (9f)).",2021-01-25 22:05:00,NA
588548,PEGATRON CORPORATION,NA,Pegatron Corporation,Leo Chiang,"[DELL][CY21 AIO][RKL][AX201]When run CB aging, the system will BSOD.(DRIVER_POWER_STATE_FAILURE (9f)).",2021-01-25 22:05:00,NA
588548,PEGATRON CORPORATION,NA,Pegatron Corporation,Leo Chiang,"[DELL][CY21 AIO][RKL][AX201]When run CB aging, the system will BSOD.(DRIVER_POWER_STATE_FAILURE (9f)).",2021-01-25 22:05:00,NA
588496,"COMPAL ELECTRONICS, INC.",NA,"COMPAL ELECTRONICS, INC.",Wesley Kuo,"[Lenovo-Ideapad][Compal][V350][TGL-U][20H1]- Hands-Free will disappear, when remove and reconnect Bluetooth headset during play music. ( F/R: 1/1unit)",2021-01-25 19:16:00,NA
588496,"COMPAL ELECTRONICS, INC.",NA,"COMPAL ELECTRONICS, INC.",Wesley Kuo,"[Lenovo-Ideapad][Compal][V350][TGL-U][20H1]- Hands-Free will disappear, when remove and reconnect Bluetooth headset during play music. ( F/R: 1/1unit)",2021-01-25 19:16:00,NA
588496,"COMPAL ELECTRONICS, INC.",NA,"COMPAL ELECTRONICS, INC.",Wesley Kuo,"[Lenovo-Ideapad][Compal][V350][TGL-U][20H1]- Hands-Free will disappear, when remove and reconnect Bluetooth headset during play music. ( F/R: 1/1unit)",2021-01-25 19:16:00,NA
588371,WISTRON CORPORATION,NA,WISTRON CORPORATION,Charles Yeh,(Copy Of 00588364) [Dell-Wistron][TGL-H][Braodmoor15/15P]AX210 WiFi Yellow bang after warmboot,2021-01-25 07:05:00,NA
588371,WISTRON CORPORATION,NA,WISTRON CORPORATION,Charles Yeh,(Copy Of 00588364) [Dell-Wistron][TGL-H][Braodmoor15/15P]AX210 WiFi Yellow bang after warmboot,2021-01-25 07:05:00,NA
588371,WISTRON CORPORATION,NA,WISTRON CORPORATION,Charles Yeh,(Copy Of 00588364) [Dell-Wistron][TGL-H][Braodmoor15/15P]AX210 WiFi Yellow bang after warmboot,2021-01-25 07:05:00,NA
588318,"COMPAL ELECTRONICS, INC.",NA,"COMPAL ELECTRONICS, INC.",Zhiqiang Cai,[UNIS] [Compal][UNIS_Slinky][Tiger Lake][AX201][20H2]Cannot Serch AP SSID when Acess Point security type set WEP/WPA/WPA2..,2021-01-25 03:29:00,NA
588318,"COMPAL ELECTRONICS, INC.",NA,"COMPAL ELECTRONICS, INC.",Zhiqiang Cai,[UNIS] [Compal][UNIS_Slinky][Tiger Lake][AX201][20H2]Cannot Serch AP SSID when Acess Point security type set WEP/WPA/WPA2..,2021-01-25 03:29:00,NA
588318,"COMPAL ELECTRONICS, INC.",NA,"COMPAL ELECTRONICS, INC.",Zhiqiang Cai,[UNIS] [Compal][UNIS_Slinky][Tiger Lake][AX201][20H2]Cannot Serch AP SSID when Acess Point security type set WEP/WPA/WPA2..,2021-01-25 03:29:00,NA
588250,"HUAQIN TECHNOLOGY CO., LTD",NA,"Huaqin Technology Co., Ltd",Brandon Yang,[HUAWEI][HUAQIN][AMD Lucienne-U][Intel AX200][20H2][BT]Found BT mouse delete delay after pair BT mouse(HUAWEI AD21) succeed and then manual delete BT mouse,2021-01-25 00:23:00,NA
588250,"HUAQIN TECHNOLOGY CO., LTD",NA,"Huaqin Technology Co., Ltd",Brandon Yang,[HUAWEI][HUAQIN][AMD Lucienne-U][Intel AX200][20H2][BT]Found BT mouse delete delay after pair BT mouse(HUAWEI AD21) succeed and then manual delete BT mouse,2021-01-25 00:23:00,NA
588250,"HUAQIN TECHNOLOGY CO., LTD",NA,"Huaqin Technology Co., Ltd",Brandon Yang,[HUAWEI][HUAQIN][AMD Lucienne-U][Intel AX200][20H2][BT]Found BT mouse delete delay after pair BT mouse(HUAWEI AD21) succeed and then manual delete BT mouse,2021-01-25 00:23:00,NA
588174,"COMPAL ELECTRONICS, INC.",NA,"COMPAL ELECTRONICS, INC.",Wesley Kuo,"[Lenovo-IdeaPad][Compal][C640-13[AMDLucienne][AX200][20H2] Modern Standby Cycles stress,Device Manager 'Intel(R) Wireless Bluetooth(R)' show yellow mark .(F/R:1/30)",2021-01-24 22:45:00,NA
588174,"COMPAL ELECTRONICS, INC.",NA,"COMPAL ELECTRONICS, INC.",Wesley Kuo,"[Lenovo-IdeaPad][Compal][C640-13[AMDLucienne][AX200][20H2] Modern Standby Cycles stress,Device Manager 'Intel(R) Wireless Bluetooth(R)' show yellow mark .(F/R:1/30)",2021-01-24 22:45:00,NA
588174,"COMPAL ELECTRONICS, INC.",NA,"COMPAL ELECTRONICS, INC.",Wesley Kuo,"[Lenovo-IdeaPad][Compal][C640-13[AMDLucienne][AX200][20H2] Modern Standby Cycles stress,Device Manager 'Intel(R) Wireless Bluetooth(R)' show yellow mark .(F/R:1/30)",2021-01-24 22:45:00,NA
588148,WISTRON CORPORATION,NA,WISTRON CORPORATION,Franky Yang,[Dell][Broadmoor 15/P][TGL-H] AX201/AX210 can't WOWL from connected standby(F/R:100%),2021-01-24 21:55:00,NA
588148,WISTRON CORPORATION,NA,WISTRON CORPORATION,Franky Yang,[Dell][Broadmoor 15/P][TGL-H] AX201/AX210 can't WOWL from connected standby(F/R:100%),2021-01-24 21:55:00,NA
588148,WISTRON CORPORATION,NA,WISTRON CORPORATION,Franky Yang,[Dell][Broadmoor 15/P][TGL-H] AX201/AX210 can't WOWL from connected standby(F/R:100%),2021-01-24 21:55:00,NA
588102,"SHANGHAI WINGTECH ELECTRONICS TECHNOLOGYCO., LTD.",NA,"SHANGHAI WINGTECH ELECTRONICS TECHNOLOGYCO., LTD.",Leo Chiang,[ASUS wingtech B1/B3][22.20.0.3] Intel Bluetooth device stopped working during reboot stress test,2021-01-24 18:42:00,NA
588102,"SHANGHAI WINGTECH ELECTRONICS TECHNOLOGYCO., LTD.",NA,"SHANGHAI WINGTECH ELECTRONICS TECHNOLOGYCO., LTD.",Leo Chiang,[ASUS wingtech B1/B3][22.20.0.3] Intel Bluetooth device stopped working during reboot stress test,2021-01-24 18:42:00,NA
588102,"SHANGHAI WINGTECH ELECTRONICS TECHNOLOGYCO., LTD.",NA,"SHANGHAI WINGTECH ELECTRONICS TECHNOLOGYCO., LTD.",Leo Chiang,[ASUS wingtech B1/B3][22.20.0.3] Intel Bluetooth device stopped working during reboot stress test,2021-01-24 18:42:00,NA
588072,"HUAQIN TECHNOLOGY CO., LTD",NA,"Huaqin Technology Co., Ltd",Zhiwei He,[HUAWEI][HUAQIN][MACHC][Intel CML][Intel 9560[WIFI]PC occur disconnect status sometimes during connect Cisco wireless route,2021-01-24 17:06:00,NA
588072,"HUAQIN TECHNOLOGY CO., LTD",NA,"Huaqin Technology Co., Ltd",Zhiwei He,[HUAWEI][HUAQIN][MACHC][Intel CML][Intel 9560[WIFI]PC occur disconnect status sometimes during connect Cisco wireless route,2021-01-24 17:06:00,NA
588072,"HUAQIN TECHNOLOGY CO., LTD",NA,"Huaqin Technology Co., Ltd",Zhiwei He,[HUAWEI][HUAQIN][MACHC][Intel CML][Intel 9560[WIFI]PC occur disconnect status sometimes during connect Cisco wireless route,2021-01-24 17:06:00,NA
587954,QUANTA COMPUTER INC.,NA,QUANTA COMPUTER INC.,Wesley Kuo,"[Huawei][Quanta][BohrM/NobelM][Lucienne]AX200][20H2][BT][BUG-20210122-17361]Off/On BT function then re-connect Huawei AM04S BT headphone, find it lost stereo output.",2021-01-22 10:15:00,NA
587954,QUANTA COMPUTER INC.,NA,QUANTA COMPUTER INC.,Wesley Kuo,"[Huawei][Quanta][BohrM/NobelM][Lucienne]AX200][20H2][BT][BUG-20210122-17361]Off/On BT function then re-connect Huawei AM04S BT headphone, find it lost stereo output.",2021-01-22 10:15:00,NA
587954,QUANTA COMPUTER INC.,NA,QUANTA COMPUTER INC.,Wesley Kuo,"[Huawei][Quanta][BohrM/NobelM][Lucienne]AX200][20H2][BT][BUG-20210122-17361]Off/On BT function then re-connect Huawei AM04S BT headphone, find it lost stereo output.",2021-01-22 10:15:00,NA
587950,QUANTA COMPUTER INC.,NA,QUANTA COMPUTER INC.,Wesley Kuo,"[Huawei][Quanta][BohrM/NobelM][Lucienne]AX200][20H2][BT][BUG-20210122-17361]After re-connect Dacom GF7TWS BT headphone, BT setting changed to Stereo mode, but sound output is from PC side.",2021-01-22 10:05:00,NA
587950,QUANTA COMPUTER INC.,NA,QUANTA COMPUTER INC.,Wesley Kuo,"[Huawei][Quanta][BohrM/NobelM][Lucienne]AX200][20H2][BT][BUG-20210122-17361]After re-connect Dacom GF7TWS BT headphone, BT setting changed to Stereo mode, but sound output is from PC side.",2021-01-22 10:05:00,NA
587950,QUANTA COMPUTER INC.,NA,QUANTA COMPUTER INC.,Wesley Kuo,"[Huawei][Quanta][BohrM/NobelM][Lucienne]AX200][20H2][BT][BUG-20210122-17361]After re-connect Dacom GF7TWS BT headphone, BT setting changed to Stereo mode, but sound output is from PC side.",2021-01-22 10:05:00,NA
587919,GUANGDONG OPPO MOBILE TELECOMMUNICATIONSCORP. LTD.,NA,GUANGDONG OPPO MOBILE TELECOMMUNICATIONSCORP. LTD.,Wesley Kuo,Intel BT Adapater issue in win10 19041,2021-01-22 05:42:00,NA
587919,GUANGDONG OPPO MOBILE TELECOMMUNICATIONSCORP. LTD.,NA,GUANGDONG OPPO MOBILE TELECOMMUNICATIONSCORP. LTD.,Wesley Kuo,Intel BT Adapater issue in win10 19041,2021-01-22 05:42:00,NA
587919,GUANGDONG OPPO MOBILE TELECOMMUNICATIONSCORP. LTD.,NA,GUANGDONG OPPO MOBILE TELECOMMUNICATIONSCORP. LTD.,Wesley Kuo,Intel BT Adapater issue in win10 19041,2021-01-22 05:42:00,NA
587795,PEGATRON CORPORATION,NA,Pegatron Corporation,Franky Yang,"[DELL][CY21 AIO][RKL][AX201]When the system run CB aging, the system will BSOD(DRIVER_POWER_STATE_FAILURE (9f)).",2021-01-21 23:12:00,NA
587795,PEGATRON CORPORATION,NA,Pegatron Corporation,Franky Yang,"[DELL][CY21 AIO][RKL][AX201]When the system run CB aging, the system will BSOD(DRIVER_POWER_STATE_FAILURE (9f)).",2021-01-21 23:12:00,NA
587795,PEGATRON CORPORATION,NA,Pegatron Corporation,Franky Yang,"[DELL][CY21 AIO][RKL][AX201]When the system run CB aging, the system will BSOD(DRIVER_POWER_STATE_FAILURE (9f)).",2021-01-21 23:12:00,NA
587703,"COMPAL ELECTRONICS, INC.",NA,"COMPAL ELECTRONICS, INC.",Brenton Wu,<Acer_Compal><Stonic_RNS> AX200 error event ID 5002 & 5010 while reboot OS,2021-01-21 18:19:00,NA
587703,"COMPAL ELECTRONICS, INC.",NA,"COMPAL ELECTRONICS, INC.",Brenton Wu,<Acer_Compal><Stonic_RNS> AX200 error event ID 5002 & 5010 while reboot OS,2021-01-21 18:19:00,NA
587703,"COMPAL ELECTRONICS, INC.",NA,"COMPAL ELECTRONICS, INC.",Brenton Wu,<Acer_Compal><Stonic_RNS> AX200 error event ID 5002 & 5010 while reboot OS,2021-01-21 18:19:00,NA
587544,"COMPAL ELECTRONICS, INC.",NA,"COMPAL ELECTRONICS, INC.",Wesley Kuo,[Lenovo-ideaPad][Compal][L360][TGL][AX201][20H2]Hands-Free mode will disappear after remove Bluetooth headset during play music.,2021-01-21 02:59:00,NA
587544,"COMPAL ELECTRONICS, INC.",NA,"COMPAL ELECTRONICS, INC.",Wesley Kuo,[Lenovo-ideaPad][Compal][L360][TGL][AX201][20H2]Hands-Free mode will disappear after remove Bluetooth headset during play music.,2021-01-21 02:59:00,NA
587544,"COMPAL ELECTRONICS, INC.",NA,"COMPAL ELECTRONICS, INC.",Wesley Kuo,[Lenovo-ideaPad][Compal][L360][TGL][AX201][20H2]Hands-Free mode will disappear after remove Bluetooth headset during play music.,2021-01-21 02:59:00,NA
587451,QUANTA COMPUTER INC.,NA,QUANTA COMPUTER INC.,Charles P Chu,"[Huawei][Quanta][BohrM]/NobelM[Lucienne][AX200][20H2][WiFi][BUG-20201207-15482] Off/On wifi radio then connect wifi AP, find the Wifi icon in the lower right corner was displayed in a spherical shape.",2021-01-20 23:31:00,NA
587451,QUANTA COMPUTER INC.,NA,QUANTA COMPUTER INC.,Charles P Chu,"[Huawei][Quanta][BohrM]/NobelM[Lucienne][AX200][20H2][WiFi][BUG-20201207-15482] Off/On wifi radio then connect wifi AP, find the Wifi icon in the lower right corner was displayed in a spherical shape.",2021-01-20 23:31:00,NA
587451,QUANTA COMPUTER INC.,NA,QUANTA COMPUTER INC.,Charles P Chu,"[Huawei][Quanta][BohrM]/NobelM[Lucienne][AX200][20H2][WiFi][BUG-20201207-15482] Off/On wifi radio then connect wifi AP, find the Wifi icon in the lower right corner was displayed in a spherical shape.",2021-01-20 23:31:00,NA
587348,"HUAQIN TECHNOLOGY CO., LTD",NA,"Huaqin Technology Co., Ltd",Brandon Yang,[HUAWEI][HUAQIN][Intel TGL][Intel AX201[20H1] The  HUAWEI PC manage failed to call the Bluetooth driver interface,2021-01-20 18:39:00,NA
587348,"HUAQIN TECHNOLOGY CO., LTD",NA,"Huaqin Technology Co., Ltd",Brandon Yang,[HUAWEI][HUAQIN][Intel TGL][Intel AX201[20H1] The  HUAWEI PC manage failed to call the Bluetooth driver interface,2021-01-20 18:39:00,NA
587348,"HUAQIN TECHNOLOGY CO., LTD",NA,"Huaqin Technology Co., Ltd",Brandon Yang,[HUAWEI][HUAQIN][Intel TGL][Intel AX201[20H1] The  HUAWEI PC manage failed to call the Bluetooth driver interface,2021-01-20 18:39:00,NA
587227,"HUAQIN TECHNOLOGY CO., LTD",NA,"Huaqin Technology Co., Ltd",Zhiwei He,[HUAWEI][HUAQIN][AMD Lucience-U][Intel AX200][20H2][WIFI]PC-B connect hotspot occur auto disconnect after PC-A connect AP and open hotspot.,2021-01-20 04:14:00,NA
587227,"HUAQIN TECHNOLOGY CO., LTD",NA,"Huaqin Technology Co., Ltd",Zhiwei He,[HUAWEI][HUAQIN][AMD Lucience-U][Intel AX200][20H2][WIFI]PC-B connect hotspot occur auto disconnect after PC-A connect AP and open hotspot.,2021-01-20 04:14:00,NA
587227,"HUAQIN TECHNOLOGY CO., LTD",NA,"Huaqin Technology Co., Ltd",Zhiwei He,[HUAWEI][HUAQIN][AMD Lucience-U][Intel AX200][20H2][WIFI]PC-B connect hotspot occur auto disconnect after PC-A connect AP and open hotspot.,2021-01-20 04:14:00,NA
587178,"COMPAL ELECTRONICS, INC.",NA,"COMPAL ELECTRONICS, INC.",Charles Yeh,[Dell_Compal_Horizon] Device Manager show Killer(R) WI-FI 6E AX1675W 160MHz Wireless Network Adapter YB when run Coldboot / Warmboot stress test,2021-01-20 01:25:00,NA
587178,"COMPAL ELECTRONICS, INC.",NA,"COMPAL ELECTRONICS, INC.",Charles Yeh,[Dell_Compal_Horizon] Device Manager show Killer(R) WI-FI 6E AX1675W 160MHz Wireless Network Adapter YB when run Coldboot / Warmboot stress test,2021-01-20 01:25:00,NA
587178,"COMPAL ELECTRONICS, INC.",NA,"COMPAL ELECTRONICS, INC.",Charles Yeh,[Dell_Compal_Horizon] Device Manager show Killer(R) WI-FI 6E AX1675W 160MHz Wireless Network Adapter YB when run Coldboot / Warmboot stress test,2021-01-20 01:25:00,NA
587085,"COMPAL ELECTRONICS, INC.",NA,"COMPAL ELECTRONICS, INC.",Zhiqiang Cai,[lenovo AIO]Compal]][V30a-22_24IIL][AC9560][20H2][50%] Sometimes units cannot open Mobile Hotspot when set network band as 5G after connect to internet via 2.4G WiFi or Ethernet.,2021-01-19 22:24:00,NA
587085,"COMPAL ELECTRONICS, INC.",NA,"COMPAL ELECTRONICS, INC.",Zhiqiang Cai,[lenovo AIO]Compal]][V30a-22_24IIL][AC9560][20H2][50%] Sometimes units cannot open Mobile Hotspot when set network band as 5G after connect to internet via 2.4G WiFi or Ethernet.,2021-01-19 22:24:00,NA
587085,"COMPAL ELECTRONICS, INC.",NA,"COMPAL ELECTRONICS, INC.",Zhiqiang Cai,[lenovo AIO]Compal]][V30a-22_24IIL][AC9560][20H2][50%] Sometimes units cannot open Mobile Hotspot when set network band as 5G after connect to internet via 2.4G WiFi or Ethernet.,2021-01-19 22:24:00,NA
586505,"SHANGHAI WINGTECH ELECTRONICS TECHNOLOGYCO., LTD.",NA,"SHANGHAI WINGTECH ELECTRONICS TECHNOLOGYCO., LTD.",Brandon Yang,[Huawei][Wingtech][CurieM][AMD Cezanne][AX200][20H2]Bluetooth device lost after restart DUT while connected multiple Bluetooth devices,2021-01-18 02:59:00,NA
586505,"SHANGHAI WINGTECH ELECTRONICS TECHNOLOGYCO., LTD.",NA,"SHANGHAI WINGTECH ELECTRONICS TECHNOLOGYCO., LTD.",Brandon Yang,[Huawei][Wingtech][CurieM][AMD Cezanne][AX200][20H2]Bluetooth device lost after restart DUT while connected multiple Bluetooth devices,2021-01-18 02:59:00,NA
586505,"SHANGHAI WINGTECH ELECTRONICS TECHNOLOGYCO., LTD.",NA,"SHANGHAI WINGTECH ELECTRONICS TECHNOLOGYCO., LTD.",Brandon Yang,[Huawei][Wingtech][CurieM][AMD Cezanne][AX200][20H2]Bluetooth device lost after restart DUT while connected multiple Bluetooth devices,2021-01-18 02:59:00,NA
586494,"COMPAL ELECTRONICS, INC.",NA,"COMPAL ELECTRONICS, INC.",Wesley Kuo,[Lenovo-ideaPad][Compal][L360][TGL][AX201][20H2]Sound output from unit speaker about 2s then change to BT headset after turn off BT headset 10s then power on.,2021-01-18 02:27:00,NA
586494,"COMPAL ELECTRONICS, INC.",NA,"COMPAL ELECTRONICS, INC.",Wesley Kuo,[Lenovo-ideaPad][Compal][L360][TGL][AX201][20H2]Sound output from unit speaker about 2s then change to BT headset after turn off BT headset 10s then power on.,2021-01-18 02:27:00,NA
586494,"COMPAL ELECTRONICS, INC.",NA,"COMPAL ELECTRONICS, INC.",Wesley Kuo,[Lenovo-ideaPad][Compal][L360][TGL][AX201][20H2]Sound output from unit speaker about 2s then change to BT headset after turn off BT headset 10s then power on.,2021-01-18 02:27:00,NA
586489,"COMPAL ELECTRONICS, INC.",NA,"COMPAL ELECTRONICS, INC.",Wesley Kuo,[Lenovo-ideaPad][Compal][L360][TGL][AX201][20H2]Sound output from unit speaker after turn off BT headset 10s then power on.,2021-01-18 02:12:00,NA
586489,"COMPAL ELECTRONICS, INC.",NA,"COMPAL ELECTRONICS, INC.",Wesley Kuo,[Lenovo-ideaPad][Compal][L360][TGL][AX201][20H2]Sound output from unit speaker after turn off BT headset 10s then power on.,2021-01-18 02:12:00,NA
586489,"COMPAL ELECTRONICS, INC.",NA,"COMPAL ELECTRONICS, INC.",Wesley Kuo,[Lenovo-ideaPad][Compal][L360][TGL][AX201][20H2]Sound output from unit speaker after turn off BT headset 10s then power on.,2021-01-18 02:12:00,NA
586472,"SHENZHEN BITLAND INFORMATION TECHNOLOGYCO., LTD.",NA,"SHENZHEN BITLAND INFORMATION TECHNOLOGYCO., LTD.",Zhiqiang Cai,"[lenovo-Thinkbook][Bitland-SZ][Thinkbook 14P][AMD Ryzen 5/7/9 PRO][AX200][Win10 20H2 19042.685][17/35 units,253/3500 cycles]Wifi stress_reboot ping test fail",2021-01-18 01:17:00,NA
586472,"SHENZHEN BITLAND INFORMATION TECHNOLOGYCO., LTD.",NA,"SHENZHEN BITLAND INFORMATION TECHNOLOGYCO., LTD.",Zhiqiang Cai,"[lenovo-Thinkbook][Bitland-SZ][Thinkbook 14P][AMD Ryzen 5/7/9 PRO][AX200][Win10 20H2 19042.685][17/35 units,253/3500 cycles]Wifi stress_reboot ping test fail",2021-01-18 01:17:00,NA
586472,"SHENZHEN BITLAND INFORMATION TECHNOLOGYCO., LTD.",NA,"SHENZHEN BITLAND INFORMATION TECHNOLOGYCO., LTD.",Zhiqiang Cai,"[lenovo-Thinkbook][Bitland-SZ][Thinkbook 14P][AMD Ryzen 5/7/9 PRO][AX200][Win10 20H2 19042.685][17/35 units,253/3500 cycles]Wifi stress_reboot ping test fail",2021-01-18 01:17:00,NA
586383,"HUAQIN TECHNOLOGY CO., LTD",NA,"Huaqin Technology Co., Ltd",Frank Lee,[Acer][HQ][NB2700][TGL][MP][All SKU]UUT mobile hotspot cannot be searched by other UUTs,2021-01-17 21:53:00,NA
586383,"HUAQIN TECHNOLOGY CO., LTD",NA,"Huaqin Technology Co., Ltd",Frank Lee,[Acer][HQ][NB2700][TGL][MP][All SKU]UUT mobile hotspot cannot be searched by other UUTs,2021-01-17 21:53:00,NA
586383,"HUAQIN TECHNOLOGY CO., LTD",NA,"Huaqin Technology Co., Ltd",Frank Lee,[Acer][HQ][NB2700][TGL][MP][All SKU]UUT mobile hotspot cannot be searched by other UUTs,2021-01-17 21:53:00,NA
586349,"SHANGHAI WINGTECH ELECTRONICS TECHNOLOGYCO., LTD.",NA,"SHANGHAI WINGTECH ELECTRONICS TECHNOLOGYCO., LTD.",Zhiwei He,[Huawei][Wingtech][CurieM][AMD Cezanne][AX200][20H1] [WIFI]The target power of Intel platform has to be limited and debugged,2021-01-17 19:42:00,NA
586349,"SHANGHAI WINGTECH ELECTRONICS TECHNOLOGYCO., LTD.",NA,"SHANGHAI WINGTECH ELECTRONICS TECHNOLOGYCO., LTD.",Zhiwei He,[Huawei][Wingtech][CurieM][AMD Cezanne][AX200][20H1] [WIFI]The target power of Intel platform has to be limited and debugged,2021-01-17 19:42:00,NA
586349,"SHANGHAI WINGTECH ELECTRONICS TECHNOLOGYCO., LTD.",NA,"SHANGHAI WINGTECH ELECTRONICS TECHNOLOGYCO., LTD.",Zhiwei He,[Huawei][Wingtech][CurieM][AMD Cezanne][AX200][20H1] [WIFI]The target power of Intel platform has to be limited and debugged,2021-01-17 19:42:00,NA
586293,QUANTA COMPUTER INC.,NA,QUANTA COMPUTER INC.,Wesley Kuo,[Huawei][Quanta][EulerD][TGL-UP4][AX201][BT][20H2][BUG-20210115-17129] BT file transfer process and music lag.,2021-01-17 18:56:00,NA
586293,QUANTA COMPUTER INC.,NA,QUANTA COMPUTER INC.,Wesley Kuo,[Huawei][Quanta][EulerD][TGL-UP4][AX201][BT][20H2][BUG-20210115-17129] BT file transfer process and music lag.,2021-01-17 18:56:00,NA
586293,QUANTA COMPUTER INC.,NA,QUANTA COMPUTER INC.,Wesley Kuo,[Huawei][Quanta][EulerD][TGL-UP4][AX201][BT][20H2][BUG-20210115-17129] BT file transfer process and music lag.,2021-01-17 18:56:00,NA
586291,"HUAQIN TECHNOLOGY CO., LTD",NA,"Huaqin Technology Co., Ltd",Steven ZY Chen,"[Huaqin][MI A18S][AMD-Luc]Bluetooth show Yellow Mark(Unknown USB Device, error code 43 ) when running Cold boot cycling.",2021-01-17 18:55:00,NA
586291,"HUAQIN TECHNOLOGY CO., LTD",NA,"Huaqin Technology Co., Ltd",Steven ZY Chen,"[Huaqin][MI A18S][AMD-Luc]Bluetooth show Yellow Mark(Unknown USB Device, error code 43 ) when running Cold boot cycling.",2021-01-17 18:55:00,NA
586291,"HUAQIN TECHNOLOGY CO., LTD",NA,"Huaqin Technology Co., Ltd",Steven ZY Chen,"[Huaqin][MI A18S][AMD-Luc]Bluetooth show Yellow Mark(Unknown USB Device, error code 43 ) when running Cold boot cycling.",2021-01-17 18:55:00,NA
586279,"HUAQIN TECHNOLOGY CO., LTD",NA,"Huaqin Technology Co., Ltd",Brandon Yang,"[HUAWEI][HUAQIN][MACHC][Intel CML][Intel 9560[19H2][BT]The mobile phone terminal sends the broadcast all the time, why can't the PC receive the broadcast",2021-01-17 18:32:00,NA
586279,"HUAQIN TECHNOLOGY CO., LTD",NA,"Huaqin Technology Co., Ltd",Brandon Yang,"[HUAWEI][HUAQIN][MACHC][Intel CML][Intel 9560[19H2][BT]The mobile phone terminal sends the broadcast all the time, why can't the PC receive the broadcast",2021-01-17 18:32:00,NA
586279,"HUAQIN TECHNOLOGY CO., LTD",NA,"Huaqin Technology Co., Ltd",Brandon Yang,"[HUAWEI][HUAQIN][MACHC][Intel CML][Intel 9560[19H2][BT]The mobile phone terminal sends the broadcast all the time, why can't the PC receive the broadcast",2021-01-17 18:32:00,NA
586260,"HUAQIN TECHNOLOGY CO., LTD",NA,"Huaqin Technology Co., Ltd",Brandon Yang,[HUAWEI][HUAQIN][MACHD][Intel TGL][Intel AX201[20H1][BT]The PC sends broadcasts sometimes without success,2021-01-17 17:55:00,NA
586260,"HUAQIN TECHNOLOGY CO., LTD",NA,"Huaqin Technology Co., Ltd",Brandon Yang,[HUAWEI][HUAQIN][MACHD][Intel TGL][Intel AX201[20H1][BT]The PC sends broadcasts sometimes without success,2021-01-17 17:55:00,NA
586260,"HUAQIN TECHNOLOGY CO., LTD",NA,"Huaqin Technology Co., Ltd",Brandon Yang,[HUAWEI][HUAQIN][MACHD][Intel TGL][Intel AX201[20H1][BT]The PC sends broadcasts sometimes without success,2021-01-17 17:55:00,NA
586125,"HUAQIN TECHNOLOGY CO., LTD",NA,"Huaqin Technology Co., Ltd",Brandon Yang,[HUAWEI][HUAQIN][MACHD][Intel TGL][Intel AX201[20H2][BT]found BT mouse cannot move during PC and PC transfer file via BT.,2021-01-15 05:29:00,NA
586125,"HUAQIN TECHNOLOGY CO., LTD",NA,"Huaqin Technology Co., Ltd",Brandon Yang,[HUAWEI][HUAQIN][MACHD][Intel TGL][Intel AX201[20H2][BT]found BT mouse cannot move during PC and PC transfer file via BT.,2021-01-15 05:29:00,NA
586125,"HUAQIN TECHNOLOGY CO., LTD",NA,"Huaqin Technology Co., Ltd",Brandon Yang,[HUAWEI][HUAQIN][MACHD][Intel TGL][Intel AX201[20H2][BT]found BT mouse cannot move during PC and PC transfer file via BT.,2021-01-15 05:29:00,NA
586118,"HUAQIN TECHNOLOGY CO., LTD",NA,"Huaqin Technology Co., Ltd",Wesley Kuo,[HUAWEI][HUAQIN][MACHD][Intel TGL][Intel AX201[20H2][BT]BT mouse lag and BT headset sound lag during connect BT mouse to move and connect BT headset to listen to music,2021-01-15 04:53:00,NA
586118,"HUAQIN TECHNOLOGY CO., LTD",NA,"Huaqin Technology Co., Ltd",Wesley Kuo,[HUAWEI][HUAQIN][MACHD][Intel TGL][Intel AX201[20H2][BT]BT mouse lag and BT headset sound lag during connect BT mouse to move and connect BT headset to listen to music,2021-01-15 04:53:00,NA
586118,"HUAQIN TECHNOLOGY CO., LTD",NA,"Huaqin Technology Co., Ltd",Wesley Kuo,[HUAWEI][HUAQIN][MACHD][Intel TGL][Intel AX201[20H2][BT]BT mouse lag and BT headset sound lag during connect BT mouse to move and connect BT headset to listen to music,2021-01-15 04:53:00,NA
586103,"HUAQIN TECHNOLOGY CO., LTD",NA,"Huaqin Technology Co., Ltd",Wesley Kuo,[HUAWEI][HUAQIN][MACHD][Intel TGL][Intel AX201[20H2][BT]idle system and BT mouse lag after wait a moment  during multiple cooperating screen PC and mobile phone via PC manage and connect BT mouse,2021-01-15 04:06:00,NA
586103,"HUAQIN TECHNOLOGY CO., LTD",NA,"Huaqin Technology Co., Ltd",Wesley Kuo,[HUAWEI][HUAQIN][MACHD][Intel TGL][Intel AX201[20H2][BT]idle system and BT mouse lag after wait a moment  during multiple cooperating screen PC and mobile phone via PC manage and connect BT mouse,2021-01-15 04:06:00,NA
586103,"HUAQIN TECHNOLOGY CO., LTD",NA,"Huaqin Technology Co., Ltd",Wesley Kuo,[HUAWEI][HUAQIN][MACHD][Intel TGL][Intel AX201[20H2][BT]idle system and BT mouse lag after wait a moment  during multiple cooperating screen PC and mobile phone via PC manage and connect BT mouse,2021-01-15 04:06:00,NA
585934,"ASIA VITAL COMPONENTS CO., LTD.",NA,"ASIA VITAL COMPONENTS CO., LTD.",Zhiqiang Cai,[Lenovo-DT][AX210QS][RKL][DRTU] Intel DRTU tool wifi TX error with AX210NGW,2021-01-14 20:31:00,NA
585934,"ASIA VITAL COMPONENTS CO., LTD.",NA,"ASIA VITAL COMPONENTS CO., LTD.",Zhiqiang Cai,[Lenovo-DT][AX210QS][RKL][DRTU] Intel DRTU tool wifi TX error with AX210NGW,2021-01-14 20:31:00,NA
585934,"ASIA VITAL COMPONENTS CO., LTD.",NA,"ASIA VITAL COMPONENTS CO., LTD.",Zhiqiang Cai,[Lenovo-DT][AX210QS][RKL][DRTU] Intel DRTU tool wifi TX error with AX210NGW,2021-01-14 20:31:00,NA
585911,"SHANGHAI WINGTECH ELECTRONICS TECHNOLOGYCO., LTD.",NA,"SHANGHAI WINGTECH ELECTRONICS TECHNOLOGYCO., LTD.",Brandon Yang,[Huawei][Wingtech][CurieM][AMD Cezanne][AX200][20H2]Failed to search for a  BT keyboard,2021-01-14 19:14:00,NA
585911,"SHANGHAI WINGTECH ELECTRONICS TECHNOLOGYCO., LTD.",NA,"SHANGHAI WINGTECH ELECTRONICS TECHNOLOGYCO., LTD.",Brandon Yang,[Huawei][Wingtech][CurieM][AMD Cezanne][AX200][20H2]Failed to search for a  BT keyboard,2021-01-14 19:14:00,NA
585911,"SHANGHAI WINGTECH ELECTRONICS TECHNOLOGYCO., LTD.",NA,"SHANGHAI WINGTECH ELECTRONICS TECHNOLOGYCO., LTD.",Brandon Yang,[Huawei][Wingtech][CurieM][AMD Cezanne][AX200][20H2]Failed to search for a  BT keyboard,2021-01-14 19:14:00,NA
585907,"SHANGHAI WINGTECH ELECTRONICS TECHNOLOGYCO., LTD.",NA,"SHANGHAI WINGTECH ELECTRONICS TECHNOLOGYCO., LTD.",Zhiwei He,[Huawei][Wingtech][CurieM][AMD Cezanne][AX200][20H2]Can not connect to a AP after boot to desktop?NIC error?.,2021-01-14 19:09:00,NA
585907,"SHANGHAI WINGTECH ELECTRONICS TECHNOLOGYCO., LTD.",NA,"SHANGHAI WINGTECH ELECTRONICS TECHNOLOGYCO., LTD.",Zhiwei He,[Huawei][Wingtech][CurieM][AMD Cezanne][AX200][20H2]Can not connect to a AP after boot to desktop?NIC error?.,2021-01-14 19:09:00,NA
585907,"SHANGHAI WINGTECH ELECTRONICS TECHNOLOGYCO., LTD.",NA,"SHANGHAI WINGTECH ELECTRONICS TECHNOLOGYCO., LTD.",Zhiwei He,[Huawei][Wingtech][CurieM][AMD Cezanne][AX200][20H2]Can not connect to a AP after boot to desktop?NIC error?.,2021-01-14 19:09:00,NA
585754,QUANTA COMPUTER INC.,NA,QUANTA COMPUTER INC.,Brandon Yang,[Huawei][Quanta][BohrM/NobelM][Lucienne]AX200][20H2][BT][804707870] PC manager call BT driver fail.,2021-01-14 02:47:00,NA
585754,QUANTA COMPUTER INC.,NA,QUANTA COMPUTER INC.,Brandon Yang,[Huawei][Quanta][BohrM/NobelM][Lucienne]AX200][20H2][BT][804707870] PC manager call BT driver fail.,2021-01-14 02:47:00,NA
585754,QUANTA COMPUTER INC.,NA,QUANTA COMPUTER INC.,Brandon Yang,[Huawei][Quanta][BohrM/NobelM][Lucienne]AX200][20H2][BT][804707870] PC manager call BT driver fail.,2021-01-14 02:47:00,NA
585712,PEGATRON CORPORATION,NA,Pegatron Corporation,Frank Lee,"[PEGA/EPSON][Tiger Lake UP3 20H1][""Microsoft Wi-Fi Direct Virtual Adapter"" will sporadic show yellow mark during S4 aging or wake from Modern Standby.]",2021-01-14 01:03:00,NA
585712,PEGATRON CORPORATION,NA,Pegatron Corporation,Frank Lee,"[PEGA/EPSON][Tiger Lake UP3 20H1][""Microsoft Wi-Fi Direct Virtual Adapter"" will sporadic show yellow mark during S4 aging or wake from Modern Standby.]",2021-01-14 01:03:00,NA
585712,PEGATRON CORPORATION,NA,Pegatron Corporation,Frank Lee,"[PEGA/EPSON][Tiger Lake UP3 20H1][""Microsoft Wi-Fi Direct Virtual Adapter"" will sporadic show yellow mark during S4 aging or wake from Modern Standby.]",2021-01-14 01:03:00,NA
585659,QUANTA COMPUTER INC.,NA,QUANTA COMPUTER INC.,Wesley Kuo,[Huawei][Quanta][EulerD][TGL-U][AX201][20H2][BT][BUG-20210113-17029/804706485] Cannot re-pair FreeBuds headphone successfully.,2021-01-13 22:57:00,NA
585659,QUANTA COMPUTER INC.,NA,QUANTA COMPUTER INC.,Wesley Kuo,[Huawei][Quanta][EulerD][TGL-U][AX201][20H2][BT][BUG-20210113-17029/804706485] Cannot re-pair FreeBuds headphone successfully.,2021-01-13 22:57:00,NA
585659,QUANTA COMPUTER INC.,NA,QUANTA COMPUTER INC.,Wesley Kuo,[Huawei][Quanta][EulerD][TGL-U][AX201][20H2][BT][BUG-20210113-17029/804706485] Cannot re-pair FreeBuds headphone successfully.,2021-01-13 22:57:00,NA
585585,"ASIA VITAL COMPONENTS CO., LTD.",NA,"ASIA VITAL COMPONENTS CO., LTD.",Zhiqiang Cai,[Lenovo-DT][AVC][M90a Gen2][RKL-S] Intel DRTU cannot run with AX210NGW,2021-01-13 19:23:00,NA
585585,"ASIA VITAL COMPONENTS CO., LTD.",NA,"ASIA VITAL COMPONENTS CO., LTD.",Zhiqiang Cai,[Lenovo-DT][AVC][M90a Gen2][RKL-S] Intel DRTU cannot run with AX210NGW,2021-01-13 19:23:00,NA
585585,"ASIA VITAL COMPONENTS CO., LTD.",NA,"ASIA VITAL COMPONENTS CO., LTD.",Zhiqiang Cai,[Lenovo-DT][AVC][M90a Gen2][RKL-S] Intel DRTU cannot run with AX210NGW,2021-01-13 19:23:00,NA
585425,"COMPAL ELECTRONICS, INC.",NA,"COMPAL ELECTRONICS, INC.",Leo Chiang,"[Dell][[Compal][ROMA][PIMS-26388] DVT1_Italia TGL_ Application _ 'BoBo"" Noise	 output from Speaker during calls via DMC",2021-01-13 03:43:00,NA
585425,"COMPAL ELECTRONICS, INC.",NA,"COMPAL ELECTRONICS, INC.",Leo Chiang,"[Dell][[Compal][ROMA][PIMS-26388] DVT1_Italia TGL_ Application _ 'BoBo"" Noise	 output from Speaker during calls via DMC",2021-01-13 03:43:00,NA
585425,"COMPAL ELECTRONICS, INC.",NA,"COMPAL ELECTRONICS, INC.",Leo Chiang,"[Dell][[Compal][ROMA][PIMS-26388] DVT1_Italia TGL_ Application _ 'BoBo"" Noise	 output from Speaker during calls via DMC",2021-01-13 03:43:00,NA
585406,QUANTA COMPUTER INC.,NA,QUANTA COMPUTER INC.,Brandon Yang,[Huawei][Quanta][EulerD][TGL-U][AX201][20H2][BT][BUG-20210113-17048] Move BLE mouse can find BT headphone lag after connected 2.4G wifi to play online video.,2021-01-13 02:38:00,NA
585406,QUANTA COMPUTER INC.,NA,QUANTA COMPUTER INC.,Brandon Yang,[Huawei][Quanta][EulerD][TGL-U][AX201][20H2][BT][BUG-20210113-17048] Move BLE mouse can find BT headphone lag after connected 2.4G wifi to play online video.,2021-01-13 02:38:00,NA
585406,QUANTA COMPUTER INC.,NA,QUANTA COMPUTER INC.,Brandon Yang,[Huawei][Quanta][EulerD][TGL-U][AX201][20H2][BT][BUG-20210113-17048] Move BLE mouse can find BT headphone lag after connected 2.4G wifi to play online video.,2021-01-13 02:38:00,NA
585322,"COMPAL ELECTRONICS, INC.",NA,"COMPAL ELECTRONICS, INC.",Charles Yeh,[ASUS_AIO compal][A5401WRA_CML-S][AX200 2230/8265 22.20.0.6][20H2] Units cannot connect to the Wi-Fi with the wireless security mode of WEP 64/128 shared key.,2021-01-12 23:56:00,NA
585322,"COMPAL ELECTRONICS, INC.",NA,"COMPAL ELECTRONICS, INC.",Charles Yeh,[ASUS_AIO compal][A5401WRA_CML-S][AX200 2230/8265 22.20.0.6][20H2] Units cannot connect to the Wi-Fi with the wireless security mode of WEP 64/128 shared key.,2021-01-12 23:56:00,NA
585322,"COMPAL ELECTRONICS, INC.",NA,"COMPAL ELECTRONICS, INC.",Charles Yeh,[ASUS_AIO compal][A5401WRA_CML-S][AX200 2230/8265 22.20.0.6][20H2] Units cannot connect to the Wi-Fi with the wireless security mode of WEP 64/128 shared key.,2021-01-12 23:56:00,NA
585249,"SHANGHAI WINGTECH ELECTRONICS TECHNOLOGYCO., LTD.",NA,"SHANGHAI WINGTECH ELECTRONICS TECHNOLOGYCO., LTD.",Brandon Yang,[Huawei][Wingtech][CurieM][AMD Cezanne][AX200][20H2]Sometimes Bluetooth keyboard devices take a lot of time to full clear delete in bluetooth and other devices setting interface.,2021-01-12 21:22:00,NA
585249,"SHANGHAI WINGTECH ELECTRONICS TECHNOLOGYCO., LTD.",NA,"SHANGHAI WINGTECH ELECTRONICS TECHNOLOGYCO., LTD.",Brandon Yang,[Huawei][Wingtech][CurieM][AMD Cezanne][AX200][20H2]Sometimes Bluetooth keyboard devices take a lot of time to full clear delete in bluetooth and other devices setting interface.,2021-01-12 21:22:00,NA
585249,"SHANGHAI WINGTECH ELECTRONICS TECHNOLOGYCO., LTD.",NA,"SHANGHAI WINGTECH ELECTRONICS TECHNOLOGYCO., LTD.",Brandon Yang,[Huawei][Wingtech][CurieM][AMD Cezanne][AX200][20H2]Sometimes Bluetooth keyboard devices take a lot of time to full clear delete in bluetooth and other devices setting interface.,2021-01-12 21:22:00,NA
584978,"SHANGHAI WINGTECH ELECTRONICS TECHNOLOGYCO., LTD.",NA,"SHANGHAI WINGTECH ELECTRONICS TECHNOLOGYCO., LTD.",Zhiwei He,[Huawei][Wingtech][CurieM][AMD Cezanne][AX200][20H2]DUT WIFI device lost after disable/enable in devices manager.,2021-01-12 00:51:00,NA
584978,"SHANGHAI WINGTECH ELECTRONICS TECHNOLOGYCO., LTD.",NA,"SHANGHAI WINGTECH ELECTRONICS TECHNOLOGYCO., LTD.",Zhiwei He,[Huawei][Wingtech][CurieM][AMD Cezanne][AX200][20H2]DUT WIFI device lost after disable/enable in devices manager.,2021-01-12 00:51:00,NA
584978,"SHANGHAI WINGTECH ELECTRONICS TECHNOLOGYCO., LTD.",NA,"SHANGHAI WINGTECH ELECTRONICS TECHNOLOGYCO., LTD.",Zhiwei He,[Huawei][Wingtech][CurieM][AMD Cezanne][AX200][20H2]DUT WIFI device lost after disable/enable in devices manager.,2021-01-12 00:51:00,NA
584641,"SHANGHAI WINGTECH ELECTRONICS TECHNOLOGYCO., LTD.",NA,"SHANGHAI WINGTECH ELECTRONICS TECHNOLOGYCO., LTD.",Zhiwei He,"[Huawei][Wingtech][CurieM][AMD Cezanne][AX200][20H1] [WIFI]When signaling tests, directly test the Chinese region, and the corresponding power of Ru is correct. H2OSDE-Wx64.exe cuts BIOS to CN, Ant Tool to CB, and tests FAIL. See the attached test results",2021-01-11 01:10:00,NA
584641,"SHANGHAI WINGTECH ELECTRONICS TECHNOLOGYCO., LTD.",NA,"SHANGHAI WINGTECH ELECTRONICS TECHNOLOGYCO., LTD.",Zhiwei He,"[Huawei][Wingtech][CurieM][AMD Cezanne][AX200][20H1] [WIFI]When signaling tests, directly test the Chinese region, and the corresponding power of Ru is correct. H2OSDE-Wx64.exe cuts BIOS to CN, Ant Tool to CB, and tests FAIL. See the attached test results",2021-01-11 01:10:00,NA
584641,"SHANGHAI WINGTECH ELECTRONICS TECHNOLOGYCO., LTD.",NA,"SHANGHAI WINGTECH ELECTRONICS TECHNOLOGYCO., LTD.",Zhiwei He,"[Huawei][Wingtech][CurieM][AMD Cezanne][AX200][20H1] [WIFI]When signaling tests, directly test the Chinese region, and the corresponding power of Ru is correct. H2OSDE-Wx64.exe cuts BIOS to CN, Ant Tool to CB, and tests FAIL. See the attached test results",2021-01-11 01:10:00,NA
584533,"HUAQIN TECHNOLOGY CO., LTD",NA,"Huaqin Technology Co., Ltd",Zhiwei He,[HUAWEI][HUAQIN][AMD Lucienne-U][Intel AX200][20H2][WIFI]PC cannot projecting to external monitor via Miracast device,2021-01-10 21:02:00,NA
584533,"HUAQIN TECHNOLOGY CO., LTD",NA,"Huaqin Technology Co., Ltd",Zhiwei He,[HUAWEI][HUAQIN][AMD Lucienne-U][Intel AX200][20H2][WIFI]PC cannot projecting to external monitor via Miracast device,2021-01-10 21:02:00,NA
584533,"HUAQIN TECHNOLOGY CO., LTD",NA,"Huaqin Technology Co., Ltd",Zhiwei He,[HUAWEI][HUAQIN][AMD Lucienne-U][Intel AX200][20H2][WIFI]PC cannot projecting to external monitor via Miracast device,2021-01-10 21:02:00,NA
584466,"HUAQIN TECHNOLOGY CO., LTD",NA,"Huaqin Technology Co., Ltd",Leo Chiang,[Huaqin][Asus_UX325SA][AMD_Cezanne] Intel Bluetooth show yellow bang when remove BT device,2021-01-10 18:36:00,NA
584466,"HUAQIN TECHNOLOGY CO., LTD",NA,"Huaqin Technology Co., Ltd",Leo Chiang,[Huaqin][Asus_UX325SA][AMD_Cezanne] Intel Bluetooth show yellow bang when remove BT device,2021-01-10 18:36:00,NA
584466,"HUAQIN TECHNOLOGY CO., LTD",NA,"Huaqin Technology Co., Ltd",Leo Chiang,[Huaqin][Asus_UX325SA][AMD_Cezanne] Intel Bluetooth show yellow bang when remove BT device,2021-01-10 18:36:00,NA
584327,QUANTA COMPUTER INC.,NA,QUANTA COMPUTER INC.,Brandon Yang,[Huawei][Quanta][Euler][CML-H[AX201][BT][20H2][804693291]AF30 mouse lag.,2021-01-08 02:58:00,NA
584327,QUANTA COMPUTER INC.,NA,QUANTA COMPUTER INC.,Brandon Yang,[Huawei][Quanta][Euler][CML-H[AX201][BT][20H2][804693291]AF30 mouse lag.,2021-01-08 02:58:00,NA
584327,QUANTA COMPUTER INC.,NA,QUANTA COMPUTER INC.,Brandon Yang,[Huawei][Quanta][Euler][CML-H[AX201][BT][20H2][804693291]AF30 mouse lag.,2021-01-08 02:58:00,NA
584322,QUANTA COMPUTER INC.,NA,QUANTA COMPUTER INC.,Wesley Kuo,[Huawei][Quanta][AMD Ryzen][AX200][20H2][BT] HUAWEI Sound(?????) re-connect fail.,2021-01-08 02:37:00,NA
584322,QUANTA COMPUTER INC.,NA,QUANTA COMPUTER INC.,Wesley Kuo,[Huawei][Quanta][AMD Ryzen][AX200][20H2][BT] HUAWEI Sound(?????) re-connect fail.,2021-01-08 02:37:00,NA
584322,QUANTA COMPUTER INC.,NA,QUANTA COMPUTER INC.,Wesley Kuo,[Huawei][Quanta][AMD Ryzen][AX200][20H2][BT] HUAWEI Sound(?????) re-connect fail.,2021-01-08 02:37:00,NA
584240,"HUAQIN TECHNOLOGY CO., LTD",NA,"Huaqin Technology Co., Ltd",Wesley Kuo,[Acer][Piano_CM] Intel BT driver 22.0.0.2 WU request is rejected by MSFT,2021-01-07 22:56:00,NA
584240,"HUAQIN TECHNOLOGY CO., LTD",NA,"Huaqin Technology Co., Ltd",Wesley Kuo,[Acer][Piano_CM] Intel BT driver 22.0.0.2 WU request is rejected by MSFT,2021-01-07 22:56:00,NA
584240,"HUAQIN TECHNOLOGY CO., LTD",NA,"Huaqin Technology Co., Ltd",Wesley Kuo,[Acer][Piano_CM] Intel BT driver 22.0.0.2 WU request is rejected by MSFT,2021-01-07 22:56:00,NA
584155,ACER INCORPORATED,NA,ACER INCORPORATED,Frank Lee,[Lotus_DA] The OS raise error after Intel WLAN inbox driver installation (Intel 3168),2021-01-07 18:36:00,NA
584155,ACER INCORPORATED,NA,ACER INCORPORATED,Frank Lee,[Lotus_DA] The OS raise error after Intel WLAN inbox driver installation (Intel 3168),2021-01-07 18:36:00,NA
584155,ACER INCORPORATED,NA,ACER INCORPORATED,Frank Lee,[Lotus_DA] The OS raise error after Intel WLAN inbox driver installation (Intel 3168),2021-01-07 18:36:00,NA
584006,"SHANGHAI WINGTECH ELECTRONICS TECHNOLOGYCO., LTD.",NA,"SHANGHAI WINGTECH ELECTRONICS TECHNOLOGYCO., LTD.",Brandon Yang,[Huawei][Wingtech][CurieM][AMD Cezanne][AX200][20H2]DUT can't re-Connect the Airpods A1602 while  it was close to DUT,2021-01-07 01:37:00,NA
584006,"SHANGHAI WINGTECH ELECTRONICS TECHNOLOGYCO., LTD.",NA,"SHANGHAI WINGTECH ELECTRONICS TECHNOLOGYCO., LTD.",Brandon Yang,[Huawei][Wingtech][CurieM][AMD Cezanne][AX200][20H2]DUT can't re-Connect the Airpods A1602 while  it was close to DUT,2021-01-07 01:37:00,NA
584006,"SHANGHAI WINGTECH ELECTRONICS TECHNOLOGYCO., LTD.",NA,"SHANGHAI WINGTECH ELECTRONICS TECHNOLOGYCO., LTD.",Brandon Yang,[Huawei][Wingtech][CurieM][AMD Cezanne][AX200][20H2]DUT can't re-Connect the Airpods A1602 while  it was close to DUT,2021-01-07 01:37:00,NA
583940,WISTRON CORPORATION,NA,WISTRON CORPORATION,Frank Lee,Wistron][Xiaomi][A34/A35/A34S/A35S] CPT for WIFI T-put fail,2021-01-06 23:52:00,NA
583940,WISTRON CORPORATION,NA,WISTRON CORPORATION,Frank Lee,Wistron][Xiaomi][A34/A35/A34S/A35S] CPT for WIFI T-put fail,2021-01-06 23:52:00,NA
583940,WISTRON CORPORATION,NA,WISTRON CORPORATION,Frank Lee,Wistron][Xiaomi][A34/A35/A34S/A35S] CPT for WIFI T-put fail,2021-01-06 23:52:00,NA
583932,"HUAQIN TECHNOLOGY CO., LTD",NA,"Huaqin Technology Co., Ltd",Zhiwei He,[HUAWEI][HUAQIN][MACHD][Intel TGL][Intel  AX201[20H2]This hotspot cannot be saved when setting hotspot SSID exist space,2021-01-06 23:31:00,NA
583932,"HUAQIN TECHNOLOGY CO., LTD",NA,"Huaqin Technology Co., Ltd",Zhiwei He,[HUAWEI][HUAQIN][MACHD][Intel TGL][Intel  AX201[20H2]This hotspot cannot be saved when setting hotspot SSID exist space,2021-01-06 23:31:00,NA
583932,"HUAQIN TECHNOLOGY CO., LTD",NA,"Huaqin Technology Co., Ltd",Zhiwei He,[HUAWEI][HUAQIN][MACHD][Intel TGL][Intel  AX201[20H2]This hotspot cannot be saved when setting hotspot SSID exist space,2021-01-06 23:31:00,NA
583868,"EDIMAX TECHNOLOGY CO., LTD.",NA,"EDIMAX TECHNOLOGY CO., LTD.",Charles Yeh,[ASUS][Edimax]AX200 module on PCIe riser card of ASPM L1.1/L1.2 state issue,2021-01-06 19:52:00,NA
583868,"EDIMAX TECHNOLOGY CO., LTD.",NA,"EDIMAX TECHNOLOGY CO., LTD.",Charles Yeh,[ASUS][Edimax]AX200 module on PCIe riser card of ASPM L1.1/L1.2 state issue,2021-01-06 19:52:00,NA
583868,"EDIMAX TECHNOLOGY CO., LTD.",NA,"EDIMAX TECHNOLOGY CO., LTD.",Charles Yeh,[ASUS][Edimax]AX200 module on PCIe riser card of ASPM L1.1/L1.2 state issue,2021-01-06 19:52:00,NA
583651,"COMPAL ELECTRONICS, INC.",NA,"COMPAL ELECTRONICS, INC.",Franky Yang,[Dell/Compal] GDP53 reduce SAR power setting discuss,2021-01-06 01:45:00,NA
583651,"COMPAL ELECTRONICS, INC.",NA,"COMPAL ELECTRONICS, INC.",Franky Yang,[Dell/Compal] GDP53 reduce SAR power setting discuss,2021-01-06 01:45:00,NA
583651,"COMPAL ELECTRONICS, INC.",NA,"COMPAL ELECTRONICS, INC.",Franky Yang,[Dell/Compal] GDP53 reduce SAR power setting discuss,2021-01-06 01:45:00,NA
583636,"EDIMAX TECHNOLOGY CO., LTD.",NA,"EDIMAX TECHNOLOGY CO., LTD.",Charles Yeh,[ASUS][Edimax]AX200 connect to Radius WPA-AES-Smart card got a error message,2021-01-06 01:07:00,NA
583636,"EDIMAX TECHNOLOGY CO., LTD.",NA,"EDIMAX TECHNOLOGY CO., LTD.",Charles Yeh,[ASUS][Edimax]AX200 connect to Radius WPA-AES-Smart card got a error message,2021-01-06 01:07:00,NA
583636,"EDIMAX TECHNOLOGY CO., LTD.",NA,"EDIMAX TECHNOLOGY CO., LTD.",Charles Yeh,[ASUS][Edimax]AX200 connect to Radius WPA-AES-Smart card got a error message,2021-01-06 01:07:00,NA
583514,"SHANGHAI WINGTECH ELECTRONICS TECHNOLOGYCO., LTD.",NA,"SHANGHAI WINGTECH ELECTRONICS TECHNOLOGYCO., LTD.",Brandon Yang,[Huawei][Wingtech][CurieM][AMD Cezanne][AX200][20H2]Bluetooth function lost after restart DUT while connected multiple Bluetooth devices,2021-01-05 21:37:00,NA
583514,"SHANGHAI WINGTECH ELECTRONICS TECHNOLOGYCO., LTD.",NA,"SHANGHAI WINGTECH ELECTRONICS TECHNOLOGYCO., LTD.",Brandon Yang,[Huawei][Wingtech][CurieM][AMD Cezanne][AX200][20H2]Bluetooth function lost after restart DUT while connected multiple Bluetooth devices,2021-01-05 21:37:00,NA
583514,"SHANGHAI WINGTECH ELECTRONICS TECHNOLOGYCO., LTD.",NA,"SHANGHAI WINGTECH ELECTRONICS TECHNOLOGYCO., LTD.",Brandon Yang,[Huawei][Wingtech][CurieM][AMD Cezanne][AX200][20H2]Bluetooth function lost after restart DUT while connected multiple Bluetooth devices,2021-01-05 21:37:00,NA
583485,"COMPAL ELECTRONICS, INC.",NA,"COMPAL ELECTRONICS, INC.",Franky Yang,[Dell/compal] GDP53 RSE test a and ax 5700 conductive fail,2021-01-05 20:06:00,NA
583485,"COMPAL ELECTRONICS, INC.",NA,"COMPAL ELECTRONICS, INC.",Franky Yang,[Dell/compal] GDP53 RSE test a and ax 5700 conductive fail,2021-01-05 20:06:00,NA
583485,"COMPAL ELECTRONICS, INC.",NA,"COMPAL ELECTRONICS, INC.",Franky Yang,[Dell/compal] GDP53 RSE test a and ax 5700 conductive fail,2021-01-05 20:06:00,NA
583468,"HUAQIN TECHNOLOGY CO., LTD",NA,"Huaqin Technology Co., Ltd",Zhiwei He,[HUAWEI][HUAQIN][MACHD][Intel TGL][Intel AX201[20H2]TV image occur lag during PC projecting  XiaoMi TV and play local video,2021-01-05 19:22:00,NA
583468,"HUAQIN TECHNOLOGY CO., LTD",NA,"Huaqin Technology Co., Ltd",Zhiwei He,[HUAWEI][HUAQIN][MACHD][Intel TGL][Intel AX201[20H2]TV image occur lag during PC projecting  XiaoMi TV and play local video,2021-01-05 19:22:00,NA
583468,"HUAQIN TECHNOLOGY CO., LTD",NA,"Huaqin Technology Co., Ltd",Zhiwei He,[HUAWEI][HUAQIN][MACHD][Intel TGL][Intel AX201[20H2]TV image occur lag during PC projecting  XiaoMi TV and play local video,2021-01-05 19:22:00,NA
583281,WISTRON CORPORATION,NA,WISTRON CORPORATION,Leo Chiang,[Dell/Wistron/Cyborg_TGL-H] BSOD (DRIVER_POWER_STATE_FAILURE (0x9F_3_IMAGE_UsbHub3.sys)) when restart with 4K 60Hz HDMI monitor connected,2021-01-05 02:32:00,NA
583281,WISTRON CORPORATION,NA,WISTRON CORPORATION,Leo Chiang,[Dell/Wistron/Cyborg_TGL-H] BSOD (DRIVER_POWER_STATE_FAILURE (0x9F_3_IMAGE_UsbHub3.sys)) when restart with 4K 60Hz HDMI monitor connected,2021-01-05 02:32:00,NA
583281,WISTRON CORPORATION,NA,WISTRON CORPORATION,Leo Chiang,[Dell/Wistron/Cyborg_TGL-H] BSOD (DRIVER_POWER_STATE_FAILURE (0x9F_3_IMAGE_UsbHub3.sys)) when restart with 4K 60Hz HDMI monitor connected,2021-01-05 02:32:00,NA
583125,"SHANGHAI WINGTECH ELECTRONICS TECHNOLOGYCO., LTD.",NA,"SHANGHAI WINGTECH ELECTRONICS TECHNOLOGYCO., LTD.",Brandon Yang,[Huawei][Wingtech][CurieM][AMD Cezanne][AX200][20H1]The Bluetooth mouse disconnect after resume S4,2021-01-04 19:07:00,NA
583125,"SHANGHAI WINGTECH ELECTRONICS TECHNOLOGYCO., LTD.",NA,"SHANGHAI WINGTECH ELECTRONICS TECHNOLOGYCO., LTD.",Brandon Yang,[Huawei][Wingtech][CurieM][AMD Cezanne][AX200][20H1]The Bluetooth mouse disconnect after resume S4,2021-01-04 19:07:00,NA
583125,"SHANGHAI WINGTECH ELECTRONICS TECHNOLOGYCO., LTD.",NA,"SHANGHAI WINGTECH ELECTRONICS TECHNOLOGYCO., LTD.",Brandon Yang,[Huawei][Wingtech][CurieM][AMD Cezanne][AX200][20H1]The Bluetooth mouse disconnect after resume S4,2021-01-04 19:07:00,NA
582854,"COMPAL ELECTRONICS, INC.",NA,"COMPAL ELECTRONICS, INC.",Leo Chiang,[Dell/Compal][TGLH] AX210 BSOD when run stress test,2021-01-03 22:52:00,NA
582854,"COMPAL ELECTRONICS, INC.",NA,"COMPAL ELECTRONICS, INC.",Leo Chiang,[Dell/Compal][TGLH] AX210 BSOD when run stress test,2021-01-03 22:52:00,NA
582854,"COMPAL ELECTRONICS, INC.",NA,"COMPAL ELECTRONICS, INC.",Leo Chiang,[Dell/Compal][TGLH] AX210 BSOD when run stress test,2021-01-03 22:52:00,NA
582829,"COMPAL ELECTRONICS, INC.",NA,"COMPAL ELECTRONICS, INC.",Wesley Kuo,[Lenovo-IdeaPad][Compal][E41-55][AMD Picasso][9260][20H2][100%]Bluetooth show yellow bang in Device manager,2021-01-03 21:47:00,NA
582829,"COMPAL ELECTRONICS, INC.",NA,"COMPAL ELECTRONICS, INC.",Wesley Kuo,[Lenovo-IdeaPad][Compal][E41-55][AMD Picasso][9260][20H2][100%]Bluetooth show yellow bang in Device manager,2021-01-03 21:47:00,NA
582829,"COMPAL ELECTRONICS, INC.",NA,"COMPAL ELECTRONICS, INC.",Wesley Kuo,[Lenovo-IdeaPad][Compal][E41-55][AMD Picasso][9260][20H2][100%]Bluetooth show yellow bang in Device manager,2021-01-03 21:47:00,NA
582715,"HUAQIN TECHNOLOGY CO., LTD",NA,"Huaqin Technology Co., Ltd",Brandon Yang,[HUAWEI][HUAQIN][Intel CML][Intel 9560][19H2][BT]BT broadcast is going on still send when disable BT module and then restart system,2021-01-03 17:36:00,NA
582715,"HUAQIN TECHNOLOGY CO., LTD",NA,"Huaqin Technology Co., Ltd",Brandon Yang,[HUAWEI][HUAQIN][Intel CML][Intel 9560][19H2][BT]BT broadcast is going on still send when disable BT module and then restart system,2021-01-03 17:36:00,NA
582715,"HUAQIN TECHNOLOGY CO., LTD",NA,"Huaqin Technology Co., Ltd",Brandon Yang,[HUAWEI][HUAQIN][Intel CML][Intel 9560][19H2][BT]BT broadcast is going on still send when disable BT module and then restart system,2021-01-03 17:36:00,NA
