technology_key,ips_title,predicted_category,jira_title
bt,BSOD when doing Burn in test for 8 hours.,BSOD,
bt,HLK test fail - HciExtensions v2 on WhP2,HLK,
bt,BT connect slow,Connectivity,
bt,BE200 BT YB or BT lost during auto coldboot/S4 test.,YB/Lost,
bt,Bluetooth - HciExtensionsV2 Test fail with Intel WLAN module.,Connectivity,
tools,GNNR validation intermittently fails with Wi-Fi driver 24.10.0.4 on Arrow Lake-H (Fillmore Peak 2 Blazar),OEM Tools,GNNR validation intermittently fails with Wi-Fi driver 24.10.0.4 on Arrow Lake-H (Fillmore Peak 2 Blazar)
bt,Bluetooth SMONO fails to enable on ARL-S with BE200 and Windows 11 for LE audio headsets,Connectivity,Bluetooth SMONO fails to enable on ARL-S with BE200 and Windows 11 for LE audio headsets
bt,BT SMONO on ARL S did not enable successfully.,Connectivity,
software,Gaming mode is missing in the prioritization tab of ICPS 50.25.1224.201,ICPS,Gaming mode is missing in the prioritization tab of ICPS 50.25.1224.201
bt,BT unstable issue,Connectivity,
wifi,"Wifi yellow bang, FW assert 0x20100505",YB/Lost,"Wifi yellow bang, FW assert 0x20100505"
bt,"When using the iper3 tool to run RX and TX while connecting to a 2.4G WiFi and Bluetooth device, the Bluetooth speaker experiences stuttering issues.",Connectivity,
bt,HLK fail after adding the BT lost solution,HLK,
bt,The BT device YB when Turn off BT,YB/Lost,
bt,Sometimes Media Player cant play media and no audio from connected Galaxy Buds,OEM Tools,
wifi,The Wi-Fi list is empty,Connectivity,
wifi,CITU BER NG on total_delay_offset (-)11,OEM Tools,
bt,Bluetooth Mic Test Does Not Reflect Input or Volume Assessment,Connectivity,
bt,HLK fail:Bluetooth - Initiate platform-level device reset,HLK,
wifi,WiFi conductive T-put test,Connectivity,
bt,BT device lost then recovered when play music,Connectivity,
bt,Noise sound heard after switch from speaker to earbuds,Connectivity,
bt,The sound doesnt come out from the connected BT earphone after hibernate,Connectivity,
wifi,wifi download speed degree 50% while tranferring bluetooth files,Connectivity,
bt,"DM show ""Intel(R) Wireless Bluetooth(R)"" YB during stress",YB/Lost,
bt,BT driver lost(24.10 driver),Connectivity,
bt,BT FW crash(24.10 driver),Connectivity,
software,WWAN type is not visible when Intel Connectivity Performance Suite is dark mode.,Killer,WWAN type is not visible when Intel Connectivity Performance Suite is dark mode.
software,No WWAN interface display in Network Health,Killer,No WWAN interface display in Network Health
bt,BT driver lost and crash(24.10 driver),Connectivity,
bt,BSOD when uninstall Bluetooth driver v24.20.0.3,BSOD,
wifi,The wifi disconnect and cant research the wifi,Connectivity,
bt,Bluetooth headset has No Output Sound After PC Bluetooth Toggle (OFF/ON) 100% fail rate.,Connectivity,Bluetooth headset has No Output Sound After PC Bluetooth Toggle (OFF/ON) 100% fail rate.
bt,Wi-Fi Throughput Degradation During BT File Transfer,Connectivity,Wi-Fi Throughput Degradation During BT File Transfer
bt,BE200 BT show YB in device manager after run S3,YB/Lost,
bt,BE200 BT show YB in device manager after run S3,YB/Lost,
bt,"Bluetooth headset is No Output Sound After S4/resume, 100% fail rate.",Connectivity,"Bluetooth headset is No Output Sound After S4/resume, 100% fail rate."
software,Killer 1775i WIFI/BT driver request,Killer,Killer 1775i WIFI/BT driver request
bt,Audio will switch to speaker after connect with BT headset.,Connectivity,
wifi,"Stress_Idle S4_The unit open Camera Idle S4 4H occur BSOD 0x9F W/o dumple file during Stress-Idle Test(F/R:1/40 units,1/40 cycles)",BSOD,
bt,BT Headset Loud Noise When Switching Playback to Recording  Driver 24.20.0.3  (FR:100%),YB/Lost,
bt,Bluetooth device show yellow bar after flash BIOS,Connectivity,
wifi,The wifi disconnect and cant research the wifi,Connectivity,
wifi,Wireless Display fail to connect after resume from sleep,Power Consumption,
tools,Sar cannot be set.,RF,
wifi,Data streaming between PC and MTK phone and zero drop during data streaming,Connectivity,
bt,No Sound from Samsung Galaxy Buds2 Pro After Re-pairing the Device,Connectivity,
bt,"After the LE Audio device is disconnected once and then reconnected, the music does not play.",Connectivity,
wifi,#NAME?,Connectivity,
bt,How to install BT FW on Ubuntu?,Connectivity,
bt,"When using the iper3 tool to run RX and TX while connecting to a 2.4G WiFi and Bluetooth device, the Bluetooth speaker experiences stuttering issues.",Connectivity,
bt,LOQ-Tower-26ADRIntelAX201APNearby Sharing,Connectivity,
software,"GameFast status keep disable when enable ""Auto-enable when a game is detected"" in Intel Killer Performance Suite app then play a game",Killer,"GameFast status keep disable when enable ""Auto-enable when a game is detected"" in Intel Killer Performance Suite app then play a game"
software,Game(Dota2) type cant show wifi icon when manually set game priority mapping as wifi in Intel Killer Performance Suite app,Killer,
software,"Killer APP UI show abnormal """" on Chinese OS.",Killer,
wifi,WLAN Device shows YB.,YB/Lost,
bt,Intel BE201 BT device lost  and USB YB(code 43) in device manager,YB/Lost,
bt,The BT devices will disconnected (log show BT reset error) after  a while,Connectivity,
wifi,WiFi throughput is slow when runnning on battery power with WiFi Sensing Enabled,Power Consumption,
bt,BT LE audio no sound,Connectivity,
wifi,The wifi disconnect and cant research the wifi,Connectivity,The wifi disconnect and cant research the wifi
wifi,The wifi disconnect and cant research the wifi,Connectivity,
wifi,ANT req on the PTL platform,OEM Tools,
wifi,Intel BE201 WIFI and BT device lost,Connectivity,
wifi,The BSOD(0x7E) occur  point to netwtw.sys when disable/enable WiFi stress test under igh load conditions on the CPU and SSD,BSOD,The BSOD(0x7E) occur  point to netwtw.sys when disable/enable WiFi stress test under igh load conditions on the CPU and SSD
bt,"0x133 DPC_WATCHDOG_VIOLATION BSoD during idle, ibtpci.sys on Panther Lake AX211 Bluetooth",BSOD,"0x133 DPC_WATCHDOG_VIOLATION BSoD during idle, ibtpci.sys on Panther Lake AX211 Bluetooth"
bt,"Intel Bluetooth application service device cant enum in device manager, 100% fail rate",Connectivity,"Intel Bluetooth application service device cant enum in device manager, 100% fail rate"
wifi,The EUT can not send >20MB file from PC1 to PC2 by nearby sharing.,Connectivity,
bt,Funlogy Portable Mini speaker does not output sound during playing streaming.,Connectivity,Funlogy Portable Mini speaker does not output sound during playing streaming.
bt,Bluetooth software device,Connectivity,
wifi,Please help to check the log of WiFi Sensing function.,Connectivity,
wifi,"After connect to Samsung TV via miracast, device will disconnect and can not scan Samaung TV.",Connectivity,
bt,audio delay 20s when swithing BT earbuds,Connectivity,
wifi,Intel AX211 intermittently disconnection on WPA2-Enterprise,Connectivity,
bt,BT driver will show YB sometimes,YB/Lost,
wifi,WLAN/WWAN cant be disabled when connect LAN with Control WLAN/WWAN Radio enabled,Connectivity,
wifi,Intel WIFI7 BE201 YB(Code 10) when open lid after close lid about 1 hour,YB/Lost,
bt,he music cannot play after turning on BT and connecting to samsung  buds2 pro BT headset.(the music progress bar does not move),Connectivity,
bt,"The BT page show  after unit pair and connect to Phone(F/R:1/5units,2/10cycles)",Connectivity,
bt,WHQL  Bluetooth - HciExtensionsV2 fail.,HLK,
software,ICPS impacts the Fast Startup time.,ICPS,
wifi,The P2P iperf t-put drop (100MB/s --> 3.8MB/s) after manually adding interference,Connectivity,ICPS impacts the Fast Startup time.
bt,"After BLE pairing, there is no classical Bluetooth MAC in Windows registry",Connectivity,The P2P iperf t-put drop (100MB/s --> 3.8MB/s) after manually adding interference
wifi,Camera video randomly freezes during multi-tasking in Teams Conference Call,System Hang,
bt,Stress_FB/S4_System event log occur BTHUSB error(Event ID:17) . (F/R: 6/7units),Connectivity,
wifi,Slate not able to enable Wi-Fi sensing.,Connectivity,
bt,Dual BT does not work,Connectivity,
wifi,"System hangs ~90s after wrong Wi-Fi password entered on CSR interface (Spider Peak 2 Scorpius, Win11 25H2)",System Hang,
bt,"WHQL test , Bluetooth - HciExtensionsV2 (Development and Integration) test item fail.",HLK,"System hangs ~90s after wrong Wi-Fi password entered on CSR interface (Spider Peak 2 Scorpius, Win11 25H2)"
wifi,The 2.4G network auto disconnect after plug USB disk through the USB3.0 port under about -70dBm RSSl.,Connectivity,
wifi,The 2.4G network auto disconnect after connect USB wireless keyboard and mouse under about -70dBm RSSl.,YB/Lost,
bt,The PC high-frequency scanning 100ms broadcast takes a relatively long time (some time exceeded 20 seconds),Performance,
bt,AX210 BT device Lost or BT&WLAN YB during auto coldboot/S4 test,YB/Lost,
bt,Multiple devices show Yellow Bang after boot when pairing with another DUT via BT,YB/Lost,
wifi,+intel AX210 wifiDriver ver: 23.170.0.16Ghz,Connectivity,
bt,The PC high-frequency scanning 250ms broadcast takes a relatively long time.,Performance,
wifi,TAS test failed,RF,
wifi,"Wi-Fi error 5002 and AP disconnect during Modern Standby on RUSH (TWL) with AX211, multiple drivers",YB/Lost,
bt,Please help to check the log of ibtWikoCfaFeatureExt driver.,Connectivity,"Wi-Fi error 5002 and AP disconnect during Modern Standby on RUSH (TWL) with AX211, multiple drivers"
wifi,Gets stuck when turning the hotspot on or off,System Hang,
bt,File transfer via Quick Share failed,Connectivity,
bt,SIO2454268: Cant play music via media player after resume unit from S4 during music playback with BT LE headset connect.(AX211),YB/Lost,
bt,The Bluetooth driver in the MS scenario is highly active.,Connectivity,
wifi,"5002 error(Assert_0x20104007) occurred from event log during FastBoot Test (FR:1/30units, 1/9000 cycles)",YB/Lost,
wifi,Intel AX211 Wifi frequently disconnecting,Connectivity,"5002 error(Assert_0x20104007) occurred from event log during FastBoot Test (FR:1/30units, 1/9000 cycles)"
bt,The Bluetooth drive,Connectivity,
wifi,Intel Wi-Fi fails to start authentication as P2P Group Client during pairing on Lunar Lake,Connectivity,
wifi,Issue: Missing UDP_COALESCED_INFO Control Message When URO Is Enabled,Connectivity,Intel Wi-Fi fails to start authentication as P2P Group Client during pairing on Lunar Lake
wifi,P2P pairing failure - No beacon detected from Intel WiFi.,Connectivity,
bt,Enabling the s-mono function causes noise during playback,YB/Lost,
wifi,MS365 sites fails w/IPV6,Connectivity,
bt,The sound output device  will slower then 20s to show after  connected   by BT,Connectivity,
wifi,Sometimes there are continuous ping timeouts when connected with a specific WiFi4 AP at home (AP from Chinese ISP).,Connectivity,
wifi,"Wi-Fi device YB fails to recover after S4 resume, error code 10, reboot restores on AX211/Win11",YB/Lost,
wifi,The Bluetooth driver in the MS scenario is highly active.,Connectivity,
bt,BSOD 0x133 when test Stress_MultiMedia_00700,BSOD,Sometimes there are continuous ping timeouts when connected with a specific WiFi4 AP at home (AP from Chinese ISP).
bt,AX211 Bluetooth shows YB after idle system 8~12 hrs.,YB/Lost,"Wi-Fi device YB fails to recover after S4 resume, error code 10, reboot restores on AX211/Win11"
bt,0x9F BSOD during Bluetooth device wake from idle while streaming video on Windows 11 25H2,BSOD,
bt,ICPS Bluetooth LE over-ear headphone icon is different from OS icon,ICPS,
bt,The sound is terrible after starting a PAS session,Connectivity,
bt,no a2dp profile when bluetooth headset connecting with a2dp offload off,Connectivity,0x9F BSOD during Bluetooth device wake from idle while streaming video on Windows 11 25H2
bt,EVO BT audio test fail,Connectivity,
wifi,#NAME?,Connectivity,
bt,Enabling the s-mono function causes noise during playback,YB/Lost,
bt,The BT6.0 device does not display 16bit 32k Hz when connected.,Connectivity,
bt,bluetooth headset can not adjust volume with a2dp offload off,Connectivity,
bt,Bluetooth Yellow Bang (error 43) after reboot; fatal BT controller exception and PLDR failure on Panther Lake (AX211) - CNVI_AUX_A2A_EXCEPTION_IRQ,YB/Lost,
bt,"The unit show BSOD(bugcheck:0x44,with dump) after restart unit.(F/R:1/2units;2/208cycles)",BSOD,
wifi,"Event log show 5002 error (Assert 0x20104009) during Warm Boot stress test. (F/R:2/25u,174/7500c)",YB/Lost,
bt,There is no sound output after starting a PAS session during a Teams call.,Connectivity,Bluetooth Yellow Bang (error 43) after reboot; fatal BT controller exception and PLDR failure on Panther Lake (AX211) - CNVI_AUX_A2A_EXCEPTION_IRQ
bt,Sometimes one of the earbuds (Device #1 or Device #2) disconnects randomly during a PAS session.,Connectivity,
bt,Music playback will stop automatically during  PAS session.,YB/Lost,"Event log show 5002 error (Assert 0x20104009) during Warm Boot stress test. (F/R:2/25u,174/7500c)"
wifi,BT driver v23.140.0.5 show YB in the factory (WiFi Assert 0x2010121e),YB/Lost,
bt,"There is a lag(about 20s) in the sound switching when connecting the one BT headset and then connecting other one,(FR: 2/2 units,6/6 trials)",Connectivity,
bt,"The SW Drips is 0 and HW drips no value(Intel(R) Dual Bluetooth(R) PCI Enumerator(\_SB.PC00.BTPC)) after entering MS more than 10mins.(FR:1/2units,2/10cycles)",Connectivity,
wifi,Black screen and BSOD 0x9F after resume from S4/MS with Intel Wi-Fi driver 23.150/23.170,BSOD,
wifi,"System show error and cannot recover PC after download OS/driver finished from Cloud. (F/R:2/2u,4/4c)",System Hang,
tools,Bolan PTL BE211 SNR ANT A fail in WBT GNNR,OEM Tools,
wifi,"Assert happened , GO Beacon miss occurred",YB/Lost,Black screen and BSOD 0x9F after resume from S4/MS with Intel Wi-Fi driver 23.150/23.170
bt,HP ABBA dock and monitor fail to wake when Quick Connect enabled and unit approaches within 3 meters,Connectivity,
software,The Wi-Fi Credential Prompter of IdeaPad build is dark mode by default,Killer,
tools,6G Tx power question on DRTU,OEM Tools,"Assert happened , GO Beacon miss occurred"
wifi,The TIS is abnormal when the OTA test is in Channel 149-165,Connectivity,
wifi,0x9F BSOD during WinPVT11.16.0 S4 hibernation stress test on Wildcat Lake Wi-Fi,BSOD,HP ABBA dock and monitor fail to wake when Quick Connect enabled and unit approaches within 3 meters
bt,BT Headset Fails to Auto-Reconnect After S4 Resume: No HCI_Connection_Complete Event (3/32),Connectivity,
wifi,WIFI YB when running Heaven benchmark test and PTAT Tool -- Factory test.,YB/Lost,6G Tx power question on DRTU
bt,"Noise and no sound after 1-2 hours of Bluetooth audio on Venus4-14 (Classic BT, Meteor Lake, AX211), 20%+ fail rate.",Connectivity,The TIS is abnormal when the OTA test is in Channel 149-165
wifi,System can scan full 6GHz band at Mongolia MCC,Connectivity,0x9F BSOD during WinPVT11.16.0 S4 hibernation stress test on Wildcat Lake Wi-Fi
wifi,System will encounter BSOD 0x9f when rebooting.,BSOD,BT Headset Fails to Auto-Reconnect After S4 Resume: No HCI_Connection_Complete Event (3/32)
wifi,The streaming rates of STA and SoftAP are lower than competing products in Wi-Fi coexistence,Performance,
software,ICPS adds power ~900mw in Teams 3*3 test scenario in Kailash,ICPS,"Noise and no sound after 1-2 hours of Bluetooth audio on Venus4-14 (Classic BT, Meteor Lake, AX211), 20%+ fail rate."
bt,Eiger2 BE201-LNL have YB because can not get OTP of Bluetooth,YB/Lost,
bt,The BT switch show gray and BT function disappear,Connectivity,
tools,CITU Fail of BM23xmk2 DVT2(Review passed PCB),OEM Tools,
wifi,"WLAN always auto reset after connect monitor with HDMI cable, FR: 2/2Units, 5/5Cycles",Connectivity,
bt,Failed to activate BT LE function test,Connectivity,Eiger2 BE201-LNL have YB because can not get OTP of Bluetooth
wifi,BE201 WLAN/BT disappear and reappear during S0 idle screen on,Connectivity,
bt,It is unable to reconnect a single earbud during a PAS session.,Connectivity,
bt,"After starting a new PAS session, the sound from Device 2 is quieter than tha",Connectivity,
bt,The sound from Device #2 was much lower than that from Device #1 during Teams call,Connectivity,
wifi,(Copy Of 00993290) Abnormal operation when measuring 802.11n Tx power,Power Consumption,BE201 WLAN/BT disappear and reappear during S0 idle screen on
software,WLAN did not connect to previous AP after WIFI Radio off/on if checked switch to better WIFI  option on ICPS. (FR:2/2units; 4/8cycles),ICPS,
bt,"BSOD 0x6E during factory build and reboot stress, dump points to Intel Bluetooth driver (ibtpci.sys)",BSOD,
bt,Bluetooth connection interrupted during Nearby Sharing file transfer on Panther Lake (BE213),Connectivity,
wifi,The wifi disconnect and cant reconnect  until turn off/on wifi switch,Connectivity,
tools,"DRTU show pop-up ""Visual C++ Runtime library assertion failed""",YB/Lost,WLAN did not connect to previous AP after WIFI Radio off/on if checked switch to better WIFI  option on ICPS. (FR:2/2units; 4/8cycles)
bt,bluetooth headset no sound after resume from S4,Connectivity,"BSOD 0x6E during factory build and reboot stress, dump points to Intel Bluetooth driver (ibtpci.sys)"
bt,There is a 15-20 secon,Connectivity,Bluetooth connection interrupted during Nearby Sharing file transfer on Panther Lake (BE213)
wifi,"System lag repeatly, capture the event log found that network timeout nearby the lag time point.(F/R: 4/4units, 25/50cycles)",Performance,
wifi,P2P pairing - GO finding failure.,Connectivity,
wifi,"Error Message:""PCI configuration change detected"" occurred when run vCosmos_WinPVT v11.16.0 Hibernation Functional Test.",System Hang,
wifi,EAP authentication fails and disconnection from AP,Connectivity,
wifi,The wifi device show yellow bang,YB/Lost,
wifi,Single unit fails to activate WiFi-Sensing func,Connectivity,
software,"[NEC][LCFC][Citron3_VP][25H2][ICPS] ID0(Child process [9344 - IDBWM.exe] finished with 1073740791) and ID7034(Intel Dynamic Bandwidth Management Service) and ID1000(IDBWM.exe) shows up while running FSU long run test.[FR: 8/356,2.25%][1/1 Units]",ICPS,
na,The BE211s Wi-Fi and Bluetooth functions are not working on Ubuntu 24.04.3 LTS,Connectivity,
wifi,BSOD DRIVER_POWER_STATE_FAILURE (0x9F) during S4 stress on Arrow Lake-Hx with Killer 1750w Wi-Fi,BSOD,
wifi,The result show fail when running Stress-WiFi Ping (MS/Reboot/S4) test.,Connectivity,
wifi,STA cannot detect 6 GHz Wi-Fi APs in Indonesia with UHB enabled and MCC set to ID,Connectivity,
wifi,The AP will be disconnected after WiFi connected and idle for 5~8 minutes while CSR feature executing period in Intel BE211 SKU (QS silicon) SKU,Connectivity,
wifi,"WLAN show only 1 MLO link When change WIFI7 AP encryption mode from WPA2 to WPA3 (F/R:1/2units,1/10cycles)",System Hang,
wifi,"WIFI Tput drop when open ""Prime95"" tool",Connectivity,BSOD DRIVER_POWER_STATE_FAILURE (0x9F) during S4 stress on Arrow Lake-Hx with Killer 1750w Wi-Fi
software,Usage Details misaligned in ICPS UI,ICPS,
bt,BSOD 0xE6 referencing ibtpci.sys during cold boot on Panther Lake with BT 24.10.1.4,BSOD,STA cannot detect 6 GHz Wi-Fi APs in Indonesia with UHB enabled and MCC set to ID
software,Edited Mouse name and Keyboard name does not retain in ICPS,ICPS,The AP will be disconnected after WiFi connected and idle for 5~8 minutes while CSR feature executing period in Intel BE211 SKU (QS silicon) SKU
software,Mobile battery percentage fails to display in ICPS UI,ICPS,
software,AI Apps in Prioritization Still Display green Check Mark After Disabling from advanced settings,Killer,"WLAN show only 1 MLO link When change WIFI7 AP encryption mode from WPA2 to WPA3 (F/R:1/2units,1/10cycles)"
wifi,wifi performance degrade with WW47 BKC wifi driver,Connectivity,"WIFI Tput drop when open ""Prime95"" tool"
wifi,[Xiaomi][Huaqin][P52][PTL][AX211],Connectivity,
wifi,Wifi connection with some APs are unstable,Connectivity,BSOD 0xE6 referencing ibtpci.sys during cold boot on Panther Lake with BT 24.10.1.4
bt,"Failed to connect BT mouse (Thinkpad fuji2.0).(F/R:2/2units,4/20cycles)",Connectivity,Edited Mouse name and Keyboard name does not retain in ICPS
wifi,VLP is working at Mexico (mexico is not enabled at UATS),UEFI,Mobile battery percentage fails to display in ICPS UI
wifi,"GB6-16 Cannot scan 6GHz at Macau, Oman , Trinidad & Tobago",Connectivity,AI Apps in Prioritization Still Display green Check Mark After Disabling from advanced settings
wifi,PC is unable to detect the 5G 802.11ax only mode signal.,Connectivity,
bt,Please help to privide ibtXXXCfaFeatureE driver.,Connectivity,
bt,Unnecessary BT LE Sideband device and YB,RF,
bt,Bluetooth showed YB when stress FB,YB/Lost,
bt,[xiaomi][huaqin][M56M57][MTL][25H2][AX203]S4BT YB[2/60 units1/9000 cycles],YB/Lost,
bt,"The headphone volume button cannot adjust the computer volume via the Lenovo Wireless Stereo Headset.(FR:2/2 units,4/4times)",Connectivity,
wifi,wifi disconnect when plugging ROG keyboard,YB/Lost,
bt,"[HP][QTA][BNB][WCL][Gorgonzola]SIO2448157:ABBA and extend Monitor cant wake up when ""Quick Connect"" is set to ""Enable"" and unit approach to the dock within 3 meters([Abba_9X3V1AA]",OEM Tools,
bt,The function of BT (AX211) failure,Connectivity,
wifi,Wi-Fi Direct Quick Share fails: Intel device does not complete P2P handshake with Qualcomm client,Connectivity,
bt,BT YB with ac enter S4  and dc resume,YB/Lost,
bt,"Error Message:""Error reported by Windows in the System Event Log: ibtpci:1863"" occurred when run vCosmos_WinPVT v11.16.0 Hibernation Functional Test.",Connectivity,
bt,bluetooth mouse lag when cpu high loading,Connectivity,
bt,"The video will lag when connect BT headphone and then play video -> turn off/on BT or power off/on headphone.(FR:1/2 units,2/4times)",Power Consumption,
wifi,Event log show 5002 error when running Stress CB.(F/R:1/10units),YB/Lost,
wifi,The TIS is abnormal when the OTA test is in Channel 149-165,Connectivity,
wifi,WIFI 5002 with PA daily test,YB/Lost,Wi-Fi Direct Quick Share fails: Intel device does not complete P2P handshake with Qualcomm client
wifi,DHCP failure and APIPA address after roaming between Cisco APs in Flex-connect mode (Wi-Fi),Connectivity,
wifi,For BE200_Vpro_host PC is unable to access the AMT/ISM web UI interface of the target/client PC when connected via WLAN,Connectivity,
bt,The TWS Earbuds of BT page will show not connect after factory reset TWS Earbuds and reconnect to it.(FR:2/2units;4/4cycles),Connectivity,
bt,BT Pen tablet doesnt work after S3/resume,Connectivity,
wifi,P2P pairing failure and it might be related abnormal Wifi device status.,Connectivity,
wifi,The WiFi icon cannot be turned on.,Connectivity,
bt,The audio and video in the media,Connectivity,
wifi,The system will occur Wlan_YB (Error code:10) when running restart stress test.,YB/Lost,DHCP failure and APIPA address after roaming between Cisco APs in Flex-connect mode (Wi-Fi)
bt,Failed to share folder by Samsung Quick share app from PC to Tab,Connectivity,
bt,"12h SSD read-write stress test: 0X133 BSOD occurred, pointing to Bluetooth PCI Enumerator.",BSOD,
bt,Connect  BT headset failed due to authentication failure (0x05),BSOD,
wifi,NP50RW NB  playing MV lag during Wi-Fi WIDI,Performance,
wifi,P2P pairing failue between two PC since it doesnt start Auth to GO.,Connectivity,
wifi,"During test PC perform iperf download test occur reconnect 5G fail(F/R: 1/1u, 2/45C)",Connectivity,
wifi,"X13Gen6 BE201 frequently roams to low RSSI APs, causing slow Wi-Fi on Windows 11 24H2",Connectivity,
bt,BT headset sound output need 15S when perform BT on,Connectivity,
wifi,Laggy and blurry display when casting to 8K smart TV,Performance,
wifi,No EAPOL start during P2P pairing,Connectivity,Connect  BT headset failed due to authentication failure (0x05)
bt,Event log show ID:1820 with ibpci during S4 stress(F/R: 1/25 UUTs 1/75000 Cycles),Connectivity,
bt,"Cant adjust the volume via hotkey(F7/F8) after resume from S4/S5/Restart and then connect to ""Samsung-Galaxy Buds2 Pro BT LE audio headset  manually.",Power Consumption,
bt,"Cant connect to ""Samsung-Galaxy Buds2 Pro BT LE audio headset automatically after resume from S4/S5/restart.",Connectivity,
wifi,"Unit occurred a failed (WIFI) when run full (unattended) test in Lenovo Diagnostics tool.(F/R:1/4u,8/8cycles)",Connectivity,"X13Gen6 BE201 frequently roams to low RSSI APs, causing slow Wi-Fi on Windows 11 24H2"
bt,"EUT occur BSOD (bugcheck code:0x9F) w/o dump file when the Find & Select operation is performed on SampleHugeExcelData.xlsx during CPU stress testing with the TAT tool. (F/R:2/2 units, 3/3 total trials)",BSOD,
bt,Volume levels cant change when adjust volume via BT headset,System Hang,
wifi,Intermittent 0x7E BSOD during BitLocker activation on BE211 Wi-Fi with Win11 25H2,BSOD,
bt,"Stress_Wifi_S4, System event log show red color with Event ID 17(The local Bluetooth adapter has failed in an undetermined manner and will not be used). (F/R:2/25u,2/2500c)",Connectivity,
wifi,WRT tool SOP for capturing BT/WLAN logs at the same time,Connectivity,
wifi,Recoverable assert 0x85 occurred during customer daily work.,YB/Lost,
wifi,"The unit got ""0x9F"" BSOD during running WINPVT Wake-on-LAN Stress (S3S4S5+LAN_CHK_WOL.PVT) using LOM with IPV4/IPV6",BSOD,"Unit occurred a failed (WIFI) when run full (unattended) test in Lenovo Diagnostics tool.(F/R:1/4u,8/8cycles)"
wifi,Drop WiFi Connection.,Connectivity,
bt,HLK BLUETOOTH_UsbScoDataTransportLayer (Development and Integration),HLK,
wifi,WLAN get disconnected,Connectivity,Intermittent 0x7E BSOD during BitLocker activation on BE211 Wi-Fi with Win11 25H2
wifi,Recoverable Assert 0x4433 occurred when doing Warm Boot stress test,YB/Lost,
bt,Can not play file MP3 after link loss with Galaxy Buds3Pro,Connectivity,
bt,Bthmini showed error code 17 during S4 stress test (Tx timeout during init flow  + System Exception),Connectivity,Recoverable assert 0x85 occurred during customer daily work.
bt,BT control issue,Connectivity,"The unit got ""0x9F"" BSOD during running WINPVT Wake-on-LAN Stress (S3S4S5+LAN_CHK_WOL.PVT) using LOM with IPV4/IPV6"
bt,Stress_FB_System event log occur BthMini error(Event ID:17)(FR:21/30units),Connectivity,
wifi,WLAN Yellow Bang and incorrect Bluetooth status persist after reboot on Panther Lake (BE211),YB/Lost,
bt,Bluetooth driver missing,Connectivity,
bt,No audio output from Bluetooth headset after S4 resume,Connectivity,Recoverable Assert 0x4433 occurred when doing Warm Boot stress test
bt,WHQL BT test fail,HLK,
wifi,0x9F_3_NDIS!ndisWaitForKernelObject with AX211,BSOD,Bthmini showed error code 17 during S4 stress test (Tx timeout during init flow  + System Exception)
bt,BT will have device lost during S4 long run.,Connectivity,
wifi,DUT can be awakened when people is close to DUT,Connectivity,
bt,WHQL BT test fail,HLK,WLAN Yellow Bang and incorrect Bluetooth status persist after reboot on Panther Lake (BE211)
wifi,The softap cant support 5G channel with RU country,OEM Tools,
wifi,BSoD 0x9f (0x9F_3_Netwaw18_IMAGE_pci.sys) during stress Cold Boot Test,BSOD,No audio output from Bluetooth headset after S4 resume
wifi,wifi icon lost and the system hang when ESD test,System Hang,
wifi,T14SGEN6_ALLOY_LNL_WLAN_YB,YB/Lost,
wifi,"Intel WLAN is fail (BSoD IRQL_NOT_LESS_OR_EQUAL) during run cycle preload test. failure_bucket_id ""AV_Netwtw14!prvAmtWimaAgentJoinNicCompleteCb""",BSOD,BT will have device lost during S4 long run.
bt,Bluetooth mouse has poor tracking perfo,Connectivity,
wifi,event showed 5002/0x20 errors,YB/Lost,
bt,Alloy_Test_PLDR_have_YB_,YB/Lost,
bt,BT headset speaker not work(100%),Connectivity,BSoD 0x9f (0x9F_3_Netwaw18_IMAGE_pci.sys) during stress Cold Boot Test
wifi,"Event log shows 5002/5005/5007/5010 error during MS stress test(Fail rate 9/40units, 125cycles each unit)",YB/Lost,wifi icon lost and the system hang when ESD test
bt,"After changing the ""Night Sky / Dusk / Aquatic / Desert"" theme options under Settings > Accessibility > Contrast Themes, some information field border lines cannot be seen.",System Hang,
software,"Turn off Enabled Smart Access Point Selection then click reset all setting to default, the item still is off.",Killer,"Intel WLAN is fail (BSoD IRQL_NOT_LESS_OR_EQUAL) during run cycle preload test. failure_bucket_id ""AV_Netwtw14!prvAmtWimaAgentJoinNicCompleteCb"""
wifi,Wifi connection with some APs are unstable,Connectivity,
tools,5GHz ax 20MHz ch173 Power Lock Issue in DRTU,OEM Tools,
wifi,Rare BSOD 0x9F referencing NDIS/Netadapter during Stress_WB on Panther Lake Wi-Fi (driver 24.0.2.1),BSOD,
wifi,TM2_ARL_BE201_can_not_install_wlan_inf,Connectivity,
wifi,wifi yb&BT lost,YB/Lost,
wifi,P2P pairing failure since late probe request from Intel Wi-Fi,Connectivity,
bt,Game controller S4/Resume cant automatically connect,OEM Tools,"Turn off Enabled Smart Access Point Selection then click reset all setting to default, the item still is off."
software,ICPS can recognize non-Intel WWAN (Snapdragon X12 4G WWAN),ICPS,
software,The Wi-Fi Credential Prompter appears in the lower right corner of the screen,Killer,
bt,BT headset mic not work(100%),Connectivity,Rare BSOD 0x9F referencing NDIS/Netadapter during Stress_WB on Panther Lake Wi-Fi (driver 24.0.2.1)
software,"(Copy Of 00986763) [NEC][LCFC][Citron3_VP][25H2][ICPS]ID1000( IDBWM.exe) shows up while running FSU long run test.[FR: 4/250,1.6%][1/1 Units]",ICPS,
wifi,Obtain wrt log consultation,Connectivity,
bt,BT got YB after reboot stress,YB/Lost,
bt,Audio is not heard when LE Audio headphone is disconnected and reconnected,Connectivity,
bt,Event log show WHEA warning BT will be YB after booting OS,YB/Lost,ICPS can recognize non-Intel WWAN (Snapdragon X12 4G WWAN)
bt,Event log show WHEA warning BT will be YB after booting OS,YB/Lost,
software,Connecting AP information is not displayed on settings.,Killer,
bt,"After the OOBE process, play the video, connect the Bluetooth speaker, and output the audio through the Bluetooth speaker. The video will have lagging issues. RF: 50/100 uut",Connectivity,
wifi,System fails to wake via WoA when Turn off my screen when I leave is disabled on Wi-Fi,Connectivity,
wifi,The result values in Wi-Fi PLDR verification of WRT are not as expected.,YB/Lost,
software,ICPS power consumption become higher when launch app main page in foreground,ICPS,
wifi,Wi-Fi and Bluetooth disconnect or disappear after WRT Tool install on Panther Lake AX211,Connectivity,
wifi,WLAN show YB with Error Code 10 after install WCL BKC driver_99.0.99.10 with ES2 Sample. FR: 100%,YB/Lost,
bt,Can not play file MP3 after link loss with Galaxy Buds3Pro,Connectivity,Connecting AP information is not displayed on settings.
wifi,Event ID 5002 occurs during reboot cycles,YB/Lost,
wifi,WIFI&BT device display yellow mark. (FR:100&%),Connectivity,
bt,The system will automatically wake up after entering S4. FR:100%,Connectivity,System fails to wake via WoA when Turn off my screen when I leave is disabled on Wi-Fi
wifi,Intel_PIE_SDK_Connon.dll multithreading causes NFC to be unusable,Connectivity,
bt,BT Lost during MS runin test after SIT build(1/690units),Connectivity,
wifi,Wireless drops and disconnections,Connectivity,Wi-Fi and Bluetooth disconnect or disappear after WRT Tool install on Panther Lake AX211
tools,Cannot connect to AP when using ANT tool,OEM Tools,
wifi,Wifi device YB and error code 303.,YB/Lost,
bt,Workshop prework BT test item 008 fail,Connectivity,
wifi,check 5002 reason(24.10 EB driver),YB/Lost,
wifi,P2P  Quick share failed during transmission,Connectivity,
wifi,Ping failed and OS trigger disconnect/reconnect during stress reboot test,Connectivity,
wifi,WiFi Linkspeed will fluctuate even tested in the shielding room.,Connectivity,
wifi,CSLP AX211 6E connect AP(BE900) cannot research 6Ghz only 5Ghz,Connectivity,
wifi,BE200 Wi-Fi wakes from legacy S3 when server WEB UI remote control is clicked; AX211 does not,Connectivity,Cannot connect to AP when using ANT tool
software,"Open Settings -> Accessibility -> Text size and switch to 200%. The text, icons, and other elements on various pages within the Intel Connectivity Performance Suite app do not change.",Killer,
wifi,"Set the Dark and Light theme, enable the Auto detect contrast ratio setting in the Color Contrast Analyzer tool, and multiple areas in the Intel Connectivity Performance Suite app are judged as fail.",Connectivity,
software,"Launch the Intel Connectivity Performance Suite app and minimize the window width to the smallest size. On the Usage Detail page, some characters are truncated without horizontal scrolling.",Killer,
wifi,"System boot , the Wireless LAN is lost",Connectivity,
wifi,Intermittent Disconnection on Wi-Fi during Remote Desktop Connection,Connectivity,Ping failed and OS trigger disconnect/reconnect during stress reboot test
software,ICPS 5.0-username and password entry window has been positioned at bottom right,ICPS,WiFi Linkspeed will fluctuate even tested in the shielding room.
bt,HLK DirectedFxSystemTest test fail,HLK,
bt,RFCOMM transmission latency is relatively low.,Performance,BE200 Wi-Fi wakes from legacy S3 when server WEB UI remote control is clicked; AX211 does not
tools,UNII-4 dont show in DRTU,OEM Tools,"Open Settings -> Accessibility -> Text size and switch to 200%. The text, icons, and other elements on various pages within the Intel Connectivity Performance Suite app do not change."
bt,"The audio file cannot be played with BT headset connected.FR: 1/2Units, 2/60Cycles",Connectivity,
wifi,P2P Pairing Failure,Connectivity,"Launch the Intel Connectivity Performance Suite app and minimize the window width to the smallest size. On the Usage Detail page, some characters are truncated without horizontal scrolling."
wifi,Clevo_RPL-U_V830AU_RVP_AX211_Wi-Fi_PLDR_Failed,YB/Lost,
wifi,Merino13x PV BSOD 0x7e point to WLAN,BSOD,
wifi,"When the test device establishes a Miracast connection and plays a video while using Bluetooth to receive or send files, the video playback stutters.",YB/Lost,ICPS 5.0-username and password entry window has been positioned at bottom right
wifi,"0x28af/0x10028af and AP disconnect when ""MS<--->Resume"" stress test",BSOD,HLK DirectedFxSystemTest test fail
wifi,wifi disconnect when doing MS test,Connectivity,
wifi,"0x28af/0x32d occurred when doing ""MS<-->Resume"" stress test",BSOD,
wifi,V260TNxAPEXAX210WIFIYB,YB/Lost,
wifi,EUC-CE Laggy and blurry display when casting to 8K smart TV,Performance,
bt,_Add_BE200_test_PLDR_fail,YB/Lost,
wifi,Merino16W PV report WLAN YB code 10,YB/Lost,Merino13x PV BSOD 0x7e point to WLAN
wifi,Intel BE211 transmission speed low(2515~2873Mbps Expect:>2.88Gbps) with WIFI 7 after PM operations,Connectivity,
bt,BE211 BT device lost during ACPI Reboot stress test(F/R: 1/200Cycles),Connectivity,"0x28af/0x10028af and AP disconnect when ""MS<--->Resume"" stress test"
wifi,BE211 transmission speed low(2515~2873Mbps Expect:>2.88Gbps) with WIFI 7 after PM operations,Connectivity,wifi disconnect when doing MS test
bt,BT Error recovery failed,Connectivity,"0x28af/0x32d occurred when doing ""MS<-->Resume"" stress test"
bt,"The sound will delay about 10s switch from the first TWS headset to the second after connect the second other brand headset (Samsung/Sony).(F/R:2/2units,4/4cycles)",Connectivity,
bt,AX211/BE211 BT YB (PV phase factory),YB/Lost,EUC-CE Laggy and blurry display when casting to 8K smart TV
bt,Bluetooth headphone only have audio no MIC function,Connectivity,
bt,HLK test fail: OnOffStateControllableViaSoftware2,HLK,Merino16W PV report WLAN YB code 10
wifi,SIP128610 - EB 1040 G1i 14(MasadaN)/Win11 24H2/Traveloka/GA/PC APJ/ Intel BE201 Mobile Hotspot not detected in 6GHz/ID,Power Consumption,
wifi,AX211 Wifi card cannot be detected properly after being swapped from BE211,Connectivity,
wifi,T-put HL TX issue,RF,
bt,Sound is not heard from BT headset,Connectivity,
wifi,Disable/enable WIFI occur 0xC2 while running stress test(f/r:1/200U),BSOD,
bt,Can not play file MP3 after link loss with Galaxy Buds3Pro,Connectivity,
wifi,Event ID 5002 occurs while disconnecting AP,YB/Lost,
bt,No sound after disconnect then connect BT earbuds,Connectivity,
bt,ibtpci BSOD 0xFC observed in Factory S4 stress testing,BSOD,
bt,The BT headset have no sound output after connect the BT headset.,Connectivity,
wifi,The P2P connection is only being established on 2.4GHz because the PIE SDK is only returning the 2.4GHz channel.,Connectivity,
bt,"Play music with BT Headset/Speaker no sound, and device show yellow bang.",YB/Lost,
wifi,P2P pairing failure - No pairing request in air,Connectivity,Disable/enable WIFI occur 0xC2 while running stress test(f/r:1/200U)
bt,Bluetooth SAR power BIOS setting issue,RF,
bt,_Add_BE200_bios_disableOFFLOAD_and than discover bluetooth headse,Connectivity,Event ID 5002 occurs while disconnecting AP
wifi,T-put HL RX issue,RF,
bt,Clevo_LNL_L2xxLU_HLK_CIS Establishment test error,HLK,ibtpci BSOD 0xFC observed in Factory S4 stress testing
wifi,BE201 50xx events showing in system event log,BSOD,
wifi,"WiFi sensing MSFT HDE validation test fail :When user is in front of DUT, Sometime DUT will not wake up from sleep mode.",Power Consumption,
wifi,WiFi sensing MSFT HDE validation test fail :System will not turn on the host screen in < 1 second when approaching 50cm distance far from the device.,Connectivity,
bt,"Unit cannot change volume by pressing F2/F3 after resume from S4/WB/CB with BT device connected(F/R:1/2units,4/8cycles)",System Hang,
wifi,#NAME?,Connectivity,
wifi,Run CITU test and CITUChecker.exe show error,OEM Tools,
wifi,Unexpected Second P2P Pairing Attempt After Successful Connection,Connectivity,
wifi,Clevo_RPL-U & Refresh_NJxxAW_RTC WAKE _AX201_Wi-Fi YB issue,YB/Lost,
wifi,Frequent 5002 and assert (every 2 seconds) in 24.10 driver,YB/Lost,
bt,HLK Bluetooth test failed,HLK,
wifi,Installation problem for KillerWirelessSuite40.25.1010.1813,Killer,
bt,"SIT, Win11 x64 25H2, Bluetooth LE Audio VSAP - Stereo Render with Mono Capture related items failed on HLK kit not detected, FR: 5/5",HLK,
wifi,WIFI 6E country list,Connectivity,
bt,Win11(25H2)_Hybrid Stress_S4_Device_YB_Intel(R) Dual Bluetooth(R) PCI Enumerator.,YB/Lost,
bt,"CGTT Double roasting test occurred BSOD_0X9F point to ibtpci, FR: 1/330Units, 1/10cycles",BSOD,
bt,BT EVO Test  BTOE Missing Mic Issue,Connectivity,
wifi,BSOD 0x7E occurred when installing OS with WLAN AX210,BSOD,
bt,#NAME?,RF,Frequent 5002 and assert (every 2 seconds) in 24.10 driver
wifi,#NAME?,RF,
wifi,"H484 Stress WiFi MS_ SW drips  90%, HW drips 90%(Color orange, impact device:Intel Wi-Fi 7 BE213 160MHz)in sleep study report during WiFi MS auto stress test.(F/R:6/10units,6/700times)",Power Consumption,
wifi,WLAN YB After modifying options in the advanced properties of WLAN in Device Manager,YB/Lost,
wifi,WLAN will shows YB after install the 24.10 driver,YB/Lost,
bt,Bluetooth no audio after resume from ms,Connectivity,
bt,HLK BLUETOOTH_MULTIMACHINE_HCIEXTENSIONS_V2 test fail,HLK,
bt,_Add_BE200_There is no sound output When connecting the Bluetooth headphones then play loca,Connectivity,
wifi,PC SoftAp not start on the specified channel,Connectivity,
bt,Cant detect Bluetooth MIC when connect Bluetooth earphone.,Connectivity,
wifi,Win11(25H2)_CB cycle hang 1A8W_SUT hang and show 1A8W(BSOD 20001 w/o dump),BSOD,
bt,HLK DirectedFxSystemTest test fail,HLK,
wifi,HPD is not working for 5~20 min after hibernation or hybrid shutdown as connecting to LB,YB/Lost,WLAN YB After modifying options in the advanced properties of WLAN in Device Manager
wifi,"SIO2437586:The ""UefiCnvWlanWTAS"" is not listed under the UEFI setting list.",Connectivity,
wifi,"During Coldboot loop testing, Intel_PIE_SDK_Common.dll created over 100,000 threads, causing the system to freeze",System Hang,
wifi,WIFI Cant auto connect WIFI AP (FR:100&%),Connectivity,
wifi,Garbage screen when switching screens during wirelessly projecting to the TV,Connectivity,
bt,The BT Headphones device will show more times,Connectivity,
bt,can not uninstall Bluetooth driver from device manager,Connectivity,
bt,Intel 800 series motherboards with WIFI CARD AX201 Issue,Connectivity,
bt,Bluetooth cannot auto reconnect after warmboot,Connectivity,HLK DirectedFxSystemTest test fail
bt,Can not play music after BT Off/On then reconnect BT headset,Connectivity,HPD is not working for 5~20 min after hibernation or hybrid shutdown as connecting to LB
bt,Show Couldnt connect when BT off/on then click the BT headset,Connectivity,
wifi,The WiFi sensing feature cannot be enabled using the Week45,Connectivity,"During Coldboot loop testing, Intel_PIE_SDK_Common.dll created over 100,000 threads, causing the system to freeze"
wifi,Failed to connect with a 6G AP when 6G RSSI test by ANT tool in the factory,OEM Tools,
wifi,HP 3LS SIP128553 - EB 630 G9 (Thanos13 PRO 1.0) /Win 11 23H2/KPMG/GA/PC APJ/Intermittent WLAN (Intel AX211) disconnection,Connectivity,
bt,HLK Test Fail:Bluetooth - Audio - Source radio disabled and re-enabled while playing music tone with A2DP offload,HLK,
wifi,BSOD 0x9f occured on factory RUNIN station,BSOD,
bt,BT device lost when running S4 aging test with prepaired Keyboard connected. (SYSTEM EXCEPTION pcie_UpdateDebugDatapathVariablesToScratchBuffer),YB/Lost,
wifi,The unit cannot automatically connect to the MLO network after the S4 is restore,Connectivity,
bt,"Connect BT headset and play music, but audio output from system speaker,",Connectivity,
bt,"Connect one BT headset, but show two BT device at  quick setting",Connectivity,
wifi,P2P Pairing Failure with Andriod phone.,Connectivity,
bt,System occur 0x50 BSOD when updating driver and WU hotfix.,BSOD,Failed to connect with a 6G AP when 6G RSSI test by ANT tool in the factory
wifi,WiFi Link Speed (FM40mk2),Connectivity,
bt,"The system cannot connect to the audio of the poly free 60+ Bluetooth earphones after system restart.(default setting,DC mode)",Connectivity,
bt,"-> Directed FX System Verification Test FAIL due to ""IntelBluetoothAppService""",Connectivity,
wifi,"Stress_CB_The unit occur BOSD_0x9F W/ dump file(Point tointel wifi(Netwaw18))during Stress Coldboot Core Test(F/R:1/20units, 1/5946cycles)",BSOD,BT device lost when running S4 aging test with prepaired Keyboard connected. (SYSTEM EXCEPTION pcie_UpdateDebugDatapathVariablesToScratchBuffer)
bt,The Bluetooth show YB (code 10) When turn on wifi .,YB/Lost,
bt,"The SW Drips is 0 and HW drips no value(Intel(R) Dual Bluetooth(R) PCI Enumerator(\_SB.PC00.BTPC)) after entering MS more than 10mins.(FR:1/2units,2/10cycles)",Connectivity,
bt,BT headset can not adjust audio volume,Connectivity,
wifi,BE211 & BE213 wifi device show yellow mark,Connectivity,P2P Pairing Failure with Andriod phone.
software,"[NEC][LCFC][Citron3_VP][25H2][ICPS]ID0(Child process [10672 - IDBWM.exe] finished with 255) and ID7034(Intel Dynamic Bandwidth Management Service) shows up while running FSU long run test.[FR: 4/750,1.6%][1/1 Units]",ICPS,
wifi,The first time using Miracast to connect may have a chance of failing to connect.,Connectivity,
wifi,"When connected to an MLO network with 2.4G/5G/6G, PV units cannot enable 5G mobile hotspots.",Power Consumption,
wifi,Wi-Fi 7 BE211 device lost during hybrid shutdown stress-BIOS Miss-configuration,YB/Lost,"-> Directed FX System Verification Test FAIL due to ""IntelBluetoothAppService"""
wifi,WLAN YB(Code 10)/BT Lost with EB4 drives during CB stress(Error ID5001/5010)(F/R: 1/14 UUTs 1/4200 Cycles),YB/Lost,Show No Internet when connected HP internal network
wifi,Disconnected the wifi during use.,Connectivity,
bt,Swift Stingray & Grouper could not read BT SAR power,RF,
software,ICPS UI displays during OOBE,ICPS,
bt,The BT driver shows as YB in DM when the system is idle.,YB/Lost,
wifi,Bandwidth allocation ratio,Performance,
na,"14""/16"" MLO link issue when connect to WIFI7 router",Connectivity,
wifi,P2P unpair caused by Deauthentication.,Connectivity,
tools,"BIOS Tool  -get_tas_info find unexpected Blocked Countries : US , CA",RF,
wifi,"[FVT1 Wi-Fi 7 BE213 enter modern standby show  SW/HW drips ""65%""(\_SB.PC00.CNVW\\_SB.PC00.RP04.PXSX)",Connectivity,
wifi,P2P pairing failure - GO started but no connection from GC(GB5),Connectivity,
wifi,BE211 connect different AP MLO no internet,Connectivity,
wifi,"The UUT show event ID 17/5055 errors when coldboot test .(F/R 2/20 UUTs, 2/6000Cycles)",Connectivity,
software,"[NEC][LCFC][Citron3_VP][25H2][ICPS]ID0(Child process [10672 - IDBWM.exe] finished with 255) and ID7034(Intel Dynamic Bandwidth Management Service) shows up while running FSU long run test.[FR: 4/250,1.6%][1/1 Units]",ICPS,ICPS UI displays during OOBE
bt,"The RerunCS test result show Fail (device lost: Intel(R) Wireless Dual Bluetooth(R)) and the Device Manager show yellow bang (Intel(R) Dual Bluetooth(R) PCI Enumerator) when running Stress-MS.(F/R:1/40units,75/4885",YB/Lost,
wifi,The .pnvm file was not be packed inside the GaPWlanFw.bin( Intel WLAN UEFI 3.3.16.25315),Connectivity,
wifi,BE200_LNL_Use UEFI_3.4.00.25432G BIOS_WiFi_manager not found WiFiSSID,Connectivity,
wifi,AP scan issue  Specific APs missing from scan list for long time(3~15min),Connectivity,
wifi,ADL-S AX211 Device loss under OS after installation under S5,YB/Lost,
wifi,PC connection to 6G backhau,Connectivity,
wifi,Ant Tool DLL ERROR,OEM Tools,
bt,Oasis MTL BSOD 0x9F point to BthA2dp,BSOD,
wifi,X6PT47TJ Layout review for CNVio2/3 M.2 WIFI module,Connectivity,
wifi,X6PT47TJ Schematic review for CNVio2/3 M.2 WIFI module,Connectivity,
wifi,The probability of NOA Interval changes to 51200.,System Hang,
wifi,GB&QA is missing ch144.,Connectivity,
wifi,BE211 cannot connect to hotspot after remote turn on with BT,Power Consumption,
bt,Turn on/off Bluetooth found device manager BT lost,Connectivity,AP scan issue  Specific APs missing from scan list for long time(3~15min)
wifi,Wi-Fi disconnected while no AP list found after video streaming long run test,Connectivity,
bt,PTL-H BT audio offload,Connectivity,
wifi,Taroko LNL Sensing Enablement failed with GfP but FmP,Connectivity,
wifi,WiFi/BT yellow bang and HWID change to incorrect value after system WB/CB.,YB/Lost,
wifi,The SW and HW values is lower than 90% when  resume from MS after enter MS 20min when Connect to an AP without network,Connectivity,
bt,Winpvt-MeatGrinder+Direct3D+AC/DC Cycling (8 hrs)-The unit shows 0x133 Blue Scre,BSOD,
wifi,WiFi throughput degrades after upgrading Windows OS,Connectivity,
wifi,Question about WiFi Sensing Detection Time,Connectivity,GB&QA is missing ch144.
wifi,"PC connected 2.4G/5G AP(802.11AX/AC,20M/40M) do UDP downstream can not meet spec.(F/R:1/1U,6/6C))",Connectivity,
bt,Intel(R) Wireless Dual Bluetooth(R) Device YB during Modern Standby - FW Exception,YB/Lost,
wifi,CNVi module BE211 yellow bang in device manager in NVL-S platform,YB/Lost,
na,BT Lost Device Issue on Modern Standby,YB/Lost,
bt,Inter BT device show YB with error code38 during running Mike-II S4 manual resume test. (F/R: 3/8Units),YB/Lost,
wifi,KUN_LNL_add country code use 24.0.2.1bios_tool check return fail for BE200.,Connectivity,
wifi,S3 WAKE ON WLAN,Connectivity,WiFi/BT yellow bang and HWID change to incorrect value after system WB/CB.
wifi,Run Wi-Fi PLDR Validator test will get fail results.,YB/Lost,
wifi,WiFi Sensing is no sensitivity,Connectivity,
wifi,WLAN sensing function missed,Connectivity,WiFi throughput degrades after upgrading Windows OS
tools,Tx power setting issue after applying WGDS in DRTU,OEM Tools,
bt,BSOD 0x139 caused by bluetooth,BSOD,
bt,BSOD caused by bluetooth 0X9F,BSOD,Intel(R) Wireless Dual Bluetooth(R) Device YB during Modern Standby - FW Exception
wifi,"The result show fail when running Stress-WiFi Ping (S4) test.(F/R:11/40units,13/4000cycles)",Connectivity,
wifi,Wi-Fi Configuration doesnt list in 3rd Party Option ROM Management (F3).,Connectivity,
wifi,CITU Check,OEM Tools,
wifi,wifi disconnect from 2.4G AP when plug-in a specific 2.4G wireless ROG keyboard,YB/Lost,
wifi,"When a computer connects to another computer via wireless display mode, playing videos may result in audio and video lag issues.FR: 2/2 unit , 10/10cycles)",Performance,
wifi,"When the phone is connected to the computer via wireless mode, using the PC mouse to operate the phone experiences lag.(FR: 2/2 unit , 10/10cycles)",Performance,
bt,PC2TV failed by ble due to AFH  problem.,Connectivity,
bt,Timeout does not work as UEFI spec in Intel UEFI BLE Driver,UEFI,
software,WLAN Layout review request,Killer,
software,WLAN Schematics review request,Killer,
bt,PC scan phone slowly with 10% duty,Performance,
bt,PC scan phone slowly with 100% duty,Performance,
tools,How to set the UATS table settings? Are there any tools?,UEFI,
bt,long run S4 BT YB,YB/Lost,
bt,Use WRT tool to check BIOS Value show error.,UEFI,wifi disconnect from 2.4G AP when plug-in a specific 2.4G wireless ROG keyboard
wifi,"6G Weak Signal browser web page disconnected (F/R1/1u,40/200C)",Connectivity,
wifi,PPAG Fucntion Porting,RF,
wifi,A PCs Wi-Fi driver is,Connectivity,PC2TV failed by ble due to AFH  problem.
wifi,A PCs Wi-Fi driver is YB and this issue always occurs.,YB/Lost,Timeout does not work as UEFI spec in Intel UEFI BLE Driver
wifi,Intel BE200 WIFIBE 6GSSID WPA3(PS:BE 5G/2.4GSSID ),Connectivity,
software,Application error(IDBWM.exe) occurred.,Killer,
wifi,The BIOS tool cant read the UEFI EWRD settings (AX211 and BE211),OEM Tools,"""2 channel, 16bit, 32000Hz"" is not available in Sound property after clean installation iSSTs handshare driver."
wifi,"Error message:""Error reported by Windows in the System Event Log: Microsoft-Windows-WLAN-AutoConfig:10000""occurred when run vCosmos_WinPVT v11.16.0 Standby Functional Test.",Connectivity,
wifi,PPAG/WDGS Impliment,RF,
wifi,Win11(25H2)_MS resume idle hang 1A8W_SUT hang after restart and show 1A8W(w/o dump),System Hang,
wifi,Wi-Fi 7 BE211 device lost during hybrid shutdown stress,YB/Lost,
wifi,Intel Connectivity Performance suite,Connectivity,
tools,Bolan PTL BE211 no UefiCnvBtBRDS  field in WRT tool,Connectivity,
wifi,The Mirroring pairing failure with Samsung TV.,Connectivity,
wifi,Miracast is disconnected unexpected between two PCs.,Connectivity,
wifi,WLAN and WiDi auto disconnect.,Connectivity,
software,Unable to connect to the AP that uses the Enhanced Open security type in ICPS\Network Health,ICPS,
bt,"""R"" side will disconnect then connect automatically after pair BT le headphone with unit.(AX211)",Connectivity,Application error(IDBWM.exe) occurred.
tools,BIOS Tool,OEM Tools,
bt,The Bleutooth HLK fail,HLK,
wifi,"Turn on/off WIFI occur auto reconnect 6G AP faile(F/R1/1u,27/200C)",Connectivity,
tools,DRTU  23.165.0.4,OEM Tools,
wifi,V265KNN1_WLAN_YB_AFTER_PLAY_ONLINE-GAME_APEX-LEGAND,YB/Lost,Wi-Fi 7 BE211 device lost during hybrid shutdown stress
wifi,"Turn on/off WIFI occur auto reconnect 6G AP faile(F/R1/1u,82/200C)",Connectivity,Intel Connectivity Performance suite
wifi,VLP/SP mode Tx power setting issue by DRTU,Power Consumption,Bolan PTL BE211 no UefiCnvBtBRDS  field in WRT tool
bt,BT test fail when using BIOS tool  23.160.0.0,Connectivity,
wifi,"6G Weak Signal Automatic Reconnect Failed (F/R1/1u,40/200C)",Connectivity,
software,Add SSID in Killer 1750w for Wlan BT driver,Killer,
bt,WiFi disconnected at DC mode,Connectivity,Unable to connect to the AP that uses the Enhanced Open security type in ICPS\Network Health
wifi,"Turn on/off WIFI occur auto reconnect 6G AP faile(F/R1/1u,60/200C)",Connectivity,
wifi,Wi-Fi 7 AP router MS SW drips 0%,Connectivity,
wifi,"Roaming failed once during reconnect to the 2.4G AP. F/R: 1/1u, 1/50C",Connectivity,
bt,"The units show BSOD(stop code:DRIVER_POWER_STATE_FALURE, bug check ID:0x9f) after restart.(F/R:1/2units, 1/6cycles).",BSOD,
bt,"Default, 16_1, 1 channel test",Connectivity,
bt,[HP][Deso & Esa][Graham][PTL]The unit will show fail result after running Bluetooth - HciExtensions3V2 (Development and Integration) test with[intel],Connectivity,
tools,EVO WiFi connectivity problem,Connectivity,"Turn on/off WIFI occur auto reconnect 6G AP faile(F/R1/1u,82/200C)"
software,System event log report an error: Intel Connectivity Network Service:16 during Hibernation Functional Test.,Killer,VLP/SP mode Tx power setting issue by DRTU
wifi,"Stress-MS,System show Bluetooth related device lost and Intel(R) Dual Bluetooth(R) PCI Enumerator yellow bang in device manager.(F/R: 1/20u,1/2500c)",YB/Lost,
wifi,"AX211 - 2.4Ghz issues on PC14250s, PC16250s",Connectivity,
wifi,PC query via DRTU indicates that Georgia and Oman do not support 6G.,OEM Tools,Add SSID in Killer 1750w for Wlan BT driver
wifi,WLAN failure on PTL Platforms with BE211 QS Module,Connectivity,
bt,"Manually disconnect LE Audio headset, but it will auto reconnect",Connectivity,
wifi,PPAG Fucntion Porting,RF,
bt,"The output sound device of the Bluetooth headset is recognized, but the input sound device is not.",Connectivity,"Roaming failed once during reconnect to the 2.4G AP. F/R: 1/1u, 1/50C"
software,Sensitive Cleartext string Transmitted via IPC reported on IntelConnect.exe,Killer,
bt,[MS-14T2] [24.0.0.2 with 24.10.0.1 DRTU tool BT and not turn on],Connectivity,
wifi,"DRTU setting for ""CA"" UNII-6 SP Tx power not work issue",Power Consumption,
wifi,The unit will turn off the screen when sitting in front of the unit doing other things,Connectivity,
bt,PCI BSOD 0x133 occurred during running CER Web Browsing.,BSOD,System event log report an error: Intel Connectivity Network Service:16 during Hibernation Functional Test.
wifi,WiFi was disconnected as resuming from modem standby.,Connectivity,
bt,: Bluetooth - Audio - Source radio disabled and re-enabled while playing music tone with A2DP offload test failed,Connectivity,
wifi,Problem of failed Miracast wireless connection from PC to smart TV(6/10).,Connectivity,PC query via DRTU indicates that Georgia and Oman do not support 6G.
wifi,Event ID: 5010 appeared in Event Viewer after install driver.,YB/Lost,WLAN failure on PTL Platforms with BE211 QS Module
bt,"Stress-MS,System show Bluetooth related device lost and Intel(R) Dual Bluetooth(R) PCI Enumerator yellow bang in device manager.(F/R: 1/20u,1/2500c)",YB/Lost,
bt,There are some Kernel-PNP events with event ID 1040 showing Bluetooth devices USB\VID_8087&PID_0037\5&1c9dc956&0&10. A platform-level device reset has been requested.,Connectivity,
wifi,[Foxconn][Acer][PTL][NB],Connectivity,
wifi,P2P Pairing Failure After Provisioning.,Connectivity,Sensitive Cleartext string Transmitted via IPC reported on IntelConnect.exe
wifi,P2P Pairing Issue - Malformed on EAP 4way H/S,Connectivity,
bt,"CIPS-43181   Dell Latitude laptops (3450/7450) - Zebra RS5100 Ring Scanner experiences Bluetooth link failures when using the ""Scan to Connect"" software",Connectivity,"DRTU setting for ""CA"" UNII-6 SP Tx power not work issue"
wifi,An Installation Failure message appears when running the Intel Software Installer.,Connectivity,The unit will turn off the screen when sitting in front of the unit doing other things
bt,Bluetooth Audio score on PTL Athena,Connectivity,PCI BSOD 0x133 occurred during running CER Web Browsing.
wifi,"6G Weak Signal Automatic Reconnect Failed (F/R1/1u,22/200C)",Connectivity,WiFi was disconnected as resuming from modem standby.
wifi,wireless connection and network performance issues,Connectivity,
wifi,"Stress-MS, BE211 320MHZ caused SW&HW drips(SW:2%/HW:2%) not meet SPEC(90%).",Performance,
software,"Application error with Event ID 1000 ""IDBWM.exe"" found in long run test",Killer,
software,ICPS UI compatibility issues in dark mode/light mode,ICPS,
bt,Bluetooth icon shows grey in quick setting when turn off BT then turn on it.(AX211),Connectivity,
bt,Connected Bluetooth audio devices will disconnect automatically when an external monitor with audio capabilities is connected to Windows,Connectivity,
bt,Bluetooth headset experiences audio stuttering during prolonged audio playback (as a stress test) on Windows,YB/Lost,
bt,Bluetooth headset fails to connect automatically after Windows is resume from shutdown,Connectivity,
bt,Bluetooth mouse connected but unresponsive after resume from shutdown,Connectivity,
wifi,":Test auto stop and server show error massage when do wlan stress test by iperf3(2/2 units, 4/4 trials)",Connectivity,
wifi,"Error message:""PCI configuration change detected""occurred when run vCosmos_WinPVT v11.15.0 Restart Test.",System Hang,
wifi,"Error message:""MAC address is invalid""occurred when run vCosmos_WinPVT v11.15.0 Restart Test.",Connectivity,
wifi,[HP][bDT][SI-build][Moomin][PTL-H][BE211][ES2][W11_25H2],Connectivity,
wifi,"Roaming failed twice, with two failed attempts to reconnect to the 5G hotspot. F/R: 1/1u, 2/50C",Power Consumption,
wifi,"After the BE211 card connects to the WiFi7 (802.11be) AP, the protocol column still shows WiFi 6 (802.11ax).",Connectivity,"Application error with Event ID 1000 ""IDBWM.exe"" found in long run test"
tools,DRTU show Tx Uncalibrated  issue,OEM Tools,ICPS UI compatibility issues in dark mode/light mode
software,Bluetooth device cant be disconnected with ICPS installed,ICPS,
wifi,"The PTL+BE211 QS will randomly lost the HWID, the driver is 24.0.2 HF",YB/Lost,
wifi,"BSOD 0x7E W/ dumple file occur stop perf3_test_too and Restart.(FR:3/3 units,4/9 trials)",BSOD,
wifi,[MS-14T2] [DRTU show error],OEM Tools,
wifi,VLP support on Brazil,UEFI,
wifi,Event log show ID:5055 during MS stress(F/R: 3/20 UUTs 5/6000 Cycles),Connectivity,
wifi,BT YB due to wifi assert 0x4444,YB/Lost,"Error message:""PCI configuration change detected""occurred when run vCosmos_WinPVT v11.15.0 Restart Test."
bt,YB in Device Manager when  press any key on the Bluetooth keyboard/mouse to wake up the UUT.,YB/Lost,
bt,BSOD_0x7E(stop code:SYSTEM_THREAD_EXCEPTION_NOT_HANDLED) occurred when run PassMark BurnIn Test.,BSOD,
software,High ICPS power consumption in Teams 3*3 test scenario,ICPS,
software,ICPS memory usage cant meet Lenovo preload app spec,ICPS,
wifi,SUT can search for 5.0GHz Wi-Fi with channel 165 on Indonesia image (PTL+WhP2),Connectivity,DRTU show Tx Uncalibrated  issue
bt,"The BT driver cannot be uninstalled from the driver details page in Device Management, FR: 4/4Units, 8/8cycles.",Connectivity,
software,Wrong speed showed on KILLERs UI,Killer,"The PTL+BE211 QS will randomly lost the HWID, the driver is 24.0.2 HF"
wifi,"Unit auto disconnects from the network and bluetooth show yellowbang when idle.(FR:1/2units,5/10cycles)",Connectivity,
bt,BT YB with MS stress,YB/Lost,
wifi,GO go to ping GC failed,Connectivity,
wifi,connectivity issue at Shibuya,Connectivity,
bt,BT headset no output after S4 resume,Connectivity,BT YB due to wifi assert 0x4444
bt,The BT reset automatic cause the BT sound connect,Connectivity,
bt,WiFi / Bluetooth frequently show YB behavior.,YB/Lost,
tools,DRTU MCC setting doesnt work on bt/modulated Tx  page.,OEM Tools,High ICPS power consumption in Teams 3*3 test scenario
bt,DRTU dont set MCC in BT,Connectivity,ICPS memory usage cant meet Lenovo preload app spec
bt,The BT function of DRTU tool is unavailable to connect,Connectivity,
wifi,WiFi / Bluetooth frequently show YB behavior.,YB/Lost,
wifi,"Intel(R)Wi-Fi 6E AX211 160MHz"" show YB during WinPVT Power Off stress",YB/Lost,Wrong speed showed on KILLERs UI
wifi,"Batterylife_Battery Leackage_Unit show blue screen(Stop code: DRICER_POWER_START. (F/R: 1/3units,1/3cycles)",BSOD,
bt,"The media player show error(0x888900F) when connecting another brand headset(Samsung/Sony) after having already connected a TWS headset.(F/R:2/2units,2/8cycles).",BSOD,
wifi,"The PC failed to ping the WiFi AP packet(F/R: 1/1u, 1/200C)",Connectivity,
wifi,"After install Wi-Fi driver 24.0.0.1 on PTLEVA3, YB occurs",YB/Lost,
wifi,"When the Trend Micro software is installed, Wi-Fi PLDR event occurs during Mods, and the WLAN device disappears after resuming from Mods.",YB/Lost,
bt,"BT headset change to Connected mic, audio from ""connect"" takes long time when unit resume from S4,(FR:1/2units,1/14cycles",System Hang,
wifi,"Shudown and power on the test PC found reconnect 5G fail(F/R: 1/1u, 1/200C)",Power Consumption,
bt,BT headset no sound,Connectivity,DRTU MCC setting doesnt work on bt/modulated Tx  page.
wifi,Intel AX211 Wifi frequently disconnecting,Connectivity,
wifi,"During test PC perform iperf download test occur reconnect 5G fail(F/R: 1/1u, 5/45C)",Connectivity,The BT function of DRTU tool is unavailable to connect
bt,system hang while BE201 BT enable issue,System Hang,WiFi / Bluetooth frequently show YB behavior.
bt,BE211 BT YB code 31 during sleep resume test,YB/Lost,"Intel(R)Wi-Fi 6E AX211 160MHz"" show YB during WinPVT Power Off stress"
wifi,"when an AP is connected, DUT wakes up intermittently without human detection",Connectivity,
wifi,P2P transfer Failed,Connectivity,
wifi,System no sound form BT earbuds and BT YB caused by wifi assert 0x503/502,YB/Lost,
wifi,System no sound form BT earbuds and device manager show Intel(R) Bluetooth PCI,Connectivity,
wifi,"WLAN driver: 24.0.0.1 has YB after installation.(FR:2/2units, 6/6times)",YB/Lost,
bt,[Lenovo][Aladdin][MP][BE201]Bluetooth earphone volume resets to 100% after reconnection. [2/2 machines; 6/6 errors],Connectivity,
wifi,The system can find the 6GHz mobile hotspot even when the systems MCC is set to an unavailable country.,Power Consumption,
wifi,DUT cant enter to Sleep without display process,Power Consumption,
bt,CPU Exception occurs when BIOS starts with UEFI BLE Driver,UEFI,
wifi,P2P  transmission Failed while transferring Quick Share,Connectivity,
wifi,HPD didnt work after boot.,Connectivity,
bt,: Bluetooth - Platform support for Error Recovery test failed,Connectivity,
wifi,The 6G Wi-Fi list cannot be found after changing the MCC to US through ANT tool,System Hang,
wifi,The unit cannot be awakened from MS when tester near by it after entering MS 20mins,Connectivity,
bt,"Modern Standby SW/HW drips is currently below the 90% target, always fail on BT device.",Connectivity,System no sound form BT earbuds and BT YB caused by wifi assert 0x503/502
bt,BT device lost when running reboot aging test.,Connectivity,
software,Registry keys left over after ICPS uninstallation,ICPS,
wifi,BSOD DRIVER_POWER_STATE_FAILURE(0x9F) encountered during Windows Update[1/4 tota,BSOD,
wifi,"SUT cant search for 5.0GHz Wi-Fi after setting ""Wi-Fi Channel"" to 165 and then idling for about 2 minutes.",OEM Tools,The system can find the 6GHz mobile hotspot even when the systems MCC is set to an unavailable country.
bt,No sound output from BT headset or internal speaker after pair BT headset.(AX211),Connectivity,
wifi,5002 event occurred on 1 platform out of 5 platforms.,YB/Lost,
wifi,The units canoot be wake up when tester back in front system,Connectivity,
wifi,CBP test fails during FCC certification,Connectivity,HPD didnt work after boot.
software,Logitech K780 BT keyboard cant be listed in ICPS Bluetooth UI,ICPS,
software,ICPS will crash when switch Light/Dark mode after editing BT device name,ICPS,
software,There is no response after clicking JOIN when select an AP to connect in ICPS UI,ICPS,
tools,The NDT tool test result is abnormal (~8xdb ),OEM Tools,The unit cannot be awakened from MS when tester near by it after entering MS 20mins
wifi,[HONOR][HUAQIN][WCL][AX211][2230&1216][LvzhouD][[EVT][layout][#1],Connectivity,
wifi,"WiFi show ""no internet"" after Roaming in the school.",Connectivity,
wifi,"The EUT has presented YB during longrun_AC-S0i3 with  LongRunATS_AOAC_v5.2(FR:1/15 tunits,1/3000 trails)",YB/Lost,
tools,PTL Killer 1775S WiFi 7 NDT/DRTU/CITU module display name error,OEM Tools,
wifi,Two GC devices failed to obtain the LAN WLAN gateway address.(F/R1/1u1/6C),Connectivity,
wifi,"Downstream flow shed zero (F/R1/1u,1/40C)",Connectivity,
wifi,Install v23.160 WLAN device YB,YB/Lost,5002 event occurred on 1 platform out of 5 platforms.
wifi,"2.4GHz and 5GHz band switching roaming, 5G reconnect failure. F/R: 1/1u,3/50C",Connectivity,
bt,UUT BT YellowBang  after reboot (code10),Connectivity,
wifi,WLAN&BT devices is repeatedly dropping and reconnecting.,Connectivity,Logitech K780 BT keyboard cant be listed in ICPS Bluetooth UI
wifi,CITU marginal test fail analysis (FM232 DVT1.5),OEM Tools,ICPS will crash when switch Light/Dark mode after editing BT device name
tools,CITU marginal test Fail,OEM Tools,
wifi,The unit can detect AP channels other than 32-144 after setting the country code to Japan.,Connectivity,The NDT tool test result is abnormal (~8xdb )
bt,"The units show ""Inter(R) Dual Bluetooth(R) PCI Enumerator"" YB in DM after Video Call+Video Playback+Wi-Fi+PVT Audio Sample Playback with overnight(AC) Test (1 out of 2 units, 1 out of 4 units)",YB/Lost,
bt,"The units pressing the ""turn off/on WIFI"" button will disconnect the sound from the PC during using the ""Bluetooth Audio Receiver"" app to connect to mobile phone and play music.(2 out of 2 units, 10 out of 10 times)",Connectivity,"WiFi show ""no internet"" after Roaming in the school."
bt,"The units show 0x9f BSOD (Stop code: DRIVER_POWER_STATE_FAILURE) during connect bluetooth speaker and restart.(1 out of 2 units, 1 out of 6 times)",BSOD,
tools,WLAN NDT test result has higher noise result,OEM Tools,PTL Killer 1775S WiFi 7 NDT/DRTU/CITU module display name error
wifi,Stress_MS_SW drips is under 90%(relate to Intel Wifi7 BE201/BE211 ) when run MS test 10min with wifi connect (F/R:9/30units ),Connectivity,
wifi,"When connecting to a 6GHz AP, UHB is being used for SPD.",Connectivity,
wifi,"AX211S3,Wake On Wirelan Random",Connectivity,Install v23.160 WLAN device YB
bt,the units speaker cannot immediately change to BT earphone(have 20S delay) after repeatedly change connect/disconnect in system device.,System Hang,
bt,Intel BT device show YB.,YB/Lost,
bt,BE211 BT swift pair not wotking,Connectivity,WLAN&BT devices is repeatedly dropping and reconnecting.
wifi,2.4GHz 11AX mode TPT degradation between BT ON/OFF,Connectivity,CITU marginal test fail analysis (FM232 DVT1.5)
wifi,WLAN device will show YB and cant search.,YB/Lost,
wifi,SIP128099 - PB 440G11 (Olaf14) / Central Retail Corp. Public Co/GA/ Intal AX211 WI FI disconnect intermittently/PC APJ/TH,Connectivity,
wifi,WLAN/BT disappear and disconnect during RF Immunity test (#2 50V/m / 300MHz-400MHz),Connectivity,
bt,HLK Test - Bluetooth  LEExtendedAdvertising (Development and Integration) test failed (FR:5/5),HLK,
bt,"SUT shows YB "" Intel Dual Bluetooth PCI Enumerator "" with error code 31 after idling overnight under DC mode.",YB/Lost,
wifi,"Opening ICPS APP, the Network Health page shows no WIFI AP related information, only displaying the message ""Wireless radio disabled or Airplane Mode enabled.""",ICPS,
wifi,6GHz Wi-Fi Scanning Failure - MCC ROW Setting Issue.,Connectivity,
wifi,Persistent Wi-Fi roaming and disconnection problems affecting Dell laptops with Intel BE200 and AX211 adapters,Connectivity,
bt,Intel PCI Enumerator YB while DUT perform USB Dock S4 stress test.,YB/Lost,
wifi,WiFi sensing parameter tuning,Connectivity,
bt,"""0x7e"" BSOD occurs during idle unit on AC mode.(Intel BE211)",BSOD,
wifi,Enable Wifi sensing in Jarvis LNL platform.,Connectivity,
wifi,System ping test fail during run Wi-Fi MS,Connectivity,2.4GHz 11AX mode TPT degradation between BT ON/OFF
tools,Killer BE1775 cannot run the CITU tool,OEM Tools,
wifi,"6G Weak Signal Automatic Reconnect Failed (F/R1/1u,76/200C)",Connectivity,
bt,BT LE Headset no sound output during video call by Teams/zoom.,Connectivity,WLAN/BT disappear and disconnect during RF Immunity test (#2 50V/m / 300MHz-400MHz)
software,Intel Connectivity Performance Suite cant launch,Killer,
bt,Found a bluetooth sub-items yellow bang after connect SUT or BT device perform then disable/enable bluetooth in Device Manager.,YB/Lost,
wifi,"error message ""unknown device"" pop up when exuting CITU.exe",OEM Tools,
software,Connect state of AP connection has not updated over 30 min in Network Health page,Killer,
wifi,"Failed to automatically switch between 2 APs (F/R: 1/1u,3/200C)",Connectivity,Persistent Wi-Fi roaming and disconnection problems affecting Dell laptops with Intel BE200 and AX211 adapters
wifi,"The result show fail when running Stress-WiFi Ping (MS) test.(F/R:3/40units,84/2800cycles)",Connectivity,
wifi,"The result show fail when running Stress-WiFi Ping (Reboot) test.(F/R:7/40units,10/4000cycles)",Connectivity,Intel PCI Enumerator YB while DUT perform USB Dock S4 stress test.
wifi,BIOS code wont install gEfiWiFi2ProtocolGuid because of BIOS code judge current driver.bin has no BE211 data.,Connectivity,
wifi,Intel BE200 2.4/5G have Pulse Power,Power Consumption,
wifi,WOA cant work after enter MS,OEM Tools,
software,ICPS cant be installed,ICPS,
bt,"YB ""Bluetooth Device (RFCOMM Protocol TDI)""&""Microsoft Bluetooth Enumerator"" show in DM after disable/enable BT driver in DM with BT unit connected.(Intel BE211)",YB/Lost,Killer BE1775 cannot run the CITU tool
bt,"Verify Bluetooth HID, A2DP, HFP, LE audio voice call work concurrently",Connectivity,
bt,[MS-14T2][WW38/39][verify Teams Video call with volume change],System Hang,
bt,MS-14T2][WW38/39][BT LE Audio fail],Connectivity,
bt,25H2 HLK System Test with Bluetooth v23.160 PV,HLK,
wifi,ThinkPad X13 Gen3--The disconnection was caused by timeouts,Connectivity,
bt,BT mouse can not auto connect after reboot,Connectivity,Connect state of AP connection has not updated over 30 min in Network Health page
bt,HW/Sw drips 0% caused by Bluetooth 10%,Connectivity,
wifi,Intel AX201 WiFi Roaming Issue with Windows Cu,Connectivity,
bt,BT mic cant work,Connectivity,
bt,BT YB after idle with FVT build,YB/Lost,
wifi,WIFI YB(0x508 & 4009) when idle. (Fail Rate: 6/220 units),YB/Lost,
bt,: Intel Dual Bluetooth PCI Enumerator show YB after running ME_PM_8.1,YB/Lost,
wifi,Due to WiFi 5055 event happens then BE200 BT device lost during S4 stress test,Connectivity,ICPS cant be installed
bt,"Volume OSD cant change 6 to 0 when connect BT speaker. (F/R: 2/2u, 4/4c)",System Hang,
wifi,Abnormal increase in WiFi power consumption,Power Consumption,
wifi,WiFi sensing design review request,Connectivity,
wifi,WRT Preset Inquiry: For Simultaneous Wi-Fi & BT Logging,Connectivity,
wifi,The bluetooth will occur YB( error code:31) when running Wifi/BT function  test.,YB/Lost,
wifi,WLAN Device YB,YB/Lost,
bt,"DRTU ""BT Linked mode"" malfunction in 404 4Xe3",Connectivity,
bt,"DRTU ""BT Linked mode"" malfunction in 404 4Xe3",Connectivity,
wifi,Cannot connect to this network WPA3 Enterprise,Connectivity,
bt,"After moving one side of buds to link loss area and reconnect, both earbuds produce a persistent crackling noise",Connectivity,
wifi,WLAN and BT will be lost for 1sec during file transfer via BT,Connectivity,
wifi,TPT degration on end customer site.,Performance,WIFI YB(0x508 & 4009) when idle. (Fail Rate: 6/220 units)
bt,Bluetooth mouse lag at cpu heavy loading + DC  mode,Connectivity,
wifi,"The ANT tool show Fail status when using Intel antenna tools to modify MCC from China to the United States(0 out of 2 units, 0 out of 10 times)",OEM Tools,
wifi,"Roaming failed twice, with two failed attempts to reconnect to the 5G hotspot. F/R: 1/1u, 2/50C",Power Consumption,
software,A message pops up when manually launching ICPS before it appears in the sys tray,ICPS,
software,"ICPS 40.25.909.171 - Setting changed after switch ""Enable Smart Access Point Selection""",ICPS,
software,"ICPS40.25.909.171 version. Reset button cannot work for ""Enable Smart Point Selection"" relevant of settings",ICPS,
wifi,"BT/WIFI LOST,CANNOT BE RECOVERED",Connectivity,
software,"Disable ""Enable smart access point selection"" , ""pop-up notification for a better network"" option still remain enabled",Killer,WLAN Device YB
software,Gaming category is not shown,Killer,
wifi,"Hibernation reconnection did not automatically switch to 5G (F/R: 2/2u, 37/100C)",Connectivity,
bt,BT shows YB with code 31 due to WiFi Assert 0x2010121e,YB/Lost,
bt,Use BT Speaker adjust system volume show mute,Connectivity,
bt,[Lenovo][Compal]PTL][BE211_2230][ideapad S5P],Connectivity,
wifi,"CNVI 2 & CNVI 3 DSN & BRD checks , and CNVI 3 Signal Simulation",Connectivity,WLAN and BT will be lost for 1sec during file transfer via BT
wifi,Gemtree MV report WLAN Missing after restart,Connectivity,
wifi,[Foxconn]-[Acer]-[Panther lake]-[NB],OEM Tools,
wifi,BE211 WIFI YB after system idle for a while assert 0x20100505,YB/Lost,
wifi,"The SW/HW Drips < 90% (Intel(R) Wi-Fi 7 BE211 320MHz (\_SB.PC00.CNVW)) when running Stress-MS.(F/R:26/40units,142/5000cycles)",Performance,
tools,WiFi Desense Result Mismatch on BE211 vs AX211,Connectivity,A message pops up when manually launching ICPS before it appears in the sys tray
wifi,"Playerfab HDCP video will lag for 5S when disconnecting miracast by turning off wifi.(F/R:2/2units,8/8cycles)",Connectivity,
wifi,Intel AX211 on Multiple Platforms WLAN Disconnect when Roaming Cisco AP,Connectivity,"ICPS40.25.909.171 version. Reset button cannot work for ""Enable Smart Point Selection"" relevant of settings"
wifi,"CNVI 2 & CNVI 3 DSN & BRD checks , and CNVI 3 Signal Simulation",Connectivity,
wifi,2.4GHz 11ax mode T-put problem,Performance,"Disable ""Enable smart access point selection"" , ""pop-up notification for a better network"" option still remain enabled"
wifi,wifi suddenly disconnected and reconnect failed during MS,Connectivity,Gaming category is not shown
bt,"DRTU ""BT Linked mode"" malfunction in 484 4Xe3",Connectivity,
wifi,Wifi will have intermittent disconnect with Aruba AP.,Connectivity,BT shows YB with code 31 due to WiFi Assert 0x2010121e
wifi,BT driver show YB in the factory (WiFi Assert 0x2010121e),YB/Lost,
bt,BTS4,Connectivity,
wifi,WLAN YB during MFG run-in SOVP process,YB/Lost,
wifi,BE211 WiFi and Bluetooth driver YB,YB/Lost,
wifi,Wireless WiFi is lost on 23.160,Connectivity,
wifi,BSOD-0x9F during S4 stress test,BSOD,BE211 WIFI YB after system idle for a while assert 0x20100505
bt,Yellow Bang on BT (code 31),YB/Lost,
wifi,WW37 GC WiFi driver cannot install,Connectivity,WiFi Desense Result Mismatch on BE211 vs AX211
wifi,BE211 RX TPT is worse than BE201 in Wi-Fi 6E 80MHz or 160MHz when connected to ASUS GT-AXE11000(3.0.0.4.386.42489),Performance,
wifi,CITU not work with 23.165,OEM Tools,
bt,"After pairing the Bluetooth headset, the sound output  takes about 15 seconds to switch to the headset.",Connectivity,
wifi,WLAN show YB on DeviceManager and event log show error by run S4 stress,YB/Lost,
wifi,WLAN show YB on DeviceManager and event log show error by run S4 stress,YB/Lost,wifi suddenly disconnected and reconnect failed during MS
wifi,Intel 6E AX211 WLAN driver YB (SI phase factory build issue),YB/Lost,
bt,"Three Bluetooth devices fail to reconnectF/R2/2u,22/30C",Connectivity,
wifi,CITU issue,OEM Tools,BT driver show YB in the factory (WiFi Assert 0x2010121e)
software,"Application Error with EventID 1000 ""IntelConnectivityNetworkService.exe"" found in longrun restart test",Killer,
wifi,Event log shows Netwnw18 5005 & 5002 error,YB/Lost,
bt,Bluetooth device lost during WB Stress test,Connectivity,
wifi,Ax210 and BE200 for link speed down,Connectivity,
wifi,BE213 of ES2 havent Ethernet 5G  share hotsport function,Power Consumption,BSOD-0x9F during S4 stress test
wifi,USB headset is not recognized in Windows 11 23H2 & 24H2 during Teams meeting with/without YB in device manager,YB/Lost,
wifi,The wifi device show yellow bang or lose under OS.,YB/Lost,
wifi,"The unit cannot connect to the 6G AP when country code is set to ""Paraguay"".(Intel Garfield Peak2)",Connectivity,BE211 RX TPT is worse than BE201 in Wi-Fi 6E 80MHz or 160MHz when connected to ASUS GT-AXE11000(3.0.0.4.386.42489)
bt,Bluetooth connection during ModS,Connectivity,
software,ICPS cant be launched right after OOBE,ICPS,
bt,Bt ext driver  failed to send broadcast when sharing via Honor Manager,Connectivity,
bt,Latitude 5350  | Wi-Fi icon disapear after resuming from S4 when use Trend Micro security software,Connectivity,
wifi,DRTU 2.4GHz testing 100% on 4/11 DUT not work with 23.165 assert 0x2010121E,YB/Lost,
wifi,WLAN YB issueon MP build,YB/Lost,
na,PN252 CNVI+TBT4 review,Connectivity,Intel 6E AX211 WLAN driver YB (SI phase factory build issue)
wifi,Wi-Fi sinewave function of DRTU tool is not working (BE211 QS),OEM Tools,
wifi,WiFi-PPAG power increase is limited,Power Consumption,
bt,Few advs are sent using the ioctl API,Connectivity,
bt,"Bluetooth headphones fail to reconnect after entering S4mode. (Fail rate2/2u,3/20C)",Connectivity,
wifi,"stress CB unit show black screen , force shutdown event log show bugcheck 0x9f",BSOD,
wifi,Wi-Fi TPT Degradation When the System Is Connected to a Specific Monitor via HDMI Cable.,Performance,
wifi,WLAN YB issue on MP build,YB/Lost,
wifi,P2P Pairing Failure (Assert 0x20100730) After Provisioning,YB/Lost,
wifi,No Reply to 3rd message during EAP 4-way HS.,Connectivity,
wifi,No Reply to 3rd message during EAP 4-way HS.,Connectivity,
wifi,[HONOR][HUAQIN][WCL][AX211][2230&1216][LvzhouD][[EVT][Schematic][#1],Connectivity,
bt,BT device lost during reboot stress test. - External Exception  ( Door Bell Ack fail),Connectivity,
wifi,BE211 BT YB issue is suspected to be caused by Wi-Fi x121E assertion.,YB/Lost,
software,Sometimes ICPS UI automatically displays after restart,ICPS,Latitude 5350  | Wi-Fi icon disapear after resuming from S4 when use Trend Micro security software
bt,"BT LE headphone shows ""connected mic, audio"" without ""L&R"" side in Settings/Bluetooth&Devices when pair BT LE headphone with unit.(AX211)",Connectivity,DRTU 2.4GHz testing 100% on 4/11 DUT not work with 23.165 assert 0x2010121E
bt,"BT 100% YB on Renegade MLK platform factory build ( YB code 43, 31, 10)",YB/Lost,
wifi,Machu14W/16W MV report WLAN YB or Missing,YB/Lost,
bt,BR headset test no microphone function,Connectivity,Wi-Fi sinewave function of DRTU tool is not working (BE211 QS)
bt,BT device yellow bar (error code 31during idle test (Fail rate1/2 u),Connectivity,
software,[Dell][Wistron][Ghostrider14/16 PTL][ICPS connection state of BT isnt updated],ICPS,
wifi,"BE200 Connect to a WIFI7 Router, Protocol shows Wi-Fi 6 (802.11ax)",Connectivity,
wifi,WLAN lost and showed YB during Prime95k with WIFI connected.(BE201),YB/Lost,
bt,BLE data exchanged times in a connection interval,System Hang,
wifi,[Lenovo/Consumer][HQ][PTL-H] [BE211\BE213] [C711][EVT][Layout][#2],Connectivity,
bt,The audio switching from the system to the Bluetooth headset is delayed ~20s after headset reconnection(F/R:1/10),Connectivity,P2P Pairing Failure (Assert 0x20100730) After Provisioning
wifi,6GHz band SSID detection behavior of each driver version,Connectivity,
na,WIFI Connect issue on Ubuntu,Connectivity,
wifi,The WLNA/BT lost(Assert 0x20100505) and then auto recover during CB stress test(F/R: 3/10 DUTs; 3/3000 Cycles),YB/Lost,
wifi,"After 2 mins, the P2P PC sends a deauth to pad",Connectivity,BT device lost during reboot stress test. - External Exception  ( Door Bell Ack fail)
tools,UEFI Wi-Fi no function.,UEFI,BE211 BT YB issue is suspected to be caused by Wi-Fi x121E assertion.
bt,BT PPAG ENABLE,Connectivity,
tools,CITU Connection Error,OEM Tools,
wifi,External monitor video lagging,Performance,"BT 100% YB on Renegade MLK platform factory build ( YB code 43, 31, 10)"
bt,BSOD_0x1E after resume from MS,BSOD,Machu14W/16W MV report WLAN YB or Missing
bt,BSOD 0x133 when Benchmark stress test,BSOD,
bt,"SystemEvent log show error ID_5 after connect the BT MS&KB&Hedset devices, FR: 1/1Unit, 3/3Cycles",Connectivity,
wifi,Sonya12 WIFI layout check,Connectivity,
software,ICPS cannot restore default settings through the reset button,ICPS,
bt,ibtpci BSOD 0x7e while running TBT test (Thunderbolt test).,BSOD,
wifi,wlan shows yellow mark during restart stress (FR: 1/39 cycles),Connectivity,WLAN lost and showed YB during Prime95k with WIFI connected.(BE201)
software,ICPS cant start automatically when device is powered on from S5,ICPS,
tools,BE211 cant connect to WiFi AP in OWE mode with ANT tool,OEM Tools,
wifi,wifi tx stuck & ping timeout when doing ms test,System Hang,The audio switching from the system to the Bluetooth headset is delayed ~20s after headset reconnection(F/R:1/10)
software,Failure occurs when running Live Inspect with Narrators Accessibility in ICPS app.,ICPS,
bt,"High CPU utilization (10-15%) in idle S0 state, exceeding spec limit (<5%)(F/R: 2/5 UUTs, 2/5 Cycles)",Performance,
software,"When Accessibility->Text size is set to 200%, the prompt window that appears when launching ICPS is not fully displayed.",ICPS,
software,"selecting the ""Desert"" theme, the version number in the upper right corner of the Intel Connectivity Performance Suite window is not clearly visible.",Killer,The WLNA/BT lost(Assert 0x20100505) and then auto recover during CB stress test(F/R: 3/10 DUTs; 3/3000 Cycles)
software,Failure occurs when running Live Inspect test in ICPS app,ICPS,
wifi,Debugging the antenna performance parameters of the WIFI Sensor waking up the PC under MS,Connectivity,
wifi,"Single Project Dramatic Performance Drop upon DC ""Best Power Efficiency"" Mode",Power Consumption,
wifi,SIP127910 - EB 8 G1i (Machu14N) / Open Polytechnic / GA / Intel(R) Wi-Fi 7 BE201 issue when using certificate authentication using windows NPS / PC APJ / NZ,Connectivity,
wifi,Can not connect to Wi-Fi 6G hot spot,Power Consumption,
wifi,WiFi 5002 assert and abnormal disc,YB/Lost,
wifi,Wi-Fi adapter failed to send data within the expected time,Connectivity,BSOD_0x1E after resume from MS
wifi,wifi suddenly cannot search any HB AP until radio off/on manually,Connectivity,
tools,BE213 Sartable set fail with Ant tool,OEM Tools,
bt,System 25H2 Modern standby fail,Connectivity,
wifi,wifi showed asserts & cannot connect AP in awhile,YB/Lost,
wifi,"WLAN sometimes do not show 2 MLO links but only 1 link with the command ""netsh wlan show i"" after MLO AP is connected (F/R: 3/10)",Connectivity,ibtpci BSOD 0x7e while running TBT test (Thunderbolt test).
wifi,X6PT47TJ Layout review for M.2 WIFI module,Connectivity,wlan shows yellow mark during restart stress (FR: 1/39 cycles)
bt,BIOS tool unable to read the BT PPAG (Intel BE211),Connectivity,ICPS cant start automatically when device is powered on from S5
bt,Factory build stress test - Burnin/3D Mark test BT YB,YB/Lost,BE211 cant connect to WiFi AP in OWE mode with ANT tool
wifi,no MLO connection as associating with Asus RT-BE92u,Connectivity,
wifi,"[HP][HQ][Graham][BE211][25H2][SI]The units not find ""DMA reapplication policy"" option after open Device Manager and click on WLAN adapter ->Details tab ->Property.[4 out of 4 units, 4 out of 4 times]",Connectivity,Failure occurs when running Live Inspect with Narrators Accessibility in ICPS app.
wifi,The speed of the Wlan 5G band will decrease after waking up from RS when test wh,Connectivity,
wifi,WiFi 6 Ghz can not be detected or connected when the channel is at 101/149/213.,Connectivity,"When Accessibility->Text size is set to 200%, the prompt window that appears when launching ICPS is not fully displayed."
wifi,BE201 device lost when doing s0i3 resume test,YB/Lost,"selecting the ""Desert"" theme, the version number in the upper right corner of the Intel Connectivity Performance Suite window is not clearly visible."
wifi,Connection Issue with MRU Test AP (ASUS),Connectivity,Failure occurs when running Live Inspect test in ICPS app
wifi,The Intel(R) Wireless Bluetooth(R) and Intel(R) WIFI-6E AZ211 160Mhz show YB(Code:10) in Device Manager after click test in Sound/Headphone/Headphone Properties/Advanced.,YB/Lost,
wifi,The system cannot scan for the 6GHz mobile Hotspot (VLP).,Power Consumption,"Single Project Dramatic Performance Drop upon DC ""Best Power Efficiency"" Mode"
bt,Intel BE201 Bluetooth occur BSOD 0x9F when Runin test with CGTT-TATSTRESS-180MINS.,BSOD,
wifi,Conductive TPT test fail,Performance,Can not connect to Wi-Fi 6G hot spot
wifi,BE201 PLDR happens after s0i3 at 0 degree,YB/Lost,WiFi 5002 assert and abnormal disc
bt,"UUT appears BSOD (0X7e) under OS, pointing to (BE211) ibtpci.sys. (FR: 1/3 unit, 1/30 cycles)",BSOD,
wifi,"UUT appears (BE211)WiFi/BT Device lost, event log error code is 5055, when idle or when refreshing the WiFi list.(FR: 2/4 unit ,20/40cycles)",Connectivity,wifi suddenly cannot search any HB AP until radio off/on manually
wifi,Intel WIFI will show Yellow bang after using for a while.,YB/Lost,
wifi,"UUT appears WiFi BT card missing, eventvwr log error code 5055, when idle or when refreshing the WiFi list.(FR: 2/4 unit ,20/40cycles)",Connectivity,
wifi,Renegade MLK platform factory build encountered BE211 WLAN YB issue (code,YB/Lost,
bt,DRTUClient fails to connect using command line interface,OEM Tools,"WLAN sometimes do not show 2 MLO links but only 1 link with the command ""netsh wlan show i"" after MLO AP is connected (F/R: 3/10)"
wifi,"install WLAN driver via DUP, UI shows error but driver install properly",Connectivity,
bt,UUT appears BSOD (0X7e) point to ibtpci.sys when enter OS,BSOD,
tools,Intel_Tools_Installer failure installation when the battery level is 30%,Power Consumption,
bt,Bluetooth disconnected when play audio,Connectivity,no MLO connection as associating with Asus RT-BE92u
bt,Bluetooth YB while doing MS/WB Stress test,YB/Lost,
wifi,Hotspot Client Cannot Access Internet,Power Consumption,
bt,PC scan Speaker slowly with 100% duty,Performance,
bt,Intel(R) Wireless Bluetooth(R) lost during S4 Stress,Connectivity,
wifi,Miracast Connecting Failure from end user.,Connectivity,
wifi,BE200 YB after S4 resume,YB/Lost,
bt,PC connect Android by ble failed,Connectivity,
wifi,WLAN show YB on DeviceManager and event log show error by run S4 stress,YB/Lost,
bt,Google Pixel Buds Pro 2 LE Audio connection and Initial pairing issue,Connectivity,
wifi,P2P client(BE201) unexpectedly disconnected from GO(Phone) due to no BA for a long time,Connectivity,
wifi,WLAN YB during MFG testing -- 0x5055dead -- 0x508,YB/Lost,
software,ICPS icon does not appear at the lower right corner of the taskbar after resuming from Hybrid shutdown,ICPS,
bt,BE200MIC,Connectivity,Intel WIFI will show Yellow bang after using for a while.
tools,DRTU 2.4GHz tx power is low,OEM Tools,
wifi,BE211 conductive T-PUT Rx is unexpected.,RF,
bt,Intel Bluetooth Device displays yellow bang when running STPM_HBS.,YB/Lost,
wifi,25H2 FVT1.01:System occurred BSOD 0x101( No dump file; Stop Code: CLOCK_WATCHDOG_TIMEOUT ) when connect Wi-Fi during desktop,BSOD,"install WLAN driver via DUP, UI shows error but driver install properly"
wifi,"Intel BE200 WLAN units do not display Wi-Fi7 mode after AP switching from 802.11ax to Wi-Fi7 when connect to 6GHz.(F/R:2/2 units,10/10 cycles)",Connectivity,
wifi,"Field issue report of WLAN fail to start, 3 customers, 3  Thames, and 7 Mersey -- 0x20104009 --0x20100508",BSOD,
wifi,Disappear Wi-Fi just after wireless mode change a/b/g to b/g,System Hang,
software,Critical and High vulnerabilities on SQLITE3 v3.42.0,Killer,
software,ICPS Scheduled Task RNIdle left over after uninstallation,ICPS,
wifi,CashmereI SI-R build report WLAN missing and YB Code 10 0x20100505,YB/Lost,
bt,PC has delay to receives fragment from Quich share app,Connectivity,
bt,BT ext driver lost after PC resume from sleep,Power Consumption,
wifi,WiFi disconnect and re-connected several times then show YB after connect to a specific AP,YB/Lost,BE200 YB after S4 resume
wifi,-AX211 TX Tput is limited to 900 Mbps on Mentali_HX when DMAr is enabled,Performance,
bt,", PC20.",Connectivity,WLAN show YB on DeviceManager and event log show error by run S4 stress
software,Prioritization Mode Selector has no response after resuming from Modern standby,Killer,Google Pixel Buds Pro 2 LE Audio connection and Initial pairing issue
wifi,about DRS is enable or not with JP VLP setting,UEFI,P2P client(BE201) unexpectedly disconnected from GO(Phone) due to no BA for a long time
bt,"BT occurred YB when doing S4/FB Stress, 9/20units, 13/4000cycles",YB/Lost,WLAN YB during MFG testing -- 0x5055dead -- 0x508
wifi,"BSOD 0x9F (point to Netwaw18) when reboot(1/2 UUTs, 1/20 Cycles)",BSOD,ICPS icon does not appear at the lower right corner of the taskbar after resuming from Hybrid shutdown
wifi,"Alway occurr 5002/5010 error when doing S4/FB Stress test, FR: 5/5Units, 100/100Cycles.",YB/Lost,
software,"Memory leak on IntelConnect.exe process, memory can not free",Killer,
wifi,Unit can search and connect to restrictions channel in ABJ image.(Intel BE200/Intel BE211),Connectivity,
software,App crash(IntelConnectivityNetworkService) occurs.,Killer,
wifi,Ping test failed,Connectivity,
wifi,Miracast Connection Failure,Connectivity,"Intel BE200 WLAN units do not display Wi-Fi7 mode after AP switching from 802.11ax to Wi-Fi7 when connect to 6GHz.(F/R:2/2 units,10/10 cycles)"
software,PHM test result is various depends on ICPS package version,ICPS,"Field issue report of WLAN fail to start, 3 customers, 3  Thames, and 7 Mersey -- 0x20104009 --0x20100508"
bt,BE213 WLAN card idle appeared Bluetooth YB overnight. (FR: 1/5 unit),YB/Lost,
wifi,Roaming frequently during Teams meetings when ICPS is installed,ICPS,Critical and High vulnerabilities on SQLITE3 v3.42.0
bt,BT show YB(code 31) during MS  stress.FR:1/4UUTs,YB/Lost,
bt,"HLK-Bluetooth - HciExtensionsV2 (Development and Integration) test fail, 2/2Unit",HLK,CashmereI SI-R build report WLAN missing and YB Code 10 0x20100505
wifi,BE201 YB  after S0i3 at 0 degree C Test,YB/Lost,
wifi,field issue that customer has roaming issue with CISCO AP(Japan),Connectivity,
bt,Intel BT PCIE shows device YB code 43 during S4 resume.,YB/Lost,
wifi,BE200NGW - Driver setup issue,Connectivity,-AX211 TX Tput is limited to 900 Mbps on Mentali_HX when DMAr is enabled
bt,"BT mouse button lost function after power off/on BT devices(MS/KB/headset).(F/R:2/2 units,3/10ycles)",Power Consumption,
bt,"Occurred 0x50 BSOD when remove BT device, FR: 2/2Units, 1/2cycles",BSOD,Prioritization Mode Selector has no response after resuming from Modern standby
bt,BT play music error,Connectivity,
wifi,WLAN YB & BT lost (auto recover several times but finally YB) when idle or playing online video. (FR:4/12UUTs),YB/Lost,
wifi,"LAN share hotspot , other PC cant connect",Power Consumption,
wifi,LAN share hotspot happen 0XD1 BSOD,BSOD,"BSOD 0x9F (point to Netwaw18) when reboot(1/2 UUTs, 1/20 Cycles)"
bt,BLE launch failure on PTL Platforms with BE211 Module,Connectivity,"Alway occurr 5002/5010 error when doing S4/FB Stress test, FR: 5/5Units, 100/100Cycles."
wifi,"BSoD point to ""0x9F_3_IMAGE_Netwtw14.sys"" from MSFT never crash",BSOD,
wifi,WLAN Schematic review,Connectivity,
bt,25H2 HLK test fail - Bluetooth - LEExtendedAdvertising (Development and Integration),HLK,App crash(IntelConnectivityNetworkService) occurs.
wifi,Simultaneous YB on WLAN and BT,YB/Lost,
wifi,WLAN Layout review,Connectivity,
wifi,WLAN YB issue - Request to analyze Debug log,YB/Lost,
wifi,X6PT47TJ Schematic review for M.2 WIFI module,Connectivity,
software,The ICPS will be started automatically after installation is completed,ICPS,
bt,"BT show YB with error code 31 after do product reset, 2/2units, 5/5cycles",YB/Lost,
wifi,Enterprise (ByteDance) end-user can not visit internet issue suddenly,Connectivity,
wifi,GNNR may fail with error code 258,OEM Tools,BE201 YB  after S0i3 at 0 degree C Test
bt,"0x7E BSOD  point to ibtpci.sys occur when system resume from MS and idle in S0 about 5mins.FR:1/2UUTs,1/10UUTs",BSOD,
bt,PC scan automotive slowly by 10% duty cycle,Performance,
software,ICPS UI will display less than one second after restart,ICPS,
bt,BT driver v23.140.0.5 show YB in the factory,YB/Lost,
wifi,6GHz 229ch Tx power,Power Consumption,
wifi,DUT wakes up intermittently without any human detection,Connectivity,
wifi,Wlan and BT lost from quick setting about 1s then auto recover during playing local video with BT headphone and BT mouse connected.(Intel BE211),Connectivity,WLAN YB & BT lost (auto recover several times but finally YB) when idle or playing online video. (FR:4/12UUTs)
wifi,wifi YB in 23.150,YB/Lost,
wifi,P2P pairing failure.,Connectivity,
wifi,WLAN throughput drop when testing 6G  BE 320 CH173,Connectivity,
software,Failure occurs when running Accessibility Insights for Windows of Color Contrast Analyzer tool for testing upon ICPS APP -- EAA,ICPS,"BSoD point to ""0x9F_3_IMAGE_Netwtw14.sys"" from MSFT never crash"
bt,BT FATAL Exception occured during BT HLK test (BC_Complex 0x01) and (LC_Complex 0x08),BSOD,
bt,DUT can not enter S0ix if Bluetooth BLE Pre-Pairing UEFI Variable is added.,Connectivity,
wifi,"The protocol display does not match the case(802.11be) When SUT connects to 2.4GHz WIFI(802.11AX). (FR:2/2units, 6/6times)",Connectivity,
bt,BT Speaker/headset has no sound output until about 20s when connect BT speaker/headset.,Connectivity,
wifi,MSFT HDE program test -  device HLK-Wlan Test,HLK,
wifi,WiFi cannot connect to network automatically after resuming from S5 when Fast Startup is enabled,Connectivity,
bt,BT Speaker/headset cant connect mic when connect BT speaker/headset.,Connectivity,The ICPS will be started automatically after installation is completed
bt,BT device lost and unknow USB device show yellow bang(code 43) after resuming from MS,YB/Lost,
bt,AX211/AX201 BT YB or BT Lost during auto coldboot/S4 test,YB/Lost,
software,ICPS system tray icon will not be shown after restart,ICPS,Enterprise (ByteDance) end-user can not visit internet issue suddenly
wifi,"Intel Wi-Fi 7 BE201 show yellow bang when resume from MS.(F/R:1/2 units,2/40 cycles)",YB/Lost,GNNR may fail with error code 258
wifi,BSOD point to 0x9F_3_IMAGE_Netwtw14.sys (from MSFT never crash),BSOD,
bt,Intel AX211 WLAN became hidden (code 45) in device manager after resume from sleep,Power Consumption,
software,"The string ""Intel is committed to responsible AI."" is not visible in dark mode",Killer,ICPS UI will display less than one second after restart
bt,Intel Wireless Dual Bluetooth Device show Yellow Bang CB/S4/S0i3.  (F/R: 2/2u;2/30c),YB/Lost,
wifi,0x9F WLAN BSOD,BSOD,6GHz 229ch Tx power
wifi,Event ID 5002 occurs during S5 cycles 0x4007/0x28AC,YB/Lost,DUT wakes up intermittently without any human detection
bt,when connect the second BT earphone system cant show mic info after connect the first BT earphone and play music (FR:100%),Connectivity,Wlan and BT lost from quick setting about 1s then auto recover during playing local video with BT headphone and BT mouse connected.(Intel BE211)
tools,found differences RSSI in ant and netsh only in 6G band,OEM Tools,
wifi,"WIFI show YB(Assert_0x20104009/20100505) when run CB.(F/R 1/1 UUTs, 5/200Cycles)",YB/Lost,
wifi,ANT.exe -setMCC US return Error setting MCC after set WRDD from 0x4150 to 0x434E (for China region),BSOD,
bt,Intel Wireless Dual Bluetooth Device show Yellow Bang and BT-related Device lost after CB/S4/WB/S0i3.  (F/R: 2/2u;1/30c),YB/Lost,Failure occurs when running Accessibility Insights for Windows of Color Contrast Analyzer tool for testing upon ICPS APP -- EAA
bt,event ID 17 show BTHmini error after run S4 test (FR: 1/15 UUTs),Connectivity,BT FATAL Exception occured during BT HLK test (BC_Complex 0x01) and (LC_Complex 0x08)
wifi,Never crash -Common BSOD issue on Intel wifi --0x9F_3_Netwtw14_IMAGE_pci.sys,BSOD,DUT can not enter S0ix if Bluetooth BLE Pre-Pairing UEFI Variable is added.
bt,No sound after putting one side earbud inside cradle and WMP error occurs,Connectivity,
wifi,BE200 Wifi lost during warm boot,Connectivity,
wifi,Clevo_RPL-HX_V3xxSNP_AX210 Wake on WLAN fails on 6 GHz band,Connectivity,MSFT HDE program test -  device HLK-Wlan Test
wifi,Wi-Fi connection suddenly drops during vibration test,Connectivity,WiFi cannot connect to network automatically after resuming from S5 when Fast Startup is enabled
wifi,Roaming frequently during Teams meetings when ICPS is installed,ICPS,
bt,[WinThe Bluetooth earphone connection of UUT2 will automatically disconnect and reconnect after simultaneously connect Bluetooth earphones to UUT1 and UUT2 and leave them idle for approximately 2 minutes.,Connectivity,
bt,The sound will delay after reconnect BT headset,Connectivity,
bt,"The Bluetooth earphones(Poly Free60+) will automatically reconnect after manually clicking ""disconnect"".",Connectivity,
wifi,"No IPV4 Address after connected to 5G network with channel 149/157, FR: 2/2Units, 2/20Cycles",Connectivity,"Intel Wi-Fi 7 BE201 show yellow bang when resume from MS.(F/R:1/2 units,2/40 cycles)"
software,Killer APP gating NV DDS function,Killer,BSOD point to 0x9F_3_IMAGE_Netwtw14.sys (from MSFT never crash)
wifi,cannot connect to hotspot 6Ghz by Samsung S25,Power Consumption,Intel AX211 WLAN became hidden (code 45) in device manager after resume from sleep
wifi,Anritsu MT8862 - AP connection issue @ 6GHz,Connectivity,"The string ""Intel is committed to responsible AI."" is not visible in dark mode"
wifi,Panther Lake H 484 Layout file review for M.2 WIFI module,Connectivity,
wifi,Panther Lake H 484 Schematic review for M.2 WIFI module,Connectivity,
bt,Wlan and BT lost from quick setting about 1s then auto recover during playing local video with BT headphone and BT mouse connected.(Intel BE211),Connectivity,Event ID 5002 occurs during S5 cycles 0x4007/0x28AC
wifi,Update latest WIFI driver package find that connected router protocol down to WIFI6(802.11AX),Connectivity,
wifi,Enable WiFi-sensing evaluation,Connectivity,found differences RSSI in ant and netsh only in 6G band
wifi,Device manager will show YB after system reboot with BE213(100%),YB/Lost,"WIFI show YB(Assert_0x20104009/20100505) when run CB.(F/R 1/1 UUTs, 5/200Cycles)"
bt,"Long duration lasts for about 15 seconds when removing the Bluetooth device.(F/R: 1/3 units,2/15cycles)",Connectivity,
wifi,WiFi Yellow Bang(error code 10) occurs,YB/Lost,
wifi,"The unit auto-disconnect Wi-Fi with 5055 assert during online video overnight test, 2/2units, 2/4cycles",YB/Lost,
wifi,System show 0x9F BSOD.,BSOD,Never crash -Common BSOD issue on Intel wifi --0x9F_3_Netwtw14_IMAGE_pci.sys
bt,The system cannot record sound for the first two seconds after the record button is pressed when connecting the BT headset to the system.,Connectivity,
software,ICPS window changes from full screen to original size automatically when enable/disable Lite mode,ICPS,
wifi,BE201 WIFI YB on factory,YB/Lost,
bt,The BT headset microphone input has no sound. (F/R: 2/2u;10/10c),Connectivity,
bt,"Turning off/on the Bluetooth, the sound will be delayed about 20 seconds. Check with the Sound > Playback > ThinkPad X1 ANC Headphones  Properties > Controller Information shows error",YB/Lost,
bt,The Bluetooth-related device is lost when using the MIKE II tool to run hibernate resume.  (Signature Verification Failed),Connectivity,
software,The settings will be refreshed to original ones in ACM quickly,Killer,
software,"ICPS only show two interfaces in ACM when WWAN, WiFi and Ethernet are connected",ICPS,
wifi,(Copy Of 00969290) [Dell][Wistron][Ghostrider14/16 PTL][CITU test result review],OEM Tools,
wifi,[Dell][Wistron][Ghostrider14/16 PTL][CITU test result review][Assert with 0x20103E15],YB/Lost,Killer APP gating NV DDS function
wifi,"Frequent assert 0x4446 when host is sharing the 5G hotspot, 3/3Units, 3/3cycles in noisy environment",YB/Lost,
tools,WLAN YB issue - Request to analyze Debug  log,YB/Lost,Anritsu MT8862 - AP connection issue @ 6GHz
na,WRT shows incorrect DSM Wi-Fi 6E UHB Function 3 settings,UEFI,
bt,"BT KB has no function When the BT KB shows the connected status(FR:1/1 units, 2/10 cycles)",Connectivity,
bt,BSOD 0x7E (ibtpci.sys) during the CB stress test (FR:1/3 trails),BSOD,
software,ICPS cant be auto-launched after restart,ICPS,Wlan and BT lost from quick setting about 1s then auto recover during playing local video with BT headphone and BT mouse connected.(Intel BE211)
software,PTL Killer install,Killer,
wifi,WiFi cannot connect to Mobile router. (Intel BE200),Connectivity,
wifi,T14S Laptop (AX211) keeps switching between different Wi-Fi access points (APs) unnecessarily,RF,
wifi,BSOD(UNEXPECTED_KERNEL_MODE_TRAP) happened during WLAN load test,BSOD,
bt,Wireless Module AX210NGW Bluetooth Driver version issue,Connectivity,WiFi Yellow Bang(error code 10) occurs
wifi,Ping timeout or disconnect during Teams meeting,Connectivity,
wifi,The WLAN link speed would drop under DC mode,Connectivity,System show 0x9F BSOD.
na,AX210NG - Access Point,Connectivity,
bt,PC scan automotive slowly by 100% duty cycle,Performance,ICPS window changes from full screen to original size automatically when enable/disable Lite mode
wifi,BE211 CITU logs,OEM Tools,
bt,0BSoDx19e  - MAC Access failure during the Init phase,BSOD,
wifi,ESD testing issue,Connectivity,
tools,Unable to install Bluetooth test mode driver for DRTU/CITU,OEM Tools,
bt,Exception occurs sometimes when trying to stop advertising using Intel API,Connectivity,The Bluetooth-related device is lost when using the MIKE II tool to run hibernate resume.  (Signature Verification Failed)
wifi,SUT show BSOD when running CB stress after install intel wlan driver,BSOD,The settings will be refreshed to original ones in ACM quickly
software,APP link pic not follow double shot manual setting,Killer,"ICPS only show two interfaces in ACM when WWAN, WiFi and Ethernet are connected"
bt,BT HFP audio offload is not working with DSP drivers I2S colock for HFP option,Connectivity,
bt,"Settings -> Bluetooth & devices will shows ""Bluetooth is turned off"" after turning bluetooth on.(but BT function can work fine) (FR:1/5)",Connectivity,[Dell][Wistron][Ghostrider14/16 PTL][CITU test result review][Assert with 0x20103E15]
bt,"After importing the BT NHLT, the Bluetooth headphones stopped working and were unable to record.(2 out of 2 units, 20 out of 20 times)",Connectivity,"Frequent assert 0x4446 when host is sharing the 5G hotspot, 3/3Units, 3/3cycles in noisy environment"
wifi,PTL BE201 WiFi7 Throughput Tx Fail,Connectivity,
wifi,HLK test failed.,HLK,
wifi,"Disappear Wi-Fi of ""Settings->Network & internet""",Connectivity,
bt,BT will 100% YB after paired classic headset,YB/Lost,BSOD 0x7E (ibtpci.sys) during the CB stress test (FR:1/3 trails)
bt,BT will disappear from Device Manager after idling for a while. (FR:100%),Connectivity,
tools,Sniffer mode on WRT2G can only get logs at 6GHz 20MHz,Connectivity,PTL Killer install
bt,ibtusb reported 1871 in the System.evtx,Connectivity,WiFi cannot connect to Mobile router. (Intel BE200)
wifi,Intel WLAN card shows device YB during connection process or doing S4.,YB/Lost,
software,ICPS Advanced Settings UI auto moves up.,ICPS,BSOD(UNEXPECTED_KERNEL_MODE_TRAP) happened during WLAN load test
software,The cursor makes a wrong jump when editing SSID and Password for VR Mode,Killer,
bt,Bluetooth audio offload can not enable on ARL U platform with GFP2 AX211,Connectivity,
bt,Unable to play any videos or music (online/local) after playing YouTube videos overnight,Connectivity,
wifi,The certificate of PIE install file is expired.,Connectivity,
software,It takes more than 30 seconds to sync OS BT device status in ICPS UI,ICPS,
wifi,The DUT will BSOD 0x9F After Switch WLAN Card BE211 to BE213(or BE213 to BE211) and then into OS idle about 1min(F/R: 3/3 UUTs; 30/30 Cycles),BSOD,
software,Reset all button not work,Killer,0BSoDx19e  - MAC Access failure during the Init phase
software,Gamefast cant auto enable,Killer,
wifi,The wifi device YB when resume from S4,YB/Lost,
wifi,"Mobile hotspot channel changed, the system reconnect failed",System Hang,
bt,Audio Renderer Error Occurs When Selecting Buds 3 as Sound Output Device,Connectivity,
wifi,WiFi device shows YB (code10) after resume from S5.,YB/Lost,APP link pic not follow double shot manual setting
bt,BT device lost 1s with BT mouse/BT headset connected after system idle 1 hour.(Intel BE211),Connectivity,
wifi,WiFi cannot turn on successfully after resume from S4.,Connectivity,
wifi,Taroko PTL H12Xe system AX211 WLAN/BT device yellow bang at EVT phase,YB/Lost,
software,Killer APP  window black screen  after WB (warmboot),Killer,
wifi,WiFi disconnect and scan list empty,Connectivity,
wifi,"[HP][IEC] - SIO2389327[CashmereI][PTL][Whp-BE211][Win11 25H2]Cannot find ""WiFi Configuration"" in the 3rd Party Option ROM Management(F3). [Whale Peak 2 Wifi7 wlan card only]",Connectivity,
wifi,"After the Intel AX201/AX211 WLAN card is woken up via network S3, the display shows no image.",Connectivity,
wifi,Hotspot connection disconnected after a while,Power Consumption,BT will 100% YB after paired classic headset
software,WifiCredentialPrompter UI is not localized in Simplified Chinese OS,Killer,BT will disappear from Device Manager after idling for a while. (FR:100%)
software,"Disconnects a network in OS, ICPS still shows connected for over 10 mins",ICPS,
software,Bluetooth device name automatically changes to the original name,Killer,
wifi,"After install WLAN driver, found the WLAN yellow bang and cant recovery",YB/Lost,
bt,"After install BT driver, found the BT yellow bang and cant recovery",YB/Lost,ICPS Advanced Settings UI auto moves up.
wifi,ICPS appx install failed,ICPS,The cursor makes a wrong jump when editing SSID and Password for VR Mode
bt,"Wi-Fi device is working properly,",Connectivity,
wifi,Wi-Fi YB occurs,YB/Lost,
wifi,AN/U Bishops/ HP EliteBook 660 16 inch G11 /EUFI Freeze - with Aruba WLAN env/Canada,System Hang,The certificate of PIE install file is expired.
wifi,SIP127313 - 7 BE200 WLAN package drops on Aruba 635s access points network.,Connectivity,
bt,The BLE mouse cant reconnect resuming from MS,OEM Tools,The DUT will BSOD 0x9F After Switch WLAN Card BE211 to BE213(or BE213 to BE211) and then into OS idle about 1min(F/R: 3/3 UUTs; 30/30 Cycles)
wifi,System cant found 6Ghz mobile hotspot.,Power Consumption,Reset all button not work
bt,BT KB/mouse connection will lose after S4/S5,Connectivity,Gamefast cant auto enable
software,"The system will pop up msg ""Select an app to open this icpslauncher link"" after uninstall old ICPS driver then install new ICPS Driver package",ICPS,The wifi device YB when resume from S4
software,Failed to connect to the network from ICPS App,ICPS,
bt,BT lost after flash BIOS,Connectivity,
wifi,WIFI YB(Assert_0x4009/508) on 1 specific unit during idle,YB/Lost,
wifi,5010 Error,YB/Lost,
wifi,Wi-Fi will turn off automatically when idle in OS in DC mode.,Connectivity,WiFi cannot turn on successfully after resume from S4.
wifi,BE201 WLAN YB on factory with assert 0x505 while booting up to OS,YB/Lost,
software,"Error ""Get an app to open this icpslauncher link"" pops up after uninstalling ICPS app",ICPS,Killer APP  window black screen  after WB (warmboot)
wifi,Latitude 7350 - Windows BSOD with Intel BE200 CIPS-40771,BSOD,
bt,The WLAN devices hardware ID changed after installing the Bluetooth driver. 2/2 units,System Hang,
bt,Bluetooth lost when doing MS enter resume test,Connectivity,
wifi,"Blackscreen during MS stress test and Dump point to ""WifiCx.sys"" (F/R: 2/2u; 2/10 c)",Connectivity,
wifi,[Lenovo_LOQ][Compal][LOQ][RPL][AX203],Connectivity,
bt,Quesiton about BIOS ASL code for BT audio offload,Connectivity,
wifi,Run stress Cold boot will wake up early,Connectivity,
wifi,Bolan PTL MLK BE211 WLAN schematic  and BRD  review,Connectivity,"After install WLAN driver, found the WLAN yellow bang and cant recovery"
wifi,Wireless LAN suddenly turned on during Airplane mode,Connectivity,
bt,"BT Lost when run S4 Stress, 2/7Units, 64/240cycles",Connectivity,
wifi,"BSOD(0x9F_4_PCI_Netwtw14_IMAGE_pci.sys) come from MSFT ""Never Crash""",BSOD,
software,Enable Smart Access Point Selection toggle can be enabled in Lite mode,Killer,
wifi,Wake on WLAN from S4 and S5,Connectivity,
wifi,"Wi-Fi device is working properly, but only the BT (Bluetooth) device shows yellow bang.",YB/Lost,SIP127313 - 7 BE200 WLAN package drops on Aruba 635s access points network.
wifi,"Unit Sharing 2G file transfer rate is very slow.(F/R:3/3units,6/6cycles)",Performance,
bt,BT YB code 10 after installing v23.150.25244.10527 in PTL ES2,YB/Lost,System cant found 6Ghz mobile hotspot.
tools,DRTU Tx Power for EU,OEM Tools,
bt,BE201 BT YB during RUNIN test on factory,YB/Lost,
bt,Intel 800 series motherboards with WIFI CARD AX201 Issue,Connectivity,
wifi,verify Teams Video call with volume change,System Hang,
wifi,#NAME?,Performance,WIFI YB(Assert_0x4009/508) on 1 specific unit during idle
wifi,WIFI 7 blocked SW Drips 0,Connectivity,
software,show pick up app after boot to OS,Killer,Wi-Fi will turn off automatically when idle in OS in DC mode.
wifi,"""No wifi networks found"" show in wifi list after resume unit from critical S4.(Intel BE211)",Connectivity,BE201 WLAN YB on factory with assert 0x505 while booting up to OS
bt,"Bluetooth headset speaker output noise when making a Teams voice/video call. (FR:2/2 units, 4/4trails)",Connectivity,"Error ""Get an app to open this icpslauncher link"" pops up after uninstalling ICPS app"
bt,Auto S4 BT device lost,Connectivity,
bt,HP request USB notify timer change to 25 seconds -  HP app enable instaDock  need longer timer for USB notify.,System Hang,
bt,No sound output from earbuds/ internal speakers when manually reconnecting the earbuds after turn off/on BT,Connectivity,
wifi,Scanned a closed hotspot,Power Consumption,"Blackscreen during MS stress test and Dump point to ""WifiCx.sys"" (F/R: 2/2u; 2/10 c)"
software,"ICPS pop up ""2 suggested apps"" window after upgrade from older version to C14 and higher version.",ICPS,
software,AP cant be listed in ICPS Network Health,ICPS,
bt,Run Bluetooth - Initiate platform-level device reset fail.(BE201),Connectivity,
software,Hard to see the string No Bluetooth devices have been found when Dark mode is selected.,Killer,
wifi,get wifi channel error,Connectivity,
bt,ibtusb1871,Connectivity,
na,Wireless AX210NG Linux Driver + FW + DRTU,OEM Tools,"BSOD(0x9F_4_PCI_Netwtw14_IMAGE_pci.sys) come from MSFT ""Never Crash"""
bt,"BT devices will be disconnected when using, and will auto re-connect. after 10 seconds.",Connectivity,
wifi,Cannot lock when walked away,Connectivity,
wifi,T14 gen5 system hang up when camera open with customer WIFI,System Hang,
wifi,Conductive T-put 5Ghz 11ax ch157 Tx fail (lower than Lenovo Spec),Performance,
software,"ICPS App will crash when click ""Automatically switch to a better network"" in Lite mode",ICPS,
bt,Intel Bluetooth devcie will show YB after resume from CB and S4 (F/R: 2/2u;4/4c),YB/Lost,
bt,Intel Bluetooth devcie will show YB after resume from S4 (F/R: 2/2u;4/4c),YB/Lost,
wifi,Conductive tput 2.4G ch11 Rx fail,Connectivity,
wifi,ThinkPad X13 Gen3--The disconnection was caused by timeouts,Connectivity,
software,Cannot connected AP on ICPS\Network Health,ICPS,
wifi,--Intel AX211 WiFi hit to Limited Network Connection after driver Ver 23.110/23.130/23.150,Connectivity,
bt,AX200 Bluetooth Windows Update Driver Flighting FAIL,Connectivity,
wifi,Wlan has wer 15e and BT lost during S3,Connectivity,
tools,"CITU ""Load Test"" can not work and the option is grey.",OEM Tools,show pick up app after boot to OS
wifi,T-put(PC SoftAP ---> Phone) is low.,Performance,
bt,DUT 100% fail to bootup when BIOS BT config to PCIe (boot flow stuck at CNViBTConfig),System Hang,
bt,"BTH_4947: ibterverify Tool Test Fails with ""Product Reset is Not Supported"" Error",Connectivity,
bt,Bluetooth Prework Issue: hcitool Command Not Returning Expected Results,Connectivity,HP request USB notify timer change to 25 seconds -  HP app enable instaDock  need longer timer for USB notify.
wifi,The system cannot detect the BE200 WLAN card.,Connectivity,
bt,Bluetooth audio path work abnormally when connect with bluetooth headsert,Connectivity,
wifi,P2P failure caused by the PC fixing its P2P operating channel on a DFS channel.,Connectivity,"ICPS pop up ""2 suggested apps"" window after upgrade from older version to C14 and higher version."
wifi,BSOD occurs during continuous power state transition test,BSOD,
software,Connection failed will be shown when click AP to connect,Killer,
bt,BT device has Yellow bang in Device manager after S4 or WB or CB.,YB/Lost,Hard to see the string No Bluetooth devices have been found when Dark mode is selected.
bt,No sound output from BT LE headphone after resume unit from S4 then reconnect BT LE headphone and play local video via media player.(Intel BE211),Connectivity,
bt,BSOD occurs during continuous power state transition test,BSOD,
bt,"Sound output from Bluetooth headset will be delayed about 20 seconds after turning off/on Bluetooth in settings when playing music.(FR:2/2 units, 4/8trails)",Connectivity,
software,Network Performance did not follow Manually Configure Connection Settings when only change one category,Killer,
wifi,"WLAN Lost(Assert_0x20100508) during WB stress test, FR: 1/200Units, 3/9000cycles",YB/Lost,Cannot lock when walked away
bt,Intermittent loud static noise occurs using Teams,Connectivity,
bt,"During the S4/CB cycles, an ""BT yellow bang""",YB/Lost,Conductive T-put 5Ghz 11ax ch157 Tx fail (lower than Lenovo Spec)
bt,"It takes too long to connect the audio to the Bluetooth headset after disable BT offload. about 20S, FR: 10/10cycles, 2/2units",Connectivity,
wifi,Error code:0x00001001 popped up when start WIFI CSR process (WhalePeak2_BE211),BSOD,Intel Bluetooth devcie will show YB after resume from CB and S4 (F/R: 2/2u;4/4c)
wifi,BSOD:0x7e with latest wifi driver:23.130.1.1,BSOD,
wifi,Wi-Fi GNNR tool test fail on WBT station,Connectivity,
wifi,BE201 YB code 43 after Prime95 + FurMark loading test,YB/Lost,
wifi,BE201 YB code 10 after PLDR,YB/Lost,
wifi,"Device manager will rescan Frequently and BE211 Wlan/BT driver will YB, after install intel ISST driver",YB/Lost,--Intel AX211 WiFi hit to Limited Network Connection after driver Ver 23.110/23.130/23.150
bt,PC connect TV  failed by ble,Connectivity,
software,ICPS system tray icon will appear automatically without launching it,ICPS,
software,"The msg ""Cant open icpslauncher link"" popped up after enter OS.",ICPS,
wifi,The first time using Miracast to connect may have a chance of failing to connect.,Connectivity,"CITU ""Load Test"" can not work and the option is grey."
wifi,11ax 6G CH213 conductive Tput failed Lenovo spec.,RF,T-put(PC SoftAP ---> Phone) is low.
wifi,The units show BSOD (0x9f) after uninstall  Rising Antivirus APP and  reboot,BSOD,
bt,Auto Cold Boot TestBT Device YB(error code 38),YB/Lost,DUT 100% fail to bootup when BIOS BT config to PCIe (boot flow stuck at CNViBTConfig)
bt,BT device lost from DM after close lid(sleep) for overnight on DC mode.(Intel BE211),Power Consumption,
bt,"BT Fatal Exception after resume unit from S4 with BT headphone and BT mouse connected. (BC_Complex 0x01 , error code 1B 00 )",BSOD,
bt,BT device lost from DM when play online video/music with BT headphone and BT mouse connected about 1 hour.(Intel BE211),Connectivity,
wifi,"Intel(R) Wi-Fi7 BE201 320MHz show Yellow Bang, error code 10 right after bootup (single unit)",YB/Lost,
bt,"BT FATAL Exception (BT device lost from DM) when play online video/music with BT HS + BT Mouse connected for 1 hours (SC_Complex 0x5 , error code 1B 07 )",BSOD,
bt,"WB Stress occurred BT Lost.(FR:1/10 units, 2/2000 cycles))",Connectivity,
software,There is no Gaming category shows in ICPS/Prioritization with Intel BE211.,ICPS,
software,Two items are English in Help\Advanced Settings options in China image.,Killer,Connection failed will be shown when click AP to connect
bt,BT device lost from PC settings about 1s then auto recover after restart unit then remove BT headphone and BT mouse.(Intel BE211),Connectivity,BT device has Yellow bang in Device manager after S4 or WB or CB.
bt,BT device lost from DM after pair BT headphone successfully.(Intel BE211),Connectivity,
bt,[Lenovo_IdeaPad/LCFC][CSLP][S511-16pro/PTL 12Xe/ BE201][24H2][FVT] BT lost After Reboot Following Update to the Latest Driver with Error! DMA failed (100% Reproducible) [Door bell],Connectivity,
software,The poor score in ICPS/network health,ICPS,
bt,IOCTL_IBT_SET_ADVERTISER_CONFIGURATION_EX failed,Connectivity,Network Performance did not follow Manually Configure Connection Settings when only change one category
bt,"The BT Headphones status shows ""connected audio"" instead of ""connected mic, audio"" after connecting Bluetooth headphones to the system.(FR:2/2units, 4/4trails)",Connectivity,"WLAN Lost(Assert_0x20100508) during WB stress test, FR: 1/200Units, 3/9000cycles"
wifi,"Event ERROR ID 5002, 5005, 5007: Netwaw16 happened while S0 Idle",YB/Lost,
bt,Bluetooth LE Mouse does not work after resuming from Modern Standby.,Connectivity,"During the S4/CB cycles, an ""BT yellow bang"""
bt,BE201 USB Bluetooth HLK FAIL,HLK,
wifi,"Intel Wi-Fi will show Yellow bang after using for a while. (LMAC1, rtStatus = 0x34)",YB/Lost,
bt,ENG build found BT YB after WB,YB/Lost,BSOD:0x7e with latest wifi driver:23.130.1.1
wifi,SUT can search 165 channel 5GHz wireless on Indonesia image.,Connectivity,
wifi,[Lenovo/Consumer][Compal][PTL-H][BE213/AX20][2230][Y5sGen11][EVT] [Layout],Connectivity,
bt,"BT devices will be disconnected when using, and will auto re-connect. after 10 seconds.",Connectivity,
wifi,ntermittent network disconnection occurs when the PC i,Connectivity,
software,ICPS did not pup up notification for better AP,ICPS,PC connect TV  failed by ble
wifi,Device manager will show YB after system reboot with BE213(100%),YB/Lost,
wifi,ICPS did not pup up notification for better AP suggestions,ICPS,"The msg ""Cant open icpslauncher link"" popped up after enter OS."
software,ICPS v5.0 beta cant be launched right after OOBE or reboot.,ICPS,The first time using Miracast to connect may have a chance of failing to connect.
software,"ICPS message ""Please turn on Location services"" pops up after OOBE",ICPS,11ax 6G CH213 conductive Tput failed Lenovo spec.
wifi,S4 wake failed by Magic pkt on the legacy S3 platform (F/R:100%)),Connectivity,The units show BSOD (0x9f) after uninstall  Rising Antivirus APP and  reboot
wifi,"Drips value did not meet expectations, found WLAN execution to be high after resume from MS",Connectivity,
wifi,BSOD occur after the device leaves hibernation,BSOD,
wifi,Wi-Fi 2.4G/5G/6G TX T-put fail with DMA remapping enabled,Performance,"BT Fatal Exception after resume unit from S4 with BT headphone and BT mouse connected. (BC_Complex 0x01 , error code 1B 00 )"
wifi,the wifi device YB,YB/Lost,
wifi,The WiFi Switch disappear,Connectivity,"Intel(R) Wi-Fi7 BE201 320MHz show Yellow Bang, error code 10 right after bootup (single unit)"
wifi,the wifi YB when run factory burnin test,YB/Lost,"BT FATAL Exception (BT device lost from DM) when play online video/music with BT HS + BT Mouse connected for 1 hours (SC_Complex 0x5 , error code 1B 07 )"
wifi,Slower to connect to AP on 6GHz when SSID with hidden,Connectivity,
software,Field issue: Excessive DNS traffic sent by ICPS,ICPS,
tools,Bluetooth Linked mode error,Connectivity,Two items are English in Help\Advanced Settings options in China image.
wifi,"WLAN device lost when running S4 stress + Wi-Fi test. (UMAC, rtStatus = 0x2010400A)",BSOD,
wifi,"Intel BE201 connect wlan Properties show 802.11ax when change 2.4GHz/5GHz AP to 802.11be(F/R: 2/2units, 6/6cycles).",System Hang,
wifi,SIP125787 - 840 G8 / Win 11 23H2 / Roche Pharma/Intermittent WLAN disconnection,Connectivity,[Lenovo_IdeaPad/LCFC][CSLP][S511-16pro/PTL 12Xe/ BE201][24H2][FVT] BT lost After Reboot Following Update to the Latest Driver with Error! DMA failed (100% Reproducible) [Door bell]
bt,0x9F BSOD related to ibtusb occured,BSOD,The poor score in ICPS/network health
bt,"Exist error event ""ID 17""(BTHUSB) appearred in system event log during running Legacy G3 stress on Win11 24H2 + BE200 Wi-Fi card CFG",Connectivity,
bt,BT Error Recovery test fail (Product Reset),Connectivity,
bt,Recording cannot be done using Bluetooth headphones.,Connectivity,
wifi,P2P pairing failure as it didnt attempt to connect to the Group Owner (GO).,Connectivity,
wifi,[Honor][Luxshare][RPL-HX][AX201 1216][Nvwa][EVT][Layout][#1],Connectivity,
wifi,PC to PC preparing failure after advertisement.,Connectivity,
wifi,-System can not search WiFi 6G when set MCC to US by ANT tool + S0KKT010 BIOS + BE200 wifi Card.,Connectivity,
wifi,P2P pair fail after advertisement.,Connectivity,
bt,"Unit shows error when copy file from the shared folder via access BT PAN, 1/4units, 1/18cycles",Connectivity,"Intel Wi-Fi will show Yellow bang after using for a while. (LMAC1, rtStatus = 0x34)"
bt,BT file transfer failed due to connection timeout.,Connectivity,
tools,RSSI Fail,Connectivity,SUT can search 165 channel 5GHz wireless on Indonesia image.
wifi,Wlan device shows YB in DM when idle unit.(Intel BE201),YB/Lost,
bt,"The manual reboot of the DC is significantly slower, taking approximately 30 to 40 seconds longer than other machines",Performance,
bt,"Remove BT headset and Running HLKs , SMONO HLK still get fail",HLK,
wifi,[Lenovo/Consumer][Compal][PTL-H] [BE211] [1216] [KLS73][EVT] [Layout][#1],Connectivity,
software,Killer Intelligence center error message pops up after restoring the image,Killer,
bt,Android phone connect PC by ble failed,Connectivity,
wifi,-The number of virtual Wi-Fi 7 BE200card is different from the number displayed in the command line under Win11 24H2 OS when do MLO(Multi-Link Operation) Testing.,Connectivity,ICPS v5.0 beta cant be launched right after OOBE or reboot.
wifi,The average transmission rate of the WiFi card drops by more than what is required in the Spec with 802.11BE/2.4G under WiFi card(Wi-Fi 7 BE200) +Win11 24H2 OS.,Connectivity,
bt,"Connect to BT headset and running HLKs , SMONO HLK will get fail",HLK,
bt,USB/BT audio offload plugfest_BLE Headset Dell WL5024 will automatically unmute while testing record function,Connectivity,
wifi,HP 3LS - SIE296443 - EBx360 830 G11/SSK Migas/GA/Wi-Fi disconnected and Wi-Fi icon disappeared/PC APJ/ID,YB/Lost,
bt,"WHQL item ""Bluetooth - Initiate platform-level device reset"" test failed",HLK,Wi-Fi 2.4G/5G/6G TX T-put fail with DMA remapping enabled
bt,BSoD_0x9f,BSOD,
bt,BT mic doesnt connect when connect BT headphone (Intel BE201),Connectivity,
wifi,Cannot auto switch to LAN when the system network is connect to the mobile hotspot first then attach LAN.,Power Consumption,
wifi,Device Lost issue - 0x152e,BSOD,Slower to connect to AP on 6GHz when SSID with hidden
wifi,SW/HW drips cant meet the 95% standard when connecting Internet and entering MS.,OEM Tools,Field issue: Excessive DNS traffic sent by ICPS
wifi,BSOD 0x44 point to nwifi.sys,BSOD,
wifi,channel acquisition is slow,Performance,
wifi,[Honor][Luxshare][RPL-HX][AX201 1216][Nvwa][EVT][Schematic][#1],Connectivity,"WLAN device lost when running S4 stress + Wi-Fi test. (UMAC, rtStatus = 0x2010400A)"
bt,Cnvi HW Review Request,Connectivity,
software,ICPS app is stopped and closed when changing settings,ICPS,
wifi,"YB ""Unknown USB Device(Device Descriptor Request Failed)"" and BT lost  with WiFi PLDR happened fisrt",YB/Lost,0x9F BSOD related to ibtusb occured
wifi,Wifi 7 link speed does not reach 5764Mbps,Connectivity,
bt,Cant pick up Teams/Zoom call via click call button on BT headset (Poly VSurround 80)(Intel BE201),Connectivity,
wifi,[Lenovo/Consumer][HQ][PTL-H] [BE213] [2230] [S511][EVT]  [Layout][#1],Connectivity,
bt,The BSOD (0x1e)cured whenBios flashing process,BSOD,
wifi,T14 gen5 system hang up when camera open with customer WIFI,System Hang,
wifi,Urgent killer package support,Killer,
software,ICPS service manual-enabled  setting doesnt work on Win11 24H2&25H2,ICPS,
wifi,Unable to search for WIFI7 be network on WP,Connectivity,P2P pair fail after advertisement.
wifi,Wireless Technologies design review,Connectivity,
wifi,Need Intel WiFi SME for assistance with customer UNIV OF ROCHESTER,Connectivity,BT file transfer failed due to connection timeout.
wifi,the DUT assert 0x40013D and 0x4473 happening causing to PC mobile hotspot unexcepted turn off  when running iperf,YB/Lost,
software,"The button ""Reset"" all settings to default does not works.",Killer,
software,"After enable Automatically switch to a better network from ICPS\advanced , ICPS UI will close automatically",ICPS,
software,"Enable/Disable Additional Network Selection Features, Enable AP selection will be turned off, then turn on.",Killer,
bt,BT driver lost,Connectivity,
bt,"After connecting the Bluetooth headset, it cannot be reconnected by pulling and sawing",Connectivity,Killer Intelligence center error message pops up after restoring the image
wifi,BE200 device lost during S4 stress test,YB/Lost,Android phone connect PC by ble failed
software,ICPS has left over Scheduled Task after uninstallation,ICPS,
wifi,[Lenovo/Consumer][HQ][PTL-H] [BE211\BE213] [C711][EVT][Layout][#1],Connectivity,
wifi,"Intel 7260 and 7265 WiFi, are both antenna connectors for WiFi and Bluetooth?",Connectivity,
wifi,Intel Wlan 23.110.0.5 WU shipping label has been rejected.,Connectivity,
wifi,2.4GHz-Rx N 40MHz T-PUT Drop,Connectivity,
bt,No Sound Output When BE200 Connects to Bluetooth H,Connectivity,
wifi,PC does not send  beacon,Connectivity,
software,The streaming category is shown abnormally in ACM UI.,Killer,
software,"Notification ""Item removed successfully"" is not localized on Simplified Chinese system.",Killer,
wifi,Driver 23.130 Installation Issue,Connectivity,
wifi,[Lenovo/SMB][Wistron][PTL-U] [BE213] [2230] [TB1416_G9_PTL][EVT] [Layout][#1],Connectivity,SW/HW drips cant meet the 95% standard when connecting Internet and entering MS.
wifi,[Honor][Huaqin][LinhaiC&LvzhouC][PTL-H][AX211][1216][EVT][Schematic0][#1],Connectivity,
bt,Bluetooth YB issue,YB/Lost,
bt,A 1E BSOD (IntcOED.sys) occurs when playing an online video with Smono.,BSOD,
wifi,[Lenovo/Consumer][Compal][PTL-H][BE213/AX20][2230][Y5sGen11][EVT] [Layout][#1],Connectivity,
wifi,The 6GHz frequency band can be searched when use Intel WLAN card without any setting.,Connectivity,
na,Issue with AX210 modules,Connectivity,"YB ""Unknown USB Device(Device Descriptor Request Failed)"" and BT lost  with WiFi PLDR happened fisrt"
wifi,Debugging the antenna performance parameters of the WIFI Sensor waking up the PC under MS,Connectivity,
software,The UUT cant start VR Mode in ICPS APP,ICPS,
wifi,[Lenovo/][Compal][PTL-H] [BE201] [2230] [C5 Gen11][EVT]  [Layout][#1],Connectivity,
wifi,CITU test fail (Marginal Test with High confident),OEM Tools,
software,The Auto-Mode will become Light Mode after exit ICPS and reboot the system,ICPS,
bt,Cannot record voice from Bluetooths Microphone,Connectivity,
wifi,Windows  UI and  netsh keep showing old channel and Band . After the DUT connected mobile hotspot switches from the 2.4G band to the 5G band,Power Consumption,
bt,The first ADV packet was sent with incorrect payload sometimes,Connectivity,ICPS service manual-enabled  setting doesnt work on Win11 24H2&25H2
software,The Downloads bar in ICPS Usage Details page isnt shown correctly,ICPS,
software,ICPS UI issues in Advanced Settings,ICPS,
software,Some contents in ICPS Help is not localized,ICPS,
bt,The music is output through the internal speaker (the music profile was not created) after Bluetooth was turned off and on.,Connectivity,
software,The SC font is incorrect in ICPS Advanded Settings UI.,ICPS,the DUT assert 0x40013D and 0x4473 happening causing to PC mobile hotspot unexcepted turn off  when running iperf
wifi,"WLAN lost(Assert_0x20100508) during MS stress test, FR: 1/22Units, 2/66000 cycles",YB/Lost,"The button ""Reset"" all settings to default does not works."
bt,No BT mic device if installing 23.110.0.4/23.120.0.4/23.140.0.5 Drv. with AX201/101 card,Connectivity,"After enable Automatically switch to a better network from ICPS\advanced , ICPS UI will close automatically"
wifi,"CITU ran the Magin test,CSV file is empty.",OEM Tools,"Enable/Disable Additional Network Selection Features, Enable AP selection will be turned off, then turn on."
wifi,BSOD(Point to intelppm.sys) during installing BE200 driver.(F/R: 100%),BSOD,BT driver lost
wifi,Stress_ WB_BSOD_WDF_VIOLATION (0x10D),BSOD,
bt,"WLAN show 5002_0x20101934 error do MS test, FR: 100/100",YB/Lost,
bt,The connection to the Sada speaker always results in,Connectivity,BE200 device lost during S4 stress test
wifi,BSOD-0xD1 point to Wifi driver(Netwaw16.sys) --Netwaw16!hmfmCommonUpdateBssEntry,BSOD,ICPS has left over Scheduled Task after uninstallation
bt,"Bluetooths microphone can not be recognized in Sound -> Recording device, and can not be recognized in Sound Recorder APP. (FR:1/3 units, 100% failed with that failed unit.)",Connectivity,
wifi,WIFI 7 blocked SW Drips 0,Connectivity,
software,"SUT SHOWS BSOD ""IRQL_NOT_LESS_OR_EQUAL"" when run CB Stress w/  Dock WD22TB4 (KillerIntelligenceCenter.exe)",Killer,
wifi,"the network show""Cant connect to this network"" and assert 0x84 & 0x20000066",YB/Lost,
wifi,Can we use the command line to get TX power information?,Power Consumption,
wifi,"[Lenovo J13 Kyoto][Win11 24H2][FC][Network]The aggregated link speed at 6 GHz  does not meet the required threshold of 2.4 Gbps in DC mode.[FR: 4/8,100%][1/1 Unit]",Connectivity,
bt,"When playing an online video with Smono,the headset gets disconnected then Intel OED YB 10 occurs.",YB/Lost,
bt,A 7E BSOD (IntcOED.sys) occurs when playing a local video with Smono.,BSOD,The streaming category is shown abnormally in ACM UI.
wifi,"BSOD:0x9F(0x9F_3_Netwaw16_IMAGE_pci.sys) happened resume from MS, FR: 1/10Units, 1/93cycles",BSOD,"Notification ""Item removed successfully"" is not localized on Simplified Chinese system."
wifi,23.140.0.3 WIFI Driver install fail,Connectivity,Driver 23.130 Installation Issue
software,Killer control center the uut  game is running task cant set as 1st priority automatically.,Killer,
wifi,SIP126525 -  Win11 23H2 / DesJardins/Intel ax211 WLAN Issue -netwtw14 ID 5010,YB/Lost,
wifi,SIP126564 - 840 G10 / Win 11 22H2 / Nestle / NA / PC US / 211 WLAN stuck in code,System Hang,
wifi,The wifi switch disappear,Connectivity,
wifi,Cannot setting country code via Intel ant tool.,OEM Tools,
wifi,5G hotspots cannot be shared.,Power Consumption,
wifi,System will disconnect when system occur 4003 error.,Connectivity,
wifi,Play video very lag via Miracast to XiaomiTV.,Connectivity,
bt,"Taroko LNL File Explorer Menu missing when entering ""Flash from file"" through the enter key on the Bluetooth keyboard",YB/Lost,
wifi,PC does not send a beacon,Connectivity,
wifi,Low Throughput Issue with Driver ver.23.120.0.3 or later,Performance,CITU test fail (Marginal Test with High confident)
wifi,cant work wifi sensing,Connectivity,The Auto-Mode will become Light Mode after exit ICPS and reboot the system
wifi,The wifi GSAU connect fail,Connectivity,
wifi,It is still in yellow bang status after installing the WLAN/BT driver.,YB/Lost,
bt,BT tile not launching,Connectivity,Windows  UI and  netsh keep showing old channel and Band . After the DUT connected mobile hotspot switches from the 2.4G band to the 5G band
bt,System show black and BSoD(0x18) after enter S5 with playing 3D video.,BSOD,The first ADV packet was sent with incorrect payload sometimes
wifi,WIFI device will YB after running MS.,YB/Lost,The Downloads bar in ICPS Usage Details page isnt shown correctly
wifi,WiFi 7 6G Link speed not meet criteria,Connectivity,ICPS UI issues in Advanced Settings
wifi,Canot Miracast to project the screen to this device wirelessly,Connectivity,Some contents in ICPS Help is not localized
wifi,AX210 WIFI PLDR test fail.,YB/Lost,The music is output through the internal speaker (the music profile was not created) after Bluetooth was turned off and on.
wifi,16/17Z90TR + BE201 the FW assert 0x85 and 0x20100508 cause to event ID 5002 issue with Chariot tpt test no WIFI YB,YB/Lost,The SC font is incorrect in ICPS Advanded Settings UI.
wifi,16/17Z90TR + BE201 the FW assert 0x913 happening cause to  event ID 5002 issue with Wifi connection (6G / 5G / 2.4G),YB/Lost,"WLAN lost(Assert_0x20100508) during MS stress test, FR: 1/22Units, 2/66000 cycles"
software,Please remove WiFiSpecialConfigs folder from next Killer release(all 3 packages),Killer,
wifi,SIP1266195 - Intel AX211 Wireless adaptors locking system up at post.,System Hang,
bt,The BT switch disappear,Connectivity,BSOD(Point to intelppm.sys) during installing BE200 driver.(F/R: 100%)
bt,"The headset reconnected fail and show ""DUT indicates that this item does not work. Please make sure your Bluetooth device can still detect it and then try again""",Connectivity,
bt,"BT MS and KB can not connected again after turn off/on BT, FR: 1/1Unit, 1/1cycles.",Connectivity,"WLAN show 5002_0x20101934 error do MS test, FR: 100/100"
wifi,The unit black screen about 5mins and then 0x9f BSOD occurred after restarted unit..(Intel BE201),BSOD,
software,KIC app error message Unhandled exception has occurred in your application.,Killer,BSOD-0xD1 point to Wifi driver(Netwaw16.sys) --Netwaw16!hmfmCommonUpdateBssEntry
wifi,BSOD_connecting  Bluetooth headset,BSOD,
wifi,S4Rebootyello bang,YB/Lost,WIFI 7 blocked SW Drips 0
bt,The BT lost when testing the cooperative connection between the mobile phone and computer after BT turn off/on circles.,Connectivity,
wifi,The system needs 1~2 minutes to be entered to Modern Sta,Connectivity,"the network show""Cant connect to this network"" and assert 0x84 & 0x20000066"
bt,need 2-3 mins to remove BT device,Connectivity,
wifi,AX211 Constant Disconnects on 6GHz with TP X1 2-in-1 Gen 9,Connectivity,
bt,Stress_S4_Device YB_Intel(R) Wireless Bluetooth(R),YB/Lost,
bt,"When manually reconnecting the ear buds after turn off/on BT, the sound of the left ear buds becomes quieter",Connectivity,
wifi,P2P pairing failure after advertisement.,Connectivity,
wifi,Quick Share cant search nearby devices,OEM Tools,"BSOD:0x9F(0x9F_3_Netwaw16_IMAGE_pci.sys) happened resume from MS, FR: 1/10Units, 1/93cycles"
wifi,The wifi no internet a few seconds when plug out the charge,Connectivity,23.140.0.3 WIFI Driver install fail
bt,BT lost from quick settings about 1s then auto recover when do normal test.(Intel BE201),Connectivity,
wifi,Wlan device shows YB in DM when idle unit.(Intel BE201),YB/Lost,
bt,"Bluetooth devices all lost and do not show in the device manager when MIKE II s4 stress test, Bluetooth Device (Personal Area Network) (ID: BTH\MS_BTHPAN\6&257119B4&0&2) missing",Connectivity,
bt,"The mobile phone, as the client, failed to establish the rfcomm connection with the pc via BT.",Connectivity,
bt,The BT LE audio headsets sound has intermittent distortion when play music.(BE200),Connectivity,
bt,The mouse status quickly switched after update OS KB,Connectivity,
wifi,Cant connect others WIFI  after turn off Random hardware addresses with WIFI connected(Intel BE201),Connectivity,
wifi,WiFi is automatically toggled between enabled and disabled every 20 seconds,Connectivity,
software,"""Select an app to open this icpslauncher link"" popup shows",ICPS,
bt,Cannot send files via Bluetooth (Anchor Issue BT-320590),Connectivity,
wifi,Cannot setting country code via Intel ant tool.,OEM Tools,
wifi,5G hotspots cannot be shared.,Power Consumption,
wifi,System will disconnect when system occur 4003 error.,Connectivity,
wifi,Play video very lag via Miracast to XiaomiTV.,Connectivity,
wifi,The wifi disconnect and reconnect fail,Connectivity,
bt,The mobile terminal request pairing failed,Connectivity,
bt,The mouse quickly paired failed,Connectivity,
bt,[M90q Gen6Nearby SharingMSB,Connectivity,
bt,The sound&play UI became serious lag when switching recording UI to playback UI in MS sound control panel with BT LE headphone connected and video playing.(AX211),YB/Lost,
wifi,Intel AX211 on Multiple Platforms WLAN Disconnect when Cisco AP rekey,Connectivity,
bt,MS SW HW drips fail by BT,Connectivity,16/17Z90TR + BE201 the FW assert 0x85 and 0x20100508 cause to event ID 5002 issue with Chariot tpt test no WIFI YB
bt,The sound channel cannot be switched when switch headset channel after connect two BT headsets with play web video,Connectivity,16/17Z90TR + BE201 the FW assert 0x913 happening cause to  event ID 5002 issue with Wifi connection (6G / 5G / 2.4G)
wifi,"Netwaw16!rxDetainerIsActiveApi BSOD code ""DRIVER_IRQL_NOT_LESS_OR_EQUAL""  (w dump)",BSOD,Please remove WiFiSpecialConfigs folder from next Killer release(all 3 packages)
wifi,11ax 6GHz Tx Power issue,Power Consumption,
software,UUT s Mobile hotspot of seting cant sync with VR mode first time,Killer,
bt,Delay on reporting received LE advertisement from Android mobile,Connectivity,
wifi,link speed drop on DC power mode,Power Consumption,
bt,BT ext driver lost after PC coldboot,Connectivity,The unit black screen about 5mins and then 0x9f BSOD occurred after restarted unit..(Intel BE201)
wifi,3LS - SIP126446 - x360 1040 G11 (ErnestoX) / Delta / GC / AX211 WLAN disconnect intermittently / PC APJ,Connectivity,KIC app error message Unhandled exception has occurred in your application.
wifi,Quick Share data transmission failure issue,Connectivity,
wifi,PLDR test caused WIFI YB,YB/Lost,
bt,PLDR test caused BT YB or unknown device,YB/Lost,The BT lost when testing the cooperative connection between the mobile phone and computer after BT turn off/on circles.
bt,BT HLK CIS Establishment 100% fail,HLK,
bt,Unit shows error message when transfer file from/to the added BT PC.(F/R:4/4unit) (Anchor Bug - BT-320590),Connectivity,
wifi,WIFI Lost with S3 stress test,Connectivity,
bt,"After turning the Bluetooth off and on, the Bluetooth headset fails to reconnect.",Connectivity,
bt,BT exception causeDUT stuck at bootup screen for a long time) - Repeated Boot up events DSBR command,System Hang,"When manually reconnecting the ear buds after turn off/on BT, the sound of the left ear buds becomes quieter"
bt,BT controller have some problem when process the advertisement out of PC.  which lead to no nearby devices shown on QuickShare screens. (~10 hours to reproduce),Connectivity,
bt,BE200: BT lost in Cold boot/S4/Warm boot cycling test,Connectivity,
bt,BT HLK fail LEEXtendedadvertising,HLK,
tools,Error to read BT Static SAR (UEFICnvBTBRDS),Connectivity,
wifi,Wi-Fi installer cannot be installed,Connectivity,
bt,BT YB(code 10)  after turn off wifi,YB/Lost,
bt,BT Audio Offload issue,Connectivity,
wifi,PHM 4H DC only HW drips too low_CNVi,Connectivity,
bt,There are advs in OTA but no connection complete evt report,Connectivity,
wifi,P178G002/P179G002 update KC Wifi 7,Connectivity,
bt,"Eject Intel(R) Wireless Bluetooth(R)"" pop up in the right bottom corner",Connectivity,Cant connect others WIFI  after turn off Random hardware addresses with WIFI connected(Intel BE201)
bt,BT will reset after connected BT headset,Connectivity,
bt,BT rest after connected BT headset,Connectivity,"""Select an app to open this icpslauncher link"" popup shows"
wifi,"16/17Z90TR + AX211  LMAC1, Assert 0x913, happening with ASUS RT-AX88U AP at  Disconnect point",YB/Lost,Cannot send files via Bluetooth (Anchor Issue BT-320590)
wifi,I226 low SWHWDRIPS issue - wlan wake,Connectivity,
bt,Only MIC connected after pair BT mouse and BT LE headphone with unit.(AX211),Connectivity,
bt,No sound out put After connected  BT earphone (Airpods4),Connectivity,
bt,FreeBuds Pro 3 Show the connected microphone and output music from the unit speaker.,Connectivity,
wifi,"When set router 2.4G/5G wifi authentication type: WPA-PSA and RF mode:802.11b/g/n/ax,after the machine connect it and display 802.11n instead of 802.11ax(F/R:3/3  6/6cycles)",Connectivity,
bt,The BT earphone (Airpods4) sound lag 5s and then no sound output,Connectivity,
software,Killer -AI Lighting touchpad failed while using acers AI PC,Killer,
software,"KILLER shows ""Service not running""",Killer,
bt,ANT tool read the BT PPAG results are inconsistent with the BIOS settings (Intel BE201/AX211),Connectivity,
wifi,The system is connected to a Wireless Display TV and the video playback is stuck or Screen freezes,YB/Lost,Intel AX211 on Multiple Platforms WLAN Disconnect when Cisco AP rekey
wifi,YB happens after waking up from Modern standby,YB/Lost,
wifi,WiFi connection interruption symptom,Connectivity,
wifi,Clevo_V3xxSNR_RPL-HX_Miracast Stuttering Issue,Connectivity,"Netwaw16!rxDetainerIsActiveApi BSOD code ""DRIVER_IRQL_NOT_LESS_OR_EQUAL""  (w dump)"
bt,BT show YB (Signature verification Failed) when running S4 stress,YB/Lost,
bt,"No sound with 23.130 on ARL-H&HrP2 when turn off wi-fi from setting, All BT services are impacted.",Connectivity,
bt,"When the mouse or keyboard is paired with the units,  prompt ""Connection failed, please try to connect again""",YB/Lost,
bt,Taroko LNL Bluetooth devices getting disconnected as soon as any pop up shows up in pre boot screens,Connectivity,
software,"In ICPS APP BT page, rename BT device then it wont retain the original name.",ICPS,
bt,"BT headset occur noise for about 10s when play audio files. F/R 1/1u,2/30c",Connectivity,
bt,"BT headset occur noise for about 10s when play audio files. F/R 1/1u,2/30c",Connectivity,
software,The NB device didnt show connected in ICPS\BT page,ICPS,
wifi,-System can not search WiFi 6G when set MCC to US,Connectivity,
wifi,Reboot stress test  appear BSOD or hang up5/15 Units,BSOD,
tools,Pista ARL DVT2 BE201 GNNR tool show hardware initialization failed,OEM Tools,Unit shows error message when transfer file from/to the added BT PC.(F/R:4/4unit) (Anchor Bug - BT-320590)
bt,The BT earphone (Airpods4) sound lag 5s and  then no sound output,Connectivity,
wifi,Empty or partial scan list. Seen on one unit only.,Connectivity,"After turning the Bluetooth off and on, the Bluetooth headset fails to reconnect."
wifi,(Copy Of 00949160) 16/17Z90TR + BE201 event ID 5002 issue with ASUS GT-AXE11000 ap,YB/Lost,BT exception causeDUT stuck at bootup screen for a long time) - Repeated Boot up events DSBR command
wifi,16/17Z90TR + BE201 event ID 5002 issue with ASUS GT-AXE11000 ap,YB/Lost,BT controller have some problem when process the advertisement out of PC.  which lead to no nearby devices shown on QuickShare screens. (~10 hours to reproduce)
bt,High CPU usage when creating/releasing a Bluetooth device from the already paired device list,Connectivity,
bt,DUT cannot receive LE adv extension packets from mobile phone.  (Anchor Bug: BT-322497),Connectivity,
bt,PC cannot scan LE Ext Adv sometime,Connectivity,
wifi,cant work wifi sensing(WAL) after reboot,Connectivity,
bt,The BT earphone auto disconnected when play local music by media player,Connectivity,
software,App crach( IntelProviderDataHelperService.exe) occurs.,Killer,
wifi,SIP126226 - 1040 G11/Win11 24H2/NA/PC US/Intel WLAN driver causes 0xa bug check,BSOD,
bt,The unit show BSOD when disconnected BT earphone,BSOD,
wifi,The unit show BSOD when disconnected BT earphone,BSOD,
wifi,16/17Z90TR + BE201 FW assert  0x4447 happening  cause to  with event ID 5002 (AP : ASUS GT-AXE11000) and DUT disconnect,YB/Lost,
wifi,"After the unit connect to monitor by  mircast,the sound will lag when play local video",Performance,
wifi,BSOD 0x9f DRIVER_POWER_STATE_FAILURE( Wi-Fi 7),BSOD,
wifi,WiFi disconnected during daily using -- 0x251B & 0x91,BSOD,"16/17Z90TR + AX211  LMAC1, Assert 0x913, happening with ASUS RT-AX88U AP at  Disconnect point"
wifi,WLAN YB appeared upon startup after shutting down and leaving it for 1 hour in the chamber(0 degrees Celsius).(F/R: 1/24 units),YB/Lost,
wifi,23.120 cannot read WGDS in some country (e.g. TW/HK/SG),Connectivity,
wifi,Arrow Lake H 45W Layout file review for M.2 WIFI module,Connectivity,
wifi,Arrow Lake H 45W Schematic review for M.2 WIFI module,Connectivity,
wifi,SW/HW of DRIPS can not reach over 95% in ADK Modern Standby verification,Performance,
bt,"Dell Pair pop up will show ""Troubleshoot"" and Swift Pair show ""failed to connect"" when pair the BT devices. (F/R:2/2U,3/15T)",Connectivity,
wifi,The network(security:WPA3-personal) Connect Failed,Connectivity,Killer -AI Lighting touchpad failed while using acers AI PC
bt,Pista ARL BE201 Wireless Headset pause button is no function via Bluetooth.,Connectivity,"KILLER shows ""Service not running"""
bt,Cant search the BLE device(AD20 mouse),OEM Tools,
wifi,Venus5-16 LNL - WTAS error for get_session_id,RF,
bt,"When Show notifications to connect using Swift Pair is off, can not do pairing with LE audio",Connectivity,
software,The type of BT keyboard is displayed as BT mouse icon in ICPS BT page,ICPS,
wifi,WLAN lost during playing game (Genshin Impact). (Intel BE201),Connectivity,
wifi,"16/17Z90TR + AX211 wifi issue with event ID 5002,  FATAL_ERROR: 0x84 and 0x20000066 happening  but no WIFI YB",YB/Lost,BT show YB (Signature verification Failed) when running S4 stress
wifi,HP 3LS SIP126149 - EB 1040 G11(Ernesto MTL)/TSMC/GC/Intel AX211 Cannot find WiFi 6G issue/PCAPJ/TW,Connectivity,"No sound with 23.130 on ARL-H&HrP2 when turn off wi-fi from setting, All BT services are impacted."
wifi,RWiFi will disconnect / reconnect intermittently after run Furmark. (Intel BE201),Connectivity,
wifi,Pista ARL DVT2.1 WLAN driver version t-put issue,Connectivity,
wifi,"EUT occur BSOD 0x9F W/ dump file during Longrun DC-S4 with ATS_PMLongRun_v6.0 tool(FR:1/8units,1/361trials)",BSOD,
wifi,DVT1.2_Cold boot Stress_W10_22H2_CB_BSOD_DRIVER_IRQL_NOT_LESS_OR_EQUAL(code: 9F),BSOD,
bt,"Stress_FB_BSOD(0X9F) occurred that point to Intel Bluetooth driver (F/R: 1/42units, 1/12400cycles)",BSOD,
wifi,Cannot connect at 40MHz bandwidth for 2.4GHz band,Connectivity,The NB device didnt show connected in ICPS\BT page
software,The ICPS App shows black screen after resuming from Hybrid shutdown,ICPS,
software,"Killer control center, when click Start VR Mode button, the uut Mobile hotspot cannot turn on.",Killer,
wifi,"16/17Z90T MP, The FW assert 0x20100505 cause to  wifi disconnection with event ID 5002, no WIFI YB",YB/Lost,
bt,Bluetooth is switched on automatically after resuming from Hibernation.,Connectivity,
wifi,"ssystem evt ID 5002 (assert  0x90 and 0x505 happening on PV23.90).and fw assert  0x508 happening in PV 23.120 no WIFI YB, but cause DUT disconnect",YB/Lost,Empty or partial scan list. Seen on one unit only.
wifi,Black screen 0x9F with power LED breathing during running WinPVT (48hrs Runin test),BSOD,
wifi,PC Send deauth Unexpected,Connectivity,
wifi,S4 loop test BSOD 0x9Fdump file related to wifi,BSOD,
wifi,S4 loop test BSOD 0x9Fdump file related to wifi,BSOD,DUT cannot receive LE adv extension packets from mobile phone.  (Anchor Bug: BT-322497)
wifi,WiFi speeds decrease when system is switched to DC mode,Connectivity,PC cannot scan LE Ext Adv sometime
wifi,Mobile Hotspot cannot be detected by other devices,Power Consumption,
bt,WB stress BT YB,YB/Lost,
wifi,BT device show YB after test BTH_4947 BT Error Recovery - Product Reset,YB/Lost,App crach( IntelProviderDataHelperService.exe) occurs.
wifi,"Drips value did not meet expectations, found WLAN execution to be high after resume from MS",Connectivity,
bt,"BT headphones(AirPods Pro 2nd generation) automatic disconnect after connected to units.(FR:2 /2 units, 4 / 4trials)",Connectivity,
wifi,The driver disconnect WiFi when ping AP,Connectivity,
wifi,The wifi will disconnect when enter to MS,Connectivity,16/17Z90TR + BE201 FW assert  0x4447 happening  cause to  with event ID 5002 (AP : ASUS GT-AXE11000) and DUT disconnect
wifi,Blue screen error,BSOD,
wifi,Red Screens(0x945) with Memory dump occurred during dash latest RevAF image..(Intel Harrison Peak 2),BSOD,
bt,The number of advs(instance 111) is very small,Connectivity,WiFi disconnected during daily using -- 0x251B & 0x91
wifi,WiDi disconnected after several hours,Connectivity,WLAN YB appeared upon startup after shutting down and leaving it for 1 hour in the chamber(0 degrees Celsius).(F/R: 1/24 units)
bt,"Intel Bluetooth device lost when running the s0i3 (modern standby) stress test via OSAging tools. Fail Rate: 1/5 units, 1/18 runs.",Connectivity,23.120 cannot read WGDS in some country (e.g. TW/HK/SG)
bt,Run Bluetooth - Initiate platform-level device reset fail.(Intel AX211),Connectivity,
software,It takes long time to display Incorrect password when connecting AP,Killer,
bt,"During file transfer via BT, connection and file transfer will automatically disconnects and then reconnects, but after a while, it disconnects again(Anchor Issue BT-320590)",Connectivity,
software,IntelProviderDataHelperService.exe application error occurred on the system with ICPS 3.0 installed,ICPS,
bt,There are advs but no connection complete evt,Connectivity,The network(security:WPA3-personal) Connect Failed
bt,Clevo_X3xxSNx/WNx_RPL-HX_ BT Headset S4 Resume issue,Connectivity,"can not connect to AP with ""WPA2/AES/Password: Hexadecimal number 64 digits"""
software,Intel Connect service is disconnected when input wrong password to connect AP,Killer,
bt,The fw crash (0x0C) cause the BT lost a few minutes,BSOD,
software,ICPS v4.1025.207.1 cant be launched intermittently,ICPS,
bt,UUT report error message during run Winpvt S4/Reboot test when use bluetooth connect Wireless USB+Bluetooth Keyboard/Mouse.,YB/Lost,"When Show notifications to connect using Swift Pair is off, can not do pairing with LE audio"
wifi,The WoWLAN support behavior,Connectivity,
wifi,WiFi Drop.,Connectivity,WLAN lost during playing game (Genshin Impact). (Intel BE201)
wifi,BSOD 0xA point to Netwaw16.sys during WIFI idle,BSOD,"16/17Z90TR + AX211 wifi issue with event ID 5002,  FATAL_ERROR: 0x84 and 0x20000066 happening  but no WIFI YB"
software,Test,Killer,
wifi,"When 6GHz is enabled, the detection distance is sometimes extremely short (30-50cm) for a while after booting.",Connectivity,
wifi,S3 enter time greater than 8 seconds and assert 0x6bfb,YB/Lost,
wifi,"The wifi cannot connected, FR: 1/1unit, 2/2cycles",Connectivity,
wifi,WHEA error in event log after reboot (F/R:100%),BSOD,DVT1.2_Cold boot Stress_W10_22H2_CB_BSOD_DRIVER_IRQL_NOT_LESS_OR_EQUAL(code: 9F)
wifi,PC BSOD 0x9F_3_Netwtw16_IMAGE_pci.sys happening,BSOD,
wifi,cant work wifi sensing,Connectivity,
bt,BT keyboard cant wake up PC under MS,YB/Lost,The ICPS App shows black screen after resuming from Hybrid shutdown
wifi,P2P disconnect,Connectivity,"Killer control center, when click Start VR Mode button, the uut Mobile hotspot cannot turn on."
wifi,BIOS Sar feature no function,RF,"16/17Z90T MP, The FW assert 0x20100505 cause to  wifi disconnection with event ID 5002, no WIFI YB"
bt,Bluetooth device detection needs a 15-30 second delay after turning off and then on Bluetooth in the system task tray.,Connectivity,
bt,Bluetooth headset has garbage sound while playing music file.,Connectivity,
software,Message ICPS is currently disabled. Would you like to enable it will be shown.,ICPS,"ssystem evt ID 5002 (assert  0x90 and 0x505 happening on PV23.90).and fw assert  0x508 happening in PV 23.120 no WIFI YB, but cause DUT disconnect"
software,It needs around 15 sec to enable smart AP selection,Killer,Black screen 0x9F with power LED breathing during running WinPVT (48hrs Runin test)
wifi,3LS - SIP125952 - EB 630 G10 (Kraken13 PRO) / GC / Delta / Intel AX211 (GfP2 vPro) intermittent WLAN unavailable issue / PC APJ,Connectivity,
wifi,The FW  assert 0X3706 happening  cause wifi disconnect,YB/Lost,
software,No Dark/Light mode description in ICPS Help,ICPS,
bt,BT device lost in S4 cycling test ( Fast startup),Connectivity,
software,Light/Dark mode in Advanced Settings is not localized on Chinese system,Killer,
bt,The BLE adv cant recieve,OEM Tools,
software,cant work wifi sensing,Killer,
wifi,Intel Wi-Fi 7 BE201 (FmP2) will show YB after ESD testing,YB/Lost,
bt,BSOD 0x9f dump during Auto warm boot,BSOD,
wifi,"Wi-Fi cannot connect to 5G then cause YB (UMAC, rtStatus = 0x20000034)",YB/Lost,
bt,No any BT device list after resume from MS then add BT device.(BE201),Connectivity,
bt,The system couldnt get the advertisement from Nearby devices,Connectivity,
bt,The controller no response 1minute when resuming from S4,System Hang,Red Screens(0x945) with Memory dump occurred during dash latest RevAF image..(Intel Harrison Peak 2)
wifi,test unit will shows black sreen about 1-2s then change to normal during pair miracast.,System Hang,
software,Reset button cant reset Auto/Light/Dark Mode,Killer,
software,ICPS Auto/Dark Mode cant adjust to Windows Theme,ICPS,
bt,"""Bluetooth file transfer not completed"" when BT transfer file from AX211 to AX211.) (Anchor Bug - BT-320590)",Connectivity,
wifi,Killer 1750 may cause black screen on S3/S4 or shutdown test,Killer,It takes long time to display Incorrect password when connecting AP
wifi,V270ENN_AX210_PING-LOSS_OVER_SPEC,Connectivity,"During file transfer via BT, connection and file transfer will automatically disconnects and then reconnects, but after a while, it disconnects again(Anchor Issue BT-320590)"
wifi,BE201 WIFI Lost during RUNIN test on Factory,Connectivity,
bt,System auto-wake after entering S4/S5 (QC registered),Connectivity,
wifi,Intel Wi-Fi 7 BE201 (FmP2) will show YB after ESD testing,YB/Lost,
wifi,The BSOD 0x9F_4_PCI_Netwtw16_IMAGE_pci.sys related to Netwtw16.sys happening,BSOD,Intel Connect service is disconnected when input wrong password to connect AP
wifi,BSOD occurs during Power off heatrun test on ARL models,BSOD,
wifi,WiFi will disable or lose function after ESD testing,Connectivity,ICPS v4.1025.207.1 cant be launched intermittently
wifi,AX211( and AX201) are more likely to disconnect than 9560,Connectivity,
software,Killer control center the QQ Player has belong to the game category.,Killer,
bt,"After waking up from S4, the BT mouse was successfully reconnected for 30s",Connectivity,
bt,Cant keep BT connection with smartphone,Connectivity,BSOD 0xA point to Netwaw16.sys during WIFI idle
wifi,"WLAN device disappeared with FW assert 0x20100505, 0x4009 low temp",YB/Lost,
wifi,"The network disconnectedevent log show wifi ""5002"". Fail rate: 1/109 units",YB/Lost,
bt,"The ""personal area Network(PAN)"" will disconnect after about 10~20min when two units join a personal area network. (F/R: 2/2UUTs, 4/4cycles)",Connectivity,S3 enter time greater than 8 seconds and assert 0x6bfb
software,Does Intel AX211 support DMA remapping policy in Device Manager  Details?,Killer,
software,Does Intel AX211 support DMA remapping policy in Device Man,Killer,WHEA error in event log after reboot (F/R:100%)
wifi,HSBC end-users complain that frequent WiFi roaming significantly affects the customer experience.,Connectivity,
bt,aging S4 TEST_BT Lost issue - NO_SUCH_DEVICE,Connectivity,
bt,"Intel AX211 BT device YB 43 after S4 test(F/R: 1/30 by units, 1/30 by cycles )",YB/Lost,PC BSOD 0x9F_3_Netwtw16_IMAGE_pci.sys happening
bt,The Bluetooth related device lost when using the MIKE II tool to run hibernate resume (manual resume) Fail Rate: 1unit 2/2 trials.,Connectivity,
wifi,Lenovo_arlh_Blanc2_smartphone to PC Miracast occur sound glitch,Connectivity,
wifi,WLAN device shows YB after resuming from S4/MS - FW assert 0x13ce,YB/Lost,
wifi,WLAN device shows YB after resuming from ModernStandby.,YB/Lost,P2P disconnect
wifi,WLAN device shows YB after resuming from S4/MS - FW assert 0x132e,YB/Lost,
wifi,WLAN device shows YB after resuming from S4/MS - FW assert 0x13ce,YB/Lost,
wifi,WLAN device shows YB after resuming from S4/MS - FW assert 0x13ce,YB/Lost,
wifi,WLAN device shows YB after resuming from S4/MS - FW assert 0x13ce,YB/Lost,Message ICPS is currently disabled. Would you like to enable it will be shown.
wifi,WLAN device shows YB after resuming from S4/MS - FW assert 0x132e,YB/Lost,It needs around 15 sec to enable smart AP selection
wifi,WLAN device shows YB after resuming from S4/MS - FW assert 0x13ce,YB/Lost,
wifi,The connected Wi-Fi has been forgotten after switch Advanced Optimus to Integrated Graphics Only in OGH,Connectivity,The FW  assert 0X3706 happening  cause wifi disconnect
software,0XD1 BSOD caused by Killer APP driver,Killer,No Dark/Light mode description in ICPS Help
wifi,[JP}cannot connect hidden network SG wifi6e(6Ghz) on T14 G4 & T14 G5,Connectivity,BT device lost in S4 cycling test ( Fast startup)
bt,BT fw crash(23.120),Connectivity,Light/Dark mode in Advanced Settings is not localized on Chinese system
bt,Win11:HLK:Bluetooth - LEExtendedAdvertising (Development and Integration) fail,HLK,
bt,Clevo_X560WNx_ARL-HX_ Audio offload Sound issues,Connectivity,cant work wifi sensing
bt,BT mouse not smooth after pair BT mouse&headphone with unit then make teams call.(AX211),Connectivity,
software,a blank parenthesis will appears in the ICPS Bluetooth device list after changing Bluetooth device name,ICPS,
wifi,"Keep triggering PLDR then cause YB after connecting AP (LMAC1, rtStatus = 0x10AC)",YB/Lost,"Wi-Fi cannot connect to 5G then cause YB (UMAC, rtStatus = 0x20000034)"
wifi,OverInstall Intel WiFi v23.120.0.3 will pop up error message,Connectivity,
bt,ICPS Changing Bluetooth device name is not work correctly.,ICPS,
bt,ICPS Bluetooth Device Management cant show Bluetooth LE devices correctly.,ICPS,
software,"Error ""ICPS is unable to run on your configuration"" prompts after RUSB recovery",ICPS,
bt,BT earphone/mouse can not auto reconnect after S4 resume,Connectivity,
bt,Daily use found Bluetooth lost after MS resume - Observed System Exception,Connectivity,
bt,FW crash cause with high fail rate 30% and lead toBT mouse disconnected (Anchor Issue BT-320590),Connectivity,"""Bluetooth file transfer not completed"" when BT transfer file from AX211 to AX211.) (Anchor Bug - BT-320590)"
bt,Find the Host BT lost during use BT LE mouse(Logi MX anywhere 2).,Connectivity,Killer 1750 may cause black screen on S3/S4 or shutdown test
wifi,NB cannot enter S3 mode,Connectivity,
wifi,SPC software is slow when connect WLAN,Connectivity,
bt,Bluetooth headset is 3 meters away and the sound is lag,Connectivity,
wifi,[Lenovo/Consumer][LCFC][PTL484][BE211][1216][C911][EVT][Schematic][575882review],Connectivity,
bt,BT earphone can not auto reconnect after MS resume,Connectivity,Intel Wi-Fi 7 BE201 (FmP2) will show YB after ESD testing
bt,Blue screen after connecting Bluetooth speaker to S3,BSOD,The BSOD 0x9F_4_PCI_Netwtw16_IMAGE_pci.sys related to Netwtw16.sys happening
wifi,"The network disconnectedevent log show wifi ""5002"". Fail rate: 1/109 units",YB/Lost,
bt,BT mouse can not auto reconnect after MS resume or S0 idle,Connectivity,WiFi will disable or lose function after ESD testing
bt,BT automatically disconnects when transferring 100M data file via BT with AX211 / Killer1675i card. FR: 8/10 cycle,Killer,
wifi,a blank parenthesis will appears in the ICPS Bluetooth device list after changing Bluetooth device name,ICPS,Killer control center the QQ Player has belong to the game category.
wifi,The UUT cant resume from MS immediately(delay more than 20s) when resume UUT from MS via KB/TP,OEM Tools,
software,The original BT device name cannot be displayed after the device name has been edited,Killer,
wifi,Linkspeed drop with drivers 23.120.0.3 when connected to AP with 160Mhz bandwidth (F/R: 3/3 UUTs; 30/30 Cycles),Connectivity,"WLAN device disappeared with FW assert 0x20100505, 0x4009 low temp"
wifi,How to close the access of channels 100~140 in WLAN 5G band in Indonesia,Connectivity,
wifi,Driver Assert FATAL_ERROR:0x9C78 which caused WiFi disconnect.,YB/Lost,
wifi,11BE 2.4G 40Mhz RX Throughput dropped >10% while BT is on.,Connectivity,
wifi,BE200 WIFI lost during daily usage,Connectivity,
wifi,SIE294675: EMEA/T1/Roches/Intermittent WLAN disconnection,Connectivity,
bt,"Using Bluetooth earphones to watch videos, the earphone sound is intermittent and there is a current sound",Connectivity,
bt,BT lost after restart. (RVP can not repro),Connectivity,HSBC end-users complain that frequent WiFi roaming significantly affects the customer experience.
wifi,"The external monitor disconnected after play back online video overnight after connect monitor via WIDI adapter.(FR:2/2units, 2/2trails)",Connectivity,aging S4 TEST_BT Lost issue - NO_SUCH_DEVICE
bt,No sound output from Bluetooth headset HECATE GM4,Connectivity,
wifi,Wireless DIsplay,Connectivity,
wifi,Disconnect the network (reason for disconnection: the network was disconnected by the driver),Connectivity,
bt,The system can not wake up by BT KB/mouse after 15 minutes of sleep when connecting multiple devices to the system.,Power Consumption,WLAN device shows YB after resuming from S4/MS - FW assert 0x13ce
tools,Associated failed with ANT tool in factory (F/R: 5%),OEM Tools,
bt,"After connecting, Buds 3 has no sound output, cannot play FLAC file and video on Youtube",Connectivity,WLAN device shows YB after resuming from S4/MS - FW assert 0x132e
wifi,Connect dock WD19 TB to connect wifi appear disconnect .,Connectivity,
bt,Clevo_X560WNx_ARL-HX_AX201 Bluetooth Icon Disappears from System Tray,Connectivity,
wifi,The system random hang during boot up with BE201/AX211.,System Hang,
wifi,The system cannot be wake up from MS when the system resumed from S4 and then enter into MS(0x9F occurred),BSOD,
wifi,Test for IPS to HSD2,Connectivity,
bt,Olympus 2.0 - ThinkBook 14 G7+ IAH with BE200,Connectivity,
bt,"Mobile hotspot->Share over Select BT,  Fatal exception (100%) (Anchor Issue BT-327293)",Power Consumption,
bt,The music makes noise when clicking Recording in sound settings after connecting the BT headset to play music. (FR: 100%),Connectivity,
bt,BSOD_9f point to Intel BT,BSOD,
bt,The recording file output noise when recording with Samsung Galaxy Buds3 Pro(D579) Bluetooth headphones.,Connectivity,
wifi,WiFi  driver assert,YB/Lost,
wifi,WIFI WB stress ping fail,Connectivity,
wifi,Cannot wake the system from modern standby via WLAN with Intel BE200.,Connectivity,a blank parenthesis will appears in the ICPS Bluetooth device list after changing Bluetooth device name
wifi,Wi-Fi device shows 0x38 error code During OOBE,BSOD,"Keep triggering PLDR then cause YB after connecting AP (LMAC1, rtStatus = 0x10AC)"
software,Advanced Connection manager appears without ethernet,Killer,
software,ICPS app freezes When trying to connect a BT device.,ICPS,
bt,DUT BSOD 0x9f while running Winpvt Hibernate Focus. (FR: 1/25) - Debug Config for S5 Command resulted to Loop of resets in FW,BSOD,ICPS Bluetooth Device Management cant show Bluetooth LE devices correctly.
bt,HLK Bluetooth test item fail,HLK,
wifi,Wi-Fi low tpt on 6Ghz 11be 320MHz bandwidth,Performance,
bt,BT driver YB,YB/Lost,Daily use found Bluetooth lost after MS resume - Observed System Exception
wifi,Sometimes the connection is disconnected during VDI,Connectivity,FW crash cause with high fail rate 30% and lead toBT mouse disconnected (Anchor Issue BT-320590)
bt,BLE link disconnection caused by 0x08,BSOD,
wifi,In the Signaling test The AX211 Blazar   Aux(Chain A) port conducted RX  sensitivity very low and not meet EPS,RF,
bt,BT device occurred YB after when wake up the system with BT mouse/KB.,YB/Lost,
bt,"[Lenovo-IdeaPad/LCFC][Sunrise/LNL/BE201][24H2][USB] The Unit shows Item Not Found"" when copy file from the shared folder via access BT IP address. [LMP Error Transaction Collision]",Connectivity,
bt,Auto Connection Issue,Connectivity,
wifi,PX AX210 Wifi 6G _DSM support_OEM,Connectivity,
wifi,WiFi disconnection and abnormal IP,Connectivity,
wifi,BSOD 0x9F_3_Netwaw16_IMAGE_pci.sys after turning off Wifi in BIOS setup,BSOD,
bt,BT device Lost during Hibernation/shutdown heatrun test - Signature Verification Fail,Power Consumption,BT mouse can not auto reconnect after MS resume or S0 idle
wifi,Clevo_X560WNx_ARL-HX_AX201 WLAN Live Streaming Disconnection,Connectivity,BT automatically disconnects when transferring 100M data file via BT with AX211 / Killer1675i card. FR: 8/10 cycle
wifi,Clevo_X560WNx_ARL-HX_AX201 WiFi connect issues,Connectivity,
wifi,Intel BT PCI Enumerator show YB after Force Shutdown (long press power key 10 sec) with enable AMT (PP2/LP3) in AC mode,YB/Lost,
wifi,RU area softap channel is build 2.4G,Connectivity,The original BT device name cannot be displayed after the device name has been edited
wifi,Miracast abnormal,Connectivity,Linkspeed drop with drivers 23.120.0.3 when connected to AP with 160Mhz bandwidth (F/R: 3/3 UUTs; 30/30 Cycles)
wifi,"EUT occur BSOD (Bugcheck:0x7e) w/ dump file during Longrun AC-Restart with LongRunATS_AOAC_v5.2 tool(FR:1/35units, 1/5974trails)",BSOD,
wifi,"EUT occur BSOD (Bugcheck:0x7e) w/ dump file during Longrun AC-Restart with LongRunATS_AOAC_v5.2 tool(FR:1/35units, 1/5974trails)",BSOD,
wifi,"During a WeChat call, the WiFi will automatically reconnect after being disconnected for 5 seconds",Connectivity,
wifi,"Wi-Fi 7 BE200320MHz,WIFI",Connectivity,Driver Assert FATAL_ERROR:0x9C78 which caused WiFi disconnect.
bt,BT headphones(AirPods Pro 2nd generation) automatically disconnect again when playing online video.,Connectivity,11BE 2.4G 40Mhz RX Throughput dropped >10% while BT is on.
wifi,ANT tool NOT able to read WiFi PPAG,Connectivity,BE200 WIFI lost during daily usage
bt,Noise is heard from BT headphone when other people speak during teams call.(BE201),Connectivity,
wifi,PC repeatedly sleeps and wakes up even if there is no movement around the PC.,Power Consumption,
bt,"Once the PC wakes up, it stays awake even if there is no movement around the PC.",Power Consumption,BT lost after restart. (RVP can not repro)
wifi,Abnormal shutdown occurs during system idle (only on Wi-Fi sensing enabled SKUes),System Hang,
bt,It takes a long time for the PC to scan for broadcast,Connectivity,
wifi,HP SIP125519 - EB830G9 (Warpath13)/Bank Indonesia/GA/ Intel AX211 WLAN Roaming Issue/PC APJ/ID,Connectivity,
bt,he sound&play UI became very lag after end the teams call then play local video with BT LE headphone connected.(BE201),Connectivity,
bt,Bluetooth - HciExtensions / HciExtensionsV2 (Development and Integration) fail,Connectivity,
wifi,T14 Gen4 - WIFI get disable in office Infra from SG,Connectivity,Associated failed with ANT tool in factory (F/R: 5%)
wifi,FW assert 0x20100505 happening cause to tpt measurement using Chariot stop,YB/Lost,"After connecting, Buds 3 has no sound output, cannot play FLAC file and video on Youtube"
wifi,SIP125437 ZB Firefly 14 G10 Intel ICPS - IPV6 connection issues,ICPS,
bt,One mic of the BT headset no sound output when initiate a call,Connectivity,
bt,"[Lenovo_IdeaPad/LCFC][Hermes/ARL-HX/GfP2/AX211] BLE Headset auto disconnect after paired or play music use media player, 3/3Units, 1/10cycles.  [DCL Timeout]",Connectivity,The system random hang during boot up with BE201/AX211.
bt,BE200 bluetooth audio offload cant work,Connectivity,The system cannot be wake up from MS when the system resumed from S4 and then enter into MS(0x9F occurred)
software,ICPS is being uninstalled unexpectedly during the DASH process,ICPS,
bt,BT Device lose issue occurred during the S4   fail rate: 2/109U,Connectivity,
bt,cant change mic input volume,System Hang,"Mobile hotspot->Share over Select BT,  Fatal exception (100%) (Anchor Issue BT-327293)"
wifi,BSOD 0x9F when doing S4 test,BSOD,
wifi,WIFI S4 stress ping fail,Connectivity,
bt,"BT Headset disconnect automatically during file transfer via BT and show ""Bluetooth file transfer not completed"".",Connectivity,
bt,Broadcast sending failed,Connectivity,
software,3 MSFT websites cant be opened with ICPS installed upon IPv6,ICPS,
wifi,Unstable Wi-Fi causing frequent disconnects analysis,Connectivity,Cannot wake the system from modern standby via WLAN with Intel BE200.
wifi,"The external monitor disconnected after play back online video overnight after connect monitor via WIDI adapter.(FR:2/2units, 2/2trails)",Connectivity,Wi-Fi device shows 0x38 error code During OOBE
wifi,The wifi driver YB issue after the S4 wakes up. Fail rate: 1/10 units,YB/Lost,
bt,Occur BSOD 9f point to ibtusb after reboot system.,BSOD,
wifi,The wifi device YB resuming from S4,YB/Lost,DUT BSOD 0x9f while running Winpvt Hibernate Focus. (FR: 1/25) - Debug Config for S5 Command resulted to Loop of resets in FW
bt,File transfer via BT will auto interrupt.(Intel BE201),Connectivity,
bt,Sound output from BT headphone is serious lag with noise after playback music about 30s via media player.(Intel BE201),YB/Lost,
bt,Bluetooth headset does not find input device,Connectivity,
wifi,"During the game, the wifi network disconnection",Connectivity,
wifi,Disconnection on missed beacons occurs even if RX data frames is received,Connectivity,
wifi,"The network  disconnected during wechat video callevent log show wifi ""5002"". Fail rate: 1/109  units",YB/Lost,In the Signaling test The AX211 Blazar   Aux(Chain A) port conducted RX  sensitivity very low and not meet EPS
bt,BLE broadcast not found,Connectivity,
bt,BT fw crash,Connectivity,"[Lenovo-IdeaPad/LCFC][Sunrise/LNL/BE201][24H2][USB] The Unit shows Item Not Found"" when copy file from the shared folder via access BT IP address. [LMP Error Transaction Collision]"
bt,An error occurs on youtube and a few later the video started but no sound from the Buds3,Connectivity,
wifi,Killer Intelligence Center Smart AP issues,Killer,
bt,Cannot scan LE Audio headset,Connectivity,
wifi,WIFI Driver assert cause to WIFI disconnect,YB/Lost,BSOD 0x9F_3_Netwaw16_IMAGE_pci.sys after turning off Wifi in BIOS setup
wifi,BSOD 0x9F during S4 test,BSOD,BT device Lost during Hibernation/shutdown heatrun test - Signature Verification Fail
wifi,WLAN device shows YB after resuming from ModernStandby.,YB/Lost,
wifi,"System reported WHEA errors at event log: ""Error Source: Advanced Error Reporting (PCI Express)"" related with BE200 card.",BSOD,
wifi,WLAN device shows YB after resuming from S3.,YB/Lost,Intel BT PCI Enumerator show YB after Force Shutdown (long press power key 10 sec) with enable AMT (PP2/LP3) in AC mode
wifi,The unit can search 165 channel AP for Indonasia image.,Connectivity,
wifi,OS Wi-Fi Jobs Joined DataPathWake,Connectivity,
software,Wrong network interface icon in KILLER when play PPTV and Bit Torrent download,Killer,
tools,Add brd file xsum in HDR,OEM Tools,
wifi,Intel WLAN card shows device YB during connection process or doing S4,YB/Lost,
wifi,Cannot enable SPD function,Connectivity,
wifi,HW violation and URM SW solution request,Connectivity,
software,"After updating ICPS from 4.1025.325.6 to 40.25.501.145 using the .exe installer, the Add/Remove programs indicates that older UWD drivers failed to be uninstalled.",ICPS,ANT tool NOT able to read WiFi PPAG
software,Windows security error of unsigned driver occurred while installing ICPS using the 40.25.501.14512.exe installer,ICPS,
software,Hotspot NuGets fails to find correct IntelConnectIPC assembly from NuGet,Killer,
software,Killer Overclock feature missing Mobile unlocked SKUs,Killer,"Once the PC wakes up, it stays awake even if there is no movement around the PC."
software,Services issues after installation,Killer,
software,The OC Unavailable reason is incorrect on invalid ARL platform,Killer,
software,Screen Reader: Dashboard Pane - Smart AP Icon is read as Real Result,Killer,HP SIP125519 - EB830G9 (Warpath13)/Bank Indonesia/GA/ Intel AX211 WLAN Roaming Issue/PC APJ/ID
software,Screen Reader: Main Navigation Pane - No item numbering for the different options,Killer,
software,Privacy OFF / no IWSDK support Missing Popup,Killer,
software,"""DoubleShot Pro"" button can switch on/off when there is no Killer Ethernet connected",Killer,
software,"Need two times to apply bandwidth limitation to take effect in ""Set Bandwidth"" page",Killer,FW assert 0x20100505 happening cause to tpt measurement using Chariot stop
software,"SpeedTest is empty screen for few second when enter ""Set Bandwidth"" page",Killer,SIP125437 ZB Firefly 14 G10 Intel ICPS - IPV6 connection issues
software,"""Set Bandwidth"" page is not follow theme setting and its always dark theme",Killer,
software,The steaming category is shown abnormally in ACM UI.,Killer,"[Lenovo_IdeaPad/LCFC][Hermes/ARL-HX/GfP2/AX211] BLE Headset auto disconnect after paired or play music use media player, 3/3Units, 1/10cycles.  [DCL Timeout]"
software,The steaming category is shown abnormally in ACM UI.,Killer,
software,"Notification ""Item removed successfully"" is not localized on Simplified Chinese system.",Killer,ICPS is being uninstalled unexpectedly during the DASH process
software,- CID 4013421: Explicit null dereferenced,Killer,
software,Coverity - CID 4013420:  Explicit null dereferenced,Killer,
software,CID 4009661:  Dereference after null check,Killer,BSOD 0x9F when doing S4 test
software,CID 4009660: Dereference before null check,Killer,
software,Coverity - CID 3912007: Dereference before null check,Killer,
software,Cannot run OverClocking feature on Acer ARL gaming laptop,Killer,
software,Coverity - CID 3912007: Dereference before null check (REVERSE_INULL),Killer,3 MSFT websites cant be opened with ICPS installed upon IPv6
software,Coverity - CID 241215: Uncaught exception,Killer,
software,Bandwidth limitation is not taking effect after prioritization on/off/on cycle in settings,Killer,
software,Crash occurred when navigate Killer UI from different page to Setting,Killer,The wifi driver YB issue after the S4 wakes up. Fail rate: 1/10 units
software,"UI is cut in ""Set Bandwidth"" page",Killer,Occur BSOD 9f point to ibtusb after reboot system.
software,"Crash occurred when click ""GameFast"" in Settings",Killer,The wifi device YB resuming from S4
software,Killer control center cant detect VALORANT / LOL online game in Tencent platform,Killer,
software,Auto mode for colors runs high contrast instead of light/dark mode,Killer,
software,Exception thrown in ICPS.exe,ICPS,
software,AutoProfilerTest.exe,Killer,"During the game, the wifi network disconnection"
software,No Dark/Light mode description in ICPS Help,ICPS,Disconnection on missed beacons occurs even if RX data frames is received
software,"No description of ""Enable Additional Network Selection Features"" in ICPS Help",ICPS,"The network  disconnected during wechat video callevent log show wifi ""5002"". Fail rate: 1/109  units"
software,Display of Download traffic is incorrect in Usage Details tab,Killer,
software,Coverity Issue - Out of bounds write,Killer,
software,Coverity Issue - Dereference before null check,Killer,
software,Cannot run ICPS due to invalid configuration error on MTL RVP,ICPS,
software,Advanced Settings include Low Power Mode toggle,Killer,
software,Network auto switch is stuck,Killer,
software,No pop-up notification about switching to better network when ICPS is doing network auto switch,ICPS,
software,4.0 Receiving older values for processdomains,Killer,
software,"No description of ""Enable Additional Network Selection Features"" in ICPS Help",ICPS,
software,AP selection (same SSID) take 3~4 mins to complete AP switch sometimes,Killer,
software,Auto Bandwidth Not Configured,Killer,
software,ICPS UI font for SC is not localized,ICPS,
software,ICPS ACM Inccorect Prioritization mode with manual interface routing selected,ICPS,Wrong network interface icon in KILLER when play PPTV and Bit Torrent download
software,"ICPS cannot work due to error ""ICPS is unable to run on your configuration""",ICPS,
software,ICPS UI Usage Details Traffic By Category,ICPS,Add brd file xsum in HDR
software,Elevation of Privileges through DLL Hijacking,Killer,Intel WLAN card shows device YB during connection process or doing S4
software,Elevation of Privileges through DLL hijack,Killer,Cannot enable SPD function
software,AI Aware Domain Categorization as AI Errors,Killer,HW violation and URM SW solution request
software,App Dir DLL hijacking (ISSetup.dll),Killer,"After updating ICPS from 4.1025.325.6 to 40.25.501.145 using the .exe installer, the Add/Remove programs indicates that older UWD drivers failed to be uninstalled."
software,Delay KILLERs execution when startup to meet MSFTs Fast Startup test,Killer,Windows security error of unsigned driver occurred while installing ICPS using the 40.25.501.14512.exe installer
software,Change VR Network Status Polling Time,Killer,Hotspot NuGets fails to find correct IntelConnectIPC assembly from NuGet
software,ICPS 4.0 CCSV Install Failed,ICPS,Killer Overclock feature missing Mobile unlocked SKUs
software,Streaming prioritization is not work when play 4K Youtube video (laggy) and background traffics are ongoing (iperf + Steam Game download),Killer,Services issues after installation
software,Killer unable to correctly classify the whitelisted website as belonging to the download category.,Killer,The OC Unavailable reason is incorrect on invalid ARL platform
software,Wrong network interface icon in KILLER when play PPTV and Bit Torrent download,Killer,Screen Reader: Dashboard Pane - Smart AP Icon is read as Real Result
software,[ AI Aware: ChatGPT & other AI URL not recognized with proxy script,Killer,Screen Reader: Main Navigation Pane - No item numbering for the different options
software,ICPS crash when just one LE earbud is connected,ICPS,Privacy OFF / no IWSDK support Missing Popup
software,Intel Killer Intelligence Center wont respond,Killer,"""DoubleShot Pro"" button can switch on/off when there is no Killer Ethernet connected"
software,BT description was incorrect on Help tab.,Killer,"Need two times to apply bandwidth limitation to take effect in ""Set Bandwidth"" page"
software,ICPS Manual Interface configuration does not work,ICPS,"SpeedTest is empty screen for few second when enter ""Set Bandwidth"" page"
software,Error in services activation causes a reboot after install / re-install / uninstall ICPS,ICPS,"""Set Bandwidth"" page is not follow theme setting and its always dark theme"
bt,Tx Timeout and SHR during playing music and S4 stress.,Connectivity,The steaming category is shown abnormally in ACM UI.
bt,"No sound output from Sony BT speaker with audio offload enablement,100% fail rate.",Connectivity,The steaming category is shown abnormally in ACM UI.
bt,<IGNORE>>Dummy Jira To Check we if Make a Customer Bug Child of Internal,Connectivity,"Notification ""Item removed successfully"" is not localized on Simplified Chinese system."
bt,AX211 Bluetooth shows YB after idle system 8~12 hrs.,YB/Lost,- CID 4013421: Explicit null dereferenced
bt,BT will have device lost during S4 long run. (Signature Verification Failure),Connectivity,Coverity - CID 4013420:  Explicit null dereferenced
bt,Dell WL5024 has abnormal disconnection while doing teams call test. (LMP Response Timeout),Connectivity,CID 4009661:  Dereference after null check
bt,"LE Ext Adv scan result delay more than 20s+ sometime, very low performance compare with MTK chipset with BT24.10PV",Connectivity,CID 4009660: Dereference before null check
bt,BT icon mis-align after APM on/off with W_disabled#2,Connectivity,Coverity - CID 3912007: Dereference before null check
bt,Intel LNL RVP + GaP discrete offload fail to work (music no sound),Connectivity,Cannot run OverClocking feature on Acer ARL gaming laptop
bt,Metallic sound occurred immediately after switched to recording tab,Connectivity,Coverity - CID 3912007: Dereference before null check (REVERSE_INULL)
bt,System exits S4 automatically after entering with BE213 Bluetooth on Windows 11 25H2,Connectivity,Coverity - CID 241215: Uncaught exception
bt,Remove Duplicate Entires in the ibtpciinf,Connectivity,Bandwidth limitation is not taking effect after prioritization on/off/on cycle in settings
bt,Connect  BT headset failed due to authentication failure (0x05),BSOD,Crash occurred when navigate Killer UI from different page to Setting
bt,Media playback fails after repeated Bluetooth headset connect/disconnect cycles on Panther Lake (BT),YB/Lost,"UI is cut in ""Set Bandwidth"" page"
bt,Pelican Peak 2 hW ID in PV Bluetooth INF,Connectivity,"Crash occurred when click ""GameFast"" in Settings"
bt,Game controller S4/Resume cant automatically connect 100% fail rate,OEM Tools,Killer control center cant detect VALORANT / LOL online game in Tencent platform
bt,PC can not find target device in shielding room with 100%,Connectivity,Auto mode for colors runs high contrast instead of light/dark mode
bt,The system will automatically wake up after entering S4. FR:100%,Connectivity,Exception thrown in ICPS.exe
bt,BT Recovery Failure After PLDR (Device Manager Err Code 54),YB/Lost,AutoProfilerTest.exe
software,"- Header is missing under ""Advanced Settings"" tab",Killer,No Dark/Light mode description in ICPS Help
software,#NAME?,Killer,"No description of ""Enable Additional Network Selection Features"" in ICPS Help"
software,"- Under ""Advanced Setting"" all buttons appear on the left side of the text",Killer,Display of Download traffic is incorrect in Usage Details tab
software,#NAME?,Killer,Coverity Issue - Out of bounds write
software,"- Upon changing BT device name under ""Bluetooth"" tab there is no ""submit"" button to approve the name change",Killer,Coverity Issue - Dereference before null check
software,"- Lisf of Apps under ""Usage Details"" tab is keep changing without any user intervention.",Killer,Cannot run ICPS due to invalid configuration error on MTL RVP
software,"- ""Reset Recommendation"" button under Advanced Settings tab isnt applicable",Killer,Advanced Settings include Low Power Mode toggle
software,Slow response and freezes,Killer,Network auto switch is stuck
software,Info page shows unrelated information for Ethernet/Wifi,Killer,No pop-up notification about switching to better network when ICPS is doing network auto switch
software,The text does not wrap to fit the window size in Bluetooth page,Killer,4.0 Receiving older values for processdomains
bt,BT device lost when running Reboot aging test with prepaired Keyboard connected. (LP_WAIT_RX_TX_DOWN_RUN_ERROR 0x01 M&R 0x002f),YB/Lost,"No description of ""Enable Additional Network Selection Features"" in ICPS Help"
bt,"BT Error recovery failed, BT YB",YB/Lost,AP selection (same SSID) take 3~4 mins to complete AP switch sometimes
bt,Can not play music after BT Off/On then reconnect BT headset,Connectivity,Auto Bandwidth Not Configured
bt,ibtpci BSOD 0x133 (  DPC_WATCHDOG_VIOLATION) when Benchmark stress test,BSOD,ICPS UI font for SC is not localized
bt,Intel(R) Wireless Dual Bluetooth(R) Device YB during Modern Standby - Recovery failure,YB/Lost,ICPS ACM Inccorect Prioritization mode with manual interface routing selected
bt,BLE : GATT transmit data in one way direction shows inconsistent times within SCI (short connection interval) for 15 msI - 15ms),Connectivity,"ICPS cannot work due to error ""ICPS is unable to run on your configuration"""
bt,DRTU tool was workable but BT function gray out.,Connectivity,ICPS UI Usage Details Traffic By Category
bt,0x9F BSOD(ibtpci.sys) occurred during test.(F/R: No additional failures observed since the initial 2 BSODs),BSOD,Elevation of Privileges through DLL Hijacking
bt,[Surface][PTL+FmP2][24.0.1.1][PHY]Failing - RF/TRM/CA/BV-16-C [EDR Synchronization Sequence and Trailer],RF,Elevation of Privileges through DLL hijack
bt,DUT hang occurs only when BIOS starts with UEFI BLE Driver During Sx testing,System Hang,AI Aware Domain Categorization as AI Errors
bt,BT YB with high fail rate when Samsung launch Samsung DRTU test case in 404 4Xe3 - CNVI_AUX_A2A_EXCEPTION_IRQ,YB/Lost,App Dir DLL hijacking (ISSetup.dll)
bt,"CFE lab stress test S5 observed BT Exception (able to recovery) (Module: BC_Complex , Error ID: ERR_ID_LP_WAIT_RX_TX_DOWN_RUN_ERROR)",Connectivity,Delay KILLERs execution when startup to meet MSFTs Fast Startup test
bt,"DRTU ""BT Linked mode"" malfunction in 404 4Xe3",Connectivity,Change VR Network Status Polling Time
bt,"Enable ""BT Linked mode"" on DRTU lead to BT YB and DRTU get malfunction with 100%",YB/Lost,ICPS 4.0 CCSV Install Failed
bt,"APT Timeout issue observed due to missing LLCP Ping Request when multiple BT devices are connected., FR: 1/1Unit, 3/3Cycles",Connectivity,Streaming prioritization is not work when play 4K Youtube video (laggy) and background traffics are ongoing (iperf + Steam Game download)
bt,Yellow Bang on BT (code 31) during S4 circles,YB/Lost,Killer unable to correctly classify the whitelisted website as belonging to the download category.
bt,Bt ext driver  failed to send broadcast when sharing via Honor Manager,Connectivity,Wrong network interface icon in KILLER when play PPTV and Bit Torrent download
bt,"BT YB in S4/S5 cycling, fail rate 15% during S4 or cold boot.",YB/Lost,[ AI Aware: ChatGPT & other AI URL not recognized with proxy script
bt,Intel Bluetooth Application Service  related to BT new APIs get grey with 100% after resume from sleep when turn off BT power saving from DM..,Power Consumption,ICPS crash when just one LE earbud is connected
bt,Dell WL5024 has disconnection during voice call.,Connectivity,Intel Killer Intelligence Center wont respond
bt,BT device yellow bar (error code 31during idle test (Fail rate1/2 u) - WdfDmaEnblerCreate failed: C0000001,Connectivity,BT description was incorrect on Help tab.
bt,ibtpci BSOD 0x133 when Benchmark stress test,BSOD,ICPS Manual Interface configuration does not work
bt,Intel BT PCI Enumerator show YB after Force Shutdown (long press power key 10 sec) with enable AMT (PP2/LP3) in AC mode,YB/Lost,Error in services activation causes a reboot after install / re-install / uninstall ICPS
bt,"Remove pair device from HEADSET side, host will aggressively attempt the reconnection.",Connectivity,Tx Timeout and SHR during playing music and S4 stress.
bt,BLE launch fail,Connectivity,"No sound output from Sony BT speaker with audio offload enablement,100% fail rate."
bt,BLE : GATT transmit data in one way direction shows inconsistent times within SCI (short connection interval) for 15 msI - 15ms),Connectivity,<IGNORE>>Dummy Jira To Check we if Make a Customer Bug Child of Internal
bt,BT YB observed with error code 31 during Wi-Fi test -WdfDmaEnblerCreate failed: C0000001,YB/Lost,AX211 Bluetooth shows YB after idle system 8~12 hrs.
bt,"BT audio playback failed  ""Format Not Supported""",YB/Lost,BT will have device lost during S4 long run. (Signature Verification Failure)
bt,Teams call L and R earcup render not synced,Connectivity,Dell WL5024 has abnormal disconnection while doing teams call test. (LMP Response Timeout)
bt,BT YB after CB/S4/WB/S0i3 due to Fatal Exception on LC complex with Error ID 27 00 . (F/R: 2/2u;1/30c),YB/Lost,"LE Ext Adv scan result delay more than 20s+ sometime, very low performance compare with MTK chipset with BT24.10PV"
bt,DUT scan airpods device with slow availability.,Performance,BT icon mis-align after APM on/off with W_disabled#2
bt,Unable to install Bluetooth test mode driver for DRTU/CITU,Connectivity,Intel LNL RVP + GaP discrete offload fail to work (music no sound)
bt,"BT device lost in S4 cycling test  due to ""Signature verification failed""",Connectivity,Metallic sound occurred immediately after switched to recording tab
bt,BT will 100% YB after paired classic headset,YB/Lost,System exits S4 automatically after entering with BE213 Bluetooth on Windows 11 25H2
bt,23.160 ibterverify fail to work on product reset test,Connectivity,Remove Duplicate Entires in the ibtpciinf
bt,BT tile not launching,Connectivity,Connect  BT headset failed due to authentication failure (0x05)
bt,[HP][SnowWhite/LNL/FmP][PCIe] Bluetooth LE Mouse can not be used during connected state. - [Connection timeout],Connectivity,Media playback fails after repeated Bluetooth headset connect/disconnect cycles on Panther Lake (BT)
bt,Swift Pair notification pop up delayed.,Connectivity,Pelican Peak 2 hW ID in PV Bluetooth INF
bt,BT YB after WB,YB/Lost,Game controller S4/Resume cant automatically connect 100% fail rate
bt,Unit shows error when copy file from the shared folder via PAN due to system exception.,Connectivity,PC can not find target device in shielding room with 100%
bt,SYSTEM EXCEPTION Occurred in controller trigger BT reset  and BT headset disconnect.,Connectivity,The system will automatically wake up after entering S4. FR:100%
bt,"LE Ext Adv scan result delay more than 20s+ sometime, very low performance compare with MTK chipset.",Performance,BT Recovery Failure After PLDR (Device Manager Err Code 54)
bt,The first ADV packet was sent with incorrect payload sometimes,Connectivity,"- Header is missing under ""Advanced Settings"" tab"
bt,[HP][SnowWhite/LNL/FmP][PCIe] Bluetooth LE Mouse can not be used during connected state. - [Connection timeout],Connectivity,#NAME?
bt,"Observed local music media player error code, and can not recovery until BT off->on",Connectivity,"- Under ""Advanced Setting"" all buttons appear on the left side of the text"
bt,BT PLDR high ratio puts WIFI on the red zone,YB/Lost,#NAME?
bt,BT fatal exception when S4 stress test overnight (1/400) - BC_EXC_UNEXPECTEDLY_ALLOCATED_BUFFER,Connectivity,"- Upon changing BT device name under ""Bluetooth"" tab there is no ""submit"" button to approve the name change"
bt,"Quick Share search nearby devices, no LE ADV reported from BT controller for sometime.",Connectivity,"- Lisf of Apps under ""Usage Details"" tab is keep changing without any user intervention."
bt,"The Unit shows Item Not Found"" when copy file from the shared folder via PAN.  (BC_EXC_LP_TX_RX_DOWN_TO_ERROR)",Connectivity,"- ""Reset Recommendation"" button under Advanced Settings tab isnt applicable"
bt,"BT FW exception when make BT scan with SMONO feature (LC_Complex 0x08 , error code 09 07 )",BSOD,Slow response and freezes
bt,BT device lost in S4 cycling test ( Fast startup),Connectivity,Info page shows unrelated information for Ethernet/Wifi
bt,CFE UX lab has exception during daily verification.,Connectivity,The text does not wrap to fit the window size in Bluetooth page
bt,"[Lenovo-IdeaPad/LCFC][S5x0-16pro_BE/ARL_H/BE201/AX203] The Unit shows ""Item Not Found"" when copy file from the shared folder via PAN. [Connection Rejected Due To Security Reasons]",Connectivity,BT device lost when running Reboot aging test with prepaired Keyboard connected. (LP_WAIT_RX_TX_DOWN_RUN_ERROR 0x01 M&R 0x002f)
bt,LE mouse failed to connect through SwiftPair,Connectivity,"BT Error recovery failed, BT YB"
bt,"DUT receive few LE adv extension packets from mobile phone compared with with other mobile devices( Still scannable, just may take little longer)",Connectivity,Can not play music after BT Off/On then reconnect BT headset
bt,OS will auto reconnect headset if remote device terminate PC connection with reason 0x14,BSOD,TOP Fatal Error during S4 Stress - MASTER_SCU_R_FATAL_ERROR
bt,Occasionally host route the headset over Classic audio,Connectivity,ibtpci BSOD 0x133 (  DPC_WATCHDOG_VIOLATION) when Benchmark stress test
bt,Random recoverable asserts occur during normal usage,YB/Lost,Intel(R) Wireless Dual Bluetooth(R) Device YB during Modern Standby - Recovery failure
bt,Host disconnects headset LE ACL after paired to the PC,Connectivity,BLE : GATT transmit data in one way direction shows inconsistent times within SCI (short connection interval) for 15 msI - 15ms)
bt,Teams call and mouse clicks during S0,Connectivity,DRTU tool was workable but BT function gray out.
bt,remote BLE devices connection timeout disconnection (FR: 3 times out of 4 days test.),Connectivity,0x9F BSOD(ibtpci.sys) occurred during test.(F/R: No additional failures observed since the initial 2 BSODs)
bt,[CFE Internal][Lenovo][LNL/FmP/24H2][PCIe] Fatal exception during Playback and Mouse click.  [LC_ERR_SCH_CURR_NEXT_JOB_INDXBC_SAME],YB/Lost,[Surface][PTL+FmP2][24.0.1.1][PHY]Failing - RF/TRM/CA/BV-16-C [EDR Synchronization Sequence and Trailer]
bt,S4 test - BT lost with Error! DMA failed. (FR 1/20) - SC_EXC_UNHANDELED_EXTERNAL_EXCEPTION / LC_EXC_TX_RETRV_PKT_HDR_JOB_PTR_NULL,Connectivity,DUT hang occurs only when BIOS starts with UEFI BLE Driver During Sx testing
bt,"The Unit shows Item Not Found"" when copy file from the shared folder via PAN.",Connectivity,BT YB with high fail rate when Samsung launch Samsung DRTU test case in 404 4Xe3 - CNVI_AUX_A2A_EXCEPTION_IRQ
bt,BIOS hang during post - Fix the Hang issue in BTVndDrivier,System Hang,Enif preset can not capture proper driver logs during reboot stress with fatal exception.
bt,Fatal Exception 0x1B00 (BC_EXC_UNEXPECTEDLY_ALLOCATED_BUFFER) while doing S4 + classic headset music playback test,YB/Lost,"CFE lab stress test S5 observed BT Exception (able to recovery) (Module: BC_Complex , Error ID: ERR_ID_LP_WAIT_RX_TX_DOWN_RUN_ERROR)"
bt,: BIS#1 sending empty packets while broadcast streaming with 24_1 config,Connectivity,"DRTU ""BT Linked mode"" malfunction in 404 4Xe3"
bt,23.130 BT driver fail to support BIOS tool and ANT tool together on BT PPAG feature,Connectivity,"Enable ""BT Linked mode"" on DRTU lead to BT YB and DRTU get malfunction with 100%"
bt,"Accessory supporting ""render only"", switch to recording tab end up no sound",Connectivity,"APT Timeout issue observed due to missing LLCP Ping Request when multiple BT devices are connected., FR: 1/1Unit, 3/3Cycles"
bt,UI not responsive after disconnect reconnect BT HID,Connectivity,Yellow Bang on BT (code 31) during S4 circles
bt,: Audio glitch + mouse lag when connected 3 LE devices + 1 BR/EDR connection in conjested environment,Performance,Bt ext driver  failed to send broadcast when sharing via Honor Manager
bt,: Host issue HCI_LE_Remove_CIG before CIS disconnection,Connectivity,"BT YB in S4/S5 cycling, fail rate 15% during S4 or cold boot."
bt,Observing Fatal Exception On BC Complex with Error 14 00 (BC_EXC_LP_RUN_ERROR) on 23.130Rev1,BSOD,Intel Bluetooth Application Service  related to BT new APIs get grey with 100% after resume from sleep when turn off BT power saving from DM..
bt,1st time pairing is slow(23s+) - compare with Qualcomm solution (~18s)- Gap:5s,Connectivity,Dell WL5024 has disconnection during voice call.
bt,Voice call and LE Mouse clicking observe connection timeout on 23.130.0.1.,Connectivity,BT device yellow bar (error code 31during idle test (Fail rate1/2 u) - WdfDmaEnblerCreate failed: C0000001
bt,BIOS hang during post - To Root cause,System Hang,ibtpci BSOD 0x133 when Benchmark stress test
bt,Voice call and LE Mouse clicking observe connection timeout on 23.120.0.4.,Connectivity,Intel BT PCI Enumerator show YB after Force Shutdown (long press power key 10 sec) with enable AMT (PP2/LP3) in AC mode
bt,BIOS hang during post when UEFI BT enabled,System Hang,"Remove pair device from HEADSET side, host will aggressively attempt the reconnection."
bt,Music streaming and LE Mouse clicking observe connection timeout at BLE headset on 23.120.0.4.,Connectivity,Phone2PC LE connection failure
bt,Observe connection timeout at BR/EDR headset on 23.120.0.4.,Connectivity,BLE launch fail
bt,HP InstaDock - DUT cant be woken from the S4 state with fail rate,OEM Tools,BLE : GATT transmit data in one way direction shows inconsistent times within SCI (short connection interval) for 15 msI - 15ms)
bt,platform do not follow 500ms interval to send InstaDock TX BT beacon,Connectivity,BT YB observed with error code 31 during Wi-Fi test -WdfDmaEnblerCreate failed: C0000001
bt,Mouse click during Voice call or streaming. (Anchor bug: BT-314343),Connectivity,"BT audio playback failed  ""Format Not Supported"""
bt,Fatal exception occurred during device wake up_LC_ERR_CQDH_PERFORM_MEAS_PLINK_NULL,Connectivity,Teams call L and R earcup render not synced
bt,[Lenovo ThinkPad JP/LCFC][Thames2/Mersey2/LNL/BE201][BE] Intel Bluetooth device lost after teams call. [A2dp FIFO flush/SC_ERR_FREE_BLOCK_FAILS],Connectivity,BT YB after CB/S4/WB/S0i3 due to Fatal Exception on LC complex with Error ID 27 00 . (F/R: 2/2u;1/30c)
bt,BSOD 0x9F (ibtpci) encountered during Memory Stress Test on Thames-2 BE with 23.110.0.4 and verifier = ENABLED (5/18 units) - Registry access blocked by NTFS PageFault,BSOD,DUT scan airpods device with slow availability.
bt,CFE lab BT lost on 23.120 rev3 - LC_EXC_LE_GET_TX_BUF_JOB_PTR_NULL,Connectivity,Unable to install Bluetooth test mode driver for DRTU/CITU
bt,CFE lab BT lost on 23.120 rev3 - LC_EXC_TX_RETRV_PKT_HDR_JOB_PTR_NULL,Connectivity,"BT device lost in S4 cycling test  due to ""Signature verification failed"""
bt,BT SAR table in bios ACPI code problem,RF,BT will 100% YB after paired classic headset
bt,LC_ERR_SCH_NO_JOB_PROGRAMMED Recoverable disconnect observed in Teams Call,Connectivity,Exception occurred resuming from S4 - ERR_ID_EVENT_BUF_OVERFLOW_6
bt,[Lenovo ThinkPad JP/LCFC][Thames2/Mersey2/LNL/BE201][BE SVT][PCIe] Intel Wireless Bluetooth YB (Code43) during MS [Unexpected D3],YB/Lost,23.160 ibterverify fail to work on product reset test
bt,Audio mutes for a brief 3-4 secs during a youtube music streaming scenario,Connectivity,BT tile not launching
bt,ABS  - 0x139_a_GUARD_ICALL_CHECK_FAILURE_ibtpci!WlanInterfaceDereference While Device Not in Use,BSOD,[HP][SnowWhite/LNL/FmP][PCIe] Bluetooth LE Mouse can not be used during connected state. - [Connection timeout]
bt,BT lost when running Winpvt-Hibernation Focus - Exception in Clib_Memcpy(),Connectivity,Swift Pair notification pop up delayed.
bt,Device disappear due to exception_BC_EXC_LP_RUN_ERROR,YB/Lost,BT YB after WB
bt,Dell LE headset disconnected after MS resume in 5 mins,Connectivity,Unit shows error when copy file from the shared folder via PAN due to system exception.
bt,Mouse disconnection due to fatal exception_BC_EXC_LP_TX_RX_DOWN_TO_ERROR,Connectivity,SYSTEM EXCEPTION Occurred in controller trigger BT reset  and BT headset disconnect.
bt,Fatal exception during music streaming_SC_EXC_UNHANDELED_EXTERNAL_EXCEPTION,BSOD,"LE Ext Adv scan result delay more than 20s+ sometime, very low performance compare with MTK chipset."
bt,Airpods Pro2 has connection timeout during playback or teams call.,YB/Lost,The first ADV packet was sent with incorrect payload sometimes
bt,Abnormal disconnection and connection failure.,Connectivity,[HP][SnowWhite/LNL/FmP][PCIe] Bluetooth LE Mouse can not be used during connected state. - [Connection timeout]
bt,System exception on BT fw,Connectivity,"Observed local music media player error code, and can not recovery until BT off->on"
bt,BLE Device will auto disconnected when system idle.,Connectivity,BT PLDR high ratio puts WIFI on the red zone
bt,[Lenovo ThinkPad JP/LCFC][Alloy/S990/LNL/FmP][PCIe] Bluetooth device lost while playing video [BC_EXC_LP_RUN_ERROR/SC_WATCHDOG_ON_BC_LC],Connectivity,BT fatal exception when S4 stress test overnight (1/400) - BC_EXC_UNEXPECTEDLY_ALLOCATED_BUFFER
bt,System exception with invalid dump - BC_EXC_LP_RUN_ERROR,BSOD,"Quick Share search nearby devices, no LE ADV reported from BT controller for sometime."
bt,System exception after ending teams call,Connectivity,"The Unit shows Item Not Found"" when copy file from the shared folder via PAN.  (BC_EXC_LP_TX_RX_DOWN_TO_ERROR)"
bt,BT device lost during S0 idle. (FR: overnight),Connectivity,"BT FW exception when make BT scan with SMONO feature (LC_Complex 0x08 , error code 09 07 )"
bt,Headset has disconnection while playing streaming in voice call.,Connectivity,BT device lost in S4 cycling test ( Fast startup)
bt,BT Device Disappear CS+Wifi AP connected,Connectivity,CFE UX lab has exception during daily verification.
bt,0x9F BSOD occurs after unplug dock then let unit enter S5.,BSOD,"[Lenovo-IdeaPad/LCFC][S5x0-16pro_BE/ARL_H/BE201/AX203] The Unit shows ""Item Not Found"" when copy file from the shared folder via PAN. [Connection Rejected Due To Security Reasons]"
bt,[Lenovo-ThinkPad][Aladdin/LNL QS/FmP2][USB][24H2][PA] LE Headset has disconnection and can not have reconnection from laptop [LMP Response Timeout],Connectivity,LE mouse failed to connect through SwiftPair
bt,[Lenovo-ThinkPad][Aladdin/LNL QS/FmP2][USB][24H2][PA] Headset and HID devices have abnormal disconnection. [BC_EXC_LP_TX_RX_DOWN_TO_ERROR],Connectivity,"DUT receive few LE adv extension packets from mobile phone compared with with other mobile devices( Still scannable, just may take little longer)"
software,Theme of Wifi Credential Prompter is not follow ICPS theme setting,ICPS,OS will auto reconnect headset if remote device terminate PC connection with reason 0x14
software,Event says iHS is not available although it is,Killer,Occasionally host route the headset over Classic audio
software,"Toggling on ""Only show authorized networks"" causes app to crash - rarely",Killer,Random recoverable asserts occur during normal usage
software,WiFi network is displayed as connected network although its not connected,Killer,Host disconnects headset LE ACL after paired to the PC
software,Many events for no_internet and no_wifi,Killer,Teams call and mouse clicks during S0
software,"HS connects, disconnects, and reconnects within seconds after clicking HS row in ICPS",ICPS,Observed FATAL Exception LC_EXC_LE_GET_TX_BUF_JOB_PTR_NULL (FR: Happen Once)
software,Takes too long to connect to HS after returning from sleep,Killer,remote BLE devices connection timeout disconnection (FR: 3 times out of 4 days test.)
software,"Missing ""RTP_SESSION_INTERRUPTED"" part of the event when user is in a call",Killer,[CFE Internal][Lenovo][LNL/FmP/24H2][PCIe] Fatal exception during Playback and Mouse click.  [LC_ERR_SCH_CURR_NEXT_JOB_INDXBC_SAME]
software,Background color of the AP item not changing when theme is being changed,Killer,S4 test - BT lost with Error! DMA failed. (FR 1/20) - SC_EXC_UNHANDELED_EXTERNAL_EXCEPTION / LC_EXC_TX_RETRV_PKT_HDR_JOB_PTR_NULL
software,Event is Delayed After Network Loss,Killer,"The Unit shows Item Not Found"" when copy file from the shared folder via PAN."
software,Higher power adder and frequent ICPS activities when Wifi is turned off,ICPS,BIOS hang during post - Fix the Hang issue in BTVndDrivier
software,"- ""Connected Network Change"" Event isnt triggered upon actual Wi-Fi link-loss",Killer,Fatal Exception 0x1B00 (BC_EXC_UNEXPECTEDLY_ALLOCATED_BUFFER) while doing S4 + classic headset music playback test
software,System event log report an error: Intel Connectivity Network Service:16 during Hibernation Functional Test.,Killer,: BIS#1 sending empty packets while broadcast streaming with 24_1 config
software,"Missing prompt of ""Intel Computing Improvement Program"" after ICPS first launch",ICPS,23.130 BT driver fail to support BIOS tool and ANT tool together on BT PPAG feature
software,ICM does not launch when the ICM application is minimized to the system tray,Killer,"Accessory supporting ""render only"", switch to recording tab end up no sound"
software,Coverity - CID 4121914 Call to a debugger API,Killer,UI not responsive after disconnect reconnect BT HID
software,Network Service returning wrong BandwidthControl_Enabled user.xml setting after Hibernate/Sleep,Killer,: Audio glitch + mouse lag when connected 3 LE devices + 1 BR/EDR connection in conjested environment
software,The items below need to be aligned with the text above on DoubleShot Pro Page.,Killer,: Host issue HCI_LE_Remove_CIG before CIS disconnection
software,".exe installer of  v.40.25.1010.1814-  The ""Killer Performance Suite"" failed to be updated from 40.25.905.1721 and is missing in Device Manager",Killer,Observing Fatal Exception On BC Complex with Error 14 00 (BC_EXC_LP_RUN_ERROR) on 23.130Rev1
software,No recommendation triggered when saved network is lost if saved network is mobile hotspot,Killer,1st time pairing is slow(23s+) - compare with Qualcomm solution (~18s)- Gap:5s
software,ICPS Fails to Recognize Active Call After Network Reconnection,ICPS,Voice call and LE Mouse clicking observe connection timeout on 23.130.0.1.
software,Missing HS row after onboarding in MPA,Killer,BIOS hang during post - To Root cause
software,ICPS UI displays during OOBE,ICPS,Voice call and LE Mouse clicking observe connection timeout on 23.120.0.4.
software,Delay in showing No connected network found after attenuation,Killer,BIOS hang during post when UEFI BT enabled
software,HS doesnt connect (via ICPS/MPA) when HS is off,ICPS,Music streaming and LE Mouse clicking observe connection timeout at BLE headset on 23.120.0.4.
software,WLAN Module (GfP2) of WDI driver can enable VR Mode with C19 Spin1,Killer,Observe connection timeout at BR/EDR headset on 23.120.0.4.
software,Sidebar icons cut off when resizing app window,Killer,HP InstaDock - DUT cant be woken from the S4 state with fail rate
software,No indication in the cli when connecting or disconnecting to AP,Killer,platform do not follow 500ms interval to send InstaDock TX BT beacon
software,Networks list is empty while PC is connected to AP,Killer,CFE lab found FATAL exception on 23.120 rev3 - OS_EXC_MSG_ALLOC_INT_ALLOC_FAIL
software,Build configuration for Lenovo IdeaPad/ThinkPad and HP,Killer,Mouse click during Voice call or streaming. (Anchor bug: BT-314343)
software,Build configuration for Lenovo and Dell,Killer,Fatal exception occurred during device wake up_LC_ERR_CQDH_PERFORM_MEAS_PLINK_NULL
software,Missing SpP2 HW ID,Killer,[Lenovo ThinkPad JP/LCFC][Thames2/Mersey2/LNL/BE201][BE] Intel Bluetooth device lost after teams call. [A2dp FIFO flush/SC_ERR_FREE_BLOCK_FAILS]
software,Bit rate is not as expected rate,Killer,BSOD 0x9F (ibtpci) encountered during Memory Stress Test on Thames-2 BE with 23.110.0.4 and verifier = ENABLED (5/18 units) - Registry access blocked by NTFS PageFault
software,"Open Settings -> Accessibility -> Text size and switch to 200%. The text, icons, and other elements on various pages within the Intel Connectivity Performance Suite app do not change.",Killer,CFE lab BT lost on 23.120 rev3 - LC_EXC_LE_GET_TX_BUF_JOB_PTR_NULL
software,Intel Connectivity Network Service is causing the ipv6 flowtable attribute set to 0,Killer,CFE lab BT lost on 23.120 rev3 - LC_EXC_TX_RETRV_PKT_HDR_JOB_PTR_NULL
software,The network performance and slowness issues are observed when ICPS is enabled,ICPS,BT SAR table in bios ACPI code problem
software,No Global idle event received to make ICPS.exe and IDBWM enter power save in idle testing.,ICPS,LC_ERR_SCH_NO_JOB_PROGRAMMED Recoverable disconnect observed in Teams Call
software,Missing CustomizeUninstallFirstRun.exe in ICPS component driver,ICPS,[Lenovo ThinkPad JP/LCFC][Thames2/Mersey2/LNL/BE201][BE SVT][PCIe] Intel Wireless Bluetooth YB (Code43) during MS [Unexpected D3]
software,No RecommendConnect after MPA relaunches with no available network,Killer,Audio mutes for a brief 3-4 secs during a youtube music streaming scenario
software,Popup appears when opening ICPS from tray,ICPS,ABS  - 0x139_a_GUARD_ICALL_CHECK_FAILURE_ibtpci!WlanInterfaceDereference While Device Not in Use
software,Connecting AP information is not displayed on settings.,Killer,BT lost when running Winpvt-Hibernation Focus - Exception in Clib_Memcpy()
software,ICPS Recommendation Delayed After Wake From Sleep ( Specific machine ),ICPS,Device disappear due to exception_BC_EXC_LP_RUN_ERROR
software,New vulnerable component in C20 - libpng 1.6.40,Killer,Dell LE headset disconnected after MS resume in 5 mins
software,#NAME?,Killer,Mouse disconnection due to fatal exception_BC_EXC_LP_TX_RX_DOWN_TO_ERROR
software,#NAME?,Killer,Fatal exception during music streaming_SC_EXC_UNHANDELED_EXTERNAL_EXCEPTION
software,UI issues Network Health tab,Killer,Airpods Pro2 has connection timeout during playback or teams call.
software,App exit missing internal cleanups,Killer,Abnormal disconnection and connection failure.
software,Coverity - CID 4014164 Uninitialized scalar variable,Killer,System exception on BT fw
software,Coverity - CID 4014163 Uninitialized scalar field,Killer,BLE Device will auto disconnected when system idle.
software,Intel Killer not showing E3000 driver installer,Killer,[Lenovo ThinkPad JP/LCFC][Alloy/S990/LNL/FmP][PCIe] Bluetooth device lost while playing video [BC_EXC_LP_RUN_ERROR/SC_WATCHDOG_ON_BC_LC]
software,Intel Killer pop showing every time system boots,Killer,System exception with invalid dump - BC_EXC_LP_RUN_ERROR
software,Coverity - CID 4014500:  Dereference null return value,Killer,System exception after ending teams call
software,Coverity - CID 4014499:  Dereference null return value,Killer,BT device lost during S0 idle. (FR: overnight)
software,Coverity - CID 4014498:  Dereference before null check,Killer,Headset has disconnection while playing streaming in voice call.
software,ICPS is not able to launch after quitting ICPS from system tray,ICPS,BT Device Disappear CS+Wifi AP connected
software,Mutiple ICPS is launched from system tray after reboot,ICPS,0x9F BSOD occurs after unplug dock then let unit enter S5.
software,Frequent spin lock in IntcCo11X64,Killer,[Lenovo-ThinkPad][Aladdin/LNL QS/FmP2][USB][24H2][PA] LE Headset has disconnection and can not have reconnection from laptop [LMP Response Timeout]
software,"""SKYSEA Client View"" is not working smoothly due bad network performance when ICPS is running",ICPS,[Lenovo-ThinkPad][Aladdin/LNL QS/FmP2][USB][24H2][PA] Headset and HID devices have abnormal disconnection. [BC_EXC_LP_TX_RX_DOWN_TO_ERROR]
software,Killer ISO - Master - Intel Network Helper Service unable to load plugin dlls after nuget pkg update to 1.0.3,Killer,Theme of Wifi Credential Prompter is not follow ICPS theme setting
software,[Killer 4[ Killer ISO - Delay in Intel Network Helper service shut down,Killer,Event says iHS is not available although it is
software,Missing AX211 support to ICPS on PTL,ICPS,"Toggling on ""Only show authorized networks"" causes app to crash - rarely"
software,ICPS will show notification popup about enabling location service after OOBE in 2 mins,ICPS,WiFi network is displayed as connected network although its not connected
software,Coverity - CID 4015643: Structurally dead code,Killer,Many events for no_internet and no_wifi
software,"No telemetry data in the cloud for the events 36,460,20",Killer,"HS connects, disconnects, and reconnects within seconds after clicking HS row in ICPS"
software,"""Reset to default"" keeps acm enabled",Killer,Takes too long to connect to HS after returning from sleep
software,Coverity - CID 4017028 Dereference null return value,Killer,"Missing ""RTP_SESSION_INTERRUPTED"" part of the event when user is in a call"
software,Coverity - CID 4017204 Unchecked return value,Killer,Background color of the AP item not changing when theme is being changed
software,Coverity - CID 4017207 Unchecked return value,Killer,Event is Delayed After Network Loss
software,Coverity - CID 4017203 Structurally dead code,Killer,Higher power adder and frequent ICPS activities when Wifi is turned off
software,Coverity - CID 4017201 Unsigned compared against 0,Killer,"- ""Connected Network Change"" Event isnt triggered upon actual Wi-Fi link-loss"
software,Coverity - CID 4017202 Unsigned compared against 0,Killer,System event log report an error: Intel Connectivity Network Service:16 during Hibernation Functional Test.
software,Coverity - CID 4017205 Unsigned compared against 0,Killer,"Missing prompt of ""Intel Computing Improvement Program"" after ICPS first launch"
software,Coverity - CID 4017206 Unsigned compared against 0,Killer,ICM does not launch when the ICM application is minimized to the system tray
software,Coverity - CID 4017029 Resource leak,Killer,Coverity - CID 4121914 Call to a debugger API
software,ICPS display is dark when windows theme is light (or vice versa),ICPS,Network Service returning wrong BandwidthControl_Enabled user.xml setting after Hibernate/Sleep
software,Coverity - CID 4018736 Untrusted loop bound,Killer,The items below need to be aligned with the text above on DoubleShot Pro Page.
software,Coverity - CID 4018735 Wrong operator used,Killer,".exe installer of  v.40.25.1010.1814-  The ""Killer Performance Suite"" failed to be updated from 40.25.905.1721 and is missing in Device Manager"
software,Coverity - CID 4017208 Unsigned compared against 0,Killer,No recommendation triggered when saved network is lost if saved network is mobile hotspot
software,Coverity - CID 4020560 Data race condition,Killer,ICPS Fails to Recognize Active Call After Network Reconnection
software,Coverity - CID 4018736 Untrusted loop bound,Killer,Missing HS row after onboarding in MPA
software,Coverity - CID 4017029 Resource leak,Killer,ICPS UI displays during OOBE
software,Killer dashboard: Page content cannot be reached with arrows or tab,Killer,Delay in showing No connected network found after attenuation
software,"Applications: Unable to increase or decrease value in ""Speed"" slider using keyboard.",Killer,HS doesnt connect (via ICPS/MPA) when HS is off
software,Killer intelligence Engine: Static content is not focused and announced,Killer,WLAN Module (GfP2) of WDI driver can enable VR Mode with C19 Spin1
software,Statistics: All traffic categories content is not focused and announced,Killer,Sidebar icons cut off when resizing app window
software,Game Fast: The same content is announced for each table row,Killer,No indication in the cli when connecting or disconnecting to AP
software,Killer intelligence Engine: Graph information is not announced by Screen Reader,Killer,Networks list is empty while PC is connected to AP
software,Game Fast: Focus indicator on Pause check boxes fails requirements,Killer,Build configuration for Lenovo IdeaPad/ThinkPad and HP
software,Killer intelligence Engine: Focus indicator fails color contrast.,Killer,Build configuration for Lenovo and Dell
software,CID 3907233: Uninitialized scalar variable (UNINIT),Killer,Missing SpP2 HW ID
software,Killer intelligence Engine: Radio button fails color contrast.,Killer,Bit rate is not as expected rate
software,Coverity - CID 967173 Uncaught Exception,Killer,"Open Settings -> Accessibility -> Text size and switch to 200%. The text, icons, and other elements on various pages within the Intel Connectivity Performance Suite app do not change."
software,Coverity - CID 4016796 Uncaught Exception,Killer,Intel Connectivity Network Service is causing the ipv6 flowtable attribute set to 0
software,Coverity - CID 4016797 Uncaught Exception,Killer,The network performance and slowness issues are observed when ICPS is enabled
software,Coverity - CID 4016801 Uncaught Exception,Killer,No Global idle event received to make ICPS.exe and IDBWM enter power save in idle testing.
software,Coverity - CID 4016802 Uncaught Exception,Killer,Missing CustomizeUninstallFirstRun.exe in ICPS component driver
software,Coverity - CID 4016808 Uncaught Exception,Killer,No RecommendConnect after MPA relaunches with no available network
software,Coverity - CID 4018079 Logically dead code,Killer,Popup appears when opening ICPS from tray
software,Coverity - CID 4018080 Logically dead code,Killer,Connecting AP information is not displayed on settings.
software,Coverity - CID 4018081 Logically dead code,Killer,ICPS Recommendation Delayed After Wake From Sleep ( Specific machine )
software,Coverity - CID 4018082 Logically dead code,Killer,New vulnerable component in C20 - libpng 1.6.40
software,Coverity - CID 4020596 Dereference after null check,Killer,#NAME?
software,Coverity - CID 4018737 Constant variable guards dead code,Killer,#NAME?
software,Coverity - CID 3876602 Resource leak,Killer,UI issues Network Health tab
software,Coverity - CID 4018083 Uninitialized scalar variables,Killer,App exit missing internal cleanups
software,Coverity - CID 4020609 Uninitialized scalar field,Killer,Coverity - CID 4014164 Uninitialized scalar variable
software,Hard to see the message No Bluetooth devices have been found when Dark mode is selected.,Killer,Coverity - CID 4014163 Uninitialized scalar field
software,Killer intelligence Engine: Radio button fails color contrast,Killer,Intel Killer not showing E3000 driver installer
software,Killer dashboard: Black text text on dark gray background fails color contrast,Killer,Intel Killer pop showing every time system boots
software,Overclocking: Run Benchmark text fails minimum requirements,Killer,Coverity - CID 4014500:  Dereference null return value
software,Killer dashboard: Network categories all announced with the category name as label,Killer,Coverity - CID 4014499:  Dereference null return value
software,Application: Announced value for slider is different from the visible one,Killer,Coverity - CID 4014498:  Dereference before null check
software,Game Fast: Table headers are not associated with table rows.,Killer,ICPS is not able to launch after quitting ICPS from system tray
software,All setting: QR code instructions not focused and announced,Killer,Mutiple ICPS is launched from system tray after reboot
software,Applications: Graphic information conveyed by color only.,Killer,Frequent spin lock in IntcCo11X64
software,Application Page - AppDomain name column text is centered,Killer,"""SKYSEA Client View"" is not working smoothly due bad network performance when ICPS is running"
software,UI doesnt open after installation,Killer,Killer ISO - Master - Intel Network Helper Service unable to load plugin dlls after nuget pkg update to 1.0.3
software,"When Additional Network Selection Features is off, Enable AP selection will still be able to toggle after DUT reboot",Killer,[Killer 4[ Killer ISO - Delay in Intel Network Helper service shut down
software,New WifiCredentialPrompter is not translated,Killer,Missing AX211 support to ICPS on PTL
software,Coverity - CID 4017204 Unchecked return value (Line 447 Intentional),Killer,ICPS will show notification popup about enabling location service after OOBE in 2 mins
software,New WifiCredentialPrompter is not able to show some special characters.,Killer,Coverity - CID 4015643: Structurally dead code
software,The ICPS Bluetooth page and the Windows OS Bluetooth page show inconsistencies,ICPS,"No telemetry data in the cloud for the events 36,460,20"
software,Missing description of AI application on prioritization on Help tab.,Killer,"""Reset to default"" keeps acm enabled"
software,Coverity - CID 4021056 Unchecked return value,Killer,Coverity - CID 4017028 Dereference null return value
software,Coverity - CID 4021055 Logically dead code,Killer,Coverity - CID 4017204 Unchecked return value
software,Coverity - CID 3876602 Resource leak,Killer,Coverity - CID 4017207 Unchecked return value
software,Coverity - CID 4017029 Resource leak,Killer,Coverity - CID 4017203 Structurally dead code
software,Coverity - CID 4017029 Resource leak,Killer,Coverity - CID 4017201 Unsigned compared against 0
software,Intel Network Helper Service isnt running after installation,Killer,Coverity - CID 4017202 Unsigned compared against 0
software,"KAPS Cli: Network reconnects immediately after when running ""connect false"" API",Killer,Coverity - CID 4017205 Unsigned compared against 0
software,Coverity - CID 511060 Dereference after null check,Killer,Coverity - CID 4017206 Unsigned compared against 0
software,KAPS: New KapsLogger throws an exception,Killer,Coverity - CID 4017029 Resource leak
software,WifiCredentialPrompter removing underscore,Killer,ICPS display is dark when windows theme is light (or vice versa)
software,Lenovo request us review the KCC OC UI description,Killer,Coverity - CID 4018736 Untrusted loop bound
software,Group connected state shows connected after AP disconnected,Killer,Coverity - CID 4018735 Wrong operator used
software,UI issues in MPA banner,Killer,Coverity - CID 4017208 Unsigned compared against 0
software,Hotspot jumps to second in the list after onboarding when PC connected to LAN,Killer,Coverity - CID 4020560 Data race condition
software,Hotspot icon takes ~10 seconds to change to phone icon,Killer,Coverity - CID 4018736 Untrusted loop bound
software,Hotspot takes ~6 seconds to connect,Killer,Coverity - CID 4017029 Resource leak
software,Unexpected IntelConnectService logs under windows/sys32/drivers/icps folder,ICPS,Killer dashboard: Page content cannot be reached with arrows or tab
software,"Updating rules not staying in effect, resets on its own",Killer,"Applications: Unable to increase or decrease value in ""Speed"" slider using keyboard."
software,GameFast never updates the Network Service on user checkbox click,Killer,Killer intelligence Engine: Static content is not focused and announced
software,"""Download MPA"" banner is cut off in certain screen sizes",Killer,Statistics: All traffic categories content is not focused and announced
software,"After uninstalling ICPS,  every time the user logs on, a popup appears, prompting the user to open a link of type icpslauncher",ICPS,Game Fast: The same content is announced for each table row
software,"New WifiCredentialPrompter is showing duplicated character when SSID contains ""&""",Killer,Killer intelligence Engine: Graph information is not announced by Screen Reader
software,No failure popup when installing on Win10,Killer,Game Fast: Focus indicator on Pause check boxes fails requirements
software,Fails on Win11 machine,Killer,Killer intelligence Engine: Focus indicator fails color contrast.
software,ICPS will show DCA notification popup about enabling location service after OOBE in 2 mins,ICPS,CID 3907233: Uninitialized scalar variable (UNINIT)
software,"In new WifiCredentialPrompter, the SSID will be cut when the length of SSID is longer.",Killer,Killer intelligence Engine: Radio button fails color contrast.
software,Dashboard: Insufficient color contrast between graphic elements,Killer,Coverity - CID 967173 Uncaught Exception
software,Hotspot row doesnt appear according to Figma,Killer,Coverity - CID 4016796 Uncaught Exception
software,If the ICPS Wix based installer executable is signed it fails to install,ICPS,Coverity - CID 4016797 Uncaught Exception
software,Incorrect description about Bluetooth connection behavior in help page of Bluetooth,Killer,Coverity - CID 4016801 Uncaught Exception
software,Request to change Reset text for recommendations reset on settings page,Killer,Coverity - CID 4016802 Uncaught Exception
software,Killer Overclocking - User is able to click on Start overclocking when OC or turboboost is disabled in BIOS,Killer,Coverity - CID 4016808 Uncaught Exception
software,The SC font is different in certain words in Usage Detail tab,Killer,Coverity - CID 4018079 Logically dead code
software,"On the Prioritization page, the ""Pinned"" indicator does not clearly distinguish pinned and unpinned items when using the Light theme",Killer,Coverity - CID 4018080 Logically dead code
software,"On the Prioritization page, the Speed limiter bar behaves abnormally when clicking the Speed bar to decrease value",Killer,Coverity - CID 4018081 Logically dead code
software,"On the Prioritization page, the ""Reset All"" button does not clearly indicate whether it has been clicked or not.",Killer,Coverity - CID 4018082 Logically dead code
software,Coverity - CID 4024701 Dereference before null check,Killer,Coverity - CID 4020596 Dereference after null check
software,Elements overlap when running set-ready without ext-ver,Killer,Coverity - CID 4018737 Constant variable guards dead code
software,"""Reset all"" button did not work correctly when ""Show inactive applications"" is enabled in Setting page",Killer,Coverity - CID 3876602 Resource leak
software,#NAME?,Killer,Coverity - CID 4018083 Uninitialized scalar variables
software,Applications Page traffic graph Y axis text is cut off at the top of the panel sometimes,Killer,Coverity - CID 4020609 Uninitialized scalar field
software,The state of Bluetooth LE devices took longer time (few mins in worse case) to be synced between ICPS BT page and Windows BT setting,ICPS,Hard to see the message No Bluetooth devices have been found when Dark mode is selected.
software,"Says ""Intel (R)"" instead of with the trademark symbol",Killer,Killer intelligence Engine: Radio button fails color contrast
software,#NAME?,Killer,Killer dashboard: Black text text on dark gray background fails color contrast
software,#NAME?,Killer,Overclocking: Run Benchmark text fails minimum requirements
software,Prioritization/usage details - Items in lists that do nothing can be selected,Killer,Killer dashboard: Network categories all announced with the category name as label
software,#NAME?,Killer,Application: Announced value for slider is different from the visible one
software,"- Notification ""2.5 GHz Wi-Fi bands...""",Killer,Game Fast: Table headers are not associated with table rows.
software,"- ""Fake""/Trivial MLD (those with 1 link bss) are rendered UI as MLD when just the link bss is more correct",Killer,All setting: QR code instructions not focused and announced
software,HS row doesnt update when its available or not,Killer,Applications: Graphic information conveyed by color only.
software,clientcli Reports HS Network Instead of Actual Connected Network,Killer,Application Page - AppDomain name column text is centered
software,#NAME?,ICPS,UI doesnt open after installation
software,"ICPS UI app resizes when clicked on ""Enable Additional Network Selection Features""",ICPS,"When Additional Network Selection Features is off, Enable AP selection will still be able to toggle after DUT reboot"
software,- ICPS Shows two rows for 5GHz band for AP on dev system,ICPS,New WifiCredentialPrompter is not translated
software,Initial bandwidth numbers very high,Killer,Coverity - CID 4017204 Unchecked return value (Line 447 Intentional)
software,Frequent roaming observed during Teams meetings when ICPS is installed.,ICPS,New WifiCredentialPrompter is not able to show some special characters.
software,SSID and password remain editable in VR mode settings when VR mode is active.,Killer,The ICPS Bluetooth page and the Windows OS Bluetooth page show inconsistencies
software,AppxStandaloneUtility.exe is unsigned,Killer,Missing description of AI application on prioritization on Help tab.
software,Bluetooth Device Management cant show Bluetooth LE devices (SONY Linkbuds S and Galaxy Buds2 Pro) correctly.,Killer,Coverity - CID 4021056 Unchecked return value
software,"Ethernet E3100G - When selecting Only the ""Hardware Driver"" option, Killer 4.0 SW failed to install the driver via error code 1603",Killer,Coverity - CID 4021055 Logically dead code
software,Prechecks Failing in C17 ICPS builds,ICPS,Coverity - CID 3876602 Resource leak
software,Takes a few seconds for network list to appear after first launch,Killer,Coverity - CID 4017029 Resource leak
software,ICPS UI flashes briefly after OS login while running in the system tray,ICPS,Coverity - CID 4017029 Resource leak
software,UI MainWindow does not close on ExitApplication/Shutdown,Killer,Intel Network Helper Service isnt running after installation
software,Eligibility by CSME ICPS bit only works when running installer as admin,ICPS,"KAPS Cli: Network reconnects immediately after when running ""connect false"" API"
software,Service EventViewer Information,Killer,Coverity - CID 511060 Dereference after null check
software,Error message appears when upgrading from old wix installer to new wix installer when old app is in systray,Killer,KAPS: New KapsLogger throws an exception
software,Memory leakage (~65MB) of IntelConnect.exe process during long run testing,Killer,WifiCredentialPrompter removing underscore
software,ICPS - UI - Advanced settings UI Spacing and alignment,ICPS,Lenovo request us review the KCC OC UI description
software,"HS shows unavailable UI when toggling on ""Only show authorized networks"" when HS isnt authorized",Killer,Group connected state shows connected after AP disconnected
software,Intel Network Helper Service isnt running after installation,Killer,UI issues in MPA banner
software,Memory leakage of ICPS_UI process during long run testing,ICPS,Hotspot jumps to second in the list after onboarding when PC connected to LAN
software,Memory leakage of ICNS process during long run testing,Killer,Hotspot icon takes ~10 seconds to change to phone icon
software,"- Enabling ""Additional Network Selection Features"" toggle button stuck on ""Please wait"" screen for ~10 min, recovered after application restart.",Killer,Hotspot takes ~6 seconds to connect
software,#NAME?,Killer,Unexpected IntelConnectService logs under windows/sys32/drivers/icps folder
software,#NAME?,Killer,"Updating rules not staying in effect, resets on its own"
software,#NAME?,ICPS,GameFast never updates the Network Service on user checkbox click
software,#NAME?,ICPS,"""Download MPA"" banner is cut off in certain screen sizes"
software,The RNIdle task remains in Task Scheduler after ICPS uninstallation,ICPS,"After uninstalling ICPS,  every time the user logs on, a popup appears, prompting the user to open a link of type icpslauncher"
software,test,Killer,"New WifiCredentialPrompter is showing duplicated character when SSID contains ""&"""
software,Intel Services isnt running after installation,Killer,No failure popup when installing on Win10
software,Coverity - CID 4022861 Dereference before null check,Killer,Fails on Win11 machine
software,Coverity - CID 3859266 Big parameter passed by value,Killer,ICPS will show DCA notification popup about enabling location service after OOBE in 2 mins
software,"ICPS and Killer - ""await"" no cancel on shutdown",ICPS,"In new WifiCredentialPrompter, the SSID will be cut when the length of SSID is longer."
tools,"Walk behind awake PC : Need Create ""lower sensitivity"" script for Next Gen calibration tool",RF,Dashboard: Insufficient color contrast between graphic elements
tools,"Channel 9 shown failed to use , but when Calibrating still use channel 9 but shown result 0",OEM Tools,Hotspot row doesnt appear according to Figma
tools,DRTU BT Tx power adjustment function not work,OEM Tools,If the ICPS Wix based installer executable is signed it fails to install
tools,"ANT Tool -band ""b/g"" and -band ""a"" can cross connect with LB/HB SSID",OEM Tools,Incorrect description about Bluetooth connection behavior in help page of Bluetooth
tools,DRTU tool was workable but BT function gray out.,OEM Tools,Request to change Reset text for recommendations reset on settings page
tools,PLDR Tool Reminder Suggsetion,YB/Lost,Killer Overclocking - User is able to click on Start overclocking when OC or turboboost is disabled in BIOS
tools,"WRT json file can not decode BRDS, EBRD and AOLD.",OEM Tools,The SC font is different in certain words in Usage Detail tab
tools,IntelUefiCnvBtPpagSupport can not be decoded when revision is 2.,Connectivity,"On the Prioritization page, the ""Pinned"" indicator does not clearly distinguish pinned and unpinned items when using the Light theme"
tools,Gacrux preset can not capture proper FW and driver logs during reboot stress with firmware download failure.,OEM Tools,"On the Prioritization page, the Speed limiter bar behaves abnormally when clicking the Speed bar to decrease value"
tools,Noise Channel Power with BE211 is 7db higher than BE201 (measured by NDT Tool),OEM Tools,"On the Prioritization page, the ""Reset All"" button does not clearly indicate whether it has been clicked or not."
tools,-,OEM Tools,Coverity - CID 4024701 Dereference before null check
tools,Count down some time failed to count with first isolation range of V1. it stuck at count down 5.,System Hang,Elements overlap when running set-ready without ext-ver
tools,Feedback on Automation tool 2.0,OEM Tools,"""Reset all"" button did not work correctly when ""Show inactive applications"" is enabled in Setting page"
tools,Link mode enable failing - WdfDmaEnblerCreate failed: C0000001,Connectivity,#NAME?
tools,WRT BIOS tool shows incorrect value in DSM Func3,UEFI,Applications Page traffic graph Y axis text is cut off at the top of the panel sometimes
tools,Use SKILL instead of XML for applying DRC,OEM Tools,The state of Bluetooth LE devices took longer time (few mins in worse case) to be synced between ICPS BT page and Windows BT setting
tools,Add check for unused pins,OEM Tools,"Says ""Intel (R)"" instead of with the trademark symbol"
tools,Add uncovered GND in HDR,OEM Tools,#NAME?
tools,Add CNVi CLK DC Resistance in HDR,OEM Tools,#NAME?
tools,Feedback on Automation tool 1.0,OEM Tools,Prioritization/usage details - Items in lists that do nothing can be selected
tools,PPAG Value Check Mechanism is incorrect,RF,#NAME?
tools,Feedback on Automation tool 1.0,OEM Tools,"- Notification ""2.5 GHz Wi-Fi bands..."""
tools,Custom Preset is empty after reboot,OEM Tools,"- ""Fake""/Trivial MLD (those with 1 link bss) are rendered UI as MLD when just the link bss is more correct"
tools,"For SPD channel , need to scan the complete UHB/HB channel list",OEM Tools,HS row doesnt update when its available or not
tools,"remove the Red/ Green light indication in the Calibration tool , and change to Timer count down from 30s to 0s (With BIG font ) , when user press I am away",System Hang,clientcli Reports HS Network Instead of Actual Connected Network
tools,Associated failed with ANT tool in factory,OEM Tools,#NAME?
tools,"BIOS show wrong unit (dBm) by cmd ""-get_ant_gain"" (should be dBi)",OEM Tools,"ICPS UI app resizes when clicked on ""Enable Additional Network Selection Features"""
tools,"When user walked back as suggested by tool, the indication still showing Recording the data",OEM Tools,- ICPS Shows two rows for 5GHz band for AP on dev system
tools,"After finished this round of calibration, wording suggest next round. After clicking next round , still show ""click next round""",OEM Tools,Initial bandwidth numbers very high
tools,"Incorrect unit displayed in BIOS tool ""-get_ant_gain""",OEM Tools,Frequent roaming observed during Teams meetings when ICPS is installed.
wifi,The system wakes when a person walks in an Mshaped path around the laptop at a distance of 1.2m,Connectivity,SSID and password remain editable in VR mode settings when VR mode is active.
wifi,The system wakes when a person walks 1.2m horizontally behind it,Power Consumption,AppxStandaloneUtility.exe is unsigned
wifi,Biostool.exe does not show the parameters in UEFI data version 4,UEFI,Bluetooth Device Management cant show Bluetooth LE devices (SONY Linkbuds S and Galaxy Buds2 Pro) correctly.
wifi,WiFi Sensing long WAL duration after performing S4 or Restart,Connectivity,"Ethernet E3100G - When selecting Only the ""Hardware Driver"" option, Killer 4.0 SW failed to install the driver via error code 1603"
wifi,Wi-Fi Sensing False wake,Connectivity,Prechecks Failing in C17 ICPS builds
wifi,"GNNR command fails with error 258 on Arrow Lake Wi-Fi, 10% repro, recovers after driver reset",OEM Tools,Takes a few seconds for network list to appear after first launch
wifi,WiFi Sensing long WAL duration,Connectivity,ICPS UI flashes briefly after OS login while running in the system tray
wifi,Wi-Fi Sensing fails to wake system from Modern Standby when user approaches after 3m distance,Connectivity,UI MainWindow does not close on ExitApplication/Shutdown
wifi,Sensing Fine Tune Abnormal Result,RF,Eligibility by CSME ICPS bit only works when running installer as admin
wifi,When WiFi7 UHB 320Mhz connection WiFi LTR <198uS Gating Platform Power State at C2,Power Consumption,Service EventViewer Information
wifi,"5002 error(Assert_0x20104009 & 0x20000066) occurred from event log during FastBoot Test (FR:1/30units, 1/9000 cycles)",YB/Lost,Error message appears when upgrading from old wix installer to new wix installer when old app is in systray
wifi,AP RSSI toggling (-6 and -95) and sometimes OS scan UI can not find this specific SSID..,Connectivity,Memory leakage (~65MB) of IntelConnect.exe process during long run testing
wifi,"Platform stuck at PC2 state on UHB Wi-Fi connection; does not enter PC6 (Panther Lake, ASUS BE96U)",System Hang,ICPS - UI - Advanced settings UI Spacing and alignment
wifi,FW Assert 0x3e15 during the CITU test,YB/Lost,"HS shows unavailable UI when toggling on ""Only show authorized networks"" when HS isnt authorized"
wifi,"assert 0x3e15 when run CITU, the CITU result is PASS",YB/Lost,Intel Network Helper Service isnt running after installation
wifi,Auth failed when doing connect and ping stress test,Connectivity,Memory leakage of ICPS_UI process during long run testing
wifi,Recoverable assert 0x20003207 occurred during Miracast Test,YB/Lost,Memory leakage of ICNS process during long run testing
wifi,BSoD 0x9F (Netwaw18_IMAGE_pci.sys) during stress Cold Boot on Panther Lake Wi-Fi/BT,BSOD,"- Enabling ""Additional Network Selection Features"" toggle button stuck on ""Please wait"" screen for ~10 min, recovered after application restart."
wifi,wifi disconnect from 2.4G AP when plug-in a specific 2.4G wireless ROG keyboard,YB/Lost,#NAME?
wifi,"BSoD 0x9F during Wi-Fi/BT stress reboot test on Panther Lake with BE211, Win11 25H2",BSOD,#NAME?
wifi,"After windows update, the unit got ""0x9F"" BSOD during running WINPVT Wake-on-LAN Stress (S3S4S5+LAN_CHK_WOL.PVT) using LOM with IPV4/IPV6",BSOD,#NAME?
wifi,Gacrux Recoverable assert 0x13F1 and BT YB  during customer daily work.,YB/Lost,#NAME?
wifi,Recoverable assert 0x503 occurred during customer daily work.,YB/Lost,The RNIdle task remains in Task Scheduler after ICPS uninstallation
wifi,Theres no corresponding assert log folder generated but system event log show 5002/5005 during stress Cold Boot Test,YB/Lost,test
wifi,Wi-Fi TX throughput drops after reboot (Failure rate: 3/10),Connectivity,Intel Services isnt running after installation
wifi,"Recoverable assert 0x2010351E occurred when doing ""MS<-->Resume Ping"" stress test",YB/Lost,Coverity - CID 4022861 Dereference before null check
wifi,Ping failed due to specific AP not found during stress reboot test,Connectivity,Coverity - CID 3859266 Big parameter passed by value
wifi,WiFi throughput degrades after upgrading Windows OS,Connectivity,"ICPS and Killer - ""await"" no cancel on shutdown"
wifi,WiFi throughput degrades after upgrading Windows OS 24H2/26100.4946,Connectivity,"Walk behind awake PC : Need Create ""lower sensitivity"" script for Next Gen calibration tool"
wifi,WiFi Sensing becomes non-operational,Connectivity,"Channel 9 shown failed to use , but when Calibrating still use channel 9 but shown result 0"
wifi,Installation problem for KillerWirelessSuite40.25.1010.1813,Killer,DRTU BT Tx power adjustment function not work
wifi,BE211 & BE213 wifi device show yellow mark. UMAC asssert 0x20104009,BSOD,"ANT Tool -band ""b/g"" and -band ""a"" can cross connect with LB/HB SSID"
wifi,Wake on approach functionality fails to wake the test unit from MS in HB,Connectivity,DRTU tool was workable but BT function gray out.
wifi,DRTU needs the GMPD readback API to provide correct temperature details,OEM Tools,PLDR Tool Reminder Suggsetion
wifi,Wrong text in Intel wifi driver Event Logs,Connectivity,"WRT json file can not decode BRDS, EBRD and AOLD."
wifi,Spd stop working in noisy environment in HB,Connectivity,IntelUefiCnvBtPpagSupport can not be decoded when revision is 2.
wifi,WIFI reset (assert 0x508) when iperf Tx testing or transferring files.,YB/Lost,Gacrux preset can not capture proper FW and driver logs during reboot stress with firmware download failure.
wifi,WIFI 23.160.0.4 BSOD 0x9F,BSOD,Noise Channel Power with BE211 is 7db higher than BE201 (measured by NDT Tool)
wifi,DUT fails to cast to LG WebOS TV  Couldnt Connect message and Sink display turns off,Connectivity,-
wifi,Taroko PTL WiFi BT malfunction right after BT pair audio device and play music(assert:0x200013F1),YB/Lost,Count down some time failed to count with first isolation range of V1. it stuck at count down 5.
wifi,Intel  Wi-Fi 6E AX211 160MHz show YB during WinPVT Power Off stress,YB/Lost,Feedback on Automation tool 2.0
wifi,System wakes when person walks horizontally 1.2m behind device,Connectivity,Link mode enable failing - WdfDmaEnblerCreate failed: C0000001
wifi,0x508 when iperf traffic and 0x4009 if disable/enable wlan.,BSOD,WRT BIOS tool shows incorrect value in DSM Func3
wifi,Firmware version under Wireless Device Capabilities is empty,Connectivity,Use SKILL instead of XML for applying DRC
software,Localization problem observed in some screens.,Killer,Add check for unused pins
wifi,DRTU displayed an error message after selecting a different channel or band -- 0xb5d,BSOD,Add min spacing in HDR
wifi,BT shows YB with code 31 due to WiFi Assert 0x2010121e,YB/Lost,Add uncovered GND in HDR
wifi,Intel WIFI will show Yellow bang after using for a while --0x34,YB/Lost,Add CLK PN mismatch in HDR
wifi,Yellow Bang on BT (code 31) during S4 circles,YB/Lost,Add CLK VSL in HDR
wifi,Recoverable Assert 0x19a9 frequently occurred when AP was connected and idle.,YB/Lost,Add CNVi CLK DC Resistance in HDR
wifi,P2P client(BE201) unexpectedly disconnected from GO(Phone) due to no BA for a long time,Connectivity,Time stamp format is not align with previous version
wifi,WiFi can not be connected with one specific enterprise H3C AP in the H3C company.,Connectivity,Feedback on Automation tool 1.0
wifi,WLAN show YB on DeviceManager and event log show error by run S4 stress,YB/Lost,PPAG Value Check Mechanism is incorrect
wifi,Enterprise (ByteDance) end-user can not visit internet issue suddenly,Connectivity,Feedback on Automation tool 1.0
wifi,Cannot wake from S3 by EMA server.,Connectivity,Custom Preset is empty after reboot
wifi,"During SPD detection , User move hand away from desktop SPD fail",Connectivity,"For SPD channel , need to scan the complete UHB/HB channel list"
software,WinServiceFramework not following Single Steam process,Killer,"remove the Red/ Green light indication in the Calibration tool , and change to Timer count down from 30s to 0s (With BIG font ) , when user press I am away"
wifi,BT YB observed  following 0x505 TOP assert,YB/Lost,Associated failed with ANT tool in factory
wifi,YB appears (code 37) after installing 23.160.0.4 on Win11 22H2 with GaP,YB/Lost,"BIOS show wrong unit (dBm) by cmd ""-get_ant_gain"" (should be dBi)"
wifi,BE201 re-enumeration & PLDR  after S0i3 at 0 degree C Test upon SBHWFW02424_23.160.1.2G HF,YB/Lost,"When user walked back as suggested by tool, the indication still showing Recording the data"
wifi,DUT is able to connect to ch161 on 5GHz while MCC is set to JP,Connectivity,"After finished this round of calibration, wording suggest next round. After clicking next round , still show ""click next round"""
wifi,"After setting SPD yoyo file , the SPD detection cycle changed from 1 ->2",System Hang,"Incorrect unit displayed in BIOS tool ""-get_ant_gain"""
wifi,#NAME?,Connectivity,The system wakes when a person walks in an Mshaped path around the laptop at a distance of 1.2m
wifi,PLDR Test tool not work with 23.165 latest BKC build,YB/Lost,The system wakes when a person walks 1.2m horizontally behind it
wifi,BE200 Wifi lost(Assert_0x506) during warm boot,YB/Lost,Biostool.exe does not show the parameters in UEFI data version 4
wifi,SPD fail when another user walked pass behind main user,Connectivity,WiFi Sensing long WAL duration after performing S4 or Restart
wifi,Windows  UI and  netsh keep showing old channel and Band . After the DUT connected mobile hotspot switches from the 2.4G band to the 5G band,Power Consumption,Wi-Fi Sensing False wake
wifi,NDT testing is unstable with EV1 in Vietnam factory,OEM Tools,"GNNR command fails with error 258 on Arrow Lake Wi-Fi, 10% repro, recovers after driver reset"
wifi,Take long time to lock if user walk away with slower motion,Performance,WiFi Sensing long WAL duration
wifi,"HP expected when someone sitting opposite , when main user left it can lock",Connectivity,Wi-Fi Sensing fails to wake system from Modern Standby when user approaches after 3m distance
wifi,Can not see the channel info from BIOS (ACO-4596),Connectivity,Sensing Fine Tune Abnormal Result
wifi,PC will unexpected wake in the middle of night,Power Consumption,When WiFi7 UHB 320Mhz connection WiFi LTR <198uS Gating Platform Power State at C2
wifi,"SPD false detection when standing at 2m distance , and need to detect leanback",Connectivity,"5002 error(Assert_0x20104009 & 0x20000066) occurred from event log during FastBoot Test (FR:1/30units, 1/9000 cycles)"
wifi,in the logs show temperature: 131 and ct rfkill: radio OFF  cause to   Wireless LAN suddenly turned off during use,Connectivity,AP RSSI toggling (-6 and -95) and sometimes OS scan UI can not find this specific SSID..
wifi,"After bootup Notebook , moving from 24F to 30F intel office , very hard to WAL",Connectivity,"Platform stuck at PC2 state on UHB Wi-Fi connection; does not enter PC6 (Panther Lake, ASUS BE96U)"
wifi,Miracast channel does not align with BSS channel,Connectivity,FW Assert 0x3e15 during the CITU test
wifi,SPD sometime cannot work even when sitting upright,Connectivity,"assert 0x3e15 when run CITU, the CITU result is PASS"
wifi,BSoD: 0x9f_Driver_Power_State_Failure caused due to the IRP stuck at Netwaw16 during S4 Test,BSOD,CLONE - testing only
wifi,Killer1750x/w device name isnt correctly in Wifi INF driver,Killer,testing only
wifi,HSBC end-users complain that frequent WiFi roaming significantly affects the customer experience.,Connectivity,Auth failed when doing connect and ping stress test
wifi,Cannot detect User SPD when lean back sitting,Connectivity,Recoverable assert 0x20003207 occurred during Miracast Test
wifi,SPD range too short,Connectivity,BSoD 0x9F (Netwaw18_IMAGE_pci.sys) during stress Cold Boot on Panther Lake Wi-Fi/BT
wifi,WiFi7 Roaming Fail with 6G band BW40 in customer site with cisco AP,Connectivity,wifi disconnect from 2.4G AP when plug-in a specific 2.4G wireless ROG keyboard
wifi,SPD not working < 30cm from edge of laptop but isolation is good,Connectivity,"BSoD 0x9F during Wi-Fi/BT stress reboot test on Panther Lake with BE211, Win11 25H2"
wifi,Cannot WAL in Crowd scenario,Connectivity,"After windows update, the unit got ""0x9F"" BSOD during running WINPVT Wake-on-LAN Stress (S3S4S5+LAN_CHK_WOL.PVT) using LOM with IPV4/IPV6"
wifi,Cannot WAL in Crowd scenario,Connectivity,Gacrux Recoverable assert 0x13F1 and BT YB  during customer daily work.
wifi,802.11AX MCS6 and BE MCS11 with LDPC Sensitivity is not met EPS Performance,RF,Recoverable assert 0x503 occurred during customer daily work.
wifi,Assert 0x508 happened frequently when BT headphone was connected.(Intel BE201),YB/Lost,Theres no corresponding assert log folder generated but system event log show 5002/5005 during stress Cold Boot Test
wifi,SPD detection is not working in Intel office,Connectivity,Wi-Fi TX throughput drops after reboot (Failure rate: 3/10)
wifi,BE201 WLAN YB during Board Factory Test with assert 0x20100505,YB/Lost,"Recoverable assert 0x2010351E occurred when doing ""MS<-->Resume Ping"" stress test"
wifi,Throughput with 11be is lower than 11ax in 5GHz,Performance,Ping failed due to specific AP not found during stress reboot test
wifi,5010 Netwaw16 WiFi errors observed during GT(eDP) random mountain test  -- 0x2ca5,YB/Lost,WiFi throughput degrades after upgrading Windows OS
wifi,"Demo Asus Nuc to HP , SPD detection range is too far ,customer expect same detection range as in Sensing 1.0",Connectivity,WiFi throughput degrades after upgrading Windows OS 24H2/26100.4946
wifi,issue of SPD false detection when standing at 2m distance,Connectivity,WiFi Sensing becomes non-operational
wifi,16/17Z90TR + BE201 FW assert 0x84 and 20000066(TFD Queue hang) happening cause to event ID 5002 issue with ASUS GT-AXE11000 ap,YB/Lost,Installation problem for KillerWirelessSuite40.25.1010.1813
wifi,cant work wifi sensing(WAL) after reboot,Connectivity,BE211 & BE213 wifi device show yellow mark. UMAC asssert 0x20104009
wifi,Wi-Fi adapter PHY rate is not consistent in 6 GHz band(320 MHz) with TP-Link BE800 AP,Connectivity,Wake on approach functionality fails to wake the test unit from MS in HB
wifi,WiFi lost in DM after reboot or during Youtube playback,YB/Lost,DRTU needs the GMPD readback API to provide correct temperature details
wifi,"Event viewer - System error ""Has determined that the network adapter is not functioning properly"" observed while running S4 cycling -- 0x1000971",BSOD,Wrong text in Intel wifi driver Event Logs
wifi,Wi-Fi adapter PHY rate is not consistent in 6 GHz band(320 MHz) with TP-Link BE800 AP,Connectivity,Spd stop working in noisy environment in HB
wifi,"When 6GHz is enabled, the detection distance is sometimes extremely short (30-50cm) for a while after booting",Connectivity,WIFI reset (assert 0x508) when iperf Tx testing or transferring files.
wifi,Decision low value will over decision high and system always detect human after SPD,Connectivity,WIFI 23.160.0.4 BSOD 0x9F
wifi,Wi-Fi device shows 0x38 error code During OOBE,BSOD,DUT fails to cast to LG WebOS TV  Couldnt Connect message and Sink display turns off
wifi,Wi-Fi EXE Installer failed with Turkish OS language Win11 OS,Connectivity,Taroko PTL WiFi BT malfunction right after BT pair audio device and play music(assert:0x200013F1)
wifi,cant work wifi sensing,Connectivity,Intel  Wi-Fi 6E AX211 160MHz show YB during WinPVT Power Off stress
wifi,Intel Wi-Fi 7 BE201 (FmP2) will show YB after ESD testing,YB/Lost,System wakes when person walks horizontally 1.2m behind device
wifi,Lower Wifi Uplink Throughput when TAS is enabled even in close range of Access Point,Connectivity,0x508 when iperf traffic and 0x4009 if disable/enable wlan.
wifi,FW assert 0x20100505 happening cause to tpt measurement using Chariot stop,YB/Lost,Firmware version under Wireless Device Capabilities is empty
wifi,WLAN device shows YB after resuming from S4/MS - FW assert 0x13ce,YB/Lost,Sesning debug is blocked due to runCounter wrong values
wifi,WirelessSetup popup error when reinstall after 23.110.,Connectivity,Localization problem observed in some screens.
wifi,WLAN device shows YB after resuming from S4/MS - FW assert 0x132e,YB/Lost,DRTU displayed an error message after selecting a different channel or band -- 0xb5d
wifi,"Run CITU fail , in driver log Assert happen",YB/Lost,BT shows YB with code 31 due to WiFi Assert 0x2010121e
wifi,"Once the PC wakes up, it stays awake even if there is no movement around the PC.",Power Consumption,Intel WIFI will show Yellow bang after using for a while --0x34
wifi,"Connect BT mouse+KB+Headset then restart, BT will lost (WiFi assert 0x506)",YB/Lost,Yellow Bang on BT (code 31) during S4 circles
wifi,BE201 WLAN YB on factory with assert 0x505 while idle,YB/Lost,Recoverable Assert 0x19a9 frequently occurred when AP was connected and idle.
wifi,WIFI 5002 assert 100% in S4 and cause BT lost (with low fail rate) when running S4 test - TOP Exception,YB/Lost,P2P client(BE201) unexpectedly disconnected from GO(Phone) due to no BA for a long time
wifi,"After finished this round of calibration, wording suggest next round. After clicking next round , still show ""click next round""",Connectivity,WiFi can not be connected with one specific enterprise H3C AP in the H3C company.
wifi,"When user walked back as suggested by tool, the indication still showing Recording the data",Connectivity,WLAN show YB on DeviceManager and event log show error by run S4 stress
software,Coverity - CID 3859267  Big parameter passed by value,Killer,Enterprise (ByteDance) end-user can not visit internet issue suddenly
software,Coverity - CID 3871173  Copy without assign,Killer,Cannot wake from S3 by EMA server.
software,Coverity - CID 3876590 Big parameter passed by value,Killer,"During SPD detection , User move hand away from desktop SPD fail"
software,Coverity - CID 4012501 Copy without assign,Killer,WinServiceFramework not following Single Steam process
software,Coverity - CID 4117628 Pointer comparison with string literal,Killer,BT YB observed  following 0x505 TOP assert
software,Coverity - CID 4117629 Pointer comparison with string literal,Killer,YB appears (code 37) after installing 23.160.0.4 on Win11 22H2 with GaP
software,Coverity - CID 4117630 Pointer comparison with string literal,Killer,BE201 re-enumeration & PLDR  after S0i3 at 0 degree C Test upon SBHWFW02424_23.160.1.2G HF
software,Coverity - CID 4119157 Uninitialized scalar variable,Killer,DUT is able to connect to ch161 on 5GHz while MCC is set to JP
software,Coverity - CID 4119174 Identical code for different branches,Killer,"After setting SPD yoyo file , the SPD detection cycle changed from 1 ->2"
software,Coverity - CID 4119175 Identical code for different branches,Killer,#NAME?
software,Coverity - CID 4119176 Identical code for different branches,Killer,PLDR Test tool not work with 23.165 latest BKC build
software,Coverity - CID 4119177 Identical code for different branches,Killer,BE200 Wifi lost(Assert_0x506) during warm boot
software,Coverity - CID 4119178 Identical code for different branches,Killer,SPD fail when another user walked pass behind main user
software,Coverity - CID 4119179 Identical code for different branches,Killer,Windows  UI and  netsh keep showing old channel and Band . After the DUT connected mobile hotspot switches from the 2.4G band to the 5G band
software,"""Open MPA for activation"" banner doesnt appear",Killer,NDT testing is unstable with EV1 in Vietnam factory
software,Coverity - CID 4119180 Identical code for different branches,Killer,Take long time to lock if user walk away with slower motion
software,Coverity - CID 4119181 Identical code for different branches,Killer,"HP expected when someone sitting opposite , when main user left it can lock"
software,Coverity - CID 4119182 Identical code for different branches,Killer,HP requirement of WAL lock time shorter than 25s
software,Coverity - CID 4119183 Identical code for different branches,Killer,Implement VIA VOID on the brd file
software,Coverity - CID 4119184 Identical code for different branches,Killer,Can not see the channel info from BIOS (ACO-4596)
software,Coverity - CID 4119185 Identical code for different branches,Killer,Confirm the Isolation - BNR_mean mapping
software,Coverity - CID 4119534 Logically dead code,Killer,PC will unexpected wake in the middle of night
software,Wix Installer ICPS does not work properly if the machine has no Internet connection,ICPS,"SPD false detection when standing at 2m distance , and need to detect leanback"
software,"- Notification tab is presenting non-accurate and data duplication, 100% reproducible",Killer,in the logs show temperature: 131 and ct rfkill: radio OFF  cause to   Wireless LAN suddenly turned off during use
software,"- Under ""Usage Details"" tab, moving from day to week view do nothing (still see the day details)",Killer,"After bootup Notebook , moving from 24F to 30F intel office , very hard to WAL"
software,"Advanced Settings, Toggle buttons not disabled",Killer,Miracast channel does not align with BSS channel
software,"Advanced settings, Reset all settings to default not working correctly",Killer,SPD sometime cannot work even when sitting upright
software,"Advanced Settings, Toggle buttons change state",Killer,BSoD: 0x9f_Driver_Power_State_Failure caused due to the IRP stuck at Netwaw16 during S4 Test
wifi,The wifi FW assert code with 0x91& 0x20100503 happening  after the S4 wakes up. Fail rate: 1/10 units,YB/Lost,Killer1750x/w device name isnt correctly in Wifi INF driver
wifi,The wifi device YB with 0x13c0 happening  resuming from S4,YB/Lost,HSBC end-users complain that frequent WiFi roaming significantly affects the customer experience.
wifi,"During the game, the wifi assert code is 0x84& 0x20000066 happening cause to the network disconnection",YB/Lost,Cannot detect User SPD when lean back sitting
wifi,"The WIFI assert _0x3706  and  0x22d2  happening  cause to network disconnected during wechat video callevent log show wifi ""5002"". Fail rate: 1/109 units",YB/Lost,SPD range too short
wifi,11ax 6GHz Tx Power issue,Power Consumption,WiFi7 Roaming Fail with 6G band BW40 in customer site with cisco AP
wifi,BE201 BSOD 0x9F during S4 test,BSOD,SPD not working < 30cm from edge of laptop but isolation is good
wifi,Black screen (0xA0) during WinPVT Hibernation Functional test (Caterr LED off).,BSOD,Yoyo file setting not working
wifi,multiple roamings in stationary environment,Connectivity,Cannot WAL in Crowd scenario
wifi,Stress_MS Transition Drip DC_hang with BSOD dump 0x7E,BSOD,Cannot WAL in Crowd scenario
wifi,"The CSR interface show ""cannot connect to this network"" after input an incorrect password then input correct one on the same or another AP.",Connectivity,802.11AX MCS6 and BE MCS11 with LDPC Sensitivity is not met EPS Performance
wifi,TAS/SAR becomes Active even though its disabled by SAR Manager (set to index 0),RF,Assert 0x508 happened frequently when BT headphone was connected.(Intel BE201)
wifi,BSoD 0x9F point to Netwaw16.sys during Stress_Random MS/S4,BSOD,SPD detection is not working in Intel office
wifi,WLAN YB and BT Lost,YB/Lost,BE201 WLAN YB during Board Factory Test with assert 0x20100505
wifi,Cannot connect to WPA2 Enterprise via UEFI,Connectivity,Throughput with 11be is lower than 11ax in 5GHz
wifi,0x9F BSOD,BSOD,5010 Netwaw16 WiFi errors observed during GT(eDP) random mountain test  -- 0x2ca5
software,UI Crash when Toast Notifications are on,Killer,"Demo Asus Nuc to HP , SPD detection range is too far ,customer expect same detection range as in Sensing 1.0"
software,#NAME?,Killer,issue of SPD false detection when standing at 2m distance
software,#NAME?,Killer,16/17Z90TR + BE201 FW assert 0x84 and 20000066(TFD Queue hang) happening cause to event ID 5002 issue with ASUS GT-AXE11000 ap
software,Services do not start properly after automation install,Killer,cant work wifi sensing(WAL) after reboot
software,#NAME?,Killer,Wi-Fi adapter PHY rate is not consistent in 6 GHz band(320 MHz) with TP-Link BE800 AP
software,DCR-3083 Network Service weird state if config file check fails on startup,Killer,WiFi lost in DM after reboot or during Youtube playback
software,Wifi list is empty after 10 seconds of waiting,Killer,"Event viewer - System error ""Has determined that the network adapter is not functioning properly"" observed while running S4 cycling -- 0x1000971"
software,ICPS fails to connect to IOS Device HS,ICPS,Wi-Fi adapter PHY rate is not consistent in 6 GHz band(320 MHz) with TP-Link BE800 AP
software,50.26.114.3 Fails to install or open on automation setup,Killer,Wireless display not able to connect between two Mckenna systems
software,ICPS and Killer Toast open UI when UI is closed,ICPS,"When 6GHz is enabled, the detection distance is sometimes extremely short (30-50cm) for a while after booting"
software,Text is cut off when translated,Killer,Decision low value will over decision high and system always detect human after SPD
software,C17HF Lenovo Layout cant connect WIFI AP through ICPS UI after input passcode,ICPS,Wi-Fi device shows 0x38 error code During OOBE
software,incorrect language in ICPS title bar,ICPS,Wi-Fi EXE Installer failed with Turkish OS language Win11 OS
software,ICPS related Registry keys are not deleted after ICPS SW uninstallation,ICPS,cant work wifi sensing
software,Uninstalling in a different language doesnt remove drivers,Killer,Intel Wi-Fi 7 BE201 (FmP2) will show YB after ESD testing
software,ACM tab doesnt appear when PC connected to ethernet and WiFi,Killer,Lower Wifi Uplink Throughput when TAS is enabled even in close range of Access Point
software,HS banner isnt aligned with network list,Killer,FW assert 0x20100505 happening cause to tpt measurement using Chariot stop
software,Uninstalling doesnt remove drivers,Killer,WLAN device shows YB after resuming from S4/MS - FW assert 0x13ce
software,Took 59 seconds to connect to HS,Killer,WirelessSetup popup error when reinstall after 23.110.
software,"Missing ""RTP_SESSION_INTERRUPTED"" part of the event when user is in a call",Killer,WLAN device shows YB after resuming from S4/MS - FW assert 0x132e
software,Takes too long to connect to HS when losing WiFi during call,Killer,"Run CITU fail , in driver log Assert happen"
software,Wix Installer for ICPS fails to uninstall on non-Dell Machines,ICPS,"Once the PC wakes up, it stays awake even if there is no movement around the PC."
software,Killer Software 40.25.905.1721 - The .exe installer file appears to be blocked by 3rd party Antivirus as FileRepMalware,Killer,"Connect BT mouse+KB+Headset then restart, BT will lost (WiFi assert 0x506)"
software,UI sets all user setting back to default if the Network Service is STOPPED,Killer,BE201 WLAN YB on factory with assert 0x505 while idle
software,UI Prioritization setting the wrong user.xml config,Killer,WIFI 5002 assert 100% in S4 and cause BT lost (with low fail rate) when running S4 test - TOP Exception
software,Takes a while for UI to update when clicking on HS button when HS is off,Killer,"After finished this round of calibration, wording suggest next round. After clicking next round , still show ""click next round"""
software,App crashes when navigating to Doubleshot tab,Killer,"When user walked back as suggested by tool, the indication still showing Recording the data"
software,Dark/Light mode change lead to BT device name invisible,Killer,Coverity - CID 3859267  Big parameter passed by value
software,"Edit the Bluetooth device name without saving in Dark theme, switch to Light theme, and the text becomes invisible",Killer,Coverity - CID 3871173  Copy without assign
software,"Wrong Chinese translation of ""recommendation preferences"" in Advanced Setting",Killer,Coverity - CID 3876590 Big parameter passed by value
software,IntelConnect looses track of IHS client connected when wifi adapter resets,Killer,Coverity - CID 4012501 Copy without assign
software,"When end user use very long name for BT device, the menu will be out of screen",Killer,Coverity - CID 4117628 Pointer comparison with string literal
software,Doubleshot priorities showing incorrectly,Killer,Coverity - CID 4117629 Pointer comparison with string literal
software,ICPS doesnt connect to HS when returning from sleep with no available networks,ICPS,Coverity - CID 4117630 Pointer comparison with string literal
software,Event is triggered when attenuating AP#1 although AP#2 is still available,Killer,Coverity - CID 4119157 Uninitialized scalar variable
software,"Text of ""click to activate and connect to your hotspot"" is not in the right spot",Killer,Coverity - CID 4119174 Identical code for different branches
software,ICPS.exe crash when IntelConnect is STOPPED,ICPS,Coverity - CID 4119175 Identical code for different branches
software,Sanitize and Translate newly created user facing strings,Killer,Coverity - CID 4119176 Identical code for different branches
software,HS row doesnt show unavailable when taking HS out of range,Killer,Coverity - CID 4119177 Identical code for different branches
software,Wrong event when disconnecting WiFi from Windows OS,Killer,Coverity - CID 4119178 Identical code for different branches
software,Frequent roaming triggered during Teams call,Killer,Coverity - CID 4119179 Identical code for different branches
software,Dark Mode Doubleshot disabled radiobuttons look invisible,Killer,"""Open MPA for activation"" banner doesnt appear"
software,Nothing is translated in Norwegian,Killer,Coverity - CID 4119180 Identical code for different branches
software,ICPS cannot be launched for up to one hour after completing OOBE if the service is not running,ICPS,Coverity - CID 4119181 Identical code for different branches
software,"Toggling on ""Only show authorized networks"" causes app to crash",Killer,Coverity - CID 4119182 Identical code for different branches
software,"UI jumps a bit in Network Health tab when toggling on/off ""Only show authorized networks""",Killer,Coverity - CID 4119183 Identical code for different branches
software,Settings --> Change lowercase letters to uppercase for reset buttons strings,Killer,Coverity - CID 4119184 Identical code for different branches
software,BT page is still visible with Lenovo builds (Idea and ThinkPad),Killer,Coverity - CID 4119185 Identical code for different branches
software,recommendations reset on settings page should have upper case letters in the beginning of a sentence,Killer,Coverity - CID 4119534 Logically dead code
software,"EULA title in sidebar and ""Uninstall"" button is really small in certain languages",Killer,Wix Installer ICPS does not work properly if the machine has no Internet connection
software,Wix Installer ICPS -- Incorrect Implementation of WREQ-372560  for Dell Systems,ICPS,"- Notification tab is presenting non-accurate and data duplication, 100% reproducible"
software,Coverity - CID 4121986 Lock evasion,Killer,"- Under ""Usage Details"" tab, moving from day to week view do nothing (still see the day details)"
software,Coverity - CID 4121985 Data race condition,Killer,"Advanced Settings, Toggle buttons not disabled"
software,Coverity - CID 410776 Data race condition,Killer,"Advanced settings, Reset all settings to default not working correctly"
software,Coverity - CID 3808464 Infinite recursion without exit,Killer,"Advanced Settings, Toggle buttons change state"
software,Coverity - CID 3808463 Infinite recursion without exit,Killer,The wifi FW assert code with 0x91& 0x20100503 happening  after the S4 wakes up. Fail rate: 1/10 units
software,Coverity - CID 3808459 Division by zero,Killer,The wifi device YB with 0x13c0 happening  resuming from S4
software,Coverity - CID 3808457 Infinite recursion without exit,Killer,"During the game, the wifi assert code is 0x84& 0x20000066 happening cause to the network disconnection"
software,Coverity - CID 3808454 Division by zero,Killer,"The WIFI assert _0x3706  and  0x22d2  happening  cause to network disconnected during wechat video callevent log show wifi ""5002"". Fail rate: 1/109 units"
software,Coverity - CID 3808453 Infinite recursion without exit,Killer,11ax 6GHz Tx Power issue
software,Coverity - CID 3808450 Infinite recursion without exit,Killer,BE201 BSOD 0x9F during S4 test
software,Coverity - CID 3808444 Infinite recursion without exit,Killer,Black screen (0xA0) during WinPVT Hibernation Functional test (Caterr LED off).
software,Coverity - CID 3808441 Infinite recursion without exit,Killer,multiple roamings in stationary environment
software,Coverity - CID 3808439 Infinite recursion without exit,Killer,Stress_MS Transition Drip DC_hang with BSOD dump 0x7E
software,Coverity - CID 3808436 Infinite recursion without exit,Killer,"The CSR interface show ""cannot connect to this network"" after input an incorrect password then input correct one on the same or another AP."
software,VRMode object being initialized more than once,Killer,TAS/SAR becomes Active even though its disabled by SAR Manager (set to index 0)
software,Prioritization Mode in UI not resetting on user set ACM Manual Routing,Killer,BSoD 0x9F point to Netwaw16.sys during Stress_Random MS/S4
software,Network Helper service isnt running after installation,Killer,WLAN YB and BT Lost
software,ICPS triggers HS activation but fails to connect after HS is on,ICPS,Cannot connect to WPA2 Enterprise via UEFI
software,Delays in detecting HS off and triggering recommendConnect,Killer,0x9F BSOD
software,"- UI refresh delay when ""Reset Recommendation"" button under Advanced Settings",Killer,UI Crash when Toast Notifications are on
software,Wrong colors,Killer,#NAME?
software,Status and network score is cut off in narrowest screen size,Killer,#NAME?
software,Headers dont appear according to Figma,Killer,Services do not start properly after automation install
software,Some sidebar icons arent according to Figma,Killer,#NAME?
software,Network-list API shows different networks than ICPS app,ICPS,DCR-3083 Network Service weird state if config file check fails on startup
software,3876590 - Big parameter passed by value,Killer,Wifi list is empty after 10 seconds of waiting
software,4012501 - Copy without assign,Killer,ICPS fails to connect to IOS Device HS
software,3871173 - Copy without assign,Killer,50.26.114.3 Fails to install or open on automation setup
software,3859267 - Big parameter passed by value,Killer,ICPS and Killer Toast open UI when UI is closed
software,3859266 - Big parameter passed by value,Killer,Text is cut off when translated
software,4119822 - Resource leak,Killer,C17HF Lenovo Layout cant connect WIFI AP through ICPS UI after input passcode
software,4119821 - Resource leak,Killer,incorrect language in ICPS title bar
software,4119819 - Resource leak,Killer,ICPS related Registry keys are not deleted after ICPS SW uninstallation
software,4119820- Resource leak,Killer,Uninstalling in a different language doesnt remove drivers
software,4119820 - Resource leak,Killer,ACM tab doesnt appear when PC connected to ethernet and WiFi
software,4022861 - Dereference after null check,Killer,HS banner isnt aligned with network list
software,4119535 - Dereference after null check,Killer,Uninstalling doesnt remove drivers
software,4119887 - Explicit null dereferenced,Killer,Took 59 seconds to connect to HS
software,4119113 - Explicit Null dereferenced,Killer,"Missing ""RTP_SESSION_INTERRUPTED"" part of the event when user is in a call"
software,RNIdle task is not working as expected during Lenovo power testing,Killer,Takes too long to connect to HS when losing WiFi during call
software,#NAME?,Killer,Wix Installer for ICPS fails to uninstall on non-Dell Machines
software,Trying to install an installer with equal version should be a NOP,Killer,Killer Software 40.25.905.1721 - The .exe installer file appears to be blocked by 3rd party Antivirus as FileRepMalware
software,Text is cut off when translated,Killer,UI sets all user setting back to default if the Network Service is STOPPED
software,EULA isnt translated,Killer,UI Prioritization setting the wrong user.xml config
software,Power consumption is increased due to ICPS.exe activities,ICPS,Takes a while for UI to update when clicking on HS button when HS is off
software,Microsoft.Win32.TaskScheduler.dll isnt digitally signed,Killer,App crashes when navigating to Doubleshot tab
software,Title isnt translated,Killer,Dark/Light mode change lead to BT device name invisible
software,IntelAnalyticsService_MEMORY_CORRUPTION_LARGE observed while running driver upgrades.,Killer,"Edit the Bluetooth device name without saving in Dark theme, switch to Light theme, and the text becomes invisible"
software,- Killer 4.0 ISO/Over Clocking pop-up window doesnt have close X click on top right corner.,Killer,"Wrong Chinese translation of ""recommendation preferences"" in Advanced Setting"
software,HS shows unavailable UI when disconnecting,Killer,IntelConnect looses track of IHS client connected when wifi adapter resets
software,"- Text is cutoff in Prioritization Engine tab under ""Application"" sub-tab",Killer,"When end user use very long name for BT device, the menu will be out of screen"
software,"- Under ""Advanced Setting"" tab on the VR section, ""SSID"" and ""Password"" text box are behaving strangely",Killer,Doubleshot priorities showing incorrectly
software,"- Bluetooth tab is presenting ""Connect"" button instead of ""Add a device"" when a device is already connected",Killer,ICPS doesnt connect to HS when returning from sleep with no available networks
software,"- On ""Usage Details"" tab ""Streaming"" category text is not bold like the other categories under ""Traffic by category"" chart",Killer,Event is triggered when attenuating AP#1 although AP#2 is still available
software,#NAME?,ICPS,"Text of ""click to activate and connect to your hotspot"" is not in the right spot"
software,Sidebar titles arent centered in some languages,Killer,ICPS.exe crash when IntelConnect is STOPPED
software,Show more window reads incorrectly and not localized,Killer,Sanitize and Translate newly created user facing strings
software,"set manualacm output changed, failing 10 CLI tests",Killer,HS row doesnt show unavailable when taking HS out of range
software,Prioritization Engine - Applications Tab still allows you to use Priority 0,Killer,Wrong event when disconnecting WiFi from Windows OS
software,Attenuated network with score of 0 still shows on the list,Killer,Frequent roaming triggered during Teams call
software,NO_INTERNET event appears when disconnecting ETH when theres another saved network available,Killer,Dark Mode Doubleshot disabled radiobuttons look invisible
software,Takes ~45 seconds for event to appear after unplugging ETH with no available networks,Killer,Nothing is translated in Norwegian
software,Updating from 40.25.905.1721 to 40.25.905.1729 via .exe installer leaves older UWD drivers and disconnects Killer App from the adapter until a manual OS reboot,Killer,ICPS cannot be launched for up to one hour after completing OOBE if the service is not running
software,Audio quality indicator is not shown when user is in Teams call,Killer,"Toggling on ""Only show authorized networks"" causes app to crash"
na,0,BSOD,"UI jumps a bit in Network Health tab when toggling on/off ""Only show authorized networks"""
tools,MIMO2 value at DRTU Regulatory Power Limits Table is too high,OEM Tools,Settings --> Change lowercase letters to uppercase for reset buttons strings
tools,ANT RSSI command timed out when testing UHB with WiFi 7 AP.,OEM Tools,BT page is still visible with Lenovo builds (Idea and ThinkPad)
tools,ANT associates fail to Wi-Fi 7 AP when testing RSSI command. (enable location service),OEM Tools,recommendations reset on settings page should have upper case letters in the beginning of a sentence
tools,CITU DPHY Margin Test shows PER Greater than 1,OEM Tools,"EULA title in sidebar and ""Uninstall"" button is really small in certain languages"
tools,DRTU -CLi observe Rx mode didnt reply RSSI frequently,OEM Tools,Wix Installer ICPS -- Incorrect Implementation of WREQ-372560  for Dell Systems
tools,WRT2G tool  Wi-Fi monitor page cant show MCS or packets details,OEM Tools,Coverity - CID 4121986 Lock evasion
tools,WRT2G WRT_CNV_BIOS_Conf.json cant parsing PPAG Revision3 UEFI variable content,OEM Tools,Coverity - CID 4121985 Data race condition
tools,DRTU Power does not meet the regulatory limit,OEM Tools,Coverity - CID 410776 Data race condition
tools,DRTU cannot set 320MHz in the Korea region,OEM Tools,Coverity - CID 3808464 Infinite recursion without exit
tools,There is no BE201 Dell SKU in WRT tool (in 23.60.5.4 and 23.70.2.3,OEM Tools,Coverity - CID 3808463 Infinite recursion without exit
tools,"DRTU fail to switch to Packet Type ""2M Bandwidth"" 100%",OEM Tools,Coverity - CID 3808459 Division by zero
tools,RF | RSSI value show randomly drop to -95 dBm,Connectivity,Coverity - CID 3808457 Infinite recursion without exit
tools,RxRadiated test GetWifiCwRssiAsync API returns invalid RSSI value,Connectivity,Coverity - CID 3808454 Division by zero
tools,Intel NDT RSSI Values Abnormal on 2.4GHz Channel 10/11/12,OEM Tools,Coverity - CID 3808453 Infinite recursion without exit
tools,TAS function no trigger issue,RF,Coverity - CID 3808450 Infinite recursion without exit
tools,DRTU-Cli hit to Failed committing configuration rx,OEM Tools,Coverity - CID 3808444 Infinite recursion without exit
tools,ANT tool cant read UEFI EWRD and WGDS SAR value correctly,OEM Tools,Coverity - CID 3808441 Infinite recursion without exit
tools,ANT association test always fails,OEM Tools,Coverity - CID 3808439 Infinite recursion without exit
tools,The RSSI test timeout using ANT tool in DC mode,OEM Tools,Coverity - CID 3808436 Infinite recursion without exit
tools,ANT RSSI test shows 0 or timeout,OEM Tools,VRMode object being initialized more than once
tools,"when BT PPAG EU PPAG enabled only, the table source show Not Relevant",OEM Tools,Prioritization Mode in UI not resetting on user set ACM Manual Routing
tools,#NAME?,OEM Tools,Network Helper service isnt running after installation
tools,"HP disable BT Sar at BIOS , ANT tool still show BT Sar limit",OEM Tools,ICPS triggers HS activation but fails to connect after HS is on
tools,DRTU can not test bluetooth BR & EDR separately,OEM Tools,Delays in detecting HS off and triggering recommendConnect
tools,ANT tool bt ppag cmd error message improvement,OEM Tools,"- UI refresh delay when ""Reset Recommendation"" button under Advanced Settings"
tools,Intel BE202 GNNR test failed (WinPE environment),OEM Tools,Wrong colors
tools,Intel BE202 GNNR test failed (WinPE environment),OEM Tools,Status and network score is cut off in narrowest screen size
tools,"add result for ANT tool ""-get_per_country_6e_bios_settings""",OEM Tools,Headers dont appear according to Figma
tools,DRTU Error for specific DRTU Command line,OEM Tools,Some sidebar icons arent according to Figma
tools,2.4GHz Wi-Fi and BT signal doesnt transmit simultaneously then WiFi Tx Power drop -- FW Assert: 0xB5E,YB/Lost,Network-list API shows different networks than ICPS app
tools,Signal no output when click START,OEM Tools,3876590 - Big parameter passed by value
tools,UnitedToolWTF.exe,OEM Tools,4012501 - Copy without assign
tools,DRTU low ~3db tx power issue for specific channel,OEM Tools,3871173 - Copy without assign
tools,v23.0.0 DRTU tool running issue,OEM Tools,3859267 - Big parameter passed by value
tools,2.4GHz Wi-Fi and BT signal doesnt transmit simultaneously then WiFi Tx Power drop -- FW Assert: 0xB5E,YB/Lost,3859266 - Big parameter passed by value
tools,Burning test error still appears with a license,OEM Tools,4119822 - Resource leak
tools,Athena NDT Test of BurnInTest tool not working,OEM Tools,4119821 - Resource leak
tools,NDT cannot be executed correctly,OEM Tools,4119819 - Resource leak
tools,CNVio Marginal Test Fail with CITU tool,OEM Tools,4119820- Resource leak
tools,GNNR Tool does not support 2 antenna SNR query,OEM Tools,4119820 - Resource leak
tools,DRTU - The device is blind - DRTU supports burnt device only!,OEM Tools,4022861 - Dereference after null check
tools,BT MCC jump to 3030 due to Wi-Fi,Connectivity,4119535 - Dereference after null check
tools,Ant tool cant read correct BRDS SAR BIOS setting if value exceed Tx power limit,OEM Tools,4119887 - Explicit null dereferenced
tools,Chain A always 1.5 dBm less than target,OEM Tools,4119113 - Explicit Null dereferenced
tools,Elmer | DRTU | DRTU connect failed with errMsg: No remote devices found. in xvtdriver::CXvtWifiDriverUsc::DrvEnumerateDevices,OEM Tools,RNIdle task is not working as expected during Lenovo power testing
tools,CITU tool out of function,OEM Tools,#NAME?
tools,DRTU crashed issue,OEM Tools,Trying to install an installer with equal version should be a NOP
tools,Tributo MTL_CNVi sku used CITU tool can not work,OEM Tools,Text is cut off when translated
tools,DRTU CLi mode observe Tx Uncalibrated issue,OEM Tools,EULA isnt translated
tools,6-7G OTP showed 3dBm and Target power higher then Regulatory power limit,Power Consumption,Power consumption is increased due to ICPS.exe activities
tools,Tributo MTL_CNVi sku used CITU tool cannot connected,OEM Tools,Microsoft.Win32.TaskScheduler.dll isnt digitally signed
tools,DRTU ETSI mode removal,OEM Tools,Title isnt translated
tools,22.200 Rx Sensitivity Direct Mode Receive 0 packet Issue,RF,IntelAnalyticsService_MEMORY_CORRUPTION_LARGE observed while running driver upgrades.
tools,CITU cannot be executed on MTL+AX201,OEM Tools,- Killer 4.0 ISO/Over Clocking pop-up window doesnt have close X click on top right corner.
tools,DRTU GetChannelRegulatoryInfo failed,OEM Tools,HS shows unavailable UI when disconnecting
tools,"FATAL_ERROR: uCode ASSERT(UMAC, rtStatus = 0x20100505, log is  valid. data1 = 0x2, data2 = 0x1)",YB/Lost,"- Text is cutoff in Prioritization Engine tab under ""Application"" sub-tab"
tools,Intel Ant tool and WRT tool cant output  GEO SAR TABLE of BIOS,OEM Tools,"- Under ""Advanced Setting"" tab on the VR section, ""SSID"" and ""Password"" text box are behaving strangely"
tools,CITU Basic Test Failure,OEM Tools,"- Bluetooth tab is presenting ""Connect"" button instead of ""Add a device"" when a device is already connected"
tools,WiFi de-sense values dont seem correct,Connectivity,"- On ""Usage Details"" tab ""Streaming"" category text is not bold like the other categories under ""Traffic by category"" chart"
tools,OEM Tool cannot connected with USC which in PV packet,Connectivity,#NAME?
tools,HW locked ERROR pop-up when click START,OEM Tools,Sidebar titles arent centered in some languages
tools,DRTU CLI crashes during execution,OEM Tools,Show more window reads incorrectly and not localized
tools,Marginal issue failed on cnviRxClockDelayD0/1 and cnviRxClockDataD0/1,OEM Tools,"set manualacm output changed, failing 10 CLI tests"
tools,DRTU 22.190 TX Sine Wave Bug,OEM Tools,Prioritization Engine - Applications Tab still allows you to use Priority 0
tools,"Bluetooth Modulated Tx Low Energy incorrect after click ""STOP"" or double click ""START""",Connectivity,Attenuated network with score of 0 still shows on the list
tools,ANT cannot display bit9-11 settings of DSM function 3,OEM Tools,NO_INTERNET event appears when disconnecting ETH when theres another saved network available
tools,ANT tool shows error with 9462  on ADL,OEM Tools,Takes ~45 seconds for event to appear after unplugging ETH with no available networks
tools,DRTU tool CLI command prints N/A in CSV for negative values in 6GHz,OEM Tools,Updating from 40.25.905.1721 to 40.25.905.1729 via .exe installer leaves older UWD drivers and disconnects Killer App from the adapter until a manual OS reboot
tools,Error msg pop-up on DRTU operation on 6E BW80MHz low TX power,OEM Tools,Audio quality indicator is not shown when user is in Teams call
tools,DRTU can test with UNII-4 band with MCC = FR while we only enable UNII4 for US,OEM Tools,
tools,ANT tool get_psensor_tx_limits shows wrong result,OEM Tools,MIMO2 value at DRTU Regulatory Power Limits Table is too high
tools,DRTU Fail - RU Setting,OEM Tools,ANT RSSI command timed out when testing UHB with WiFi 7 AP.
tools,DRTU Fail - RU Setting,OEM Tools,ANT associates fail to Wi-Fi 7 AP when testing RSSI command. (enable location service)
tools,Do not receive BLE packet in DRTU,OEM Tools,CITU DPHY Margin Test shows PER Greater than 1
tools,Incorrect EWRD reading from ANT tool,OEM Tools,DRTU -CLi observe Rx mode didnt reply RSSI frequently
tools,ANT tool dump BT SAR table with different Tx power on LE,OEM Tools,WRT2G tool  Wi-Fi monitor page cant show MCS or packets details
tools,Target Power does not follow the power control bar config in power control mode,Power Consumption,WRT2G WRT_CNV_BIOS_Conf.json cant parsing PPAG Revision3 UEFI variable content
tools,9462 @ CITU SHOW 9461,OEM Tools,DRTU Power does not meet the regulatory limit
tools,UNII4 is not supported on DRTU,OEM Tools,DRTU cannot set 320MHz in the Korea region
tools,CITU BRI projects Received than Generated,OEM Tools,There is no BE201 Dell SKU in WRT tool (in 23.60.5.4 and 23.70.2.3
tools,CITU not work when running testing.,OEM Tools,MEM file Line 4 doesnt include the right DWORD size value
tools,Bluetooth Modulated Tx Low Energy MCC setting regulatory power limit is incorrect,Power Consumption,"DRTU fail to switch to Packet Type ""2M Bandwidth"" 100%"
tools,AX201 Test fail during WBT,Connectivity,RF | RSSI value show randomly drop to -95 dBm
tools,"DRTU connection check fail with --XVT_CMD_RESET_XVT_MODE, failure status 31",OEM Tools,RxRadiated test GetWifiCwRssiAsync API returns invalid RSSI value
tools,DRTU not able to test MU-MIMO 160MHz at 5GHz,OEM Tools,Intel NDT RSSI Values Abnormal on 2.4GHz Channel 10/11/12
tools,Zaca DRTU disconnect failed,OEM Tools,TAS function no trigger issue
tools,DRTU transmitting with OFDM (11g) when set to CCK rates (11b),OEM Tools,DRTU-Cli hit to Failed committing configuration rx
tools,"Opening and ending tag mismatch on ""LPI"" in PowerTable output",Power Consumption,ANT tool cant read UEFI EWRD and WGDS SAR value correctly
tools,Queried result of CDB SAR table by ANT tool was different from that by WRT tool,OEM Tools,ANT association test always fails
tools,DRTU showing 11Ac when MCS is set to 11,OEM Tools,Incorrect RSSI test results
tools,Display issue on DRTU,OEM Tools,The RSSI test timeout using ANT tool in DC mode
tools,Wi-Fi NDT Result,OEM Tools,ANT RSSI test shows 0 or timeout
tools,"DRTU commands work fine after OTP commit, but fail before OTP write.",OEM Tools,"when BT PPAG EU PPAG enabled only, the table source show Not Relevant"
tools,The WiFi 6E signal cannot be automatically connected with ANT tool,OEM Tools,#NAME?
tools,cant run CITU tool to test CNVi normally,OEM Tools,"HP disable BT Sar at BIOS , ANT tool still show BT Sar limit"
tools,RU Rx PER cant be measured on GfP2,OEM Tools,DRTU can not test bluetooth BR & EDR separately
tools,DRTU target power not limited by SAR table,OEM Tools,ANT tool bt ppag cmd error message improvement
tools,DRTU Rx function doesnt get good packets at 22.80 HF1,OEM Tools,Intel BE202 GNNR test failed (WinPE environment)
tools,DRTU_RX can not receive any packet count problem,OEM Tools,Intel BE202 GNNR test failed (WinPE environment)
tools,intel ANT tool issue (hardware initialization failed) fail rate 0.5%,OEM Tools,"add result for ANT tool ""-get_per_country_6e_bios_settings"""
tools,AX411 QS sample 6e tx power lock at 7.5dB,Power Consumption,DRTU Error for specific DRTU Command line
tools,ANT. tool can not auto detecting 6E SSID for RSSI test.,OEM Tools,2.4GHz Wi-Fi and BT signal doesnt transmit simultaneously then WiFi Tx Power drop -- FW Assert: 0xB5E
tools,TX power value is incorrect,Power Consumption,Signal no output when click START
tools,DRTU power table doesnt show SAR value,OEM Tools,: Marginal test of CVNI always failed at 40%
tools,DRTU doesnt show SAR values in power table when EWRD is enabled,OEM Tools,UnitedToolWTF.exe
tools,No result for every command,OEM Tools,DRTU low ~3db tx power issue for specific channel
tools,AX211 DRTU incorrect TX Regulatory Power Limit,OEM Tools,v23.0.0 DRTU tool running issue
tools,Athena NDT Tool Hanging issue upon connect with WiFi device,OEM Tools,2.4GHz Wi-Fi and BT signal doesnt transmit simultaneously then WiFi Tx Power drop -- FW Assert: 0xB5E
tools,GNNR under WinPE and an error occurred or cannot be used,OEM Tools,Burning test error still appears with a license
tools,no DRTU.exe in DRTU server mode,OEM Tools,: Marginal test of CVNI always failed at 40%
tools,JfP1 9462 with DRTU (22.65.0.1) shows lower output power than older version DRTU (22.20.0.6),OEM Tools,Athena NDT Test of BurnInTest tool not working
tools,Samsung PNVM - WRT shows incorrect values,OEM Tools,NDT cannot be executed correctly
tools,DRTU remote connect failed,OEM Tools,CNVio Marginal Test Fail with CITU tool
tools,Output of ANT get_ppid command doesnt match with module,OEM Tools,GNNR Tool does not support 2 antenna SNR query
tools,Wrong values found in CDB tables in ANT EWRD output,OEM Tools,DRTU - The device is blind - DRTU supports burnt device only!
tools,ADL-S CITU tool cant run with AX201,OEM Tools,BT MCC jump to 3030 due to Wi-Fi
tools,ANT get_ppid command cannot work,OEM Tools,Ant tool cant read correct BRDS SAR BIOS setting if value exceed Tx power limit
tools,Error message found in ANT EWRD output when GfP2 is used,OEM Tools,Chain A always 1.5 dBm less than target
tools,Cant Get Power Table of 6-7GHz,OEM Tools,Elmer | DRTU | DRTU connect failed with errMsg: No remote devices found. in xvtdriver::CXvtWifiDriverUsc::DrvEnumerateDevices
tools,Different version of tool on same device at the same time will cause connection failed,OEM Tools,Error: Hardware initialization failed (22.205 PASS)
tools,Unable to read dyanic SAR table (EWRD) using ANT,OEM Tools,CITU tool out of function
tools,Antd shows -95,OEM Tools,DRTU crashed issue
tools,Cant Get Power Table due to FW assert 0x970,YB/Lost,Tributo MTL_CNVi sku used CITU tool can not work
tools,Cant Get Power Table due to FW assert 0x970,YB/Lost,DRTU CLi mode observe Tx Uncalibrated issue
tools,no reaction after click connect,Connectivity,6-7G OTP showed 3dBm and Target power higher then Regulatory power limit
tools,22.40 DRTU power table didnt change according to different mode,OEM Tools,Tributo MTL_CNVi sku used CITU tool cannot connected
tools,Intel release NDT tool issue (PHWFW03316_22.40.0.7Tools version),OEM Tools,DRTU ETSI mode removal
tools,ANT command -get_PPID not work (DCR-570),OEM Tools,22.200 Rx Sensitivity Direct Mode Receive 0 packet Issue
tools,22.40 ANT tool cannot show foundry info with Killer 1650i 2nd foundry,OEM Tools,CITU cannot be executed on MTL+AX201
tools,ANT cant work with BIOS which include CDB (Revision2),OEM Tools,DRTU GetChannelRegulatoryInfo failed
tools,Some MIMO result of DRTU regulatory power limit is negative value or zero,OEM Tools,"FATAL_ERROR: uCode ASSERT(UMAC, rtStatus = 0x20100505, log is  valid. data1 = 0x2, data2 = 0x1)"
tools,"Different Regulatory Power Limits result between ""Modulated Tx"" and ""Regulatory Power Limits Table""",Power Consumption,Intel Ant tool and WRT tool cant output  GEO SAR TABLE of BIOS
wifi,"Wi-Fi 6E AX211 160MHz bang out,DUT lost WIFI function",Connectivity,CITU Basic Test Failure
wifi,AX200/ AX201 - The WPA3-Enterprise AES security is not available,Connectivity,WiFi de-sense values dont seem correct
wifi,BSOD occurred during Hibernate stress test,BSOD,OEM Tool cannot connected with USC which in PV packet
wifi,WB with SYSTEM_THREAD_EXCEPTION_NOT_HANDLED,BSOD,HW locked ERROR pop-up when click START
wifi,"BE200 Device Lost issue -  0x152e, config space 0xff",BSOD,DRTU CLI crashes during execution
wifi,HW/SW DRIPS are below 90% in sleep-study report when run Modern Standby in AC/DC mode,Power Consumption,Marginal issue failed on cnviRxClockDelayD0/1 and cnviRxClockDataD0/1
wifi,"Issues with Wireless Connectivity - AX201 card disconnects from wireless, yellow bang",YB/Lost,DRTU 22.190 TX Sine Wave Bug
wifi,Random disconnect seen,Connectivity,"Bluetooth Modulated Tx Low Energy incorrect after click ""STOP"" or double click ""START"""
wifi,20~30% throughput degradation on Rx with sensing enabled and AP configured to AX 160 MHz - Pending DCR-1991,Performance,Command XVT_CMD_MCC_CONTROL failed with status 31. Unknown error has occurred
wifi,The WiFi connection is automatically disconnected in DC mode,Connectivity,ANT cannot display bit9-11 settings of DSM function 3
wifi,BSOD occurs with user space socket open and S0ix transition,BSOD,HrP2 ax201 996x2 Tone test fail on PV 22.190
wifi,Reset/Recovery seen during disconnected standby due to ASSERT_20100246,YB/Lost,HrP2 ax201 996x2 Tone test fail on PV 22.190
wifi,Reset/Recovery seen during disconnected standby due to ASSERT_00002B87 on Multiple routers,YB/Lost,ANT tool shows error with 9462  on ADL
wifi,Reset/Recovery seen during disconnected standby due to ASSERT_00000941,YB/Lost,DRTU tool CLI command prints N/A in CSV for negative values in 6GHz
wifi,Reset/Recovery seen during disconnected standby due to ASSERT_21000DAD,YB/Lost,Error msg pop-up on DRTU operation on 6E BW80MHz low TX power
wifi,Reset/Recovery seen during disconnected standby due to ASSERT_21100231,YB/Lost,DRTU can test with UNII-4 band with MCC = FR while we only enable UNII4 for US
wifi,Reset/Recovery seen during disconnected standby due to Assert_0000DEAD -- 0x132E,YB/Lost,Command XVT_CMD_MCC_CONTROL failed with status 31. Unknown error has occurred
wifi,TOP assert 0x20100501 during WB,YB/Lost,ANT tool get_psensor_tx_limits shows wrong result
wifi,BSOD occurred during Prime 95 stress test,BSOD,DRTU Fail - RU Setting
wifi,EU 6E OTP power abnormal,Power Consumption,DRTU Fail - RU Setting
wifi,Both BLE or WiFi functionality doesnt work,Connectivity,Do not receive BLE packet in DRTU
wifi,"REOPEN: BSOD (0X9F,point to Netwaw14.sys and BTHUSB) occurred as running Hibernation Stress test",BSOD,Incorrect EWRD reading from ANT tool
wifi,DRTU CLi hit Timed out after send drtuclient.exe connect,OEM Tools,ANT tool dump BT SAR table with different Tx power on LE
wifi,code43 YB after resume from MS,YB/Lost,Target Power does not follow the power control bar config in power control mode
wifi,"BE200 cant work on any AMD platform, BSOD after turn on the DUT",BSOD,9462 @ CITU SHOW 9461
wifi,"Ant tool request to add ""Group 4 to 8"" reading value Get Tx Power Delta Limits",Power Consumption,UNII4 is not supported on DRTU
wifi,MSFT Supplicant UI does not connect to AP via scanlist w/o existing profile,OEM Tools,CITU BRI projects Received than Generated
wifi,Reset/Recovery seen during disconnected standby due to ASSERT_00004424 on Multiple routers,YB/Lost,CITU not work when running testing.
wifi,Reset/Recovery seen during disconnected standby due to ASSERT_20100222 on multiple routers,YB/Lost,Bluetooth Modulated Tx Low Energy MCC setting regulatory power limit is incorrect
wifi,": DRIVER_POWER_STARTE_FAILURE BSOD issue observed, while running  S4 cycle",BSOD,AX201 Test fail during WBT
wifi,Reset/Recovery seen during disconnected standby due to ASSERT_21000DAD,YB/Lost,"DRTU connection check fail with --XVT_CMD_RESET_XVT_MODE, failure status 31"
wifi,BE200 UEFI WIFI boot function Wi-Fi Manager show 00:00:00:00:00:00 and scan empty list,Connectivity,DRTU not able to test MU-MIMO 160MHz at 5GHz
wifi,Wifi power high in idle desktop and ABL active,Power Consumption,Zaca DRTU disconnect failed
wifi,[WW45-46WS][CSLP][DELL-Arches][WW39GC][NIC-DPMO]:Intel(R) Wi-Fi 6E AX211 160MHz YB observed while running CS cycle [assert 0x505],YB/Lost,DRTU transmitting with OFDM (11g) when set to CCK rates (11b)
wifi,Signal no output when click START,Connectivity,"Opening and ending tag mismatch on ""LPI"" in PowerTable output"
wifi,LKD_0x15 ndis!ndisMReenumerateFailedAdapterInternal+0x15b,BSOD,Queried result of CDB SAR table by ANT tool was different from that by WRT tool
wifi,Wi-Fi driver is completing scan requests from OS immediately (even for full scans),Connectivity,DRTU showing 11Ac when MCS is set to 11
wifi,from S4 stress Test,Connectivity,Channel shows 11ac when choosing 6-7 GHz Band
wifi,"BSOD 0xE6 and point to ""Netwtw12!platform::cUefiBiosAccessor::getUefiData""",BSOD,Display issue on DRTU
wifi,SYSTEM_THREAD_EXCEPTION_NOT_HANDLED_M (1000007e) - AV_Netwtw12!unknown_function - during PST testing with Wifi 23.10.0.1 -- Netwtw12!prvConnectToSsidHandleAssocFailure,Connectivity,Wi-Fi NDT Result
wifi,BSOD 0xD1 during heavy load testing,BSOD,"DRTU commands work fine after OTP commit, but fail before OTP write."
wifi,Wifi resets encountered during PST testing with Wifi driver 23.10.0.1,Connectivity,The WiFi 6E signal cannot be automatically connected with ANT tool
wifi,BUGCODE_NDIS_DRIVER_LIVE_DUMP (15e) during PST testing,BSOD,cant run CITU tool to test CNVi normally
wifi,Device show yellow bang with Code 10 after install driver,YB/Lost,RU Rx PER cant be measured on GfP2
wifi,Later CRWFW8372_99.0.83.4 and CRWFW8339_99.0.83.3 hit DRTU connection failed,OEM Tools,DRTU target power not limited by SAR table
wifi,TFDQ Hung,System Hang,DRTU Rx function doesnt get good packets at 22.80 HF1
wifi,Reset/Recovery seen during disconnected standby due to ASSERT_2010105D on Multiple routers,YB/Lost,DRTU_RX can not receive any packet count problem
wifi,UI and profile would shows  WPA2 enterprise when we connecting to WPA3 enterprise AP,Connectivity,intel ANT tool issue (hardware initialization failed) fail rate 0.5%
wifi,We would fail with not roaming between WPA3 enterprise <-> WPA3 TM enterprise,Connectivity,AX411 QS sample 6e tx power lock at 7.5dB
wifi,GaP power consumption upon WiFi 7 Tx TPT scenario doesnt follow DTT request power value,Power Consumption,ANT. tool can not auto detecting 6E SSID for RSSI test.
wifi,Wi-Fi device blocking modern standby SW drip 0% on HP Ultron system,Connectivity,TX power value is incorrect
wifi,Surface devices unexpectedly disconnect from enterprise network,Connectivity,DRTU power table doesnt show SAR value
wifi,Package C-state was limited to PC2 only due to WiFi,Connectivity,DRTU doesnt show SAR values in power table when EWRD is enabled
wifi,Killer BE200 1216 description is incorrect in device manager,Killer,No result for every command
wifi,Intel power back off mode for Singapore/Hong Kong on Avantii program has incorrect measurements.,Power Consumption,Marginal test no progress for long time(Progress cannot reach 100%)
wifi,BE200 would connect with only AX after AP change channel,System Hang,AX211 DRTU incorrect TX Regulatory Power Limit
wifi,"wifi assert  0x5004dead happening , WIFI no YB, but BT device lost after the PC resume from hibernate",YB/Lost,Athena NDT Tool Hanging issue upon connect with WiFi device
wifi,MEI BSOD DRIVER_POWER_STATE_FAILURE (9f) cause by WiMan,BSOD,GNNR under WinPE and an error occurred or cannot be used
wifi,LKD_0x15E_FATAL_MINIPORT_ERROR_MINIPORT_REQUESTED_PLDR_4_34_IMAGE_Netwtw12.sys,YB/Lost,no DRTU.exe in DRTU server mode
wifi,Cannot connect with WPA3-Personal (H2E) on JfP2(Pulsar),RF,JfP1 9462 with DRTU (22.65.0.1) shows lower output power than older version DRTU (22.20.0.6)
wifi,Wi-Fi show Not available after boot to OS few seconds,Connectivity,Samsung PNVM - WRT shows incorrect values
wifi,RX 320MHz Max OTA Throughput was less 3Gbps against TP-Link Archer BE800,Connectivity,DRTU remote connect failed
wifi,Wrong WWSafe indexes are getting set as failsafe when SAR manager is uninstalled/disabled/non-working-state,RF,Output of ANT get_ppid command doesnt match with module
wifi,DRTU - WiFi_connection_failed,Connectivity,Wrong values found in CDB tables in ANT EWRD output
wifi,"There is no ""PXE boot option"" in the boot menu with UEFI driver 3.2.23.23213",UEFI,ADL-S CITU tool cant run with AX201
wifi,"""Unexpected disconnect by driver"" Wi-Fi failure seen while device is in sleep",Power Consumption,ANT get_ppid command cannot work
wifi,WiFi scan doesnt work in pre-boot (UEFI) using Intel wirelessdriver v3.2.23213,Connectivity,Error message found in ANT EWRD output when GfP2 is used
wifi,GaP C0 YB assert 0x303 secure boot verification,YB/Lost,Cant Get Power Table of 6-7GHz
wifi,DRTU 22.240 issue,OEM Tools,"The opened program is not the same as the displayed program, F5 to reload will 404 Not Found"
wifi,Failed to perform scanning,Connectivity,Different version of tool on same device at the same time will cause connection failed
wifi,"With WPA2 authentication, UEFI throughput drop 80% than Open/WPA3",Connectivity,Unable to read dyanic SAR table (EWRD) using ANT
wifi,LKD_0x15E_FATAL_MINIPORT_ERROR_MINIPORT_REQUESTED_PLDR_4_0_IMAGE_Netwtw12.sys observed when system is in CS,YB/Lost,Antd shows -95
wifi,BE202 Link Speed display issue,Connectivity,Cant Get Power Table due to FW assert 0x970
wifi,xVT driver Wrong Mac Address Reading Issue,Connectivity,Cant Get Power Table due to FW assert 0x970
wifi,BT MCC jump to 3030 due to Wi-Fi,Connectivity,no reaction after click connect
wifi,UEFI gets watchdog NMI (0x34) on init flow,BSOD,22.40 DRTU power table didnt change according to different mode
wifi,"Elmer | DRTU | connection failure Command XVT_CMD_RESET_XVT_MODE failed with status 31 --  uCode ASSERT (lmacID = 0x0, rtStatus = 0x201013F2)",YB/Lost,Intel release NDT tool issue (PHWFW03316_22.40.0.7Tools version)
wifi,"Elmer | DRTU | connection failure Command XVT_CMD_RESET_XVT_MODE failed with status 31 -- uCode ASSERT (lmacID = 0x0, rtStatus = 0x20004443)",YB/Lost,ANT command -get_PPID not work (DCR-570)
wifi,The power accuracy at WiFi 6GHz is over Intel spec (2dB),Power Consumption,22.40 ANT tool cannot show foundry info with Killer 1650i 2nd foundry
wifi,"not able to run ""Margin Test"" with CITU tool",OEM Tools,ANT cant work with BIOS which include CDB (Revision2)
wifi,Not able to disable WiFi through Netsh command,Connectivity,Command XVT_CMD_OP_MODE failed with status 0.
wifi,Chain A always 1.5 dBm less than target,RF,Some MIMO result of DRTU regulatory power limit is negative value or zero
wifi,Assert 0x19A9 happened frequently as enabling eMLSR,YB/Lost,"Different Regulatory Power Limits result between ""Modulated Tx"" and ""Regulatory Power Limits Table"""
wifi,Wifi resets occurring during CS transitions with wifi 22.230.0.8 on Ersa devices with TyP wifi modules,Connectivity,"Wi-Fi 6E AX211 160MHz bang out,DUT lost WIFI function"
wifi,Disconnects and low throughput observed on Cisco APs w/ Broadcom silicon,Connectivity,AX200/ AX201 - The WPA3-Enterprise AES security is not available
wifi,ERSA 160mhz RU 67/67s for CA ch50  are not as expected,Connectivity,BSOD occurred during Hibernate stress test
wifi,Intel AX211 show low Wifi connection speed under small amount of data transfer.,Connectivity,WB with SYSTEM_THREAD_EXCEPTION_NOT_HANDLED
wifi,"ASSERT log Observed  : Intel(R) Wi-Fi 6E AX211 160MHz during S4 cycling-- FATAL_ERROR: uCode ASSERT(UMAC, rtStatus = 0x21101326 -- missing cnvi top request in 4phs req register",YB/Lost,"BE200 Device Lost issue -  0x152e, config space 0xff"
wifi,"Observed Non-recoverable yellow bang with FATAL_ERROR: uCode ASSERT(UMAC, rtStatus = 0x20100505, log is valid. data1 = 0x0, data2 = 0x4)",YB/Lost,HW/SW DRIPS are below 90% in sleep-study report when run Modern Standby in AC/DC mode
wifi,WiFi device shows empty scan list - Fix in WiMan version 2325.80.45,Connectivity,"Issues with Wireless Connectivity - AX201 card disconnects from wireless, yellow bang"
wifi,2-in-1 | Network drops with Intel 8265 WiFi,Connectivity,Random disconnect seen
wifi,:Intel Wi-Fi YB (assert 0x310) Issue Observed  after 5 G3 Cycles Manually,YB/Lost,20~30% throughput degradation on Rx with sensing enabled and AP configured to AX 160 MHz - Pending DCR-1991
wifi,Ersa | DV | BSOD caused by Netwtw10 -- 0x7E -- Netwtw10!DeviceControlLayer::DeviceControl::getTlvUcodeDebugAddress+0x35,BSOD,The WiFi connection is automatically disconnected in DC mode
wifi,22.220PV DDD Driver does not work properly,Connectivity,BSOD occurs with user space socket open and S0ix transition
wifi,Wi-Fi disconnected and cant get connected - recurring--  0x2CA5,BSOD,Reset/Recovery seen during disconnected standby due to ASSERT_20100246
wifi,22.220.1 - Driver digital signature has been revoked (Code 39),BSOD,Reset/Recovery seen during disconnected standby due to ASSERT_00002B87 on Multiple routers
wifi,CITU tool WiFi connection Failure when using G-layout driver,Connectivity,Reset/Recovery seen during disconnected standby due to ASSERT_00000941
wifi,TX throughput was degraded against Samsung S21 when changing the role from GO to p2p client.,System Hang,Reset/Recovery seen during disconnected standby due to ASSERT_21000DAD
wifi,Connectivity failure. 0x8FE assert seen in corporate environment. Customer suspects roaming from 40MHz to 80MHz network,YB/Lost,Reset/Recovery seen during disconnected standby due to ASSERT_21100231
wifi,Loss of connectivity after 0x8FE assert,YB/Lost,Reset/Recovery seen during disconnected standby due to Assert_0000DEAD -- 0x132E
wifi,EVM Failures on WiCAS FCT Tester on ch100,Connectivity,TOP assert 0x20100501 during WB
wifi,"WiFi disconnects, scan list empty",Connectivity,BSOD occurred during Prime 95 stress test
wifi,System hang up with black screen and BSOD 0x124 occurred when running S3/S4 stress test,BSOD,EU 6E OTP power abnormal
wifi,Host unable to control adapter after resume from D3,Connectivity,Both BLE or WiFi functionality doesnt work
wifi,Unsupported VS IE (OUI 00:17:35) in Deauth frame,Connectivity,"REOPEN: BSOD (0X9F,point to Netwaw14.sys and BTHUSB) occurred as running Hibernation Stress test"
wifi,System hang while connecting WPA3 AP with UEFI command (Latitude 5340),System Hang,DRTU CLi hit Timed out after send drtuclient.exe connect
wifi,"Miracast connection fails on the INTEL module, but passes on the MTK module",Connectivity,code43 YB after resume from MS
wifi,"FATAL_ERROR: uCode ASSERT(UMAC, rtStatus = 0x20100505, log is  valid. data1 = 0x2, data2 = 0x1)",YB/Lost,"BE200 cant work on any AMD platform, BSOD after turn on the DUT"
wifi,"AX200- WPA2-Enterprise, initial connection works great. However, when the session expires and PMKID changes, the AX200 reinitializes and incorrectly places 2 PMKIDs in the M2 Key packet and the reconnection is rejected",System Hang,"Ant tool request to add ""Group 4 to 8"" reading value Get Tx Power Delta Limits"
wifi,BSOD9f encountered on Thames-1 system and is pointing to WLAN -- 0x9F_3_Netwaw12_IMAGE_pci.sys,BSOD,MSFT Supplicant UI does not connect to AP via scanlist w/o existing profile
wifi,intel driver active disconnect gc without deauth,Connectivity,Reset/Recovery seen during disconnected standby due to ASSERT_00004424 on Multiple routers
wifi,"Observed YB : Intel(R) Wi-Fi 6E AX211 160MHz during S4 cycling-- FATAL_ERROR: uCode ASSERT(UMAC, rtStatus = 0x21101326",YB/Lost,Reset/Recovery seen during disconnected standby due to ASSERT_20100222 on multiple routers
wifi,Loss of functionality (~10 minute) on resume from modern standby,Connectivity,": DRIVER_POWER_STARTE_FAILURE BSOD issue observed, while running  S4 cycle"
wifi,Smart Antenna Tool can not work with 22.170,OEM Tools,Reset/Recovery seen during disconnected standby due to ASSERT_21000DAD
wifi,No GO nego confirm and P2P establish fail between PC and Phone,Connectivity,BE200 UEFI WIFI boot function Wi-Fi Manager show 00:00:00:00:00:00 and scan empty list
wifi,"Soft AP have buffered data,  but didnt send to phone when phone exiting ps mode",Connectivity,Wifi power high in idle desktop and ABL active
wifi,Dropped throughput at 92-95dB attenuation on ch100/102/122,Connectivity,[WW45-46WS][CSLP][DELL-Arches][WW39GC][NIC-DPMO]:Intel(R) Wi-Fi 6E AX211 160MHz YB observed while running CS cycle [assert 0x505]
wifi,System longer boot(circling) time after install WLAN 22.170.2.1(With DMAr Eanble),Connectivity,Signal no output when click START
wifi,OEM Tool cannot connected with USC which in PV packet,Connectivity,LKD_0x15 ndis!ndisMReenumerateFailedAdapterInternal+0x15b
wifi,Intermittent YB,YB/Lost,Wi-Fi driver is completing scan requests from OS immediately (even for full scans)
wifi,BSOD occurs during communication test of mobile hotspot - DPC_WATCHDOG_VIOLATION (133) - Netwtw10!osalSyncAcquireSpinLock+0x16,BSOD,from S4 stress Test
wifi,Killer1690i DBS test fail in OTA Assert 0x103C,Killer,"BSOD 0xE6 and point to ""Netwtw12!platform::cUefiBiosAccessor::getUefiData"""
wifi,WLAN YB after S4,YB/Lost,SYSTEM_THREAD_EXCEPTION_NOT_HANDLED_M (1000007e) - AV_Netwtw12!unknown_function - during PST testing with Wifi 23.10.0.1 -- Netwtw12!prvConnectToSsidHandleAssocFailure
wifi,Connectivity drops- Missing beacons,Connectivity,BSOD 0xD1 during heavy load testing
wifi,Stability issues,Connectivity,Wifi resets encountered during PST testing with Wifi driver 23.10.0.1
wifi,Tx Spectrum Mask failure issue for AX211 second foundry,RF,BUGCODE_NDIS_DRIVER_LIVE_DUMP (15e) during PST testing
wifi,Cannot install v22.190.0.0.4 DDD driver,Connectivity,Device show yellow bang with Code 10 after install driver
wifi,Wi-Fi will be not able to search 5Ghz AP SSID when using 2.4Ghz during WiDi screen casting,Connectivity,Later CRWFW8372_99.0.83.4 and CRWFW8339_99.0.83.3 hit DRTU connection failed
wifi,Elmer | SIT | RF radiation test- failed WiFi Device Bridge API exception,Connectivity,TFDQ Hung
wifi,FW assert 0x3220 led to the yellow bang(43 error code),YB/Lost,Reset/Recovery seen during disconnected standby due to ASSERT_2010105D on Multiple routers
wifi,DDD log cant deocode,OEM Tools,UI and profile would shows  WPA2 enterprise when we connecting to WPA3 enterprise AP
wifi,System occur will BSOD_INTERNAL_POWER_ERROR (a0) during S4 stress,BSOD,We would fail with not roaming between WPA3 enterprise <-> WPA3 TM enterprise
wifi,IP self name resolution behavior with Cisco VPN,Connectivity,GaP power consumption upon WiFi 7 Tx TPT scenario doesnt follow DTT request power value
wifi,"[HP][RPL][AX211][Roc][Win11][22H2][BSOD][0x9F]: The unit cant be resume and ""9f""BSOD occure when resume unit from MS - Wdf01000!FxIoTarget::Send+0x17 [minkernel\wdf\framework\shared\inc\private\km\FxIoTargetKm.hpp @ 268]",BSOD,Fail to connect with PSK/GTK  CCM + GMAC-256 AP
wifi,The 5G hotspot can not be opened after S4.,Power Consumption,Wi-Fi device blocking modern standby SW drip 0% on HP Ultron system
wifi,"CurieF and mobile phone cooperate with Huawei multi-screen , expected open softAP on 5G, but created in 2.4G",Connectivity,Surface devices unexpectedly disconnect from enterprise network
wifi,BSOD 0xc2_99_Netwtw10!prvOscWdiWapiEncryptedFrameSendComplete running reboot aging,BSOD,Package C-state was limited to PC2 only due to WiFi
wifi,Latitude 3190 2-in-1 | Network drops with Intel 8265 WiFi,Connectivity,Killer BE200 1216 description is incorrect in device manager
wifi,BSOD-0x7E issue when enable SAR table,RF,Intel power back off mode for Singapore/Hong Kong on Avantii program has incorrect measurements.
wifi,TX throughput was degraded against Samsung S21 when changing the P2p role from GO to client.,System Hang,BE200 would connect with only AX after AP change channel
wifi,TX throughput was degraded against Samsung S21 when changing the role from GO to p2p client.,System Hang,"wifi assert  0x5004dead happening , WIFI no YB, but BT device lost after the PC resume from hibernate"
wifi,auth_req sends inappropriate data rates,Connectivity,MEI BSOD DRIVER_POWER_STATE_FAILURE (9f) cause by WiMan
wifi,"Huawei PC Manager is used for multi-screen collaborative connection, and collaboration fails",Connectivity,LKD_0x15E_FATAL_MINIPORT_ERROR_MINIPORT_REQUESTED_PLDR_4_34_IMAGE_Netwtw12.sys
wifi,WLAN Yellow bang issue,YB/Lost,Cannot connect with WPA3-Personal (H2E) on JfP2(Pulsar)
wifi,"HP450G9 /Intel WLAN AX211 error code 43 ,10 intermittently",YB/Lost,Wi-Fi show Not available after boot to OS few seconds
wifi,ANT tool shows error with 9462  on ADL,OEM Tools,RX 320MHz Max OTA Throughput was less 3Gbps against TP-Link Archer BE800
wifi,BSOD (0xD1),BSOD,Wrong WWSafe indexes are getting set as failsafe when SAR manager is uninstalled/disabled/non-working-state
wifi,We can only connect UNII-4 band with MCC = FR while we enable UNII4 for US in BIOS,Connectivity,DRTU - WiFi_connection_failed
wifi,can not get SAR table from P-Sensor HID,RF,"There is no ""PXE boot option"" in the boot menu with UEFI driver 3.2.23.23213"
wifi,This error occurred when the intel WLAN driver of intel AX211 WLAN Card was upgrade from intel WLAN driver 22.180.0.4 to 22.180.0.4.,Connectivity,"""Unexpected disconnect by driver"" Wi-Fi failure seen while device is in sleep"
wifi,"TAS State shows ""Invalid""",RF,Driver log not generated on PCH I/O Port on ADL RVP
wifi,"22H2 FVT2.0: The video show garbage twice a minute when projecting PC/smartphone to PC.(FR:2/2 units, 4/4 times)",Connectivity,WiFi scan doesnt work in pre-boot (UEFI) using Intel wirelessdriver v3.2.23213
wifi,WiFi adapter fails to perform OKC fast roam after missing Beacons detected.,Connectivity,GaP C0 YB assert 0x303 secure boot verification
wifi,"PC uses Miracast for screen projectionFind Abnormal screen (Fail rate: 2/2 units, 1/5 c) , show garbage in the XIAOMI TV",Connectivity,DRTU 22.240 issue
wifi,frequent missed beacon with PC(Qualcomm) GO and disconnect/reconnect several times.,Connectivity,Failed to perform scanning
wifi,Different roaming behavior observed for HrP2 and WsP,Connectivity,"With WPA2 authentication, UEFI throughput drop 80% than Open/WPA3"
wifi,Unexpected behavior in interference test,Connectivity,LKD_0x15E_FATAL_MINIPORT_ERROR_MINIPORT_REQUESTED_PLDR_4_0_IMAGE_Netwtw12.sys observed when system is in CS
wifi,"PC failing to transmit the Nego Confirmation frame(Sending GON Confirmation frame is failed, wfdRet=-1073741823)",Connectivity,BE202 Link Speed display issue
wifi,"5G and 2.4G dual-band SSID  router, cannot roam to 2.4G when AP send 11v action frame",Connectivity,xVT driver Wrong Mac Address Reading Issue
wifi,WiFi YB or WiFi  lost,YB/Lost,BT MCC jump to 3030 due to Wi-Fi
wifi,Wlan module can not connect on CML-S,Connectivity,UEFI gets watchdog NMI (0x34) on init flow
wifi,"Unit occur BSOD(0*009F) point to Netwaw10 when record play the record file.(F/R: 1/2units,1/20cycles)",BSOD,"Elmer | DRTU | connection failure Command XVT_CMD_RESET_XVT_MODE failed with status 31 --  uCode ASSERT (lmacID = 0x0, rtStatus = 0x201013F2)"
wifi,AX101 WiFi throughput drop when BT is enabled but not connected to BT device,Connectivity,"Elmer | DRTU | connection failure Command XVT_CMD_RESET_XVT_MODE failed with status 31 -- uCode ASSERT (lmacID = 0x0, rtStatus = 0x20004443)"
wifi,No GO nego confirm and P2P establish fail between PC and Phone,Connectivity,The power accuracy at WiFi 6GHz is over Intel spec (2dB)
wifi,"Driver hang and scan list show empty after resume from S3 or frequent radio off/on(fail rate: 30+%) in ID and RU, no repro in China",System Hang,"not able to run ""Margin Test"" with CITU tool"
wifi,"CurieF and mobile phone cooperate with Huawei multi-screen, softap set preferred channel on 44 , butis created in 2.4G",Connectivity,Not able to disable WiFi through Netsh command
wifi,[Samsung][QuickShare][Vesta-13]Wifi direct pairing failure between two PCs [EAP failure],Connectivity,Chain A always 1.5 dBm less than target
wifi,"WiFi adapter disabled after resume from Sleep mode, can not be enabled.",Power Consumption,Assert 0x19A9 happened frequently as enabling eMLSR
wifi,Throughput Evaluation...lower throughput (waterfall shift) at 5GHz AX 80MHz ch161 RX direction,Performance,Error: Hardware initialization failed (22.205 PASS)
wifi,WiFi YB + BT device lost after resume from S4 cycles,YB/Lost,Wifi resets occurring during CS transitions with wifi 22.230.0.8 on Ersa devices with TyP wifi modules
wifi,It takes about 3 mins to change the network band information when the system re-connects to 5G hotspot wifi,System Hang,Disconnects and low throughput observed on Cisco APs w/ Broadcom silicon
wifi,"Running disable/enable WiFi test, The WiFi driver appears yellow mark",Connectivity,ERSA 160mhz RU 67/67s for CA ch50  are not as expected
wifi,PIE lost after run web online multimedia with sleep and S4 by HUA STEP tool.,Power Consumption,Intel AX211 show low Wifi connection speed under small amount of data transfer.
wifi,"WIFi6 2.4G test Rx, WiFi speed cannot recover after BT",Connectivity,"ASSERT log Observed  : Intel(R) Wi-Fi 6E AX211 160MHz during S4 cycling-- FATAL_ERROR: uCode ASSERT(UMAC, rtStatus = 0x21101326 -- missing cnvi top request in 4phs req register"
wifi,Antd shows -95,OEM Tools,"Observed Non-recoverable yellow bang with FATAL_ERROR: uCode ASSERT(UMAC, rtStatus = 0x20100505, log is valid. data1 = 0x0, data2 = 0x4)"
wifi,PC Manager log show PIE port call fail.,Connectivity,WiFi device shows empty scan list - Fix in WiMan version 2325.80.45
wifi,Black screen and hang up when running cold boot,System Hang,2-in-1 | Network drops with Intel 8265 WiFi
wifi,p2p softAP cannot negotiate to 80M bandwidth,Performance,Unable to decode DDD log generate from 22.220PV driver
wifi,transmission would stop during file transferring via quick share.,Connectivity,:Intel Wi-Fi YB (assert 0x310) Issue Observed  after 5 G3 Cycles Manually
wifi,PIEServiceNew is stopped after WiFi driver installation,Connectivity,Ersa | DV | BSOD caused by Netwtw10 -- 0x7E -- Netwtw10!DeviceControlLayer::DeviceControl::getTlvUcodeDebugAddress+0x35
wifi,WLAN PLDR test failed and WLAN device show YB in device manager,YB/Lost,22.220PV DDD Driver does not work properly
wifi,Client fails to Ack Data frames with BSS Coloring defined in PHY Header.,Connectivity,Wi-Fi disconnected and cant get connected - recurring--  0x2CA5
wifi,BSOD 0x9F happened with Intel WLAN driver 22.40.0.7 during Hibernate 3.2 longrun test,BSOD,22.220.1 - Driver digital signature has been revoked (Code 39)
wifi,There is a delay in playing online music via connect PC softAP.,Connectivity,CITU tool WiFi connection Failure when using G-layout driver
wifi,YB 43 after resume from critical S4,YB/Lost,Buffer Status Bit not set
wifi,WIFI direct connection will drop unexpectedly,Connectivity,TX throughput was degraded against Samsung S21 when changing the role from GO to p2p client.
wifi,BSOD 0x9F during Restart test,BSOD,Connectivity failure. 0x8FE assert seen in corporate environment. Customer suspects roaming from 40MHz to 80MHz network
wifi,AX210 Unexpected critical error occurred in System Event log during Install WIFI driver (Event ID:5002/5010),YB/Lost,Loss of connectivity after 0x8FE assert
wifi,0xD1 BSOD occured  when idle units (F/R:26/200  units),BSOD,EVM Failures on WiCAS FCT Tester on ch100
wifi,AX200 device show yellow mark when connect to mobile hotspot,Power Consumption,"WiFi disconnects, scan list empty"
wifi,"resume from modern standby, system cannot open hotspot",Power Consumption,System hang up with black screen and BSOD 0x124 occurred when running S3/S4 stress test
wifi,WLAN YB(code 43) when connecting via Mobile hotspot w/multiple clients and HOST as Whiskey Lake(Wifi 9560),YB/Lost,Host unable to control adapter after resume from D3
wifi,"DUT1 wirelesss project to DUT2. while play music or plug in/out USB key , DUT2 will pop nosie",Connectivity,Unsupported VS IE (OUI 00:17:35) in Deauth frame
wifi,"Connect wifi AP failed - FATAL_ERROR: uCode ASSERT (lmacID = 0x1, rtStatus = 0x2B87, log is valid)",YB/Lost,System hang while connecting WPA3 AP with UEFI command (Latitude 5340)
wifi,WiFi direct pairing fails after sleep(modernstandby) resume from S3.,Power Consumption,"Miracast connection fails on the INTEL module, but passes on the MTK module"
wifi,Miracast use CH165 which is not supported by the TV,Connectivity,"FATAL_ERROR: uCode ASSERT(UMAC, rtStatus = 0x20100505, log is  valid. data1 = 0x2, data2 = 0x1)"
wifi,WLAN yellow bang while reboot aging,YB/Lost,"AX200- WPA2-Enterprise, initial connection works great. However, when the session expires and PMKID changes, the AX200 reinitializes and incorrectly places 2 PMKIDs in the M2 Key packet and the reconnection is rejected"
wifi,Killer 1650i (AX201) WLAN device show yellow bang when connecting hotspot,Killer,BSOD9f encountered on Thames-1 system and is pointing to WLAN -- 0x9F_3_Netwaw12_IMAGE_pci.sys
wifi,CITU fails to connect to WiFi,Connectivity,intel driver active disconnect gc without deauth
wifi,Dump existed after long run Coldboot test by STEP tool: CLOCK_WATCHDOG_TIMEOUT (101) Netwtw10!osalUtilWait,BSOD,"Observed YB : Intel(R) Wi-Fi 6E AX211 160MHz during S4 cycling-- FATAL_ERROR: uCode ASSERT(UMAC, rtStatus = 0x21101326"
wifi,Frequent throughput drops when device resumes from disconnected standby/hibernate,Connectivity,Loss of functionality (~10 minute) on resume from modern standby
wifi,"Device Manager show yellow bang for AX210 after resuming from S3/S4 (""Allow the computer to turn off this device to save power"" is unchecked)",YB/Lost,Smart Antenna Tool can not work with 22.170
wifi,DUT cannot mirror to sink again after disconnecting/connecting to miracast session.,Connectivity,No GO nego confirm and P2P establish fail between PC and Phone
wifi,WLAN device show YB when we perform RnR testing,YB/Lost,"Soft AP have buffered data,  but didnt send to phone when phone exiting ps mode"
wifi,"WLAN fail connect to AP with ""WPA2 Enterprise"" EAP-TLS mode(Fail Rate: 100%)",Connectivity,Dropped throughput at 92-95dB attenuation on ch100/102/122
wifi,"YB during surfing the Internetaround 10 min. FATAL_ERROR: uCode ASSERT (lmacID = 0x0, rtStatus = 0x2000031C, log is  valid)",YB/Lost,System longer boot(circling) time after install WLAN 22.170.2.1(With DMAr Eanble)
wifi,intel wlan show YB when connect/disconnect AP (F/R: 100%),YB/Lost,OEM Tool cannot connected with USC which in PV packet
wifi,TyP2 6GHz output power 2-5dBm drop on conductive test (3/19 and 4/16),Power Consumption,Intermittent YB
wifi,"With AX201 WiFi connected in AC mode (Connected Modern Standby), S0i2.0 unable to enter S0i3.0 for VCCIN_AUX shutdown",Connectivity,BSOD occurs during communication test of mobile hotspot - DPC_WATCHDOG_VIOLATION (133) - Netwtw10!osalSyncAcquireSpinLock+0x16
wifi,"DUT hung up with black screen when run MS test by STEP tool(0x9F,nwifi).",BSOD,Killer1690i DBS test fail in OTA Assert 0x103C
wifi,Client adapter sends Reassoc frame after receiving Deauth from AP,Connectivity,Loss of connectivity - EAPOL rekey
wifi,DUT projecting to HUAWEI smart TV(V65i)/HONOR TV through miracast appeared afterimage.,Connectivity,WLAN YB after S4
wifi,WLAN yellow bang while playing online audio streaming,YB/Lost,Connectivity drops- Missing beacons
wifi,BIOS SAR table not correct,RF,Stability issues
wifi,WiFi disconnected when play online video/music,Connectivity,Tx Spectrum Mask failure issue for AX211 second foundry
wifi,Client WiFi does not reply to Control frame transmitted at 54 Mbps,Connectivity,Cannot install v22.190.0.0.4 DDD driver
wifi,BSOD 0x9F happened with Intel WLAN driver 22.40.0.7 during restart longrun test.,BSOD,Wi-Fi will be not able to search 5Ghz AP SSID when using 2.4Ghz during WiDi screen casting
wifi,YB in DM after resume from close lid S0i3 or tent mode S5,YB/Lost,Elmer | SIT | RF radiation test- failed WiFi Device Bridge API exception
wifi,AP sends Deauth to client shortly after 4-Way Handshake completes successfully..,Connectivity,FW assert 0x3220 led to the yellow bang(43 error code)
wifi,System cant receive file via Quick Share app from specific mobile device.,OEM Tools,DDD log cant deocode
wifi,System does not sync screen via miracast from PC to PAD.,Connectivity,System occur will BSOD_INTERNAL_POWER_ERROR (a0) during S4 stress
wifi,pc-> phone P2P connection failure,Connectivity,IP self name resolution behavior with Cisco VPN
wifi,Authentication failure after client sends Reassoc with PMKID count = 0,Connectivity,"[HP][RPL][AX211][Roc][Win11][22H2][BSOD][0x9F]: The unit cant be resume and ""9f""BSOD occure when resume unit from MS - Wdf01000!FxIoTarget::Send+0x17 [minkernel\wdf\framework\shared\inc\private\km\FxIoTargetKm.hpp @ 268]"
wifi,System is doing on/off WIFI 2.4 hotspot test occur BSOD 0xd1 point to wdiwifi.sys,BSOD,The 5G hotspot can not be opened after S4.
wifi,Black screen when resume from MSD mode,System Hang,"CurieF and mobile phone cooperate with Huawei multi-screen , expected open softAP on 5G, but created in 2.4G"
wifi,Intel AX210 wlan device will lost after resume from MS,Connectivity,DDD Log file size does not increase during the test and didnt record the full test
wifi,System ignore probe request during P2P pairing.,Connectivity,BSOD 0xc2_99_Netwtw10!prvOscWdiWapiEncryptedFrameSendComplete running reboot aging
wifi,Never Crash Issue: Netwtw10!dclReturnRxBufferApi+0x2e,BSOD,PC doesnt reply to EAP request from Phone.
wifi,Never Crash issue:  blocked IRP point to Netwtw10,BSOD,Latitude 3190 2-in-1 | Network drops with Intel 8265 WiFi
wifi,Never Crash Issue: Netwtw08!dclReturnRxBufferApi+0x2e,BSOD,BSOD-0x7E issue when enable SAR table
wifi,Cant  Projecting PC to big screen via miracast.,Connectivity,TX throughput was degraded against Samsung S21 when changing the P2p role from GO to client.
wifi,Unable to search for WiFi(F/R:1/50 times)NIC Error happens,Connectivity,TX throughput was degraded against Samsung S21 when changing the role from GO to p2p client.
wifi,0x9f BSOD happened in restart stress test.,BSOD,Unable to connect to ixVeriwave on 5GHz
wifi,AX201 WLAN driver cannot be installed by WirelessSetup.exe when working directory has special character,Connectivity,auth_req sends inappropriate data rates
wifi,WiFi device YB while running Reboot long run.,YB/Lost,"Huawei PC Manager is used for multi-screen collaborative connection, and collaboration fails"
wifi,"YB FATAL_ERROR: uCode ASSERT (lmacID = 0x0, rtStatus = 0x4A58B63E, log is not valid)",YB/Lost,WLAN Yellow bang issue
wifi,wlan BW can not expand to 80Mhz though Phones capability support 80Mhz via MIUI+ APP,Connectivity,"HP450G9 /Intel WLAN AX211 error code 43 ,10 intermittently"
wifi,WiFi Rx throughput of 11ax(5GHz) becomes much lower with BT mouse connected,Connectivity,ANT tool shows error with 9462  on ADL
wifi,PC Manager log show PIE port call fail.,Connectivity,BSOD (0xD1)
wifi,"Connection type show 11ac if Project/Miracast, while it show11ax if hotspot/SoftAP",Power Consumption,We can only connect UNII-4 band with MCC = FR while we enable UNII4 for US in BIOS
wifi,"NIC error 0x20000066 During the use of the connection WiFi, disconnect occurs",BSOD,can not get SAR table from P-Sensor HID
wifi,"When the system run CB aging, the system will BSOD(DRIVER_POWER_STATE_FAILURE (9f)).",BSOD,This error occurred when the intel WLAN driver of intel AX211 WLAN Card was upgrade from intel WLAN driver 22.180.0.4 to 22.180.0.4.
wifi,BSOD occurred when running restart Test+AP/LAN+ACDC,BSOD,"TAS State shows ""Invalid"""
wifi,"Still need to type password when connect to router with ""Opportunistic Wireless Encryption (OWE)""",Connectivity,"22H2 FVT2.0: The video show garbage twice a minute when projecting PC/smartphone to PC.(FR:2/2 units, 4/4 times)"
wifi,we can not scan the 6E AP channels while applied country code as US.,Connectivity,WiFi adapter fails to perform OKC fast roam after missing Beacons detected.
wifi,Netwtw10!dclReadFwMemApi+0x87 when run MS stress(DPPM: 100),BSOD,"PC uses Miracast for screen projectionFind Abnormal screen (Fail rate: 2/2 units, 1/5 c) , show garbage in the XIAOMI TV"
wifi,XPS 9310 2in1 cant connection to Dell network AP,OEM Tools,frequent missed beacon with PC(Qualcomm) GO and disconnect/reconnect several times.
wifi,"AX201, download/upload speeds are less than 1Mbps after enabling FIPS",Performance,Different roaming behavior observed for HrP2 and WsP
wifi,"Cannot swithc wifi AP from 2.4 to 5G after enable ""Random hardware address"" function in OS setting.",Connectivity,Unexpected behavior in interference test
wifi,BSOD 0x7F(Netwtw10.sys).,BSOD,"PC failing to transmit the Nego Confirmation frame(Sending GON Confirmation frame is failed, wfdRet=-1073741823)"
wifi,WiFi adapter disabled after system completes Windows Restart.,Connectivity,"5G and 2.4G dual-band SSID  router, cannot roam to 2.4G when AP send 11v action frame"
wifi,Client unable to associate with Cisco 2600/3500 APs.,Connectivity,WiFi YB or WiFi  lost
wifi,The DUT couldnt find any SSID after resume from S3(F/R:2/10Unnits  2/2500),Connectivity,Wlan module can not connect on CML-S
wifi,DUT can search but not connect to 802.11ac+40Mhz+165 channel hotspot.,Power Consumption,"Unit occur BSOD(0*009F) point to Netwaw10 when record play the record file.(F/R: 1/2units,1/20cycles)"
wifi,"Dump existed after long run warmboot test by STEP tool(BSOD d1,  wdiwifi).",BSOD,AX101 WiFi throughput drop when BT is enabled but not connected to BT device
wifi,DUT often occur yellow bang during use WIFI,YB/Lost,Wi-Fi will not able to search 5GHz when using 2.4GHz during Widi screen casting
wifi,WLAN and BT YB when enter BIOS/EFIshell/WinPE and reboot,YB/Lost,"The DLL of PIE is loaded successfully, but some interfaces of PIE are called and return errors"
wifi,BSOD 0x50 appeared on DUT when watching iQIYI videos.,BSOD,No GO nego confirm and P2P establish fail between PC and Phone
wifi,"(Security Type:WPA2-Enterprise) cannot auto connect after restart.(F/R:2/2 Units,17/40 Total Trials)",Connectivity,"Driver hang and scan list show empty after resume from S3 or frequent radio off/on(fail rate: 30+%) in ID and RU, no repro in China"
wifi,NIC err happens cause to disconnect occurs during connection WLAN useand can not search wifi,Connectivity,"CurieF and mobile phone cooperate with Huawei multi-screen, softap set preferred channel on 44 , butis created in 2.4G"
wifi,"Wifi device show yellow bang when connect a mobile phone byAndroid Debug Bridge(ADB) to do on/off wifi test. FATAL_ERROR: uCode ASSERT (lmacID = 0x1, rtStatus = 0x92)",YB/Lost,[Samsung][QuickShare][Vesta-13]Wifi direct pairing failure between two PCs [EAP failure]
wifi,Netwtw10!dclReadFwMemApi+0x87 when run MS stress,BSOD,"WiFi adapter disabled after resume from Sleep mode, can not be enabled."
wifi,"System shows an unknown error when choosing security type ""WPA3-Enterprise"" from network connection",Connectivity,Throughput Evaluation...lower throughput (waterfall shift) at 5GHz AX 80MHz ch161 RX direction
wifi,BSOD due to stack overflow error.,BSOD,WiFi YB + BT device lost after resume from S4 cycles
wifi,0x7e(Netwtw10)  after PQC test pass.,BSOD,It takes about 3 mins to change the network band information when the system re-connects to 5G hotspot wifi
wifi,Discrepancy found in PPAG peak gain between DRTU output and EPS,RF,"Running disable/enable WiFi test, The WiFi driver appears yellow mark"
wifi,AX201 show yellow bang when Stress transfer files test via WLAN,YB/Lost,PIE lost after run web online multimedia with sleep and S4 by HUA STEP tool.
wifi,BSOD 0x7E when running Modern Standby Critical only Test,BSOD,"WIFi6 2.4G test Rx, WiFi speed cannot recover after BT"
wifi,: Frequently (6/10) after multiple time Restart Yellow Bang is observed in Wifi Driver,YB/Lost,Antd shows -95
wifi,"HLK test - Wlan Test - Wlan Device Reset Check test fail_YB10.(FR:1/1 units, 5 / 10 cycles)",YB/Lost,PC Manager log show PIE port call fail.
wifi,The wireless will disconnect from   AP during online video playing overnight.,Connectivity,Black screen and hang up when running cold boot
wifi,BSOD 0x50 appeared on DUT when watching iQIYI videos.,BSOD,p2p softAP cannot negotiate to 80M bandwidth
wifi,PC occur disconnect under connect AP,Connectivity,transmission would stop during file transferring via quick share.
wifi,"System shows BSOD ""DRIVER_IRQL_NOT_LESS_OR_EQUAL"" during idle in OS.",BSOD,PIEServiceNew is stopped after WiFi driver installation
wifi,WD NMI (0x34) - interrupts were not called for 200 ms,BSOD,WLAN PLDR test failed and WLAN device show YB in device manager
wifi,Mobile phone projecting to DUT is fail,Connectivity,Failed to connect to specific AP with specific condition
wifi,The wireless will disconnect from AP during online video playing overnight.,Connectivity,Client fails to Ack Data frames with BSS Coloring defined in PHY Header.
wifi,Can connect wifi AP but hardly to access the Internet (Assert0xC/0x8516),YB/Lost,BSOD 0x9F happened with Intel WLAN driver 22.40.0.7 during Hibernate 3.2 longrun test
wifi,"After DUT Miracast sucessfully , connect to 2.4G/5G WIFI , Miracast will disconnect",Connectivity,There is a delay in playing online music via connect PC softAP.
wifi,"The mobile phone connects to the PC, shares the network with the PC through USB,PC cant share 5g hotspot.",Power Consumption,YB 43 after resume from critical S4
wifi,Unable to search for WiFi(F/R:1/50 times),Connectivity,WIFI direct connection will drop unexpectedly
wifi,11N 20MHz conductive throughput 95db attenuation fail,Performance,BSOD 0x9F during Restart test
wifi,"BSOD 0x101 occurred as running Win-PVT Restart,S3,S4 test +AC/DC Cycling.",BSOD,AX210 Unexpected critical error occurred in System Event log during Install WIFI driver (Event ID:5002/5010)
wifi,WIFI AP is not able to connected when set shared key.,Connectivity,0xD1 BSOD occured  when idle units (F/R:26/200  units)
wifi,WiFi disconnected when play online video/music,Connectivity,AX200 device show yellow mark when connect to mobile hotspot
wifi,"AX200  install the driver again, the installation completed screen, the title and content are inconsistent",Connectivity,"resume from modern standby, system cannot open hotspot"
wifi,Miracast cannot connect on L10N (RU/PL) OS,Connectivity,WLAN YB(code 43) when connecting via Mobile hotspot w/multiple clients and HOST as Whiskey Lake(Wifi 9560)
wifi,11N 20MHz conductive Tx throughput fail on 95db attenuation and there is t-put drop on 95db chain2chain,Connectivity,"DUT1 wirelesss project to DUT2. while play music or plug in/out USB key , DUT2 will pop nosie"
wifi,Intel wlan can not find 5G hotspot when RLTK wireless connect with 2.4G AP and open hotspot on 5G,Power Consumption,"Connect wifi AP failed - FATAL_ERROR: uCode ASSERT (lmacID = 0x1, rtStatus = 0x2B87, log is valid)"
wifi,"PC connects mobile phone to createMulti-screen Collaboration, find the soft AP channel is 2.4G(assert 0xe904).",YB/Lost,WiFi direct pairing fails after sleep(modernstandby) resume from S3.
wifi,AX201/AX211 device will YB after warm boot,YB/Lost,Unable to Connect to Network Secured by WEP Shared key
wifi,PIE port call fail,Connectivity,Miracast use CH165 which is not supported by the TV
wifi,UEFI Wi-Fi authentication issue,UEFI,WLAN yellow bang while reboot aging
wifi,D1 BSOD happened during Windiag test,BSOD,Killer 1650i (AX201) WLAN device show yellow bang when connecting hotspot
wifi,WLAN sometimes can not auto reconnect AP2 immediately after resume from MS,Connectivity,CITU fails to connect to WiFi
wifi,Unit show BSoD: 0xd1 when run CB stress (1/10),BSOD,Dump existed after long run Coldboot test by STEP tool: CLOCK_WATCHDOG_TIMEOUT (101) Netwtw10!osalUtilWait
wifi,"Run Intel PETS PM_ST_11 failed in ""Check that the Host responds - WLAN""",Connectivity,Frequent throughput drops when device resumes from disconnected standby/hibernate
wifi,Intel WLAN YB (code 10),YB/Lost,"Device Manager show yellow bang for AX210 after resuming from S3/S4 (""Allow the computer to turn off this device to save power"" is unchecked)"
wifi,<Customer Complain>WLAN speed unstable under Huawei AirEngine6760-X1 Wi-Fi 6 AP,Connectivity,DUT cannot mirror to sink again after disconnecting/connecting to miracast session.
wifi,Ping times out when in battery mode,Power Consumption,WLAN device show YB when we perform RnR testing
wifi,It will occur BSOD during change the Wireless Mode on TP-Link XDR3020 with 22.30.0.11,BSOD,"WLAN fail connect to AP with ""WPA2 Enterprise"" EAP-TLS mode(Fail Rate: 100%)"
wifi,Ping times out when in battery mode,Power Consumption,"YB during surfing the Internetaround 10 min. FATAL_ERROR: uCode ASSERT (lmacID = 0x0, rtStatus = 0x2000031C, log is  valid)"
wifi,WPA-TKIP Enterprise stops working on 9560 using newer WiFi driver,Connectivity,intel wlan show YB when connect/disconnect AP (F/R: 100%)
wifi,It will occur BSOD during change the Wireless Mode on TP-Link XDR3020 with 22.30.0.11,BSOD,TyP2 6GHz output power 2-5dBm drop on conductive test (3/19 and 4/16)
wifi,Intel WLAN YB (code 10),YB/Lost,"With AX201 WiFi connected in AC mode (Connected Modern Standby), S0i2.0 unable to enter S0i3.0 for VCCIN_AUX shutdown"
wifi,<Customer Complaint>WLAN speed unstable under Huawei AirEngine6760-X1 Wi-Fi 6 AP,Connectivity,"DUT hung up with black screen when run MS test by STEP tool(0x9F,nwifi)."
wifi,BSOD 0xD1 happens when running Intel PETS PM_ST_6,BSOD,Client adapter sends Reassoc frame after receiving Deauth from AP
wifi,"BSOD occurred as running Win-PVT Restart,S3,S4 test +AC/DC Cycling",BSOD,DUT projecting to HUAWEI smart TV(V65i)/HONOR TV through miracast appeared afterimage.
wifi,Wifi auto disconnects because miss beacon.,Connectivity,Cannot re-connect to wireless printer
wifi,DUT have occur BSOD-D1 during running stress via HuaWei tool,BSOD,WLAN yellow bang while playing online audio streaming
wifi,Intel8265 5G AC80 TX T-put very low ~2xxMbps,Performance,BIOS SAR table not correct
wifi,The  Error detected: NIC Error happens in the RESUME FLOW STARTED (1/100 cycles),Connectivity,WiFi disconnected when play online video/music
wifi,BSOD(0x9f)occur after loop run fastboot(F/R:1/15units ;1/7500 cycles),BSOD,Client WiFi does not reply to Control frame transmitted at 54 Mbps
wifi,"Client auto disconnect from hotspot due to ""no beacon after connection"" if host PC connected with 5G AP and open 2.4G hotspot(setting 2.4 bandwidth)",Power Consumption,BSOD 0x9F happened with Intel WLAN driver 22.40.0.7 during restart longrun test.
wifi,Connection disconnect automatically and cannot connect back when playing online video overnight.,Connectivity,YB in DM after resume from close lid S0i3 or tent mode S5
wifi,Run System - PNP (disable and enable) with IO Before and After (Reliability) fail in Intel wlan/BT card error,Connectivity,AP sends Deauth to client shortly after 4-Way Handshake completes successfully..
wifi,System occur BSOD-9F during refresh BIOS stress,BSOD,System cant receive file via Quick Share app from specific mobile device.
wifi,BSOD occurred when run WinPVT11.3 Restart Test,BSOD,System does not sync screen via miracast from PC to PAD.
wifi,"Changing Active Processor Cores in BIOS causes AX201 WiFi yellow bang (Always, 100%)",YB/Lost,pc-> phone P2P connection failure
wifi,PC connection dual-band in-one router does not switch frequency band,Connectivity,Authentication failure after client sends Reassoc with PMKID count = 0
wifi,The connection drop when playing online video overnight,Connectivity,System is doing on/off WIFI 2.4 hotspot test occur BSOD 0xd1 point to wdiwifi.sys
wifi,"Run S3 test with STEP tool cause black screen issue and exist dump(0x14f, wcmsvc)",BSOD,Black screen when resume from MSD mode
wifi,YB during boot up,YB/Lost,Intel AX210 wlan device will lost after resume from MS
wifi,system occur BSOD-7F during use WIFI,BSOD,Connection failure with 11ax AP
wifi,AX211 WLAN device show YB,YB/Lost,System ignore probe request during P2P pairing.
wifi,DUT end up to black screen and system hang during running modern standby test,System Hang,Never Crash Issue: Netwtw10!dclReturnRxBufferApi+0x2e
wifi,AX210 WiFi YB (Code 43) happen when Restart long run stress test of Mike2 tool.(FR:24/37 clcyles),YB/Lost,Never Crash issue:  blocked IRP point to Netwtw10
wifi,PIE port call fail,Connectivity,Never Crash Issue: Netwtw08!dclReturnRxBufferApi+0x2e
wifi,BSOD occurred when play online video,BSOD,Cant  Projecting PC to big screen via miracast.
tools,WRT tool  cant detect wifi driver on GalileoG automatically,OEM Tools,Unable to search for WiFi(F/R:1/50 times)NIC Error happens
wifi,BSOD 0x50 during HLK System - Sleep with IO Before and After (Reliability SysFund) test.(FR:1/10),BSOD,0x9f BSOD happened in restart stress test.
wifi,GDB55&GDB70 WiFi6E TX conductive throughput issue on 6E,Connectivity,AX201 WLAN driver cannot be installed by WirelessSetup.exe when working directory has special character
wifi,"Around 3 secs the Wifi will auto disconnect when connect to a mobile hotspot shared by AX200/AX201 WLAN machine.(FR:4/4 units, 12 / 12 cycles)",Power Consumption,WiFi device YB while running Reboot long run.
wifi,BSoD 0x50 occurred during WHQL PNP test,BSOD,"YB FATAL_ERROR: uCode ASSERT (lmacID = 0x0, rtStatus = 0x4A58B63E, log is not valid)"
wifi,WIFI AP cannot be connected when set to WEP shared key,Connectivity,wlan BW can not expand to 80Mhz though Phones capability support 80Mhz via MIUI+ APP
wifi,AX201 wifi driver 802.11g throughputissue,Connectivity,WiFi Rx throughput of 11ax(5GHz) becomes much lower with BT mouse connected
wifi,other PC connect hotspot occur auto disconnect after PC connect 5G AP and open hotspot(setting 2.4 bandwidth),Power Consumption,PC Manager log show PIE port call fail.
wifi,"AX201 YB on ADL-S platfrom, while AX211 work fine",YB/Lost,"Connection type show 11ac if Project/Miracast, while it show11ax if hotspot/SoftAP"
wifi,unable to create GO on 5G bandwidth low frequency channels,Performance,CNVi-PLL was not OFF during modern standby
wifi,BOSD and point to WIFI during S4 stress test,Connectivity,"NIC error 0x20000066 During the use of the connection WiFi, disconnect occurs"
wifi,AX201/AX211 after installing driver and then reboot it would YB,YB/Lost,"When the system run CB aging, the system will BSOD(DRIVER_POWER_STATE_FAILURE (9f))."
software,Precheck Failure: Releasenoteschk failure ICPS 4.0,ICPS,BSOD occurred when running restart Test+AP/LAN+ACDC
software,Precheck Failure: sympublicchk failed ICPS 4.0,ICPS,"Still need to type password when connect to router with ""Opportunistic Wireless Encryption (OWE)"""
software,Gaming category being displayed on Vpro system,Killer,we can not scan the 6E AP channels while applied country code as US.
software,"ICPS CMD / setting to default doesnt change the apselection to ""off""",ICPS,Netwtw10!dclReadFwMemApi+0x87 when run MS stress(DPPM: 100)
software,Precheck Failure: No Version found in RNIdleTask.exe,Killer,XPS 9310 2in1 cant connection to Dell network AP
software,Database Table(U_IntelligenceEvents) Insertion Failed error,Killer,"AX201, download/upload speeds are less than 1Mbps after enabling FIPS"
software,OWR Precheck Failure: No Version found in CustomizeUninstallFirstRun.exe,Killer,"Cannot swithc wifi AP from 2.4 to 5G after enable ""Random hardware address"" function in OS setting."
software,#NAME?,ICPS,BSOD 0x7F(Netwtw10.sys).
software,SIP124587/840 G10/G11 /win11 23H2 / EY / NA / US PC / Crashing due to an Intel ICPS old and latest driver on website,ICPS,WiFi adapter disabled after system completes Windows Restart.
software,ICPS is not uninstalled after disabling the entitlement bit,ICPS,Client unable to associate with Cisco 2600/3500 APs.
software,ICPS causing slow startup,ICPS,The DUT couldnt find any SSID after resume from S3(F/R:2/10Unnits  2/2500)
software,"- UI: ""Advanced Connection Manager requires more than one network interface"" message when 2 interfaces are connected",Killer,DUT can search but not connect to 802.11ac+40Mhz+165 channel hotspot.
software,High Contrast Mode Issues,Killer,"Dump existed after long run warmboot test by STEP tool(BSOD d1,  wdiwifi)."
software,UI Cutoff in Chinese for Wi-Fi 7 MLD,Killer,DUT often occur yellow bang during use WIFI
software,Palo Alto VPN with split tunnel unable to pass traffic with ICPS installed,ICPS,WLAN and BT YB when enter BIOS/EFIshell/WinPE and reboot
software,"Language support in installer missing for Chinese, Greek, Hungarian, Thai, Turkish)",Killer,BSOD 0x50 appeared on DUT when watching iQIYI videos.
software,"WIFI Driver 23.80.1.3 package installs Net*14.sys driver (20.50.3.5) for this and older adapters, which return IWSDK driver api version 2 (instead of 3)",Killer,"(Security Type:WPA2-Enterprise) cannot auto connect after restart.(F/R:2/2 Units,17/40 Total Trials)"
software,#NAME?,Killer,NIC err happens cause to disconnect occurs during connection WLAN useand can not search wifi
software,High power consumption when ICPS is used,ICPS,"Wifi device show yellow bang when connect a mobile phone byAndroid Debug Bridge(ADB) to do on/off wifi test. FATAL_ERROR: uCode ASSERT (lmacID = 0x1, rtStatus = 0x92)"
software,"APS is disabled when Monitor Power is OFF, which happens on Win11 24H2 independent of RDT",Killer,Netwtw10!dclReadFwMemApi+0x87 when run MS stress
software,ICPS borderless windows,ICPS,"System shows an unknown error when choosing security type ""WPA3-Enterprise"" from network connection"
software,launching Unison when no internet does not send event,Killer,BSOD due to stack overflow error.
software,There is no way to get out of manual flow,Killer,0x7e(Netwtw10)  after PQC test pass.
software,Unison does not receive events from ICPS when network changes and single network profile exists (Sometimes),ICPS,Discrepancy found in PPAG peak gain between DRTU output and EPS
software,Unison receives events from ICPS when network changes and other networks with credentials exist,ICPS,AX201 show yellow bang when Stress transfer files test via WLAN
software,When updating driver ICPS stopped to work,ICPS,BSOD 0x7E when running Modern Standby Critical only Test
software,ICPS installed in full ICPS mode instead of ICM mode,ICPS,: Frequently (6/10) after multiple time Restart Yellow Bang is observed in Wifi Driver
software,INetwork score for the available SSIDs are displayed as 43,Killer,"HLK test - Wlan Test - Wlan Device Reset Check test fail_YB10.(FR:1/1 units, 5 / 10 cycles)"
software,UI Got Freeze,Killer,AX200 card lost issue on PCIe riser card which is related to ASPM L1 sub-states and CLKREQ pullup
software,Only low-band is supported,Killer,The wireless will disconnect from   AP during online video playing overnight.
software,Killer VRMode not working per ICPS 4.0,ICPS,BSOD 0x50 appeared on DUT when watching iQIYI videos.
software,The unit will show Bluetooth device is connected when the ICPS APP opened.,ICPS,PC occur disconnect under connect AP
software,lots of unknown Devices will be listed which is different from OS BT devices.,Killer,"System shows BSOD ""DRIVER_IRQL_NOT_LESS_OR_EQUAL"" during idle in OS."
software,double devices in the list is still remains,Killer,WD NMI (0x34) - interrupts were not called for 200 ms
software,"connected mic, audio (this equals ready).OS takes 2 secs, ICPS UI takes 2 mins.",ICPS,Mobile phone projecting to DUT is fail
software,Coverity issue 2780340. Wrong logical operator used,Killer,The wireless will disconnect from AP during online video playing overnight.
software,"After Advanced Connection Manager function appear, the help function icon will cutoff",Killer,Can connect wifi AP but hardly to access the Internet (Assert0xC/0x8516)
software,Not switching to Ethernet,Killer,"After DUT Miracast sucessfully , connect to 2.4G/5G WIFI , Miracast will disconnect"
software,"CE - ICPSs startup type in service is ""Automatic""",ICPS,"The mobile phone connects to the PC, shares the network with the PC through USB,PC cant share 5g hotspot."
software,CE - Narrator cant read some text elements,Killer,Unable to search for WiFi(F/R:1/50 times)
software,Cannot receive two specified Recommendations in Notifications tab,Killer,11N 20MHz conductive throughput 95db attenuation fail
software,Cannot receive two specified Recommendations in Notifications tab,Killer,"BSOD 0x101 occurred as running Win-PVT Restart,S3,S4 test +AC/DC Cycling."
software,S4 BSOD. IRQL NOT LESS OR EQUAL (0x0a) points to IntcCo11X64.sys,Killer,WIFI AP is not able to connected when set shared key.
software,Bluetooth Scan Reports Duplicate Device Addresses to the User,Killer,WiFi disconnected when play online video/music
software,GSK Failed Tanium connections after ICPS applies QoS tags,ICPS,"AX200  install the driver again, the installation completed screen, the title and content are inconsistent"
software,I cant forget AP in OS . -> Problem 4,Killer,Miracast cannot connect on L10N (RU/PL) OS
software,I cant find AP in manager known networks. . -> Problem 3,Killer,11N 20MHz conductive Tx throughput fail on 95db attenuation and there is t-put drop on 95db chain2chain
software,When connection to wired network described as disabled on windows narrator.,Killer,Intel wlan can not find 5G hotspot when RLTK wireless connect with 2.4G AP and open hotspot on 5G
software,"ICSP CMD / ""get connectedinterfaces all"" is not shown at menu",Killer,"PC connects mobile phone to createMulti-screen Collaboration, find the soft AP channel is 2.4G(assert 0xe904)."
software,"ICPS 30.24.576 .exe installer fails to complete installation with wizard message ""All program components will be installed (Need more disk space)""",ICPS,"Intel 9560 can switch Pass in the same environment, but Intel 200 cannot"
software,"ICPS 30.24.576 .exe installer fails to complete installation with message ""The wizard was interrupted before Intel Connectivity Performance Suite could be completely installed""",ICPS,AX201/AX211 device will YB after warm boot
software,"ICSP CMD / ""get connections interfaces all"" returns bad mac",Killer,PIE port call fail
software,ICSP CMD / get aplist returns empty,Killer,Connection failure or abortion happen frequently while connecting to the CH149 AP that is created using PIE APIs
software,UDP TX max throughput degraded to 50% when ICPS installed,ICPS,UEFI Wi-Fi authentication issue
software,ICPS Bluetooth Device Type,ICPS,D1 BSOD happened during Windiag test
software,- ICSP CMD / aplist score is above 100,Killer,WLAN sometimes can not auto reconnect AP2 immediately after resume from MS
software,ICPS3.0 ACM manual routing not working while change to different interface. celluar network,ICPS,Unit show BSoD: 0xd1 when run CB stress (1/10)
software,Open Taskbar Wi-Fi list and notice that Network is showing connected. ==> Problem 2,Killer,"Run Intel PETS PM_ST_11 failed in ""Check that the Host responds - WLAN"""
software,"- ICSP CMD / Service unavailable is triggered for ""get"" requests",Killer,Intel WLAN YB (code 10)
software,"- ICSP CMD / setting to default doesnt change the apselection to ""off""",Killer,<Customer Complain>WLAN speed unstable under Huawei AirEngine6760-X1 Wi-Fi 6 AP
software,"ICSP CMD / ""get aplist all"" is not shown at menu",Killer,Ping times out when in battery mode
software,Usage Details Period Indication,Killer,It will occur BSOD during change the Wireless Mode on TP-Link XDR3020 with 22.30.0.11
software,Bluetooth Connect Not Working,Killer,Ping times out when in battery mode
software,High traffic notification does not trigger naturally without a reset,Killer,WPA-TKIP Enterprise stops working on 9560 using newer WiFi driver
software,#NAME?,Killer,It will occur BSOD during change the Wireless Mode on TP-Link XDR3020 with 22.30.0.11
software,ICSP CMD / CLI rule command does not work well,Killer,Intel WLAN YB (code 10)
software,App will freeze and cant re-open,Killer,<Customer Complaint>WLAN speed unstable under Huawei AirEngine6760-X1 Wi-Fi 6 AP
software,Driver DMP Tracking,Killer,BSOD 0xD1 happens when running Intel PETS PM_ST_6
software,ProviderDataHelperService Idle Mode,Killer,"BSOD occurred as running Win-PVT Restart,S3,S4 test +AC/DC Cycling"
software,Incorrect Active Time in Usage Details,Killer,Wifi auto disconnects because miss beacon.
software,FmP2: ICPS is not functional on platform - FmP/ARL non-support reported by appliication,ICPS,DUT have occur BSOD-D1 during running stress via HuaWei tool
software,Bluetooth Scan Does not Work,Killer,Intel8265 5G AC80 TX T-put very low ~2xxMbps
software,PII information is sent in the clear,Killer,The  Error detected: NIC Error happens in the RESUME FLOW STARTED (1/100 cycles)
software,TCP TX max throughput degraded to 3.x Gbps once ICPS was installed,ICPS,BSOD(0x9f)occur after loop run fastboot(F/R:1/15units ;1/7500 cycles)
software,Toggle switch type is narrated as checkbox type.,Killer,"Client auto disconnect from hotspot due to ""no beacon after connection"" if host PC connected with 5G AP and open 2.4G hotspot(setting 2.4 bandwidth)"
software,SSCB: CFG Control Flow Guard is disabled,Killer,Connection disconnect automatically and cannot connect back when playing online video overnight.
software,ICM will create new task when I click ICM icon in trap icon area.,Killer,Run System - PNP (disable and enable) with IO Before and After (Reliability) fail in Intel wlan/BT card error
software,KIC - DoubleShot Priority Mapping is showing all Priorities over a single Adapter by default,Killer,System occur BSOD-9F during refresh BIOS stress
software,PTK4570 Security weakness when installation briefly opens console window,Killer,BSOD occurred when run WinPVT11.3 Restart Test
software,Interfaces routing is not matched as custom setting after set as Manually Configure Connection Settings mode.,Killer,"Changing Active Processor Cores in BIOS causes AX201 WiFi yellow bang (Always, 100%)"
software,#NAME?,Killer,PC connection dual-band in-one router does not switch frequency band
software,There is a typo in help.,Killer,The connection drop when playing online video overnight
software,P3 apps categorized as normal P4,Killer,"Run S3 test with STEP tool cause black screen issue and exist dump(0x14f, wcmsvc)"
software,AP switching is not working when I take Zoom conference video call.,Killer,YB during boot up
software,DellOptimizer NetworkPlugin new setting BTDLThresholdKbpsValue casting error,Killer,system occur BSOD-7F during use WIFI
software,Bandwidth limitation message is wrong.,Killer,AX211 WLAN device show YB
software,KillerNetworkComponent will be installed fail when I run setup.exe.,Killer,DUT end up to black screen and system hang during running modern standby test
software,ICPS adds a route and causes system crash while on VPN,ICPS,AX210 WiFi YB (Code 43) happen when Restart long run stress test of Mike2 tool.(FR:24/37 clcyles)
software,: ICPS UI font for SC is not localized,ICPS,PIE port call fail
software,Uncontrolled search path for Killer ProximityLock Service App in Intel KPS - NUC13,Killer,BSOD occurred when play online video
software,Uncontrolled search path for KAPS in Intel Killer Performance Suite - NUC13,Killer,WRT tool  cant detect wifi driver on GalileoG automatically
software,Uncontrolled search path for KAPSService (Service Wrapper) in Intel Killer Performance Suite-NUC13,Killer,BSOD 0x50 during HLK System - Sleep with IO Before and After (Reliability SysFund) test.(FR:1/10)
software,Uncontrolled search path for Killer DBWM in Intel Killer Performance Suite NUC13,Killer,GDB55&GDB70 WiFi6E TX conductive throughput issue on 6E
software,Uncontrolled search path for Killer Service Wrapper DBWM in Intel Killer Performance Suite NUC13,Killer,"Around 3 secs the Wifi will auto disconnect when connect to a mobile hotspot shared by AX200/AX201 WLAN machine.(FR:4/4 units, 12 / 12 cycles)"
software,Uncontrolled search path for Killer ProximityLock Service Wrapper in Intel KPS - NUC13,Killer,BSoD 0x50 occurred during WHQL PNP test
software,Get lot of ICPS (Intel Connectivity Performance Suite) error message from Application event log,ICPS,WIFI AP cannot be connected when set to WEP shared key
software,BSOD occurs during Zoom call,Killer,AX201 wifi driver 802.11g throughputissue
software,ICPS connectivity issues on Sky Q Broadband Router + Pulse VPN,ICPS,other PC connect hotspot occur auto disconnect after PC connect 5G AP and open hotspot(setting 2.4 bandwidth)
software,ICPS 21.23.2115 .exe Install Wizard shows the No valid Dell hardware found error message on the HP system (non-English),ICPS,"AX201 YB on ADL-S platfrom, while AX211 work fine"
software,"ICPS 21.23.294 .exe installer fails to complete installation with message ""The wizard was interrupted before Intel Connectivity Performance Suite could be completely installed"".",ICPS,unable to create GO on 5G bandwidth low frequency channels
software,Ethernet missing from device discovery etl logs,Killer,BOSD and point to WIFI during S4 stress test
software,: Passcode incorrect will be shown when connect Wifi with correct passcode,Killer,AX201/AX211 after installing driver and then reboot it would YB
software,ICPS app fails to upgrade SW driver from 1.1122 to 2.1022,ICPS,Precheck Failure: Releasenoteschk failure ICPS 4.0
software,Dell Smartbyte APP impact T-put,Killer,Precheck Failure: sympublicchk failed ICPS 4.0
software,Speedtest upload test will be abnormal.,Killer,Gaming category being displayed on Vpro system
software,: It will delay over 30 seconds to refresh AP info in ICPS,ICPS,"ICPS CMD / setting to default doesnt change the apselection to ""off"""
software,: SSID shows &amp; instead of & if connect AP in ICPS,ICPS,Precheck Failure: No Version found in RNIdleTask.exe
software,Killer 1675x WLAN card WIFI/BT driver release request,Killer,Database Table(U_IntelligenceEvents) Insertion Failed error
software,Enable AP Select button and 3 sub-buttons show abnormal status,Killer,OWR Precheck Failure: No Version found in CustomizeUninstallFirstRun.exe
software,The Unit still need to enter password during switching saved network on the Network Health page,Killer,#NAME?
software,Killer Double shot wrong interface for firefox,Killer,SIP124587/840 G10/G11 /win11 23H2 / EY / NA / US PC / Crashing due to an Intel ICPS old and latest driver on website
software,Install Killer WiFi  Driver find Missing text in German and incorrect translation in French and German,Killer,ICPS is not uninstalled after disabling the entitlement bit
software,:ACM doesnt work when WWAN and another network are connected,Killer,ICPS causing slow startup
software,BSOD reported on Warm Boot stress test,Killer,"- UI: ""Advanced Connection Manager requires more than one network interface"" message when 2 interfaces are connected"
software,Total system power usage by ICPS in idle scenarios is as high as 250mW,ICPS,High Contrast Mode Issues
software,"The ""Enable AP selection option"" still shows disable after clicking reset button",Killer,UI Cutoff in Chinese for Wi-Fi 7 MLD
software,Killer-Intelligence-Center-Application translate spell incorrect on French language,Killer,Palo Alto VPN with split tunnel unable to pass traffic with ICPS installed
software,"KCC Doubleshot Pro function, change the setting to LAN or WLAN only, and test the application to see if only use LAN or WLAN traffic, but still use both (100%)",Killer,"Language support in installer missing for Chinese, Greek, Hungarian, Thai, Turkish)"
software,The contrast colors for some buttons have no change after enabling High Contrast,Killer,"WIFI Driver 23.80.1.3 package installs Net*14.sys driver (20.50.3.5) for this and older adapters, which return IWSDK driver api version 2 (instead of 3)"
software,:Vulnerability on SQLITE3 v3.36.0,Killer,#NAME?
software,DO 3.1 issue - Authentication problem with MS Office products and Azure AD,Killer,High power consumption when ICPS is used
software,BSOD occurs due to IntcCo11X64.sys,Killer,"APS is disabled when Monitor Power is OFF, which happens on Win11 24H2 independent of RDT"
software,Meta VR lag,Killer,ICPS borderless windows
software,:Max Throughput Mode doesnt work,Killer,launching Unison when no internet does not send event
software,Setup will show Modify/Repair/Remove Window when I run as administrator.,Killer,There is no way to get out of manual flow
software,APPX package step shows failure when success occasionally,Killer,Unison does not receive events from ICPS when network changes and single network profile exists (Sometimes)
software,BSOD happens when starting a video meeting with DynaConnect App,Killer,Unison receives events from ICPS when network changes and other networks with credentials exist
software,"Tracer_ADL_ System hang and BSOD when click ""Block"" in Killer Application(Killer Intelligence Center)_v3.1322.1012",Killer,When updating driver ICPS stopped to work
software,Killer software install bug,Killer,ICPS installed in full ICPS mode instead of ICM mode
software,ICPS 1.0/1.1 does not replace to ICPS 2.0 correctly by upgrade installation.,ICPS,INetwork score for the available SSIDs are displayed as 43
software,Installer could not setup Killer Software Component in device manager.,Killer,UI Got Freeze
software,Abnormal bandwidth appearance on Killer control centers Wi-Fi analyzer,Killer,Only low-band is supported
software,The files in ICPS folder are not removed after driver is uninstalled.,ICPS,Killer VRMode not working per ICPS 4.0
software,Increased power consumption caused by ICPS in 1080p Video playback scenario(+WIFI off),ICPS,The unit will show Bluetooth device is connected when the ICPS APP opened.
software,Increased power consumption caused by ICPS in 1080p Video playback scenario(+WIFI off),ICPS,lots of unknown Devices will be listed which is different from OS BT devices.
software,Power consumption increases by about 10% when ICPS is installed,ICPS,double devices in the list is still remains
software,"RX conducted T-Put fail on 5GHz BW 160M channel 36,100 & BW 80M channel 36,64,161",Killer,"connected mic, audio (this equals ready).OS takes 2 secs, ICPS UI takes 2 mins."
software,<Dell><Nexus14/16(IDP40/60)<DVT><WIFI Function Test><conductive through put cant meet x14 spec,Killer,Coverity issue 2780340. Wrong logical operator used
software,The ICPS service occupies more than 1GB of memory.,ICPS,"After Advanced Connection Manager function appear, the help function icon will cutoff"
software,IntcCo10X64.sys Issue,Killer,Not switching to Ethernet
software,IntelAnalyticsEventLogMessages.dll Binary Issue,Killer,"CE - ICPSs startup type in service is ""Automatic"""
software,Killer(R) Wi-Fi 6E AX1675i (AX411)-Settings&General Information still show 5G band when switch connection to a 2.4G band,Killer,CE - Narrator cant read some text elements
software,":""Advanced Connection Manager"" tab Show Up While the very first time UWP lauch without any Connected Interface",Killer,Cannot receive two specified Recommendations in Notifications tab
software,the Color Contrast for ICPS has no change after High Contrast enabled,ICPS,Cannot receive two specified Recommendations in Notifications tab
software,Color Contrast test failed on some icons of ICPS,ICPS,S4 BSOD. IRQL NOT LESS OR EQUAL (0x0a) points to IntcCo11X64.sys
software,Silent install could not install KCC app.,Killer,Bluetooth Scan Reports Duplicate Device Addresses to the User
software,Killer WLAN driver package v3.1121.918 - Silent command line is invalid,Killer,GSK Failed Tanium connections after ICPS applies QoS tags
software,ICPS cant be launched from All apps,ICPS,I cant forget AP in OS . -> Problem 4
software,ICPS still list in system tray after exit successfully and restart unit.,ICPS,I cant find AP in manager known networks. . -> Problem 3
software,"The ""Reset"" button has no any tips when click it in Advanced Settings window of ICPS",ICPS,When connection to wired network described as disabled on windows narrator.
software,Slow receive on Intel WiFi in Windows 11,Killer,"ICSP CMD / ""get connectedinterfaces all"" is not shown at menu"
software,ICPSTray.exe has Description of ConsoleApp1,ICPS,"ICPS 30.24.576 .exe installer fails to complete installation with wizard message ""All program components will be installed (Need more disk space)"""
software,"When Entitlement bit is disabled, ICPS still could be installed but the functions cant work",ICPS,"ICPS 30.24.576 .exe installer fails to complete installation with message ""The wizard was interrupted before Intel Connectivity Performance Suite could be completely installed"""
software,ICPS Mode Selector without Gaming,ICPS,"ICSP CMD / ""get connections interfaces all"" returns bad mac"
software,ICPS cannot enter AP info if it needs to enter name and password,ICPS,ICSP CMD / get aplist returns empty
software,High Contrast needs to change colors of app,Killer,UDP TX max throughput degraded to 50% when ICPS installed
software,Snap layout feature support,Killer,ICPS Bluetooth Device Type
software,ICPS would auto launch when right-click the icon in system tray,ICPS,- ICSP CMD / aplist score is above 100
software,"""Automatically switch to a better Access Point"" Setting cant be reset to default setting in ICPS",ICPS,ICPS3.0 ACM manual routing not working while change to different interface. celluar network
software,ICPS cannot be minimized when maximize it and click it on the taskbar.,ICPS,Open Taskbar Wi-Fi list and notice that Network is showing connected. ==> Problem 2
software,"ICPS will show err msg if I dont enter the AP password and click cancel/""X"" directly",ICPS,"- ICSP CMD / Service unavailable is triggered for ""get"" requests"
software,Install contains typos in service descriptions,Killer,"- ICSP CMD / setting to default doesnt change the apselection to ""off"""
software,AutoBandwidth could not work when I menual setup the bandwidth then trun on AutoBandwidth again.,Killer,"ICSP CMD / ""get aplist all"" is not shown at menu"
software,Please change the system model of Driver for AX211.,Killer,Usage Details Period Indication
software,Dingtalk was not shown in PRIORITIZATION PAGE.,Killer,Bluetooth Connect Not Working
software,"AX211 with Killer Wireless, KCC Smart AP list not available",Killer,High traffic notification does not trigger naturally without a reset
software,"<Civic_TLS>Error ID	 7034(xTendSoftAPService) in event log and will appear after reboot.",Killer,#NAME?
software,Missing AX1675,Killer,ICSP CMD / CLI rule command does not work well
software,Killer Optimizations is always 0 in the UI,Killer,App will freeze and cant re-open
software,Tencent meeting is recognized as gaming app.,Killer,Driver DMP Tracking
software,Killer Wireless 1675x WiFi Driver still exists in Device Manager when the driver uninstalled form programs and features,Killer,ProviderDataHelperService Idle Mode
software,ExpressConnect Network Service being terminated when no wifi adapter present,Killer,Incorrect Active Time in Usage Details
software,LTE support not working without SupportOemDevice in top of tree,Killer,FmP2: ICPS is not functional on platform - FmP/ARL non-support reported by appliication
software,Whether platform SSIDs are added into the Killer Lan driver.,Killer,Bluetooth Scan Does not Work
software,ICPS Entitlement bit fail,ICPS,PII information is sent in the clear
software,VPro Sku still showing Game mode,Killer,TCP TX max throughput degraded to 3.x Gbps once ICPS was installed
software,ECDBWM Service name is inconsistent with other services,Killer,Toggle switch type is narrated as checkbox type.
software,The Join column can be modified in Smart AP Selection.,Killer,SSCB: CFG Control Flow Guard is disabled
software,The background color of Wireless Score would be different.,Killer,ICM will create new task when I click ICM icon in trap icon area.
software,KCC no Wi-Fi Score on Windows 11_XPS 13 7390.,Killer,KIC - DoubleShot Priority Mapping is showing all Priorities over a single Adapter by default
software,Wireless and Component HWID were not match with INF driver in mup.xml.,Killer,PTK4570 Security weakness when installation briefly opens console window
software,No Green check on connected AP,Killer,Interfaces routing is not matched as custom setting after set as Manually Configure Connection Settings mode.
software,"WiFi Credential Prompter missing Thai, Hungarian localization",Killer,#NAME?
software,Some localization adjustments needed for proper file output,Killer,There is a typo in help.
software,ConfigurationFiles not copied if reboot is done prior to finish of customizeinstallfirstrun execution,Killer,P3 apps categorized as normal P4
software,KCC cant be installed from Windows Store,Killer,AP switching is not working when I take Zoom conference video call.
software,KCC cant be installed from Windows Store,Killer,DellOptimizer NetworkPlugin new setting BTDLThresholdKbpsValue casting error
software,"ICPS Enablement bit not present installation, UI shows services disconnected, but does not show invalid platform message.",ICPS,Bandwidth limitation message is wrong.
software,"Grouped SSID, ICPS choose the bad 1 to connect.",ICPS,KillerNetworkComponent will be installed fail when I run setup.exe.
software,Can not find the configure files in C:\ProgramData\Intel\ConnectivityService folder after install ICPS.,ICPS,ICPS adds a route and causes system crash while on VPN
software,WM_ Killer 1675X Wi-Fi Driver (SWB:F66TP) cant be installed and warning message pops up via DUP.exe,Killer,: ICPS UI font for SC is not localized
software,Only show authorized networks button not persisted,Killer,Uncontrolled search path for Killer ProximityLock Service App in Intel KPS - NUC13
software,[ICPS} Grouping doesnt change when there is only one AP left,ICPS,Uncontrolled search path for KAPS in Intel Killer Performance Suite - NUC13
software,Currently Active Flows remain tagged as Priority 1 after KPE is Enabled,Killer,Uncontrolled search path for KAPSService (Service Wrapper) in Intel Killer Performance Suite-NUC13
software,Usage Details setting not persisted,Killer,Uncontrolled search path for Killer DBWM in Intel Killer Performance Suite NUC13
software,Microsoft HSA Accessibility requirements,Killer,Uncontrolled search path for Killer Service Wrapper DBWM in Intel Killer Performance Suite NUC13
software,Change display of multi AP SSID groupings,Killer,Uncontrolled search path for Killer ProximityLock Service Wrapper in Intel KPS - NUC13
software,Linkspeed Warning icon showing up,Killer,Get lot of ICPS (Intel Connectivity Performance Suite) error message from Application event log
software,Korean localization for on/off is wrong - request to change it to just On/Off (english) for Korean Language,Killer,BSOD occurs during Zoom call
software,Collapsed APs shown after sleep,Killer,ICPS connectivity issues on Sky Q Broadband Router + Pulse VPN
software,After reboot usage details reverts to 7 days,Killer,ICPS 21.23.2115 .exe Install Wizard shows the No valid Dell hardware found error message on the HP system (non-English)
software,"It would show ""The current link does not internet access"" but internet was workable.",Killer,"ICPS 21.23.294 .exe installer fails to complete installation with message ""The wizard was interrupted before Intel Connectivity Performance Suite could be completely installed""."
software,Test Bug to show workflow,Killer,Ethernet missing from device discovery etl logs
software,KCC3.0 show DoubleShot Pro feature in UI when the platform was without Ethernet.,Killer,: Passcode incorrect will be shown when connect Wifi with correct passcode
software,Need registry override for enabling toast notifications by default,Killer,ICPS app fails to upgrade SW driver from 1.1122 to 2.1022
software,Does reset will touch smart access point selection pop up and Notification/auto bandwidth enable/ disable?,Killer,Dell Smartbyte APP impact T-put
software,ODM found Transmit speed/Receive Speed/Signal Strength will show -1,Killer,Speedtest upload test will be abnormal.
software,User will get dotted line in gear icon of KCC,Killer,: It will delay over 30 seconds to refresh AP info in ICPS
software,We will get dotted line in gear icon of KCC,Killer,: SSID shows &amp; instead of & if connect AP in ICPS
software,Skin transition background should be reduced to the size of the Killer image that is displayed,Killer,Killer 1675x WLAN card WIFI/BT driver release request
software,Customize Category Prioritizations popup is missing gradient texture,Killer,Enable AP Select button and 3 sub-buttons show abnormal status
software,Dashboard Prioritization Engine toggle doesnt go to Prioritization Engine Page,Killer,The Unit still need to enter password during switching saved network on the Network Health page
software,Remove deprecated Score from APs in Wi-Fi Analyzer,Killer,Killer Double shot wrong interface for firefox
software,SmartAP score bars need 2 adjustments,Killer,Install Killer WiFi  Driver find Missing text in German and incorrect translation in French and German
software,Credentials are not asked for when connecting to a new network,Killer,:ACM doesnt work when WWAN and another network are connected
software,Tencent meeting will be detect to game in ICPS,ICPS,BSOD reported on Warm Boot stress test
software,Conference Mode triggering in Killer,Killer,Total system power usage by ICPS in idle scenarios is as high as 250mW
software,ALL traffic section isnt correctly,Killer,"The ""Enable AP selection option"" still shows disable after clicking reset button"
software,You can try to connect to already connected network,Killer,Killer-Intelligence-Center-Application translate spell incorrect on French language
software,Wifi type mismatch recommendation does not go away when no longer valid,Killer,"KCC Doubleshot Pro function, change the setting to LAN or WLAN only, and test the application to see if only use LAN or WLAN traffic, but still use both (100%)"
software,Parent AP only showing connection state of top child AP,Killer,The contrast colors for some buttons have no change after enabling High Contrast
software,Applications list has draw issues and artifacts,Killer,:Vulnerability on SQLITE3 v3.36.0
software,Rivet folder found after uninstall,Killer,DO 3.1 issue - Authentication problem with MS Office products and Azure AD
software,High CPU on standard/moderate system usage,Killer,BSOD occurs due to IntcCo11X64.sys
software,Intel Dynamic Bandwidth labeled as Rivet Networks Dynamic Bandwidth Manager,Killer,Meta VR lag
software,APP download go through 5G interface when I setup APP download to Wireless.,Killer,:Max Throughput Mode doesnt work
software,I got an .Net Framework unhandled exception when I tried to open ICPS form tray icon.,ICPS,Setup will show Modify/Repair/Remove Window when I run as administrator.
software,Auto bandwidth will stop after Priority disable/ enable,Killer,APPX package step shows failure when success occasionally
software,Wifi Score by Access Point will random abnormal.,Killer,BSOD happens when starting a video meeting with DynaConnect App
software,Intel Connect service disconnected,Killer,"Tracer_ADL_ System hang and BSOD when click ""Block"" in Killer Application(Killer Intelligence Center)_v3.1322.1012"
software,"We click the test speed button, but it didnt take any response",Killer,Killer software install bug
software,"bundled SpeedTest Upload hang, abnormal recommendation in Intelligence Engine",Killer,ICPS 1.0/1.1 does not replace to ICPS 2.0 correctly by upgrade installation.
software,Connection Timeout,Killer,Installer could not setup Killer Software Component in device manager.
software,Wellnomics showing as a game,Killer,Abnormal bandwidth appearance on Killer control centers Wi-Fi analyzer
software,Encoding issue with Vimeo,Killer,The files in ICPS folder are not removed after driver is uninstalled.
software,Disable unusable arrows for recommendations,Killer,Increased power consumption caused by ICPS in 1080p Video playback scenario(+WIFI off)
software,Can Re-size the window so small it distorts things,Killer,Increased power consumption caused by ICPS in 1080p Video playback scenario(+WIFI off)
software,Smart AP selection isnt easy workable in ICPS and KCC3.0,ICPS,Power consumption increases by about 10% when ICPS is installed
software,NBA2kol2 not auto set to priority 1 in Killer,Killer,"RX conducted T-Put fail on 5GHz BW 160M channel 36,100 & BW 80M channel 36,64,161"
software,Killer 1650-1675 WLAN driver MUP file not included all driver HWID,Killer,<Dell><Nexus14/16(IDP40/60)<DVT><WIFI Function Test><conductive through put cant meet x14 spec
software,Double shot cant be enable after press double shot enable in KCC UI,Killer,The ICPS service occupies more than 1GB of memory.
software,Xtend page didnt have any streaming after another device connect to Wifi xtend,Killer,IntcCo10X64.sys Issue
software,LoL latency isnt good in ICPS and KCC3.0,ICPS,IntelAnalyticsEventLogMessages.dll Binary Issue
software,Only show authorized networks was empty.,Killer,Killer(R) Wi-Fi 6E AX1675i (AX411)-Settings&General Information still show 5G band when switch connection to a 2.4G band
software,There was an exception when I launch ICPS.,ICPS,":""Advanced Connection Manager"" tab Show Up While the very first time UWP lauch without any Connected Interface"
software,Toasts not working,Killer,the Color Contrast for ICPS has no change after High Contrast enabled
software,NEC Driver build not accumulating statistics,Killer,Color Contrast test failed on some icons of ICPS
software,Banner doesnt stretch with window,Killer,Silent install could not install KCC app.
software,"KCC would show ""The current link does not internet access"" but internet was workable.",Killer,Killer WLAN driver package v3.1121.918 - Silent command line is invalid
software,Intel Connect service says disconnected,Killer,ICPS cant be launched from All apps
software,Speedtest function check,Killer,ICPS still list in system tray after exit successfully and restart unit.
software,KCC cant restart,Killer,"The ""Reset"" button has no any tips when click it in Advanced Settings window of ICPS"
software,Crash Dump,Killer,Slow receive on Intel WiFi in Windows 11
software,Double shot verification test result,Killer,ICPSTray.exe has Description of ConsoleApp1
software,Hospot word isnt easy check,Killer,"When Entitlement bit is disabled, ICPS still could be installed but the functions cant work"
software,Killer Category Priority default configure isnt correctly in creator mode,Killer,ICPS Mode Selector without Gaming
software,Latency isnt good in Auto bandwidth mode when play LoL,Killer,ICPS cannot enter AP info if it needs to enter name and password
software,Wifi analyze block little small,Killer,High Contrast needs to change colors of app
software,Wifi AP list didnt forget old list,Killer,Snap layout feature support
software,KCC cant detect any network running application,Killer,ICPS would auto launch when right-click the icon in system tray
software,The KCC cant detect Killer1650x and E2500,Killer,"""Automatically switch to a better Access Point"" Setting cant be reset to default setting in ICPS"
software,Add 0x0AAB (MTX_Widowmaker) and 0x0AAC (MTX_Tracer) Dell SSIDs to dell lock list,Killer,ICPS cannot be minimized when maximize it and click it on the taskbar.
software,App data not updating,Killer,"ICPS will show err msg if I dont enter the AP password and click cancel/""X"" directly"
software,Dell reports KillerNetworkServiceLib.dll is missing Copyright info,Killer,Install contains typos in service descriptions
bt,Bluetooth SMONO fails to enable on ARL-S with BE200 and Windows 11 for LE audio headsets,Connectivity,AutoBandwidth could not work when I menual setup the bandwidth then trun on AutoBandwidth again.
bt,SHR and PLDR failed due to DEVICE_BUSY,YB/Lost,Please change the system model of Driver for AX211.
bt,"Disable Use LE Audio when Available option, Headset connection fail",Connectivity,Dingtalk was not shown in PRIORITIZATION PAGE.
bt,Tile cant be activated after BT 22.190+ PV with HrP2,Connectivity,"AX211 with Killer Wireless, KCC Smart AP list not available"
bt,Media Player hang with error code 0xC00D4EB6 after SONY headset re-connect,BSOD,"<Civic_TLS>Error ID	 7034(xTendSoftAPService) in event log and will appear after reboot."
bt,remove and pair again cannot discover set member or not display in scan list(CSIP)),Connectivity,Missing AX1675
bt,Sometime remove BT LE headset from BT setting take a long time (> 30 seconds),Connectivity,Killer Optimizations is always 0 in the UI
bt,BT sar table value not align the ant tool query result,RF,Tencent meeting is recognized as gaming app.
bt,Philip TAH4205XTWT headset no microphone sound.,Connectivity,Killer Wireless 1675x WiFi Driver still exists in Device Manager when the driver uninstalled form programs and features
bt,Pairing Sony earbuds failed to connect the 2nd,Connectivity,ExpressConnect Network Service being terminated when no wifi adapter present
bt,Keyboard connected but does not operate,YB/Lost,LTE support not working without SupportOemDevice in top of tree
bt,Sony Headset Volume Control sync to OS OSD fail when playing youtube music,Connectivity,Whether platform SSIDs are added into the Killer Lan driver.
bt,User cannot connect multiple controllers at the same time.,Connectivity,ICPS Entitlement bit fail
bt,Earbuds no sound after connected,Connectivity,VPro Sku still showing Game mode
bt,SONY right earbud sound is less than left earbud,Connectivity,ECDBWM Service name is inconsistent with other services
bt,"Run burn test (disable/enable) , BT lost , USB YB on production line.",YB/Lost,The Join column can be modified in Smart AP Selection.
bt,Audio Volume delayed notification sound after click volume up or volume down,Connectivity,The background color of Wireless Score would be different.
bt,Music streaming stuttering and failed to trigger file transfer,Performance,KCC no Wi-Fi Score on Windows 11_XPS 13 7390.
bt,Left Channel no sound after ending Voice call.,Connectivity,Wireless and Component HWID were not match with INF driver in mup.xml.
bt,"The RFCOMM Modem Status cmd transmition was delayed by BT controller during Bluetooth connection, resulting in a collaboration service failure.",Connectivity,No Green check on connected AP
bt,Media player cannot play after reconnecting earbuds,Connectivity,"WiFi Credential Prompter missing Thai, Hungarian localization"
bt,1st time playing local music after pair headset will 100% lag (over 3 seconds) on the media player progress bar.,Connectivity,Some localization adjustments needed for proper file output
bt,"After paired / connected the Earbuds device, many GATT devices list in Device Manager",Connectivity,ConfigurationFiles not copied if reboot is done prior to finish of customizeinstallfirstrun execution
bt,Media Player can not play with error code 0x8889000F,BSOD,KCC cant be installed from Windows Store
bt,BSOD 9F when removing headset,BSOD,KCC cant be installed from Windows Store
bt,Sony LE earbuds disconnected during teams call,Connectivity,"ICPS Enablement bit not present installation, UI shows services disconnected, but does not show invalid platform message."
bt,"Automatically switch to ""use phone"" every five seconds without BT HFP offload enabled",Connectivity,"Grouped SSID, ICPS choose the bad 1 to connect."
bt,"Compatibility with Jabra Evolve2 65 Headset. After headset mute , voice NOT heard on both side of call.",Connectivity,Can not find the configure files in C:\ProgramData\Intel\ConnectivityService folder after install ICPS.
bt,Enable Bluetooth audio offload on I2S1 instead of I2S2,Connectivity,WM_ Killer 1675X Wi-Fi Driver (SWB:F66TP) cant be installed and warning message pops up via DUP.exe
bt,BT HFP (Classic headset) fail to work when RVP BIOS disable HFP/A2DP offload + Enable LE audio,Connectivity,Only show authorized networks button not persisted
bt,BT 22.210 PV problem with BIOS Configuration for BT PPAG,Connectivity,[ICPS} Grouping doesnt change when there is only one AP left
bt,Provide a command to test Bt Fw Coredump functionality,Connectivity,Currently Active Flows remain tagged as Priority 1 after KPE is Enabled
bt,MDUT Reconnection does not meet the spec,Connectivity,Usage Details setting not persisted
bt,KDUT does Not support 6-digit number for PCDUT,Connectivity,Microsoft HSA Accessibility requirements
bt,"Intel BT will send some invalid packet during the normal usage scenario, then it will make the BT disconnected",Connectivity,Change display of multi AP SSID groupings
bt,The sound stuttering when BT speaker connect to Intel AX211,Connectivity,Linkspeed Warning icon showing up
bt,Use Bluetooth to transfer files at a low rate between Intel2Intel comparing Intel2RTK,Connectivity,Korean localization for on/off is wrong - request to change it to just On/Off (english) for Korean Language
bt,The sound has caton murmur when DUT play music with a bluetooth speaker,Connectivity,Collapsed APs shown after sleep
bt,Reboot Required Error Count has 12% error rate,Connectivity,After reboot usage details reverts to 7 days
bt,LMP response timeout during LMP feature exchange on 22.200,System Hang,"It would show ""The current link does not internet access"" but internet was workable."
bt,Connection interval doesnt meet the spec,Connectivity,Test Bug to show workflow
bt,MDUT Reconnection does not meet the spec,Connectivity,KCC3.0 show DoubleShot Pro feature in UI when the platform was without Ethernet.
bt,Bluetooth - Audio - Source radio disabled and re-enabled while playing music tone with A2DP offload fail,Connectivity,Need registry override for enabling toast notifications by default
bt,Bluetooth - Audio - Source radio disabled and re-enabled while playing music tone with A2DP offload fail,Connectivity,Does reset will touch smart access point selection pop up and Notification/auto bandwidth enable/ disable?
bt,Dell pair installed Audio offload will get disabled.,Connectivity,ODM found Transmit speed/Receive Speed/Signal Strength will show -1
bt,WHQL:Source radio disabled and re-enabled while playing music tone with A2DP offload fail,HLK,User will get dotted line in gear icon of KCC
bt,BSOD 0x7F  occurred when running HP WinPVT Restart test,BSOD,We will get dotted line in gear icon of KCC
bt,Create BR connection controller not responding complete event,System Hang,Skin transition background should be reduced to the size of the Killer image that is displayed
bt,""" 0x9F"" BSOD will occurred when connected 2 BT headset at the same time and remove BT devices ( DM show BT YB)",YB/Lost,Customize Category Prioritizations popup is missing gradient texture
bt,BSOD 0X7E occurred at BTHA2DP.sys when A2DP offload enabled,BSOD,Dashboard Prioritization Engine toggle doesnt go to Prioritization Engine Page
bt,HW error occurs when trying to send files via Samsung Quick Share app with WiFi turned Off.,Connectivity,Remove deprecated Score from APs in Wi-Fi Analyzer
bt,MDUT Swift Pair Connection - connection time does not meet the spec,Connectivity,SmartAP score bars need 2 adjustments
bt,Device Information Service - KDUT NOT found FW version and Serial Number Characteristics in ATT,Connectivity,Credentials are not asked for when connecting to a new network
bt,"BT headset occurs ""zizi"" noise when clicking the volume via ""action center"". (FR:2/2units,18/20cycles)",Connectivity,Tencent meeting will be detect to game in ICPS
bt,HLK Bluetooth - Audio - Sink increase music volume with A2DP offload fail.,HLK,Conference Mode triggering in Killer
bt,Device Information Service - MDUT NOT found FW version and Serial Number Characteristics in ATT,Connectivity,ALL traffic section isnt correctly
bt,"The PC and the mobile phone perform multi-screen collaboration, and the BR connection fails with ""connection timeout"" reason",Connectivity,You can try to connect to already connected network
bt,paging is not initiated and so on,Connectivity,Wifi type mismatch recommendation does not go away when no longer valid
bt,KDUT Reconnection - DUT Reconnection - HCI_Encription_Change increases the reconnection time.,System Hang,Parent AP only showing connection state of top child AP
bt,MDUT Reconnection - HCI_Encription_Change increases the reconnection time.,System Hang,Applications list has draw issues and artifacts
bt,MDUT Swift Pair Connection - PCDUT consumes 5 seconds before LE Create connection complete.,Connectivity,Rivet folder found after uninstall
bt,Device Information Service - MDUT FW version doesnt match.,Connectivity,High CPU on standard/moderate system usage
bt,Mouse latency on Bluetooth against Wired on ADL RVP,Connectivity,Intel Dynamic Bandwidth labeled as Rivet Networks Dynamic Bandwidth Manager
bt,IOCTL_IBT_START_ADVERTISER failed sometime on EB4 due to Race condition.,Connectivity,APP download go through 5G interface when I setup APP download to Wireless.
bt,MDUT Reconnection - HCI_Encription_Change increases the reconnection time,System Hang,I got an .Net Framework unhandled exception when I tried to open ICPS form tray icon.
bt,MDUT Reconnection - HCI_Encription_Change increases the reconnection time,System Hang,Auto bandwidth will stop after Priority disable/ enable
bt,MDUT Swift Pair Connection - PCDUT does not report ADV to Host for several seconds.,Connectivity,Wifi Score by Access Point will random abnormal.
bt,MDUT Reconnection - HCI_Encription_Change increases the reconnection time.,System Hang,Intel Connect service disconnected
bt,MDUT Swift Pair Connection - PCDUT does not report ADV to Host for several seconds.,Connectivity,"We click the test speed button, but it didnt take any response"
bt,Device Information Service - Software revision and serial number cant be found in ATT Read item.,OEM Tools,"bundled SpeedTest Upload hang, abnormal recommendation in Intelligence Engine"
bt,PCDUT APM on and off during A2DP - HDUT is disconnection after APM ON/OFF on PCDUT,Connectivity,Connection Timeout
bt,PCDUT BT ON and OFF during A2DP - There is no sound output after Bluetooth ON/OFF on PCDUT,Connectivity,Wellnomics showing as a game
bt,HLK Bluetooth A2DP test item failure with Model 2435 BM62 and Model 2411 Traduci on Win11 21H2,HLK,Encoding issue with Vimeo
bt,HDUT reconnects time more than 5 seconds,Connectivity,Disable unusable arrows for recommendations
bt,Full boot time higher due to Wireless Bluetooth (R) Filter Driver taking long time,Connectivity,Can Re-size the window so small it distorts things
bt,Device Information Service only includes PnPID and Manufacture name,Connectivity,Smart AP selection isnt easy workable in ICPS and KCC3.0
bt,Ax201 does not send out ble extend adv after PC manager enable ble multi adv,Connectivity,NBA2kol2 not auto set to priority 1 in Killer
bt,IOCTL_IBT_SET_MSFT_LE_ADVERTISEMENT_FILTER_ENABLE failed sometime during Stress test.,Connectivity,Killer 1650-1675 WLAN driver MUP file not included all driver HWID
bt,BT BR/BER connection failed between Xiaomi Phone and PC as LMP_setup not completed,Connectivity,Double shot cant be enable after press double shot enable in KCC UI
bt,0x9F BSOD when power on in AC mode .(Stop code:DRIVER POWER STATE FAILURE-0x9f),BSOD,Xtend page didnt have any streaming after another device connect to Wifi xtend
bt,"The chip does not reply to the HCI vendor command command, so that the PC cannot send out broadcasts!",Connectivity,LoL latency isnt good in ICPS and KCC3.0
bt,KDUT does not support 2nd button for ref Client.,Connectivity,Only show authorized networks was empty.
bt,MDUT does not support 2nd button for ref Client.,Connectivity,There was an exception when I launch ICPS.
bt,BT rfcomm connection between Xiaomi Phone and PC used 4s (expect <1s),Connectivity,Toasts not working
bt,"New Intel APIs integration Application send multi adv monitor patterns, only the first pattern take effective, the remained patterns didnt take effective on BT controller.",Connectivity,NEC Driver build not accumulating statistics
bt,KDUT does Not support 6-digit number for PCDUT,Connectivity,Banner doesnt stretch with window
bt,"KDUT doenst support LE Security Mode 1, Level 4",Connectivity,"KCC would show ""The current link does not internet access"" but internet was workable."
bt,Recovery during talk and work does not meet the spec due to HDUT and MDUT reconnection time.,Connectivity,Intel Connect service says disconnected
bt,Only few AVDTP_START signal on all iterations while doing HDUT power cycle with music streaming,Power Consumption,Speedtest function check
bt,"HCI_Synnchronous_Connection_Complete is not available in ""Recovery during talk and work"" TS",Connectivity,KCC cant restart
bt,The Reconnection duration does not meet spec when HDUT is during voice call streaming and connected to Input Accessories,Connectivity,Crash Dump
bt,"BR connection failed between the tablet and the PC, the PC sends LMP detach to disconnect the ACL link and the collaboration fails.",Connectivity,Double shot verification test result
bt,mobile phones failed to create a BR connection to PC with LMP response timeout Event. Tested by PC manager,Connectivity,Hospot word isnt easy check
bt,zhangjiaBluetooth bsod dump problem - FW Exception with Invalid PHY index,BSOD,Killer Category Priority default configure isnt correctly in creator mode
bt,PLDR Fail with ibterverify,YB/Lost,Latency isnt good in Auto bandwidth mode when play LoL
bt,No output from Airpods headset after waking up from hibernate,Connectivity,Wifi analyze block little small
bt,"The encryption fails when the PC is connected to the mobile phone, Encryption procedure not completed, no Encryption Change from BT controller",System Hang,Wifi AP list didnt forget old list
bt,Device Information Service only includes PnPID and Manufacture name,Connectivity,KCC cant detect any network running application
bt,"The DUT BT Log shows ""Hardware error"" when connecting to Phone.",Connectivity,The KCC cant detect Killer1650x and E2500
bt,"BT headset cant be removed while BT headset is playing video and music simultaneously(F/R: 2/2units, 4/4cycles)",Connectivity,Add 0x0AAB (MTX_Widowmaker) and 0x0AAC (MTX_Tracer) Dell SSIDs to dell lock list
bt,Theres no music sound from BT speaker (SN11RG LG Sound Bar),Connectivity,App data not updating
bt,"After S4 resume ,observe 2 endpoints,  Headset and  Headphones available at  Sound -> Playback",YB/Lost,Dell reports KillerNetworkServiceLib.dll is missing Copyright info
bt,there is no Music sound (or music seriously lag) after DUT resume from s4,Performance,Bluetooth SMONO fails to enable on ARL-S with BE200 and Windows 11 for LE audio headsets
bt,The volume becomes loudest & volume OSD fail to wrok when create Team call during music playing,Connectivity,SHR and PLDR failed due to DEVICE_BUSY
bt,Sound become stuttering and BT mouse is not smoothly when downloading file via weak 2.4G network.,Connectivity,"Disable Use LE Audio when Available option, Headset connection fail"
bt,Bluetooth driver firmware crash connecting PC to mobile PAN and do WLAN on/off,Connectivity,Tile cant be activated after BT 22.190+ PV with HrP2
bt,LE keyboard not functioning and LE mouse laggy,YB/Lost,Media Player hang with error code 0xC00D4EB6 after SONY headset re-connect
bt,Sniff Mode Parameters not meet the criteria,Connectivity,remove and pair again cannot discover set member or not display in scan list(CSIP))
bt,HDUT does not support EDR3.,Connectivity,Sometime remove BT LE headset from BT setting take a long time (> 30 seconds)
bt,MDUT Connection Supervision Timeout does not meet criteria in LLCP connection Update Indication packet.,Connectivity,BT sar table value not align the ant tool query result
bt,BT headset is disconnected when attend Teams meeting with connecting VK1 BT option KBD.,Connectivity,Philip TAH4205XTWT headset no microphone sound.
bt,BT video playing no sound after drag progress bar,Connectivity,Pairing Sony earbuds failed to connect the 2nd
bt,Pen pairing failure,Connectivity,Keyboard connected but does not operate
bt,Bluetooth PAN Throughput only 1.13 Mbps,Connectivity,Sony Headset Volume Control sync to OS OSD fail when playing youtube music
bt,Reconnection time will be delayed by Encryption change.,System Hang,User cannot connect multiple controllers at the same time.
bt,HID packet will cause the reconnection time delay.,Connectivity,Earbuds not reconnected after taking out from charging case
bt,Connection failure with Authentication failure,Connectivity,Earbuds no sound after connected
bt,ANT tool dump BT SAR table with different Tx power on LE,RF,SONY right earbud sound is less than left earbud
bt,: Observed Bluetooth device enumeration errors in WR and S4 cycling,Connectivity,"Run burn test (disable/enable) , BT lost , USB YB on production line."
bt,"After 192 hours of testing . 1 units meet BSOD 9F , F/R:1/5",BSOD,Audio Volume delayed notification sound after click volume up or volume down
bt,BT device lost  on device manager,Connectivity,Music streaming stuttering and failed to trigger file transfer
bt,System Volume bar OSD not changed when pressing hotkey to adjust volume during Teams video call with BT headset,System Hang,Left Channel no sound after ending Voice call.
bt,Bluetooth headset no sound after DUT reboot,Connectivity,"The RFCOMM Modem Status cmd transmition was delayed by BT controller during Bluetooth connection, resulting in a collaboration service failure."
bt,BT headset noise after playing music & doing fast-forward,Connectivity,Media player cannot play after reconnecting earbuds
bt,KDUT does not support Mode 1 Level 4,Connectivity,1st time playing local music after pair headset will 100% lag (over 3 seconds) on the media player progress bar.
bt,BT devices disconnected unexpectedly when watching online video with BT earphone connected,Connectivity,"After paired / connected the Earbuds device, many GATT devices list in Device Manager"
bt,BT headset cant play music smoothly while connect multiple Bluetooth devices(FR:100%),Connectivity,Media Player can not play with error code 0x8889000F
bt,BT mouse lost function and BT driver lost on Device Manager after execute WiFi PLDRTest.exe about 4-5 times.,YB/Lost,BSOD 9F when removing headset
bt,BT Speaker has no sound & Video will lag after resume from S3 with BT Speaker connected,Connectivity,Sony LE earbuds disconnected during teams call
bt,BLE connection failure with LMP response timeout,Connectivity,"Automatically switch to ""use phone"" every five seconds without BT HFP offload enabled"
bt,"HDUT cant reject 2nd incoming call from Mobile, with 1st call ongoing in PCDUT",OEM Tools,"Compatibility with Jabra Evolve2 65 Headset. After headset mute , voice NOT heard on both side of call."
bt,pop up Couldnt find a microphone on Teams after joining the call on PCDUT,Connectivity,Enable Bluetooth audio offload on I2S1 instead of I2S2
bt,Boom arm can mute/unmute but not reflect on Teams UI,Connectivity,BT HFP (Classic headset) fail to work when RVP BIOS disable HFP/A2DP offload + Enable LE audio
bt,"Intel BT device is shown as Korean character when customer make DUI in Korean language under Audit mode, then choose English language.",Connectivity,BT 22.210 PV problem with BIOS Configuration for BT PPAG
bt,Stream music wont be paused when HDUT BT turn off,Connectivity,Remove 32 bit installers
bt,Advertising Duty Cycle complaint test is not meeting the SPEC requirement,Connectivity,Provide a command to test Bt Fw Coredump functionality
bt,HDUT not support Sniff Subrating Mode,Connectivity,MDUT Reconnection does not meet the spec
bt,HDUT not support terminate call button,Connectivity,KDUT does Not support 6-digit number for PCDUT
bt,KDUT and MDUT do not support swift pair.,Connectivity,"Intel BT will send some invalid packet during the normal usage scenario, then it will make the BT disconnected"
bt,"HDUT does not support mute/unmute button, it can only support boom arm for mute/unmute",Connectivity,The sound stuttering when BT speaker connect to Intel AX211
bt,HDUT advertising PDU NOT contains PDY Type as ADV_IND.,Connectivity,Use Bluetooth to transfer files at a low rate between Intel2Intel comparing Intel2RTK
bt,HDUT only support FW upgrade through Android Phone.,Connectivity,The sound has caton murmur when DUT play music with a bluetooth speaker
bt,HDUT does not have AT + BIEV when battery level is 5% or greater change,System Hang,Reboot Required Error Count has 12% error rate
bt,NDA-V KBD BLE Pre-pairing Reconnect Failure,Connectivity,LMP response timeout during LMP feature exchange on 22.200
bt,DUT connect phone is due to security reasons  fail FR:1/100.,Connectivity,Connection interval doesnt meet the spec
bt,"LE mouse could not re-connected if leaving it alone 30+ minutes.Fatal Exception HCI_Complex(0x02), HCI_EXC_EVENT_BUF_OVERFLOW_4(0x04)",BSOD,MDUT Reconnection does not meet the spec
bt,Swift Pair Generation of non-resolvable private address - HDUT is using public address,Connectivity,Bluetooth - Audio - Source radio disabled and re-enabled while playing music tone with A2DP offload fail
bt,DID Profile Version - Lenovo Go does not have DID profile version,Connectivity,Bluetooth - Audio - Source radio disabled and re-enabled while playing music tone with A2DP offload fail
bt,"When switch on and off Bluetooth Button repeatedly from the operation center, the BT button sometime is not working. At the same time, there is 0x9f BSOD when reboot the PC.",BSOD,Dell pair installed Audio offload will get disabled.
bt,BT gets abnormal sometimes if connecting LE mouse and BT earphone,Connectivity,WHQL:Source radio disabled and re-enabled while playing music tone with A2DP offload fail
bt,Jabra Evolve 65 has noise voice during a phone call,Connectivity,BSOD 0x7F  occurred when running HP WinPVT Restart test
bt,BT headset and BT mouse occurred lag simultaneously when playing online video.,Connectivity,Create BR connection controller not responding complete event
bt,[Win10 HLK Bluetooth - 4LeSpecification (Development and Integration) cause BT lost and pop up a USB unknown device.,HLK,""" 0x9F"" BSOD will occurred when connected 2 BT headset at the same time and remove BT devices ( DM show BT YB)"
bt,The BT driver lost during running disable/Enable test tool on production line.,Connectivity,BSOD 0X7E occurred at BTHA2DP.sys when A2DP offload enabled
bt,DID profile 1.3 version is not available,Connectivity,HW error occurs when trying to send files via Samsung Quick Share app with WiFi turned Off.
bt,"D570 - Intel AX211 Bluetooth, BT device cant remove successfully when the Bluetooth headset is connected  with SST driver V10.29.0.7541.",Connectivity,MDUT Swift Pair Connection - connection time does not meet the spec
bt,Cannot find DUT Tile in TILE Mobile App (TMA) on the phone when DUT enter to S4/D2,Connectivity,Device Information Service - KDUT NOT found FW version and Serial Number Characteristics in ATT
bt,BT fw crashed(EventID =7 in BTHUSB) in beta users,Connectivity,"BT headset occurs ""zizi"" noise when clicking the volume via ""action center"". (FR:2/2units,18/20cycles)"
bt,"When the machine is connected to 2.4g network for downloading services, the Bluetooth headset brokenly plays online music on the Bluetooth search interface",Connectivity,HLK Bluetooth - Audio - Sink increase music volume with A2DP offload fail.
bt,22.140.0.4 causes YB on ADL+HrP HW,YB/Lost,Device Information Service - MDUT NOT found FW version and Serial Number Characteristics in ATT
bt,HDUT can not have success Role Switch with iPhone,Connectivity,"The PC and the mobile phone perform multi-screen collaboration, and the BR connection fails with ""connection timeout"" reason"
bt,"Stable Modulation Characteristics, uncoded data at 1 Ms/s and 2Ms/s Freq Deviation df1avg out of limits",RF,paging is not initiated and so on
bt,No sound came from JBL4 BT speaker after first connection with BT driver v22.120.,Connectivity,KDUT Reconnection - DUT Reconnection - HCI_Encription_Change increases the reconnection time.
bt,Mouse Lags & Audio Glitches while connected to 2.4ghz Wi-Fi,Performance,MDUT Reconnection - HCI_Encription_Change increases the reconnection time.
bt,Generation of non-resolvable private address is not used by HDUT,Connectivity,MDUT Swift Pair Connection - PCDUT consumes 5 seconds before LE Create connection complete.
bt,AVRCP profile version is not 1.6.2,Connectivity,Device Information Service - MDUT FW version doesnt match.
bt,A2DP profile version is not v1.3.1,Connectivity,Mouse latency on Bluetooth against Wired on ADL RVP
bt,The DUT connect fail with phone during running stress test(FW Fatal exception and Hardware error observed),Connectivity,IOCTL_IBT_START_ADVERTISER failed sometime on EB4 due to Race condition.
bt,Tile Ring pulse irregularity,Connectivity,MDUT Reconnection - HCI_Encription_Change increases the reconnection time
bt,BT search interface show blank when searching overnight,Connectivity,MDUT Reconnection - HCI_Encription_Change increases the reconnection time
bt,"The Bluetooth device will be auto change to ""Paired"". (Huawei Freelace)",System Hang,MDUT Swift Pair Connection - PCDUT does not report ADV to Host for several seconds.
bt,BT headset and BT mouse occurred lag simultaneously when playing online video.,Connectivity,MDUT Reconnection - HCI_Encription_Change increases the reconnection time.
bt,during Disconnected Standby/Hibernate test,Connectivity,MDUT Swift Pair Connection - PCDUT does not report ADV to Host for several seconds.
bt,DUT BSOD 0x7e occurred during reboot.,BSOD,Device Information Service - Software revision and serial number cant be found in ATT Read item.
bt,YB or adapter not passing LE traffic in office,YB/Lost,PCDUT APM on and off during A2DP - HDUT is disconnection after APM ON/OFF on PCDUT
bt,Bluetooth Headphone device state doesnt remain in  D2 while system is asleep.,Power Consumption,PCDUT BT ON and OFF during A2DP - There is no sound output after Bluetooth ON/OFF on PCDUT
bt,3 instances of High THD+N (greater than 3%) observed in Music Streaming for 7 hours (performance check),Performance,HLK Bluetooth A2DP test item failure with Model 2435 BM62 and Model 2411 Traduci on Win11 21H2
bt,DUT can not transfer files to unpaired pc,Connectivity,HDUT reconnects time more than 5 seconds
bt,BSOD occurs when connect a mobile hotspot by bluetooth with ACPI SDEV table enabled.,BSOD,Full boot time higher due to Wireless Bluetooth (R) Filter Driver taking long time
bt,DUT can not transfer file immediately after S4 resume.,Connectivity,Device Information Service only includes PnPID and Manufacture name
bt,Mouse Lags & Audio Glitches when Bluetooth Mouse used with Bluetooth Headset while connected to 2.4ghz Wi-Fi,Connectivity,Ax201 does not send out ble extend adv after PC manager enable ble multi adv
bt,The left and right channel are revered,Connectivity,IOCTL_IBT_SET_MSFT_LE_ADVERTISEMENT_FILTER_ENABLE failed sometime during Stress test.
bt,"No sound out put from BT headset """" and ""Huawei freebuds studio""",Connectivity,BT BR/BER connection failed between Xiaomi Phone and PC as LMP_setup not completed
bt,Unable to run testharness tool on HostPC,Connectivity,0x9F BSOD when power on in AC mode .(Stop code:DRIVER POWER STATE FAILURE-0x9f)
bt,DUTs sound cant be output from Jawbone BIG JAMBOX Wireless Bluetooth Speaker via BT connecting after reboot the DUT.,Connectivity,"The chip does not reply to the HCI vendor command command, so that the PC cannot send out broadcasts!"
bt,Audio glitches occur when connected to 2.4ghz Wi-Fi band,Connectivity,KDUT does not support 2nd button for ref Client.
bt,Mouse lags occur during ongoing download in background when connected to 2.4ghz Wi-Fi band,Performance,MDUT does not support 2nd button for ref Client.
bt,Cannot find BT microphone after connected BT headset (Surface Headphones,Connectivity,BT rfcomm connection between Xiaomi Phone and PC used 4s (expect <1s)
bt,LMP Version with JfP/Solar and JfP/Quasar shows as 11 indicating incorrect Certification Version,RF,"New Intel APIs integration Application send multi adv monitor patterns, only the first pattern take effective, the remained patterns didnt take effective on BT controller."
bt,BT speaker is automatically disconnected during video play AAC - Decode error observed,Connectivity,KDUT does Not support 6-digit number for PCDUT
bt,DUT does not have green circle after Tile activation.,Connectivity,"KDUT doenst support LE Security Mode 1, Level 4"
bt,"Connect BT headset to system, and then it will only show connected voice and the sound out put from PC speaker.",Connectivity,Recovery during talk and work does not meet the spec due to HDUT and MDUT reconnection time.
bt,"Connect BT headset to system, and then it will only show connected voice and the sound out put from PC speaker.",Connectivity,Only few AVDTP_START signal on all iterations while doing HDUT power cycle with music streaming
bt,"DUT stop ADV after using ""shutdown /s /f /t 0"" command",Connectivity,"HCI_Synnchronous_Connection_Complete is not available in ""Recovery during talk and work"" TS"
bt,Incorrect Message while upgrading from WirelessSetup.Exe or SFX installer And Incorrect XML File,Connectivity,The Reconnection duration does not meet spec when HDUT is during voice call streaming and connected to Input Accessories
bt,DUT with BT name setting as specific charset cannot connect remote.,Connectivity,"BR connection failed between the tablet and the PC, the PC sends LMP detach to disconnect the ACL link and the collaboration fails."
bt,the sound from BT headset was exchanged between left channel and right channel.,System Hang,mobile phones failed to create a BR connection to PC with LMP response timeout Event. Tested by PC manager
bt,BT headset no Sound after playing music & doing fast-forward,Connectivity,zhangjiaBluetooth bsod dump problem - FW Exception with Invalid PHY index
bt,SLP_S0 not asserted caused by BT driver while doing Modern Standby with BT Off.,YB/Lost,PLDR Fail with ibterverify
bt,The Left and Right sounds on BT headset which is reverse.,Connectivity,No output from Airpods headset after waking up from hibernate
bt,Airpod Pro during zoom call 100% have backgound noise (RTK didnt have noise at same platform),Connectivity,"The encryption fails when the PC is connected to the mobile phone, Encryption procedure not completed, no Encryption Change from BT controller"
bt,BT headset is repeatedly disconnected and connected during playing music with BT offload enabled,Connectivity,Device Information Service only includes PnPID and Manufacture name
bt,BSOD occurs during playing music and turning on and off airplane mode,BSOD,"The DUT BT Log shows ""Hardware error"" when connecting to Phone."
bt,YB Observed with Truu application in office/ Fatal exception errorid LEC_EXC_CONNECTION_PREPARATION_FAILED_3(0x10),YB/Lost,"BT headset cant be removed while BT headset is playing video and music simultaneously(F/R: 2/2units, 4/4cycles)"
bt,Lenovo Go doesnt meet dynamic Role Switch feature,Connectivity,Theres no music sound from BT speaker (SN11RG LG Sound Bar)
bt,BT speaker is automatically disconnected during video play - Decode error observed,Connectivity,"After S4 resume ,observe 2 endpoints,  Headset and  Headphones available at  Sound -> Playback"
bt,BT headset related devices show yellow bang in device manager after resuming from hibernation,YB/Lost,there is no Music sound (or music seriously lag) after DUT resume from s4
bt,BT show YB in DM after resume from S3 + Airplane mode test,YB/Lost,The volume becomes loudest & volume OSD fail to wrok when create Team call during music playing
bt,"When BT Tile Mode enable/disable with BT LED Config On, the system cant enter modern standby during Bluetooth off.",Connectivity,Sound become stuttering and BT mouse is not smoothly when downloading file via weak 2.4G network.
bt,No sound output from BT headset after DUT resuming from shut down,Connectivity,Bluetooth driver firmware crash connecting PC to mobile PAN and do WLAN on/off
bt,Bluetooth Off under airplane mode takes 25 seconds if BT Audio Offload is enabled.,Connectivity,LE keyboard not functioning and LE mouse laggy
bt,Audio noise observed during DC mode when close lid or sleep with BT offload enabled,Power Consumption,Sniff Mode Parameters not meet the criteria
bt,BT Audio Device output Left and Right channel is reversed,Connectivity,HDUT does not support EDR3.
bt,BT headset playing music have lag symptom (with BLE mouse connected),Connectivity,MDUT Connection Supervision Timeout does not meet criteria in LLCP connection Update Indication packet.
bt,"Tile Ring with duration/interval 0 parameter will stop unexpected in the middle of 60 seconds when Androids TMA stays at ""Done"" UI.",Connectivity,BT headset is disconnected when attend Teams meeting with connecting VK1 BT option KBD.
bt,"Allow Bluetooth devices to find this PC function always is ""ON"" after resume from S3/S4/S5/reboot",Connectivity,BT video playing no sound after drag progress bar
bt,BT yellow bang during BT on/off aging test,YB/Lost,Pen pairing failure
bt,BT headset no Sound after playing music & doing fast-forward,Connectivity,Bluetooth PAN Throughput only 1.13 Mbps
bt,ibterverify version mismatch,Connectivity,Reconnection time will be delayed by Encryption change.
bt,"BT Controller asserted - BT_INT spontaneously without User ""Done"" input.",YB/Lost,HID packet will cause the reconnection time delay.
bt,Advertising Duty Cycle complaint test is not meeting the SPEC requirement,Connectivity,Connection fail to be established
bt,A2DP Offload feature is enabled in JfP on TGL and HrP on ADL when feature is not supported.,Connectivity,Connection failure with LMP response timeout
bt,Bluetooth device will show YB and YB code is 10 when running BT device disable and enable test.,YB/Lost,Connection failure with Authentication failure
bt,YB( Yellow Bang) Bluetooth issue PV1 stage when run test ALT SAS (S4),YB/Lost,ANT tool dump BT SAR table with different Tx power on LE
bt,Intel AX201 BT Device lost on Device Manager. ( F/R: 100%),Connectivity,: Observed Bluetooth device enumeration errors in WR and S4 cycling
bt,OPP degradation when playing music with A2dp offload enabled,Connectivity,"After 192 hours of testing . 1 units meet BSOD 9F , F/R:1/5"
bt,Sound is not heard from a specific BT headset on Windows 11,Connectivity,BT device lost  on device manager
bt,"YourPhone Host is selecting packet type as 3EV3 with 16 slots which is commonly not used in Hfp Offload and not validated use case,",Connectivity,System Volume bar OSD not changed when pressing hotkey to adjust volume during Teams video call with BT headset
bt,BT headset suddenly no sound when doing UX music steaming for long time,Connectivity,Bluetooth headset no sound after DUT reboot
bt,BT driver show YB a after removing BT paired devices at BT setting UI,YB/Lost,BT headset noise after playing music & doing fast-forward
bt,"The Bluetooth speaker normally sends a connection broadcast, and the packet is sent at an interval of 20ms, and the PC side does not receive the broadcast for up to 22s.",Connectivity,KDUT does not support Mode 1 Level 4
bt,Strange name of msi package appears when removing BT driver,Connectivity,BT devices disconnected unexpectedly when watching online video with BT earphone connected
bt,BT headset/speaker take 10-15 sec to re-connect when music is playing,Connectivity,BT headset cant play music smoothly while connect multiple Bluetooth devices(FR:100%)
bt,BT scan nothing when BT inquiry + BT A2DP music playing test together.,Connectivity,BT mouse lost function and BT driver lost on Device Manager after execute WiFi PLDRTest.exe about 4-5 times.
bt,BT mouse/keyboard does not work if trying to use it after leaving it about 10+ minutes or turn it off and on,YB/Lost,BT Speaker has no sound & Video will lag after resume from S3 with BT Speaker connected
bt,BT audio chopping after entering modern standby,Connectivity,Connection failure with Connection timeout
bt,"The unit will occur 0X0C4 BSOD when running ""System - PNP (disable and enable) with IO Before and After (Reliability)"" to Run test(Driver Verifier)(FR:3/3 times)",BSOD,BLE connection failure with LMP response timeout
bt,"The unit will occur 0X0C4 BSOD when running ""System - PNP (disable and enable) with IO Before and After (Reliability)"" to Run test(Driver Verifier).",BSOD,"HDUT cant reject 2nd incoming call from Mobile, with 1st call ongoing in PCDUT"
bt,Intel AX211 Bluetooth:BT headset show lag with BT audio offload enabled,Connectivity,pop up Couldnt find a microphone on Teams after joining the call on PCDUT
bt,The Bluetooth connection between PC and cell phone is not stable when make phone call with Your Phone app on BT audio offload enabled models.,Connectivity,Boom arm can mute/unmute but not reflect on Teams UI
bt,"22.80.1.1 GFP driver doesnt have 19H1/19H2/20H1/20H2/21H1 WHQL sign , only have 21H2 sign.",HLK,"Intel BT device is shown as Korean character when customer make DUI in Korean language under Audit mode, then choose English language."
bt,Tile activation device will be gone due to driver backward compatibility issue.,YB/Lost,Stream music wont be paused when HDUT BT turn off
bt,BT YB after Sx (Error Code 43),YB/Lost,Advertising Duty Cycle complaint test is not meeting the SPEC requirement
bt,Intel 9560 Wireless Bluetooth will show Yellow Bang during S3 stress test,YB/Lost,HDUT not support Sniff Subrating Mode
bt,P15 Gen2 QN20E1 & QN20E5: Win11: HLK: System - PNP with IO test solid BSOD C4 @ caused by Intel BT driver,BSOD,HDUT not support terminate call button
bt,"Error message ""your speaker arent working"" pops ups when do video call by Teams with BT headset connected.",Connectivity,KDUT and MDUT do not support swift pair.
bt,AAC BT headset have glitch or lag when playing A2DP music.,Connectivity,"HDUT does not support mute/unmute button, it can only support boom arm for mute/unmute"
bt,DUT OPP received picture will show abnormal if transferring files with BT headset music playing,Connectivity,HDUT advertising PDU NOT contains PDY Type as ADV_IND.
bt,"BT headset 100% fail to mute , still can hear volume after mute",Connectivity,HDUT only support FW upgrade through Android Phone.
bt,"Groove music show ""Cant play"" when connect to BT headset/BT speaker with local video played.",Connectivity,HDUT does not have AT + BIEV when battery level is 5% or greater change
bt,Bluetooth Audio Noise (like Bubble Sound) Issue in VoiP Call (Lenovo SoundBar),Connectivity,NDA-V KBD BLE Pre-pairing Reconnect Failure
bt,AAC headset have sound lag issue (CND when platform disable A2DP offload or Chg to SBC headset ),Performance,DUT connect phone is due to security reasons  fail FR:1/100.
bt,Intel AX211 Bluetooth: BT headset will show auto switch between connect/disconnect when paired,Connectivity,"LE mouse could not re-connected if leaving it alone 30+ minutes.Fatal Exception HCI_Complex(0x02), HCI_EXC_EVENT_BUF_OVERFLOW_4(0x04)"
bt,BT mouse cannot work after idle or paired successfully.,Connectivity,Swift Pair Generation of non-resolvable private address - HDUT is using public address
bt,BT scanning page show message Try connecting your device again  when HP 935/635 BLE mouse to be 2nd paired mouse,Connectivity,DID Profile Version - Lenovo Go does not have DID profile version
bt,System found the BSOD 0x7F when run the HLK : System - PNP (disable and enable) with IO Before and After (Reliability) test failed due to unexpected reboot.(FR: 2/3),BSOD,"When switch on and off Bluetooth Button repeatedly from the operation center, the BT button sometime is not working. At the same time, there is 0x9f BSOD when reboot the PC."
bt,Ring function cant work after system go to S4/S5 and doing ring action.,OEM Tools,BT gets abnormal sometimes if connecting LE mouse and BT earphone
bt,"In the BT function test, it is found that the Intel BT device is missing, and the device manager checks that the driver is still there but the yellow feeling has appeared.",Connectivity,Jabra Evolve 65 has noise voice during a phone call
bt,BT headset cant hear voice and mic not workable during a phone call,Connectivity,BT headset and BT mouse occurred lag simultaneously when playing online video.
bt,"HLK-Bluetooth - HciExtension1 (Bring Up) fails with Reserved flags (0xffffffffffffff80) are set by the radio, they should be zeroed out.",BSOD,Connection Rejected due to security reasons between Xiaomi Pad and PC
bt,BT 5.0 mouse not moving smoothly when use v22.60.0.6,Connectivity,[Win10 HLK Bluetooth - 4LeSpecification (Development and Integration) cause BT lost and pop up a USB unknown device.
bt,It takes a long time for connecting LE mouse after leaving 20+ minutes,Connectivity,The BT driver lost during running disable/Enable test tool on production line.
bt,"Ring function cant stop immediately on S0/MSC/S4/S5, will cause status mixing.",OEM Tools,DID profile 1.3 version is not available
bt,Tile app can activate when BIOS is not enable Intile by Feature byte.,UEFI,"D570 - Intel AX211 Bluetooth, BT device cant remove successfully when the Bluetooth headset is connected  with SST driver V10.29.0.7541."
bt,Bluetooth headphones cant auto reconnect after S3 resume.,Connectivity,Cannot find DUT Tile in TILE Mobile App (TMA) on the phone when DUT enter to S4/D2
bt,BT Mouse will automatically disconnect after unit connected to the BT mouse.,Connectivity,PC create BR connection with error: Connection Rejected due to security reasons
bt,LE mouse does not work with 22.60.0.6,Connectivity,BT fw crashed(EventID =7 in BTHUSB) in beta users
bt,"Connect the Bluetooth headset for a Bluetooth search, and the Bluetooth drive is missing",Connectivity,"When the machine is connected to 2.4g network for downloading services, the Bluetooth headset brokenly plays online music on the Bluetooth search interface"
bt,Bluetooth headphones cant auto reconnect after S3 resume.,Connectivity,22.140.0.4 causes YB on ADL+HrP HW
bt,DUT connect to BT mouse auto disconnect a little time in Signal shielding room.(FR:5%),Connectivity,HDUT can not have success Role Switch with iPhone
bt,The BT device is repeatedly reconnected and disconnected with 22.60 driver.,Connectivity,"Stable Modulation Characteristics, uncoded data at 1 Ms/s and 2Ms/s Freq Deviation df1avg out of limits"
bt,System hang up when sending large size file via AX211 BT with C state enabled.,System Hang,No sound came from JBL4 BT speaker after first connection with BT driver v22.120.
bt,Bluetooth radio keep refreshing when moving Bluetooth mouse,Connectivity,Mouse Lags & Audio Glitches while connected to 2.4ghz Wi-Fi
bt,Samsung mouse could not be connected to PC after mouse off and on,Connectivity,Generation of non-resolvable private address is not used by HDUT
bt,Windows Update cancelled because of PnP error rate.,Connectivity,AVRCP profile version is not 1.6.2
bt,BT does not work after resume from S4,Connectivity,A2DP profile version is not v1.3.1
bt,BT does not work after resume from S4,Connectivity,The DUT connect fail with phone during running stress test(FW Fatal exception and Hardware error observed)
bt,"The audio switching from the system to the Bluetooth headset is delayed after reconnected.(F/R:2/2 units,4/4 times)",Connectivity,Tile Ring pulse irregularity
bt,PC did not receive Scan response packet from mobile phone,Connectivity,BT search interface show blank when searching overnight
bt,Lost address information of connectable adv from non-connectable advertising during ModernStandby,Connectivity,"The Bluetooth device will be auto change to ""Paired"". (Huawei Freelace)"
bt,GFP and TyP show inbox generic driver in DM  (RVP also repro),Connectivity,BT headset and BT mouse occurred lag simultaneously when playing online video.
bt,"BT devices cannot be scanned at BT ""Add a device"" interface when A2DP Offload music streaming is playing.",Connectivity,during Disconnected Standby/Hibernate test
bt,HW Error occures if using Quick Share app while BLE advertising by SmartThings,Connectivity,DUT BSOD 0x7e occurred during reboot.
bt,BT mouse cursor always lag during S0 for several minutes,Connectivity,YB or adapter not passing LE traffic in office
bt,BLE mouse disconnect during usage,Connectivity,Bluetooth Headphone device state doesnt remain in  D2 while system is asleep.
bt,ADL platform cannot install  ADL BETA driver 22.30.0.2 (T-Layout),Connectivity,3 instances of High THD+N (greater than 3%) observed in Music Streaming for 7 hours (performance check)
bt,Device not started (BTHUSB) error with 0xC00000B5 (STATUS_IO_TIMEOUT),BSOD,DUT can not transfer files to unpaired pc
bt,Failure to find signed driver/Code 52 after upgrade for INF install,Connectivity,BSOD occurs when connect a mobile hotspot by bluetooth with ACPI SDEV table enabled.
bt,BT mouse auto disconnect when joining zoom call.,Connectivity,DUT can not transfer file immediately after S4 resume.
bt,Sound of local video has noise output from BT headset after end video call via skype and local video played.,Connectivity,Unable to establish BLE connection
bt,BT function full lost during on-line game playing.,Connectivity,Mouse Lags & Audio Glitches when Bluetooth Mouse used with Bluetooth Headset while connected to 2.4ghz Wi-Fi
bt,BSOD 0x5c after restart by manual(FR:2/600 units),BSOD,The left and right channel are revered
bt,"Unplugged AC adapter, found the sound will obviously lag about 2~4s.",Performance,"No sound out put from BT headset """" and ""Huawei freebuds studio"""
bt,BT scan failed after resume from connected standby,Connectivity,Unable to run testharness tool on HostPC
bt,"Unplugged AC adapter, found the sound will obviously lag about 2~4s.",Performance,DUTs sound cant be output from Jawbone BIG JAMBOX Wireless Bluetooth Speaker via BT connecting after reboot the DUT.
bt,BT headset has noise when use SKYPE,Connectivity,Audio glitches occur when connected to 2.4ghz Wi-Fi band
bt,AX201/AX211 device will YB after warm boot,YB/Lost,Mouse lags occur during ongoing download in background when connected to 2.4ghz Wi-Fi band
bt,BT WU requirement always fail show in MSFT server.,Connectivity,Cannot find BT microphone after connected BT headset (Surface Headphones
bt,DVT2_Italia TGL_ YB_Error_37_Driver_ Stress_S4_The system show Add Intel(R) Wireless BT(R) YB.,YB/Lost,LMP Version with JfP/Solar and JfP/Quasar shows as 11 indicating incorrect Certification Version
bt,BT mouse cursor lag during S0 ( repro at HP employee working laptop),Connectivity,BT speaker is automatically disconnected during video play AAC - Decode error observed
bt,Music lag 1~2 sec by Freelace BT headphone.,Connectivity,DUT does not have green circle after Tile activation.
bt,BT mouse was disconnected suddenly.,Connectivity,"Connect BT headset to system, and then it will only show connected voice and the sound out put from PC speaker."
bt,BT YB after BT off/on,YB/Lost,"Connect BT headset to system, and then it will only show connected voice and the sound out put from PC speaker."
bt,"User createdMulti-screen Collaboration for a while, find Intel BT device shows YB(code 10)",YB/Lost,"DUT stop ADV after using ""shutdown /s /f /t 0"" command"
bt,"System hang 3 times and unexpected shutdown1 time, keyboard is lost frequently.(SN:038347305253) BT",YB/Lost,Incorrect Message while upgrading from WirelessSetup.Exe or SFX installer And Incorrect XML File
bt,System foundthe BT KBD and Mouse disconnected then cant find any device.,Connectivity,DUT with BT name setting as specific charset cannot connect remote.
bt,IWFT enters non-functional state for long run with WiFi Disabled,Connectivity,the sound from BT headset was exchanged between left channel and right channel.
bt,BT HFP/A2DP fail to work,Connectivity,BT headset no Sound after playing music & doing fast-forward
bt,USB device(Non AOU port) drop out when use BT/WLAN device sometimes.,Connectivity,SLP_S0 not asserted caused by BT driver while doing Modern Standby with BT Off.
bt,FW exception pointing to WD Kick2 (Reported on EB),Connectivity,The Left and Right sounds on BT headset which is reverse.
bt,"DUT send abnormal InstaDock Beacon after reboot (repro at v23.80 ,v23.70 CND, AX211 CND).",Connectivity,Airpod Pro during zoom call 100% have backgound noise (RTK didnt have noise at same platform)
bt,"HP InstaDock fail send 2 Docks beacon at the same time (repro at v23.80 ,v23.70 CND, AX211 CND).",Connectivity,BT headset is repeatedly disconnected and connected during playing music with BT offload enabled
bt,"The ""Intel Bluetooth"" device lost in DM after the system idle overnight",Connectivity,BSOD occurs during playing music and turning on and off airplane mode
bt,Mouse reconnect fail and scan list empty  (LE Scan List Empty),Connectivity,YB Observed with Truu application in office/ Fatal exception errorid LEC_EXC_CONNECTION_PREPARATION_FAILED_3(0x10)
bt,BT driver YB,YB/Lost,Lenovo Go doesnt meet dynamic Role Switch feature
bt,"[Surface][LNL+FmP2][PCIe][Audio Offload][23.80, 23.90][QUN2][EarFun UBOOM L portable Bluetooth Speaker]: Fails to render audio[AAC codec]",Connectivity,BT speaker is automatically disconnected during video play - Decode error observed
bt,ibtOemToolsSarEnableExt ExtInf in Tools folder is not having same Pre-Prod Certificate as in P Layout,RF,BT headset related devices show yellow bang in device manager after resuming from hibernation
bt,BLE link disconnection caused by connection timeout,Connectivity,BT show YB in DM after resume from S3 + Airplane mode test
bt,Test Bug,Connectivity,"When BT Tile Mode enable/disable with BT LED Config On, the system cant enter modern standby during Bluetooth off."
bt,BLE Init Failure post integration to BIOS,Connectivity,No sound output from BT headset after DUT resuming from shut down
bt,BT Device lost due to TOP exception during S4 cycle - Clean WA from FW/Driver to retrieve debug,Connectivity,Bluetooth Off under airplane mode takes 25 seconds if BT Audio Offload is enabled.
bt,Fw exception occurred on self-host user,Connectivity,Audio noise observed during DC mode when close lid or sleep with BT offload enabled
bt,BT lost during S4 stress testing,Connectivity,BT Audio Device output Left and Right channel is reversed
bt,BT device lost during S4.,Connectivity,BT headset playing music have lag symptom (with BLE mouse connected)
bt,BT show YB after run ME tool or S4 stress test,YB/Lost,"Tile Ring with duration/interval 0 parameter will stop unexpected in the middle of 60 seconds when Androids TMA stays at ""Done"" UI."
bt,[MSFT][LNL-MX][PCI][PST] Bluetooth Yellow Bang in Sx Cycle scenarios with WI-Fi data [ Operation Mode ],YB/Lost,"Allow Bluetooth devices to find this PC function always is ""ON"" after resume from S3/S4/S5/reboot"
bt,BT YB after DC mode reboot stress,YB/Lost,BT yellow bang during BT on/off aging test
bt,BT enumerators and RFCOMM Protocol TDI disappears after hybridshutdown,YB/Lost,BT headset no Sound after playing music & doing fast-forward
bt,BT FATAL exception when S4 stress test (PLDR can recovery it),YB/Lost,ibterverify version mismatch
bt,BT Device lost in Sx Cycle with BT 23.60.5.6 and EVQS CPU EESIT SMT configuration,Connectivity,"BT Controller asserted - BT_INT spontaneously without User ""Done"" input."
bt,WiFi 11axLB Tx BT A2DP - A2DP Bug Title,Connectivity,Advertising Duty Cycle complaint test is not meeting the SPEC requirement
bt,DRTU BT TX power can not keep transmit (issue CND at MTL+GaP),Power Consumption,A2DP Offload feature is enabled in JfP on TGL and HrP on ADL when feature is not supported.
bt,Disconnect button is not displayed in the UI when connected.,Connectivity,Bluetooth device will show YB and YB code is 10 when running BT device disable and enable test.
bt,Running DRTU BT driver YB,YB/Lost,YB( Yellow Bang) Bluetooth issue PV1 stage when run test ALT SAS (S4)
bt,BSOD when upgrading driver from 23.65.0.10 to 23.60.5.6,BSOD,Intel AX201 BT Device lost on Device Manager. ( F/R: 100%)
bt,ANT tool BT PPAG cmd fail,Connectivity,OPP degradation when playing music with A2dp offload enabled
bt,Bluetooth HE error event during resume from hibernate during PST testing,Connectivity,Sound is not heard from a specific BT headset on Windows 11
bt,hcitool not responding to rdbdaddr command on BT over PCIe,System Hang,"YourPhone Host is selecting packet type as 3EV3 with 16 slots which is commonly not used in Hfp Offload and not validated use case,"
bt,Late LE audio reconnection of second bud (Galaxy Buds2 Pro),Connectivity,BT headset suddenly no sound when doing UX music steaming for long time
bt,Bluetooth Device is missing in CS and S4 cycles.,Connectivity,BT driver show YB a after removing BT paired devices at BT setting UI
bt,BT device lost when running reboot aging (1/100),Connectivity,"The Bluetooth speaker normally sends a connection broadcast, and the packet is sent at an interval of 20ms, and the PC side does not receive the broadcast for up to 22s."
bt,"Sometimes after several hibernate and resume, bluetooth will be lost in device manager.",Connectivity,Strange name of msi package appears when removing BT driver
bt,Bluetooth device lost when doing stress S4 and coldboot,Connectivity,BT headset/speaker take 10-15 sec to re-connect when music is playing
bt,BT Device is going hidden in device manager after restart.,Connectivity,BT scan nothing when BT inquiry + BT A2DP music playing test together.
bt,BT Cursor does not move smoothly by using BT soft-KB trackpad when BT audio/video call is active,Connectivity,BT mouse/keyboard does not work if trying to use it after leaving it about 10+ minutes or turn it off and on
bt,BT device has possibility to report wrong HWID with no driver installed condition.,Connectivity,BT audio chopping after entering modern standby
bt,BT exception,Connectivity,"The unit will occur 0X0C4 BSOD when running ""System - PNP (disable and enable) with IO Before and After (Reliability)"" to Run test(Driver Verifier)(FR:3/3 times)"
bt,"Remove folder names, file names and any other text in the installers and INFs indicating",Connectivity,"The unit will occur 0X0C4 BSOD when running ""System - PNP (disable and enable) with IO Before and After (Reliability)"" to Run test(Driver Verifier)."
bt,LE anchor point and CIS 2nd and 3rd subevent overlaps,Connectivity,Intel AX211 Bluetooth:BT headset show lag with BT audio offload enabled
bt,Timer drift is observed with BT Connection manager driver after integrating it,Connectivity,The Bluetooth connection between PC and cell phone is not stable when make phone call with Your Phone app on BT audio offload enabled models.
bt,Call state not issued from host during Teams call,Connectivity,"22.80.1.1 GFP driver doesnt have 19H1/19H2/20H1/20H2/21H1 WHQL sign , only have 21H2 sign."
bt,BT missing after S4 resume,Connectivity,Tile activation device will be gone due to driver backward compatibility issue.
bt,The bluetooth driver is lost when running disable/enable bluetooth driver test. - Investigate USB Erratic Errors in Integrated Products,Connectivity,BT YB after Sx (Error Code 43)
bt,DUT cant advertise beacon in S4/S5 even using a PG3-disabled BIOS,OEM Tools,Intel 9560 Wireless Bluetooth will show Yellow Bang during S3 stress test
bt,DUT doesnt send beacon after HP Dock attached,Connectivity,P15 Gen2 QN20E1 & QN20E5: Win11: HLK: System - PNP with IO test solid BSOD C4 @ caused by Intel BT driver
bt,Bluetooth lost when do restart and S4 test with debug EB,Connectivity,"Error message ""your speaker arent working"" pops ups when do video call by Teams with BT headset connected."
bt,"call active, R power off, L no sound for 5~10 sec",Power Consumption,AAC BT headset have glitch or lag when playing A2DP music.
bt,"Outgoing call, ringtone no sound after a while (ASUS DESKTOP)(always)",Connectivity,DUT OPP received picture will show abnormal if transferring files with BT headset music playing
bt,Japan BLE Tx Power must not exceed at 6dBm,Power Consumption,"BT headset 100% fail to mute , still can hear volume after mute"
bt,LE HID device does pairing iteration to lead multiple device name in Bluetooth Setting.,Connectivity,"Groove music show ""Cant play"" when connect to BT headset/BT speaker with local video played."
bt,BT YB after S4 resume,YB/Lost,Bluetooth Audio Noise (like Bubble Sound) Issue in VoiP Call (Lenovo SoundBar)
bt,Remove old ADV/SCAN APIs (via BTSIG_HCI _CMD) from on Magnetar and later products,Connectivity,AAC headset have sound lag issue (CND when platform disable A2DP offload or Chg to SBC headset )
bt,The bluetooth driver is lost when resume from S4,Connectivity,Intel AX211 Bluetooth: BT headset will show auto switch between connect/disconnect when paired
bt,BT missing after S4 resume,Connectivity,BT mouse cannot work after idle or paired successfully.
bt,Fail to pair BLE mouse when HP Dock feature been enabled at HP platform,Connectivity,BT scanning page show message Try connecting your device again  when HP 935/635 BLE mouse to be 2nd paired mouse
bt,Intel BT Yellow bang durning Reboot(Aging 156 Fail) and wil have event ID 17 on S4 aging.,YB/Lost,System found the BSOD 0x7F when run the HLK : System - PNP (disable and enable) with IO Before and After (Reliability) test failed due to unexpected reboot.(FR: 2/3)
bt,HP platform fail to send BT adv after install intel InstaDock PV build,Connectivity,Ring function cant work after system go to S4/S5 and doing ring action.
bt,Intel GfP2 HG 1216 module FCC BT LE report power is mismatched with setting power.,Power Consumption,"In the BT function test, it is found that the Intel BT device is missing, and the device manager checks that the driver is still there but the yellow feeling has appeared."
bt,00827651 - DRTU BLE Hopping error,OEM Tools,BT headset cant hear voice and mic not workable during a phone call
bt,Teams call no sound when using Philips headset.,Connectivity,"HLK-Bluetooth - HciExtension1 (Bring Up) fails with Reserved flags (0xffffffffffffff80) are set by the radio, they should be zeroed out."
bt,00827651 - DRTU BLE Hopping error,OEM Tools,BT 5.0 mouse not moving smoothly when use v22.60.0.6
bt,GaP QS BT Tx Power will exceed BT SAR BRDS BIOS limit (GaP ES2 test pass only fail at GaP QS),RF,It takes a long time for connecting LE mouse after leaving 20+ minutes
bt,Host not initiating connection to set member,Connectivity,"Ring function cant stop immediately on S0/MSC/S4/S5, will cause status mixing."
bt,"ACL Peripheral Scheduling ACK priority - After connecting the BR3.0 Bluetooth mouse (MSFT) and Bluetooth earphones to the DUT, the mouse pointer will drift randomly when downloading and playing music online.",Connectivity,Tile app can activate when BIOS is not enable Intile by Feature byte.
bt,L and R not sync in Teams call,Connectivity,Bluetooth headphones cant auto reconnect after S3 resume.
bt,L and R not synced in music streaming,Connectivity,BT Mouse will automatically disconnect after unit connected to the BT mouse.
bt,"Disable Use LE audio when available with on dula mode device, teams call no sound after BT off/on",Connectivity,LE mouse does not work with 22.60.0.6
bt,"Swift Pair connected with Use LE audio when available disabled, after connection host will reconnect LE portion",Connectivity,"Connect the Bluetooth headset for a Bluetooth search, and the Bluetooth drive is missing"
bt,Samsung buds 2 still render music when volume state is in mute,Connectivity,Bluetooth headphones cant auto reconnect after S3 resume.
bt,BT MCC jump to 3030 due to Wi-Fi,Connectivity,DUT connect to BT mouse auto disconnect a little time in Signal shielding room.(FR:5%)
bt,BT Device missing - NO_SUCH_DEVICE,YB/Lost,The BT device is repeatedly reconnected and disconnected with 22.60 driver.
bt,"reconnecting earbud, second earbud connected 5 ~ 10 seconds after first bud was reconnected",Connectivity,System hang up when sending large size file via AX211 BT with C state enabled.
bt,"HLK ""Bluetooth - CIS Establishment Test"" fail with ERROR: CIS_establishment ERROR - Received an error failure notification, failing test",HLK,Bluetooth radio keep refreshing when moving Bluetooth mouse
bt,Mic no sound during teams call,Connectivity,Samsung mouse could not be connected to PC after mouse off and on
bt,Team call cannot be terminated with CCP,Connectivity,Windows Update cancelled because of PnP error rate.
bt,Multi-Control (SPP) cannot connect to android tablet. (cherry pick fix of DUT sends LMP_Set_AFH as a peripheral),Connectivity,BT does not work after resume from S4
bt,Wechat call active disconnect 1 bud other earbuds downlink no sound,Connectivity,BT does not work after resume from S4
bt,"YB assert 0x315 when running S4 aging and WRT preset ""Gacrux"" ( D3 -> D0 )",YB/Lost,"The audio switching from the system to the Bluetooth headset is delayed after reconnected.(F/R:2/2 units,4/4 times)"
bt,DRTU crashed issue,OEM Tools,PC did not receive Scan response packet from mobile phone
bt,"After SONY headset disconnect to host , user re-connect earbud will have no sound or media platey can not play symptom",Connectivity,Lost address information of connectable adv from non-connectable advertising during ModernStandby
bt,LE audio headset out of range during voice call test will cause no sound/quality issue,Connectivity,GFP and TyP show inbox generic driver in DM  (RVP also repro)
bt,DV LE Mouse Lags and laggy A2DP audio,Performance,"BT devices cannot be scanned at BT ""Add a device"" interface when A2DP Offload music streaming is playing."
wifi,WIfi YB happened randomly,YB/Lost,HW Error occures if using Quick Share app while BLE advertising by SmartThings
wifi,PC didnt receive packets from android several times so android device finally decided to disconnect from PC.,Connectivity,BT mouse cursor always lag during S0 for several minutes
wifi,AX101 WiFi throughput drop when BT is enabled but not connected to BT device,Connectivity,BLE mouse disconnect during usage
wifi,"During the installation of WINDOWS 10, enter audit mode and install WIFI & BT DRIVER blue screen occurs",BSOD,ADL platform cannot install  ADL BETA driver 22.30.0.2 (T-Layout)
wifi,UHB CH213 HE160Mhz conductive throughput can not meet Lenovo criteria at high attenuation,Performance,Device not started (BTHUSB) error with 0xC00000B5 (STATUS_IO_TIMEOUT)
wifi,"BSOD IRQL_NOT_LESS_OR_EQUAL (a), Netwtw10.sys",BSOD,Failure to find signed driver/Code 52 after upgrade for INF install
wifi,PPAG does not work on KILLER1690i,Killer,BT mouse auto disconnect when joining zoom call.
wifi,BSOD 0x7E happened which related with Intel WLAN when system reboot,BSOD,Sound of local video has noise output from BT headset after end video call via skype and local video played.
wifi,WiFi YB,YB/Lost,BT function full lost during on-line game playing.
wifi,Excessive Roaming and Disconnects on AX201 - HSBC see excessive roaming and disconnects on wifi networks on systems equipped with Intel wireless AX201 and AC-9560.,Connectivity,BSOD 0x5c after restart by manual(FR:2/600 units)
wifi,Garbage occurs on the miracast projection screen when the WLAN is connected to a 11ax AP,Connectivity,"Unplugged AC adapter, found the sound will obviously lag about 2~4s."
wifi,softap created at 2.4G channel,Connectivity,BT scan failed after resume from connected standby
wifi,Wi-Fi sensing - WoA distance doesnt meet the KPI.,Connectivity,"Unplugged AC adapter, found the sound will obviously lag about 2~4s."
wifi,PC uses Miracast for screen projectionview mang garbage,Connectivity,BT headset has noise when use SKYPE
wifi,Wi-Fi sensing - WoA distance doesnt meet the KPI,Connectivity,AX201/AX211 device will YB after warm boot
wifi,20~30% throughput degradation on Rx with sensing enabled and AP configured to AX 160 MHz - Pending DCR-1991,Performance,BT WU requirement always fail show in MSFT server.
wifi,Ping timeout causes end-user Wi-Fi connectivity issues (lag/feel like disconnect....etc),Connectivity,DVT2_Italia TGL_ YB_Error_37_Driver_ Stress_S4_The system show Add Intel(R) Wireless BT(R) YB.
wifi,5G band not allowed for GO after Assert 0x19d7,YB/Lost,BT mouse cursor lag during S0 ( repro at HP employee working laptop)
wifi,Specific to Cisco9115 WiFi6 AP 11an/11ac throughput degradation,Connectivity,Music lag 1~2 sec by Freelace BT headphone.
wifi,RFQ Throughput Evaluation...abnormal throughput at 2.4GHz 40MHz channel 6L 11n mode TX direction,Performance,BT mouse was disconnected suddenly.
wifi,"After rebooting, scan list is empty",Connectivity,BT YB after BT off/on
wifi,System longer boot(circling) time after install WLAN 22.170.2.1(With DMAr Eanble),Connectivity,"User createdMulti-screen Collaboration for a while, find Intel BT device shows YB(code 10)"
wifi,"After the WiFi driver is upgraded to version 160, there are more than 900 unknown threads in the message center, which are always blocked, and this problem occurs only after the driver i",Connectivity,"System hang 3 times and unexpected shutdown1 time, keyboard is lost frequently.(SN:038347305253) BT"
wifi,uCode error (EventID 5002) after roam.,YB/Lost,System foundthe BT KBD and Mouse disconnected then cant find any device.
wifi,Compatibility issues with ixVeriwave,Connectivity,IWFT enters non-functional state for long run with WiFi Disabled
wifi,WiFi device YB fatal error assert_0x201013f2,YB/Lost,BT HFP/A2DP fail to work
wifi,TAS enable some question for AX411 - DCR-1833 should fix,RF,USB device(Non AOU port) drop out when use BT/WLAN device sometimes.
wifi,Client fail to response for EAPOL,Connectivity,FW exception pointing to WD Kick2 (Reported on EB)
wifi,"After CurieF loads the PIE DLL, calling WifiGetAdapterList cannot return the adapter correctly",Connectivity,"DUT send abnormal InstaDock Beacon after reboot (repro at v23.80 ,v23.70 CND, AX211 CND)."
wifi,Wi-Fi sensing WOA&WAL distance and WAL time not confirm to Intel KPI,RF,"HP InstaDock fail send 2 Docks beacon at the same time (repro at v23.80 ,v23.70 CND, AX211 CND)."
wifi,Wi-Fi sensing WOA&WAL distance exceeds Intel KPI,RF,"The ""Intel Bluetooth"" device lost in DM after the system idle overnight"
wifi,Samsung S21 (WiFi 6) has been limited at downlink throughput (around 160Mbps) while connecting with AX211 WiFi hotspot (22.160.0.3),Power Consumption,Mouse reconnect fail and scan list empty  (LE Scan List Empty)
wifi,AX201 as GO doesnt respond to auth frame of GC,Connectivity,BT driver YB
wifi,"CurieF and mobile phone cooperate with Huawei multi-screen, softap is created in 2.4G",Connectivity,"[Surface][LNL+FmP2][PCIe][Audio Offload][23.80, 23.90][QUN2][EarFun UBOOM L portable Bluetooth Speaker]: Fails to render audio[AAC codec]"
wifi,Unexpected information shown in the Network Connection,Connectivity,ibtOemToolsSarEnableExt ExtInf in Tools folder is not having same Pre-Prod Certificate as in P Layout
wifi,AX210 sometimes would not reported 6GHz functionality in assoc req(assert=0x201013f2,YB/Lost,BLE link disconnection caused by connection timeout
wifi,Client WiFi fails to locate 6 GHz APs.,Connectivity,Test Bug
wifi,WiFi YB when run Reboot test,YB/Lost,BLE Init Failure post integration to BIOS
wifi,Wi-Fi sensing WOA&WAL distance exceeds Intel KPI.,RF,BT Device lost due to TOP exception during S4 cycle - Clean WA from FW/Driver to retrieve debug
wifi,Conducted TX spectrum Mask fail IEEE specification,RF,Fw exception occurred on self-host user
wifi,Conducted TX spectrum flatness fail IEEE specification,RF,Cleanup of NPI Product IDs from Sustain INF
wifi,Wlan YB code 10 when run reboot aging,YB/Lost,BT lost during S4 stress testing
wifi,unable to output debug log on HP machine,Connectivity,BT device lost during S4.
wifi,"Because the DUT missed beacon happening ,  cause to the DUT will switch to weak signal AP automatically",Connectivity,UE speaker failed to render SBC
wifi,AX210 sometimes would not reported 6GHz functionality in assoc req(assert=0x200008fe),YB/Lost,BT show YB after run ME tool or S4 stress test
wifi,BSOD (0x7e)The dump points to the WLAN,BSOD,[MSFT][LNL-MX][PCI][PST] Bluetooth Yellow Bang in Sx Cycle scenarios with WI-Fi data [ Operation Mode ]
wifi,DMAr setting typo in WifiDrv08Customizations.inf,Connectivity,BT YB after DC mode reboot stress
wifi,BSOD occurs when resuming after Hibernation orFast Startup,BSOD,BT enumerators and RFCOMM Protocol TDI disappears after hybridshutdown
wifi,0XD1 BSOD when codeboot,BSOD,BT FATAL exception when S4 stress test (PLDR can recovery it)
wifi,The output power of WLAN module in country mode: US/low power mode cant meet the spec,Power Consumption,BT Device lost in Sx Cycle with BT 23.60.5.6 and EVQS CPU EESIT SMT configuration
wifi,Audio playback are not smooth after connecting to the projector.,YB/Lost,WiFi 11axLB Tx BT A2DP - A2DP Bug Title
wifi,PPAG function doesnt work when countrycode is set to CB(China).,RF,DRTU BT TX power can not keep transmit (issue CND at MTL+GaP)
wifi,Not able to disable Chain A/B separately through registry keys anymore,Connectivity,Disconnect button is not displayed in the UI when connected.
wifi,-Device Manager show YB on WLAN when the connected network switches channels with Indonesia AR6 OS. -- Ucode Assert 0x8FE,YB/Lost,Running DRTU BT driver YB
wifi,Installation Error with WiFi_DRV_SA,Connectivity,BSOD when upgrading driver from 23.65.0.10 to 23.60.5.6
wifi,"System will auto roam to AP and trigger disconnect ,because many packets lost in FW.",Connectivity,ANT tool BT PPAG cmd fail
wifi,WPA3 Roaming Isssue,Connectivity,Bluetooth HE error event during resume from hibernate during PST testing
wifi,System hang on ASUS logo by BitLocker Network unlock function with UEFI-Release-221522272.,System Hang,hcitool not responding to rdbdaddr command on BT over PCIe
wifi,WiFi profile not showing expected 11ax in Protocol after changing wireless modes in properties,System Hang,Late LE audio reconnection of second bud (Galaxy Buds2 Pro)
wifi,Intel9560 WiFi(2.4G 802.11n)WiFi data rate in OS not meet with spec,Connectivity,Bluetooth Device is missing in CS and S4 cycles.
wifi,UNII4 is not supported on DRTU,OEM Tools,BT device lost when running reboot aging (1/100)
wifi,MCC query result does not comply with working MCC,Connectivity,"Sometimes after several hibernate and resume, bluetooth will be lost in device manager."
wifi,CITU not work when running testing.,OEM Tools,Bluetooth device lost when doing stress S4 and coldboot
wifi,"Connected to a network 5G WiFi shows no network, cannot acquire IP address",Connectivity,BT Device is going hidden in device manager after restart.
wifi,PC SoftAP send data to phone client based only BW 20Mhz,Connectivity,Pointing to bc_EnableBriCompression during D2 to D0 transition.
wifi,HE160 RU-26T/52T Tx power issue for 6-7GHz,Power Consumption,BT Cursor does not move smoothly by using BT soft-KB trackpad when BT audio/video call is active
wifi,"Lenovo PM found WLAN frequently YB during daily work(F/R: 2-3 times one day) FW assert 0x310, 0xA5A5A5A2",YB/Lost,BT device has possibility to report wrong HWID with no driver installed condition.
wifi,2.4GHz band Adaptivity failure on AX211D2W,Connectivity,BT exception
wifi,"WiFi Spectrum Mask, EVM and Power tolerance questions",Power Consumption,"Remove folder names, file names and any other text in the installers and INFs indicating"
wifi,T-put(STA <-->AP) become low if enable hotspot when connected with AP 160M BW,Power Consumption,LE anchor point and CIS 2nd and 3rd subevent overlaps
wifi,Cannot get IP address after switching or roaming to other AP,Connectivity,Timer drift is observed with BT Connection manager driver after integrating it
wifi,UEFI-Release-221522232 function Scan error.,UEFI,Call state not issued from host during Teams call
wifi,Connection Drop with specific AP(RXAE500) during 2nd Screen connection (Miracasting),Connectivity,BT missing after S4 resume
wifi,"WLAN switches from the 2.4G channel to 5G, PC cannot obtain the IP address, and the issue only happening on PV 22.150",Connectivity,The bluetooth driver is lost when running disable/enable bluetooth driver test. - Investigate USB Erratic Errors in Integrated Products
wifi,pc sap does not receive frames,Connectivity,DUT cant advertise beacon in S4/S5 even using a PG3-disabled BIOS
wifi,The Canada OTP values in v22.150 of DRTU exceed Maximum output power from Canada 6E certification of  AX211 module report,Power Consumption,DUT doesnt send beacon after HP Dock attached
wifi,PC transmit data to PAD will get Tx Faild due to reason 0x83 and 0x91,BSOD,Bluetooth lost when do restart and S4 test with debug EB
wifi,"FATAL_ERROR: uCode ASSERT(UMAC, rtStatus = 0x20101058, log is  valid. data1 = 0xb, data2 = 0x0)",YB/Lost,"call active, R power off, L no sound for 5~10 sec"
wifi,"CurieF and mobile phone cooperate with Huawei multi-screen, softap is created in 2.4G",Connectivity,"Outgoing call, ringtone no sound after a while (ASUS DESKTOP)(always)"
wifi,Using 2.2.15 release & observe scan hang(1.2.11.22527 can not repro),System Hang,Japan BLE Tx Power must not exceed at 6dBm
wifi,WLAN speed status does not meet spec,Connectivity,LE HID device does pairing iteration to lead multiple device name in Bluetooth Setting.
wifi,WiFi Properties show 11ac when AX201 connected to iPhone 12 Pro Max hotspot (11ax mode),Power Consumption,BT YB after S4 resume
wifi,scan list is empty after resume from MS,Connectivity,Remove old ADV/SCAN APIs (via BTSIG_HCI _CMD) from on Magnetar and later products
wifi,"the fatal error ASSERT(UMAC, rtStatus = 0x20003204 cause to the P2P connection is abnormally disconnected",YB/Lost,The bluetooth driver is lost when resume from S4
wifi,invitation failure with no P2P_IE_ATTRIBUTE_TYPE_OPERATING_CHANNEL,Connectivity,BT missing after S4 resume
wifi,Samsung S21 (WiFi 6) has bad downlink throughput while connecting with AX211 WiFi hotspot (22.140.0.3/22.150.0.3),Power Consumption,Fail to pair BLE mouse when HP Dock feature been enabled at HP platform
wifi,Wlan driver v22.150.0.3 installation will pop up error message via intel installer,Connectivity,Intel BT Yellow bang durning Reboot(Aging 156 Fail) and wil have event ID 17 on S4 aging.
wifi,#NAME?,RF,HP platform fail to send BT adv after install intel InstaDock PV build
wifi,"After roaming to AP2, AX200 responded with an ACK to messages that were sent from AP1 - which is not allowed",Connectivity,Intel GfP2 HG 1216 module FCC BT LE report power is mismatched with setting power.
wifi,AX201- IPv6 SLAAC (Stateless Address Auto-configuration) not working reliably after Sleep/Hibernate,Power Consumption,00827651 - DRTU BLE Hopping error
wifi,GfP4 Power Management Tab in Device Manager on Modern Standby platform,Power Consumption,Teams call no sound when using Philips headset.
wifi,Intel AX201 Wi-Fi is off when unplug AC adapter or idle at DC mode,Connectivity,00827651 - DRTU BLE Hopping error
wifi,"YB uCode ASSERT(UMAC, rtStatus = 0x20000315, log is  valid. data1 = 0x4, data2 = 0x200)",YB/Lost,GaP QS BT Tx Power will exceed BT SAR BRDS BIOS limit (GaP ES2 test pass only fail at GaP QS)
wifi,EB PHWFW05997_22.130.0.5 cant test MU-MIMO 160MHz in 5GHz,OEM Tools,Host not initiating connection to set member
wifi,[Dell][RPLS][CSLP][Widowmaker MLK][WW18]observed Driver log errors pointing Wi-Fi Driver during S4 and S5 cycling [fw assert0x315],YB/Lost,"ACL Peripheral Scheduling ACK priority - After connecting the BR3.0 Bluetooth mouse (MSFT) and Bluetooth earphones to the DUT, the mouse pointer will drift randomly when downloading and playing music online."
wifi,"Connect to 2.4G WiFi to turn on the hotspot(5G), and then turn on the hotspot again after hibernation, it shows that the hotspot cannot be turned on",Power Consumption,L and R not sync in Teams call
wifi,Intel AX201 WLAN shows YB after connect WLAN AP around 15m.,YB/Lost,L and R not synced in music streaming
wifi,9260 didnt take action as receiving BTM for transition from 2G to 5G.,Connectivity,"Disable Use LE audio when available with on dula mode device, teams call no sound after BT off/on"
wifi,The PIE service has stuck cause to GetSupportedChannels does not return a value.,System Hang,"Swift Pair connected with Use LE audio when available disabled, after connection host will reconnect LE portion"
wifi,Why is the AX211 TH(Thailand) power on 2.4G/5G-B1/5G-B4 are follows US not EU? - DCR-1747,Power Consumption,Samsung buds 2 still render music when volume state is in mute
wifi,Station would connect 5G channel 149 BW160 with only 11n which is  not align with JfP/Quasar JfP/Solar,RF,BT MCC jump to 3030 due to Wi-Fi
wifi,BSOD occurs after add Wifi network on F3 then boot to OS,BSOD,BT Device missing - NO_SUCH_DEVICE
wifi,"System will show ""No dispalys are available"" when press Win+K via Miracast.",Connectivity,"reconnecting earbud, second earbud connected 5 ~ 10 seconds after first bud was reconnected"
wifi,Intel WLAN AX211 driver cannot be install,Connectivity,"HLK ""Bluetooth - CIS Establishment Test"" fail with ERROR: CIS_establishment ERROR - Received an error failure notification, failing test"
wifi,Intel WiFi Module MU-MIMO Conducted EVM failure in 2462MHz 40MHz Bandwidth,Connectivity,Mic no sound during teams call
wifi,Systme cannot search Wi-Fi direct device starting from 22.120 (22.110 no issue),Connectivity,"Walk out of range and resume back in distance, device failed to get reconnected"
wifi,5GHz Ch132 80MHz Beacon CANT be scanned by AX210 w/ MCC GB,OEM Tools,Team call cannot be terminated with CCP
wifi,"WLAN Driver YB (error code 10/43) when running S4 in Win11R OS, pass with 22.50.0.7, fail with 22.80.0.9 and newer",YB/Lost,Multi-Control (SPP) cannot connect to android tablet. (cherry pick fix of DUT sends LMP_Set_AFH as a peripheral)
wifi,System show 7c BSoD when reboot.,BSOD,Wechat call active disconnect 1 bud other earbuds downlink no sound
wifi,There are Event ID 5002 in log after running WiFi Connection Reliability test.,YB/Lost,"YB assert 0x315 when running S4 aging and WRT preset ""Gacrux"" ( D3 -> D0 )"
wifi,There are Event ID 4003 in log after running WiFi Connection Reliability test.,Connectivity,DRTU crashed issue
wifi,There are Event ID 5002 in log after running WiFi Connection Reliability test.,YB/Lost,"After SONY headset disconnect to host , user re-connect earbud will have no sound or media platey can not play symptom"
wifi,Warmboot stress testing meet WLAN YB,YB/Lost,LE audio headset out of range during voice call test will cause no sound/quality issue
wifi,NobelE fails to call the PIE interface and gets the country code as 0,Connectivity,DV LE Mouse Lags and laggy A2DP audio
wifi,Slow download throughput when FIPS enabled on the client.,Performance,WIfi YB happened randomly
wifi,0x9F_3_SETPOWER_IMAGE_Netwtw10.sys --Wdf01000!FxPkgFdo::_PowerPassDown+0x79,BSOD,PC didnt receive packets from android several times so android device finally decided to disconnect from PC.
wifi,Reset/Recovery error due to different asserts during Disconnected Standby/Hibernate test,YB/Lost,AX101 WiFi throughput drop when BT is enabled but not connected to BT device
wifi,WiFi 5010 system events and 0x1997 asserts still happens with 22.130.0.5,YB/Lost,"During the installation of WINDOWS 10, enter audit mode and install WIFI & BT DRIVER blue screen occurs"
wifi,SUT met BSOD:DRIVER_POWER_STATE_FAILURE(0x9f) when executing stress 3DMark.,BSOD,UHB CH213 HE160Mhz conductive throughput can not meet Lenovo criteria at high attenuation
wifi,WW power level on chain A/B are not followed DV power table definition,Power Consumption,"BSOD IRQL_NOT_LESS_OR_EQUAL (a), Netwtw10.sys"
wifi,The 5G channel is empty and created on a 2.4g channel.,Connectivity,PPAG does not work on KILLER1690i
wifi,Reset/Recovery instances due to different asserts during Disconnected Standby/Hibernate test,YB/Lost,BSOD 0x7E happened which related with Intel WLAN when system reboot
wifi,"WiFi 6e channels could not be connected when selecting ""Open"" as Authentication Method on Access Point",Connectivity,WiFi YB
wifi,SIP110836 - EB 1040 G6 / Huawei / GC / Intel WLAN Unexpected Roaming Issue / PC APJ / CN,Connectivity,Excessive Roaming and Disconnects on AX201 - HSBC see excessive roaming and disconnects on wifi networks on systems equipped with Intel wireless AX201 and AC-9560.
wifi,Cannot connect when AP is stealth enabled.,Connectivity,Garbage occurs on the miracast projection screen when the WLAN is connected to a 11ax AP
wifi,Connect to WLAN to play online video and drive YB appearserror code10,YB/Lost,softap created at 2.4G channel
wifi,Connect to WLAN to play online video and drive YB appearserror code43,YB/Lost,Wi-Fi sensing - WoA distance doesnt meet the KPI.
wifi,Frequent throughput drops when device resumes from Hibernate/DS,Connectivity,PC uses Miracast for screen projectionview mang garbage
wifi,during Disconnected Standby/Hibernate test,Connectivity,Wi-Fi sensing - WoA distance doesnt meet the KPI
wifi,Losing audio while using teams,Connectivity,DDD Log file size does not increase during the test and didnt record the full test
wifi,Reset/Recovery instances due to asserts 0x4424 during Disconnected Standby/Hibernate tests,YB/Lost,20~30% throughput degradation on Rx with sensing enabled and AP configured to AX 160 MHz - Pending DCR-1991
wifi,The DUT will disconnect from AP due to the miss beacon happen,Connectivity,Ping timeout causes end-user Wi-Fi connectivity issues (lag/feel like disconnect....etc)
wifi,"""Multi-Screen Collaboration"" will disconnect via PC manager -  Tx Faild due to reason 0x91.",BSOD,5G band not allowed for GO after Assert 0x19d7
wifi,The user cannot connect to any hotspot after waking up from sleep,Power Consumption,Specific to Cisco9115 WiFi6 AP 11an/11ac throughput degradation
wifi,latitude 7320 2in1 <AX201_WiFi> Event ID 5010 (driver assert 0xB697)  while boot to OS/ resume from MODS,YB/Lost,RFQ Throughput Evaluation...abnormal throughput at 2.4GHz 40MHz channel 6L 11n mode TX direction
wifi,The wlan list is empty when system resume from MS. (cycle FR: 1/20; DUT FR:1/12),Connectivity,"After rebooting, scan list is empty"
wifi,"uCode ASSERT(LMAC1, rtStatus = 0x4424",YB/Lost,System longer boot(circling) time after install WLAN 22.170.2.1(With DMAr Eanble)
wifi,Restart stress test happen BSOD point to Netwtw10.sys (BUGCODE_NDIS_DRIVER_LIVE_DUMP (15e)) on Factory Build(F/R:1/300 units) - ndis!ndisMReenumerateFailedAdapterInternal,BSOD,"After the WiFi driver is upgraded to version 160, there are more than 900 unknown threads in the message center, which are always blocked, and this problem occurs only after the driver i"
wifi,Code 10 on device during Sx resume,Connectivity,uCode error (EventID 5002) after roam.
wifi,BSOD 0x9f occurred during restarting DUT.,BSOD,Compatibility issues with ixVeriwave
wifi,The WLAN device showsshow YB(code 10) in device manager when idle,YB/Lost,WiFi device YB fatal error assert_0x201013f2
wifi,"blue screen during use, and then the machine restarted. Blue screen code: DRIVER_POWER_STATE_FAILURE, bugcheck: 0x9F. D drive has dump.",BSOD,TAS enable some question for AX411 - DCR-1833 should fix
wifi,SUT will automatically wake up from S3 to S0 after running PETS or Mesh Commander,Connectivity,Client fail to response for EAPOL
wifi,5G band not allowed for GO after Assert.,YB/Lost,"After CurieF loads the PIE DLL, calling WifiGetAdapterList cannot return the adapter correctly"
wifi,Desense Impact With LPDDR5 Speed 5200MT/s,Performance,Wi-Fi sensing WOA&WAL distance and WAL time not confirm to Intel KPI
wifi,Driver does non FT roaming ignoring OS request to reassoc as FT which causes OS to trigger disconnect post non FT association,Connectivity,Wi-Fi sensing WOA&WAL distance exceeds Intel KPI
wifi,wake up in DC mode and cant find any AP after sleep,Power Consumption,"The DLL of PIE is loaded successfully, but some interfaces of PIE are called and return errors"
wifi,FCC low power level on chain B is not followed DV power table definition,Power Consumption,Samsung S21 (WiFi 6) has been limited at downlink throughput (around 160Mbps) while connecting with AX211 WiFi hotspot (22.160.0.3)
wifi,WIFI reconnection taking too long (>20sec) after turning OFF/ON WIFI Radio with 6E Access Point,Connectivity,AX201 as GO doesnt respond to auth frame of GC
wifi,BSOD 0x7e occurred during running MS.,BSOD,"CurieF and mobile phone cooperate with Huawei multi-screen, softap is created in 2.4G"
wifi,Queried result of CDB SAR table by ANT tool was different from that by WRT tool,RF,Unexpected information shown in the Network Connection
wifi,"CH165 explicit RU values for 2,4, and 8mhz BW are being set to the incorrect power",Power Consumption,AX210 sometimes would not reported 6GHz functionality in assoc req(assert=0x201013f2
wifi,Lower Power Level on CcP Module driver version 22.100 than version 21.120 to meet Band Edge Specs,Power Consumption,Client WiFi fails to locate 6 GHz APs.
wifi,"Assert 5002- FATAL_ERROR: uCode ASSERT(LMAC1, rtStatus = 0x2B83, log is  valid. data1:0x4e5000, data2:0xdeadbeef)",YB/Lost,WiFi YB when run Reboot test
wifi,Indra: Error seen with Wifi OTP commit,Connectivity,Wi-Fi sensing WOA&WAL distance exceeds Intel KPI.
wifi,"Assert 5002- FATAL_ERROR: uCode ASSERT(UMAC, rtStatus = 0x2010350D, log is  valid. data1 = 0x0, data2 = 0xdeadbeef)",YB/Lost,Conducted TX spectrum Mask fail IEEE specification
wifi,Reset/Recovery instances due to different asserts 0x3030 during Disconnected Standby/Hibernate test,YB/Lost,Conducted TX spectrum flatness fail IEEE specification
wifi,Delta between GfP2 QS/SRA accounting for DRTU not outputting MCS 15 properly,OEM Tools,Wlan YB code 10 when run reboot aging
wifi,Unable to run testharness tool on HostPC,Connectivity,Invalid cipher key provided by OS.  Loss of network connectivity.
wifi,"9462(TA-J88400-007) WLAN YB(100%) on ICL/TGL platform, while no issue with 9462(TA-J88400-006)",YB/Lost,unable to output debug log on HP machine
wifi,"iphone 13 enable the hotspot, the test machine shows WiFi5 (not Wifi6)after connecting to the hotspot",Power Consumption,"Because the DUT missed beacon happening ,  cause to the DUT will switch to weak signal AP automatically"
wifi,WLAN Assert 0x90 while T-put test with Jperf-2.0.2,YB/Lost,AX210 sometimes would not reported 6GHz functionality in assoc req(assert=0x200008fe)
wifi,"YB FATAL_ERROR: uCode ASSERT(UMAC, rtStatus = 0x0000DEAD, log is not valid(0x7da851e2)When run PC_Stress_MultiMedia_00300, one unit(SKU1-35) meet WLAN YB FR 1/10 unit",YB/Lost,BSOD (0x7e)The dump points to the WLAN
wifi,"Unexpected ""TASK_DISCONNECT(GO)"" from OS when PC transfer big file(3.6GB) to Phone",Connectivity,DMAr setting typo in WifiDrv08Customizations.inf
wifi,Connect to WLAN to play online video and drive YB appearserror code43,YB/Lost,BSOD occurs when resuming after Hibernation orFast Startup
wifi,Queried result of CDB SAR table by ANT tool was different from that by WRT tool,RF,0XD1 BSOD when codeboot
wifi,WiFi YellowBang w/ WiFi 22.80.1.1 + BT 22.100.0.2,Connectivity,The output power of WLAN module in country mode: US/low power mode cant meet the spec
wifi,WLAN Driver YB when running Reboot.,YB/Lost,Audio playback are not smooth after connecting to the projector.
wifi,wifi list show empty and it need to be restored via close the WiFi switch and then turn it on,Connectivity,PPAG function doesnt work when countrycode is set to CB(China).
wifi,L860R+ mobile hot-spot clients disconnect after playing video for 1-2 minutes,Power Consumption,Not able to disable Chain A/B separately through registry keys anymore
wifi,Yellow Bang encountered when machine is left idle for few hours while connected to Wi-Fi network,YB/Lost,-Device Manager show YB on WLAN when the connected network switches channels with Indonesia AR6 OS. -- Ucode Assert 0x8FE
wifi,"WHQL test item ""Wlan Test - Wlan Device Reset Check"" failed",HLK,Installation Error with WiFi_DRV_SA
wifi,p2p connection failure with Samsung mobile phone,Connectivity,"System will auto roam to AP and trigger disconnect ,because many packets lost in FW."
bt,Unexpected FW retransition to D3 failure,Connectivity,WPA3 Roaming Isssue
bt,BT Lost after S4 stress,Connectivity,System hang on ASUS logo by BitLocker Network unlock function with UEFI-Release-221522272.
bt,BT lost (System exception) at HP InstaDock platform when stress test S4 wake (23.100 & 23.110 rev4 can repro),Connectivity,WiFi profile not showing expected 11ax in Protocol after changing wireless modes in properties
bt,BT Device will lost when idle in OS - lc_CmuHandleReceivedArqn_Fiq,Connectivity,Intel9560 WiFi(2.4G 802.11n)WiFi data rate in OS not meet with spec
bt,BT lost w/o any PLDR during coldboot testing. (FR: 1/41 unit),YB/Lost,UNII4 is not supported on DRTU
bt,Unexpected FW retransition to D3 failure,Connectivity,MCC query result does not comply with working MCC
bt,[Lenovo ThinkPad JP/LCFC][Thames2/Mersey2/LNL/BE201][BE] [PCIe]BT LE mouse and headphone stop working during teams call. BT device lost [Using MSFT EB with FLR fix],Connectivity,CITU not work when running testing.
bt,Bluetooth mouse device stopped working and BT lost during zip file. - PME Wake bit not seen in FW,Connectivity,"Connected to a network 5G WiFi shows no network, cannot acquire IP address"
bt,[Lenovo ThinkPad JP/LCFC][Thames2/Mersey2/LNL/BE201][BE][Factory][Tx Timeout] Bluetooth YB due to PLDR timeout during MS/S4 test(1/317 unit) [ Using MSFT EB with FLR fix ],YB/Lost,PC SoftAP send data to phone client based only BW 20Mhz
bt,LE audio earbuds disconnected during music streaming - Fatal exception BC_EXC_LP_RUN_ERROR (LE Audio Regression),Connectivity,HE160 RU-26T/52T Tx power issue for 6-7GHz
bt,"After resume from MS for long time, BT mouse will lost function and can not scan & pair. (Scan List Empty)",Connectivity,"Lenovo PM found WLAN frequently YB during daily work(F/R: 2-3 times one day) FW assert 0x310, 0xA5A5A5A2"
bt,"FATAL exception observed on 23.110 rev3 with HFP call + BT mouse co-ex test (BC_EXC_LP_RUN_ERROR , BC_EXC_MIC_READY_EXPIRED) (LE Audio Regression)",Connectivity,2.4GHz band Adaptivity failure on AX211D2W
bt,BT headset and LE mouse connection timeout on 23.110rev5,Connectivity,"WiFi Spectrum Mask, EVM and Power tolerance questions"
bt,BT YB - TOP fatal exception from WB/CB stress,YB/Lost,T-put(STA <-->AP) become low if enable hotspot when connected with AP 160M BW
bt,UEFI BLE Scan hang issue(DELL Boot issue with USB drive connected),System Hang,Cannot get IP address after switching or roaming to other AP
bt,FATAL exception observed at HFP call + BT mouse co-ex test -  HCI_EXC_EVENT_BUF_OVERFLOW_6 (Buffer Overflow),Connectivity,UEFI-Release-221522232 function Scan error.
bt,TX timeout during ROM flow,Connectivity,Connection Drop with specific AP(RXAE500) during 2nd Screen connection (Miracasting)
bt,Fatal Exception 0x1B00 while doing scan standalone (long scan),BSOD,"WLAN switches from the 2.4G channel to 5G, PC cannot obtain the IP address, and the issue only happening on PV 22.150"
bt,Fatal Exception 0x0806 while doing scan standalone,BSOD,pc sap does not receive frames
bt,Fatal Exception 0x0906 while doing scan standalone (long scan),BSOD,The Canada OTP values in v22.150 of DRTU exceed Maximum output power from Canada 6E certification of  AX211 module report
bt,BT mouse stops working suddenly (LE Scan List Empty),Connectivity,PC transmit data to PAD will get Tx Faild due to reason 0x83 and 0x91
bt,BT Lost when doing S4 cycles - (Tx Timeout due to MAC disabled),Connectivity,"FATAL_ERROR: uCode ASSERT(UMAC, rtStatus = 0x20101058, log is  valid. data1 = 0xb, data2 = 0x0)"
bt,Scan list listing device not in pairing mode,Connectivity,"CurieF and mobile phone cooperate with Huawei multi-screen, softap is created in 2.4G"
bt,Bluetooth Keyboard pairing failure,YB/Lost,Using 2.2.15 release & observe scan hang(1.2.11.22527 can not repro)
bt,Bluetooth FW download fail,Connectivity,WLAN speed status does not meet spec
bt,Consistent ticks heard on a BT to BT teams call when user on receiving end starts talking.,Connectivity,WiFi Properties show 11ac when AX201 connected to iPhone 12 Pro Max hotspot (11ax mode)
bt,"""puci,cici"" noise occur when play music with BT Classic or LE headset (F/R:2/3units,8/10cycles).",Connectivity,scan list is empty after resume from MS
bt,DMA interrupt failure during LE mouse usage (Door Bell Ack Failure),Connectivity,"the fatal error ASSERT(UMAC, rtStatus = 0x20003204 cause to the P2P connection is abnormally disconnected"
bt,BLE Mouse daily use - Error! Fw ready interrupt failed - Door Bell Ack failure,Connectivity,invitation failure with no P2P_IE_ATTRIBUTE_TYPE_OPERATING_CHANNEL
bt,PCIE_ERROR_WRITE_MAN_RXFIFO_OVERFLOW during LE mouse movement.  Door bell ACK failure ( D0->D3),Connectivity,Samsung S21 (WiFi 6) has bad downlink throughput while connecting with AX211 WiFi hotspot (22.140.0.3/22.150.0.3)
bt,HCI_EXC_EVENT_BUF_OVERFLOW_9 Fatal exception Buffer overflow,BSOD,Wlan driver v22.150.0.3 installation will pop up error message via intel installer
software,"ICPS is connected to a 2.4G open hotspot, OS, ICPS-My Network shows that the connection is successful, but the ICPS UI shows that the connection fails",ICPS,#NAME?
software,"""network health"" interface cant show all authorized WiFi when the ""only show authorized networks"" button is enabled.",Killer,"After roaming to AP2, AX200 responded with an ACK to messages that were sent from AP1 - which is not allowed"
software,Show only authorized network filtering exceptions,Killer,AX201- IPv6 SLAAC (Stateless Address Auto-configuration) not working reliably after Sleep/Hibernate
software,Intel AX211 L10N issue,Killer,GfP4 Power Management Tab in Device Manager on Modern Standby platform
software,ICPS cant recognize specific character of SSID,ICPS,Intel AX201 Wi-Fi is off when unplug AC adapter or idle at DC mode
software,the cmd.exe process which created by image auto recovery script  is terminated by ICPSConnect.exe after installing ICPS driver during recovery Preinstall OS image,ICPS,"YB uCode ASSERT(UMAC, rtStatus = 0x20000315, log is  valid. data1 = 0x4, data2 = 0x200)"
software,.msi contained within setup.exe needs Intel signature,Killer,EB PHWFW05997_22.130.0.5 cant test MU-MIMO 160MHz in 5GHz
software,An error message will pop up when connect to AP from ICPS after run ICPS App as administrator,ICPS,[Dell][RPLS][CSLP][Widowmaker MLK][WW18]observed Driver log errors pointing Wi-Fi Driver during S4 and S5 cycling [fw assert0x315]
software,Alternate Data Stream Detected,Killer,"Connect to 2.4G WiFi to turn on the hotspot(5G), and then turn on the hotspot again after hibernation, it shows that the hotspot cannot be turned on"
software,"Use ICPS to connect to the hotspot. When the password has not been verified, ICPS already shows that the target hotspot is connected.",ICPS,Intel AX201 WLAN shows YB after connect WLAN AP around 15m.
software,ICPS open source components have security vulnerabilities and do not provide open source declaration and open source component software list,ICPS,9260 didnt take action as receiving BTM for transition from 2G to 5G.
software,C:\ProgramData\Intel\Connectivity directory is not deleted after uninstalling ICPS,ICPS,The PIE service has stuck cause to GetSupportedChannels does not return a value.
software,Update WebView2 Fixed Version in baseAppxContainers,Killer,Why is the AX211 TH(Thailand) power on 2.4G/5G-B1/5G-B4 are follows US not EU? - DCR-1747
software,ICPS network advice is unstable,ICPS,Station would connect 5G channel 149 BW160 with only 11n which is  not align with JfP/Quasar JfP/Solar
software,"""Gaming"" category still show on the vPro SKUs",Killer,BSOD occurs after add Wifi network on F3 then boot to OS
software,The pdb debug file exists in the package UWD\Win64\Drivers\ICPSComponent\Symbols directory,ICPS,"System will show ""No dispalys are available"" when press Win+K via Miracast."
software,ICPS network advice is not correct,ICPS,Intel WLAN AX211 driver cannot be install
software,The Killer Intelligence Center default setting of the Auto Bandwidth option is OFF after installed,Killer,Intel WiFi Module MU-MIMO Conducted EVM failure in 2462MHz 40MHz Bandwidth
software,English text is displayed on Japanese OS,Killer,Systme cannot search Wi-Fi direct device starting from 22.120 (22.110 no issue)
software,The error -SW Drip = 0- is listed in the Fail Reason column after running ModS_Cycling_Test.,Killer,5GHz Ch132 80MHz Beacon CANT be scanned by AX210 w/ MCC GB
software,":Error id 16 ""Intel Connectivity Network service loading config file error"" after reset system",Killer,System unable to connect the hidden network
software,":Event ID 7023 The Intel Connectivity Service service terminated"" happensduring Restart test",Killer,"WLAN Driver YB (error code 10/43) when running S4 in Win11R OS, pass with 22.50.0.7, fail with 22.80.0.9 and newer"
software,": ICPS UWP not automatically uninstalled and not work when ICPS entitlement bit is ""disabled""",ICPS,System show 7c BSoD when reboot.
software,My Network still shows the SSID of the connected hotspot after the WiFi switch is turned off,Killer,Connection failure after resuming from hibernate with 2.4GHz AP
software,"Disconnecting the network through the OS, the ICPS connection speed is inconsistent with the test speed UI update status",ICPS,There are Event ID 5002 in log after running WiFi Connection Reliability test.
software,The Killer Optimizations shows 0 on Win10 OS,Killer,There are Event ID 4003 in log after running WiFi Connection Reliability test.
software,please help release Killer 1675x/1650 card driver for new platform WM&Tracer MLK,Killer,There are Event ID 5002 in log after running WiFi Connection Reliability test.
software,BSOD 0X1E happen during music playback longrun,Killer,Warmboot stress testing meet WLAN YB
software,d1 BSoD occured,Killer,NobelE fails to call the PIE interface and gets the country code as 0
software,":The images in the ""Type"" column of Network Health are generically labeled as ""image""",Killer,Slow download throughput when FIPS enabled on the client.
software,Accessibility issue of Killer Intelligence Center.,Killer,0x9F_3_SETPOWER_IMAGE_Netwtw10.sys --Wdf01000!FxPkgFdo::_PowerPassDown+0x79
software,Got the exception of set bandwidth UI.,Killer,Reset/Recovery error due to different asserts during Disconnected Standby/Hibernate test
software,Killer LAN App can be installed on motherboard with Realtek RTL8811HSD LAN chip,Killer,WiFi 5010 system events and 0x1997 asserts still happens with 22.130.0.5
software,SW drip value show 0% & HW value is empty in Sleepstudy report.,Killer,SUT met BSOD:DRIVER_POWER_STATE_FAILURE(0x9f) when executing stress 3DMark.
software,Can not launch ICPS on clean OS which has not installed WLAN and Intel Management Engine Components drivers,ICPS,WW power level on chain A/B are not followed DV power table definition
software,KCC 3.1122.104.2 cant be installed on the system (single case),Killer,The 5G channel is empty and created on a 2.4g channel.
software,SW/HW DRIPS below 90% in sleep study-report after resume from AC Modern Standby overnight,Killer,Reset/Recovery instances due to different asserts during Disconnected Standby/Hibernate test
software,"""passcode incorrect"" message doesnt appear",Killer,"WiFi 6e channels could not be connected when selecting ""Open"" as Authentication Method on Access Point"
software,Tributo was reviewed by MSFT and reported the following issues related to Killer:,Killer,SIP110836 - EB 1040 G6 / Huawei / GC / Intel WLAN Unexpected Roaming Issue / PC APJ / CN
software,Analytics Service crash when sending out of bounds input,Killer,Cannot connect when AP is stealth enabled.
software,ICPS driver will automatically uninstalled on the PC with ICPS entitlement Bit enabled after installing ICPS driver,ICPS,Connect to WLAN to play online video and drive YB appearserror code10
software,Please use uppercase in filename (IDBWM.exe),Killer,Connect to WLAN to play online video and drive YB appearserror code43
software,Bugcheck doing File transfer,Killer,Frequent throughput drops when device resumes from Hibernate/DS
software,[MSI][1593][ADL P][wireless driver 22.130.0.5 can not install by installer],Killer,during Disconnected Standby/Hibernate test
software,KillerWirelessSuiteComplete can not find the EncryptedSSID.txt in the folder.,Killer,Losing audio while using teams
software,": Advance Settings of ""Pop up notification for better access points"" UI not synchronously",Killer,Reset/Recovery instances due to asserts 0x4424 during Disconnected Standby/Hibernate tests
software,"Intel AX211 + KCC, ""Wi-Fi Score by Access Point"" areas of KCC is blank",Killer,The DUT will disconnect from AP due to the miss beacon happen
software,Request SSID: 0x0BEB for AX211 on Fiorano_RPL,Killer,"""Multi-Screen Collaboration"" will disconnect via PC manager -  Tx Faild due to reason 0x91."
software,BSOD occurs during Zoom Call,Killer,The user cannot connect to any hotspot after waking up from sleep
software,IOCTL call to RFE_CO_IOCTL_RESET_PRIORITY results in BSOD,Killer,latitude 7320 2in1 <AX201_WiFi> Event ID 5010 (driver assert 0xB697)  while boot to OS/ resume from MODS
software,IOCTL calls to RFE_CO_IOCTL_FAILOVER might result in an infinite loop,Killer,The wlan list is empty when system resume from MS. (cycle FR: 1/20; DUT FR:1/12)
software,: ICPS window becomes black screen after 2nd time openning in All Apps,ICPS,"uCode ASSERT(LMAC1, rtStatus = 0x4424"
software,Run Step fastboot(S5) meet BSOD  CRITCAL_PROCESS_DIEDbugcheck0xEF,Killer,Restart stress test happen BSOD point to Netwtw10.sys (BUGCODE_NDIS_DRIVER_LIVE_DUMP (15e)) on Factory Build(F/R:1/300 units) - ndis!ndisMReenumerateFailedAdapterInternal
software,":Error ID 1000(IDBWM.exe) was found during S4 stress test(F/R:1/13 units,1/1950 total trials) -- IDBWM+0xb4019",Killer,Code 10 on device during Sx resume
software,wmic.exe is explicitly blocked by the SAC base policy when its loaded by IntelConnect.exe,Killer,Code 10 on device during OS upgrade - LPBH recovered
software,ICPS Event error occurs during Hybrid shutdown stress test,ICPS,BSOD 0x9f occurred during restarting DUT.
software,The UI would not respond for a while when entering the incorrect password,Killer,The WLAN device showsshow YB(code 10) in device manager when idle
software,Cannot install ICPS.appx via running install.bat,ICPS,"blue screen during use, and then the machine restarted. Blue screen code: DRIVER_POWER_STATE_FAILURE, bugcheck: 0x9F. D drive has dump."
software,GfP4 loaded with Win10 driver (non-DualSTA) is not identified by Static Lib,Killer,SUT will automatically wake up from S3 to S0 after running PETS or Mesh Commander
software,Killer_REL_3.2: xTendWiredWirelessUtilities removed but file still references it,Killer,5G band not allowed for GO after Assert.
software,MDA check fail on Killer LAN,Killer,Desense Impact With LPDDR5 Speed 5200MT/s
software,the Color Contrast for ICPS has no change after High Contrast enabled,ICPS,Driver does non FT roaming ignoring OS request to reassoc as FT which causes OS to trigger disconnect post non FT association
software,"DUP Readiness Validation"" fail when run Dominion tool with Killer LAN driver SWB:412DR_v3.1122.3166.0",Killer,wake up in DC mode and cant find any AP after sleep
software,KCC APP no device information and no function without WLAN,Killer,FCC low power level on chain B is not followed DV power table definition
software,Uninstall package will remove all base driver in Device manager.,Killer,WIFI reconnection taking too long (>20sec) after turning OFF/ON WIFI Radio with 6E Access Point
software,AP used WEP connection fails on ICPS app.,ICPS,BSOD 0x7e occurred during running MS.
software,Request for adding SSID in Killer WLAN/AX211 driver and KCC,Killer,Queried result of CDB SAR table by ANT tool was different from that by WRT tool
software,Zoom/Microsoft teams cannot connect to internet when using ICPS and connecting to VPN,ICPS,"CH165 explicit RU values for 2,4, and 8mhz BW are being set to the incorrect power"
software,Error message will pop up when reboot PC with ICPS App launched,ICPS,Lower Power Level on CcP Module driver version 22.100 than version 21.120 to meet Band Edge Specs
software,BSOD 0x14F occurred as running Modern Standby idle + AC,Killer,"Assert 5002- FATAL_ERROR: uCode ASSERT(LMAC1, rtStatus = 0x2B83, log is  valid. data1:0x4e5000, data2:0xdeadbeef)"
software,Blank interface on Manual Routing page with Corporate machine,Killer,Indra: Error seen with Wifi OTP commit
software,"Multiple help windows able to be opened, not centered",Killer,"Assert 5002- FATAL_ERROR: uCode ASSERT(UMAC, rtStatus = 0x2010350D, log is  valid. data1 = 0x0, data2 = 0xdeadbeef)"
software,ACM shows on system with only one network adapter,Killer,Reset/Recovery instances due to different asserts 0x3030 during Disconnected Standby/Hibernate test
software,Congestion Based Teaming setting is not maintained on upgrade from 3.0 or 3.1,Killer,Delta between GfP2 QS/SRA accounting for DRTU not outputting MCS 15 properly
software,"Run Step Stress_MultiMedia_00500 web online multimedia with reboot . one unit meet BSOD D1. IntcCo11X64.sys, F/R:1/10 units , per unit 500 cycles",Killer,Unable to run testharness tool on HostPC
software,Request SSID: 0x0C10 for AX211 on Tributo_RPL,Killer,"9462(TA-J88400-007) WLAN YB(100%) on ICL/TGL platform, while no issue with 9462(TA-J88400-006)"
software,"BSoD 0x13a and point to ""IntcCo11X64!Redir_PerformRedirectionOOB"" During AX411 Double Connect Testing",Killer,"iphone 13 enable the hotspot, the test machine shows WiFi5 (not Wifi6)after connecting to the hotspot"
software,Error pop up message related to ICPS appears.,ICPS,WLAN Assert 0x90 while T-put test with Jperf-2.0.2
software,Fortinet VPN traffic issues for 10 minutes after connection when EC is enabled,Killer,"YB FATAL_ERROR: uCode ASSERT(UMAC, rtStatus = 0x0000DEAD, log is not valid(0x7da851e2)When run PC_Stress_MultiMedia_00300, one unit(SKU1-35) meet WLAN YB FR 1/10 unit"
software,:ethernet not removed from the Network Health list if unplug the ethernet cable,Killer,"Unexpected ""TASK_DISCONNECT(GO)"" from OS when PC transfer big file(3.6GB) to Phone"
software,:WWAN not listed in Network Health page,Killer,Connect to WLAN to play online video and drive YB appearserror code43
software,Microsoft request to modify Killer Intelligence Center,Killer,Queried result of CDB SAR table by ANT tool was different from that by WRT tool
software,"Intel Connectivity and Performance Suite, doesnt work with Narrator, multiple fields/items are not labeled.",Killer,WiFi YellowBang w/ WiFi 22.80.1.1 + BT 22.100.0.2
software,Intel AX211 Wi-Fi driver v3.1222.614 install fail via DCU application.,Killer,WLAN Driver YB when running Reboot.
software,.,Killer,wifi list show empty and it need to be restored via close the WiFi switch and then turn it on
software,AX211 w/ killer got BSOD when run 3Dmark stress test in factory,Killer,L860R+ mobile hot-spot clients disconnect after playing video for 1-2 minutes
software,":""Advanced Connection Manager"" tab is missing even WIFI and WWAN both are connected",Killer,Yellow Bang encountered when machine is left idle for few hours while connected to Wi-Fi network
software,Intel Connectivity Performance Suite cause high CPU usage rate and polling rate in Ultron,Killer,"WHQL test item ""Wlan Test - Wlan Device Reset Check"" failed"
software,:Fail to connect to better network by clicking Connect button from System Notification.,Killer,p2p connection failure with Samsung mobile phone
software,:ACM doesnt work when WWAN and another network are connected,Killer,Unexpected FW retransition to D3 failure
software,: ICPS cannot launch after OOBE due to ICPS drivers uninstalled automatically.,ICPS,BT Lost after S4 stress
software,"After remove Killer E3100G LAN driver, I cant install Killer E3100G LAN driver by setup.exe again",Killer,BT lost (System exception) at HP InstaDock platform when stress test S4 wake (23.100 & 23.110 rev4 can repro)
tools,IWFT enters non-functional state for long run with WiFi Disabled,Connectivity,"system exception at HP InstaDock platform when stress test S4 wake (23.100 , 23.110 rev4 can repro)"
tools,WRT prevents removal of BT device on device error,Connectivity,BT Device will lost when idle in OS - lc_CmuHandleReceivedArqn_Fiq
tools,NDT test tool without WiFi 6E band of AX210 module,OEM Tools,BT lost w/o any PLDR during coldboot testing. (FR: 1/41 unit)
tools,WRT CLI returns Error message with cde getwifisar,Connectivity,Unexpected FW retransition to D3 failure
tools,WRT can not function for Killer Module,Killer,[Lenovo ThinkPad JP/LCFC][Thames2/Mersey2/LNL/BE201][BE] [PCIe]BT LE mouse and headphone stop working during teams call. BT device lost [Using MSFT EB with FLR fix]
tools,AX411 QS sample 6e tx power lock at 7.5dB,Power Consumption,Bluetooth mouse device stopped working and BT lost during zip file. - PME Wake bit not seen in FW
tools,ibterverify version error,Connectivity,headset/Mouse can not use due to connection timeout.
tools,Cannot get wiman driver log using WRT 22.110.1.1,Connectivity,[Lenovo ThinkPad JP/LCFC][Thames2/Mersey2/LNL/BE201][BE][Factory][Tx Timeout] Bluetooth YB due to PLDR timeout during MS/S4 test(1/317 unit) [ Using MSFT EB with FLR fix ]
tools,Corporate customer is getting error when applying custom bluetooth JSON,Connectivity,LE audio earbuds disconnected during music streaming - Fatal exception BC_EXC_LP_RUN_ERROR (LE Audio Regression)
tools,DSM Field information are not correct,UEFI,"After resume from MS for long time, BT mouse will lost function and can not scan & pair. (Scan List Empty)"
tools,SPLC/WRDD/WRDS/EWRD/WGDS/PPAG/TAS Field information are not correct,RF,"FATAL exception observed on 23.110 rev3 with HFP call + BT mouse co-ex test (BC_EXC_LP_RUN_ERROR , BC_EXC_MIC_READY_EXPIRED) (LE Audio Regression)"
tools,"22.170 WRT CLI command ""getwifisar"" prints wrong values in chain B table",Connectivity,BT headset and LE mouse connection timeout on 23.110rev5
tools,Sniffer mdode Set UNII-2A Band channels Find Ucode Assert - 0x1023,YB/Lost,System exception - lcLe_ProcessJobResponse_Irq on MS + LE mouse movement automation tests
tools,PPAG setting is incorrect in BIOS Tool,RF,BT YB - TOP fatal exception from WB/CB stress
tools,WRT does not make logs on the korean machine names.,Connectivity,UEFI BLE Scan hang issue(DELL Boot issue with USB drive connected)
tools,"After install WRT tool, enter S4 , resume from S4 , boot to desktop , cant adjust brightness immediately around 15 sec",OEM Tools,FATAL exception observed at HFP call + BT mouse co-ex test -  HCI_EXC_EVENT_BUF_OVERFLOW_6 (Buffer Overflow)
tools,"WRT2G can not generate dump (""Dump Failed"") after YB",YB/Lost,TX timeout during ROM flow
tools,UEFI variable display in BIOS validation,UEFI,Fatal Exception 0x1B00 while doing scan standalone (long scan)
tools,UEFI variable display,UEFI,Fatal Exception 0x0806 while doing scan standalone
wifi,WLAN Device show YB in device manager.,YB/Lost,Fatal Exception 0x0906 while doing scan standalone (long scan)
wifi,"BSOD 0x7e occur during running CrystalDiskmark .(F/R: 1/2 units, 1/12 cycles).",BSOD,(watchdog exception with NULL data)
wifi,RF-Kill would be enable when SUT in S4/S5 with intel AX210(1216 QS) WLAN card,Connectivity,BT mouse stops working suddenly (LE Scan List Empty)
wifi,"Unit show BSoD: 0xd1 when run CrystalDiskMark.(F/R:1/2,1/4)",BSOD,BT Lost when doing S4 cycles - (Tx Timeout due to MAC disabled)
wifi,BSOD 0xD1 during S5 stress test.,BSOD,Scan list listing device not in pairing mode
wifi,BSOD BUGCODE_NDIS_DRIVER_LIVE_DUMP (15e) (FR:2/200 units),BSOD,Bluetooth Keyboard pairing failure
wifi,TyP2 sometimes cant switch to other channels in 6GHz.,OEM Tools,Bluetooth FW download fail
wifi,Wifi auto disconnected after ping internet for a while.,Connectivity,Consistent ticks heard on a BT to BT teams call when user on receiving end starts talking.
wifi,BSOD occurs after connected Wifi then idle about 5 minutes,BSOD,"""puci,cici"" noise occur when play music with BT Classic or LE headset (F/R:2/3units,8/10cycles)."
wifi,[Huawei][Quanta][BohrM]/NobelM[Lucienne][AX200][20H2][WiFi][BSOD 0x7F][Netwtw10!memWrapNdisAllocateMemoryWithTag+0xa],BSOD,DMA interrupt failure during LE mouse usage (Door Bell Ack Failure)
wifi,Associtaion failed when testing RSSI,Connectivity,BLE Mouse daily use - Error! Fw ready interrupt failed - Door Bell Ack failure
wifi,"AX200 install the driver again, the installation completed screen, the title and content are inconsistent",Connectivity,PCIE_ERROR_WRITE_MAN_RXFIFO_OVERFLOW during LE mouse movement.  Door bell ACK failure ( D0->D3)
wifi,Display wrong encryption method and the password item not display under Wi-Fi Network Configuration in BIOS Always (100%),Connectivity,HCI_EXC_EVENT_BUF_OVERFLOW_9 Fatal exception Buffer overflow
wifi,"Run Intel PETS PM_ST_9  failed in step19 ""Check that the Host responds - WLAN"" when resume from S4 with WLAN driver 22.30.0.6",Connectivity,"ICPS is connected to a 2.4G open hotspot, OS, ICPS-My Network shows that the connection is successful, but the ICPS UI shows that the connection fails"
wifi,Device manager show YB for AX210 on stress test of S4/WB/MS,YB/Lost,"""network health"" interface cant show all authorized WiFi when the ""only show authorized networks"" button is enabled."
wifi,PAD mouse operate lag from PAD to PC move after PC and Pad multi-screen synergy through Huawei Butler(HUAWEI PC manager),Performance,Show only authorized network filtering exceptions
wifi,YB (code 10/43) happened as reboot.,YB/Lost,Intel AX211 L10N issue
wifi,BOSD- 0x9F_4_Netwtw10_IMAGE_pci.sys occurs during warmboot cycling stress (1/24 units),BSOD,ICPS cant recognize specific character of SSID
wifi,Cannot connect UTT router(750W).,Connectivity,the cmd.exe process which created by image auto recovery script  is terminated by ICPSConnect.exe after installing ICPS driver during recovery Preinstall OS image
wifi,11AC BW160 TX Fail against GT-AXE11000/3.0.0.4.386_42489,RF,.msi contained within setup.exe needs Intel signature
wifi,BSOD0xE6 occured during longrun Test.,BSOD,An error message will pop up when connect to AP from ICPS after run ICPS App as administrator
wifi,Unable not search for hot spot after WiFi disconnected(F/R:1/1 times),Power Consumption,Alternate Data Stream Detected
wifi,Cant Get Power Table of 6-7GHz,Power Consumption,"Use ICPS to connect to the hotspot. When the password has not been verified, ICPS already shows that the target hotspot is connected."
wifi,Yellow bang rtStatus = 0x201013F2,YB/Lost,ICPS open source components have security vulnerabilities and do not provide open source declaration and open source component software list
wifi,:Memory dump observed Driver_power_state_failure (9f) while running S4 cycles,Power Consumption,C:\ProgramData\Intel\Connectivity directory is not deleted after uninstalling ICPS
wifi,WRT unable to parse CDB table,Connectivity,Update WebView2 Fixed Version in baseAppxContainers
wifi,ChainB power is different from BIOS SAR setting,RF,ICPS network advice is unstable
wifi,"Wifi device YB (code 43) uCode ASSERT (lmacID = 0x0, rtStatus = 0x20000066, log is  valid)",YB/Lost,"""Gaming"" category still show on the vPro SKUs"
software,Precheck Failure: symchck failed ICPS 4.0,ICPS,The pdb debug file exists in the package UWD\Win64\Drivers\ICPSComponent\Symbols directory
wifi,"During PVT testing , one unit meet BSOD 9F 0x9F_4_vwifimp_Netwtw10_IMAGE_vwifibus.sys",BSOD,ICPS network advice is not correct
wifi,"WLAN is not available , the YB happens with  0x2000031C code10",YB/Lost,The Killer Intelligence Center default setting of the Auto Bandwidth option is OFF after installed
wifi,"Connect the wifi Network and play Online Video , Unit occur 0x9f BSOD point to 0x9F_VRF_3_Netwtw10_IMAGE_pci.sys",BSOD,English text is displayed on Japanese OS
wifi,DRTU cannot get power table for UHB 6-7GHz,Power Consumption,The error -SW Drip = 0- is listed in the Fail Reason column after running ModS_Cycling_Test.
wifi,"Wan Miniport not list in device	manager after boot to OS",Connectivity,":Error id 16 ""Intel Connectivity Network service loading config file error"" after reset system"
wifi,Stress_S4_hang Black Screen with dump (DRIVER_POWER_STATE_FAILURE 0x9F),BSOD,":Event ID 7023 The Intel Connectivity Service service terminated"" happensduring Restart test"
wifi,"WiFi list shows that ""WiFi network cannot be found"" during connected and idle",Connectivity,": ICPS UWP not automatically uninstalled and not work when ICPS entitlement bit is ""disabled"""
wifi,WiFi direct pairing fails after resuming from S3,Connectivity,My Network still shows the SSID of the connected hotspot after the WiFi switch is turned off
wifi,uCode error (Event ID 5002) occurs when hosting a mobile hotspot,YB/Lost,"Disconnecting the network through the OS, the ICPS connection speed is inconsistent with the test speed UI update status"
wifi,AX211 has YB with v22.65.0.1 (assert rtStatus = 0x201013F2),YB/Lost,The Killer Optimizations shows 0 on Win10 OS
wifi,WiFi driver appears YB in DUT vibration test(FR:20%).,YB/Lost,please help release Killer 1675x/1650 card driver for new platform WM&Tracer MLK
wifi,YB during boot up,YB/Lost,BSOD 0X1E happen during music playback longrun
wifi,Miracast connection over infrastructure fails,Connectivity,d1 BSoD occured
wifi,Wifi auto disconnected and event ID shows 5010 Netwtw10 error (assert 0x7158 & UMAC assert 0xECD ),YB/Lost,":The images in the ""Type"" column of Network Health are generically labeled as ""image"""
wifi,Black screen during S3 cycling test .NMI_HARDWARE_FAILURE (80),BSOD,Accessibility issue of Killer Intelligence Center.
wifi,Check if Whiskey Lake+9560 send the group fragmented management frame,Connectivity,Got the exception of set bandwidth UI.
wifi,BSOD observed when installing driver using INF,BSOD,Killer LAN App can be installed on motherboard with Realtek RTL8811HSD LAN chip
wifi,"Wifi device YB during surfer internet. FATAL_ERROR: uCode ASSERT (lmacID = 0x0, rtStatus = 0x2000031C, log is  valid)",YB/Lost,SW drip value show 0% & HW value is empty in Sleepstudy report.
wifi,"Conductive Tx T-put fail (20Mbps) with 22.60, while it pass (100Mbps) with 22.50 under the same DUT",Performance,Can not launch ICPS on clean OS which has not installed WLAN and Intel Management Engine Components drivers
wifi,There are too many repeat suspend/wake during Modern Standby Connected state along with many 7025/7026 in System Event log,Power Consumption,KCC 3.1122.104.2 cant be installed on the system (single case)
wifi,The WIFI YB during connceted with AP and idle,YB/Lost,SW/HW DRIPS below 90% in sleep study-report after resume from AC Modern Standby overnight
wifi,BSOD 0xD1 when running S4 Critical only(Netwnw10.sys),BSOD,"""passcode incorrect"" message doesnt appear"
wifi,Client sends Deauth when attempting to associate with WPA/AES wireless profile.,Connectivity,Tributo was reviewed by MSFT and reported the following issues related to Killer:
wifi,"When turn on WIFI , cant auto connect to AP. nicIsAlive (499): RT status: FW Assert 0x0830294B in D3",YB/Lost,Analytics Service crash when sending out of bounds input
wifi,The BSOD appears by connecting the WLAN for the pressure measurementSYSTEM_THREAD_EXCEPTION_NOT_HANDLED (7e)(2/15),BSOD,ICPS driver will automatically uninstalled on the PC with ICPS entitlement Bit enabled after installing ICPS driver
wifi,BSOD occurred when visiting a web site with BT speaker paired,BSOD,Please use uppercase in filename (IDBWM.exe)
wifi,Mobile hotspot cannot be opened when selecting 5GHz band,Power Consumption,Bugcheck doing File transfer
wifi,"PC uses the Miracast function to the Huawei large screen, the screen failed",Connectivity,[MSI][1593][ADL P][wireless driver 22.130.0.5 can not install by installer]
wifi,Signal strength become much lower during throughput measurement in 6GHz band,Performance,KillerWirelessSuiteComplete can not find the EncryptedSSID.txt in the folder.
wifi,IHV crash when using Cisco NAM WiFi config manager.,Connectivity,": Advance Settings of ""Pop up notification for better access points"" UI not synchronously"
wifi,: LKD_0x41A7_Netwnw10!unknown_function observed while running WR/S5cycles -- Netwnw10!LkmdTelCreateReport,BSOD,"Intel AX211 + KCC, ""Wi-Fi Score by Access Point"" areas of KCC is blank"
wifi,WiFi TX power above SAR table limit in user mode after Airplane mode on\off,RF,Request SSID: 0x0BEB for AX211 on Fiorano_RPL
wifi,the Tx power decreased 2db in DRTU with 22.50/22.60 driver,Power Consumption,BSOD occurs during Zoom Call
wifi,AX211 WLAN will no function and cant turn on when SUT resume from S4/CB and unplug LAN cable with enabled Control WLAN Radio option.,Connectivity,IOCTL call to RFE_CO_IOCTL_RESET_PRIORITY results in BSOD
wifi,"Cannot rollback WLAN driver from v19.51.36.1 by WirelessSetup.exe""",Connectivity,IOCTL calls to RFE_CO_IOCTL_FAILOVER might result in an infinite loop
wifi,AX211 WLAN show YB and cannot recovery via reboot or any method(only on several platforms),YB/Lost,: ICPS window becomes black screen after 2nd time openning in All Apps
wifi,"Router set USA auto AP , DUT setEgypt Negotiated agreementis 802.11n",Connectivity,Run Step fastboot(S5) meet BSOD  CRITCAL_PROCESS_DIEDbugcheck0xEF
wifi,WLAN yellow bang while S4 aging,YB/Lost,":Error ID 1000(IDBWM.exe) was found during S4 stress test(F/R:1/13 units,1/1950 total trials) -- IDBWM+0xb4019"
wifi,Never Crash issue: 0x9F_3_SETPOWER_Netwtw10!_WDI_P2P_DISCOVERED_SERVICE_ENTRY_CONTAINER,BSOD,wmic.exe is explicitly blocked by the SAC base policy when its loaded by IntelConnect.exe
wifi,BSOD occurs during BIOS upgrade,BSOD,ICPS Event error occurs during Hybrid shutdown stress test
software,The connection fails after the hotspot encryption method is changed,Killer,The UI would not respond for a while when entering the incorrect password
wifi,BSOD occurs during BIOS upgrade,BSOD,Cannot install ICPS.appx via running install.bat
wifi,Never crash issue:BSOD 0x9F occurs.,BSOD,GfP4 loaded with Win10 driver (non-DualSTA) is not identified by Static Lib
wifi,:  Device Enumeration:  Intel PROSet/Wireless WiFi Software extension observed during S5/WR Cycle.,Connectivity,Killer_REL_3.2: xTendWiredWirelessUtilities removed but file still references it
wifi,"DUT resume from S4, turn in 5G hotspot , pop  ""The selected network band isnt available"", Select a different namd and try again""",Power Consumption,MDA check fail on Killer LAN
wifi,GFP4 combination of 5G/ch36 +2.4G/ch3 fail,Connectivity,the Color Contrast for ICPS has no change after High Contrast enabled
wifi,Sometimes AP connection fails in channel 100 ~ 128,Connectivity,"DUP Readiness Validation"" fail when run Dominion tool with Killer LAN driver SWB:412DR_v3.1122.3166.0"
wifi,WLAN connect Cisco enterprise AP failed in the factory,Connectivity,KCC APP no device information and no function without WLAN
wifi,TX power higher than SAR table limit after airplane mode on/off,RF,Uninstall package will remove all base driver in Device manager.
wifi,YB 43 after installed v22.70.2.1 then reboot system,YB/Lost,AP used WEP connection fails on ICPS app.
wifi,Athena NDT Tool Hanging issue upon connect with WiFi device,System Hang,Request for adding SSID in Killer WLAN/AX211 driver and KCC
wifi,SUT occurs BSOD 0xD1 during CB/WB after do provision,BSOD,Zoom/Microsoft teams cannot connect to internet when using ICPS and connecting to VPN
wifi,The 0-40 temperature tracking run test.the driver appears as a NIC error FATAL_ERROR: _fsmProcessEvent (545) - tag: 0xF77F,BSOD,Error message will pop up when reboot PC with ICPS App launched
wifi,Unexpected yellow bang of the WLAN device during user experience,YB/Lost,BSOD 0x14F occurred as running Modern Standby idle + AC
wifi,TyP2 EVM (Constellation OFDM) Failed at 6985MHz,RF,Blank interface on Manual Routing page with Corporate machine
wifi,WiFi siganl bar reduce when run iperf Rx  with 6GHz band connected,Connectivity,"Multiple help windows able to be opened, not centered"
wifi,"After DUT S4 for a period of time and wakes up, the performance is abnormal when the WIFi65G frequency band 80MHZ/160MHz bandwidth",Connectivity,ACM shows on system with only one network adapter
wifi,DUT Softap dont support 165 channelwhile set Malaysia,Connectivity,Congestion Based Teaming setting is not maintained on upgrade from 3.0 or 3.1
wifi,"De-authorised from the Wi-Fi network while roaming, and could not connect back.",Connectivity,"Run Step Stress_MultiMedia_00500 web online multimedia with reboot . one unit meet BSOD D1. IntcCo11X64.sys, F/R:1/10 units , per unit 500 cycles"
wifi,BSoD point to vwifibus.sys druing S4 stress test,BSOD,Request SSID: 0x0C10 for AX211 on Tributo_RPL
wifi,Wi-Fi 6E Throughput test easy disconnect with FW assert 0x2000031B,YB/Lost,"BSoD 0x13a and point to ""IntcCo11X64!Redir_PerformRedirectionOOB"" During AX411 Double Connect Testing"
wifi,ANT tool will get incorrect EWRD table content in tablet mode,OEM Tools,Error pop up message related to ICPS appears.
wifi,"the BSOD point to ""0x9F_4_vwifimp_Netwtw10_IMAGE_vwifibus.sys"" happening run stress test ""app_ 00300 test(play online video with tencent music, iqiyi video etc)"" and run S4 stress test",BSOD,Fortinet VPN traffic issues for 10 minutes after connection when EC is enabled
wifi,system meet BSOD 139 F/R:1/10 units,BSOD,:ethernet not removed from the Network Health list if unplug the ethernet cable
wifi,Wifi 6E Mcc US automatically switches back to TW disconnection problem,Connectivity,:WWAN not listed in Network Health page
wifi,2.4G 20M and 40M Tput issue,Performance,Microsoft request to modify Killer Intelligence Center
wifi,"During the normal use of connected intranet hotspots, the blue screen suddenly occurs after a period of time,BSOD code 0x9f",BSOD,"Intel Connectivity and Performance Suite, doesnt work with Narrator, multiple fields/items are not labeled."
wifi,Wi-Fi randomly disconnect while idle UUT overnight.,Connectivity,Intel AX211 Wi-Fi driver v3.1222.614 install fail via DCU application.
wifi,AX210 WLAN show Yellow band in device manager and could not recovery by restart --  uCode ASSERT 0x201013F2,YB/Lost,.
wifi,Data frame drop during PC screen mirroring to Pad,Connectivity,AX211 w/ killer got BSOD when run 3Dmark stress test in factory
wifi,Pad disconnect from softAP of PC,Connectivity,":""Advanced Connection Manager"" tab is missing even WIFI and WWAN both are connected"
wifi,Win11 HLK test failed due to APPCRASH of Intel_PIE_Service.exe,HLK,Intel Connectivity Performance Suite cause high CPU usage rate and polling rate in Ultron
wifi,YB occurs after resume from S3 with assert 0x00384,YB/Lost,:Fail to connect to better network by clicking Connect button from System Notification.
wifi,Unable to connect hotspot on ch149 and later,Power Consumption,:ACM doesnt work when WWAN and another network are connected
wifi,System hang on black screen (bugcheck 0x7C) during running S3/S4/S5 test WinPVT,System Hang,: ICPS cannot launch after OOBE due to ICPS drivers uninstalled automatically.
wifi,Wi-Fi connection timeout with Channel Switch Announcement in DFS mode,Connectivity,"After remove Killer E3100G LAN driver, I cant install Killer E3100G LAN driver by setup.exe again"
wifi,The UDP packet delay  from the PC cause to Found occur video lag after PC projecting to PDA via PC manage and play local video,Performance,Shows wrong WRDS and EWRD value
wifi,WLAN card AX201 test CITU tool would have 0x91 Assert,YB/Lost,IWFT enters non-functional state for long run with WiFi Disabled
wifi,Connect to 2.4G WIFI Miracast  Honor TV show garbage,Connectivity,WRT prevents removal of BT device on device error
wifi,"when connect AP with 5G Channel(165 and 44),It could not share internet by Mobile hotspot with the Network band select 5G ,",Power Consumption,test
wifi,WLAN YB during warm reboot stress & disable/enable wlan stress test,YB/Lost,NDT test tool without WiFi 6E band of AX210 module
wifi,WLAN lost in DM after online video overnight with BT mouse connected,Connectivity,WRT CLI returns Error message with cde getwifisar
wifi,HookeD projection MatePad Pro audio freeze,System Hang,WRT CLI returns Error message with cde gettable command
wifi,Low Rx while testing  5G/160M in channel 36/100,RF,Airsniffer function dose not work on 6G band
wifi,Network controller show yellow bang(code 10) in DM when idle/restart.,YB/Lost,WRT can not function for Killer Module
wifi,WiFi network connectivity loss when uCode errors 0x4433 occur (EventID 5002/5005),YB/Lost,Decoded fw only contain time stamp
wifi,GFP4 combination of 5G/ch36 +2.4G/ch3 fail,Connectivity,AX411 QS sample 6e tx power lock at 7.5dB
wifi,Intel 9560 show Yellow Bang/lost during stress test(S3/S4/WB/CB),YB/Lost,ibterverify version error
wifi,Killer(R)WWIFI 6E AX1675S driver has yellow bang in device manager,Killer,Unable to load FW config files on the same system from where it was generated
wifi,AX411 QS sample 6e tx power lock at 7.5dB,Power Consumption,Cannot get wiman driver log using WRT 22.110.1.1
wifi,WLAN card AX201 test CITU tool would have 0x31B Assert,YB/Lost,Corporate customer is getting error when applying custom bluetooth JSON
wifi,Sometimes can not scan and connect 6E AP,Connectivity,Warning message output
wifi,System WHQL- System - PNP (disable and enable) with IO Before and After (Reliability) fail due to BSOD,BSOD,DSM Field information are not correct
wifi,Client sends Deauth then disconnects seconds after associating with 2.4 GHz 11n AP,Connectivity,SPLC/WRDD/WRDS/EWRD/WGDS/PPAG/TAS Field information are not correct
wifi,Occur BSOD(0x9f) dump file when running Sleep_S4 cycle test with pure OS+22.70.0.6 wifi driver.,BSOD,Exported text file would not include detail info once it has error
wifi,Data frame drop during PC screen mirroring to Pad,Connectivity,22.170 WRT CLI cannot print WRDS/EWRD on TGL using HrP
wifi,WiFi is automatically disconnected after resuming from sleep,Power Consumption,"22.170 WRT CLI command ""getwifisar"" prints wrong values in chain B table"
wifi,Got Assert-0x4435 while connecting to IO-Data AP,YB/Lost,Sniffer mdode Set UNII-2A Band channels Find Ucode Assert - 0x1023
wifi,"SUT_cant_connect_to_external_monitor_via_Miracast_at_first_time_(FR:3/3U,6/6T)",Connectivity,Error pops up after loading JSON file using 22.170 WRT
wifi,Videolag when displaying PC screento a external monitorby multi-screen collaboration technology.,Performance,PPAG setting is incorrect in BIOS Tool
wifi,PC Miracast to TV screen  failed about 70%,Connectivity,WRT does not make logs on the korean machine names.
wifi,- Intel 9560 Wlan Device show yellow bang on Device Manager. ( F/R: >50%),YB/Lost,It takes a long time to shut down the PC due to the timeout of waiting for the response from WRT
wifi,WiFi cant connect to Hide SSID on 6GHz band (100%),Connectivity,"After install WRT tool, enter S4 , resume from S4 , boot to desktop , cant adjust brightness immediately around 15 sec"
wifi,Phone disconnect from the SoftAP of PC,Connectivity,"WRT2G can not generate dump (""Dump Failed"") after YB"
wifi,The network is unavailable during use and check wifi device on DM. Found that wifi device show YB Code: 43,YB/Lost,UEFI variable display in BIOS validation
wifi,The result is not limited by SAR,RF,UEFI variable display
wifi,BSoD 0x9F when OOBE(Preload OS image),BSOD,WLAN Device show YB in device manager.
wifi,"BIOS 2.03 - 2.07 update (stress testing) on Windows , one DUT meet BSOD 0A .supsect realative with Intel WLAN driver Netwtw10.sys",BSOD,"BSOD 0x7e occur during running CrystalDiskmark .(F/R: 1/2 units, 1/12 cycles)."
wifi,WIFI Driver Yellow Bang during watching online,YB/Lost,RF-Kill would be enable when SUT in S4/S5 with intel AX210(1216 QS) WLAN card
wifi,"The PC does the fast boot test, and the network adapter appears as YBcode 10",YB/Lost,"Unit show BSoD: 0xd1 when run CrystalDiskMark.(F/R:1/2,1/4)"
wifi,WLAN YellowBangs or shows empty when running online video overnight,Connectivity,BSOD 0xD1 during S5 stress test.
wifi,AP on ch149 might be ignored by STA if the AP support BW160 at CH149,Connectivity,BSOD BUGCODE_NDIS_DRIVER_LIVE_DUMP (15e) (FR:2/200 units)
wifi,UUT hang up with black screen and BSOD occurs when running S4 overnight,BSOD,TyP2 sometimes cant switch to other channels in 6GHz.
wifi,"SoftAP Rx is low(60Mbps) with Phone, While OS build-in hotspot Rx is fine(200+Mbps) with Phone. (F/R: 100%)",Power Consumption,Wifi auto disconnected after ping internet for a while.
wifi,connection fail to Anritsu MT8862A at 6GHz WPA3 security,Connectivity,BSOD occurs after connected Wifi then idle about 5 minutes
wifi,WiFi6E WiFi Tx throughput test fail - 6GHz 160MHz_CH213 & 80MHz_CH117,Connectivity,[Huawei][Quanta][BohrM]/NobelM[Lucienne][AX200][20H2][WiFi][BSOD 0x7F][Netwtw10!memWrapNdisAllocateMemoryWithTag+0xa]
wifi,WIFI signal detected in DFS band cause FCC_DFS test fail,Connectivity,Associtaion failed when testing RSSI
wifi,Stress_S4_Hang and got BSOD,BSOD,"AX200 install the driver again, the installation completed screen, the title and content are inconsistent"
wifi,- Intel 9560 Wlan Device show yellow bang on Device Manager. ( F/R: >50%),YB/Lost,Display wrong encryption method and the password item not display under Wi-Fi Network Configuration in BIOS Always (100%)
wifi,TV disconnect from PC during stress test PC miracast to TV via Honor APP,Connectivity,"Run Intel PETS PM_ST_9  failed in step19 ""Check that the Host responds - WLAN"" when resume from S4 with WLAN driver 22.30.0.6"
wifi,"YB with FATAL_ERROR: uCode ASSERT (lmacID = 0x1, rtStatus = 0xFA2, log is  valid)",YB/Lost,Device manager show YB for AX210 on stress test of S4/WB/MS
wifi,Not able to WoWLAN by remote desktop --DC mode,Connectivity,Netwtw10!oscDpTxQueueGetFirstApi during WB stress
wifi,System cant connect mirror screen or Microsoft Miracast with DG2 Gfx.,Connectivity,PAD mouse operate lag from PAD to PC move after PC and Pad multi-screen synergy through Huawei Butler(HUAWEI PC manager)
wifi,Intel WLAN 22.80.0.9 WU submission rejected - vso 37107136,Connectivity,YB (code 10/43) happened as reboot.
wifi,"AX210 WLAN show Yellow band in device manager when connect Enterprise-class router AX -- uCode ASSERT(LMAC1, rtStatus = 0x91, log is valid. data1:0x1699a, data2:0xcafecafe)",YB/Lost,BOSD- 0x9F_4_Netwtw10_IMAGE_pci.sys occurs during warmboot cycling stress (1/24 units)
wifi,"[Haier][Wingtech][G1][ADL-P][Ax210][21H2]With the PC connection to the WiFi for a long-time suspension test, the WLAN driver has a loss problem [3 / 3]",Connectivity,Cannot connect UTT router(750W).
wifi,"YB uCode ASSERT (lmacID = 0x0, rtStatus = 0x2000031C, log is  valid)",YB/Lost,11AC BW160 TX Fail against GT-AXE11000/3.0.0.4.386_42489
wifi,Error event occurs during S4 stress test FATAL_ERROR: prvAlonIndicateSusResToFwIntWd (2597) - tag: 0x1997,BSOD,BSOD0xE6 occured during longrun Test.
wifi,QS System hang up during stress test Netwtw10!osalMemoryCopy+0x15,System Hang,Unable not search for hot spot after WiFi disconnected(F/R:1/1 times)
wifi,3.3V module power consumption more than 15mW in MS airplane mode after Reboot ( F/R: 100%),Power Consumption,Cant Get Power Table of 6-7GHz
wifi,BSoD point to vwifi during S4 stress test,BSOD,Yellow bang rtStatus = 0x201013F2
wifi,Client WiFi adapter in Russia does not connect in 11ax mode,Connectivity,:Memory dump observed Driver_power_state_failure (9f) while running S4 cycles
wifi,PC miracast to TV failed due to PC do not response auth req(Fail Rate: 1/50),Connectivity,WRT unable to parse CDB table
wifi,Wifi occur yellow band(43)  rtStatus = 0x1072 when run iperf.exe.,BSOD,ChainB power is different from BIOS SAR setting
wifi,BSoD related with netwtw10 during warm boot stress test,BSOD,"Wifi device YB (code 43) uCode ASSERT (lmacID = 0x0, rtStatus = 0x20000066, log is  valid)"
wifi,Netwtw10!prvDpWorkItemRxWorker+0x56,BSOD,Precheck Failure: symchck failed ICPS 4.0
wifi,Stress_BurnIn_BSOD_KERNEL_SECURITY_CHECK_FAILURE with dump (0x139),BSOD,"During PVT testing , one unit meet BSOD 9F 0x9F_4_vwifimp_Netwtw10_IMAGE_vwifibus.sys"
wifi,Intel RST - We got the BSOD,BSOD,"WLAN is not available , the YB happens with  0x2000031C code10"
wifi,"Connect WiFi to play video, and the WLAN driver appears  YB",YB/Lost,"Connect the wifi Network and play Online Video , Unit occur 0x9f BSOD point to 0x9F_VRF_3_Netwtw10_IMAGE_pci.sys"
wifi,Time in HW&SW Drips cant meet the target from CS (Top Offenders:Intel(R) Wi-Fi 6 AX201 160MHz,OEM Tools,DRTU cannot get power table for UHB 6-7GHz
wifi,WIFI YB(code 43) occurred in DM after uninstalling DDD driver then installing PV driver.,YB/Lost,"Wan Miniport not list in device	manager after boot to OS"
wifi,0x1E_c000001d_STACKPTR_ERROR_BAD_IP_Netwtw10!unknown_function,BSOD,Stress_S4_hang Black Screen with dump (DRIVER_POWER_STATE_FAILURE 0x9F)
wifi,YB(Yellow Bang) WLAN Issue as connecting to AP,YB/Lost,"WiFi list shows that ""WiFi network cannot be found"" during connected and idle"
wifi,Disconnecting due to FW assert (2nd log) / M2 EAPOL missing (1st log),YB/Lost,WiFi direct pairing fails after resuming from S3
wifi,System hang during restarting and shutdown as WIFI connected,System Hang,uCode error (Event ID 5002) occurs when hosting a mobile hotspot
wifi,BSOD 0x7E related with Intel AX201 wireless during restart stress test - Netwtw10!deleteHalLayer,BSOD,AX211 has YB with v22.65.0.1 (assert rtStatus = 0x201013F2)
wifi,"Intel AX201 wfi card YB, error code 10.(FR:11/2200 units) - Ucode Assert 0x942",YB/Lost,WiFi driver appears YB in DUT vibration test(FR:20%).
wifi,"Killer AX1690i SRA sample can not detect 6Ghz band SSID, while AX1690i QS sample can scan 6Ghz SSID on the identical platform",Killer,YB during boot up
wifi,BSOD 0xD1 occurs during WiFi connection and disconnection,BSOD,Miracast connection over infrastructure fails
wifi,The EUT occurred BSOD (DRIVER_POWER_STATE_FAILURE (9f)) during plug dock/unplug dock test when connect to MS dock by DP port.,BSOD,Wifi auto disconnected and event ID shows 5010 Netwtw10 error (assert 0x7158 & UMAC assert 0xECD )
wifi,Z93 WiFi 5Ghz band 160M-BW DFS fail issue,Connectivity,Black screen during S3 cycling test .NMI_HARDWARE_FAILURE (80)
wifi,RX degradation at low attenuation on 5GHz BW 160M channel 100,RF,Check if Whiskey Lake+9560 send the group fragmented management frame
wifi,BSOD occurs during running Modern Standby Critical Only,BSOD,BSOD observed when installing driver using INF
wifi,"Yellow ban with 0x20100702 , restart can repro with high F/R",BSOD,"Wifi device YB during surfer internet. FATAL_ERROR: uCode ASSERT (lmacID = 0x0, rtStatus = 0x2000031C, log is  valid)"
wifi,11ac-5Ghz Wifi performance is lower in DC mode compared to AC mode when using Netgear R9000 AP model,Connectivity,"Conductive Tx T-put fail (20Mbps) with 22.60, while it pass (100Mbps) with 22.50 under the same DUT"
wifi,close wifisoftap dont send deauth to gc,Connectivity,There are too many repeat suspend/wake during Modern Standby Connected state along with many 7025/7026 in System Event log
wifi,The wireless device will show YB and code 10.,YB/Lost,The WIFI YB during connceted with AP and idle
wifi,SUT occur BSOD_SYSTEM_THREAD_EXCEPTION_NOT_HANDLED_0X7E (with dump),BSOD,BSOD 0xD1 when running S4 Critical only(Netwnw10.sys)
wifi,PC WLAN connections were unstable and frequently disconnected reconnections,Connectivity,Ubuntu kernel 5.13 is lack of Intel CNVi card support on ADL-S platform
wifi,System hang on black screen during S3/S4/S5 test WinPVT,System Hang,Client sends Deauth when attempting to associate with WPA/AES wireless profile.
wifi,DDD log cannot be obtained properly when sending/receiving large files.,Connectivity,"When turn on WIFI , cant auto connect to AP. nicIsAlive (499): RT status: FW Assert 0x0830294B in D3"
wifi,BSOD occurs during S3/S4/S5 test WinPVT,BSOD,The BSOD appears by connecting the WLAN for the pressure measurementSYSTEM_THREAD_EXCEPTION_NOT_HANDLED (7e)(2/15)
wifi,FATAL_ERROR: HalLayer::analyzeSpecificHostMonitorDebugData (1287) - tag: 0x19C6 and cant search wifi signal,BSOD,BSOD occurred when visiting a web site with BT speaker paired
wifi,Sink PC show lag or garbage when test PC projecting to PC and play local video,Performance,Mobile hotspot cannot be opened when selecting 5GHz band
wifi,Reset/Recovery seen during disconnected standby due to ASSERT_00000084,YB/Lost,"PC uses the Miracast function to the Huawei large screen, the screen failed"
wifi,System hang with black screen under MODS and shows assert 0x231,System Hang,Signal strength become much lower during throughput measurement in 6GHz band
wifi,Killer FmP2 marketing name incorrect in driver,Killer,IHV crash when using Cisco NAM WiFi config manager.
wifi,WifiDrv10Customization INF products list is incorrect,Connectivity,: LKD_0x41A7_Netwnw10!unknown_function observed while running WR/S5cycles -- Netwnw10!LkmdTelCreateReport
wifi,WiFi drops intermittently while on a teams call,Connectivity,WiFi TX power above SAR table limit in user mode after Airplane mode on\off
wifi,ANT TAS command output shows incorrect Max power limit value,Power Consumption,the Tx power decreased 2db in DRTU with 22.50/22.60 driver
wifi,UefiCnvWlanWRDS value can be read by WRT but no function.,Connectivity,AX211 WLAN will no function and cant turn on when SUT resume from S4/CB and unplug LAN cable with enabled Control WLAN Radio option.
wifi,Reset/Recovery seen during disconnected standby due to ASSERT_21000DAD,YB/Lost,"Cannot rollback WLAN driver from v19.51.36.1 by WirelessSetup.exe"""
wifi,Assert and failure to re-enumerate,YB/Lost,AX211 WLAN show YB and cannot recovery via reboot or any method(only on several platforms)
wifi,there is no Reply to the Authentication that is transmitted from the TV to the PC,Connectivity,"Router set USA auto AP , DUT setEgypt Negotiated agreementis 802.11n"
wifi,Reset/Recovery seen during disconnected standby due to ASSERT_00004424 on Multiple routers,YB/Lost,WLAN yellow bang while S4 aging
wifi,"The SW/HW DRIPS <90% MODS with assert , after assert OS continue suspend/resume wifi",YB/Lost,Never Crash issue: 0x9F_3_SETPOWER_Netwtw10!_WDI_P2P_DISCOVERED_SERVICE_ENTRY_CONTAINER
wifi,Issues with Wireless Connectivity - AX201 card disconnects from wireless,Connectivity,BSOD occurs during BIOS upgrade
wifi,"Loss of connectivity on BSS Transition Management deauthentication, non-present BSSID in scan table",Connectivity,The connection fails after the hotspot encryption method is changed
wifi,EC WR for assert 0x2F7 causes Clink hung,YB/Lost,BSOD occurs during BIOS upgrade
wifi,"After missed beacon during D3 , wifi woke system , but OS did not initial reconnection",Connectivity,Never crash issue:BSOD 0x9F occurs.
wifi,Reset/Recovery seen during disconnected standby due to ASSERT_21000DAD,YB/Lost,:  Device Enumeration:  Intel PROSet/Wireless WiFi Software extension observed during S5/WR Cycle.
wifi,Reset/Recovery seen during disconnected standby due to ASSERT_00004424,YB/Lost,"DUT resume from S4, turn in 5G hotspot , pop  ""The selected network band isnt available"", Select a different namd and try again"""
wifi,Reset/Recovery seen during disconnected standby due to ASSERT_00000084,YB/Lost,GFP4 combination of 5G/ch36 +2.4G/ch3 fail
wifi,Reset/Recovery seen during disconnected standby due to ASSERT_0000DEAD,YB/Lost,Sometimes AP connection fails in channel 100 ~ 128
wifi,Reset/Recovery seen during disconnected standby due to ASSERT_00000034,YB/Lost,WLAN connect Cisco enterprise AP failed in the factory
wifi,Wi-Fi YB with BT lost during ColdBoot stress assert 0x2F7,YB/Lost,TX power higher than SAR table limit after airplane mode on/off
wifi,Reset/Recovery seen during disconnected standby due to ASSERT_00002B83,YB/Lost,YB 43 after installed v22.70.2.1 then reboot system
wifi,Reset/Recovery seen during disconnected standby due to ASSERT 0x104A,YB/Lost,Athena NDT Tool Hanging issue upon connect with WiFi device
wifi,Reset/Recovery seen during disconnected standby due to ASSERT_000019D7,YB/Lost,SUT occurs BSOD 0xD1 during CB/WB after do provision
wifi,BSOD 0x7E when running CS cycling,BSOD,The 0-40 temperature tracking run test.the driver appears as a NIC error FATAL_ERROR: _fsmProcessEvent (545) - tag: 0xF77F
wifi,DDR RFIM is not working as expected,RF,Unexpected yellow bang of the WLAN device during user experience
wifi,WIFI YB after installing driver,YB/Lost,TyP2 EVM (Constellation OFDM) Failed at 6985MHz
wifi,Wifi going missing from device manager after resume from hibernate during PST testing.,Connectivity,WiFi siganl bar reduce when run iperf Rx  with 6GHz band connected
wifi,BE200 frequent D0/D3 transitions in CMS internet issue assert(0x20100391),YB/Lost,"After DUT S4 for a period of time and wakes up, the performance is abnormal when the WIFi65G frequency band 80MHZ/160MHz bandwidth"
wifi,DRTU -CLi hit to WifiSwStack.dll & IntelIHVPiepeClient.dll failure,Connectivity,DUT Softap dont support 165 channelwhile set Malaysia
wifi,The system suddenly cannot scan nearby wireless APs while toggles WiFi via the tray icon,Connectivity,"De-authorised from the Wi-Fi network while roaming, and could not connect back."
wifi,DRTU -CLi loops hit to 0x20000074,BSOD,BSoD point to vwifibus.sys druing S4 stress test
wifi,Intermittent unexplained low downlink throughput,Connectivity,Wi-Fi 6E Throughput test easy disconnect with FW assert 0x2000031B
wifi,WIFI 6E Spectral Emission Mask Failure for 802.11AX 160MHz BW MCS 8~11,Connectivity,ANT tool will get incorrect EWRD table content in tablet mode
wifi,wlan block SoC enter to PC10 during idle test,Connectivity,"the BSOD point to ""0x9F_4_vwifimp_Netwtw10_IMAGE_vwifibus.sys"" happening run stress test ""app_ 00300 test(play online video with tencent music, iqiyi video etc)"" and run S4 stress test"
wifi,FmP2 got lower RX TPT against Netgear RS700 than GaP2,Performance,system meet BSOD 139 F/R:1/10 units
wifi,Tek isolation of HB channels shows 0 while doing auto-channel scanning,Connectivity,Wifi 6E Mcc US automatically switches back to TW disconnection problem
wifi,The value of spdBnrMean dramatically changes during the SPD test,System Hang,2.4G 20M and 40M Tput issue
wifi,Reboot BSOD. KMODE EXCEPTION NOT HANDLED (0x1e),BSOD,"During the normal use of connected intranet hotspots, the blue screen suddenly occurs after a period of time,BSOD code 0x9f"
wifi,Found Bluetooth driver lost is caused by Wi-Fi assert-0x503,YB/Lost,Wi-Fi randomly disconnect while idle UUT overnight.
wifi,DRTU Rx Fail for 320MHz Large RU,OEM Tools,AX210 WLAN show Yellow band in device manager and could not recovery by restart --  uCode ASSERT 0x201013F2
wifi,WiFi adapter enters into YB state,YB/Lost,Data frame drop during PC screen mirroring to Pad
wifi,LNL B step assert 0x132e & TFD Q hang on latest 23.60.5 WIFI & BT,YB/Lost,Pad disconnect from softAP of PC
wifi,Warmboot showed BSOD 0x9f point to WiFi when doing miracast,BSOD,Win11 HLK test failed due to APPCRASH of Intel_PIE_Service.exe
wifi,SW/HW Drip is too low  during ModernStandby,Performance,YB occurs after resume from S3 with assert 0x00384
wifi,WIFI lost during S4 stress,Connectivity,Unable to connect hotspot on ch149 and later
wifi,Intel BE200 Wi-Fi 7 Adapter Driver causing BSOD 0x124 WHEA_UNCORRECTABLE_ERROR,BSOD,System hang on black screen (bugcheck 0x7C) during running S3/S4/S5 test WinPVT
wifi,Netadapter launches PLDR on device initialize causing LKD assert YB observed with LKD disabled,YB/Lost,Wi-Fi connection timeout with Channel Switch Announcement in DFS mode
wifi,Wireless connection disconnected every 30min,Connectivity,The UDP packet delay  from the PC cause to Found occur video lag after PC projecting to PDA via PC manage and play local video
wifi,AX211  WiFi driver 23.20 (or above) significantly slows down the retrieval of the SQL Server data,Connectivity,WLAN card AX201 test CITU tool would have 0x91 Assert
wifi,0x133 BSOD Netwaw16!rfdQueueProcessFragments,BSOD,Connect to 2.4G WIFI Miracast  Honor TV show garbage
wifi,ABS - 0x9F_3_IMAGE_Netwaw16.sys - DRIVER_POWER_STATE_FAILURE,BSOD,"when connect AP with 5G Channel(165 and 44),It could not share internet by Mobile hotspot with the Network band select 5G ,"
wifi,There is Event ID 5002 - assert 0x28bf -  in log after running WiFi Connection Reliability test.,YB/Lost,WLAN YB during warm reboot stress & disable/enable wlan stress test
wifi,Unable to enter user absence decision for SPD in noisy environment,Connectivity,WLAN lost in DM after online video overnight with BT mouse connected
wifi,Intel WLAN Driver 23.70.0.6 WU Request for MY1/Eiger/Missouri2/Rhone2,Connectivity,HookeD projection MatePad Pro audio freeze
wifi,WoA doesnt work sometimes,Connectivity,Low Rx while testing  5G/160M in channel 36/100
wifi,WiFi Rx not meet the EPS KPIs requirements,Connectivity,Network controller show yellow bang(code 10) in DM when idle/restart.
wifi,Potential interference for IPv6,Connectivity,WiFi network connectivity loss when uCode errors 0x4433 occur (EventID 5002/5005)
wifi,CITU run failed cases review,OEM Tools,GFP4 combination of 5G/ch36 +2.4G/ch3 fail
wifi,"System crashed in CS/AH. The BugCheckCode is ""7E""",BSOD,Intel 9560 show Yellow Bang/lost during stress test(S3/S4/WB/CB)
wifi,Observing No 2.4ghz PPAG Gain for China,RF,Killer(R)WWIFI 6E AX1675S driver has yellow bang in device manager
wifi,0x9F BSoD Netwaw16_IMAGE_pci.sys,BSOD,AX411 QS sample 6e tx power lock at 7.5dB
wifi,9F BSoD,BSOD,WLAN card AX201 test CITU tool would have 0x31B Assert
wifi,Cannot connect to Wireless AP with WPA3- enterprise after reboot,Connectivity,Sometimes can not scan and connect 6E AP
wifi,TX power exceeds limit when MCC=TH (Thailand),Power Consumption,System WHQL- System - PNP (disable and enable) with IO Before and After (Reliability) fail due to BSOD
wifi,The system hangs and repeatedly auto-restarts after install driver v23.80.1.3,System Hang,Client sends Deauth then disconnects seconds after associating with 2.4 GHz 11n AP
wifi,Event ID 5002 seen during WiFi Connection Reliability tests -- Assert 0x2010120E,YB/Lost,Occur BSOD(0x9f) dump file when running Sleep_S4 cycle test with pure OS+22.70.0.6 wifi driver.
wifi,Wi-Fi Sensing UEFI variable does not work,UEFI,Data frame drop during PC screen mirroring to Pad
wifi,CITU test Command XVT_CMD_STEP_MARGIN_TEST_CONFIG_V6 failed with status 31_ Umac Error 0x20100502,BSOD,WiFi is automatically disconnected after resuming from sleep
wifi,When connected to BSS LB - P2P GO start on LB SCM instead of HB DCM (WREQ-35959),Connectivity,Got Assert-0x4435 while connecting to IO-Data AP
wifi,AX201/AX211 disconnect from OWE SSID and cannot connect back automatically,Connectivity,"SUT_cant_connect_to_external_monitor_via_Miracast_at_first_time_(FR:3/3U,6/6T)"
wifi,"""netsh wlan show driver"" is missing expected Auth-Cipher WPA3-Enterprise CCMP on some Surface devices and present on some. OS support itself may have same issue.",Connectivity,Videolag when displaying PC screento a external monitorby multi-screen collaboration technology.
wifi,System would get hang when connecting to specific qualband AP(BQ16Pro),System Hang,PC Miracast to TV screen  failed about 70%
wifi,"""netsh wlan show driver"" wrongly WPA3-Enterprise TKIP show up",Connectivity,- Intel 9560 Wlan Device show yellow bang on Device Manager. ( F/R: >50%)
wifi,WifiStack.dll Cert expired- DRTU failures in factory,Connectivity,WiFi cant connect to Hide SSID on 6GHz band (100%)
wifi,Driver cannot read DSM function by ACPI source,UEFI,Phone disconnect from the SoftAP of PC
wifi,AX201/AX211 sends EAPOL Start after successfully completing 11r fast roam,Connectivity,The network is unavailable during use and check wifi device on DM. Found that wifi device show YB Code: 43
wifi,wlan can not auto reconnect after reboot,Connectivity,Stress_FB_The unit is shutdown when run FB/WB/MS test(F/R:2/4U 2/314cycles)
wifi,Wake on pattern failed during MS,Connectivity,The result is not limited by SAR
wifi,Restricted mode long reconnection time after resume from sleep,Power Consumption,BSoD 0x9F when OOBE(Preload OS image)
wifi,23.100.0.4 cant connect with US PST lab WPA3 UHB AP,OEM Tools,"BIOS 2.03 - 2.07 update (stress testing) on Windows , one DUT meet BSOD 0A .supsect realative with Intel WLAN driver Netwtw10.sys"
wifi,WiFi Direct discovery & connection to peer takes a long time as ICPS installed.,ICPS,WIFI Driver Yellow Bang during watching online
wifi,Question for Beacon Measurement request/response before BTM Handshake for Mesh Setup,Connectivity,"The PC does the fast boot test, and the network adapter appears as YBcode 10"
wifi,Wi-FI device will YB when use 23.80 PV and add registry HumanPresenceSpdConfigId=1-5,YB/Lost,WLAN YellowBangs or shows empty when running online video overnight
wifi,BE201 WLAN YB on factory with assert 0x505 while idle,YB/Lost,AP on ch149 might be ignored by STA if the AP support BW160 at CH149
wifi,-- Intel WIFI7 module on AMD 800 series platform YB and device lost issue,YB/Lost,UUT hang up with black screen and BSOD occurs when running S4 overnight
wifi,FCC psPD test result has huge gap,Connectivity,"SoftAP Rx is low(60Mbps) with Phone, While OS build-in hotspot Rx is fine(200+Mbps) with Phone. (F/R: 100%)"
wifi,2.4G DRTU Target power difference at the same SKU,Power Consumption,connection fail to Anritsu MT8862A at 6GHz WPA3 security
wifi,TAS/SAR becomes Active even though its disabled by SAR Manager (set to index 0),RF,WiFi6E WiFi Tx throughput test fail - 6GHz 160MHz_CH213 & 80MHz_CH117
wifi,"BSoD point to WifiCx during Stress_Random MS/S4,F/R: 3/20units, 3/2000cycles)",BSOD,WIFI signal detected in DFS band cause FCC_DFS test fail
software,"The DUT open ICPS, BSOD 0xa",ICPS,Stress_S4_Hang and got BSOD
software,The header of Network Health takes 5-20s to align,Killer,- Intel 9560 Wlan Device show yellow bang on Device Manager. ( F/R: >50%)
software,PIMS-123991 - Stress CB BSOD w/ dump code IRQL_NOT_LESS_OR_EQUAL. (0x0A),Killer,TV disconnect from PC during stress test PC miracast to TV via Honor APP
software,About Intel Killer software,Killer,"YB with FATAL_ERROR: uCode ASSERT (lmacID = 0x1, rtStatus = 0xFA2, log is  valid)"
software,Productivity UI wording not correct,Killer,Not able to WoWLAN by remote desktop --DC mode
software,ICPSs App is installed automatically after ICPSComponent.inf installed by pnputil.,ICPS,System cant connect mirror screen or Microsoft Miracast with DG2 Gfx.
software,"ICPS will show ""Connection failed"" but the AP can be connected by OS UI",ICPS,Intel WLAN 22.80.0.9 WU submission rejected - vso 37107136
software,ICPS application was unable to download from Windows store automatically,ICPS,"AX210 WLAN show Yellow band in device manager when connect Enterprise-class router AX -- uCode ASSERT(LMAC1, rtStatus = 0x91, log is valid. data1:0x1699a, data2:0xcafecafe)"
software,KillerEthernetSuite 3.1121.1173 UWD Setup Install Fail,Killer,"[Haier][Wingtech][G1][ADL-P][Ax210][21H2]With the PC connection to the WiFi for a long-time suspension test, the WLAN driver has a loss problem [3 / 3]"
software,Killer Suite and Killer Ethernet Suite cant install success by Killer installer,Killer,"YB uCode ASSERT (lmacID = 0x0, rtStatus = 0x2000031C, log is  valid)"
software,The frame will flash in settings page of Killer Control Center app.,Killer,Error event occurs during S4 stress test FATAL_ERROR: prvAlonIndicateSusResToFwIntWd (2597) - tag: 0x1997
software,The ICPS app will set to background window after connect to AP.,ICPS,QS System hang up during stress test Netwtw10!osalMemoryCopy+0x15
software,"Wifi auto-connection not work after restart until check ""connect-automatically"" in Windows Wifi menu",Killer,3.3V module power consumption more than 15mW in MS airplane mode after Reboot ( F/R: 100%)
software,"The ""only show authorized networks"" option cannot be reset after click ""reset all settings to default"".",Killer,BSoD point to vwifi during S4 stress test
software,"the ""CAPS Lock"" tips is displayed on a wrong area from ICPS when auto rotate the screen between protrait mode andlandscape mode",ICPS,Client WiFi adapter in Russia does not connect in 11ax mode
software,"""Passcode"" dialog is hidden behind the ICPS UI when connect to other AP from ICPS after switching  switching user",ICPS,PC miracast to TV failed due to PC do not response auth req(Fail Rate: 1/50)
software,ICPS UI is hidden behind Other App UI when connect to AP from ICPS successfully,ICPS,Wifi occur yellow band(43)  rtStatus = 0x1072 when run iperf.exe.
software,22.90.1.1 abnormal conductive T-put for 5G(AX211 and Killer1690i) when install KCC,Killer,BSoD related with netwtw10 during warm boot stress test
software,"When ICPS shows Korean, text on the menu is truncated",ICPS,Netwtw10!prvDpWorkItemRxWorker+0x56
software,Chinese mintranslation,Killer,Stress_BurnIn_BSOD_KERNEL_SECURITY_CHECK_FAILURE with dump (0x139)
software,The access point is not sync up with OS native list,Killer,Intel RST - We got the BSOD
software,ICPS app can show English only in windows task bar.,ICPS,"Connect WiFi to play video, and the WLAN driver appears  YB"
software,see 9560(11ac) card is also included in ICPSExtension.inf,ICPS,Time in HW&SW Drips cant meet the target from CS (Top Offenders:Intel(R) Wi-Fi 6 AX201 160MHz
software,Cant connect wifi using ICPS app,ICPS,WIFI YB(code 43) occurred in DM after uninstalling DDD driver then installing PV driver.
software,Cant connect to hidden AP on ICPS app,ICPS,0x1E_c000001d_STACKPTR_ERROR_BAD_IP_Netwtw10!unknown_function
software,Cant keep the network connection after reboot,Killer,YB(Yellow Bang) WLAN Issue as connecting to AP
software,"Pop up notificaton ""Always connect to the best network"" option not work",Killer,Disconnecting due to FW assert (2nd log) / M2 EAPOL missing (1st log)
software,Productivity UI wording not correct,Killer,System hang during restarting and shutdown as WIFI connected
software,Sensitive Cleartext string in memory persistence,Killer,BSOD 0x7E related with Intel AX201 wireless during restart stress test - Netwtw10!deleteHalLayer
software,Cant connect to hidden AP on ICPS app,ICPS,"Intel AX201 wfi card YB, error code 10.(FR:11/2200 units) - Ucode Assert 0x942"
software,Switch to other AP on UI and then popup connect fail message but OS would connect to AP successful.,Killer,"Killer AX1690i SRA sample can not detect 6Ghz band SSID, while AX1690i QS sample can scan 6Ghz SSID on the identical platform"
software,Killer package cant be installed with E2600/E3000.,Killer,BSOD 0xD1 occurs during WiFi connection and disconnection
software,"Unit would show""Connection failed""after forget the network by OS UI then connect it again in ICPS.",ICPS,The EUT occurred BSOD (DRIVER_POWER_STATE_FAILURE (9f)) during plug dock/unplug dock test when connect to MS dock by DP port.
software,The difference for the battery life  between ICPS  enabled and  ICPS disabled over 15%,ICPS,Z93 WiFi 5Ghz band 160M-BW DFS fail issue
software,The UI of Intel Connectivity Performance Suite didnt show opposite,Killer,RX degradation at low attenuation on 5GHz BW 160M channel 100
software,ICPS GUI cant be open from All apps for the 2nd time unless quit from system tray,ICPS,BSOD occurs during running Modern Standby Critical Only
software,Error ID 1000 (Intelconnect.exe) was found during Restart test on T16/P16s(F/R:1/25 units),Killer,"Yellow ban with 0x20100702 , restart can repro with high F/R"
software,Error ID 1000 Application IDBWM.exe crash happens during restart stress test on T15p Gen3(F/R:1/16 units),Killer,11ac-5Ghz Wifi performance is lower in DC mode compared to AC mode when using Netgear R9000 AP model
software,Please help to add SSID into driver-Killer WLAN driver package v3.1121.1159,Killer,close wifisoftap dont send deauth to gc
software,"When press block button under Prioritization Engine/application sheet, the block item will auto do one more on/off action",Killer,The wireless device will show YB and code 10.
software,"The ""Connect"" button in notification banner not work",Killer,SUT occur BSOD_SYSTEM_THREAD_EXCEPTION_NOT_HANDLED_0X7E (with dump)
software,User can connect to AP without entering password from ICPS afer forgetting this AP profile from settings,ICPS,PC WLAN connections were unstable and frequently disconnected reconnections
software,Cant open ICPS GUI in All app for the 2nd time under CN and US OS on C970,ICPS,System hang on black screen during S3/S4/S5 test WinPVT
software,Killer performance driver suite UWD causes CPU high usage and power consumption.,Killer,DDD log cannot be obtained properly when sending/receiving large files.
software,Killer packaging - Post_Build updates needed,Killer,BSOD occurs during S3/S4/S5 test WinPVT
software,ICPS would be opened when double click right button on the icon in system tray.,ICPS,FATAL_ERROR: HalLayer::analyzeSpecificHostMonitorDebugData (1287) - tag: 0x19C6 and cant search wifi signal
software,No any network information showing on the network health page after refresh the DUT,Killer,Sink PC show lag or garbage when test PC projecting to PC and play local video
software,"""Automatically switch to a better network"" and ""pop up notification for better AP"" not work sometimes",Killer,Reset/Recovery seen during disconnected standby due to ASSERT_00000084
software,Forgot Wifi connection not work well for ICPS sometimes,ICPS,System hang with black screen under MODS and shows assert 0x231
software,"the notification will always pop up again once better network detected after selecting ""always ask me"" or ""Always connect to the best network""",Killer,Killer FmP2 marketing name incorrect in driver
software,Some icons are overlapping when snap layout mode selected,Killer,WifiDrv10Customization INF products list is incorrect
software,"The ""key"" icon not appear after input AP password and connected",Killer,WiFi drops intermittently while on a teams call
software,ICPS Boost mode can be selected after prioritization mode disabled,ICPS,ANT TAS command output shows incorrect Max power limit value
software,Cannot launch ICPS App after switching user,ICPS,UefiCnvWlanWRDS value can be read by WRT but no function.
software,V1.1021.1111.2 ICPS GUI cant open after preload on C970 and TB 13X,ICPS,Reset/Recovery seen during disconnected standby due to ASSERT_21000DAD
software,The ICPS GUI cannot open under a multi-user account(FR:2/2),ICPS,Assert and failure to re-enumerate
software,Office365 issue with GfP4 - continued isolation and root cause determination,Killer,there is no Reply to the Authentication that is transmitted from the TV to the PC
software,The unit cannot auto switch to a better access point after enable AP switching with VPN connected.,Killer,Reset/Recovery seen during disconnected standby due to ASSERT_00004424 on Multiple routers
software,AP password windows always keep on the top,Killer,"The SW/HW DRIPS <90% MODS with assert , after assert OS continue suspend/resume wifi"
software,ICPS cant open by single click the icon in system tray,ICPS,Issues with Wireless Connectivity - AX201 card disconnects from wireless
software,Stress_CB BSOD (0x0A) Dump file points to KfeCo10X64.sys (Killer Traffic Control Callout Driver),Killer,"Loss of connectivity on BSS Transition Management deauthentication, non-present BSSID in scan table"
software,"The Killer app will hang after apply extend current network or create hotspot function in Killer Control Center app.(F/R:2/2 units,2/8 times)",Killer,EC WR for assert 0x2F7 causes Clink hung
software,CLONE - ICPSExtension removal of WiFi 5 IDs,ICPS,"After missed beacon during D3 , wifi woke system , but OS did not initial reconnection"
software,Type/Status Icon missing from Network Health page when maxmize App and restore it again,Killer,Reset/Recovery seen during disconnected standby due to ASSERT_21000DAD
software,The UI of Intel Connectivity Performance Suite didnt show opposite on AR image.,Killer,Reset/Recovery seen during disconnected standby due to ASSERT_00004424
software,"Error ID 16(Intel Connectivity Sevice) was found during Restart stress test by LongRunATS_AOAC_v4.08 tool.(F/R:12/22 units, 1800/3300 total trials)",Killer,Reset/Recovery seen during disconnected standby due to ASSERT_00000084
software,removing fully all files and folder of ICPS after self-uninstallation,ICPS,Reset/Recovery seen during disconnected standby due to ASSERT_0000DEAD
software,ICPS Mode Selector ICPS UI will not responding when open it then choose one available AP to connect.,ICPS,Reset/Recovery seen during disconnected standby due to ASSERT_00000034
software,ICPSExtension removal of WiFi 5 IDs,ICPS,Wi-Fi YB with BT lost during ColdBoot stress assert 0x2F7
software,High level document needed for Security Review,Killer,Reset/Recovery seen during disconnected standby due to ASSERT_00002B83
software,Killer Wireless Complete package will install old version of KCC.,Killer,Reset/Recovery seen during disconnected standby due to ASSERT 0x104A
software,There were two Intel(R) Connectivity Performance Suite list in all App list after connected the Internet.,Killer,Reset/Recovery seen during disconnected standby due to ASSERT_000019D7
software,ICPSExtension Missing GFP4 IDs - Need to be added,ICPS,BSOD 0x7E when running CS cycling
software,Cannot open the ICPS app for the second time under JP OS,ICPS,DDR RFIM is not working as expected
software,ECDBWM Service name is inconsistent with other services,Killer,WIFI YB after installing driver
software,No test report and spec share for PC version release,Killer,Fail to connect to AP in WPA2 WPA3 mixed mode
software,MIT and MPL component information is missing in the license file,Killer,Wifi going missing from device manager after resume from hibernate during PST testing.
software,ICPS window auto changes from full-screen to normal size,ICPS,BE200 frequent D0/D3 transitions in CMS internet issue assert(0x20100391)
software,No message to inform user ICPS is still running in the background.,ICPS,DRTU -CLi hit to WifiSwStack.dll & IntelIHVPiepeClient.dll failure
software,"The Killer APP will show error after change function between ""create wifihotspot"" and ""xtend current network"".",Killer,The system suddenly cannot scan nearby wireless APs while toggles WiFi via the tray icon
software,ICPS service could still be running without Entitlement bit.,ICPS,DRTU -CLi loops hit to 0x20000074
software,"The pop-up window suggesting network improvements does not pop up.(F/R:2/2 units,4/4 times)",Killer,Intermittent unexplained low downlink throughput
software,6GHz band in WiFi Analyzer only can show up to channel 90 (it should be up to 233 or higher).,Killer,WIFI 6E Spectral Emission Mask Failure for 802.11AX 160MHz BW MCS 8~11
software,Smart AP Selection will show WI-FI Not Available and then stop KAPSService.,Killer,wlan block SoC enter to PC10 during idle test
software,#NAME?,Killer,FmP2 got lower RX TPT against Netgear RS700 than GaP2
software,Network Plugin - inadvertent startup of EC services when settings are Queried/Set after Network state has been toggled OFF,Killer,Tek isolation of HB channels shows 0 while doing auto-channel scanning
software,There were no any data in Usage Details list.,Killer,The value of spdBnrMean dramatically changes during the SPD test
software,Cant lunch the ICPS app.,ICPS,Reboot BSOD. KMODE EXCEPTION NOT HANDLED (0x1e)
software,ICPS can still connect to 2 APs at the same time when Double Connect option is disabled,ICPS,Found Bluetooth driver lost is caused by Wi-Fi assert-0x503
software,The ICPS APP interface items has no respond when click it.,ICPS,DRTU Rx Fail for 320MHz Large RU
software,BSOD happens When connect  AP from ICPS,ICPS,WiFi adapter enters into YB state
software,removing fully all files and folder of ICPS after self-uninstallation,ICPS,LNL B step assert 0x132e & TFD Q hang on latest 23.60.5 WIFI & BT
,,,Warmboot showed BSOD 0x9f point to WiFi when doing miracast
,,,SW/HW Drip is too low  during ModernStandby
,,,WIFI lost during S4 stress
,,,Intel BE200 Wi-Fi 7 Adapter Driver causing BSOD 0x124 WHEA_UNCORRECTABLE_ERROR
,,,System always keeps in SPD mode
,,,Netadapter launches PLDR on device initialize causing LKD assert YB observed with LKD disabled
,,,Wireless connection disconnected every 30min
,,,AX211  WiFi driver 23.20 (or above) significantly slows down the retrieval of the SQL Server data
,,,ASUS S5406SA/UX8406MA configuration parameters
,,,0x133 BSOD Netwaw16!rfdQueueProcessFragments
,,,Network connectivity loss during rekey
,,,ABS - 0x9F_3_IMAGE_Netwaw16.sys - DRIVER_POWER_STATE_FAILURE
,,,There is Event ID 5002 - assert 0x28bf -  in log after running WiFi Connection Reliability test.
,,,Unable to enter user absence decision for SPD in noisy environment
,,,Intel WLAN Driver 23.70.0.6 WU Request for MY1/Eiger/Missouri2/Rhone2
,,,WoA doesnt work sometimes
,,,WiFi Rx not meet the EPS KPIs requirements
,,,Potential interference for IPv6
,,,CITU run failed cases review
,,,"System crashed in CS/AH. The BugCheckCode is ""7E"""
,,,Observing No 2.4ghz PPAG Gain for China
,,,0x9F BSoD Netwaw16_IMAGE_pci.sys
,,,9F BSoD
,,,Cannot connect to Wireless AP with WPA3- enterprise after reboot
,,,TX power exceeds limit when MCC=TH (Thailand)
,,,The system hangs and repeatedly auto-restarts after install driver v23.80.1.3
,,,Event ID 5002 seen during WiFi Connection Reliability tests -- Assert 0x2010120E
,,,Wi-Fi Sensing UEFI variable does not work
,,,CITU test Command XVT_CMD_STEP_MARGIN_TEST_CONFIG_V6 failed with status 31_ Umac Error 0x20100502
,,,When connected to BSS LB - P2P GO start on LB SCM instead of HB DCM (WREQ-35959)
,,,AX201/AX211 disconnect from OWE SSID and cannot connect back automatically
,,,"""netsh wlan show driver"" is missing expected Auth-Cipher WPA3-Enterprise CCMP on some Surface devices and present on some. OS support itself may have same issue."
,,,System would get hang when connecting to specific qualband AP(BQ16Pro)
,,,"""netsh wlan show driver"" wrongly WPA3-Enterprise TKIP show up"
,,,WifiStack.dll Cert expired- DRTU failures in factory
,,,Driver cannot read DSM function by ACPI source
,,,AX201/AX211 sends EAPOL Start after successfully completing 11r fast roam
,,,wlan can not auto reconnect after reboot
,,,Wake on pattern failed during MS
,,,Restricted mode long reconnection time after resume from sleep
,,,23.100.0.4 cant connect with US PST lab WPA3 UHB AP
,,,WiFi Direct discovery & connection to peer takes a long time as ICPS installed.
,,,Question for Beacon Measurement request/response before BTM Handshake for Mesh Setup
,,,Wi-FI device will YB when use 23.80 PV and add registry HumanPresenceSpdConfigId=1-5
,,,BE201 WLAN YB on factory with assert 0x505 while idle
,,,-- Intel WIFI7 module on AMD 800 series platform YB and device lost issue
,,,FCC psPD test result has huge gap
,,,2.4G DRTU Target power difference at the same SKU
,,,TAS/SAR becomes Active even though its disabled by SAR Manager (set to index 0)
,,,"BSoD point to WifiCx during Stress_Random MS/S4,F/R: 3/20units, 3/2000cycles)"
,,,"The DUT open ICPS, BSOD 0xa"
,,,The header of Network Health takes 5-20s to align
,,,PIMS-123991 - Stress CB BSOD w/ dump code IRQL_NOT_LESS_OR_EQUAL. (0x0A)
,,,About Intel Killer software
,,,Productivity UI wording not correct
,,,ICPSs App is installed automatically after ICPSComponent.inf installed by pnputil.
,,,"ICPS will show ""Connection failed"" but the AP can be connected by OS UI"
,,,ICPS application was unable to download from Windows store automatically
,,,KillerEthernetSuite 3.1121.1173 UWD Setup Install Fail
,,,Killer Suite and Killer Ethernet Suite cant install success by Killer installer
,,,The frame will flash in settings page of Killer Control Center app.
,,,The ICPS app will set to background window after connect to AP.
,,,"Wifi auto-connection not work after restart until check ""connect-automatically"" in Windows Wifi menu"
,,,"The ""only show authorized networks"" option cannot be reset after click ""reset all settings to default""."
,,,"the ""CAPS Lock"" tips is displayed on a wrong area from ICPS when auto rotate the screen between protrait mode andlandscape mode"
,,,"""Passcode"" dialog is hidden behind the ICPS UI when connect to other AP from ICPS after switching  switching user"
,,,ICPS UI is hidden behind Other App UI when connect to AP from ICPS successfully
,,,22.90.1.1 abnormal conductive T-put for 5G(AX211 and Killer1690i) when install KCC
,,,"When ICPS shows Korean, text on the menu is truncated"
,,,Chinese mintranslation
,,,The access point is not sync up with OS native list
,,,ICPS app can show English only in windows task bar.
,,,see 9560(11ac) card is also included in ICPSExtension.inf
,,,Cant connect wifi using ICPS app
,,,Cant connect to hidden AP on ICPS app
,,,Cant keep the network connection after reboot
,,,"Pop up notificaton ""Always connect to the best network"" option not work"
,,,Productivity UI wording not correct
,,,Sensitive Cleartext string in memory persistence
,,,Cant connect to hidden AP on ICPS app
,,,Switch to other AP on UI and then popup connect fail message but OS would connect to AP successful.
,,,Killer package cant be installed with E2600/E3000.
,,,"Unit would show""Connection failed""after forget the network by OS UI then connect it again in ICPS."
,,,The difference for the battery life  between ICPS  enabled and  ICPS disabled over 15%
,,,The UI of Intel Connectivity Performance Suite didnt show opposite
,,,ICPS GUI cant be open from All apps for the 2nd time unless quit from system tray
,,,Error ID 1000 (Intelconnect.exe) was found during Restart test on T16/P16s(F/R:1/25 units)
,,,Error ID 1000 Application IDBWM.exe crash happens during restart stress test on T15p Gen3(F/R:1/16 units)
,,,Please help to add SSID into driver-Killer WLAN driver package v3.1121.1159
,,,"When press block button under Prioritization Engine/application sheet, the block item will auto do one more on/off action"
,,,"The ""Connect"" button in notification banner not work"
,,,User can connect to AP without entering password from ICPS afer forgetting this AP profile from settings
,,,Cant open ICPS GUI in All app for the 2nd time under CN and US OS on C970
,,,Killer performance driver suite UWD causes CPU high usage and power consumption.
,,,Killer packaging - Post_Build updates needed
,,,ICPS would be opened when double click right button on the icon in system tray.
,,,No any network information showing on the network health page after refresh the DUT
,,,"""Automatically switch to a better network"" and ""pop up notification for better AP"" not work sometimes"
,,,Forgot Wifi connection not work well for ICPS sometimes
,,,"the notification will always pop up again once better network detected after selecting ""always ask me"" or ""Always connect to the best network"""
,,,Some icons are overlapping when snap layout mode selected
,,,"The ""key"" icon not appear after input AP password and connected"
,,,ICPS Boost mode can be selected after prioritization mode disabled
,,,Cannot launch ICPS App after switching user
,,,V1.1021.1111.2 ICPS GUI cant open after preload on C970 and TB 13X
,,,The ICPS GUI cannot open under a multi-user account(FR:2/2)
,,,Office365 issue with GfP4 - continued isolation and root cause determination
,,,The unit cannot auto switch to a better access point after enable AP switching with VPN connected.
,,,AP password windows always keep on the top
,,,ICPS cant open by single click the icon in system tray
,,,Stress_CB BSOD (0x0A) Dump file points to KfeCo10X64.sys (Killer Traffic Control Callout Driver)
,,,"The Killer app will hang after apply extend current network or create hotspot function in Killer Control Center app.(F/R:2/2 units,2/8 times)"
,,,CLONE - ICPSExtension removal of WiFi 5 IDs
,,,Type/Status Icon missing from Network Health page when maxmize App and restore it again
,,,The UI of Intel Connectivity Performance Suite didnt show opposite on AR image.
,,,"Error ID 16(Intel Connectivity Sevice) was found during Restart stress test by LongRunATS_AOAC_v4.08 tool.(F/R:12/22 units, 1800/3300 total trials)"
,,,removing fully all files and folder of ICPS after self-uninstallation
,,,ICPS Mode Selector ICPS UI will not responding when open it then choose one available AP to connect.
,,,ICPSExtension removal of WiFi 5 IDs
,,,High level document needed for Security Review
,,,Killer Wireless Complete package will install old version of KCC.
,,,There were two Intel(R) Connectivity Performance Suite list in all App list after connected the Internet.
,,,ICPSExtension Missing GFP4 IDs - Need to be added
,,,Cannot open the ICPS app for the second time under JP OS
,,,ECDBWM Service name is inconsistent with other services
,,,No test report and spec share for PC version release
,,,MIT and MPL component information is missing in the license file
,,,ICPS window auto changes from full-screen to normal size
,,,No message to inform user ICPS is still running in the background.
,,,"The Killer APP will show error after change function between ""create wifihotspot"" and ""xtend current network""."
,,,ICPS service could still be running without Entitlement bit.
,,,"The pop-up window suggesting network improvements does not pop up.(F/R:2/2 units,4/4 times)"
,,,6GHz band in WiFi Analyzer only can show up to channel 90 (it should be up to 233 or higher).
,,,Smart AP Selection will show WI-FI Not Available and then stop KAPSService.
,,,#NAME?
,,,Network Plugin - inadvertent startup of EC services when settings are Queried/Set after Network state has been toggled OFF
,,,There were no any data in Usage Details list.
,,,Cant lunch the ICPS app.
,,,ICPS can still connect to 2 APs at the same time when Double Connect option is disabled
,,,The ICPS APP interface items has no respond when click it.
,,,BSOD happens When connect  AP from ICPS
,,,removing fully all files and folder of ICPS after self-uninstallation
