jira_id,ips_title,jira_component,component_frequency,feature_text
BT-110058,intel advertisement interface debug: start adv filter with EB4,Customer TBD,210,[COMPONENT=Customer TBD] intel advertisement interface debug: start adv filter with EB4
BT-150654,"[Yuanchen][BT][Huawei][VangoghH][MTL][FOT]open decice error,fail to get decice path",Customer TBD,210,"[COMPONENT=Customer TBD] [Yuanchen][BT][Huawei][VangoghH][MTL][FOT]open decice error,fail to get decice path"
BT-191015,[Dell][Compal][LNL_Tributo][BE201] BT device would lost after DUT resume from WB/S4.,Customer TBD,210,[COMPONENT=Customer TBD] [Dell][Compal][LNL_Tributo][BE201] BT device would lost after DUT resume from WB/S4.
BT-266356,[Dell][ARL][BE202] BLE Init Failure post integration to BIOS,Customer TBD,210,[COMPONENT=Customer TBD] [Dell][ARL][BE202] BLE Init Failure post integration to BIOS
BT-27749,[WW2-3 Alpha+ colocation](ADL-S CSLP)[DELL Corp. DT/D12 Kyoto-MTP/Wistron/ADL-S+Q670][BT] AX201/AX211 device will YB after warm boot,Customer TBD,210,[COMPONENT=Customer TBD] [WW2-3 Alpha+ colocation](ADL-S CSLP)[DELL Corp. DT/D12 Kyoto-MTP/Wistron/ADL-S+Q670][BT] AX201/AX211 device will YB after warm boot
BT-288498,[TKN][Acer][Compal][travelmate B5 triangle KH4TK][AX211/BE200][Win11]BT SAR table in bios ACPI code problem,Customer TBD,210,[COMPONENT=Customer TBD] [TKN][Acer][Compal][travelmate B5 triangle KH4TK][AX211/BE200][Win11]BT SAR table in bios ACPI code problem
BT-319071,"[VAIO][RPL]Once the PC wakes up, it stays awake even if there is no movement around the PC.",Customer TBD,210,"[COMPONENT=Customer TBD] [VAIO][RPL]Once the PC wakes up, it stays awake even if there is no movement around the PC."
BT-321992,ICPS Bluetooth Device Management cant show Bluetooth LE devices correctly.,Customer TBD,210,[COMPONENT=Customer TBD] ICPS Bluetooth Device Management cant show Bluetooth LE devices correctly.
BT-36520,BLE mouse cursor hang randomly,Customer TBD,210,[COMPONENT=Customer TBD] BLE mouse cursor hang randomly
BT-378246,[HP][Quanta]-[Trekker][PTL-H][Win11 25H2] Wlan and BT lost from quick setting about 1s then auto recover during playing local video with BT headphone and BT mouse connected.(Intel BE211),Customer TBD,210,[COMPONENT=Customer TBD] [HP][Quanta]-[Trekker][PTL-H][Win11 25H2] Wlan and BT lost from quick setting about 1s then auto recover during playing local video with BT headphone and BT mouse connected.(Intel BE211)
BT-40664,[DELL/Dolphin N/V MTE/Wistron/ADL-S][Linux] [AX201] [BT] Ubuntu kernel 5.13 is lack of Intel CNVi card support on ADL-S platform,Customer TBD,210,[COMPONENT=Customer TBD] [DELL/Dolphin N/V MTE/Wistron/ADL-S][Linux] [AX201] [BT] Ubuntu kernel 5.13 is lack of Intel CNVi card support on ADL-S platform
BT-40665,[DELL/Kyoto/ Kyoto P/Wistron/ADL-S][Linux] [AX211] [BT] Ubuntu kernel 5.13 is lack of Intel CNVi card support on ADL-S platform,Customer TBD,210,[COMPONENT=Customer TBD] [DELL/Kyoto/ Kyoto P/Wistron/ADL-S][Linux] [AX211] [BT] Ubuntu kernel 5.13 is lack of Intel CNVi card support on ADL-S platform
BT-40666,[DELL/Dolphin N/V MTE/Wistron/ADL-S][Linux] [9462] [BT] Ubuntu kernel 5.13 is lack of Intel CNVi card support on ADL-S platform,Customer TBD,210,[COMPONENT=Customer TBD] [DELL/Dolphin N/V MTE/Wistron/ADL-S][Linux] [9462] [BT] Ubuntu kernel 5.13 is lack of Intel CNVi card support on ADL-S platform
BT-40742,[DELL/Dolphin N/V MTE/Wistron/ADL-S][Linux] [9560] [BT] Ubuntu kernel 5.13 is lack of Intel CNVi card support on ADL-S platform,Customer TBD,210,[COMPONENT=Customer TBD] [DELL/Dolphin N/V MTE/Wistron/ADL-S][Linux] [9560] [BT] Ubuntu kernel 5.13 is lack of Intel CNVi card support on ADL-S platform
BT-419745,[Lenovo][Kailash][PTL/BE211@1216/320Mhz][25H2]sometimes connect  BT headset failed,Customer TBD,210,[COMPONENT=Customer TBD] [Lenovo][Kailash][PTL/BE211@1216/320Mhz][25H2]sometimes connect  BT headset failed
BT-463883,"[Lenovo][Huaqin][TB_1416+_Gen8][PTL][Win11_25H2][MP] BE213 HWID show uncorrect HWID ""PCI\VEN_8086&DEV_E476&SUBSYS_00008086""(FR:90/653 UUTs",Customer TBD,210,"[COMPONENT=Customer TBD] [Lenovo][Huaqin][TB_1416+_Gen8][PTL][Win11_25H2][MP] BE213 HWID show uncorrect HWID ""PCI\VEN_8086&DEV_E476&SUBSYS_00008086""(FR:90/653 UUTs"
BT-473108,[WiFi][Bluetooth] Abnormal shutdown occurs at power cycle test with 24.20 driver,Customer TBD,210,[COMPONENT=Customer TBD] [WiFi][Bluetooth] Abnormal shutdown occurs at power cycle test with 24.20 driver
BT-474234,[Lenovo ThinkPad][Avon/PTL/BE211][PCI][25H2] Short Audio Cues does not Play When Using Bluetooth Headset,Customer TBD,210,[COMPONENT=Customer TBD] [Lenovo ThinkPad][Avon/PTL/BE211][PCI][25H2] Short Audio Cues does not Play When Using Bluetooth Headset
BT-477239,[Lenovo-DT][Huaqin][Yoga9][PTL] The yellow label of the Wifi/BT device appears in the reboot cycle stress test,Customer TBD,210,[COMPONENT=Customer TBD] [Lenovo-DT][Huaqin][Yoga9][PTL] The yellow label of the Wifi/BT device appears in the reboot cycle stress test
BT-59625,"[HONOR][HUAQIN][HiggsF][NB5550B][ADL-P][AX211][WIN11][BT] Connect BT headset to system, and then it will only show connected voice and the sound out put from PC speaker.",Customer TBD,210,"[COMPONENT=Customer TBD] [HONOR][HUAQIN][HiggsF][NB5550B][ADL-P][AX211][WIN11][BT] Connect BT headset to system, and then it will only show connected voice and the sound out put from PC speaker."
CIE-10016,AI Apps in Prioritization Still Display green Check Mark After Disabling from,Customer TBD,210,[COMPONENT=Customer TBD] AI Apps in Prioritization Still Display green Check Mark After Disabling from
CIE-10018,Mobile battery percentage fails to display in ICPS UI,Customer TBD,210,[COMPONENT=Customer TBD] Mobile battery percentage fails to display in ICPS UI
CIE-10022,Edited Mouse name and Keyboard name does not retain in ICPS,Customer TBD,210,[COMPONENT=Customer TBD] Edited Mouse name and Keyboard name does not retain in ICPS
CIE-1020,[HP/Win10/ADL/GfP2/Thanos] ICPS cannot enter AP info if it needs to enter name and password,Customer TBD,210,[COMPONENT=Customer TBD] [HP/Win10/ADL/GfP2/Thanos] ICPS cannot enter AP info if it needs to enter name and password
CIE-10238,[Acer][Compal][PTL][AX211][Souffle_PTZ] ICPS impacts the Fast Startup time.,Customer TBD,210,[COMPONENT=Customer TBD] [Acer][Compal][PTL][AX211][Souffle_PTZ] ICPS impacts the Fast Startup time.
CIE-10269,"[Y9genX refresh]GameFast status keep disable when enable ""Auto-enable when a game is detected"" in Intel Killer Performance Suite app then play a game",Customer TBD,210,"[COMPONENT=Customer TBD] [Y9genX refresh]GameFast status keep disable when enable ""Auto-enable when a game is detected"" in Intel Killer Performance Suite app then play a game"
CIE-10337,[Dell][NVL-S]Killer 1775i WIFI/BT driver request,Customer TBD,210,[COMPONENT=Customer TBD] [Dell][NVL-S]Killer 1775i WIFI/BT driver request
CIE-10397,[HP/COMM/PTL/WhP2/Merino13X] No WWAN interface display in Network Health,Customer TBD,210,[COMPONENT=Customer TBD] [HP/COMM/PTL/WhP2/Merino13X] No WWAN interface display in Network Health
CIE-10399,Gaming mode is missing in the prioritization tab of ICPS 50.25.1224.201,Customer TBD,210,[COMPONENT=Customer TBD] Gaming mode is missing in the prioritization tab of ICPS 50.25.1224.201
CIE-11272,[PTL][Samsung][GB6-14 vpro][ICPS] Increased power consumption caused by Intel connect.exe.,Customer TBD,210,[COMPONENT=Customer TBD] [PTL][Samsung][GB6-14 vpro][ICPS] Increased power consumption caused by Intel connect.exe.
CIE-11374,[Dell][Citadel NVL-S]Killer 1775i WIFI driver install fail,Customer TBD,210,[COMPONENT=Customer TBD] [Dell][Citadel NVL-S]Killer 1775i WIFI driver install fail
CIE-11569,"[Acer][FPACE_PTB] Network connection in Killer Performance Suite is shown as ""Wired Network 2"" although the network is connected via Wi-Fi module.",Customer TBD,210,"[COMPONENT=Customer TBD] [Acer][FPACE_PTB] Network connection in Killer Performance Suite is shown as ""Wired Network 2"" although the network is connected via Wi-Fi module."
CIE-1585,[Samsung][Customer Request] removing fully all files and folder of ICPS after self-uninstallation,Customer TBD,210,[COMPONENT=Customer TBD] [Samsung][Customer Request] removing fully all files and folder of ICPS after self-uninstallation
CIE-1864,[Lenovo-ThinkPad] [Inhouse][Jaguar/Panther-2][ADL][AX211][21H2][100%][Secuity]Alternate Data Stream Detected,Customer TBD,210,[COMPONENT=Customer TBD] [Lenovo-ThinkPad] [Inhouse][Jaguar/Panther-2][ADL][AX211][21H2][100%][Secuity]Alternate Data Stream Detected
CIE-1924,[Huawei][Quanta][H9HD][HookF][AX211][21H2][ICPS][ICPS_SEC_003] ICPS open source components have security vulnerabilities and do not provide open source declaration and open source component software list,Customer TBD,210,[COMPONENT=Customer TBD] [Huawei][Quanta][H9HD][HookF][AX211][21H2][ICPS][ICPS_SEC_003] ICPS open source components have security vulnerabilities and do not provide open source declaration and open source component software list
CIE-1940,Huawei][Quanta][H9HD][HookF][AX211][21H2][ICPS][ICPS_SEC_004]The pdb debug file exists in the package UWD\Win64\Drivers\ICPSComponent\Symbols directory,Customer TBD,210,[COMPONENT=Customer TBD] Huawei][Quanta][H9HD][HookF][AX211][21H2][ICPS][ICPS_SEC_004]The pdb debug file exists in the package UWD\Win64\Drivers\ICPSComponent\Symbols directory
CIE-1960,[Huawei][Quanta][H9HD][HookF][AX211][21H2][ICPS][ICPS_015] My Network still shows the SSID of the connected hotspot after the WiFi switch is turned off,Customer TBD,210,[COMPONENT=Customer TBD] [Huawei][Quanta][H9HD][HookF][AX211][21H2][ICPS][ICPS_015] My Network still shows the SSID of the connected hotspot after the WiFi switch is turned off
CIE-1999,[Samsung][ADL][ICPS] d1 BSoD occured,Customer TBD,210,[COMPONENT=Customer TBD] [Samsung][ADL][ICPS] d1 BSoD occured
CIE-2410,"[Huawei][Quanta][H9U][CurieF][AX211][22H2][ICPS][BUG-20220719-56362] Run Step Stress_MultiMedia_00500 ?web online multimedia with reboot? . one unit meet BSOD D1. IntcCo11X64.sys, F/R:1/10 units , per unit 500 cycles",Customer TBD,210,"[COMPONENT=Customer TBD] [Huawei][Quanta][H9U][CurieF][AX211][22H2][ICPS][BUG-20220719-56362] Run Step Stress_MultiMedia_00500 ?web online multimedia with reboot? . one unit meet BSOD D1. IntcCo11X64.sys, F/R:1/10 units , per unit 500 cycles"
CIE-2486,"[MSI][MS-17P2][RPL-H]After remove Killer E3100G LAN driver, I can't install Killer E3100G LAN driver by setup.exe again",Customer TBD,210,"[COMPONENT=Customer TBD] [MSI][MS-17P2][RPL-H]After remove Killer E3100G LAN driver, I can't install Killer E3100G LAN driver by setup.exe again"
CIE-2566,[Samsung][RPL-P][ICPS2.0] Increased power consumption caused by ICPS in 1080p Video playback scenario(+WIFI off),Customer TBD,210,[COMPONENT=Customer TBD] [Samsung][RPL-P][ICPS2.0] Increased power consumption caused by ICPS in 1080p Video playback scenario(+WIFI off)
CIE-2567,[Samsung][ADL][ICPS]The files in ICPS folder are not removed after driver is uninstalled.,Customer TBD,210,[COMPONENT=Customer TBD] [Samsung][ADL][ICPS]The files in ICPS folder are not removed after driver is uninstalled.
CIE-3265,[Lenovo IdeaPad][Inhouse][Y980][RPL][Win11][SIT]  Killer APP crash,Customer TBD,210,[COMPONENT=Customer TBD] [Lenovo IdeaPad][Inhouse][Y980][RPL][Win11][SIT]  Killer APP crash
CIE-3447,[Dynabook]ICPS network page only show grey after WiFi is turned off,Customer TBD,210,[COMPONENT=Customer TBD] [Dynabook]ICPS network page only show grey after WiFi is turned off
CIE-3521,[Dell] ExpressConnect (in Dell Optimizer) will impact GaP2 Wi-Fi 7 throughput,Customer TBD,210,[COMPONENT=Customer TBD] [Dell] ExpressConnect (in Dell Optimizer) will impact GaP2 Wi-Fi 7 throughput
CIE-3595,"[May CI][Y780 IRX D/H Full]The function of switching better signal AP fails when click the connect button in ""Smart Access Point Selection Pop Up Notifications""windows.(F/R:2/2units, 3/4cycles)",Customer TBD,210,"[COMPONENT=Customer TBD] [May CI][Y780 IRX D/H Full]The function of switching better signal AP fails when click the connect button in ""Smart Access Point Selection Pop Up Notifications""windows.(F/R:2/2units, 3/4cycles)"
CIE-3726,[Jinke][WIFI][Huawei][VangogH][MTL][DVT][ICPS]IntelProviderDataHelperService.exe  app error event,Customer TBD,210,[COMPONENT=Customer TBD] [Jinke][WIFI][Huawei][VangogH][MTL][DVT][ICPS]IntelProviderDataHelperService.exe  app error event
CIE-3781,"[Lenovo IdeaPad][Y990-IRX][SIT][RPL-X][LCFC][HF][Win11]Killer(R) Wi-Fi 6E AX1675i (AX211)- ""Killer Networking Software"" device lost in Device Manager When run Stress_S3",Customer TBD,210,"[COMPONENT=Customer TBD] [Lenovo IdeaPad][Y990-IRX][SIT][RPL-X][LCFC][HF][Win11]Killer(R) Wi-Fi 6E AX1675i (AX211)- ""Killer Networking Software"" device lost in Device Manager When run Stress_S3"
CIE-3806,[Samsung][MTL][ICPS] RNIdle Task is not finished,Customer TBD,210,[COMPONENT=Customer TBD] [Samsung][MTL][ICPS] RNIdle Task is not finished
CIE-3812,"Unable to access file server, no Internet connection, or disconnect Teams meetings while using WLAN",Customer TBD,210,"[COMPONENT=Customer TBD] Unable to access file server, no Internet connection, or disconnect Teams meetings while using WLAN"
CIE-3813,[Lenovo][MeteorLake][AX211][22H2][100%][ICPS3.0]SSID shows unreadable characters instead of Chinese if connect AP in ICPS,Customer TBD,210,[COMPONENT=Customer TBD] [Lenovo][MeteorLake][AX211][22H2][100%][ICPS3.0]SSID shows unreadable characters instead of Chinese if connect AP in ICPS
CIE-3822,[Baymax] The battery life MM25 result significantly drop due to the ICPS service,Customer TBD,210,[COMPONENT=Customer TBD] [Baymax] The battery life MM25 result significantly drop due to the ICPS service
CIE-3950,[Samsung][RPL][ICPS]Cant connect to AP on ICPS app,Customer TBD,210,[COMPONENT=Customer TBD] [Samsung][RPL][ICPS]Cant connect to AP on ICPS app
CIE-3957,[HP/SIO2238057/Win11/MTL/GfP2/Longhornz] Interfaces routing is not matched as custom setting after set as Manually Configure Connection Settings mode.,Customer TBD,210,[COMPONENT=Customer TBD] [HP/SIO2238057/Win11/MTL/GfP2/Longhornz] Interfaces routing is not matched as custom setting after set as Manually Configure Connection Settings mode.
CIE-3959,[Acer/Compal][EQE_RTX]EventViewer Error ID 1000 appear in the first time reboot,Customer TBD,210,[COMPONENT=Customer TBD] [Acer/Compal][EQE_RTX]EventViewer Error ID 1000 appear in the first time reboot
CIE-3976,[ASUS/Commercial][Pegatron][MTL][BE200][B3/B5] ICPS does not display recommendations when connected to WiFi 4 or 5 access point with BE200,Customer TBD,210,[COMPONENT=Customer TBD] [ASUS/Commercial][Pegatron][MTL][BE200][B3/B5] ICPS does not display recommendations when connected to WiFi 4 or 5 access point with BE200
CIE-3979,"System error with Event IDs 7011 and 7043 ""Intel Connectivity Network Service "" found in Event Viewer after PBR",Customer TBD,210,"[COMPONENT=Customer TBD] System error with Event IDs 7011 and 7043 ""Intel Connectivity Network Service "" found in Event Viewer after PBR"
CIE-4096,[ASUS][PEGA][MTL][BE200][ICPS] WIFI7 TPT degrade when ICPS installed.,Customer TBD,210,[COMPONENT=Customer TBD] [ASUS][PEGA][MTL][BE200][ICPS] WIFI7 TPT degrade when ICPS installed.
CIE-4154,"[TB G6+][AX211][MTL][Win11]i9 System occur ""Unknown software exception"" when restart (BSOD point to ICPS)",Customer TBD,210,"[COMPONENT=Customer TBD] [TB G6+][AX211][MTL][Win11]i9 System occur ""Unknown software exception"" when restart (BSOD point to ICPS)"
CIE-4159,[LCFC][RYZEN][AX211][WIN11][Y760ACH_Killer1650xY770S_IAH_Killer1675i]Killer Control Center APP show Service not Running,Customer TBD,210,[COMPONENT=Customer TBD] [LCFC][RYZEN][AX211][WIN11][Y760ACH_Killer1650xY770S_IAH_Killer1675i]Killer Control Center APP show Service not Running
CIE-4281,[MSI][NB][MS-17Q2][RPL-HX]KillerControlCenter.3.1524.510.1 cannot install,Customer TBD,210,[COMPONENT=Customer TBD] [MSI][NB][MS-17Q2][RPL-HX]KillerControlCenter.3.1524.510.1 cannot install
CIE-4358,[Samsung][MTL][ICPS]ICPS app cant show authorized network properly.,Customer TBD,210,[COMPONENT=Customer TBD] [Samsung][MTL][ICPS]ICPS app cant show authorized network properly.
CIE-4399,[Dell][Tributo MTL]Killer v35.24.4316 Wi-Fi (com. and ext. v3.1524.405.6) driver,Customer TBD,210,[COMPONENT=Customer TBD] [Dell][Tributo MTL]Killer v35.24.4316 Wi-Fi (com. and ext. v3.1524.405.6) driver
CIE-4400,[Dell][Wistron][Arwing] Add SSID for supporting Killer BE1750x and KCC,Customer TBD,210,[COMPONENT=Customer TBD] [Dell][Wistron][Arwing] Add SSID for supporting Killer BE1750x and KCC
CIE-4408,[Samsung][LNL][ICPS]Cant connect an AP on ICPS app.,Customer TBD,210,[COMPONENT=Customer TBD] [Samsung][LNL][ICPS]Cant connect an AP on ICPS app.
CIE-4410,[LCFC][RYZEN][AX211][WIN11][Y760ACH_Killer1650xY770S_IAH_Killer1675i]zhiwei test for IPS promote issue,Customer TBD,210,[COMPONENT=Customer TBD] [LCFC][RYZEN][AX211][WIN11][Y760ACH_Killer1650xY770S_IAH_Killer1675i]zhiwei test for IPS promote issue
CIE-4424,Wireless Connectivity Solutions,Customer TBD,210,[COMPONENT=Customer TBD] Wireless Connectivity Solutions
CIE-4431,[Dynabook][Win11]The network cannot automatically switch after set Manually configure connection,Customer TBD,210,[COMPONENT=Customer TBD] [Dynabook][Win11]The network cannot automatically switch after set Manually configure connection
CIE-4437,[Dell][Compal]TributoLNL_DVT2_Killer service cant running,Customer TBD,210,[COMPONENT=Customer TBD] [Dell][Compal]TributoLNL_DVT2_Killer service cant running
CIE-4467,"[Lenovo][LunarLake][BE201][24H2][100%][ICPS4.0]It takes about 15s to display Bluetooth devices after click ""Scan"" button in ICPS",Customer TBD,210,"[COMPONENT=Customer TBD] [Lenovo][LunarLake][BE201][24H2][100%][ICPS4.0]It takes about 15s to display Bluetooth devices after click ""Scan"" button in ICPS"
CIE-4469,[Dell][Tributo LNL] Submit Killer v35.24.5517 (com. and ext. v3.1524.510.1) WU,Customer TBD,210,[COMPONENT=Customer TBD] [Dell][Tributo LNL] Submit Killer v35.24.5517 (com. and ext. v3.1524.510.1) WU
CIE-4485,[Lenovo][LunarLake][BE201][24H2][100%][ICPS4.0]Bluetooth Mouse/keyboard cant be reconnected in ICPS,Customer TBD,210,[COMPONENT=Customer TBD] [Lenovo][LunarLake][BE201][24H2][100%][ICPS4.0]Bluetooth Mouse/keyboard cant be reconnected in ICPS
CIE-4502,[Acer][Compal][IceFish_LNM][Lunar Lake-MX]Event id 1000 error occur reboot,Customer TBD,210,[COMPONENT=Customer TBD] [Acer][Compal][IceFish_LNM][Lunar Lake-MX]Event id 1000 error occur reboot
CIE-4508,"[Lenovo][LunarLake][BE201][24H2][20%][ICPS4.0]The ICPS ""Network Health"" interface shows blank 5s after enable ""Pop up notification for a better network""",Customer TBD,210,"[COMPONENT=Customer TBD] [Lenovo][LunarLake][BE201][24H2][20%][ICPS4.0]The ICPS ""Network Health"" interface shows blank 5s after enable ""Pop up notification for a better network"""
CIE-4524,[MSI][Killer E3100G] 24H2 System HLK - Signed Driver Check (CheckLogo) test fail,Customer TBD,210,[COMPONENT=Customer TBD] [MSI][Killer E3100G] 24H2 System HLK - Signed Driver Check (CheckLogo) test fail
CIE-4540,[Lenovo][LunarLake][BE201][24H2][100%][ICPS4.0]Some Bluetooth devices cant be listed in ICPS Bluetooth UI,Customer TBD,210,[COMPONENT=Customer TBD] [Lenovo][LunarLake][BE201][24H2][100%][ICPS4.0]Some Bluetooth devices cant be listed in ICPS Bluetooth UI
CIE-4548,[Dell][Pista MTL]Killer v35.24.5437 Wi-Fi (com. and ext. v3.1524.510.1) driver,Customer TBD,210,[COMPONENT=Customer TBD] [Dell][Pista MTL]Killer v35.24.5437 Wi-Fi (com. and ext. v3.1524.510.1) driver
CIE-4549,[Dell][Fiorano RPL]Killer v35.24.5437 Wi-Fi (com. and ext. v3.1524.510.1) driver,Customer TBD,210,[COMPONENT=Customer TBD] [Dell][Fiorano RPL]Killer v35.24.5437 Wi-Fi (com. and ext. v3.1524.510.1) driver
CIE-4550,[Dell][SPT platforms]Killer v35.24.5437 Wi-Fi (com. and ext. v3.1524.510.1) driver,Customer TBD,210,[COMPONENT=Customer TBD] [Dell][SPT platforms]Killer v35.24.5437 Wi-Fi (com. and ext. v3.1524.510.1) driver
CIE-4685,[Dell][Tributo MTL]Killer v35.24.5437 Wi-Fi (com. and ext. v3.1524.510.1) driver,Customer TBD,210,[COMPONENT=Customer TBD] [Dell][Tributo MTL]Killer v35.24.5437 Wi-Fi (com. and ext. v3.1524.510.1) driver
CIE-4702,[Dell_AW_NexusMLK/Horizon15&MLK]Killer v35.24.5437 WIFI ext and comp WU request.,Customer TBD,210,[COMPONENT=Customer TBD] [Dell_AW_NexusMLK/Horizon15&MLK]Killer v35.24.5437 WIFI ext and comp WU request.
CIE-4739,[Lenovo][LunarLake][BE201][24H2][100%][ICPS4.0]Prioritization is still disabled when Click OK to enable Prioritization in ACM page,Customer TBD,210,[COMPONENT=Customer TBD] [Lenovo][LunarLake][BE201][24H2][100%][ICPS4.0]Prioritization is still disabled when Click OK to enable Prioritization in ACM page
CIE-4740,[Lenovo][LunarLake][BE201][24H2][100%][ICPS4.0]Windows Mobile hotspot will be disabled when exit ICPS from system tray,Customer TBD,210,[COMPONENT=Customer TBD] [Lenovo][LunarLake][BE201][24H2][100%][ICPS4.0]Windows Mobile hotspot will be disabled when exit ICPS from system tray
CIE-4751,[Samsung][ICPS]Need an improvement for app assessment of CER - [1. Snap menu flyout],Customer TBD,210,[COMPONENT=Customer TBD] [Samsung][ICPS]Need an improvement for app assessment of CER - [1. Snap menu flyout]
CIE-4752,[Samsung][ICPS]Need an improvement for app assessment of CER - [2. Notification],Customer TBD,210,[COMPONENT=Customer TBD] [Samsung][ICPS]Need an improvement for app assessment of CER - [2. Notification]
CIE-4753,[Samsung][ICPS]Need an improvement for app assessment of CER - [3. Dark/light theme],Customer TBD,210,[COMPONENT=Customer TBD] [Samsung][ICPS]Need an improvement for app assessment of CER - [3. Dark/light theme]
CIE-4767,ICPS Bluetooth Device Management cant show Bluetooth LE devices,Customer TBD,210,[COMPONENT=Customer TBD] ICPS Bluetooth Device Management cant show Bluetooth LE devices
CIE-4768,[Dell/Compal][Tributo LNL] CER Bug Review for KIC App UX,Customer TBD,210,[COMPONENT=Customer TBD] [Dell/Compal][Tributo LNL] CER Bug Review for KIC App UX
CIE-4769,Cannot connect to BT devices through Killer Control Center,Customer TBD,210,[COMPONENT=Customer TBD] Cannot connect to BT devices through Killer Control Center
CIE-5008,[Acer][Fabia_RTH] No sound output from  specific Sony BT speaker when its connected through Killer Control Center.,Customer TBD,210,[COMPONENT=Customer TBD] [Acer][Fabia_RTH] No sound output from  specific Sony BT speaker when its connected through Killer Control Center.
CIE-5107,[LG][16Z90S][MTL/AX211/Win11 23H2] [ICPS]File copy from local PC to Citrix cloud PC is very slow,Customer TBD,210,[COMPONENT=Customer TBD] [LG][16Z90S][MTL/AX211/Win11 23H2] [ICPS]File copy from local PC to Citrix cloud PC is very slow
CIE-5122,[Dell/Compal][Tributo LNL] PR6_BSOD_0xA,Customer TBD,210,[COMPONENT=Customer TBD] [Dell/Compal][Tributo LNL] PR6_BSOD_0xA
CIE-5125,SIE292937 - 840 G10/G11/ EY/Crashing due to an Intel ICPS old and latest driver,Customer TBD,210,[COMPONENT=Customer TBD] SIE292937 - 840 G10/G11/ EY/Crashing due to an Intel ICPS old and latest driver
CIE-5149,[Lenovo][LunarLake][BE201][24H2][100%][ICPS4.0]ICPS UI font for SC is not localized,Customer TBD,210,[COMPONENT=Customer TBD] [Lenovo][LunarLake][BE201][24H2][100%][ICPS4.0]ICPS UI font for SC is not localized
CIE-5159,[Dell_Sanctuary][ARL-Hx][Killer 1750w][1216]Killer service within Killer wlan driver impact CPU C10 percentage,Customer TBD,210,[COMPONENT=Customer TBD] [Dell_Sanctuary][ARL-Hx][Killer 1750w][1216]Killer service within Killer wlan driver impact CPU C10 percentage
CIE-5174,[Dell/Compal_TributoLNL] Killer services not running,Customer TBD,210,[COMPONENT=Customer TBD] [Dell/Compal_TributoLNL] Killer services not running
CIE-6143,[Dynabook]a blank parenthesis will appears in the ICPS Bluetooth device list after changing Bluetooth device name,Customer TBD,210,[COMPONENT=Customer TBD] [Dynabook]a blank parenthesis will appears in the ICPS Bluetooth device list after changing Bluetooth device name
CIE-6364,[PTL][Samsung][wifi sensing] cant work wifi sensing,Customer TBD,210,[COMPONENT=Customer TBD] [PTL][Samsung][wifi sensing] cant work wifi sensing
CIE-6485,[Lenovo][LunarLake][BE201][24H2][100%][ICPS4.0]It needs around 15 sec to enable smart AP selection,Customer TBD,210,[COMPONENT=Customer TBD] [Lenovo][LunarLake][BE201][24H2][100%][ICPS4.0]It needs around 15 sec to enable smart AP selection
CIE-6487,[Lenovo][LunarLake][BE201][24H2][100%][ICPS4.0]No Dark/Light mode description in ICPS Help,Customer TBD,210,[COMPONENT=Customer TBD] [Lenovo][LunarLake][BE201][24H2][100%][ICPS4.0]No Dark/Light mode description in ICPS Help
CIE-6500,[Lenovo]Intel Connect service is disconnected when input wrong password to connect AP,Customer TBD,210,[COMPONENT=Customer TBD] [Lenovo]Intel Connect service is disconnected when input wrong password to connect AP
CIE-6617,[Samsung][ICPS]App crach( IntelProviderDataHelperService.exe) occurs.,Customer TBD,210,[COMPONENT=Customer TBD] [Samsung][ICPS]App crach( IntelProviderDataHelperService.exe) occurs.
CIE-6630,[HP/SIO2374370/24H2/ARL/GfP2/Helm] The NB device didnt show connected in ICPS\BT,Customer TBD,210,[COMPONENT=Customer TBD] [HP/SIO2374370/24H2/ARL/GfP2/Helm] The NB device didnt show connected in ICPS\BT
CIE-6905,Please remove WiFiSpecialConfigs folder from next Killer release(all 3 packages),Customer TBD,210,[COMPONENT=Customer TBD] Please remove WiFiSpecialConfigs folder from next Killer release(all 3 packages)
CIE-6908,KIC app error message Unhandled exception has occurred in your application.,Customer TBD,210,[COMPONENT=Customer TBD] KIC app error message Unhandled exception has occurred in your application.
CIE-7097,"[Lenovo][LunarLake][BE201][24H2][100%][ICPS4.0]Notification ""Item removed successfully"" is not localized on Simplified Chinese system.",Customer TBD,210,"[COMPONENT=Customer TBD] [Lenovo][LunarLake][BE201][24H2][100%][ICPS4.0]Notification ""Item removed successfully"" is not localized on Simplified Chinese system."
CIE-7167,"[Lenovo][LunarLake][BE201][24H2][100%][ICPS4.0]Enable/Disable Additional Network Selection Features, Enable AP selection will be turned off, then turn on.",Customer TBD,210,"[COMPONENT=Customer TBD] [Lenovo][LunarLake][BE201][24H2][100%][ICPS4.0]Enable/Disable Additional Network Selection Features, Enable AP selection will be turned off, then turn on."
CIE-7182,[Lenovo][LunarLake][BE201][25H2][100%][ICPS4.0]ICPS service disabled setting doesnt work on Win11 25H2,Customer TBD,210,[COMPONENT=Customer TBD] [Lenovo][LunarLake][BE201][25H2][100%][ICPS4.0]ICPS service disabled setting doesnt work on Win11 25H2
CIE-7226,[Sanctuary] Killer Intelligence center error message pops up after restoring the image,Customer TBD,210,[COMPONENT=Customer TBD] [Sanctuary] Killer Intelligence center error message pops up after restoring the image
CIE-7274,[Lenovo][MeteorLake][AX211][24H2]Customer issue: Excessive DNS traffic sent by ICPS,Customer TBD,210,[COMPONENT=Customer TBD] [Lenovo][MeteorLake][AX211][24H2]Customer issue: Excessive DNS traffic sent by ICPS
CIE-7402,[Lenovo][ArrowLake][BE201][24H2][100%][ICPS5.0]ICPS v5.0 beta cant be launched right after OOBE or reboot.,Customer TBD,210,[COMPONENT=Customer TBD] [Lenovo][ArrowLake][BE201][24H2][100%][ICPS5.0]ICPS v5.0 beta cant be launched right after OOBE or reboot.
CIE-7706,[HP/Win11/PTL/WhP2/CashmereI] Hard to see the string No Bluetooth devices have been found when Dark mode is selected.,Customer TBD,210,[COMPONENT=Customer TBD] [HP/Win11/PTL/WhP2/CashmereI] Hard to see the string No Bluetooth devices have been found when Dark mode is selected.
CIE-7802,"[Lenovo][LunarLake][BE201][24H2][100%][ICPS4.0]Error ""Get an app to open this icpslauncher link"" pops up after uninstalling ICPS app",Customer TBD,210,"[COMPONENT=Customer TBD] [Lenovo][LunarLake][BE201][24H2][100%][ICPS4.0]Error ""Get an app to open this icpslauncher link"" pops up after uninstalling ICPS app"
CIE-7945,[Lenovo][LunarLake][BE201][24H2][100%][ICPS4.0]ICPS Advanced Settings UI auto moves up.,Customer TBD,210,[COMPONENT=Customer TBD] [Lenovo][LunarLake][BE201][24H2][100%][ICPS4.0]ICPS Advanced Settings UI auto moves up.
CIE-7970,[Lenovo-Ideapad][Y9 GenX][ARL ][24H2] APP link pic not follow double shot manual setting,Customer TBD,210,[COMPONENT=Customer TBD] [Lenovo-Ideapad][Y9 GenX][ARL ][24H2] APP link pic not follow double shot manual setting
CIE-8089,"[Lenovo][LunarLake][BE201][24H2][100%][ICPS4.0]ICPS only show two interfaces in ACM when WWAN, WiFi and Ethernet are connected",Customer TBD,210,"[COMPONENT=Customer TBD] [Lenovo][LunarLake][BE201][24H2][100%][ICPS4.0]ICPS only show two interfaces in ACM when WWAN, WiFi and Ethernet are connected"
CIE-8091,[Lenovo][LunarLake][BE201][24H2][100%][ICPS4.0]The settings will be refreshed to original ones in ACM quickly,Customer TBD,210,[COMPONENT=Customer TBD] [Lenovo][LunarLake][BE201][24H2][100%][ICPS4.0]The settings will be refreshed to original ones in ACM quickly
CIE-8093,[Lenovo][LunarLake][BE201][24H2][100%][ICPS4.0]ICPS window changes from full screen to original size automatically when enable/disable Lite mode,Customer TBD,210,[COMPONENT=Customer TBD] [Lenovo][LunarLake][BE201][24H2][100%][ICPS4.0]ICPS window changes from full screen to original size automatically when enable/disable Lite mode
CIE-8148,[Lenovo-Ideapad][Y9 GenX][ARL ][24H2] Killer APP gating NV DDS function,Customer TBD,210,[COMPONENT=Customer TBD] [Lenovo-Ideapad][Y9 GenX][ARL ][24H2] Killer APP gating NV DDS function
CIE-8326,[Lenovo][ArrowLake][BE201][24H2][50%][ICPS4.0]ICPS UI will display less than one second after restart,Customer TBD,210,[COMPONENT=Customer TBD] [Lenovo][ArrowLake][BE201][24H2][50%][ICPS4.0]ICPS UI will display less than one second after restart
CIE-8532,[Dynabook]ICPS icon does not appear at the lower right corner of the taskbar after resuming from Hybird shutdown,Customer TBD,210,[COMPONENT=Customer TBD] [Dynabook]ICPS icon does not appear at the lower right corner of the taskbar after resuming from Hybird shutdown
CIE-8534,[Dynabook]Prioritization Mode Selector has no response after resuming from Modern standby,Customer TBD,210,[COMPONENT=Customer TBD] [Dynabook]Prioritization Mode Selector has no response after resuming from Modern standby
CIE-8706,[Lenovo][LunarLake][BE201][25H2][100%][ICPS4.0]ICPS cant start automatically when device is powered on from S5,Customer TBD,210,[COMPONENT=Customer TBD] [Lenovo][LunarLake][BE201][25H2][100%][ICPS4.0]ICPS cant start automatically when device is powered on from S5
CIE-8954,[PTL][Samsung][GB6-16 pro][ICPS] ICPS cant be installed,Customer TBD,210,[COMPONENT=Customer TBD] [PTL][Samsung][GB6-16 pro][ICPS] ICPS cant be installed
CIE-8977,[PTL][Samsung][GB6 Ultra][ICPS] Connect button for AP connection has not updated over 30 min.,Customer TBD,210,[COMPONENT=Customer TBD] [PTL][Samsung][GB6 Ultra][ICPS] Connect button for AP connection has not updated over 30 min.
CIE-9168,[Lenovo][LunarLake][BE201][24H2][80%][ICPS5.0]ICPS will crash when switch Light/Dark mode after editing BT device name,Customer TBD,210,[COMPONENT=Customer TBD] [Lenovo][LunarLake][BE201][24H2][80%][ICPS5.0]ICPS will crash when switch Light/Dark mode after editing BT device name
CIE-9236,[Lenovo][PantherLake][BE211][25H2][100%][ICPS5.0]ICPS memory usage cant meet Lenovo preload app spec,Customer TBD,210,[COMPONENT=Customer TBD] [Lenovo][PantherLake][BE211][25H2][100%][ICPS5.0]ICPS memory usage cant meet Lenovo preload app spec
CIE-9238,[Lenovo][PantherLake][BE211][25H2][100%][ICPS5.0]High ICPS power consumption in Teams 3*3 test scenario,Customer TBD,210,[COMPONENT=Customer TBD] [Lenovo][PantherLake][BE211][25H2][100%][ICPS5.0]High ICPS power consumption in Teams 3*3 test scenario
CIE-9245,Wrong speed showed on KILLERs UI,Customer TBD,210,[COMPONENT=Customer TBD] Wrong speed showed on KILLERs UI
CIE-9310,[Lenovo][PantherLake][BE211][25H2][100%][ICPS5.0]ICPS UI compatibility issues in dark mode/light mode,Customer TBD,210,[COMPONENT=Customer TBD] [Lenovo][PantherLake][BE211][25H2][100%][ICPS5.0]ICPS UI compatibility issues in dark mode/light mode
CIE-9436,[HP/SIO2429735/PTL/WaP2/CashmereI] System event log report an error: Intel Connectivity Network Service:16 during Hibernation Functional Test.,Customer TBD,210,[COMPONENT=Customer TBD] [HP/SIO2429735/PTL/WaP2/CashmereI] System event log report an error: Intel Connectivity Network Service:16 during Hibernation Functional Test.
CIE-9438,[Lenovo][LunarLake][BE201][24H2][100%][ICPS4.0]Critical and High vulnerabilities on SQLITE3 v3.42.0,Customer TBD,210,[COMPONENT=Customer TBD] [Lenovo][LunarLake][BE201][24H2][100%][ICPS4.0]Critical and High vulnerabilities on SQLITE3 v3.42.0
CIE-9446,[Dell][Sanctuary MLK]Add SSID in Killer 1750w for Wlan BT driver,Customer TBD,210,[COMPONENT=Customer TBD] [Dell][Sanctuary MLK]Add SSID in Killer 1750w for Wlan BT driver
CIE-9466,"[Lenovo][PantherLake][BE211][25H2][1%][ICPS5.0]Application error with Event ID 1000 ""IDBWM.exe"" found in long run test",Customer TBD,210,"[COMPONENT=Customer TBD] [Lenovo][PantherLake][BE211][25H2][1%][ICPS5.0]Application error with Event ID 1000 ""IDBWM.exe"" found in long run test"
CIE-9468,[PTL][Samsung][GB6U][ICPS]Application error(IDBWM.exe) occurred.,Customer TBD,210,[COMPONENT=Customer TBD] [PTL][Samsung][GB6U][ICPS]Application error(IDBWM.exe) occurred.
CIE-9561,[LG][16T95TP][ARL/BE201/Win11 24H2] ICPS UI displays during OOBE,Customer TBD,210,[COMPONENT=Customer TBD] [LG][16T95TP][ARL/BE201/Win11 24H2] ICPS UI displays during OOBE
CIE-9763,[PTL][Samsung][GB6 Ultra/Pro][ICPS] Connecting AP information is not displayed on settings.,Customer TBD,210,[COMPONENT=Customer TBD] [PTL][Samsung][GB6 Ultra/Pro][ICPS] Connecting AP information is not displayed on settings.
CIE-9774,ICPS can recoganize Snapdragon X12 4G WWAN,Customer TBD,210,[COMPONENT=Customer TBD] ICPS can recoganize Snapdragon X12 4G WWAN
CIE-9819,ICPS 5.0-username and password entry window has been positioned at bottom right,Customer TBD,210,[COMPONENT=Customer TBD] ICPS 5.0-username and password entry window has been positioned at bottom right
DBGT-10175,[ASUS MB][ADL-S][GfP2][BT][22.100] ibterverify version error,Customer TBD,210,[COMPONENT=Customer TBD] [ASUS MB][ADL-S][GfP2][BT][22.100] ibterverify version error
DBGT-60532,[Jinke][WIFI][Huawei][VangogH][MTL][EVT]The DUT meet blckscreen and crash which related to the intel_pie_service.exe,Customer TBD,210,[COMPONENT=Customer TBD] [Jinke][WIFI][Huawei][VangogH][MTL][EVT]The DUT meet blckscreen and crash which related to the intel_pie_service.exe
WIFI-119403,[Acer-Compal-Countryman_TLS] Killer 1650i (AX201) WLAN device show yellow bang when connecting hotspot,Customer TBD,210,[COMPONENT=Customer TBD] [Acer-Compal-Countryman_TLS] Killer 1650i (AX201) WLAN device show yellow bang when connecting hotspot
WIFI-135352,[DELL/Dolphin N/V MTE/Wistron/ADL-S][Linux] [AX201][WIFI]Ubuntu kernel 5.13 is lack of Intel CNVi card support on ADL-S platform,Customer TBD,210,[COMPONENT=Customer TBD] [DELL/Dolphin N/V MTE/Wistron/ADL-S][Linux] [AX201][WIFI]Ubuntu kernel 5.13 is lack of Intel CNVi card support on ADL-S platform
WIFI-135638,[DELL/Dolphin N/V MTE/Wistron/ADL-S][Linux] [9560][WIFI]Ubuntu kernel 5.13 is lack of Intel CNVi card support on ADL-S platform,Customer TBD,210,[COMPONENT=Customer TBD] [DELL/Dolphin N/V MTE/Wistron/ADL-S][Linux] [9560][WIFI]Ubuntu kernel 5.13 is lack of Intel CNVi card support on ADL-S platform
WIFI-143015,[DELL/Dolphin N/V MTE/Wistron/ADL-S][Linux] [AX201][WIFI] AX201 lost WiFi function after enable Indonesia contry code in BIOS,Customer TBD,210,[COMPONENT=Customer TBD] [DELL/Dolphin N/V MTE/Wistron/ADL-S][Linux] [AX201][WIFI] AX201 lost WiFi function after enable Indonesia contry code in BIOS
WIFI-151856,[Huawei][Quanta][H98VH99V][BohrENobelE_Intel][AX201][21H2][WIFI][BUG-20210908-35380] Connect to 2.4G WIFI Miracast  Honor TV show garbage,Customer TBD,210,[COMPONENT=Customer TBD] [Huawei][Quanta][H98VH99V][BohrENobelE_Intel][AX201][21H2][WIFI][BUG-20210908-35380] Connect to 2.4G WIFI Miracast  Honor TV show garbage
WIFI-184135,(Copy Of 00666313) [Dell/Compal][Tributo ADL/Fiorano ADL] ADL-P QS System hang restarting and shutdown screen during WB and CB,Customer TBD,210,[COMPONENT=Customer TBD] (Copy Of 00666313) [Dell/Compal][Tributo ADL/Fiorano ADL] ADL-P QS System hang restarting and shutdown screen during WB and CB
WIFI-199123,"[Huawei][Quanta][H99E][NobelF][AX201][21H2][WLAN] [AX201][BUG-20220221-44405] When run PC_Stress_MultiMedia_00300, one unit(SKU1-35) meet WLAN YB FR 1/10 unit",Customer TBD,210,"[COMPONENT=Customer TBD] [Huawei][Quanta][H99E][NobelF][AX201][21H2][WLAN] [AX201][BUG-20220221-44405] When run PC_Stress_MultiMedia_00300, one unit(SKU1-35) meet WLAN YB FR 1/10 unit"
WIFI-223526,[MSFT Pegatron][BirchBay] EB PHWFW05997_22.130.0.5 can't test MU-MIMO 160MHz in 5GHz,Customer TBD,210,[COMPONENT=Customer TBD] [MSFT Pegatron][BirchBay] EB PHWFW05997_22.130.0.5 can't test MU-MIMO 160MHz in 5GHz
WIFI-276436,"[Huawei][Quanta][H9U][CurieF][AX211][21H2][WLAN][805867707] CurieF and mobile phone cooperate with Huawei multi-screen, softap is created in 2.4G",Customer TBD,210,"[COMPONENT=Customer TBD] [Huawei][Quanta][H9U][CurieF][AX211][21H2][WLAN][805867707] CurieF and mobile phone cooperate with Huawei multi-screen, softap is created in 2.4G"
WIFI-297971,"[liweihu][WIFI][Huawei][MendelF][RPL-AX201][PVT]Call the Microsoft interface to create SOFTAP to return successfully, and check that the WiFi empty port has no Beacon",Customer TBD,210,"[COMPONENT=Customer TBD] [liweihu][WIFI][Huawei][MendelF][RPL-AX201][PVT]Call the Microsoft interface to create SOFTAP to return successfully, and check that the WiFi empty port has no Beacon"
WIFI-311537,[HUAWEI][HUAQIN][MorganG][Intel RPL][Intel AX 211][WIFI][Win11]Fail to project the screen by Miracast.,Customer TBD,210,[COMPONENT=Customer TBD] [HUAWEI][HUAQIN][MorganG][Intel RPL][Intel AX 211][WIFI][Win11]Fail to project the screen by Miracast.
WIFI-318562,[3LS]SIP117819 - EB 830 G9/UK/Win1021H2/Lloyds/PCUS/drops wifi connection on VPN,Customer TBD,210,[COMPONENT=Customer TBD] [3LS]SIP117819 - EB 830 G9/UK/Win1021H2/Lloyds/PCUS/drops wifi connection on VPN
WIFI-342582,"[Lenovo-Ideapad][LCFC][NEC-L360 ITL][Win11_MayCI]intel 9560 show yellow mark on device management during FSU longrun test.(F/R: 2/2 units, 2/104 times, 1.92%)",Customer TBD,210,"[COMPONENT=Customer TBD] [Lenovo-Ideapad][LCFC][NEC-L360 ITL][Win11_MayCI]intel 9560 show yellow mark on device management during FSU longrun test.(F/R: 2/2 units, 2/104 times, 1.92%)"
WIFI-357703,[Lenovo_ThinkPad_JP][THAMES][MTL][GaP2] Wi-Fi 7 low Tx throughput issue,Customer TBD,210,[COMPONENT=Customer TBD] [Lenovo_ThinkPad_JP][THAMES][MTL][GaP2] Wi-Fi 7 low Tx throughput issue
WIFI-362687,[HP/Win11/MTL/GfP2/GaP2][Inventec][Baymax][Ernesto][PV][SI]  The Miracast wireless display cant be detect with LG 4K monitor(55CXPWA)/LG 8K monitor(65NANO95WNA).,Customer TBD,210,[COMPONENT=Customer TBD] [HP/Win11/MTL/GfP2/GaP2][Inventec][Baymax][Ernesto][PV][SI]  The Miracast wireless display cant be detect with LG 4K monitor(55CXPWA)/LG 8K monitor(65NANO95WNA).
WIFI-363452,[HP/Win11/MTL/GaP2][Inventec][Baymax][PV]Unit occurred 0x9F after resume from S4 warm dock,Customer TBD,210,[COMPONENT=Customer TBD] [HP/Win11/MTL/GaP2][Inventec][Baymax][PV]Unit occurred 0x9F after resume from S4 warm dock
WIFI-363813,"[Samsung][QuickShare]P2P Client can not find P2P device of Autonomous GO after call PIE API ""WifiPanSetDiscoveryFilter """,Customer TBD,210,"[COMPONENT=Customer TBD] [Samsung][QuickShare]P2P Client can not find P2P device of Autonomous GO after call PIE API ""WifiPanSetDiscoveryFilter """
WIFI-363826,[Samsung][RPL] BSoD appears (Code 9f),Customer TBD,210,[COMPONENT=Customer TBD] [Samsung][RPL] BSoD appears (Code 9f)
WIFI-364872,[HUAWEI][HUAQIN][FlemingH][Intel MTL][Intel AX 201][WIFI][Win11]It occured WiFi YB(10) when running SSD stress test.,Customer TBD,210,[COMPONENT=Customer TBD] [HUAWEI][HUAQIN][FlemingH][Intel MTL][Intel AX 201][WIFI][Win11]It occured WiFi YB(10) when running SSD stress test.
WIFI-366214,[Lenovo_Yoga_C990][Wenchang][LCFC][SIT]Intel WLAN (AX211):Intel PIE driver will be installed in the WinRE environment and the WiFi will disconnect then caused the CSR test fail.,Customer TBD,210,[COMPONENT=Customer TBD] [Lenovo_Yoga_C990][Wenchang][LCFC][SIT]Intel WLAN (AX211):Intel PIE driver will be installed in the WinRE environment and the WiFi will disconnect then caused the CSR test fail.
WIFI-370995,Sarasota Cisco CASE SR 696572016 :Connectivity Loss after Upgrade23.10,Customer TBD,210,[COMPONENT=Customer TBD] Sarasota Cisco CASE SR 696572016 :Connectivity Loss after Upgrade23.10
WIFI-380730,[HP][Quanta]-[Herbie][MTL][Win11 22H2] WLAN device YB (Network controller) after resume from S4.,Customer TBD,210,[COMPONENT=Customer TBD] [HP][Quanta]-[Herbie][MTL][Win11 22H2] WLAN device YB (Network controller) after resume from S4.
WIFI-387150,SIP119695 - ProBook x3600 11 G5 /Intel AX200 Disappears from DM - No Longer Conn,Customer TBD,210,[COMPONENT=Customer TBD] SIP119695 - ProBook x3600 11 G5 /Intel AX200 Disappears from DM - No Longer Conn
WIFI-388182,[HP][Quanta]-[Regis][LNL-MX][Win11 23H2] WLAN lost after power on unit. (Intel FmP2),Customer TBD,210,[COMPONENT=Customer TBD] [HP][Quanta]-[Regis][LNL-MX][Win11 23H2] WLAN lost after power on unit. (Intel FmP2)
WIFI-390265,[ASUS/CCBU][PEGA][MTL][BE200][B5404CMA] Wi-Fi Radion cant be turned On,Customer TBD,210,[COMPONENT=Customer TBD] [ASUS/CCBU][PEGA][MTL][BE200][B5404CMA] Wi-Fi Radion cant be turned On
WIFI-408721,"[CSLP][LNL-MX][DELL-TRIBUTO][DVT]:BSOD ""CLOCK_WATCHDOG_TIMEOUT"" w/o dump",Customer TBD,210,"[COMPONENT=Customer TBD] [CSLP][LNL-MX][DELL-TRIBUTO][DVT]:BSOD ""CLOCK_WATCHDOG_TIMEOUT"" w/o dump"
WIFI-413167,[Xiaomi][B21][i9-14900HX][AX210][W11_23H2][100%]WiFi YB during daily usage from end-user,Customer TBD,210,[COMPONENT=Customer TBD] [Xiaomi][B21][i9-14900HX][AX210][W11_23H2][100%]WiFi YB during daily usage from end-user
WIFI-422112,[HP_QTA][BNB_Olaf][MTL_AX211][Win11][23H2]SIO2265195_Intel AX211 WLAN device show YB during dash HP image process.,Customer TBD,210,[COMPONENT=Customer TBD] [HP_QTA][BNB_Olaf][MTL_AX211][Win11][23H2]SIO2265195_Intel AX211 WLAN device show YB during dash HP image process.
WIFI-426866,[Dynabook][LNL][WW26-27WS][PreWork][MS_01][Wifi]WLAN device show YB after resuming from Hibernation,Customer TBD,210,[COMPONENT=Customer TBD] [Dynabook][LNL][WW26-27WS][PreWork][MS_01][Wifi]WLAN device show YB after resuming from Hibernation
WIFI-483849,[Honor][Huaqin][BornG lite][RPL][Intel AX201][WIFI][24H2]The wifi didnt reconnect 5G after reboot,Customer TBD,210,[COMPONENT=Customer TBD] [Honor][Huaqin][BornG lite][RPL][Intel AX201][WIFI][24H2]The wifi didnt reconnect 5G after reboot
WIFI-485480,[Dynabook]Sometimes wireless display will disconnect automatically when playing video,Customer TBD,210,[COMPONENT=Customer TBD] [Dynabook]Sometimes wireless display will disconnect automatically when playing video
WIFI-490289,[Samsung][ArL][BE201] 9F BSoD,Customer TBD,210,[COMPONENT=Customer TBD] [Samsung][ArL][BE201] 9F BSoD
WIFI-495612,[DELL/Foxconn][Argos_High][GfP2]The system hangs and repeatedly auto-restarts after install driver v23.80.1.3,Customer TBD,210,[COMPONENT=Customer TBD] [DELL/Foxconn][Argos_High][GfP2]The system hangs and repeatedly auto-restarts after install driver v23.80.1.3
WIFI-517677,[HP][Foxconn][ARL-S][Selena][BE200]Intel M.2 2230 Gale Peak 2 BE200 Wlan is lost after Dash Pass Win11 24H2 OS.,Customer TBD,210,[COMPONENT=Customer TBD] [HP][Foxconn][ARL-S][Selena][BE200]Intel M.2 2230 Gale Peak 2 BE200 Wlan is lost after Dash Pass Win11 24H2 OS.
WIFI-520768,[HP][Wistron][Cadet][LNL UMA][FmP][GfP2][2230]FCC psPD test result has huge gap,Customer TBD,210,[COMPONENT=Customer TBD] [HP][Wistron][Cadet][LNL UMA][FmP][GfP2][2230]FCC psPD test result has huge gap
WIFI-521043,[Dell][Wistron][Arches13 RPL/Southpeak 13 TGL]Intel AX211/201 Wifi driver cause Wireless network adapter grayed out and stopped working intermittently,Customer TBD,210,[COMPONENT=Customer TBD] [Dell][Wistron][Arches13 RPL/Southpeak 13 TGL]Intel AX211/201 Wifi driver cause Wireless network adapter grayed out and stopped working intermittently
WIFI-540133,[Lenovo-Ideapad][LNL][Shangri-la][BE201][24H2] WIFI ICON lost and auto resume,Customer TBD,210,[COMPONENT=Customer TBD] [Lenovo-Ideapad][LNL][Shangri-la][BE201][24H2] WIFI ICON lost and auto resume
WIFI-550374,[Honor][FermatB][ARL][AX201][24h2][High probability]WiFi assert,Customer TBD,210,[COMPONENT=Customer TBD] [Honor][FermatB][ARL][AX201][24h2][High probability]WiFi assert
WIFI-572966,[LG][17Z90T][ARL/BE201/Win11 24H2] WiFi Yellow Bang(error code 10) occurs,Customer TBD,210,[COMPONENT=Customer TBD] [LG][17Z90T][ARL/BE201/Win11 24H2] WiFi Yellow Bang(error code 10) occurs
WIFI-597289,"[Honor][Wingtechh][FermatB][ARL-H][WiFi][AX201][24H2]The network  disconnected during wechat video callevent log show wifi ""5002"". Fail rate: 1/109  units",Customer TBD,210,"[COMPONENT=Customer TBD] [Honor][Wingtechh][FermatB][ARL-H][WiFi][AX201][24H2]The network  disconnected during wechat video callevent log show wifi ""5002"". Fail rate: 1/109  units"
WIFI-597441,[Honor][Huaqin][DarwinB][ARL][AX211][WiFi][24H2]The wifi device YB resuming from S4,Customer TBD,210,[COMPONENT=Customer TBD] [Honor][Huaqin][DarwinB][ARL][AX211][WiFi][24H2]The wifi device YB resuming from S4
WIFI-597442,[Honor][Wingtechh][FermatB][ARL-H][WiFi][AX201][24H2]The wifi driver YB issue after the S4 wakes up. Fail rate: 1/10 units,Customer TBD,210,[COMPONENT=Customer TBD] [Honor][Wingtechh][FermatB][ARL-H][WiFi][AX201][24H2]The wifi driver YB issue after the S4 wakes up. Fail rate: 1/10 units
WIFI-597443,"[Honor][Wingtechh][FermatB][ARL-H][WiFi][AX201][24H2]During the game, the wifi network disconnection",Customer TBD,210,"[COMPONENT=Customer TBD] [Honor][Wingtechh][FermatB][ARL-H][WiFi][AX201][24H2]During the game, the wifi network disconnection"
WIFI-597445,[Lenovo ThinkPad][LCFC][ARL-H][AX211][Mersey2]BE201 BSOD 0x9F during S4 test,Customer TBD,210,[COMPONENT=Customer TBD] [Lenovo ThinkPad][LCFC][ARL-H][AX211][Mersey2]BE201 BSOD 0x9F during S4 test
WIFI-604056,SIP125437 ZB Firefly 14 G10 Intel ICPS - IPV6 connection issues,Customer TBD,210,[COMPONENT=Customer TBD] SIP125437 ZB Firefly 14 G10 Intel ICPS - IPV6 connection issues
WIFI-611140,[Lenovo-Ideapad][Bogda][GaP2][ARL HX][24H2] BE200 WIFI lost while WarmBoot stress,Customer TBD,210,[COMPONENT=Customer TBD] [Lenovo-Ideapad][Bogda][GaP2][ARL HX][24H2] BE200 WIFI lost while WarmBoot stress
WIFI-715398,[HP/Commercial][IEC][MTL-P/U][ZBook Studio 16 G11][Bobcat] SIP127313 - 7 BE200 WLAN package drops on Aruba 635s access points network.,Customer TBD,210,[COMPONENT=Customer TBD] [HP/Commercial][IEC][MTL-P/U][ZBook Studio 16 G11][Bobcat] SIP127313 - 7 BE200 WLAN package drops on Aruba 635s access points network.
WIFI-769391,[Acer][Lute_LNV] MSFT HDE program test -  device HLK-Wlan Test,Customer TBD,210,[COMPONENT=Customer TBD] [Acer][Lute_LNV] MSFT HDE program test -  device HLK-Wlan Test
WIFI-781107,Intel Connectivity Performance suite,Customer TBD,210,[COMPONENT=Customer TBD] Intel Connectivity Performance suite
WIFI-786011,(LFP30)  WiFi/BT yellow bang and HWID change to incorrect value after system WB/CB.,Customer TBD,210,[COMPONENT=Customer TBD] (LFP30)  WiFi/BT yellow bang and HWID change to incorrect value after system WB/CB.
WIFI-798141,[LG][15Z90U][PTL/AX211/Win11 24H2] WiFi throughput degrades after upgrading Windows OS,Customer TBD,210,[COMPONENT=Customer TBD] [LG][15Z90U][PTL/AX211/Win11 24H2] WiFi throughput degrades after upgrading Windows OS
WIFI-850888,"[Lenovo ThinkPad China][LCFC][WCL][Kunlun2.0][AX211]EUT occur BSOD 0x7E during longrun AC-FB stress test(FR: 1/ 18units, 1/3497trails)",Customer TBD,210,"[COMPONENT=Customer TBD] [Lenovo ThinkPad China][LCFC][WCL][Kunlun2.0][AX211]EUT occur BSOD 0x7E during longrun AC-FB stress test(FR: 1/ 18units, 1/3497trails)"
WIFI-850890,[Honor][Huaqin][LvzhouD][PTL][Intel AX211][WiFi][25H2]WLAN driver is YB,Customer TBD,210,[COMPONENT=Customer TBD] [Honor][Huaqin][LvzhouD][PTL][Intel AX211][WiFi][25H2]WLAN driver is YB
WIFI-850891,[ASUS][QUANTA][PTL][WhP2][GU606A/GU405A] WIFI PIE extension meet lost and resume,Customer TBD,210,[COMPONENT=Customer TBD] [ASUS][QUANTA][PTL][WhP2][GU606A/GU405A] WIFI PIE extension meet lost and resume
WIFI-850892,[Lenovo ThinkPad][LCFC][PTL][BE211][Avon/Nile] WiFi OTA low tpt with 24.20.2.1,Customer TBD,210,[COMPONENT=Customer TBD] [Lenovo ThinkPad][LCFC][PTL][BE211][Avon/Nile] WiFi OTA low tpt with 24.20.2.1
WIFI-850895,"[Lenovo ldeaPad][LCFC][ARL-HX-Refresh[Hermes2.0][25H2][SIT][BE200]Some 5XXX error and BT Lost during WB stress test, (FR: 1/40Units)",Customer TBD,210,"[COMPONENT=Customer TBD] [Lenovo ldeaPad][LCFC][ARL-HX-Refresh[Hermes2.0][25H2][SIT][BE200]Some 5XXX error and BT Lost during WB stress test, (FR: 1/40Units)"
WIFI-850896,[HP][IEC][Merino][Win11 25H2][PTL][WhP2/GfP2][SIO2455614]Sometimes cannot connected to WPA3-Enterprise EAP-TLS Unifi AP,Customer TBD,210,[COMPONENT=Customer TBD] [HP][IEC][Merino][Win11 25H2][PTL][WhP2/GfP2][SIO2455614]Sometimes cannot connected to WPA3-Enterprise EAP-TLS Unifi AP
WIFI-850897,[HP][26C2 Salute LNL][AX211] Intel AX211 6GHz throughput reaches only about 1545 Mbps and fails to meet HPs 1700 Mbps specification.,Customer TBD,210,[COMPONENT=Customer TBD] [HP][26C2 Salute LNL][AX211] Intel AX211 6GHz throughput reaches only about 1545 Mbps and fails to meet HPs 1700 Mbps specification.
WIFI-869758,WiFi Roaming,Customer TBD,210,[COMPONENT=Customer TBD] WiFi Roaming
WIFI-870293,"[Lenovo][Huaqin][PTL-H][BE213][S511_14_16]The Wi-Fi/BT icon disappears for about	one second after clicking the Wi-Fi icon at the bottom right corner of the	switch.(FR:1/3uuts,2/30cycles)",Customer TBD,210,"[COMPONENT=Customer TBD] [Lenovo][Huaqin][PTL-H][BE213][S511_14_16]The Wi-Fi/BT icon disappears for about	one second after clicking the Wi-Fi icon at the bottom right corner of the	switch.(FR:1/3uuts,2/30cycles)"
WIFI-877569,[Samsung][PTL][BE211][P260422-06258] PC didnt start connect after PD request/response.,Customer TBD,210,[COMPONENT=Customer TBD] [Samsung][PTL][BE211][P260422-06258] PC didnt start connect after PD request/response.
WIFI-889520,[Panasonic][PTL][WhP2] Tx power is NG when Dynamic SAR is enabled,Customer TBD,210,[COMPONENT=Customer TBD] [Panasonic][PTL][WhP2] Tx power is NG when Dynamic SAR is enabled
WIFI-889614,[Honor][Huaqin][FeimiGlite][MTL][Intel AX201][WiFi][25H2]PAD-to-PC traffic streaming experiences zero drop,Customer TBD,210,[COMPONENT=Customer TBD] [Honor][Huaqin][FeimiGlite][MTL][Intel AX201][WiFi][25H2]PAD-to-PC traffic streaming experiences zero drop
WIFI-889884,[Asus][B5406FMA][Luxshare][WCL]  Wifi device not foud during Reboot cycling.,Customer TBD,210,[COMPONENT=Customer TBD] [Asus][B5406FMA][Luxshare][WCL]  Wifi device not foud during Reboot cycling.
WOT-37808,[Jinke][WIFI][Huawei][VangogH][MTL][DVT]There is a possibility that DRTU tool fails to execute some commands,Customer TBD,210,[COMPONENT=Customer TBD] [Jinke][WIFI][Huawei][VangogH][MTL][DVT]There is a possibility that DRTU tool fails to execute some commands
WOT-41635,[Lenovo-IdeaPad][LNL][QIXIA][win11][EVT][FmP]CITU Marginal testing failed,Customer TBD,210,[COMPONENT=Customer TBD] [Lenovo-IdeaPad][LNL][QIXIA][win11][EVT][FmP]CITU Marginal testing failed
WOT-43224,[Lenovo] [Inhouse][Shangri-la]]LNL-M][EVT][BE201][100%]CITU marginal test always failed,Customer TBD,210,[COMPONENT=Customer TBD] [Lenovo] [Inhouse][Shangri-la]]LNL-M][EVT][BE201][100%]CITU marginal test always failed
WOT-70095,[HP][Quanta][Cheddar 13][WCL][Win11 25H2][AX211] DRTU tool v24.20.1.2 Beta is unable to switch the mcc on AX211,Customer TBD,210,[COMPONENT=Customer TBD] [HP][Quanta][Cheddar 13][WCL][Win11 25H2][AX211] DRTU tool v24.20.1.2 Beta is unable to switch the mcc on AX211
WOT-70096,[Dell][WCL][Congo][GfP2] DRTU is not working with 24.20.1.2 on GfP2,Customer TBD,210,[COMPONENT=Customer TBD] [Dell][WCL][Congo][GfP2] DRTU is not working with 24.20.1.2 on GfP2
WIFI-104645,"[HP/SIO1945302/Win10/TGL/HrP2/Cyprus] BSOD 0x101 occurred as running Win-PVT Restart,S3,S4 test +AC/DC Cycling.",WinDriver->System flows,130,"[COMPONENT=WinDriver->System flows] [HP/SIO1945302/Win10/TGL/HrP2/Cyprus] BSOD 0x101 occurred as running Win-PVT Restart,S3,S4 test +AC/DC Cycling."
WIFI-106894,[HP/SIO1964706/Win10/TGL-H/HrP2/Modena] BSOD 0x7E when running Modern Standby Critical only Test,WinDriver->System flows,130,[COMPONENT=WinDriver->System flows] [HP/SIO1964706/Win10/TGL-H/HrP2/Modena] BSOD 0x7E when running Modern Standby Critical only Test
WIFI-108511,[Lenovo][Bitland-SZ][Y760s][AMD Cezanne H][R5/R7/R9][SIT_20H2_manual stress][F/R 2/10Unnits  2/2500]The DUT couldn't find the network during resume from manual S3,WinDriver->System flows,130,[COMPONENT=WinDriver->System flows] [Lenovo][Bitland-SZ][Y760s][AMD Cezanne H][R5/R7/R9][SIT_20H2_manual stress][F/R 2/10Unnits  2/2500]The DUT couldn't find the network during resume from manual S3
WIFI-110338,[HP/SIO1968249/Win10/TGL/TyP2/Ralph] BSOD 0x101 occurred when running restart Test+AP/LAN+ACDC.,WinDriver->System flows,130,[COMPONENT=WinDriver->System flows] [HP/SIO1968249/Win10/TGL/TyP2/Ralph] BSOD 0x101 occurred when running restart Test+AP/LAN+ACDC.
WIFI-114175,[ASUS Quanta][FX506/706H Gaming][TigerLake-H][AX200 22.30] WiFi device lost while running Reboot long run.,WinDriver->System flows,130,[COMPONENT=WinDriver->System flows] [ASUS Quanta][FX506/706H Gaming][TigerLake-H][AX200 22.30] WiFi device lost while running Reboot long run.
WIFI-114425,[Lenovo-Thinkpad][LCFC][Tx-AMD][20H2]0x9f BSOD happened in restart stress test.,WinDriver->System flows,130,[COMPONENT=WinDriver->System flows] [Lenovo-Thinkpad][LCFC][Tx-AMD][20H2]0x9f BSOD happened in restart stress test.
WIFI-114876,[Padme-1/Knockout-1] Never Crash Issue: AV_Netwtw08!dclReturnRxBufferApi,WinDriver->System flows,130,[COMPONENT=WinDriver->System flows] [Padme-1/Knockout-1] Never Crash Issue: AV_Netwtw08!dclReturnRxBufferApi
WIFI-114877,[Knockout-2] Never Crash issue: 0x9F_3_SETPOWER_Netwtw10!_vector_destructor_iterator___PERF__(Netwtw10+0x0),WinDriver->System flows,130,[COMPONENT=WinDriver->System flows] [Knockout-2] Never Crash issue: 0x9F_3_SETPOWER_Netwtw10!_vector_destructor_iterator___PERF__(Netwtw10+0x0)
WIFI-119064,"[Huawei][Quanta][H98M][BohrB][AC9560/160MHz][20H2][WiFi][Sustaining] Dump existed after long run Coldboot test by STEP tool(Bugcheck:101, Netwtw10).",WinDriver->System flows,130,"[COMPONENT=WinDriver->System flows] [Huawei][Quanta][H98M][BohrB][AC9560/160MHz][20H2][WiFi][Sustaining] Dump existed after long run Coldboot test by STEP tool(Bugcheck:101, Netwtw10)."
WIFI-122366,[Dynabook][Win10] WLAN PLDR test failed and WLAN device show YB in device manager,WinDriver->System flows,130,[COMPONENT=WinDriver->System flows] [Dynabook][Win10] WLAN PLDR test failed and WLAN device show YB in device manager
WIFI-127710,[Huawei/Bitland][CML-S][Pangu] BOSD-0x9f occurs during warmboot cycling stress (1/24 units),WinDriver->System flows,130,[COMPONENT=WinDriver->System flows] [Huawei/Bitland][CML-S][Pangu] BOSD-0x9f occurs during warmboot cycling stress (1/24 units)
WIFI-128051,[Samsung][Mars15] E6 occured during longrun Test.,WinDriver->System flows,130,[COMPONENT=WinDriver->System flows] [Samsung][Mars15] E6 occured during longrun Test.
WIFI-136616,[HP/SIO2000053/Win11/ADL-P/GfP2/Warpath] BSOD 0x50 occurred when visit a web with BT speaker paired.(Netwnw10.sys),WinDriver->System flows,130,[COMPONENT=WinDriver->System flows] [HP/SIO2000053/Win11/ADL-P/GfP2/Warpath] BSOD 0x50 occurred when visit a web with BT speaker paired.(Netwnw10.sys)
WIFI-141734,[MSFT Quanta][Z91][MP][ICL][AX201 1216 AX201.D2WG.NV-MM#985868][Windows 10 20H2][22.70.0.6]WiFi TX power higher than SAR table limit in user mode,WinDriver->System flows,130,[COMPONENT=WinDriver->System flows] [MSFT Quanta][Z91][MP][ICL][AX201 1216 AX201.D2WG.NV-MM#985868][Windows 10 20H2][22.70.0.6]WiFi TX power higher than SAR table limit in user mode
WIFI-141955,[HP/SIO2013549/Win11/ADL-S/HrP2/ArtiI] YB 43 after installed v22.70.2.1 then reboot system,WinDriver->System flows,130,[COMPONENT=WinDriver->System flows] [HP/SIO2013549/Win11/ADL-S/HrP2/ArtiI] YB 43 after installed v22.70.2.1 then reboot system
WIFI-142814,[Huawei][Wingtech][Dirac][Intel Tiger Lake UP4][AX201][20H1] [WIFI]The 0-40? temperature tracking run test.the driver appears as a NIC error,WinDriver->System flows,130,[COMPONENT=WinDriver->System flows] [Huawei][Wingtech][Dirac][Intel Tiger Lake UP4][AX201][20H1] [WIFI]The 0-40? temperature tracking run test.the driver appears as a NIC error
WIFI-144823,"[Dashiell] [ADL] In TB mode, ANT tool will get the correct set A3/B3, but the values in the table are all ?0?",WinDriver->System flows,130,"[COMPONENT=WinDriver->System flows] [Dashiell] [ADL] In TB mode, ANT tool will get the correct set A3/B3, but the values in the table are all ?0?"
WIFI-174937,[Dell_Compal_ADL_Odyssey] Stress_S4_Hang BS wo BL with dump(0x10d),WinDriver->System flows,130,[COMPONENT=WinDriver->System flows] [Dell_Compal_ADL_Odyssey] Stress_S4_Hang BS wo BL with dump(0x10d)
WIFI-177852,[ASUS Pegatron][K3402/K3502/S5402/S5602][22.90.1.1]Error event occurs during S4 stress test,WinDriver->System flows,130,[COMPONENT=WinDriver->System flows] [ASUS Pegatron][K3402/K3502/S5402/S5602][22.90.1.1]Error event occurs during S4 stress test
WIFI-186460,[LG][16Z90Q][ADL/AX211/Win11 21H2] BSOD 0xD1 occurs during WiFi connection and disconnection,WinDriver->System flows,130,[COMPONENT=WinDriver->System flows] [LG][16Z90Q][ADL/AX211/Win11 21H2] BSOD 0xD1 occurs during WiFi connection and disconnection
WIFI-205172,"[Huawei][Quanta][H9HD][HookF][AX211][21H2][WLAN][BUG-20220311-45798] One beta user reported that the machine had a blue screen during use, and then the machine restarted. Blue screen code: DRIVER_POWER_STATE_FAILURE, bugcheck: 0x9F. D drive has dump.",WinDriver->System flows,130,"[COMPONENT=WinDriver->System flows] [Huawei][Quanta][H9HD][HookF][AX211][21H2][WLAN][BUG-20220311-45798] One beta user reported that the machine had a blue screen during use, and then the machine restarted. Blue screen code: DRIVER_POWER_STATE_FAILURE, bugcheck: 0x9F. D drive has dump."
WIFI-206159,[Lenovo LCFC][Griffin/Roc]Restart stress test happen BSOD point to Netwtw10.sys (BUGCODE_NDIS_DRIVER_LIVE_DUMP (15e)) on Factory Build(F/R:1/300 units),WinDriver->System flows,130,[COMPONENT=WinDriver->System flows] [Lenovo LCFC][Griffin/Roc]Restart stress test happen BSOD point to Netwtw10.sys (BUGCODE_NDIS_DRIVER_LIVE_DUMP (15e)) on Factory Build(F/R:1/300 units)
WIFI-213603,[Huawei][Quanta][H98VH99V][BohrENobelE_Intel][AX201][20H2][WIFI] Warmboot stress testing meet WLAN YB,WinDriver->System flows,130,[COMPONENT=WinDriver->System flows] [Huawei][Quanta][H98VH99V][BohrENobelE_Intel][AX201][20H2][WIFI] Warmboot stress testing meet WLAN YB
WIFI-214403,[Samsung][Mars2-15] System show 7c BSoD when reboot.,WinDriver->System flows,130,[COMPONENT=WinDriver->System flows] [Samsung][Mars2-15] System show 7c BSoD when reboot.
WIFI-226526,"[Samsung][TGL][Apollon2-13 model] When S4 Resume, Wlan YB in device manager. [WLAN]",WinDriver->System flows,130,"[COMPONENT=WinDriver->System flows] [Samsung][TGL][Apollon2-13 model] When S4 Resume, Wlan YB in device manager. [WLAN]"
WIFI-228473,[Lenovo IdeaPad][Y770 SV2]  Can't scan AP after resume from MS,WinDriver->System flows,130,[COMPONENT=WinDriver->System flows] [Lenovo IdeaPad][Y770 SV2]  Can't scan AP after resume from MS
WIFI-241386,[Huawei][Huaqin][MorganF][ADL-P][AX211][Win11] PPAG function doesn't work when countrycode is set to CB(China).,WinDriver->System flows,130,[COMPONENT=WinDriver->System flows] [Huawei][Huaqin][MorganF][ADL-P][AX211][Win11] PPAG function doesn't work when countrycode is set to CB(China).
WIFI-243534,[HUAWEI][Wingtech][DiracR][ADL-M][AX201[WiFi][22H2] BSOD (0x7e)The dump points to the WLAN,WinDriver->System flows,130,[COMPONENT=WinDriver->System flows] [HUAWEI][Wingtech][DiracR][ADL-M][AX201[WiFi][22H2] BSOD (0x7e)The dump points to the WLAN
WIFI-252051,[Dell/Compal][Quake series] TAS enable some question,WinDriver->System flows,130,[COMPONENT=WinDriver->System flows] [Dell/Compal][Quake series] TAS enable some question
WIFI-259488,"During the installation of WINDOWS 10, enter audit mode and install WIFI & BT DRIVER blue screen occurs",WinDriver->System flows,130,"[COMPONENT=WinDriver->System flows] During the installation of WINDOWS 10, enter audit mode and install WIFI & BT DRIVER blue screen occurs"
WIFI-267888,[Dell][Oasis13] TAS enable states issue,WinDriver->System flows,130,[COMPONENT=WinDriver->System flows] [Dell][Oasis13] TAS enable states issue
WIFI-267943,"[Lenovo IdeaPad][Ax411][Y770S-IAH PCR_V57 Preload]Unit occur BSOD(0*009F) point to Netwaw10 when record play the record file.(F/R: 1/2units,1/20cycles)",WinDriver->System flows,130,"[COMPONENT=WinDriver->System flows] [Lenovo IdeaPad][Ax411][Y770S-IAH PCR_V57 Preload]Unit occur BSOD(0*009F) point to Netwaw10 when record play the record file.(F/R: 1/2units,1/20cycles)"
WIFI-278041,[Dell] [Compal] [TributoRPL] System occur will BSOD_INTERNAL_POWER_ERROR (a0) after do S4 stress.,WinDriver->System flows,130,[COMPONENT=WinDriver->System flows] [Dell] [Compal] [TributoRPL] System occur will BSOD_INTERNAL_POWER_ERROR (a0) after do S4 stress.
WIFI-286804,[MSFT Quanta][Z96 ADL_U/HrP2] WiFi Tx Power abnormal in Signaling mode,WinDriver->System flows,130,[COMPONENT=WinDriver->System flows] [MSFT Quanta][Z96 ADL_U/HrP2] WiFi Tx Power abnormal in Signaling mode
WIFI-291869,[HP][ADL][GFP-4][Win11 22H2] System occur BSOD 0x9f which indicate to WLAN component.,WinDriver->System flows,130,[COMPONENT=WinDriver->System flows] [HP][ADL][GFP-4][Win11 22H2] System occur BSOD 0x9f which indicate to WLAN component.
WIFI-317378,[MTL][AX211] Event Error ID 17 for IPF on systems after Hibernate / Resume test,WinDriver->System flows,130,[COMPONENT=WinDriver->System flows] [MTL][AX211] Event Error ID 17 for IPF on systems after Hibernate / Resume test
WIFI-341633,[MTL-H][MS-15A1]BSOD_0x9F when do s4 cycle.,WinDriver->System flows,130,[COMPONENT=WinDriver->System flows] [MTL-H][MS-15A1]BSOD_0x9F when do s4 cycle.
WIFI-342091,[Dell][Wistron][RPL-P][Precision3581]Intel AX211 WiFi Card has Yellow Bang,WinDriver->System flows,130,[COMPONENT=WinDriver->System flows] [Dell][Wistron][RPL-P][Precision3581]Intel AX211 WiFi Card has Yellow Bang
WIFI-347359,"[Dell][Diablo 16][MTL][BE200 1216][v23.0.5.7/v23.0.0.10]DVT2 SUTs BSOD when runing S4/CB test, dump relates to Intel WLAN",WinDriver->System flows,130,"[COMPONENT=WinDriver->System flows] [Dell][Diablo 16][MTL][BE200 1216][v23.0.5.7/v23.0.0.10]DVT2 SUTs BSOD when runing S4/CB test, dump relates to Intel WLAN"
WIFI-347540,[HP][MTL-U][Goldy][GaP2][SIO2210851] BSOD 0x9f (Point at: ntkrnlmp.exe) occurred as running Hibernation or Restart stress test.,WinDriver->System flows,130,[COMPONENT=WinDriver->System flows] [HP][MTL-U][Goldy][GaP2][SIO2210851] BSOD 0x9f (Point at: ntkrnlmp.exe) occurred as running Hibernation or Restart stress test.
WIFI-348102,[HP][Quanta]-[Herbie][MTL][Win11 22H2] 0X9F BSOD has been found during WinPVT11.11.0 S4 Focus Test(BE200),WinDriver->System flows,130,[COMPONENT=WinDriver->System flows] [HP][Quanta]-[Herbie][MTL][Win11 22H2] 0X9F BSOD has been found during WinPVT11.11.0 S4 Focus Test(BE200)
WIFI-348107,"[HP][MTL-U][Thompson][GaP2][SIO2211035] BSOD (0X9F,point at: pci.sys) occurred as running Hibernation Stress test",WinDriver->System flows,130,"[COMPONENT=WinDriver->System flows] [HP][MTL-U][Thompson][GaP2][SIO2211035] BSOD (0X9F,point at: pci.sys) occurred as running Hibernation Stress test"
WIFI-349377,[honor][Huaqin][Born&FermiF][Intel ADL][WiFi][22H2]The BSOD 0x9f related to Netwtw12.sys,WinDriver->System flows,130,[COMPONENT=WinDriver->System flows] [honor][Huaqin][Born&FermiF][Intel ADL][WiFi][22H2]The BSOD 0x9f related to Netwtw12.sys
WIFI-349381,[HP/SIO2226383/Win11/MTL/GaP2][Inventec][SI][Baymax14W][Win11][23H2]: Black screen 0x19e occurs during MSFT ModS_cycling_Test.,WinDriver->System flows,130,[COMPONENT=WinDriver->System flows] [HP/SIO2226383/Win11/MTL/GaP2][Inventec][SI][Baymax14W][Win11][23H2]: Black screen 0x19e occurs during MSFT ModS_cycling_Test.
WIFI-350549,[HP][MTL-U][GaP2][Win11 22H2][SIO2197267] Found wireless data link loss symptom during system heavy loading,WinDriver->System flows,130,[COMPONENT=WinDriver->System flows] [HP][MTL-U][GaP2][Win11 22H2][SIO2197267] Found wireless data link loss symptom during system heavy loading
WIFI-351259,[Dell/Compal][Tributo MTL][BE200]Stress Prime 95 BSOD point to WLAN,WinDriver->System flows,130,[COMPONENT=WinDriver->System flows] [Dell/Compal][Tributo MTL][BE200]Stress Prime 95 BSOD point to WLAN
WIFI-352594,[Dell][Wistron][Scorpio][MTL-H] Intel BE202 WBT test error (WinPE environment),WinDriver->System flows,130,[COMPONENT=WinDriver->System flows] [Dell][Wistron][Scorpio][MTL-H] Intel BE202 WBT test error (WinPE environment)
WIFI-355703,[HP][Quanta]-[Herbie][MTL][Win11 22H2][MV build] BSOD 0x139 during dash image process (AX211),WinDriver->System flows,130,[COMPONENT=WinDriver->System flows] [HP][Quanta]-[Herbie][MTL][Win11 22H2][MV build] BSOD 0x139 during dash image process (AX211)
WIFI-356402,[Lenovo/Commercial][LCFC][MTL][ax211][Yoga pro9] new SRRC enable failed on Lenovo Platform,WinDriver->System flows,130,[COMPONENT=WinDriver->System flows] [Lenovo/Commercial][LCFC][MTL][ax211][Yoga pro9] new SRRC enable failed on Lenovo Platform
WIFI-357581,"[HP][Foxconn][RPL-S Refresh][GaP2-BE200]BSE 0x9f with ""DRIVER POWER STATE FAILURE"" occurred when idle in OS for several minutes with PCIe X1 add-on card.",WinDriver->System flows,130,"[COMPONENT=WinDriver->System flows] [HP][Foxconn][RPL-S Refresh][GaP2-BE200]BSE 0x9f with ""DRIVER POWER STATE FAILURE"" occurred when idle in OS for several minutes with PCIe X1 add-on card."
WIFI-357743,[Dell][Compal][NexusMLK][MTL-H][BE1750]Furmark+Prime 95 SUT BSOD DRIVER_IRQL_NOT_LESS_OR_EQUAL(0xD1) with Dump,WinDriver->System flows,130,[COMPONENT=WinDriver->System flows] [Dell][Compal][NexusMLK][MTL-H][BE1750]Furmark+Prime 95 SUT BSOD DRIVER_IRQL_NOT_LESS_OR_EQUAL(0xD1) with Dump
WIFI-358207,[Dell][Compal] Arches MTL WB with BSOD KERNEL_MODE_HEAP_CORRUPTION(13a),WinDriver->System flows,130,[COMPONENT=WinDriver->System flows] [Dell][Compal] Arches MTL WB with BSOD KERNEL_MODE_HEAP_CORRUPTION(13a)
WIFI-358641,[Dell][Compal] Arches MTL WB with SYSTEM_THREAD_EXCEPTION_NOT_HANDLED (7e) BSOD,WinDriver->System flows,130,[COMPONENT=WinDriver->System flows] [Dell][Compal] Arches MTL WB with SYSTEM_THREAD_EXCEPTION_NOT_HANDLED (7e) BSOD
WIFI-359711,[Dell/Compal][Tributo MTL][BE200] Stress WB BSOD point to WLAN,WinDriver->System flows,130,[COMPONENT=WinDriver->System flows] [Dell/Compal][Tributo MTL][BE200] Stress WB BSOD point to WLAN
WIFI-362090,[HP][Foxconn][RPL-S Refresh][GaP2-BE200][Win10_10.0.22621.1]The system BSOD with stop code: DRIVER_IRQL_NOT_LESS_OR_EQUAL (0xd1) in Windows RI(diag test)- Device check(manufactory).,WinDriver->System flows,130,[COMPONENT=WinDriver->System flows] [HP][Foxconn][RPL-S Refresh][GaP2-BE200][Win10_10.0.22621.1]The system BSOD with stop code: DRIVER_IRQL_NOT_LESS_OR_EQUAL (0xd1) in Windows RI(diag test)- Device check(manufactory).
WIFI-363019,"[Lenovo_Thinkpad_China][Wistron][Blanc/Cook][Meteor][BE200]SIT1.0 SUT show BSOD(Stope code: DRIVER_POWER_STATE _FAILURE) during AC S4 (FR:1/15EUT,1/2610trials).",WinDriver->System flows,130,"[COMPONENT=WinDriver->System flows] [Lenovo_Thinkpad_China][Wistron][Blanc/Cook][Meteor][BE200]SIT1.0 SUT show BSOD(Stope code: DRIVER_POWER_STATE _FAILURE) during AC S4 (FR:1/15EUT,1/2610trials)."
WIFI-363734,[ASUS/CCBU][PEGA][MTL][BE200][B5404CMA] Hang black screen when S4 cycling test,WinDriver->System flows,130,[COMPONENT=WinDriver->System flows] [ASUS/CCBU][PEGA][MTL][BE200][B5404CMA] Hang black screen when S4 cycling test
WIFI-365172,[Huaqin][Samsung][DT6895A_6916A][AX201][RPL][23H2],WinDriver->System flows,130,[COMPONENT=WinDriver->System flows] [Huaqin][Samsung][DT6895A_6916A][AX201][RPL][23H2]
WIFI-366240,[HP][Quanta]-[Herbie][MTL][Win11 22H2][MV build] BSOD 0x139 during dash image process (AX211),WinDriver->System flows,130,[COMPONENT=WinDriver->System flows] [HP][Quanta]-[Herbie][MTL][Win11 22H2][MV build] BSOD 0x139 during dash image process (AX211)
WIFI-368602,[Lenovo Thinkbook][Lenovo][TB 13X G4][Intel AX211]BSOD 0x13A(Netwtw14!memFree) occurs when running WB stress test in product line,WinDriver->System flows,130,[COMPONENT=WinDriver->System flows] [Lenovo Thinkbook][Lenovo][TB 13X G4][Intel AX211]BSOD 0x13A(Netwtw14!memFree) occurs when running WB stress test in product line
WIFI-369750,[HP/Win11/ADL-N/GfP2][Inventec][Arizona-R] BSOD 0x9F occured when running WinPVT Standby Critical Focus via vCosmos.,WinDriver->System flows,130,[COMPONENT=WinDriver->System flows] [HP/Win11/ADL-N/GfP2][Inventec][Arizona-R] BSOD 0x9F occured when running WinPVT Standby Critical Focus via vCosmos.
WIFI-369891,[Dell][Compal][Kenai MTL][BE200] Found Network Controller YB (error code: 28) when ran WB stress.,WinDriver->System flows,130,[COMPONENT=WinDriver->System flows] [Dell][Compal][Kenai MTL][BE200] Found Network Controller YB (error code: 28) when ran WB stress.
WIFI-370759,[HP/Win11/MTL-H/GaP2][Inventec][Bobcats]Unit occured BSOD 0x9f during resume from S4 with Hook2 connected,WinDriver->System flows,130,[COMPONENT=WinDriver->System flows] [HP/Win11/MTL-H/GaP2][Inventec][Bobcats]Unit occured BSOD 0x9f during resume from S4 with Hook2 connected
WIFI-372428,[Dell][Compal][Kenai_MTL_DVT2]Stress_S4_BSOD_DRIVER_POWER_STATE_FAILURE,WinDriver->System flows,130,[COMPONENT=WinDriver->System flows] [Dell][Compal][Kenai_MTL_DVT2]Stress_S4_BSOD_DRIVER_POWER_STATE_FAILURE
WIFI-372768,[Dell][Compal]Oasis MTL_Modern standby_BSOD_0x9F,WinDriver->System flows,130,[COMPONENT=WinDriver->System flows] [Dell][Compal]Oasis MTL_Modern standby_BSOD_0x9F
WIFI-378380,[HP][Wistron][ 24C1_Nittany_RPL-UR][GaP2][Win11 23H2 Build 10.0.22631.2715] The SW/HW DRIPS <90% during System Modern Standby Connected Mode W/O AC (24hrs),WinDriver->System flows,130,[COMPONENT=WinDriver->System flows] [HP][Wistron][ 24C1_Nittany_RPL-UR][GaP2][Win11 23H2 Build 10.0.22631.2715] The SW/HW DRIPS <90% during System Modern Standby Connected Mode W/O AC (24hrs)
WIFI-378827,"[Lenovo ThinkPad CN][LCFC][E14 G4 E15 G4][ADL][AX211,AX201,9560]0x9F_3_SETPOWER_IMAGE_Netwtw12.sys",WinDriver->System flows,130,"[COMPONENT=WinDriver->System flows] [Lenovo ThinkPad CN][LCFC][E14 G4 E15 G4][ADL][AX211,AX201,9560]0x9F_3_SETPOWER_IMAGE_Netwtw12.sys"
WIFI-393176,[HP/Win11/MTL/GaP2][Inventec][Bobcats][SI] The system show black screen(0X139) after plugging hook2 and play music idle for about 40min in S0.,WinDriver->System flows,130,[COMPONENT=WinDriver->System flows] [HP/Win11/MTL/GaP2][Inventec][Bobcats][SI] The system show black screen(0X139) after plugging hook2 and play music idle for about 40min in S0.
WIFI-397290,"[HP][Quanta]-[Regis][LNL-MX][Win11 24H2] Cant automatically connect to AP after resume from S4 or S5 with un-check ""connect automatically"" in AP list.(Intel FmP2)",WinDriver->System flows,130,"[COMPONENT=WinDriver->System flows] [HP][Quanta]-[Regis][LNL-MX][Win11 24H2] Cant automatically connect to AP after resume from S4 or S5 with un-check ""connect automatically"" in AP list.(Intel FmP2)"
WIFI-402692,[Dell][Compal][Teton MTL]Stress_MS_Hang_BlackScreen_SECURE_KERNEL_ERROR (18b),WinDriver->System flows,130,[COMPONENT=WinDriver->System flows] [Dell][Compal][Teton MTL]Stress_MS_Hang_BlackScreen_SECURE_KERNEL_ERROR (18b)
WIFI-408715,[Dell][OasisMTL]Stress_S4_Hang with dump(0x9F),WinDriver->System flows,130,[COMPONENT=WinDriver->System flows] [Dell][OasisMTL]Stress_S4_Hang with dump(0x9F)
WIFI-409998,[Lenovo-IdeaPad][LNL][QIXIA][win11][FVT][FmP]BSOD with 0x139 when doing S4,WinDriver->System flows,130,[COMPONENT=WinDriver->System flows] [Lenovo-IdeaPad][LNL][QIXIA][win11][FVT][FmP]BSOD with 0x139 when doing S4
WIFI-414298,[Lenovo-IdeaPad][LNL][QIXIA][win11][FVT][FmP]BSOD with 0x1e when doing MS,WinDriver->System flows,130,[COMPONENT=WinDriver->System flows] [Lenovo-IdeaPad][LNL][QIXIA][win11][FVT][FmP]BSOD with 0x1e when doing MS
WIFI-415685,[HP/Quanta][Regis][SI2][BE201D2W ES2] ANT tool cant read UEFI EWRD and WGDS SAR value,WinDriver->System flows,130,[COMPONENT=WinDriver->System flows] [HP/Quanta][Regis][SI2][BE201D2W ES2] ANT tool cant read UEFI EWRD and WGDS SAR value
WIFI-418040,[HP][Quanta]-[SnowWhite][LNL-MX][Win11 24H2] 0x9f Blue screen occurred when plugged AC adapter into unit with battery capacity is 0%..(Intel FmP2),WinDriver->System flows,130,[COMPONENT=WinDriver->System flows] [HP][Quanta]-[SnowWhite][LNL-MX][Win11 24H2] 0x9f Blue screen occurred when plugged AC adapter into unit with battery capacity is 0%..(Intel FmP2)
WIFI-419335,[HP][Quanta]-[Regis][LNL-MX][Win11 24H2] BSOD 0x9F occur after run stress WinPVT Hibernation Focus.(Intel FmP2),WinDriver->System flows,130,[COMPONENT=WinDriver->System flows] [HP][Quanta]-[Regis][LNL-MX][Win11 24H2] BSOD 0x9F occur after run stress WinPVT Hibernation Focus.(Intel FmP2)
WIFI-421216,[ASUS/Consumer][OEM][Lunar Lake][BE201][UX5606SA] Ant tool cant get BIOS SAR,WinDriver->System flows,130,[COMPONENT=WinDriver->System flows] [ASUS/Consumer][OEM][Lunar Lake][BE201][UX5606SA] Ant tool cant get BIOS SAR
WIFI-422429,"[HP][ Regency_MTL-U/H][GfP2/GaP2][24H2][SIO2276392] BSOD (0x9f, Netwaw16_IMAGE_pci.sys) occurred while running Hibernation Focus test",WinDriver->System flows,130,"[COMPONENT=WinDriver->System flows] [HP][ Regency_MTL-U/H][GfP2/GaP2][24H2][SIO2276392] BSOD (0x9f, Netwaw16_IMAGE_pci.sys) occurred while running Hibernation Focus test"
WIFI-425654,[Lenovo-IdeaPad][LNL][FmP2][YogaS990 FVT]0X7E BSOD with stress WB,WinDriver->System flows,130,[COMPONENT=WinDriver->System flows] [Lenovo-IdeaPad][LNL][FmP2][YogaS990 FVT]0X7E BSOD with stress WB
WIFI-426929,"[Dell][Compal][Bolan13/14_LNL_EVT]WLAN device will show YB in Device Manager after resume from S4/CB/WB with ME provision. (F/R:2/2U,8/18T)",WinDriver->System flows,130,"[COMPONENT=WinDriver->System flows] [Dell][Compal][Bolan13/14_LNL_EVT]WLAN device will show YB in Device Manager after resume from S4/CB/WB with ME provision. (F/R:2/2U,8/18T)"
WIFI-428685,Lenovo-IdeaPad[LNL][24H2][QiXia][SIT][FMP]Warmboot showed BSOD 0x9f point to WiFi when doing miracast,WinDriver->System flows,130,[COMPONENT=WinDriver->System flows] Lenovo-IdeaPad[LNL][24H2][QiXia][SIT][FMP]Warmboot showed BSOD 0x9f point to WiFi when doing miracast
WIFI-434241,[LNL][Acer][Compal][IceFish_LNM][BE201][Win11]Cant enable TAS UHB for Canada in BIOS setting.,WinDriver->System flows,130,[COMPONENT=WinDriver->System flows] [LNL][Acer][Compal][IceFish_LNM][BE201][Win11]Cant enable TAS UHB for Canada in BIOS setting.
WIFI-468089,[Dell][Wistron]SUT can be wake up via WOWL S4 with AX211 Wireless Card when set NIC Wake On Mag,WinDriver->System flows,130,[COMPONENT=WinDriver->System flows] [Dell][Wistron]SUT can be wake up via WOWL S4 with AX211 Wireless Card when set NIC Wake On Mag
WIFI-474365,[HP/Win11/LNL/FmP2][Inventec][Masada][SI][SIO2294917] BSOD(Stop code:DRIVER_POWER_STATE_FAILURE)(0X9F) occurred when run Winpvt AC Plug Stress with SCMB device.,WinDriver->System flows,130,[COMPONENT=WinDriver->System flows] [HP/Win11/LNL/FmP2][Inventec][Masada][SI][SIO2294917] BSOD(Stop code:DRIVER_POWER_STATE_FAILURE)(0X9F) occurred when run Winpvt AC Plug Stress with SCMB device.
WIFI-481776,[NeverCrash][RPL][AX211] BSOD 0x9F_4_PCI_IMAGE_Netwtw14.sys,WinDriver->System flows,130,[COMPONENT=WinDriver->System flows] [NeverCrash][RPL][AX211] BSOD 0x9F_4_PCI_IMAGE_Netwtw14.sys
WIFI-486066,"[HP][Quanta]-[SnowWhite][LNL-MX][QS][Win11 24H2] 0x9f"" BSOD occurs after resuming system from critical S4.(Intel FmP2)",WinDriver->System flows,130,"[COMPONENT=WinDriver->System flows] [HP][Quanta]-[SnowWhite][LNL-MX][QS][Win11 24H2] 0x9f"" BSOD occurs after resuming system from critical S4.(Intel FmP2)"
WIFI-487613,[ARL+BE201]SGOM ANT tool Group6 issue,WinDriver->System flows,130,[COMPONENT=WinDriver->System flows] [ARL+BE201]SGOM ANT tool Group6 issue
WIFI-496688,[Dell][Jarvis LNL] BE201 BSOD DRIVER_POWER_STATE_FAILURE (9f) points to Netwaw16 during CB stress,WinDriver->System flows,130,[COMPONENT=WinDriver->System flows] [Dell][Jarvis LNL] BE201 BSOD DRIVER_POWER_STATE_FAILURE (9f) points to Netwaw16 during CB stress
WIFI-510091,[Lenovo_IdeaPad][Tianzhu 16][LCFC][SITT][24H2]WLAN show YB after testing BT PLDR (Product Reset)  several times. FR: 3/3 units,WinDriver->System flows,130,[COMPONENT=WinDriver->System flows] [Lenovo_IdeaPad][Tianzhu 16][LCFC][SITT][24H2]WLAN show YB after testing BT PLDR (Product Reset)  several times. FR: 3/3 units
WIFI-520916,[lenovo/DT BU][In-house][ARL-S][BE200][ThinkCentreM90qGen6]HLK:System - PNP (disable and enable) with IO Before and After (Reliability) test fail,WinDriver->System flows,130,[COMPONENT=WinDriver->System flows] [lenovo/DT BU][In-house][ARL-S][BE200][ThinkCentreM90qGen6]HLK:System - PNP (disable and enable) with IO Before and After (Reliability) test fail
WIFI-524086,[Dell/Compal][PistaARL] DUT BSOD_0xCE on factory,WinDriver->System flows,130,[COMPONENT=WinDriver->System flows] [Dell/Compal][PistaARL] DUT BSOD_0xCE on factory
WIFI-552669,[HP][QTA][TDC][BNB_Wafer][ARL-H][Win11_24h2][PV][Factory]Shell to OS restart occurred black screen hang up(D1 BSOD),WinDriver->System flows,130,[COMPONENT=WinDriver->System flows] [HP][QTA][TDC][BNB_Wafer][ARL-H][Win11_24h2][PV][Factory]Shell to OS restart occurred black screen hang up(D1 BSOD)
WIFI-600814,[Lenovo/DT][in-house][ARL-S][BE200][TC M90TS-6]Wi-FI cant connect automatically After adding new PCIE device and reboot,WinDriver->System flows,130,[COMPONENT=WinDriver->System flows] [Lenovo/DT][in-house][ARL-S][BE200][TC M90TS-6]Wi-FI cant connect automatically After adding new PCIE device and reboot
WIFI-600920,[Samsung][Venus5-14 LNL][BE201] BSOD after turning off Wifi in BIOS setup,WinDriver->System flows,130,[COMPONENT=WinDriver->System flows] [Samsung][Venus5-14 LNL][BE201] BSOD after turning off Wifi in BIOS setup
WIFI-610021,[HP_CMIT_DT][QTA][ARL][Megamind]Cannot wake the system from modern standby via WLAN with Intel BE200.,WinDriver->System flows,130,[COMPONENT=WinDriver->System flows] [HP_CMIT_DT][QTA][ARL][Megamind]Cannot wake the system from modern standby via WLAN with Intel BE200.
WIFI-622899,[Honor][Huaqin][DarwinB][ARL][AX211][WiFi][24H2]The BSOD (0x9f) related to Netwtw16.sys,WinDriver->System flows,130,[COMPONENT=WinDriver->System flows] [Honor][Huaqin][DarwinB][ARL][AX211][WiFi][24H2]The BSOD (0x9f) related to Netwtw16.sys
WIFI-624866,[Honor][FermatB][ARL][AX201][Low probability]PC blue screen issue,WinDriver->System flows,130,[COMPONENT=WinDriver->System flows] [Honor][FermatB][ARL][AX201][Low probability]PC blue screen issue
WIFI-627221,[Lenovo-Ideapad][Hetian2][ARL H][24H2][FmP2] BSOD point to Netwaw16.sys during WIFI idle,WinDriver->System flows,130,[COMPONENT=WinDriver->System flows] [Lenovo-Ideapad][Hetian2][ARL H][24H2][FmP2] BSOD point to Netwaw16.sys during WIFI idle
WIFI-635890,[Dell_Compal][KDK][ARL][GaP2]DVT1.2_KDK_Stress_W10_22H2_CB_BSOD_DRIVER_IRQL_NOT_LESS_OR_EQUAL(code: 9F),WinDriver->System flows,130,[COMPONENT=WinDriver->System flows] [Dell_Compal][KDK][ARL][GaP2]DVT1.2_KDK_Stress_W10_22H2_CB_BSOD_DRIVER_IRQL_NOT_LESS_OR_EQUAL(code: 9F)
WIFI-677488,[HP][IEC] - NA[Masada][LNL][Fmp2-BE201][Win11 24H2]WIFI 7 blocked SW Drips 0,WinDriver->System flows,130,[COMPONENT=WinDriver->System flows] [HP][IEC] - NA[Masada][LNL][Fmp2-BE201][Win11 24H2]WIFI 7 blocked SW Drips 0
WIFI-686866,"[HP][QTA][TDC][BNB_Wafer][ARL-H/U][Win11_24h2]:DM occur YB ""Unknown USB Device(Device Descriptor Request Failed)"" and BT lost when Run Robotic 7369B_ColdDockQuick with Hendrixx.(Gfp2_AX211)",WinDriver->System flows,130,"[COMPONENT=WinDriver->System flows] [HP][QTA][TDC][BNB_Wafer][ARL-H/U][Win11_24h2]:DM occur YB ""Unknown USB Device(Device Descriptor Request Failed)"" and BT lost when Run Robotic 7369B_ColdDockQuick with Hendrixx.(Gfp2_AX211)"
WIFI-691969,[ASUS][PTL][BE201] SW/HW drips cant meet the 95% standard when connecting network and entering MS.,WinDriver->System flows,130,[COMPONENT=WinDriver->System flows] [ASUS][PTL][BE201] SW/HW drips cant meet the 95% standard when connecting network and entering MS.
WIFI-711098,"[Lenovo/DT BU][inhouse][RPL][AX211/AX201][ThinkCentre M90s Gen 3]BSOD(0x9F_4_PCI_Netwtw14_IMAGE_pci.sys) come from MSFT ""Never Crash""",WinDriver->System flows,130,"[COMPONENT=WinDriver->System flows] [Lenovo/DT BU][inhouse][RPL][AX211/AX201][ThinkCentre M90s Gen 3]BSOD(0x9F_4_PCI_Netwtw14_IMAGE_pci.sys) come from MSFT ""Never Crash"""
WIFI-719362,[Lenovo][Huaqin][C711 14/16 PTL][PTL][Win11_25H2][EVT]The DUT will BSOD 0x9F After Switch WLAN Card BE211 to BE213(or BE213 to BE211) and then into OS idle about 1min(F/R: 3/3 UUTs; 30/30 Cycles),WinDriver->System flows,130,[COMPONENT=WinDriver->System flows] [Lenovo][Huaqin][C711 14/16 PTL][PTL][Win11_25H2][EVT]The DUT will BSOD 0x9F After Switch WLAN Card BE211 to BE213(or BE213 to BE211) and then into OS idle about 1min(F/R: 3/3 UUTs; 30/30 Cycles)
WIFI-732827,[LCFC][MTL/RPL][lenovo_thinkpad-JP][AX211][T14p G2/P16v G1]Never crash -Common BSOD issue on Intel wifi,WinDriver->System flows,130,[COMPONENT=WinDriver->System flows] [LCFC][MTL/RPL][lenovo_thinkpad-JP][AX211][T14p G2/P16v G1]Never crash -Common BSOD issue on Intel wifi
WIFI-734385,[Lenovo ldeaPad][LCFC][XiaoXinPro 14 IRH8&IdeaPad Pro 5 16IMH9]BSOD point to 0x9F_3_IMAGE_Netwtw14.sys (from MSFT never crash),WinDriver->System flows,130,[COMPONENT=WinDriver->System flows] [Lenovo ldeaPad][LCFC][XiaoXinPro 14 IRH8&IdeaPad Pro 5 16IMH9]BSOD point to 0x9F_3_IMAGE_Netwtw14.sys (from MSFT never crash)
WIFI-747573,[DELL_Compall][Arches MTL]WLAN show YB on DeviceManager and event log show error by run S4 stress,WinDriver->System flows,130,[COMPONENT=WinDriver->System flows] [DELL_Compall][Arches MTL]WLAN show YB on DeviceManager and event log show error by run S4 stress
WIFI-758103,[Inventec/BU2][ASUS][RPL-HX][AX211][G614J] Can not connect to Wi-Fi 6G hot spot,WinDriver->System flows,130,[COMPONENT=WinDriver->System flows] [Inventec/BU2][ASUS][RPL-HX][AX211][G614J] Can not connect to Wi-Fi 6G hot spot
WIFI-794045,[Honor][LuxsharePC][Nvwab][DVT]Disable/enable WIFI occur 0xC2 while running stress test(f/r:1/200U),WinDriver->System flows,130,[COMPONENT=WinDriver->System flows] [Honor][LuxsharePC][Nvwab][DVT]Disable/enable WIFI occur 0xC2 while running stress test(f/r:1/200U)
WIFI-796058,[HP][Factory][Merino13x][Win11 25H2][PTL][WhP2]Merino13x PV BSOD 0x7e point to WLAN,WinDriver->System flows,130,[COMPONENT=WinDriver->System flows] [HP][Factory][Merino13x][Win11 25H2][PTL][WhP2]Merino13x PV BSOD 0x7e point to WLAN
WIFI-798451,[Lenovo][Foxconn][Thinkstation P5 Falcon][FHF(SPR)][BE200][Win11 25H2][100%]WiFi change device setting due to STATUS_DEVICE_POWER_FAILURE(code:10) Yellow bang.,WinDriver->System flows,130,[COMPONENT=WinDriver->System flows] [Lenovo][Foxconn][Thinkstation P5 Falcon][FHF(SPR)][BE200][Win11 25H2][100%]WiFi change device setting due to STATUS_DEVICE_POWER_FAILURE(code:10) Yellow bang.
WIFI-801012,[Lenovo-Ideapad][YOGA9P 16][PTL/BE211@1216/320Mhz][25H2] 0x9f with stress CB,WinDriver->System flows,130,[COMPONENT=WinDriver->System flows] [Lenovo-Ideapad][YOGA9P 16][PTL/BE211@1216/320Mhz][25H2] 0x9f with stress CB
WIFI-801025,"[NEC][Horus3][RPL][GfP] Intel WLAN is fail (BSoD) during run cycle preload test. failure_bucket_id ""AV_Netwtw14!prvAmtWimaAgentJoinNicCompleteCb""",WinDriver->System flows,130,"[COMPONENT=WinDriver->System flows] [NEC][Horus3][RPL][GfP] Intel WLAN is fail (BSoD) during run cycle preload test. failure_bucket_id ""AV_Netwtw14!prvAmtWimaAgentJoinNicCompleteCb"""
WIFI-801789,[AVC][Lenovo][Yogamini][PTL][BE211@2230/320Mhz] ESD Fail when connect wifi adapter.,WinDriver->System flows,130,[COMPONENT=WinDriver->System flows] [AVC][Lenovo][Yogamini][PTL][BE211@2230/320Mhz] ESD Fail when connect wifi adapter.
WIFI-804140,"[HP][SDC][G2i-Gouda-PTL]  SIO2446401 :""0x7E"" BSOD occured after turn on BitLocker.",WinDriver->System flows,130,"[COMPONENT=WinDriver->System flows] [HP][SDC][G2i-Gouda-PTL]  SIO2446401 :""0x7E"" BSOD occured after turn on BitLocker."
WIFI-808610,HP 3LS - SIP128391 - EBXG1i/Traveloka/IN/WLAN card cant reach 6Ghz frequency/PC APJ/ID,WinDriver->System flows,130,[COMPONENT=WinDriver->System flows] HP 3LS - SIP128391 - EBXG1i/Traveloka/IN/WLAN card cant reach 6Ghz frequency/PC APJ/ID
WIFI-810631,"[Dell][SanctauryMLK] S4 Stress, show BSOD DRIVER_POWER_STATE_FAILURE(0x9F)",WinDriver->System flows,130,"[COMPONENT=WinDriver->System flows] [Dell][SanctauryMLK] S4 Stress, show BSOD DRIVER_POWER_STATE_FAILURE(0x9F)"
WIFI-811847,[HP][QTA][BNB][WCL][Cheddar]SIO2451889:: 0x9F BSOD occurred when run WinPVT11.16.0 Hibernation_Functional_Test.,WinDriver->System flows,130,[COMPONENT=WinDriver->System flows] [HP][QTA][BNB][WCL][Cheddar]SIO2451889:: 0x9F BSOD occurred when run WinPVT11.16.0 Hibernation_Functional_Test.
WIFI-813463,"[Lenovo-DT][Wistron][ARL-S][BE200][M90t_PCB1] Connect the BE200 WIFI card to test the wireless mode. The test machine enters lecacy S3. On the server side, click WEB UI->remote control and the system will wake up automatically.",WinDriver->System flows,130,"[COMPONENT=WinDriver->System flows] [Lenovo-DT][Wistron][ARL-S][BE200][M90t_PCB1] Connect the BE200 WIFI card to test the wireless mode. The test machine enters lecacy S3. On the server side, click WEB UI->remote control and the system will wake up automatically."
WIFI-816184,[Dell][Oasis_MTL][BE200] Blackscreen w/ dump stop code:0x9F with latest wifi driver:23.150.0.4,WinDriver->System flows,130,[COMPONENT=WinDriver->System flows] [Dell][Oasis_MTL][BE200] Blackscreen w/ dump stop code:0x9F with latest wifi driver:23.150.0.4
WIFI-822445,[Honor][LUX][NvwaC][RPL][AX211][WiFi] The BSOD(0x7E) occur  point to netwtw.sys when disable/enable WiFi stress test under igh load conditions on the CPU and SSD,WinDriver->System flows,130,[COMPONENT=WinDriver->System flows] [Honor][LUX][NvwaC][RPL][AX211][WiFi] The BSOD(0x7E) occur  point to netwtw.sys when disable/enable WiFi stress test under igh load conditions on the CPU and SSD
WIFI-851835,[lenovo_ptl_peach]BSOD 0x9F while doing warm boot stress test,WinDriver->System flows,130,[COMPONENT=WinDriver->System flows] [lenovo_ptl_peach]BSOD 0x9F while doing warm boot stress test
WIFI-856319,[Honor][Luxshare][Zhuque][BETA][WIFI]2107985821,WinDriver->System flows,130,[COMPONENT=WinDriver->System flows] [Honor][Luxshare][Zhuque][BETA][WIFI]2107985821
WIFI-860201,[Honor][LUX][NvwaC][ARL-HX][AX211][25H2]The BSOD )xD1 related to netwtw14.sys when paly aiqiyi in DC mode,WinDriver->System flows,130,[COMPONENT=WinDriver->System flows] [Honor][LUX][NvwaC][ARL-HX][AX211][25H2]The BSOD )xD1 related to netwtw14.sys when paly aiqiyi in DC mode
WIFI-860241,[Dell_Compal][SLT14][PTL][WHP2]Stress_CB_BSOD: DRIVER_POWER_STATE_FAILURE(0x9F) with dump.,WinDriver->System flows,130,[COMPONENT=WinDriver->System flows] [Dell_Compal][SLT14][PTL][WHP2]Stress_CB_BSOD: DRIVER_POWER_STATE_FAILURE(0x9F) with dump.
WIFI-863457,[Asus][Huaqin][B3B5P5-CAA][Intel PTL][Intel BE211][WiFi][25H2]BSOD-0X9F which point to Netwaw18.sys when do reboot test(2/203duts),WinDriver->System flows,130,[COMPONENT=WinDriver->System flows] [Asus][Huaqin][B3B5P5-CAA][Intel PTL][Intel BE211][WiFi][25H2]BSOD-0X9F which point to Netwaw18.sys when do reboot test(2/203duts)
WIFI-870206,[ASUS_CCBU][9406CAA][BE211][PTL] Bluetooth will YB when running S4 aging.,WinDriver->System flows,130,[COMPONENT=WinDriver->System flows] [ASUS_CCBU][9406CAA][BE211][PTL] Bluetooth will YB when running S4 aging.
WIFI-883939,"(Copy Of 01011382) [Samsung][Huaqin][WCL][Titan6-14_WCL_BE][Win11]Unit show BSOD 0x139 after idle for 30mins after Benchmark test finished and point to Intel WIFI driver..(F/R:1/20 units, 1/20 times)",WinDriver->System flows,130,"[COMPONENT=WinDriver->System flows] (Copy Of 01011382) [Samsung][Huaqin][WCL][Titan6-14_WCL_BE][Win11]Unit show BSOD 0x139 after idle for 30mins after Benchmark test finished and point to Intel WIFI driver..(F/R:1/20 units, 1/20 times)"
WIFI-94200,"[Lenovo_IdeaPad][Compal][S560 Pro-14ITL][20H2] Unit show BSoD: 0xd1 when run CrystalDiskMark.(F/R:1/2,1/4)",WinDriver->System flows,130,"[COMPONENT=WinDriver->System flows] [Lenovo_IdeaPad][Compal][S560 Pro-14ITL][20H2] Unit show BSoD: 0xd1 when run CrystalDiskMark.(F/R:1/2,1/4)"
WIFI-99011,"[HP/SIO1957368/Win10/Cezanne/CcP2/Petrof] ""0x9f"" BSOD occurred when run WinPVT11.3 Restart Test.",WinDriver->System flows,130,"[COMPONENT=WinDriver->System flows] [HP/SIO1957368/Win10/Cezanne/CcP2/Petrof] ""0x9f"" BSOD occurred when run WinPVT11.3 Restart Test."
WIFI-102949,"[Lenovo-ideaPad][Compal][L360][TGL][AX201][20H2]Unit resume from MS,system not connect to Access point 2 already,and will connect after about 1s.",3rd Party->OS,100,"[COMPONENT=3rd Party->OS] [Lenovo-ideaPad][Compal][L360][TGL][AX201][20H2]Unit resume from MS,system not connect to Access point 2 already,and will connect after about 1s."
WIFI-106155,[Huawei][Quanta][KelvinD][TGL-U][AX201][Wifi][20H1][BUG-20210304-19227]BSOD 0x50 appeared on DUT when watching iQIYI videos.,3rd Party->OS,100,[COMPONENT=3rd Party->OS] [Huawei][Quanta][KelvinD][TGL-U][AX201][Wifi][20H1][BUG-20210304-19227]BSOD 0x50 appeared on DUT when watching iQIYI videos.
WIFI-107623,"[ASUS CCBU][Comet Lake][P1440FAC MP][Bug][20H1;20H2]][AX200 V21.90.3.2, V22.20.0.6, V22.30.0.11] System shows an unknown error when choosing security type ""WPA3-Enterprise"" from network connection",3rd Party->OS,100,"[COMPONENT=3rd Party->OS] [ASUS CCBU][Comet Lake][P1440FAC MP][Bug][20H1;20H2]][AX200 V21.90.3.2, V22.20.0.6, V22.30.0.11] System shows an unknown error when choosing security type ""WPA3-Enterprise"" from network connection"
WIFI-110201,"[ASUS-Gaming][Common] Still need to type password when connect to router with ""Opportunistic Wireless Encryption (OWE)""",3rd Party->OS,100,"[COMPONENT=3rd Party->OS] [ASUS-Gaming][Common] Still need to type password when connect to router with ""Opportunistic Wireless Encryption (OWE)"""
WIFI-110423,"[DELL][CY21 AIO][RKL][AX201]When the system run CB aging, the system will BSOD(DRIVER_POWER_STATE_FAILURE (9f)).",3rd Party->OS,100,"[COMPONENT=3rd Party->OS] [DELL][CY21 AIO][RKL][AX201]When the system run CB aging, the system will BSOD(DRIVER_POWER_STATE_FAILURE (9f))."
WIFI-111051,[HUAWEI][HUAQIN][AMD Lucienne-U][Intel AX200][20H2] PC Manager log show PIE port call fail.,3rd Party->OS,100,[COMPONENT=3rd Party->OS] [HUAWEI][HUAQIN][AMD Lucienne-U][Intel AX200][20H2] PC Manager log show PIE port call fail.
WIFI-115701,[HP/SIO1973780/Win10/TGL/HrP2/AustinHealey] Black screen when resume from MSD mode,3rd Party->OS,100,[COMPONENT=3rd Party->OS] [HP/SIO1973780/Win10/TGL/HrP2/AustinHealey] Black screen when resume from MSD mode
WIFI-115704,p2p connection failure with Samsung mobile phone,3rd Party->OS,100,[COMPONENT=3rd Party->OS] p2p connection failure with Samsung mobile phone
WIFI-116699,"[Huawei][Quanta][H9H][HookeD][AX201][20H2][WIFI][BUG-20210420-23520] DUT hung up with black screen when run MS test by STEP tool(0x9F,nwifi).",3rd Party->OS,100,"[COMPONENT=3rd Party->OS] [Huawei][Quanta][H9H][HookeD][AX201][20H2][WIFI][BUG-20210420-23520] DUT hung up with black screen when run MS test by STEP tool(0x9F,nwifi)."
WIFI-118023,[LCM1][Alishan][[AML-Y][AX200][21H2][WLAN][Bug52137]DUT cannot mirror to sink again after disconnecting/connecting to miracast session.,3rd Party->OS,100,[COMPONENT=3rd Party->OS] [LCM1][Alishan][[AML-Y][AX200][21H2][WLAN][Bug52137]DUT cannot mirror to sink again after disconnecting/connecting to miracast session.
WIFI-120088,[Samsung][Mars15][QuickShare] WiFi direct pairing was failure after sleep(modernstandby) resume.,3rd Party->OS,100,[COMPONENT=3rd Party->OS] [Samsung][Mars15][QuickShare] WiFi direct pairing was failure after sleep(modernstandby) resume.
WIFI-120353,"[Huawei][Quanta][H81][CezanneM][AX200][20H2][WiFi][BUG-20210503-24573]DUT1 wirelesss project to DUT2. while play music or plug in/out USB key , DUT2 will pop nosie",3rd Party->OS,100,"[COMPONENT=3rd Party->OS] [Huawei][Quanta][H81][CezanneM][AX200][20H2][WiFi][BUG-20210503-24573]DUT1 wirelesss project to DUT2. while play music or plug in/out USB key , DUT2 will pop nosie"
WIFI-120600,"[HUAWEI][HUAQIN][MACHD][Intel TGL][Intel WIFI[20H2]resume from modern standby, system cannot open hotspot",3rd Party->OS,100,"[COMPONENT=3rd Party->OS] [HUAWEI][HUAQIN][MACHD][Intel TGL][Intel WIFI[20H2]resume from modern standby, system cannot open hotspot"
WIFI-121299,[HP/Win10/TGL/HrP2/Corvette] BSOD 0x9F during Restart test,3rd Party->OS,100,[COMPONENT=3rd Party->OS] [HP/Win10/TGL/HrP2/Corvette] BSOD 0x9F during Restart test
WIFI-122877,[SPG][Whitebook][TGL-H][King County] Black screen and hang up when running cold boot,3rd Party->OS,100,[COMPONENT=3rd Party->OS] [SPG][Whitebook][TGL-H][King County] Black screen and hang up when running cold boot
WIFI-131673,"[Huawei][Quanta][H81][CezanneM][AX200][20H2][WiFi] During PVT testing , one unit meet BSOD 9F 0x9F_4_vwifimp_Netwtw10_IMAGE_vwifibus.sys",3rd Party->OS,100,"[COMPONENT=3rd Party->OS] [Huawei][Quanta][H81][CezanneM][AX200][20H2][WiFi] During PVT testing , one unit meet BSOD 9F 0x9F_4_vwifimp_Netwtw10_IMAGE_vwifibus.sys"
WIFI-132615,[Dell][Compal][Odyssey] Wan Miniport not list in device	manager after boot to OS,3rd Party->OS,100,[COMPONENT=3rd Party->OS] [Dell][Compal][Odyssey] Wan Miniport not list in device	manager after boot to OS
WIFI-133004,[Dell_Compal_Andrews_PRTS_TigerLake] Stress_S4_hang Black Screen with dump (DRIVER_POWER_STATE_FAILURE 0x9F),3rd Party->OS,100,[COMPONENT=3rd Party->OS] [Dell_Compal_Andrews_PRTS_TigerLake] Stress_S4_hang Black Screen with dump (DRIVER_POWER_STATE_FAILURE 0x9F)
WIFI-139169,[Dell/Compal][ADLP] AX211 WLAN will no function and can't turn on when SUT resume from S4/CB and unplug LAN cable with enabled Control WLAN Radio option.,3rd Party->OS,100,[COMPONENT=3rd Party->OS] [Dell/Compal][ADLP] AX211 WLAN will no function and can't turn on when SUT resume from S4/CB and unplug LAN cable with enabled Control WLAN Radio option.
WIFI-139181,[Broadwell][Intel 7265(D-Step)] Cannot rollback WLAN driver from v19.51.36.1,3rd Party->OS,100,[COMPONENT=3rd Party->OS] [Broadwell][Intel 7265(D-Step)] Cannot rollback WLAN driver from v19.51.36.1
WIFI-139677,[Knockout-2][Drift-2][Sideswipe-2] Never Crash issue: 0x9F_3_SETPOWER_Netwtw10!_WDI_P2P_DISCOVERED_SERVICE_ENTRY_CONTAINER::__WDI_P2P_DISCOVERED_SERVICE_ENTRY_CONTAINER__PERF__(Netwtw10+0x0),3rd Party->OS,100,[COMPONENT=3rd Party->OS] [Knockout-2][Drift-2][Sideswipe-2] Never Crash issue: 0x9F_3_SETPOWER_Netwtw10!_WDI_P2P_DISCOVERED_SERVICE_ENTRY_CONTAINER::__WDI_P2P_DISCOVERED_SERVICE_ENTRY_CONTAINER__PERF__(Netwtw10+0x0)
WIFI-144414,"[HONOR][HUAQIN][HiggsE][Intel TGL][Intel AX201][21H2][WIFI]Run S4 with v3.1.14 step tool, and BSOD appears, pointing to Intel WLAN device",3rd Party->OS,100,"[COMPONENT=3rd Party->OS] [HONOR][HUAQIN][HiggsE][Intel TGL][Intel AX201][21H2][WIFI]Run S4 with v3.1.14 step tool, and BSOD appears, pointing to Intel WLAN device"
WIFI-144824,"[HUAWEI][HUAQIN][Morgan][Intel TGL][WIN11]Run app_ 00300 test; There is a blue screen phenomenon. Dump analyzes the blue screen caused by the timeout of the request to remove the network card device, which is related to vwifimp.sys.",3rd Party->OS,100,"[COMPONENT=3rd Party->OS] [HUAWEI][HUAQIN][Morgan][Intel TGL][WIN11]Run app_ 00300 test; There is a blue screen phenomenon. Dump analyzes the blue screen caused by the timeout of the request to remove the network card device, which is related to vwifimp.sys."
WIFI-145005,"[HUAWEI][HUAQIN][MachD][Intel TGL][Intel AX201] [20H2]During the normal use of connected intranet hotspots, the blue screen suddenly occurs after a period of time,BSOD code 0x9f",3rd Party->OS,100,"[COMPONENT=3rd Party->OS] [HUAWEI][HUAQIN][MachD][Intel TGL][Intel AX201] [20H2]During the normal use of connected intranet hotspots, the blue screen suddenly occurs after a period of time,BSOD code 0x9f"
WIFI-146474,[Honor][HiggsE][TGL][AX201?[21H1]] PC?PAD????,3rd Party->OS,100,[COMPONENT=3rd Party->OS] [Honor][HiggsE][TGL][AX201?[21H1]] PC?PAD????
WIFI-150855,[HUAWEI][HUAQIN][Morgan][Intel TGL-R][Intel AX201][Win11]Found occur video lag after PC projecting to PDA via PC manage and play local video,3rd Party->OS,100,[COMPONENT=3rd Party->OS] [HUAWEI][HUAQIN][Morgan][Intel TGL-R][Intel AX201][Win11]Found occur video lag after PC projecting to PDA via PC manage and play local video
WIFI-156117,Regarding to T-put Issue of Intel AX211 for 5G/ 160M/ RX.,3rd Party->OS,100,[COMPONENT=3rd Party->OS] Regarding to T-put Issue of Intel AX211 for 5G/ 160M/ RX.
WIFI-162248,[HUAWEI][HUAQIN][Morgan][Intel TGL][WIN11][WIFI] Occur BSOD(0x9f) dump file when running Sleep_S4 cycle test with pure OS+22.70.0.6 wifi driver.,3rd Party->OS,100,[COMPONENT=3rd Party->OS] [HUAWEI][HUAQIN][Morgan][Intel TGL][WIN11][WIFI] Occur BSOD(0x9f) dump file when running Sleep_S4 cycle test with pure OS+22.70.0.6 wifi driver.
WIFI-169072,[Lenovo-IdeaPad][ADL][S970][win11][FVT][GFP]OS show BSOD when OOBE,3rd Party->OS,100,[COMPONENT=3rd Party->OS] [Lenovo-IdeaPad][ADL][S970][win11][FVT][GFP]OS show BSOD when OOBE
WIFI-169855,"[Huawei][Quanta][H93U(EulerDB2)][AX201][20H2][WIFI] BIOS 2.03 - 2.07 update (stress testing) on Windows , one DUT meet BSOD 0A .supsect realative with Intel WLAN driver Netwtw10.sys",3rd Party->OS,100,"[COMPONENT=3rd Party->OS] [Huawei][Quanta][H93U(EulerDB2)][AX201][20H2][WIFI] BIOS 2.03 - 2.07 update (stress testing) on Windows , one DUT meet BSOD 0A .supsect realative with Intel WLAN driver Netwtw10.sys"
WIFI-172879,[HP/SIO2028908/Win11/RKL/HrP2/Starliner] UUT hang up with black screen and BSE 0x1e occurs when running S4 overnight.,3rd Party->OS,100,[COMPONENT=3rd Party->OS] [HP/SIO2028908/Win11/RKL/HrP2/Starliner] UUT hang up with black screen and BSE 0x1e occurs when running S4 overnight.
WIFI-175324,[ASUS-Gaming][ADL-P][GU603Z][AX211 2230] Not able to WoWLAN by remote desktop,3rd Party->OS,100,[COMPONENT=3rd Party->OS] [ASUS-Gaming][ADL-P][GU603Z][AX211 2230] Not able to WoWLAN by remote desktop
WIFI-178041,[halleyM][win11][ax200]vwifi stop cause black screen,3rd Party->OS,100,[COMPONENT=3rd Party->OS] [halleyM][win11][ax200]vwifi stop cause black screen
WIFI-179112,[Lenovo-IdeaPad][ADL][S970][win11][FVT][GFP]system show bsod when run warmboot related to ax211,3rd Party->OS,100,[COMPONENT=3rd Party->OS] [Lenovo-IdeaPad][ADL][S970][win11][FVT][GFP]system show bsod when run warmboot related to ax211
WIFI-180159,(Copy Of 00667630) [Dell_Compal_ADL_Odyssey]Stress_BurnIn_BSOD_KERNEL_SECURITY_CHECK_FAILURE with dump (0x139),3rd Party->OS,100,[COMPONENT=3rd Party->OS] (Copy Of 00667630) [Dell_Compal_ADL_Odyssey]Stress_BurnIn_BSOD_KERNEL_SECURITY_CHECK_FAILURE with dump (0x139)
WIFI-180618,[Dell][CY22 AIO]Intel RST - We got the issue dump about the vwifibus.,3rd Party->OS,100,[COMPONENT=3rd Party->OS] [Dell][CY22 AIO]Intel RST - We got the issue dump about the vwifibus.
WIFI-181044,[MSFT Quanta][Versova][TGL/HrP]Time in HW&SW Drips can't meet the target from CS (Top Offenders:Intel(R) Wi-Fi 6 AX201 160MHz,3rd Party->OS,100,[COMPONENT=3rd Party->OS] [MSFT Quanta][Versova][TGL/HrP]Time in HW&SW Drips can't meet the target from CS (Top Offenders:Intel(R) Wi-Fi 6 AX201 160MHz
WIFI-186904,[Lenovo LCFC][Phoenix]The EUT occurred BSOD (DRIVER_POWER_STATE_FAILURE (9f)) during plug dock/unplug dock test when connect to MS dock by DP port.,3rd Party->OS,100,[COMPONENT=3rd Party->OS] [Lenovo LCFC][Phoenix]The EUT occurred BSOD (DRIVER_POWER_STATE_FAILURE (9f)) during plug dock/unplug dock test when connect to MS dock by DP port.
WIFI-187282,[HP/SIO2073222/Win10/ADL/GfP2/Ultron] BSOD 0xA0 during running Modern Standby Critical Only.,3rd Party->OS,100,[COMPONENT=3rd Party->OS] [HP/SIO2073222/Win10/ADL/GfP2/Ultron] BSOD 0xA0 during running Modern Standby Critical Only.
WIFI-189035,[Dell/Compal][ADL Odyssey] SUT occur BSOD_SYSTEM_THREAD_EXCEPTION_NOT_HANDLED_0X7E (with dump),3rd Party->OS,100,[COMPONENT=3rd Party->OS] [Dell/Compal][ADL Odyssey] SUT occur BSOD_SYSTEM_THREAD_EXCEPTION_NOT_HANDLED_0X7E (with dump)
WIFI-196605,"[HP/SIO2064024/Win10/ADL-S/GfP2/Solitaire] WHQL test item ""Wlan Test - Wlan Device Reset Check"" failed",3rd Party->OS,100,"[COMPONENT=3rd Party->OS] [HP/SIO2064024/Win10/ADL-S/GfP2/Solitaire] WHQL test item ""Wlan Test - Wlan Device Reset Check"" failed"
WIFI-204382,[HUAWEI][HUAQIN][KelvinF][Intel ADL][Intel AX 201][wifi][Win11]BSOD 0x7e occurred during running MS.,3rd Party->OS,100,[COMPONENT=3rd Party->OS] [HUAWEI][HUAQIN][KelvinF][Intel ADL][Intel AX 201][wifi][Win11]BSOD 0x7e occurred during running MS.
WIFI-205562,[HUAWEI][HUAQIN][MorganF][Intel ADL][Intel AX 211][WIFI][Win11]BSOD 0x9f occurred during restarting DUT.,3rd Party->OS,100,[COMPONENT=3rd Party->OS] [HUAWEI][HUAQIN][MorganF][Intel ADL][Intel AX 211][WIFI][Win11]BSOD 0x9f occurred during restarting DUT.
WIFI-211926,[Dell/Compal/Orchid Bay]SUT met BSOD:DRIVER_POWER_STATE_FAILURE(0x9f) when executing stress 3DMark.,3rd Party->OS,100,[COMPONENT=3rd Party->OS] [Dell/Compal/Orchid Bay]SUT met BSOD:DRIVER_POWER_STATE_FAILURE(0x9f) when executing stress 3DMark.
WIFI-212070,<Never Crash PR80514>[Lenovo ThinkPad CN][LCFC][E490E590E14E15]0x9F_3_SETPOWER_IMAGE_Netwtw10.sys,3rd Party->OS,100,[COMPONENT=3rd Party->OS] <Never Crash PR80514>[Lenovo ThinkPad CN][LCFC][E490E590E14E15]0x9F_3_SETPOWER_IMAGE_Netwtw10.sys
WIFI-242670,[WiFi][HrP2][Win10]BSOD occurs when resuming after Hibernation or Fast Startup,3rd Party->OS,100,[COMPONENT=3rd Party->OS] [WiFi][HrP2][Win10]BSOD occurs when resuming after Hibernation or Fast Startup
WIFI-297435,[Dell][Compal][Nexus][Killer1690]S4_hang BS w/o BL with dump.(0x9f),3rd Party->OS,100,[COMPONENT=3rd Party->OS] [Dell][Compal][Nexus][Killer1690]S4_hang BS w/o BL with dump.(0x9f)
WIFI-306180,"[Lenovo ThinkPad CN][LCFC][Mercury3Mars3Intel][ADL][AX211,AX201,9560][E14 Gen 4] 0x9F_3_SETPOWER_IMAGE_Netwtw12.sys",3rd Party->OS,100,"[COMPONENT=3rd Party->OS] [Lenovo ThinkPad CN][LCFC][Mercury3Mars3Intel][ADL][AX211,AX201,9560][E14 Gen 4] 0x9F_3_SETPOWER_IMAGE_Netwtw12.sys"
WIFI-313745,[Razer][BYD][C8][ADL-P][MP] system hang black screen when entering S4 and point to NetAdapterCx!NxDevice::UpdatePowerPolicyParameters,3rd Party->OS,100,[COMPONENT=3rd Party->OS] [Razer][BYD][C8][ADL-P][MP] system hang black screen when entering S4 and point to NetAdapterCx!NxDevice::UpdatePowerPolicyParameters
WIFI-314074,[HUAWEI][HUAQIN][MorganG][Intel RPL][Intel AX 211][WIFI][Win11]Black screen appears during stability MS testing.,3rd Party->OS,100,[COMPONENT=3rd Party->OS] [HUAWEI][HUAQIN][MorganG][Intel RPL][Intel AX 211][WIFI][Win11]Black screen appears during stability MS testing.
WIFI-323551,[TGL][AX201][Never Crash] BSOD 0x9f encountered on Panther-1 unit,3rd Party->OS,100,[COMPONENT=3rd Party->OS] [TGL][AX201][Never Crash] BSOD 0x9f encountered on Panther-1 unit
WIFI-348290,"[HP][MTL-U][Grand][GaP2] BSOD (0X9F,point to Netwaw14.sys and BTHUSB) occurred as running Hibernation Stress test",3rd Party->OS,100,"[COMPONENT=3rd Party->OS] [HP][MTL-U][Grand][GaP2] BSOD (0X9F,point to Netwaw14.sys and BTHUSB) occurred as running Hibernation Stress test"
WIFI-350645,"[HP][MTL-U][Regency][GaP2][SIO2227653] BSOD(0x9f, Netwaw14.sys) occurred while running Hibernation test",3rd Party->OS,100,"[COMPONENT=3rd Party->OS] [HP][MTL-U][Regency][GaP2][SIO2227653] BSOD(0x9f, Netwaw14.sys) occurred while running Hibernation test"
WIFI-352479,[Dell/Compal][Kenai] Stress_MS Transition Stress Test_Hang BS WO BL on AC mode,3rd Party->OS,100,[COMPONENT=3rd Party->OS] [Dell/Compal][Kenai] Stress_MS Transition Stress Test_Hang BS WO BL on AC mode
WIFI-356401,[Dell/Compal][Tributo MTL][BE200][BSOD-0x9F][ndis!NdisWaitEvent+0x50]SUT hang black screen during ADK Jumpstar test,3rd Party->OS,100,[COMPONENT=3rd Party->OS] [Dell/Compal][Tributo MTL][BE200][BSOD-0x9F][ndis!NdisWaitEvent+0x50]SUT hang black screen during ADK Jumpstar test
WIFI-356780,[HP][Quanta]-[Willie][MTL][Win11 22H2][MVR] The unit got 0x9F BSOD when run WinPVT11.11.0 Hibernation Focus+AP/LAN+ACDC test (BE200),3rd Party->OS,100,[COMPONENT=3rd Party->OS] [HP][Quanta]-[Willie][MTL][Win11 22H2][MVR] The unit got 0x9F BSOD when run WinPVT11.11.0 Hibernation Focus+AP/LAN+ACDC test (BE200)
WIFI-358607,[Dell][Compal]Teton MTL BE200 S4 BSOD DRIVER_POWER_STATE_FAILURE,3rd Party->OS,100,[COMPONENT=3rd Party->OS] [Dell][Compal]Teton MTL BE200 S4 BSOD DRIVER_POWER_STATE_FAILURE
WIFI-359829,[HP][MTL-U][Goldy][GaP2][SIO2238229] System occurs BSOD 0x7e during run Winpvt- Modern standby Critical Only (half IURs AC/half IURs DC) Cycling test,3rd Party->OS,100,[COMPONENT=3rd Party->OS] [HP][MTL-U][Goldy][GaP2][SIO2238229] System occurs BSOD 0x7e during run Winpvt- Modern standby Critical Only (half IURs AC/half IURs DC) Cycling test
WIFI-377590,[Dell][Compal]Maya bay MLK_MS_WLAN device lost_5002 event,3rd Party->OS,100,[COMPONENT=3rd Party->OS] [Dell][Compal]Maya bay MLK_MS_WLAN device lost_5002 event
WIFI-381941,[Xiaomi][MIUI+][I5-12500H][AX203]PC disconnect from phone hotspot,3rd Party->OS,100,[COMPONENT=3rd Party->OS] [Xiaomi][MIUI+][I5-12500H][AX203]PC disconnect from phone hotspot
WIFI-404473,[Lenovo-Ideapad][Yoga Slim 9_EVT_HF][FmP][LNL][24H2]Show BSOD when restart. (FR:1/4 units; 2/20),3rd Party->OS,100,[COMPONENT=3rd Party->OS] [Lenovo-Ideapad][Yoga Slim 9_EVT_HF][FmP][LNL][24H2]Show BSOD when restart. (FR:1/4 units; 2/20)
WIFI-405541,[MTL][BE200] SW/HW DRIPS are <90% and it points to BE200 WLAN,3rd Party->OS,100,[COMPONENT=3rd Party->OS] [MTL][BE200] SW/HW DRIPS are <90% and it points to BE200 WLAN
WIFI-407164,[Honor][Huaqin][MooreA][Intel MTL][Intel AX211][WiFi][23H2]The BSOD(0x9f) occured point to Netwtw14.sys run the Coldboot stress test,3rd Party->OS,100,[COMPONENT=3rd Party->OS] [Honor][Huaqin][MooreA][Intel MTL][Intel AX211][WiFi][23H2]The BSOD(0x9f) occured point to Netwtw14.sys run the Coldboot stress test
WIFI-459672,[Comal_ASUS][RPL-Urefresh][A54_5702WVAR][24H2] BE200 during S4 stress device YB(code 10),3rd Party->OS,100,[COMPONENT=3rd Party->OS] [Comal_ASUS][RPL-Urefresh][A54_5702WVAR][24H2] BE200 during S4 stress device YB(code 10)
WIFI-477378,[Lenovo_IdeaPad][Wenchang][LCFC][LNL][FVT][24H2][BE201]Stress_MS_Hang up black screen actually 0x7e BSOD when run MS test(F/R:5/30units 5/7678cycles),3rd Party->OS,100,[COMPONENT=3rd Party->OS] [Lenovo_IdeaPad][Wenchang][LCFC][LNL][FVT][24H2][BE201]Stress_MS_Hang up black screen actually 0x7e BSOD when run MS test(F/R:5/30units 5/7678cycles)
WIFI-489974,[Dell][Compal][DVT1_Pista ARL] Stress_WB_BSOD_WDF_VIOLATION(0x10d)(w/ dump)(DPPM:532),3rd Party->OS,100,[COMPONENT=3rd Party->OS] [Dell][Compal][DVT1_Pista ARL] Stress_WB_BSOD_WDF_VIOLATION(0x10d)(w/ dump)(DPPM:532)
WIFI-519260,[ASUS][LNL][UX5406SA] System occur 0x7e bsod when resume from ms.,3rd Party->OS,100,[COMPONENT=3rd Party->OS] [ASUS][LNL][UX5406SA] System occur 0x7e bsod when resume from ms.
WIFI-520781,"[Samsung][LNL][BE201][P241031-05945] Deleted the Wi-Fi profile on system, and it wont reconnect to that Wi-Fi network.",3rd Party->OS,100,"[COMPONENT=3rd Party->OS] [Samsung][LNL][BE201][P241031-05945] Deleted the Wi-Fi profile on system, and it wont reconnect to that Wi-Fi network."
WIFI-521161,[Dell/Compal][Bolan LNL] Stress_MS Transition Drip DC_hang BS point to WiFi,3rd Party->OS,100,[COMPONENT=3rd Party->OS] [Dell/Compal][Bolan LNL] Stress_MS Transition Drip DC_hang BS point to WiFi
WIFI-521554,[Dell_Compal][TRK14][ARL][GfP2]Win11(24H2)(23H2)_Stress_S4_BSOD_DRIVER_POWER_STATE_FAILURE (w/ dump),3rd Party->OS,100,[COMPONENT=3rd Party->OS] [Dell_Compal][TRK14][ARL][GfP2]Win11(24H2)(23H2)_Stress_S4_BSOD_DRIVER_POWER_STATE_FAILURE (w/ dump)
WIFI-521647,[Dell][OasisMTL]Stress_S4_Win11_System show BSOD w/ dump(Stop code:Dricer_POWER_STATE_FAILURE ) and then DM will show YB of unknown device,3rd Party->OS,100,[COMPONENT=3rd Party->OS] [Dell][OasisMTL]Stress_S4_Win11_System show BSOD w/ dump(Stop code:Dricer_POWER_STATE_FAILURE ) and then DM will show YB of unknown device
WIFI-532857,[LNL][P5405CSA] BE201(AIC) can not enter D3Hot in Modern Standby,3rd Party->OS,100,[COMPONENT=3rd Party->OS] [LNL][P5405CSA] BE201(AIC) can not enter D3Hot in Modern Standby
WIFI-534846,[HP][IEC][Machu][Win11 24H2][ARL U/H][GfP2][SIO2309115]Black screen 0x9f (wlan) with power LED breathing during running WinPVT run-in 48hr test (Caterr LED : OFF),3rd Party->OS,100,[COMPONENT=3rd Party->OS] [HP][IEC][Machu][Win11 24H2][ARL U/H][GfP2][SIO2309115]Black screen 0x9f (wlan) with power LED breathing during running WinPVT run-in 48hr test (Caterr LED : OFF)
WIFI-550188,[lenovo_lnl0eiger2] BE201 BSOD 0x9F when doing hybrid shutdown stress test,3rd Party->OS,100,[COMPONENT=3rd Party->OS] [lenovo_lnl0eiger2] BE201 BSOD 0x9F when doing hybrid shutdown stress test
WIFI-566922,[Dell_Compal][TRK14][ARL][GfP2]Stress_S4_BSOD_DRIVER_POWER_STATE_FAILURE(9F) (w/ dump),3rd Party->OS,100,[COMPONENT=3rd Party->OS] [Dell_Compal][TRK14][ARL][GfP2]Stress_S4_BSOD_DRIVER_POWER_STATE_FAILURE(9F) (w/ dump)
WIFI-597444,[HP][IEC][MachuN][Win11 24H2][LNL][FmP2][SIO2348040]Black screen (0xA0) during WinPVT Hibernation Functional test (Caterr LED off).,3rd Party->OS,100,[COMPONENT=3rd Party->OS] [HP][IEC][MachuN][Win11 24H2][LNL][FmP2][SIO2348040]Black screen (0xA0) during WinPVT Hibernation Functional test (Caterr LED off).
WIFI-599936,[Lenovo ThinkPad][LCFC][ARL-H][BE201][Eiger2]BSOD 0x9F when doing S4 test,3rd Party->OS,100,[COMPONENT=3rd Party->OS] [Lenovo ThinkPad][LCFC][ARL-H][BE201][Eiger2]BSOD 0x9F when doing S4 test
WIFI-608789,The system cannot be wake up from MS when the system resumed from S4 and then enter into MS(Occurred 0x9F(no dump)),3rd Party->OS,100,[COMPONENT=3rd Party->OS] The system cannot be wake up from MS when the system resumed from S4 and then enter into MS(Occurred 0x9F(no dump))
WIFI-632339,[HP][IEC][MachuN][LNL][Fmp2-BE201][Win11 24H2] Black screen 0x9F with power LED breathing during running WinPVT (48hrs Runin test).,3rd Party->OS,100,[COMPONENT=3rd Party->OS] [HP][IEC][MachuN][LNL][Fmp2-BE201][Win11 24H2] Black screen 0x9F with power LED breathing during running WinPVT (48hrs Runin test).
WIFI-663239,[HP][QTA][TDC][BNB_Rainbowcake/Wafer][ARL-H/U][Win11_24h2]Cant connect others WIFI  after turn off Random hardware addresses with WIFI connected(Intel BE201),3rd Party->OS,100,[COMPONENT=3rd Party->OS] [HP][QTA][TDC][BNB_Rainbowcake/Wafer][ARL-H/U][Win11_24h2]Cant connect others WIFI  after turn off Random hardware addresses with WIFI connected(Intel BE201)
WIFI-669472,"[Lenovo_IdeaPad][LCFC][ARL-HX][BE200][Hermes-IAX]BSOD:0x9F happened resume from MS, FR: 1/10Units, 1/93cycles",3rd Party->OS,100,"[COMPONENT=3rd Party->OS] [Lenovo_IdeaPad][LCFC][ARL-HX][BE200][Hermes-IAX]BSOD:0x9F happened resume from MS, FR: 1/10Units, 1/93cycles"
WIFI-669602,"[WiFi][BE201][Windows 11]can not connect to AP with ""WPA2/AES/Password: Hexadecimal number 64 digits""",3rd Party->OS,100,"[COMPONENT=3rd Party->OS] [WiFi][BE201][Windows 11]can not connect to AP with ""WPA2/AES/Password: Hexadecimal number 64 digits"""
WIFI-670567,[HP][Quanta]-[Trekker][PTL-H][Win11 24H2] SIO2379015 - [SIT][SWT-SW][PTL-H][INT]The unit black screen about 5mins and then 0x9f BSOD occurred after restarted unit..(Intel BE201),3rd Party->OS,100,[COMPONENT=3rd Party->OS] [HP][Quanta]-[Trekker][PTL-H][Win11 24H2] SIO2379015 - [SIT][SWT-SW][PTL-H][INT]The unit black screen about 5mins and then 0x9f BSOD occurred after restarted unit..(Intel BE201)
WIFI-674378,"[Honor][Huaqin][DarwinB][ARL][WiFi][24H2]In the settings, it is shown that the WiFi protocol for connection remains 2.4G. When the connected mobile hotspot switches from the 2.4G frequency band to the 5G frequency band,",3rd Party->OS,100,"[COMPONENT=3rd Party->OS] [Honor][Huaqin][DarwinB][ARL][WiFi][24H2]In the settings, it is shown that the WiFi protocol for connection remains 2.4G. When the connected mobile hotspot switches from the 2.4G frequency band to the 5G frequency band,"
WIFI-699515,[Dell][Oasis_MTL][BE200]BSOD:0x7e with latest wifi driver:23.130.1.1,3rd Party->OS,100,[COMPONENT=3rd Party->OS] [Dell][Oasis_MTL][BE200]BSOD:0x7e with latest wifi driver:23.130.1.1
WIFI-702685,[WIKO][LC][MarseilleI][ARL-AX201][PVT][24H2]The units show BSOD (0x9f) after uninstall  Rising Antivirus APP and  reboot,3rd Party->OS,100,[COMPONENT=3rd Party->OS] [WIKO][LC][MarseilleI][ARL-AX201][PVT][24H2]The units show BSOD (0x9f) after uninstall  Rising Antivirus APP and  reboot
WIFI-712641,[Lenovo][Compal][Ideapad S5P][PTL][BE211]MS stress test system will show blackscreen (F/R: 2/2u; 2/10 c),3rd Party->OS,100,[COMPONENT=3rd Party->OS] [Lenovo][Compal][Ideapad S5P][PTL][BE211]MS stress test system will show blackscreen (F/R: 2/2u; 2/10 c)
WIFI-727749,[ASUS][S5406SA][BE201] System show 0x9F BSOD.,3rd Party->OS,100,[COMPONENT=3rd Party->OS] [ASUS][S5406SA][BE201] System show 0x9F BSOD.
WIFI-739149,[AVC][Lenovo][Neo50q-4][RPL-H][AX201] Never crash issue with netwtw14.sys 23.50.8.4.,3rd Party->OS,100,[COMPONENT=3rd Party->OS] [AVC][Lenovo][Neo50q-4][RPL-H][AX201] Never crash issue with netwtw14.sys 23.50.8.4.
WIFI-742021,"[Lenovo][Huaqin][S511_14_16][PTL][Win11_25H2][pre SIT][BE213]UUT appear BSOD 0x9F when reboot(1/2 UUTs, 1/20 Cycles)",3rd Party->OS,100,"[COMPONENT=3rd Party->OS] [Lenovo][Huaqin][S511_14_16][PTL][Win11_25H2][pre SIT][BE213]UUT appear BSOD 0x9F when reboot(1/2 UUTs, 1/20 Cycles)"
WIFI-758005,"[2025_August_Cadence][Oak Gen1 intel][BIOS][GM2.0/GM8.0][Win11 24H2/Win10 22H2][LR]The EUT occur Blackscreen W/o Backlight(debug code:FC5A) during AC S4 longrun test with LongRunATS_AOAC_v5.2 tool.(FR:2/20 units,2/3826 total trials)",3rd Party->OS,100,"[COMPONENT=3rd Party->OS] [2025_August_Cadence][Oak Gen1 intel][BIOS][GM2.0/GM8.0][Win11 24H2/Win10 22H2][LR]The EUT occur Blackscreen W/o Backlight(debug code:FC5A) during AC S4 longrun test with LongRunATS_AOAC_v5.2 tool.(FR:2/20 units,2/3826 total trials)"
WIFI-768485,[Lenovo-IdeaPad][wistron][Field_issue][Enterprise-Network][Jasper Lake][AX201][500W GEN4]WiFi show no internet after Roaming in the school.,3rd Party->OS,100,[COMPONENT=3rd Party->OS] [Lenovo-IdeaPad][wistron][Field_issue][Enterprise-Network][Jasper Lake][AX201][500W GEN4]WiFi show no internet after Roaming in the school.
WIFI-800121,"[Lenovo][Kailash][PTL][BE211][25H2]The unit show BSOD(bugcheck 0x9f,stop code:DRIVER_POWER_STATE_FAILURE,w/ dump) when running Stress_WB.(F/R:1/60units,1/18000cycles)",3rd Party->OS,100,"[COMPONENT=3rd Party->OS] [Lenovo][Kailash][PTL][BE211][25H2]The unit show BSOD(bugcheck 0x9f,stop code:DRIVER_POWER_STATE_FAILURE,w/ dump) when running Stress_WB.(F/R:1/60units,1/18000cycles)"
WIFI-804126,"[HP][QTA][BNB][WCL][Cheddar] SIO2445127: The unit got ""0x9F"" BSOD during running WINPVT Wake-on-LAN Stress (S3S4S5+LAN_CHK_WOL.PVT) using LOM with IPV4/IPV6.",3rd Party->OS,100,"[COMPONENT=3rd Party->OS] [HP][QTA][BNB][WCL][Cheddar] SIO2445127: The unit got ""0x9F"" BSOD during running WINPVT Wake-on-LAN Stress (S3S4S5+LAN_CHK_WOL.PVT) using LOM with IPV4/IPV6."
WIFI-805779,[Dell][Arches MTL]Roaming issues between Cisco APs as they get stuck with APIPA Address,3rd Party->OS,100,[COMPONENT=3rd Party->OS] [Dell][Arches MTL]Roaming issues between Cisco APs as they get stuck with APIPA Address
WIFI-831329,[Dell_Compal][SLT14][PTL][GfP2]Stress_WB_BSOD: DRIVER_POWER_STATE_FAILURE(0x9F) with dump.(FR:1/54U).,3rd Party->OS,100,[COMPONENT=3rd Party->OS] [Dell_Compal][SLT14][PTL][GfP2]Stress_WB_BSOD: DRIVER_POWER_STATE_FAILURE(0x9F) with dump.(FR:1/54U).
WIFI-863581,[Lenovo-Ideapad][Y9 Refresh][ARL/BE200][25H2] stress s3 0x50 BSOD,3rd Party->OS,100,[COMPONENT=3rd Party->OS] [Lenovo-Ideapad][Y9 Refresh][ARL/BE200][25H2] stress s3 0x50 BSOD
WIFI-98835,"[Huawei][Quanta][ALL][AX200/AX201][20H2][WiFi][BUG-20201231-16422] Run S3 test with STEP tool cause black screen issue and exist dump(0x14f, wcmsvc)",3rd Party->OS,100,"[COMPONENT=3rd Party->OS] [Huawei][Quanta][ALL][AX200/AX201][20H2][WiFi][BUG-20201231-16422] Run S3 test with STEP tool cause black screen issue and exist dump(0x14f, wcmsvc)"
WIFI-98850,[HUAWEI[HUAQIN][Intel TGL][Intel AX201][20H2]PC connection dual-band in-one router does not switch frequency band,3rd Party->OS,100,[COMPONENT=3rd Party->OS] [HUAWEI[HUAQIN][Intel TGL][Intel AX201][20H2]PC connection dual-band in-one router does not switch frequency band
WIFI-99033,[HUAWEI][HUAQIN][Intel TGL][Intel AX201[WIFI][20H1]System occur BSOD-9F during refresh BIOS stress,3rd Party->OS,100,[COMPONENT=3rd Party->OS] [HUAWEI][HUAQIN][Intel TGL][Intel AX201[WIFI][20H1]System occur BSOD-9F during refresh BIOS stress
WIFI-102802,[Lenovo ThinkPad JP][LCFC][X390T490 P73][CML WHL][9560 AX201AX200]It will occur BSOD during change the Wireless Mode on TP-Link XDR3020 with 22.30.0.11,WinDriver->Connectivity,92,[COMPONENT=WinDriver->Connectivity] [Lenovo ThinkPad JP][LCFC][X390T490 P73][CML WHL][9560 AX201AX200]It will occur BSOD during change the Wireless Mode on TP-Link XDR3020 with 22.30.0.11
WIFI-102804,[Lenovo ThinkPad JP][LCFC][X1 Carbon 6th][KBL][8265]<Customer Complain>WLAN speed unstable under Huawei AirEngine6760-X1 Wi-Fi 6 AP,WinDriver->Connectivity,92,[COMPONENT=WinDriver->Connectivity] [Lenovo ThinkPad JP][LCFC][X1 Carbon 6th][KBL][8265]<Customer Complain>WLAN speed unstable under Huawei AirEngine6760-X1 Wi-Fi 6 AP
WIFI-104644,[ASUS AIO compal A5401WRA][CML-S][22.20.0.6 AX200/2230][Intel WIFI]WIFI AP is not able to connected when set shared key.,WinDriver->Connectivity,92,[COMPONENT=WinDriver->Connectivity] [ASUS AIO compal A5401WRA][CML-S][22.20.0.6 AX200/2230][Intel WIFI]WIFI AP is not able to connected when set shared key.
WIFI-109314,[Huawei][Quanta][BohrM]/NobelM[Lucienne][AX200][20H2][WiFi] BSOD 0x7F(Netwtw10.sys).(Copy Of 00584040) [Huawei][Quanta][BohrM]/NobelM[Lucienne][AX200][20H2][WiFi] BSOD 0x7F(Netwtw10.sys).,WinDriver->Connectivity,92,[COMPONENT=WinDriver->Connectivity] [Huawei][Quanta][BohrM]/NobelM[Lucienne][AX200][20H2][WiFi] BSOD 0x7F(Netwtw10.sys).(Copy Of 00584040) [Huawei][Quanta][BohrM]/NobelM[Lucienne][AX200][20H2][WiFi] BSOD 0x7F(Netwtw10.sys).
WIFI-116368,[HP/Win10/CML/HrP2/Camellia] Cannot re-connect to wireless printer,WinDriver->Connectivity,92,[COMPONENT=WinDriver->Connectivity] [HP/Win10/CML/HrP2/Camellia] Cannot re-connect to wireless printer
WIFI-117882,"[Lenovo IdeaPad][S760-14 AMD]  can't connect AP with ""WPA2 Enterprise"" EAP-TLS mode",WinDriver->Connectivity,92,"[COMPONENT=WinDriver->Connectivity] [Lenovo IdeaPad][S760-14 AMD]  can't connect AP with ""WPA2 Enterprise"" EAP-TLS mode"
WIFI-119890,[ASUS-Gaming] Unable to Connect to Network Secured by WEP,WinDriver->Connectivity,92,[COMPONENT=WinDriver->Connectivity] [ASUS-Gaming] Unable to Connect to Network Secured by WEP
WIFI-135945,PKI Authentication Issue with Newer Intel Wireless Drivers on Spyglass,WinDriver->Connectivity,92,[COMPONENT=WinDriver->Connectivity] PKI Authentication Issue with Newer Intel Wireless Drivers on Spyglass
WIFI-141446,"Dell/Compal][ADL][Odyssey][DBS test] GFP4 combination of 5G/ch36 pass, 2.4G/ch3 fail",WinDriver->Connectivity,92,"[COMPONENT=WinDriver->Connectivity] Dell/Compal][ADL][Odyssey][DBS test] GFP4 combination of 5G/ch36 pass, 2.4G/ch3 fail"
WIFI-142456,[Dell_Compal_Orchid Bay_ADL] SUT occurs BSOD(DRIVER_IRQL_NOT_LESS_OR_EQUAL) during CB/WB after do provision,WinDriver->Connectivity,92,[COMPONENT=WinDriver->Connectivity] [Dell_Compal_Orchid Bay_ADL] SUT occurs BSOD(DRIVER_IRQL_NOT_LESS_OR_EQUAL) during CB/WB after do provision
WIFI-143900,"[HP/SIO2013965/Win10/KBL/SfP/ComputronW14] De-authorised from the Wi-Fi network while roaming, and could not connect back.",WinDriver->Connectivity,92,"[COMPONENT=WinDriver->Connectivity] [HP/SIO2013965/Win10/KBL/SfP/ComputronW14] De-authorised from the Wi-Fi network while roaming, and could not connect back."
WIFI-144825,"[Huawei][Quanta][H93U(EulerD)][AX201][20H2][WIFI][BUG-20210823-34559] The DUT connect to Internet , install IQIYI,  run STEPV3_20210720_Release-Stress_MultiMedia_00100, system meet BSOD 139 F/R:1/10 units",WinDriver->Connectivity,92,"[COMPONENT=WinDriver->Connectivity] [Huawei][Quanta][H93U(EulerD)][AX201][20H2][WIFI][BUG-20210823-34559] The DUT connect to Internet , install IQIYI,  run STEPV3_20210720_Release-Stress_MultiMedia_00100, system meet BSOD 139 F/R:1/10 units"
WIFI-150854,Wi-Fi connection timeout in DFS mode,WinDriver->Connectivity,92,[COMPONENT=WinDriver->Connectivity] Wi-Fi connection timeout in DFS mode
WIFI-204522,[Huawei][Quanta][H9HD][HookF][AX211][21H2][WLAN][805423516] Can't find any hotspot after sleep and wake up in DC mode,WinDriver->Connectivity,92,[COMPONENT=WinDriver->Connectivity] [Huawei][Quanta][H9HD][HookF][AX211][21H2][WLAN][805423516] Can't find any hotspot after sleep and wake up in DC mode
WIFI-204710,[HUAWEI][HUAQIN][MachD][Intel TGL][Intel AX201][WIFI][Win11]The DUT will disconnect from AP  during roaming is triggered,WinDriver->Connectivity,92,[COMPONENT=WinDriver->Connectivity] [HUAWEI][HUAQIN][MachD][Intel TGL][Intel AX201][WIFI][Win11]The DUT will disconnect from AP  during roaming is triggered
WIFI-207783,[Huawei][Quanta][H9HD][HookF][AX211][21H2][WLAN][805453050] The user cannot connect to any hotspot after waking up from sleep,WinDriver->Connectivity,92,[COMPONENT=WinDriver->Connectivity] [Huawei][Quanta][H9HD][HookF][AX211][21H2][WLAN][805453050] The user cannot connect to any hotspot after waking up from sleep
WIFI-210058,HP -  SIO2087874 - [3LS] - SIP110836 - EB 1040 G6 / Huawei / GC / Intel WLAN Unexpected Roaming Issue / PC APJ / CN,WinDriver->Connectivity,92,[COMPONENT=WinDriver->Connectivity] HP -  SIO2087874 - [3LS] - SIP110836 - EB 1040 G6 / Huawei / GC / Intel WLAN Unexpected Roaming Issue / PC APJ / CN
WIFI-218380,5GHz ch132 80MHz CAN'T be scanned by AX210 w/ MCC GB,WinDriver->Connectivity,92,[COMPONENT=WinDriver->Connectivity] 5GHz ch132 80MHz CAN'T be scanned by AX210 w/ MCC GB
WIFI-257942,[Lenovo-IdeaPad][KYG90[SIT][RPL-P][LCFC][HF][Win11]BSOD 0x7E happened which related with Intel WLAN when system reboot,WinDriver->Connectivity,92,[COMPONENT=WinDriver->Connectivity] [Lenovo-IdeaPad][KYG90[SIT][RPL-P][LCFC][HF][Win11]BSOD 0x7E happened which related with Intel WLAN when system reboot
WIFI-268488,"[Huawei][Quanta][H9U][CurieF][AX211][21H2][WLAN][805836825] The 5G and 2.4G dual-band SSID set by the router, after connecting to the 5G frequency band,",WinDriver->Connectivity,92,"[COMPONENT=WinDriver->Connectivity] [Huawei][Quanta][H9U][CurieF][AX211][21H2][WLAN][805836825] The 5G and 2.4G dual-band SSID set by the router, after connecting to the 5G frequency band,"
WIFI-274576,[Samsung][AX211][P221215-07337] PC doesn't reply to EAP request from Phone.,WinDriver->Connectivity,92,[COMPONENT=WinDriver->Connectivity] [Samsung][AX211][P221215-07337] PC doesn't reply to EAP request from Phone.
WIFI-282447,"[Huawei][MendelG][Intel RPL][DVT2]After Dut update os or bios and reboot,it can not reconnect to the original WIFI",WinDriver->Connectivity,92,"[COMPONENT=WinDriver->Connectivity] [Huawei][MendelG][Intel RPL][DVT2]After Dut update os or bios and reboot,it can not reconnect to the original WIFI"
WIFI-283154,[NECPC-JP][ADL-U][AX211] BSOD occurs during communication test of mobile hotspot,WinDriver->Connectivity,92,[COMPONENT=WinDriver->Connectivity] [NECPC-JP][ADL-U][AX211] BSOD occurs during communication test of mobile hotspot
WIFI-286487,[jinke][WIFI][Huawei][MendelF][Intel ADL][PVT2]PC can not connect to any hotspot anymore since a suddenlly disconnection,WinDriver->Connectivity,92,[COMPONENT=WinDriver->Connectivity] [jinke][WIFI][Huawei][MendelF][Intel ADL][PVT2]PC can not connect to any hotspot anymore since a suddenlly disconnection
WIFI-286793,"[HUAQIN][ASUS][AX211][WIFI][22H2][22.200][80%] System cannot connect to AP with ""ATT 750W"" WiFi AP. (PS:RTK,QC WLAN PASS)",WinDriver->Connectivity,92,"[COMPONENT=WinDriver->Connectivity] [HUAQIN][ASUS][AX211][WIFI][22H2][22.200][80%] System cannot connect to AP with ""ATT 750W"" WiFi AP. (PS:RTK,QC WLAN PASS)"
WIFI-321757,[Huawei][Quanta][H9U][CurieF][AX211][21H2][WLAN][800126531] CurieF meet BSOD,WinDriver->Connectivity,92,[COMPONENT=WinDriver->Connectivity] [Huawei][Quanta][H9U][CurieF][AX211][21H2][WLAN][800126531] CurieF meet BSOD
WIFI-350479,EventID 5002/5005 Error occurred,WinDriver->Connectivity,92,[COMPONENT=WinDriver->Connectivity] EventID 5002/5005 Error occurred
WIFI-350688,"[HP][Quanta]-[Willie][MTL][Win11 22H2][PVR] 0x7a"" blue screen occurred after resume from critical S4(BE200)",WinDriver->Connectivity,92,"[COMPONENT=WinDriver->Connectivity] [HP][Quanta]-[Willie][MTL][Win11 22H2][PVR] 0x7a"" blue screen occurred after resume from critical S4(BE200)"
WIFI-351262,[lenovo][lcfc][Matterhorn][MTL][BE200][23H2][2/6 units]BSOD 0x10d @ s0i3 test,WinDriver->Connectivity,92,[COMPONENT=WinDriver->Connectivity] [lenovo][lcfc][Matterhorn][MTL][BE200][23H2][2/6 units]BSOD 0x10d @ s0i3 test
WIFI-358977,[Honor][huaqin][DarwinA][MTL][AX201]PC cannot scan to TV when using miracast,WinDriver->Connectivity,92,[COMPONENT=WinDriver->Connectivity] [Honor][huaqin][DarwinA][MTL][AX201]PC cannot scan to TV when using miracast
WIFI-374611,[LG][17Z90SP][MTL/AX211/Win11 22H2] Cannot connect to WEP,WinDriver->Connectivity,92,[COMPONENT=WinDriver->Connectivity] [LG][17Z90SP][MTL/AX211/Win11 22H2] Cannot connect to WEP
WIFI-379265,[Dell][Wistron][RPL S Refresh]show BSOD when EEUpdate to update mac,WinDriver->Connectivity,92,[COMPONENT=WinDriver->Connectivity] [Dell][Wistron][RPL S Refresh]show BSOD when EEUpdate to update mac
WIFI-386934,Unable to communicate after roaming,WinDriver->Connectivity,92,[COMPONENT=WinDriver->Connectivity] Unable to communicate after roaming
WIFI-392708,100% of time when going between APs,WinDriver->Connectivity,92,[COMPONENT=WinDriver->Connectivity] 100% of time when going between APs
WIFI-397296,[Dell][Wistron] Latitude 3400 - Unable to connect to network WPA3 security,WinDriver->Connectivity,92,[COMPONENT=WinDriver->Connectivity] [Dell][Wistron] Latitude 3400 - Unable to connect to network WPA3 security
WIFI-405580,[MTL][GaP2] can NOT see Wi-Fi 6E SSID,WinDriver->Connectivity,92,[COMPONENT=WinDriver->Connectivity] [MTL][GaP2] can NOT see Wi-Fi 6E SSID
WIFI-411918,"[HP][Foxconn][RPL-S&RPL-S Refresh][GfP2-AX211&GaP2-BE200]The WLAN Protocol of the 5 GHZ band displays 802.11g when set ""802.11a/b/g Wireless Mode"" to ""5.Dual Band 802.11a/g"" in DM\Intel WLAN driver\advanced Tab.",WinDriver->Connectivity,92,"[COMPONENT=WinDriver->Connectivity] [HP][Foxconn][RPL-S&RPL-S Refresh][GfP2-AX211&GaP2-BE200]The WLAN Protocol of the 5 GHZ band displays 802.11g when set ""802.11a/b/g Wireless Mode"" to ""5.Dual Band 802.11a/g"" in DM\Intel WLAN driver\advanced Tab."
WIFI-417111,"[Lenovo-ThinkPad][LCFC][MTL][Thinkbook plus G5][Win11]AX211WLAN:After resuming from the S5,the wifi automatic connection fails or the connection time is too long",WinDriver->Connectivity,92,"[COMPONENT=WinDriver->Connectivity] [Lenovo-ThinkPad][LCFC][MTL][Thinkbook plus G5][Win11]AX211WLAN:After resuming from the S5,the wifi automatic connection fails or the connection time is too long"
WIFI-418799,[Samsung][LNL][BE201] System can not find the mobile hotspot on 6Ghz.,WinDriver->Connectivity,92,[COMPONENT=WinDriver->Connectivity] [Samsung][LNL][BE201] System can not find the mobile hotspot on 6Ghz.
WIFI-431316,[Dell/Compal] WHLK - Wlan Test - Connect to a network using MLO Fail,WinDriver->Connectivity,92,[COMPONENT=WinDriver->Connectivity] [Dell/Compal] WHLK - Wlan Test - Connect to a network using MLO Fail
WIFI-445053,Slower to connect to AP on 6GHz channel when SSID is hidden.,WinDriver->Connectivity,92,[COMPONENT=WinDriver->Connectivity] Slower to connect to AP on 6GHz channel when SSID is hidden.
WIFI-445283,[Samsung][LNL][FmP2][P240709-04447] System can not connect to specific AP.,WinDriver->Connectivity,92,[COMPONENT=WinDriver->Connectivity] [Samsung][LNL][FmP2][P240709-04447] System can not connect to specific AP.
WIFI-460321,[Thames-2][Fmp2][Lunarlake] BSOD0xd1 pointing to WLAN,WinDriver->Connectivity,92,[COMPONENT=WinDriver->Connectivity] [Thames-2][Fmp2][Lunarlake] BSOD0xd1 pointing to WLAN
WIFI-460452,[MSI][MS-13R2][RRL-U][WLAN]The SUT CANNOT connect to AP,WinDriver->Connectivity,92,[COMPONENT=WinDriver->Connectivity] [MSI][MS-13R2][RRL-U][WLAN]The SUT CANNOT connect to AP
WIFI-469496,"[HP][Wistron][Snowball_WildheartOC_ARL-S][GaP2][Win11 24H2 Build 26100.1301] SUT occurred BSOD 0xD1 during ""Prime95 + 3DMark Overnight"" test",WinDriver->Connectivity,92,"[COMPONENT=WinDriver->Connectivity] [HP][Wistron][Snowball_WildheartOC_ARL-S][GaP2][Win11 24H2 Build 26100.1301] SUT occurred BSOD 0xD1 during ""Prime95 + 3DMark Overnight"" test"
WIFI-484036,[HP/Wistron][LNL][FmP][2230][Cadet_UMA] Intel AX211 WLAN module 5G CH149 bandwid,WinDriver->Connectivity,92,[COMPONENT=WinDriver->Connectivity] [HP/Wistron][LNL][FmP][2230][Cadet_UMA] Intel AX211 WLAN module 5G CH149 bandwid
WIFI-495550,[Lenovo/DT BU][in-house][RPL-R][BE200][Tiny10_M90q-5]Cannot connect to 6G hide ssid AP,WinDriver->Connectivity,92,[COMPONENT=WinDriver->Connectivity] [Lenovo/DT BU][in-house][RPL-R][BE200][Tiny10_M90q-5]Cannot connect to 6G hide ssid AP
WIFI-518554,[Lenovo][ThinkPad L13 G3][ADL][AX201][Win10]Wi-Fi connection occasionally drops during normal use,WinDriver->Connectivity,92,[COMPONENT=WinDriver->Connectivity] [Lenovo][ThinkPad L13 G3][ADL][AX201][Win10]Wi-Fi connection occasionally drops during normal use
WIFI-521571,"[Lenovo_IdeaPad][Wenchang][LCFC][LNL][24H2][SIT][BE201]The unit occurred BSOD_0x10D after running the Prime95+TAT test overnight, and then idle about 20 minutes later(FR: 2/4Units)",WinDriver->Connectivity,92,"[COMPONENT=WinDriver->Connectivity] [Lenovo_IdeaPad][Wenchang][LCFC][LNL][24H2][SIT][BE201]The unit occurred BSOD_0x10D after running the Prime95+TAT test overnight, and then idle about 20 minutes later(FR: 2/4Units)"
WIFI-532614,"[ASUS_CCBU][ADL-N][9462][23.80.1.3][BR1402CGA] After connect with WPA3 AP, security type will downgrade to WPA2.",WinDriver->Connectivity,92,"[COMPONENT=WinDriver->Connectivity] [ASUS_CCBU][ADL-N][9462][23.80.1.3][BR1402CGA] After connect with WPA3 AP, security type will downgrade to WPA2."
WIFI-534850,[Lenovo][Aladdin][LNL SIT][BE201][Win11] WiFi icon flash more than 30s when connect enterprise network,WinDriver->Connectivity,92,[COMPONENT=WinDriver->Connectivity] [Lenovo][Aladdin][LNL SIT][BE201][Win11] WiFi icon flash more than 30s when connect enterprise network
WIFI-546162,[lenovo_lnl_eiger2]BE201 BSOD 0xD1 when playing video with WhitePearl tool,WinDriver->Connectivity,92,[COMPONENT=WinDriver->Connectivity] [lenovo_lnl_eiger2]BE201 BSOD 0xD1 when playing video with WhitePearl tool
WIFI-551095,[Lenovo][Aladdin][LNL SIT][BE201][Win11] System show only one network band when connect MLO enabled AP,WinDriver->Connectivity,92,[COMPONENT=WinDriver->Connectivity] [Lenovo][Aladdin][LNL SIT][BE201][Win11] System show only one network band when connect MLO enabled AP
WIFI-564136,[Honor][Huaqin][DarwinB][AX211][WiFi][24H2]The 5G wifi cant reconnect automatically after reboot,WinDriver->Connectivity,92,[COMPONENT=WinDriver->Connectivity] [Honor][Huaqin][DarwinB][AX211][WiFi][24H2]The 5G wifi cant reconnect automatically after reboot
WIFI-573979,[Samsung][LNL][BE201] D1/10D BSoD.,WinDriver->Connectivity,92,[COMPONENT=WinDriver->Connectivity] [Samsung][LNL][BE201] D1/10D BSoD.
WIFI-573996,[Honor][huaqin][DarwinB][ARL][AX211][WiFi]The DUT cant recieve 5G wifi AUSU2_5G beacon that cause AUSU2_5G cant reconnect after boot to system,WinDriver->Connectivity,92,[COMPONENT=WinDriver->Connectivity] [Honor][huaqin][DarwinB][ARL][AX211][WiFi]The DUT cant recieve 5G wifi AUSU2_5G beacon that cause AUSU2_5G cant reconnect after boot to system
WIFI-603158,HP SIP125519 - EB830G9 (Warpath13)/Bank Indonesia/GA/ Intel AX211 WLAN Connection Issue/PC APJ/ID,WinDriver->Connectivity,92,[COMPONENT=WinDriver->Connectivity] HP SIP125519 - EB830G9 (Warpath13)/Bank Indonesia/GA/ Intel AX211 WLAN Connection Issue/PC APJ/ID
WIFI-611056,[Honor][HUAQIN][DarwinB][Intel ARL-H][Intel AX211 blazar][WiFi][Win11]It occurrd assert which caused WiFi disconnect.,WinDriver->Connectivity,92,[COMPONENT=WinDriver->Connectivity] [Honor][HUAQIN][DarwinB][Intel ARL-H][Intel AX211 blazar][WiFi][Win11]It occurrd assert which caused WiFi disconnect.
WIFI-611216,[Lenovo][HQ][LNL][C710][BE201]Linkspeed drop with drivers 23.120.0.3 when connected to AP with160M bandwidth (F/R: 3/3 UUTs; 30/30 Cycles),WinDriver->Connectivity,92,[COMPONENT=WinDriver->Connectivity] [Lenovo][HQ][LNL][C710][BE201]Linkspeed drop with drivers 23.120.0.3 when connected to AP with160M bandwidth (F/R: 3/3 UUTs; 30/30 Cycles)
WIFI-633663,[HP][Quanta]-[Andman][JSL][Win11 24H2][25MiniSFR] Red Screens(0x945) with Memory dump occurred during dash latest RevAF image..(Intel Harrison Peak 2),WinDriver->Connectivity,92,[COMPONENT=WinDriver->Connectivity] [HP][Quanta]-[Andman][JSL][Win11 24H2][25MiniSFR] Red Screens(0x945) with Memory dump occurred during dash latest RevAF image..(Intel Harrison Peak 2)
WIFI-671650,[lenovo_arlh_marie_curie2] BSOD point to Wifi driver(Netwaw16.sys),WinDriver->Connectivity,92,[COMPONENT=WinDriver->Connectivity] [lenovo_arlh_marie_curie2] BSOD point to Wifi driver(Netwaw16.sys)
WIFI-691994,[FCCL][FmP2/GaP2] Slower to connect to AP on 6GHz when SSID with hidden,WinDriver->Connectivity,92,[COMPONENT=WinDriver->Connectivity] [FCCL][FmP2/GaP2] Slower to connect to AP on 6GHz when SSID with hidden
WIFI-693388,[HP][Wistron][Cadet_LNL][BE200][Win11 24H2 Build 26100] SUT can search 165 channel 5GHz wireless on Indonesia image.,WinDriver->Connectivity,92,[COMPONENT=WinDriver->Connectivity] [HP][Wistron][Cadet_LNL][BE200][Win11 24H2 Build 26100] SUT can search 165 channel 5GHz wireless on Indonesia image.
WIFI-724614,[HP][Quanta]-[Voco 25C1][ARL-H][Win11 24H2] WiFi cannot connect to Mobile router. (Intel BE200),WinDriver->Connectivity,92,[COMPONENT=WinDriver->Connectivity] [HP][Quanta]-[Voco 25C1][ARL-H][Win11 24H2] WiFi cannot connect to Mobile router. (Intel BE200)
WIFI-729162,[Samsung][PTL][WhP2] Anritsu MT8862 - AP connection issue @ 6GHz,WinDriver->Connectivity,92,[COMPONENT=WinDriver->Connectivity] [Samsung][PTL][WhP2] Anritsu MT8862 - AP connection issue @ 6GHz
WIFI-740890,[HP][Wistron][26C1_Chiharu/Turbine_PTL-H12Xe][WhP2][Win11 24H2 Build 26100.4202][SBHWFW02331_23.165.0.2G-PTL] WiFi cannot connect to network automatically after resuming from S5 when enable Fast Startup.,WinDriver->Connectivity,92,[COMPONENT=WinDriver->Connectivity] [HP][Wistron][26C1_Chiharu/Turbine_PTL-H12Xe][WhP2][Win11 24H2 Build 26100.4202][SBHWFW02331_23.165.0.2G-PTL] WiFi cannot connect to network automatically after resuming from S5 when enable Fast Startup.
WIFI-741414,[DELL][PistaARL] GNNR may fail with error code 258,WinDriver->Connectivity,92,[COMPONENT=WinDriver->Connectivity] [DELL][PistaARL] GNNR may fail with error code 258
WIFI-746160,"[Lenovo ldeaPad/Consumer][LCFC][ARL-HX][BE200][Legion Pro 7 16IAX10H]Intel BE200 WLAN units do not display Wi-Fi7 mode after switching from 802.11ax to Wi-Fi7 when connect to 6GHz.(F/R:2/2 units,10/10 cycles)",WinDriver->Connectivity,92,"[COMPONENT=WinDriver->Connectivity] [Lenovo ldeaPad/Consumer][LCFC][ARL-HX][BE200][Legion Pro 7 16IAX10H]Intel BE200 WLAN units do not display Wi-Fi7 mode after switching from 802.11ax to Wi-Fi7 when connect to 6GHz.(F/R:2/2 units,10/10 cycles)"
WIFI-749263,[Lenovo][Kailash][PTL/BE211][25H2]wifi cannot connect with MLO with wpa2/wpa3,WinDriver->Connectivity,92,[COMPONENT=WinDriver->Connectivity] [Lenovo][Kailash][PTL/BE211][25H2]wifi cannot connect with MLO with wpa2/wpa3
WIFI-758619,[Dell] BE211 RX TPT is worse than BE201 in Wi-Fi 6E 80MHz or 160MHz when connected to ASUS GT-AXE11000(3.0.0.4.386.42489),WinDriver->Connectivity,92,[COMPONENT=WinDriver->Connectivity] [Dell] BE211 RX TPT is worse than BE201 in Wi-Fi 6E 80MHz or 160MHz when connected to ASUS GT-AXE11000(3.0.0.4.386.42489)
WIFI-762233,[Dell][Bolan LNL/FmP2] Persistent Wi-Fi roaming and disconnection problems affecting Dell laptops with Intel BE200/201/202 and AX211 adapters,WinDriver->Connectivity,92,[COMPONENT=WinDriver->Connectivity] [Dell][Bolan LNL/FmP2] Persistent Wi-Fi roaming and disconnection problems affecting Dell laptops with Intel BE200/201/202 and AX211 adapters
WIFI-768995,[Samsung][LNL][BE201][P250905-06167] Connected Channel Issue with MLO Router,WinDriver->Connectivity,92,[COMPONENT=WinDriver->Connectivity] [Samsung][LNL][BE201][P250905-06167] Connected Channel Issue with MLO Router
WIFI-769102,[Samsung][ADL][AX201]Install v23.160 WLAN device YB,WinDriver->Connectivity,92,[COMPONENT=WinDriver->Connectivity] [Samsung][ADL][AX201]Install v23.160 WLAN device YB
WIFI-784347,"[524229][Honor][LuxsharePC][NvwaB][DVT][25H2]Roaming failed once during reconnect to the 2.4G AP. F/R: 1/1u, 1/50C",WinDriver->Connectivity,92,"[COMPONENT=WinDriver->Connectivity] [524229][Honor][LuxsharePC][NvwaB][DVT][25H2]Roaming failed once during reconnect to the 2.4G AP. F/R: 1/1u, 1/50C"
WIFI-787305,[Samsung][PTL][BE211][Venus6-16]AP scan issue  Specific APs missing from scan list for long time(3~15min),WinDriver->Connectivity,92,[COMPONENT=WinDriver->Connectivity] [Samsung][PTL][BE211][Venus6-16]AP scan issue  Specific APs missing from scan list for long time(3~15min)
WIFI-788748,[HP\Dogfood] Show No Internet when connected HP internal network,WinDriver->Connectivity,92,[COMPONENT=WinDriver->Connectivity] [HP\Dogfood] Show No Internet when connected HP internal network
WIFI-791408,[LNV][Compal][PTL][BE211][IdeaPad Pro5 14IPH11]RSSI fail while connect to AP,WinDriver->Connectivity,92,[COMPONENT=WinDriver->Connectivity] [LNV][Compal][PTL][BE211][IdeaPad Pro5 14IPH11]RSSI fail while connect to AP
WIFI-796742,[Lenovo-Ideapad][YOGA9P 16][PTL/BE211@1216/320Mhz][25H2] stress WB with security fail and reset soon,WinDriver->Connectivity,92,[COMPONENT=WinDriver->Connectivity] [Lenovo-Ideapad][YOGA9P 16][PTL/BE211@1216/320Mhz][25H2] stress WB with security fail and reset soon
WIFI-807667,"[Lenovo][Kailash][PTL/BE211][25H2][Yoga Slim 7 Ultra_SIT]Unit network band show one group after enable WIFI7 MLO then change wireless encryption mode(F/R:1/2units,1/10cycles)",WinDriver->Connectivity,92,"[COMPONENT=WinDriver->Connectivity] [Lenovo][Kailash][PTL/BE211][25H2][Yoga Slim 7 Ultra_SIT]Unit network band show one group after enable WIFI7 MLO then change wireless encryption mode(F/R:1/2units,1/10cycles)"
WIFI-817045,[Thinkpad][ARL][BE201][X13GEN6][24H2] Link_LOW_performance (frequently roaming to low RRSI AP),WinDriver->Connectivity,92,[COMPONENT=WinDriver->Connectivity] [Thinkpad][ARL][BE201][X13GEN6][24H2] Link_LOW_performance (frequently roaming to low RRSI AP)
WIFI-843716,[DELL][ARL][BE201] GNNR may randomly fail in factory side,WinDriver->Connectivity,92,[COMPONENT=WinDriver->Connectivity] [DELL][ARL][BE201] GNNR may randomly fail in factory side
WIFI-850893,[DELL Compal][Bolan]Intel BE201 WiFi signal Drop and Network Disconnection,WinDriver->Connectivity,92,[COMPONENT=WinDriver->Connectivity] [DELL Compal][Bolan]Intel BE201 WiFi signal Drop and Network Disconnection
WIFI-851782,[Honor][Huaqin][LvzhouD][WCL][Intel AX211][WiFi][25H2]Cannot find Tianyi AP 5G signal .,WinDriver->Connectivity,92,[COMPONENT=WinDriver->Connectivity] [Honor][Huaqin][LvzhouD][WCL][Intel AX211][WiFi][25H2]Cannot find Tianyi AP 5G signal .
WIFI-853883,"[ThinkPad][X13 Gen6][ARL][BE201] ABB ""France"" Roaming Frequently Disconnect & Reconnect Issue",WinDriver->Connectivity,92,"[COMPONENT=WinDriver->Connectivity] [ThinkPad][X13 Gen6][ARL][BE201] ABB ""France"" Roaming Frequently Disconnect & Reconnect Issue"
WIFI-860234,[Lenovo][Thinkpad-JP][LNL/ARL][BE201/BE200][T14GEN6]The WiFi signal may suddenly become weaker for about 5s When sharing hotspots.(only share5G)),WinDriver->Connectivity,92,[COMPONENT=WinDriver->Connectivity] [Lenovo][Thinkpad-JP][LNL/ARL][BE201/BE200][T14GEN6]The WiFi signal may suddenly become weaker for about 5s When sharing hotspots.(only share5G))
WIFI-863527,[lenovo_ptl_mario]Field issue - Lenovo customer encounter WiFi connection issues,WinDriver->Connectivity,92,[COMPONENT=WinDriver->Connectivity] [lenovo_ptl_mario]Field issue - Lenovo customer encounter WiFi connection issues
WIFI-873457,[VAIO][Quanta][WCL][TRC][BE211] System BSOD 0xD1 when doing idle.(FAILURE_BUCKET_ID: AV_Netwaw18!unknown_function),WinDriver->Connectivity,92,[COMPONENT=WinDriver->Connectivity] [VAIO][Quanta][WCL][TRC][BE211] System BSOD 0xD1 when doing idle.(FAILURE_BUCKET_ID: AV_Netwaw18!unknown_function)
WIFI-885536,[Lenovo_AIO][Compal][IdeaCentre AIO 27IWC11][WCL][BE213]Cannot add hidden SSID,WinDriver->Connectivity,92,[COMPONENT=WinDriver->Connectivity] [Lenovo_AIO][Compal][IdeaCentre AIO 27IWC11][WCL][BE213]Cannot add hidden SSID
WIFI-94421,[Huawei][Quanta][BohrM]/NobelM[Lucienne][AX200][20H2][WiFi] BSOD 0x7F(Netwtw10.sys).,WinDriver->Connectivity,92,[COMPONENT=WinDriver->Connectivity] [Huawei][Quanta][BohrM]/NobelM[Lucienne][AX200][20H2][WiFi] BSOD 0x7F(Netwtw10.sys).
WIFI-96076,[Xiaomi][Inventec][A30/A31[TGL-H35][AX201][20H2] WHQL_System - PNP (disable and enable) with IO Before and After (Reliability) _BSOD (50) Netwtw10.sys,WinDriver->Connectivity,92,[COMPONENT=WinDriver->Connectivity] [Xiaomi][Inventec][A30/A31[TGL-H35][AX201][20H2] WHQL_System - PNP (disable and enable) with IO Before and After (Reliability) _BSOD (50) Netwtw10.sys
WIFI-97560,[HUAWEI][HUAQIN][MACHD][Intel TGL][Intel AX201[20H1]system occur BSOD-7F during use WIFI,WinDriver->Connectivity,92,[COMPONENT=WinDriver->Connectivity] [HUAWEI][HUAQIN][MACHD][Intel TGL][Intel AX201[20H1]system occur BSOD-7F during use WIFI
WIFI-98836,[HP/dogfood/Win10/TGL/JfP2/Ionian] The connection drop when playing online video overnight.,WinDriver->Connectivity,92,[COMPONENT=WinDriver->Connectivity] [HP/dogfood/Win10/TGL/JfP2/Ionian] The connection drop when playing online video overnight.
WIFI-100483,[HUAWEI][HUAQIN][AMD Lucienne-U][Intel AX200][20H2][WIFI]DUT have occur BSOD-D1 during running stress via HW tool,WinDriver->Performance,86,[COMPONENT=WinDriver->Performance] [HUAWEI][HUAQIN][AMD Lucienne-U][Intel AX200][20H2][WIFI]DUT have occur BSOD-D1 during running stress via HW tool
WIFI-102803,Ping times out when in battery mode,WinDriver->Performance,86,[COMPONENT=WinDriver->Performance] Ping times out when in battery mode
WIFI-102936,[Lenovo_IdeaPad][Compal][S560 Pro-14ITL][20H2] Unit show BSoD: 0xd1 when run CB stress (1/10),WinDriver->Performance,86,[COMPONENT=WinDriver->Performance] [Lenovo_IdeaPad][Compal][S560 Pro-14ITL][20H2] Unit show BSoD: 0xd1 when run CB stress (1/10)
WIFI-103118,[Samsung] [Venus-13TGL] [TyP2] D1 BSOD happened during Windiag test,WinDriver->Performance,86,[COMPONENT=WinDriver->Performance] [Samsung] [Venus-13TGL] [TyP2] D1 BSOD happened during Windiag test
WIFI-104646,[Lenovo-ideaPad][LCFC][Y550][intel CML-H][Intel ax201][20H1] 11N 20MHz conductive throughput 95db attenuation fail,WinDriver->Performance,86,[COMPONENT=WinDriver->Performance] [Lenovo-ideaPad][LCFC][Y550][intel CML-H][Intel ax201][20H1] 11N 20MHz conductive throughput 95db attenuation fail
WIFI-106138,"[Dell][Wistron][TGL-H][StradaleMLK] System shows BSOD ""DRIVER_IRQL_NOT_LESS_OR_EQUAL"" during idle in OS.",WinDriver->Performance,86,"[COMPONENT=WinDriver->Performance] [Dell][Wistron][TGL-H][StradaleMLK] System shows BSOD ""DRIVER_IRQL_NOT_LESS_OR_EQUAL"" during idle in OS."
WIFI-106937,"[UNIS] [Compal][UNIS_Slinky][Tiger Lake][AX201][20H2] Stress_Copy Compare(WLAN), Intel(R) Wi-Fi 6 AX201 show yellow bang",WinDriver->Performance,86,"[COMPONENT=WinDriver->Performance] [UNIS] [Compal][UNIS_Slinky][Tiger Lake][AX201][20H2] Stress_Copy Compare(WLAN), Intel(R) Wi-Fi 6 AX201 show yellow bang"
WIFI-108499,"[Huawei][Quanta][H81][CezanneM][AX200][20H2][WiFi][BUG-20210309-19344][BUG-20210309-19349] Dump existed after long run warmboot test by STEP tool(BSOD d1,  wdiwifi).",WinDriver->Performance,86,"[COMPONENT=WinDriver->Performance] [Huawei][Quanta][H81][CezanneM][AX200][20H2][WiFi][BUG-20210309-19344][BUG-20210309-19349] Dump existed after long run warmboot test by STEP tool(BSOD d1,  wdiwifi)."
WIFI-115075,[Knockout-2/Ratchet-2] Never Crash issue: AV_Netwtw10!dclReturnRxBufferApi,WinDriver->Performance,86,[COMPONENT=WinDriver->Performance] [Knockout-2/Ratchet-2] Never Crash issue: AV_Netwtw10!dclReturnRxBufferApi
WIFI-115705,[Huawei][Wingtech][Dirac][Intel Tiger Lake UP4][AX201][20H1] [WLAN]System is doing on/off WIFI 2.4 hotspot test occur BSOD 0xd1 point to wdiwifi.sys,WinDriver->Performance,86,[COMPONENT=WinDriver->Performance] [Huawei][Wingtech][Dirac][Intel Tiger Lake UP4][AX201][20H1] [WLAN]System is doing on/off WIFI 2.4 hotspot test occur BSOD 0xd1 point to wdiwifi.sys
WIFI-118759,MSFT/Quanta Alishan/V81 [Amber lake][CcP 22.40.0.7]Frequent throughput drops when device resumes from disconnected standby/hibernate,WinDriver->Performance,86,[COMPONENT=WinDriver->Performance] MSFT/Quanta Alishan/V81 [Amber lake][CcP 22.40.0.7]Frequent throughput drops when device resumes from disconnected standby/hibernate
WIFI-120545,[Lenovo ThinkPad JP][LCFC][Raptor2Blackbird2][TGL-H][TyP2 2230][20H2]WLAN YB(code 43) when connecting via Mobile hotspot w/multiple clients and HOST as Whiskey Lake(Wifi 9560),WinDriver->Performance,86,[COMPONENT=WinDriver->Performance] [Lenovo ThinkPad JP][LCFC][Raptor2Blackbird2][TGL-H][TyP2 2230][20H2]WLAN YB(code 43) when connecting via Mobile hotspot w/multiple clients and HOST as Whiskey Lake(Wifi 9560)
WIFI-120669,[Lenovo-IdeaPad][LCFC][YogaS750-ACZ][20H2]AX200 device show yellow mark when connect to mobile hotspot.,WinDriver->Performance,86,[COMPONENT=WinDriver->Performance] [Lenovo-IdeaPad][LCFC][YogaS750-ACZ][20H2]AX200 device show yellow mark when connect to mobile hotspot.
WIFI-121067,[Xiaomi][Huaqin][A29_TGL]  0xD1 BSOD occured  when idle units (F/R:26/200  units),WinDriver->Performance,86,[COMPONENT=WinDriver->Performance] [Xiaomi][Huaqin][A29_TGL]  0xD1 BSOD occured  when idle units (F/R:26/200  units)
WIFI-127806,[ASUS PCBU][H5600QE_W5600Q2A][Cezanne-H][9260 22/30] ==>Intel 9260  11ac HT160 TX Fail against GT-AXE11000/3.0.0.4.386_42489,WinDriver->Performance,86,[COMPONENT=WinDriver->Performance] [ASUS PCBU][H5600QE_W5600Q2A][Cezanne-H][9260 22/30] ==>Intel 9260  11ac HT160 TX Fail against GT-AXE11000/3.0.0.4.386_42489
WIFI-128843,[Huawei][Wingtech][CurieM][AMD Cezanne][AX200][20H2]Unable not search for hot spot after WiFi disconnected(F/R:1/1 times),WinDriver->Performance,86,[COMPONENT=WinDriver->Performance] [Huawei][Wingtech][CurieM][AMD Cezanne][AX200][20H2]Unable not search for hot spot after WiFi disconnected(F/R:1/1 times)
WIFI-131222,[Huawei][Quanta][KelvinD][TGL-U][AX201][Wifi][20H1][804977831] Wifi device YB (code 43).,WinDriver->Performance,86,[COMPONENT=WinDriver->Performance] [Huawei][Quanta][KelvinD][TGL-U][AX201][Wifi][20H1][804977831] Wifi device YB (code 43).
WIFI-134173,[Huawei][Quanta][BohrM/NobelM[Lucienne][AX200][20H2][WiFi][804999575] Wifi auto disconnected and event ID shows 5010 Netwtw10 error.,WinDriver->Performance,86,[COMPONENT=WinDriver->Performance] [Huawei][Quanta][BohrM/NobelM[Lucienne][AX200][20H2][WiFi][804999575] Wifi auto disconnected and event ID shows 5010 Netwtw10 error.
WIFI-135270,[HP/SIO1997708/Win10/ADL-P/GfP2/Warpath] BSOD 0xD1 when running S4 Critical only(Netwnw10.sys),WinDriver->Performance,86,[COMPONENT=WinDriver->Performance] [HP/SIO1997708/Win10/ADL-P/GfP2/Warpath] BSOD 0xD1 when running S4 Critical only(Netwnw10.sys)
WIFI-138076,[LG][17G90Q][TGL/AX210/Win11 21H2] RSSI becomes much lower during throughput measurement in 6GHz band,WinDriver->Performance,86,[COMPONENT=WinDriver->Performance] [LG][17G90Q][TGL/AX210/Win11 21H2] RSSI becomes much lower during throughput measurement in 6GHz band
WIFI-139864,[HP/SIO2009286/Win11/ADL-P/GfP2/Starfox] BSOD 0xD1 occurs during upgrade BIOS to 00.27.00 via FUR,WinDriver->Performance,86,[COMPONENT=WinDriver->Performance] [HP/SIO2009286/Win11/ADL-P/GfP2/Starfox] BSOD 0xD1 occurs during upgrade BIOS to 00.27.00 via FUR
WIFI-139865,[HP/SIO2009316/Win11/ADL-P/GfP2/Starfox] BSOD 0x1E occurs during upgrade BIOS to 00.27.00 via FUR,WinDriver->Performance,86,[COMPONENT=WinDriver->Performance] [HP/SIO2009316/Win11/ADL-P/GfP2/Starfox] BSOD 0x1E occurs during upgrade BIOS to 00.27.00 via FUR
WIFI-143257,[Lenovo-DT][ADL-B660][IC5][Win11] WiFi icon will reduce when playing online video by 6GHz band,WinDriver->Performance,86,[COMPONENT=WinDriver->Performance] [Lenovo-DT][ADL-B660][IC5][Win11] WiFi icon will reduce when playing online video by 6GHz band
WIFI-143301,"[Huawei][Quanta][H98VH99V][BohrENobelE_Intel][AX201][21H1][WIFI][BUG-20210816-34064] After DUT S4 for a period of time and wakes up, the performance is abnormal when the WIFi65G frequency band 80MHZ/160MHz bandwidth",WinDriver->Performance,86,"[COMPONENT=WinDriver->Performance] [Huawei][Quanta][H98VH99V][BohrENobelE_Intel][AX201][21H1][WIFI][BUG-20210816-34064] After DUT S4 for a period of time and wakes up, the performance is abnormal when the WIFi65G frequency band 80MHZ/160MHz bandwidth"
WIFI-181887,[Huawei][Quanta][H99E][NobelF][AX201][21H2][WLAN] [AX201][PQC test_BSOD0x1e] One unit meet BSOD 1e,WinDriver->Performance,86,[COMPONENT=WinDriver->Performance] [Huawei][Quanta][H99E][NobelF][AX201][21H2][WLAN] [AX201][PQC test_BSOD0x1e] One unit meet BSOD 1e
WIFI-187281,[Tributo ADL / Fiorano ADL] RX conducted T-Put fail on 5GHz BW 160M channel 100,WinDriver->Performance,86,[COMPONENT=WinDriver->Performance] [Tributo ADL / Fiorano ADL] RX conducted T-Put fail on 5GHz BW 160M channel 100
WIFI-196588,[Lenovo-ThinkPad][LCFC][Triones-Intel][SVT][Win11]Sink PC show lag or garbage when test PC projecting to PC and play local video,WinDriver->Performance,86,[COMPONENT=WinDriver->Performance] [Lenovo-ThinkPad][LCFC][Triones-Intel][SVT][Win11]Sink PC show lag or garbage when test PC projecting to PC and play local video
WIFI-222188,[Dynabook][Compal][Syrah10][ADL][Win11] Intel AX201 WLAN shows YB after connect WLAN AP around 15m.,WinDriver->Performance,86,[COMPONENT=WinDriver->Performance] [Dynabook][Compal][Syrah10][ADL][Win11] Intel AX201 WLAN shows YB after connect WLAN AP around 15m.
WIFI-229851,[ASUS][E510KA][9560] WLAN speed status not feat spec on 24g_n and 5g_a,WinDriver->Performance,86,[COMPONENT=WinDriver->Performance] [ASUS][E510KA][9560] WLAN speed status not feat spec on 24g_n and 5g_a
WIFI-236751,[Lenovo-DT][M90q-3][ADL][9560][SV2][ECR611026] Intel9560 WiFi(2.4G 802.11n)WiFi data rate in OS not meet with spec,WinDriver->Performance,86,[COMPONENT=WinDriver->Performance] [Lenovo-DT][M90q-3][ADL][9560][SV2][ECR611026] Intel9560 WiFi(2.4G 802.11n)WiFi data rate in OS not meet with spec
WIFI-242638,[Lenovo-IdeaPad][ADL][SV2][S770-14pro][win11][SVT][HrP]0XD1 BSOD when codeboot,WinDriver->Performance,86,[COMPONENT=WinDriver->Performance] [Lenovo-IdeaPad][ADL][SV2][S770-14pro][win11][SVT][HrP]0XD1 BSOD when codeboot
WIFI-249151,[LG][16Z90Q][ADL/AX211/Win11 21H2] Unexpected information shown in the Network Connection,WinDriver->Performance,86,[COMPONENT=WinDriver->Performance] [LG][16Z90Q][ADL/AX211/Win11 21H2] Unexpected information shown in the Network Connection
WIFI-258073,"[Huawei][Quanta][H82][DaqianF][AX201][22H2][WLAN] [AX201][CPM20220908009035] 10 units run Step tool(Play video and S4_idle) each 300 cycles , 1 unit meet BSOD IRQL_NOT_LESS_OR_EQUAL (a), Netwtw10.sys",WinDriver->Performance,86,"[COMPONENT=WinDriver->Performance] [Huawei][Quanta][H82][DaqianF][AX201][22H2][WLAN] [AX201][CPM20220908009035] 10 units run Step tool(Play video and S4_idle) each 300 cycles , 1 unit meet BSOD IRQL_NOT_LESS_OR_EQUAL (a), Netwtw10.sys"
WIFI-276315,[ASUS PC][T3304GA ][AX201][22.170][ADL-N]BSOD 0xc2 running reboot aging,WinDriver->Performance,86,[COMPONENT=WinDriver->Performance] [ASUS PC][T3304GA ][AX201][22.170][ADL-N]BSOD 0xc2 running reboot aging
WIFI-306387,"[Huawei][Quanta][H9HR][HookeG][AX211][22H2][WLAN][BUG-20230317-67513] Beta user report 1 time"" black screen"" , force shutdown and boot , meet D1 BSOD",WinDriver->Performance,86,"[COMPONENT=WinDriver->Performance] [Huawei][Quanta][H9HR][HookeG][AX211][22H2][WLAN][BUG-20230317-67513] Beta user report 1 time"" black screen"" , force shutdown and boot , meet D1 BSOD"
WIFI-312496,[Lenovo][Wistron][Thinkbook 13X Gen2][GfP2]Intel AX211 show low Wifi connection speed under small amount of data transfer.,WinDriver->Performance,86,[COMPONENT=WinDriver->Performance] [Lenovo][Wistron][Thinkbook 13X Gen2][GfP2]Intel AX211 show low Wifi connection speed under small amount of data transfer.
WIFI-340577,[Dell][Compal][Tributo MTL][BE200 ES2] Wlan driver showed YB (error code: 10) and BT device lost or driver YB when ran MS stress.,WinDriver->Performance,86,[COMPONENT=WinDriver->Performance] [Dell][Compal][Tributo MTL][BE200 ES2] Wlan driver showed YB (error code: 10) and BT device lost or driver YB when ran MS stress.
WIFI-343499,[MTL][AX211] File transfer speed degrades after resume from LidClose sleep,WinDriver->Performance,86,[COMPONENT=WinDriver->Performance] [MTL][AX211] File transfer speed degrades after resume from LidClose sleep
WIFI-354413,[Dell][Compal][Tributo MTL][BE200] Wlan driver YB (error code: 10) when DUT ran,WinDriver->Performance,86,[COMPONENT=WinDriver->Performance] [Dell][Compal][Tributo MTL][BE200] Wlan driver YB (error code: 10) when DUT ran
WIFI-354876,[Dell][Compal][Pista MTL][AX211] Run MS stress and DUT hang black screen with du,WinDriver->Performance,86,[COMPONENT=WinDriver->Performance] [Dell][Compal][Pista MTL][AX211] Run MS stress and DUT hang black screen with du
WIFI-357579,[Honor][huaqin][DarwinA][MTL][AX201]DarwinA rx sensitivity is worse than GalieoG,WinDriver->Performance,86,[COMPONENT=WinDriver->Performance] [Honor][huaqin][DarwinA][MTL][AX201]DarwinA rx sensitivity is worse than GalieoG
WIFI-361708,Code 10 YB when running disable/enable long run test on WLAN device,WinDriver->Performance,86,[COMPONENT=WinDriver->Performance] Code 10 YB when running disable/enable long run test on WLAN device
WIFI-363034,[Dell][Compal][NexusMLK][MTL-H][BE1750]S4_SUT_BSOD_BSOD_DRIVER_IRQL_NOT_LESS_OR_EQUAL(0xD1) with Dump,WinDriver->Performance,86,[COMPONENT=WinDriver->Performance] [Dell][Compal][NexusMLK][MTL-H][BE1750]S4_SUT_BSOD_BSOD_DRIVER_IRQL_NOT_LESS_OR_EQUAL(0xD1) with Dump
WIFI-365009,Code 10 YB during  disable/enable long run test after moving to 23.20 PV driver,WinDriver->Performance,86,[COMPONENT=WinDriver->Performance] Code 10 YB during  disable/enable long run test after moving to 23.20 PV driver
WIFI-374363,[Honor][Huaqin][DarwinA][Intel MTL][Intel AX201][WiFi][22H2]The BSOD(0xd1) occuered when reboot(2/3 units),WinDriver->Performance,86,[COMPONENT=WinDriver->Performance] [Honor][Huaqin][DarwinA][Intel MTL][Intel AX201][WiFi][22H2]The BSOD(0xd1) occuered when reboot(2/3 units)
WIFI-396293,[WiFi]UPload throughput is slow with GfP2,WinDriver->Performance,86,[COMPONENT=WinDriver->Performance] [WiFi]UPload throughput is slow with GfP2
WIFI-404582,[Honor][Huaqin][DarwinA][Intel MTL][Intel AX201][WiFi][22H2]The RSSI test timeout using ANT tool in DC mode,WinDriver->Performance,86,[COMPONENT=WinDriver->Performance] [Honor][Huaqin][DarwinA][Intel MTL][Intel AX201][WiFi][22H2]The RSSI test timeout using ANT tool in DC mode
WIFI-405131,[Dell][Wistron][South peak][TGL]Systems encounter decreases throughput with Intel Wi-Fi AX201 driver version v22.190.0.4 and after,WinDriver->Performance,86,[COMPONENT=WinDriver->Performance] [Dell][Wistron][South peak][TGL]Systems encounter decreases throughput with Intel Wi-Fi AX201 driver version v22.190.0.4 and after
WIFI-406607,[WiFi]Upload time is long when using file sharing with GfP2,WinDriver->Performance,86,[COMPONENT=WinDriver->Performance] [WiFi]Upload time is long when using file sharing with GfP2
WIFI-415653,"BSOD(Stop code: KMODE_EXCEPTION_NOT_HANDLED, BugCheck:1E) after S5",WinDriver->Performance,86,"[COMPONENT=WinDriver->Performance] BSOD(Stop code: KMODE_EXCEPTION_NOT_HANDLED, BugCheck:1E) after S5"
WIFI-423683,[Lenovo-IdeaPad][LNL][FmP2][YogaS990 FVT]sometimes ping fail during S4 stress test,WinDriver->Performance,86,[COMPONENT=WinDriver->Performance] [Lenovo-IdeaPad][LNL][FmP2][YogaS990 FVT]sometimes ping fail during S4 stress test
WIFI-425303,[HP][Quanta][Regis][LNL EVQS][FmP2 rQS] WiFi 5GHz AX80 CH132 RX air T-put slow,WinDriver->Performance,86,[COMPONENT=WinDriver->Performance] [HP][Quanta][Regis][LNL EVQS][FmP2 rQS] WiFi 5GHz AX80 CH132 RX air T-put slow
WIFI-427687,"[Lenovo][LCFC][Topaz][intel RPL][be200]11ax conductive throughput fail on CH138 with 23.60, but pass with 23.40",WinDriver->Performance,86,"[COMPONENT=WinDriver->Performance] [Lenovo][LCFC][Topaz][intel RPL][be200]11ax conductive throughput fail on CH138 with 23.60, but pass with 23.40"
WIFI-431441,[Samsung][LNL][FmP2] P2P pairing failure.,WinDriver->Performance,86,[COMPONENT=WinDriver->Performance] [Samsung][LNL][FmP2] P2P pairing failure.
WIFI-433817,[Samsung][Mars4/Venus4][MTL] 0x7E BSOD happen while running ATO test,WinDriver->Performance,86,[COMPONENT=WinDriver->Performance] [Samsung][Mars4/Venus4][MTL] 0x7E BSOD happen while running ATO test
WIFI-438738,[Samsung][LNL][BE201]2.4GHz Tx Throughput drop with ASUS RT-AC66U,WinDriver->Performance,86,[COMPONENT=WinDriver->Performance] [Samsung][LNL][BE201]2.4GHz Tx Throughput drop with ASUS RT-AC66U
WIFI-440285,[Lenovo-IdeaPad][LNL][QIXIA][FmP][S790]client can not receive UDP broadcast pkt by the tool netassist from hotspot host(BE200/BE201),WinDriver->Performance,86,[COMPONENT=WinDriver->Performance] [Lenovo-IdeaPad][LNL][QIXIA][FmP][S790]client can not receive UDP broadcast pkt by the tool netassist from hotspot host(BE200/BE201)
WIFI-458758,[Samsung][Venus4][MTL] 0x9F BSOD happen while running ATO test,WinDriver->Performance,86,[COMPONENT=WinDriver->Performance] [Samsung][Venus4][MTL] 0x9F BSOD happen while running ATO test
WIFI-459398,[Lenovo_IdeaPad][LCFC][ARL_H][TianZhu 6A][24H2]AX203 WLAN: Stress_WB_BSOD 0x50  when run WB stress test(F/R:1/6unit 1/313cycles),WinDriver->Performance,86,[COMPONENT=WinDriver->Performance] [Lenovo_IdeaPad][LCFC][ARL_H][TianZhu 6A][24H2]AX203 WLAN: Stress_WB_BSOD 0x50  when run WB stress test(F/R:1/6unit 1/313cycles)
WIFI-459859,[Samsung][LNL][BE201] D1 BSoD.,WinDriver->Performance,86,[COMPONENT=WinDriver->Performance] [Samsung][LNL][BE201] D1 BSoD.
WIFI-464560,[Samsung][RPL][AX211] This pairing drops because the system suddenly stops sending RTP packets to the sink device while pairing with this device for Miracast.,WinDriver->Performance,86,[COMPONENT=WinDriver->Performance] [Samsung][RPL][AX211] This pairing drops because the system suddenly stops sending RTP packets to the sink device while pairing with this device for Miracast.
WIFI-468802,[Samsung][LNL][BE201] 0x133 BSoD.,WinDriver->Performance,86,[COMPONENT=WinDriver->Performance] [Samsung][LNL][BE201] 0x133 BSoD.
WIFI-473507,[Samsung][LNL][BE201][P240826-01634] d1 BSoD.,WinDriver->Performance,86,[COMPONENT=WinDriver->Performance] [Samsung][LNL][BE201][P240826-01634] d1 BSoD.
WIFI-474818,[Samsung][MTL][AX211][AIO_Marble-27][BSoD 0xd1]Netwtw14+0x9a50,WinDriver->Performance,86,[COMPONENT=WinDriver->Performance] [Samsung][MTL][AX211][AIO_Marble-27][BSoD 0xd1]Netwtw14+0x9a50
WIFI-475450,[Dell_Compal][TRK14][ARL][GfP2]AFT testing encounter BSOD with ITPM tool in factory,WinDriver->Performance,86,[COMPONENT=WinDriver->Performance] [Dell_Compal][TRK14][ARL][GfP2]AFT testing encounter BSOD with ITPM tool in factory
WIFI-506182,[Samsung][LNL][BE201] 9F BSoD,WinDriver->Performance,86,[COMPONENT=WinDriver->Performance] [Samsung][LNL][BE201] 9F BSoD
WIFI-520712,[ThinkPad China][E14 gen5][Field_issue] Wi-Fi AX201 significantly slow access to E-Filling and SAP SQL data.,WinDriver->Performance,86,[COMPONENT=WinDriver->Performance] [ThinkPad China][E14 gen5][Field_issue] Wi-Fi AX201 significantly slow access to E-Filling and SAP SQL data.
WIFI-525518,[Samsung][ADL][AX211][P241111-02828] 7e BSoD occurred after the system was left idle for 15 minutes.,WinDriver->Performance,86,[COMPONENT=WinDriver->Performance] [Samsung][ADL][AX211][P241111-02828] 7e BSoD occurred after the system was left idle for 15 minutes.
WIFI-558281,[Intel/Consumer][Internal][LNL][BE201][TP3607SA],WinDriver->Performance,86,[COMPONENT=WinDriver->Performance] [Intel/Consumer][Internal][LNL][BE201][TP3607SA]
WIFI-565837,"[Lenovo][IdeaPad 5 2-in-1 14/16IAL10][ARL][24H2]Run warmboot occured BSOD 0xD1 point Netwaw16.sys(F/R: 16/20 by UUTs,16/2000cycles)",WinDriver->Performance,86,"[COMPONENT=WinDriver->Performance] [Lenovo][IdeaPad 5 2-in-1 14/16IAL10][ARL][24H2]Run warmboot occured BSOD 0xD1 point Netwaw16.sys(F/R: 16/20 by UUTs,16/2000cycles)"
WIFI-576414,[Lenovo][Compal][YOGA Slim 7][LRL][BE201]RSSI 6G test issue,WinDriver->Performance,86,[COMPONENT=WinDriver->Performance] [Lenovo][Compal][YOGA Slim 7][LRL][BE201]RSSI 6G test issue
WIFI-655531,"[Dell_Compal][RNG][ARL][FmP2][DVT2_Renegade16_Win11 24H2_Stress_S4] BSOD code ""DRIVER_IRQL_NOT_LESS_OR_EQUAL""  (w dump)",WinDriver->Performance,86,"[COMPONENT=WinDriver->Performance] [Dell_Compal][RNG][ARL][FmP2][DVT2_Renegade16_Win11 24H2_Stress_S4] BSOD code ""DRIVER_IRQL_NOT_LESS_OR_EQUAL""  (w dump)"
WIFI-697194,[Dell][Compal][RNG][ARL-H][FmP2]The first time using Miracast to connect may have a chance of failing to connect.,WinDriver->Performance,86,[COMPONENT=WinDriver->Performance] [Dell][Compal][RNG][ARL-H][FmP2]The first time using Miracast to connect may have a chance of failing to connect.
WIFI-697222,[HP][Quanta]-[Hanna][RPL-HX][GaP2 2230] Wi-Fi 2.4G/5G/6G TX T-put fail with DMA remapping enabled,WinDriver->Performance,86,[COMPONENT=WinDriver->Performance] [HP][Quanta]-[Hanna][RPL-HX][GaP2 2230] Wi-Fi 2.4G/5G/6G TX T-put fail with DMA remapping enabled
WIFI-725449,[Dynabook]BSOD(UNEXPECTED_KERNEL_MODE_TRAP) happened during WLAN load test,WinDriver->Performance,86,[COMPONENT=WinDriver->Performance] [Dynabook]BSOD(UNEXPECTED_KERNEL_MODE_TRAP) happened during WLAN load test
WIFI-738426,"[Lenovo][Thinkpad-JP][Field_issue][RPL][AX211][T14 G4]  Aruba AP325, 535 are not compatible with Thinkpad T14 Gen 4 WIFI",WinDriver->Performance,86,"[COMPONENT=WinDriver->Performance] [Lenovo][Thinkpad-JP][Field_issue][RPL][AX211][T14 G4]  Aruba AP325, 535 are not compatible with Thinkpad T14 Gen 4 WIFI"
WIFI-752292,[Foxconn][HP][Mentali-HX][RPL-HX][DT] -AX211 5/6 GHz TX limited to 900 Mbps on Mentali_HX,WinDriver->Performance,86,[COMPONENT=WinDriver->Performance] [Foxconn][HP][Mentali-HX][RPL-HX][DT] -AX211 5/6 GHz TX limited to 900 Mbps on Mentali_HX
WIFI-797409,[Lenovo][Compal][Yoga AIO 27IPH11][PTL][BE213@2230/320Mhz]WiFi Linkspeed will fluctuate,WinDriver->Performance,86,[COMPONENT=WinDriver->Performance] [Lenovo][Compal][Yoga AIO 27IPH11][PTL][BE213@2230/320Mhz]WiFi Linkspeed will fluctuate
WIFI-807032,"[Lenovo-Ideapad][YOGA9P 16][PTL/BE211@1216/320Mhz][25H2] WIFI Tput drop when open ""Prime95"" tool",WinDriver->Performance,86,"[COMPONENT=WinDriver->Performance] [Lenovo-Ideapad][YOGA9P 16][PTL/BE211@1216/320Mhz][25H2] WIFI Tput drop when open ""Prime95"" tool"
WIFI-816856,[Honor][NVWAB][RPL][AX211] Beacon miss occurred,WinDriver->Performance,86,[COMPONENT=WinDriver->Performance] [Honor][NVWAB][RPL][AX211] Beacon miss occurred
WIFI-862127,[Dynabook][LNL][FmP][assert 0xe756] The system experienced abnormal shutdown and the event log recorded many Netwaw18 errors,WinDriver->Performance,86,[COMPONENT=WinDriver->Performance] [Dynabook][LNL][FmP][assert 0xe756] The system experienced abnormal shutdown and the event log recorded many Netwaw18 errors
WIFI-882678,3LS - SIP129540 - EB 640 G11(Rex 14) & 630G11/ W11 22H2 / GC / SF / Intel wireless AX211 suffering from heavy packet loss intermittently/PC APJ/,WinDriver->Performance,86,[COMPONENT=WinDriver->Performance] 3LS - SIP129540 - EB 640 G11(Rex 14) & 630G11/ W11 22H2 / GC / SF / Intel wireless AX211 suffering from heavy packet loss intermittently/PC APJ/
WIFI-94201,[Lenovo-IdeaPad][LCFC][NEC-ITL][20H2]black screen hang with 0xD1 BSOD with S5 stress test.,WinDriver->Performance,86,[COMPONENT=WinDriver->Performance] [Lenovo-IdeaPad][LCFC][NEC-ITL][20H2]black screen hang with 0xD1 BSOD with S5 stress test.
WIFI-94420,[HP/factory/Win10/JSP/HrP2/Anthem] BSOD 0xD1 after connected Wifi then idle about 5 minutes,WinDriver->Performance,86,[COMPONENT=WinDriver->Performance] [HP/factory/Win10/JSP/HrP2/Anthem] BSOD 0xD1 after connected Wifi then idle about 5 minutes
WIFI-95400,"[Lenovo IdeaPad][Inhouse][S750-14Pro][TGL-U/AX201/20H2] Stress S4 BOSD , point to WIFI",WinDriver->Performance,86,"[COMPONENT=WinDriver->Performance] [Lenovo IdeaPad][Inhouse][S750-14Pro][TGL-U/AX201/20H2] Stress S4 BOSD , point to WIFI"
WIFI-96495,[HP/SIO1953684/Win10/Lucienne/CcP2/Anders] BSOD 0x7E occurred when play online video,WinDriver->Performance,86,[COMPONENT=WinDriver->Performance] [HP/SIO1953684/Win10/Lucienne/CcP2/Anders] BSOD 0x7E occurred when play online video
CIE-1594,[HP/Win11/ADL/GfP4/Warpath] It still can connect 2 APs when I disable the Double Connect option.,User Interface->Intel Connectivity Performance Suite,84,[COMPONENT=User Interface->Intel Connectivity Performance Suite] [HP/Win11/ADL/GfP4/Warpath] It still can connect 2 APs when I disable the Double Connect option.
CIE-1598,[Huawei][Quanta][H9HD][HookF][AX211][21H2][ICPS][ICPS_008] Show only authorized network filtering exceptions,User Interface->Intel Connectivity Performance Suite,84,[COMPONENT=User Interface->Intel Connectivity Performance Suite] [Huawei][Quanta][H9HD][HookF][AX211][21H2][ICPS][ICPS_008] Show only authorized network filtering exceptions
CIE-1923,"[Huawei][Quanta][H9HD][HookF][AX211][21H2][ICPS][ICPS_014] Use ICPS to connect to the hotspot. When the password has not been verified, ICPS already shows that the target hotspot is connected.",User Interface->Intel Connectivity Performance Suite,84,"[COMPONENT=User Interface->Intel Connectivity Performance Suite] [Huawei][Quanta][H9HD][HookF][AX211][21H2][ICPS][ICPS_014] Use ICPS to connect to the hotspot. When the password has not been verified, ICPS already shows that the target hotspot is connected."
CIE-1934,"[Lenovo-ThinkPad][Phoenix-Serval2][AlderLake][AX211][21H2][100%]:""Gaming"" mode displayed on both vPro and non-vPro SKUs",User Interface->Intel Connectivity Performance Suite,84,"[COMPONENT=User Interface->Intel Connectivity Performance Suite] [Lenovo-ThinkPad][Phoenix-Serval2][AlderLake][AX211][21H2][100%]:""Gaming"" mode displayed on both vPro and non-vPro SKUs"
CIE-1953,"[Lenovo-ThinkPad][Golem_Talos][AlderLake][AX211][21H2][100%]:Error id 16 ""Intel Connectivity Network service loading config file error"" after reset system",User Interface->Intel Connectivity Performance Suite,84,"[COMPONENT=User Interface->Intel Connectivity Performance Suite] [Lenovo-ThinkPad][Golem_Talos][AlderLake][AX211][21H2][100%]:Error id 16 ""Intel Connectivity Network service loading config file error"" after reset system"
CIE-2000,"[Lenovo-ThinkPad][Jaguar-Panther2][AlderLake][AX211][21H2][100%]:The images in the ""Type"" column of Network Health are generically labeled as ""image""",User Interface->Intel Connectivity Performance Suite,84,"[COMPONENT=User Interface->Intel Connectivity Performance Suite] [Lenovo-ThinkPad][Jaguar-Panther2][AlderLake][AX211][21H2][100%]:The images in the ""Type"" column of Network Health are generically labeled as ""image"""
CIE-2048,[HP/Win11/ADL/GfP2/Warpath] Can not launch ICPS on clean OS which has not installed WLAN and Intel Management Engine Components drivers,User Interface->Intel Connectivity Performance Suite,84,[COMPONENT=User Interface->Intel Connectivity Performance Suite] [HP/Win11/ADL/GfP2/Warpath] Can not launch ICPS on clean OS which has not installed WLAN and Intel Management Engine Components drivers
CIE-2066,"[Samsung][ADL][ICPS]""passcode incorrect"" message doesn't appear",User Interface->Intel Connectivity Performance Suite,84,"[COMPONENT=User Interface->Intel Connectivity Performance Suite] [Samsung][ADL][ICPS]""passcode incorrect"" message doesn't appear"
CIE-2105,"[Lenovo-ThinkPad][Jaguar/Panther-2][AlderLake][AX211][21H2][100%]:If Auto Switch was enabled in advanced setting, no pop up notification anymore but Pop up notification option still enabled",User Interface->Intel Connectivity Performance Suite,84,"[COMPONENT=User Interface->Intel Connectivity Performance Suite] [Lenovo-ThinkPad][Jaguar/Panther-2][AlderLake][AX211][21H2][100%]:If Auto Switch was enabled in advanced setting, no pop up notification anymore but Pop up notification option still enabled"
CIE-2137,[Lenovo-IdeaPad][Thinkbook plus G3 IAP][AlderLake][AX211][21H2][100%]: ICPS window becomes black screen after 2nd time openning in All Apps,User Interface->Intel Connectivity Performance Suite,84,[COMPONENT=User Interface->Intel Connectivity Performance Suite] [Lenovo-IdeaPad][Thinkbook plus G3 IAP][AlderLake][AX211][21H2][100%]: ICPS window becomes black screen after 2nd time openning in All Apps
CIE-2444,[Lenovo-ThinkPad][T16][AlderLake][AX211][21H2][100%]:ethernet not removed from the Network Health list if unplug the ethernet cable,User Interface->Intel Connectivity Performance Suite,84,[COMPONENT=User Interface->Intel Connectivity Performance Suite] [Lenovo-ThinkPad][T16][AlderLake][AX211][21H2][100%]:ethernet not removed from the Network Health list if unplug the ethernet cable
CIE-2445,[Lenovo-ThinkPad][T16][AlderLake][AX211][21H2][100%]:WWAN not listed in Network Health page,User Interface->Intel Connectivity Performance Suite,84,[COMPONENT=User Interface->Intel Connectivity Performance Suite] [Lenovo-ThinkPad][T16][AlderLake][AX211][21H2][100%]:WWAN not listed in Network Health page
CIE-2455,"[ASUS CCBU][ICPS]  Intel Connectivity and Performance Suite, doesn't work with Narrator, multiple fields/items are not labeled.",User Interface->Intel Connectivity Performance Suite,84,"[COMPONENT=User Interface->Intel Connectivity Performance Suite] [ASUS CCBU][ICPS]  Intel Connectivity and Performance Suite, doesn't work with Narrator, multiple fields/items are not labeled."
CIE-2466,"[Lenovo-ThinkPad][T16][AlderLake][AX211][21H2][100%]:""Advanced Connection Manager"" tab appears without network after OOBE.",User Interface->Intel Connectivity Performance Suite,84,"[COMPONENT=User Interface->Intel Connectivity Performance Suite] [Lenovo-ThinkPad][T16][AlderLake][AX211][21H2][100%]:""Advanced Connection Manager"" tab appears without network after OOBE."
CIE-2602,[Lenovo-IdeaPad][LCFC][C980][RaptorLake][AX211][22H2][100%][ICPS2.0]:Max Throughput Mode doesn't work,User Interface->Intel Connectivity Performance Suite,84,[COMPONENT=User Interface->Intel Connectivity Performance Suite] [Lenovo-IdeaPad][LCFC][C980][RaptorLake][AX211][22H2][100%][ICPS2.0]:Max Throughput Mode doesn't work
CIE-2641,[Lenovo][C980][RaptorLake][AX211][22H2][100%][ICPS2.0]:Vulnerability on SQLITE3 v3.36.0,User Interface->Intel Connectivity Performance Suite,84,[COMPONENT=User Interface->Intel Connectivity Performance Suite] [Lenovo][C980][RaptorLake][AX211][22H2][100%][ICPS2.0]:Vulnerability on SQLITE3 v3.36.0
CIE-2645,[Dynabook]The contrast colors for some buttons have no change after enabling High Contrast,User Interface->Intel Connectivity Performance Suite,84,[COMPONENT=User Interface->Intel Connectivity Performance Suite] [Dynabook]The contrast colors for some buttons have no change after enabling High Contrast
CIE-2655,"[HP/SIO2156698/Win10/RPL/GfP2/Warg] The ""Enable AP selection option"" still shows disable after click reset button.",User Interface->Intel Connectivity Performance Suite,84,"[COMPONENT=User Interface->Intel Connectivity Performance Suite] [HP/SIO2156698/Win10/RPL/GfP2/Warg] The ""Enable AP selection option"" still shows disable after click reset button."
CIE-2763,[Lenovo][RaptorLake][AX211][22H2][100%][ICPS2.0]: SSID shows &amp; instead of & if connect AP in ICPS,User Interface->Intel Connectivity Performance Suite,84,[COMPONENT=User Interface->Intel Connectivity Performance Suite] [Lenovo][RaptorLake][AX211][22H2][100%][ICPS2.0]: SSID shows &amp; instead of & if connect AP in ICPS
CIE-2767,[Lenovo][RaptorLake][AX211][22H2][100%][ICPS2.0]: It will delay over 30 seconds to refresh AP info in ICPS,User Interface->Intel Connectivity Performance Suite,84,[COMPONENT=User Interface->Intel Connectivity Performance Suite] [Lenovo][RaptorLake][AX211][22H2][100%][ICPS2.0]: It will delay over 30 seconds to refresh AP info in ICPS
CIE-2938,[Lenovo][RaptorLake][AX211][22H2][100%][ICPS2.0]: Passcode incorrect will be shown when connect Wifi with correct passcode,User Interface->Intel Connectivity Performance Suite,84,[COMPONENT=User Interface->Intel Connectivity Performance Suite] [Lenovo][RaptorLake][AX211][22H2][100%][ICPS2.0]: Passcode incorrect will be shown when connect Wifi with correct passcode
CIE-3019,[ICPS]Recommendations area is not updating,User Interface->Intel Connectivity Performance Suite,84,[COMPONENT=User Interface->Intel Connectivity Performance Suite] [ICPS]Recommendations area is not updating
CIE-3180,[Lenovo][RaptorLake][AX211][22H2][100%][ICPS2.0]: ICPS UI font for SC is not localized,User Interface->Intel Connectivity Performance Suite,84,[COMPONENT=User Interface->Intel Connectivity Performance Suite] [Lenovo][RaptorLake][AX211][22H2][100%][ICPS2.0]: ICPS UI font for SC is not localized
CIE-3505,"[ICPS]""Wireless radio disabled or Airplane Mode enabled"" is not displayed.",User Interface->Intel Connectivity Performance Suite,84,"[COMPONENT=User Interface->Intel Connectivity Performance Suite] [ICPS]""Wireless radio disabled or Airplane Mode enabled"" is not displayed."
CIE-3803,[HP/SIO2222382/Win11/MTL/GfP2/Herbie] Touch keyboard/handwrite panel will pop up when tap in ICPS\Help page on tablet mode with touch screen.,User Interface->Intel Connectivity Performance Suite,84,[COMPONENT=User Interface->Intel Connectivity Performance Suite] [HP/SIO2222382/Win11/MTL/GfP2/Herbie] Touch keyboard/handwrite panel will pop up when tap in ICPS\Help page on tablet mode with touch screen.
CIE-3882,[Lenovo][MeteorLake][AX211][22H2][100%][ICPS3.0]There are some issues when MSFT Narrator is reading ICPS GUI (Microsoft CER Report Must Fix item),User Interface->Intel Connectivity Performance Suite,84,[COMPONENT=User Interface->Intel Connectivity Performance Suite] [Lenovo][MeteorLake][AX211][22H2][100%][ICPS3.0]There are some issues when MSFT Narrator is reading ICPS GUI (Microsoft CER Report Must Fix item)
CIE-3937,[Acer/Compal][Violin_MTH]ICPS APP cant display wifi 7 protocol.,User Interface->Intel Connectivity Performance Suite,84,[COMPONENT=User Interface->Intel Connectivity Performance Suite] [Acer/Compal][Violin_MTH]ICPS APP cant display wifi 7 protocol.
CIE-3980,[HP/SIO2244336/Win11/MTL/GfP2/Thompson] AP connected status in ICPS does not sync with OS after idle 10 minutes.,User Interface->Intel Connectivity Performance Suite,84,[COMPONENT=User Interface->Intel Connectivity Performance Suite] [HP/SIO2244336/Win11/MTL/GfP2/Thompson] AP connected status in ICPS does not sync with OS after idle 10 minutes.
CIE-4025,[Samsung][MTL][ICPS]ICPS app issues when turning on Windows Narrator,User Interface->Intel Connectivity Performance Suite,84,[COMPONENT=User Interface->Intel Connectivity Performance Suite] [Samsung][MTL][ICPS]ICPS app issues when turning on Windows Narrator
CIE-4035,[Lenovo][MeteorLake][AX211][22H2][100%][ICPS3.0]ICPS cant be installed successfully on some devices,User Interface->Intel Connectivity Performance Suite,84,[COMPONENT=User Interface->Intel Connectivity Performance Suite] [Lenovo][MeteorLake][AX211][22H2][100%][ICPS3.0]ICPS cant be installed successfully on some devices
CIE-4046,[Lenovo][MeteorLake][AX211/BE200][22H2][15%][ICPS3.0]It will delay more than 3 minutes to refresh Wi-Fi AP information in ICPS UI.,User Interface->Intel Connectivity Performance Suite,84,[COMPONENT=User Interface->Intel Connectivity Performance Suite] [Lenovo][MeteorLake][AX211/BE200][22H2][15%][ICPS3.0]It will delay more than 3 minutes to refresh Wi-Fi AP information in ICPS UI.
CIE-4109,[Samsung][LNL][ICPS]ICPS app issues when turning on Windows Narrator,User Interface->Intel Connectivity Performance Suite,84,[COMPONENT=User Interface->Intel Connectivity Performance Suite] [Samsung][LNL][ICPS]ICPS app issues when turning on Windows Narrator
CIE-4135,[Samsung][LNL][ICPS] The usage details is in both the priority tab and usage details tab,User Interface->Intel Connectivity Performance Suite,84,[COMPONENT=User Interface->Intel Connectivity Performance Suite] [Samsung][LNL][ICPS] The usage details is in both the priority tab and usage details tab
CIE-4136,[Samsung][LNL][ICPS] There is nothing about BT in the help tab.,User Interface->Intel Connectivity Performance Suite,84,[COMPONENT=User Interface->Intel Connectivity Performance Suite] [Samsung][LNL][ICPS] There is nothing about BT in the help tab.
CIE-4137,"[Samsung][LNL][ICPS]When BT devices scans, blank appears or no device name.",User Interface->Intel Connectivity Performance Suite,84,"[COMPONENT=User Interface->Intel Connectivity Performance Suite] [Samsung][LNL][ICPS]When BT devices scans, blank appears or no device name."
CIE-4138,[Samsung][LNL][ICPS]BT mouse connected to a DUT does not appear on BT tab of ICPS.,User Interface->Intel Connectivity Performance Suite,84,[COMPONENT=User Interface->Intel Connectivity Performance Suite] [Samsung][LNL][ICPS]BT mouse connected to a DUT does not appear on BT tab of ICPS.
CIE-4139,[Samsung][LNL][ICPS]The number of BT devices scanned on ICPS is less than windows scan,User Interface->Intel Connectivity Performance Suite,84,[COMPONENT=User Interface->Intel Connectivity Performance Suite] [Samsung][LNL][ICPS]The number of BT devices scanned on ICPS is less than windows scan
CIE-4192,[Samsung][LNL][ICPS]No image descriptions when turning on Windows Narrator as scan mode,User Interface->Intel Connectivity Performance Suite,84,[COMPONENT=User Interface->Intel Connectivity Performance Suite] [Samsung][LNL][ICPS]No image descriptions when turning on Windows Narrator as scan mode
CIE-4193,"[Samsung][LNL][ICPS]The BT tab doesnt have scrolling, so cant see all scanned devices.",User Interface->Intel Connectivity Performance Suite,84,"[COMPONENT=User Interface->Intel Connectivity Performance Suite] [Samsung][LNL][ICPS]The BT tab doesnt have scrolling, so cant see all scanned devices."
CIE-4204,[Lenovo][MeteorLake][AX211][24H2][100%][ICPS3.0]ICPS doesnt work on 24H2 without enabling Location access,User Interface->Intel Connectivity Performance Suite,84,[COMPONENT=User Interface->Intel Connectivity Performance Suite] [Lenovo][MeteorLake][AX211][24H2][100%][ICPS3.0]ICPS doesnt work on 24H2 without enabling Location access
CIE-4209,[Lenovo][MeteorLake][AX211][24H2][100%][ICPS3.0]ACM is renamed as Access Connectivity Manager and not consistent in UI.,User Interface->Intel Connectivity Performance Suite,84,[COMPONENT=User Interface->Intel Connectivity Performance Suite] [Lenovo][MeteorLake][AX211][24H2][100%][ICPS3.0]ACM is renamed as Access Connectivity Manager and not consistent in UI.
CIE-4212,[Lenovo][MeteorLake][AX211][24H2][100%][ICPS3.0]ICPS memory usage is high,User Interface->Intel Connectivity Performance Suite,84,[COMPONENT=User Interface->Intel Connectivity Performance Suite] [Lenovo][MeteorLake][AX211][24H2][100%][ICPS3.0]ICPS memory usage is high
CIE-4280,[Lenovo][MeteorLake][AX211][24H2][100%][ICPS3.0]Location access dialog will be shown when switching network in ICPS,User Interface->Intel Connectivity Performance Suite,84,[COMPONENT=User Interface->Intel Connectivity Performance Suite] [Lenovo][MeteorLake][AX211][24H2][100%][ICPS3.0]Location access dialog will be shown when switching network in ICPS
CIE-4282,[Samsung][MTL][ICPS]No image descriptions when turning on Windows Narrator as scan mode,User Interface->Intel Connectivity Performance Suite,84,[COMPONENT=User Interface->Intel Connectivity Performance Suite] [Samsung][MTL][ICPS]No image descriptions when turning on Windows Narrator as scan mode
CIE-4369,"[HP/SIO2272130/Win11/LNL/FmP2/Regis] ICPS doesnt work with Narrator ""Advanced settings page some items""",User Interface->Intel Connectivity Performance Suite,84,"[COMPONENT=User Interface->Intel Connectivity Performance Suite] [HP/SIO2272130/Win11/LNL/FmP2/Regis] ICPS doesnt work with Narrator ""Advanced settings page some items"""
CIE-4397,[Dynabook][Win11]Teams call cannot automatically switch interface after manually configure connection in ICPS,User Interface->Intel Connectivity Performance Suite,84,[COMPONENT=User Interface->Intel Connectivity Performance Suite] [Dynabook][Win11]Teams call cannot automatically switch interface after manually configure connection in ICPS
CIE-4409,[Samsung][LNL][ICPS]BT mouse connected to a DUT appears as keyboard on BT tab of ICPS.,User Interface->Intel Connectivity Performance Suite,84,[COMPONENT=User Interface->Intel Connectivity Performance Suite] [Samsung][LNL][ICPS]BT mouse connected to a DUT appears as keyboard on BT tab of ICPS.
CIE-4425,"[Lenovo][MeteorLake][AX211][24H2][100%][ICPS4.0]Select an AP in ICPS, the Password input UI cant be shown",User Interface->Intel Connectivity Performance Suite,84,"[COMPONENT=User Interface->Intel Connectivity Performance Suite] [Lenovo][MeteorLake][AX211][24H2][100%][ICPS4.0]Select an AP in ICPS, the Password input UI cant be shown"
CIE-4456,[Lenovo][MeteorLake][AX211][24H2][100%][ICPS4.0]ICPS UI is not translated to Simplified Chinese,User Interface->Intel Connectivity Performance Suite,84,[COMPONENT=User Interface->Intel Connectivity Performance Suite] [Lenovo][MeteorLake][AX211][24H2][100%][ICPS4.0]ICPS UI is not translated to Simplified Chinese
CIE-4457,"[Lenovo][MeteorLake][AX211][24H2][100%][ICPS4.0]ICPS no response for 5s when clicking ""Enable Smart Access Point Selection"" twice quickly",User Interface->Intel Connectivity Performance Suite,84,"[COMPONENT=User Interface->Intel Connectivity Performance Suite] [Lenovo][MeteorLake][AX211][24H2][100%][ICPS4.0]ICPS no response for 5s when clicking ""Enable Smart Access Point Selection"" twice quickly"
CIE-4466,[Lenovo][LunarLake][BE201][24H2][100%][ICPS4.0]Some Bluetooth devices cant be reconnected via ICPS UI,User Interface->Intel Connectivity Performance Suite,84,[COMPONENT=User Interface->Intel Connectivity Performance Suite] [Lenovo][LunarLake][BE201][24H2][100%][ICPS4.0]Some Bluetooth devices cant be reconnected via ICPS UI
CIE-4468,[Lenovo][LunarLake][BE201][24H2][0.1%][ICPS4.0]Lost ICPS in S3/S4 long run test,User Interface->Intel Connectivity Performance Suite,84,[COMPONENT=User Interface->Intel Connectivity Performance Suite] [Lenovo][LunarLake][BE201][24H2][0.1%][ICPS4.0]Lost ICPS in S3/S4 long run test
CIE-4482,[Lenovo][LunarLake][BE201][24H2][100%][ICPS4.0]The password input UI takes more than 10 seconds to show when click AP in ICPS,User Interface->Intel Connectivity Performance Suite,84,[COMPONENT=User Interface->Intel Connectivity Performance Suite] [Lenovo][LunarLake][BE201][24H2][100%][ICPS4.0]The password input UI takes more than 10 seconds to show when click AP in ICPS
CIE-4557,[Lenovo][LunarLake][BE201][24H2][100%][ICPS4.0]Password cant be remembered when connecting AP in ICPS,User Interface->Intel Connectivity Performance Suite,84,[COMPONENT=User Interface->Intel Connectivity Performance Suite] [Lenovo][LunarLake][BE201][24H2][100%][ICPS4.0]Password cant be remembered when connecting AP in ICPS
CIE-4681,[HP/SIO2291163/23H2/LNL/FmP2/MasadaN] The App/Website shows blank when change Prioritization mode in ICPS,User Interface->Intel Connectivity Performance Suite,84,[COMPONENT=User Interface->Intel Connectivity Performance Suite] [HP/SIO2291163/23H2/LNL/FmP2/MasadaN] The App/Website shows blank when change Prioritization mode in ICPS
CIE-4745,"[HP/SIO2298044/Win11/LNL/FmP2/MasadaN] QR code is overlapped with the word ""click to enlarge"" in Kazakhstan image",User Interface->Intel Connectivity Performance Suite,84,"[COMPONENT=User Interface->Intel Connectivity Performance Suite] [HP/SIO2298044/Win11/LNL/FmP2/MasadaN] QR code is overlapped with the word ""click to enlarge"" in Kazakhstan image"
CIE-4761,[HP/SIO2297006/Win11/LNL/FmP2/MasadaN] Connect in Network Health tab cannot show full text,User Interface->Intel Connectivity Performance Suite,84,[COMPONENT=User Interface->Intel Connectivity Performance Suite] [HP/SIO2297006/Win11/LNL/FmP2/MasadaN] Connect in Network Health tab cannot show full text
CIE-4762,"[ACER][Cymbal_RTU] Open ICPS->Advanced Setting->Start VR mode, the VR mode interface will disappear..",User Interface->Intel Connectivity Performance Suite,84,"[COMPONENT=User Interface->Intel Connectivity Performance Suite] [ACER][Cymbal_RTU] Open ICPS->Advanced Setting->Start VR mode, the VR mode interface will disappear.."
CIE-4888,[Lenovo][LunarLake][BE201][24H2][100%][ICPS4.0]ICPS version appears in Advanced Settings right lower corner,User Interface->Intel Connectivity Performance Suite,84,[COMPONENT=User Interface->Intel Connectivity Performance Suite] [Lenovo][LunarLake][BE201][24H2][100%][ICPS4.0]ICPS version appears in Advanced Settings right lower corner
CIE-5025,[Lenovo][LunarLake][BE201][24H2][100%][ICPS4.0]ICPS doesnt support Windows theme Dark mode,User Interface->Intel Connectivity Performance Suite,84,[COMPONENT=User Interface->Intel Connectivity Performance Suite] [Lenovo][LunarLake][BE201][24H2][100%][ICPS4.0]ICPS doesnt support Windows theme Dark mode
CIE-5036,[Lenovo][LunarLake][BE201][24H2][100%][ICPS4.0]ICPS shows English recommendation in Notification Tab on Simplified Chinese system,User Interface->Intel Connectivity Performance Suite,84,[COMPONENT=User Interface->Intel Connectivity Performance Suite] [Lenovo][LunarLake][BE201][24H2][100%][ICPS4.0]ICPS shows English recommendation in Notification Tab on Simplified Chinese system
CIE-5146,[Lenovo][LunarLake][BE201][24H2][100%][ICPS4.0]ICPS v4.0 UI doesnt support two-finger scroll and mouse wheel scroll,User Interface->Intel Connectivity Performance Suite,84,[COMPONENT=User Interface->Intel Connectivity Performance Suite] [Lenovo][LunarLake][BE201][24H2][100%][ICPS4.0]ICPS v4.0 UI doesnt support two-finger scroll and mouse wheel scroll
CIE-5163,[Dynabook][ICPS][Dynabook][ICPS]Sometimes The network shows connected status in ICPS if press connect button but no passcode entered.,User Interface->Intel Connectivity Performance Suite,84,[COMPONENT=User Interface->Intel Connectivity Performance Suite] [Dynabook][ICPS][Dynabook][ICPS]Sometimes The network shows connected status in ICPS if press connect button but no passcode entered.
CIE-5751,[HP/SIO2345991/Win11/ARL/GfP2/Agusta] The description in Help/Bluetooth page is not same as the Bluetooth page shows.,User Interface->Intel Connectivity Performance Suite,84,[COMPONENT=User Interface->Intel Connectivity Performance Suite] [HP/SIO2345991/Win11/ARL/GfP2/Agusta] The description in Help/Bluetooth page is not same as the Bluetooth page shows.
CIE-6147,[HP/SIO2354747/Win11/ARL/GfP2/Agusta] The original BT device name cannot be display after edited the device name.,User Interface->Intel Connectivity Performance Suite,84,[COMPONENT=User Interface->Intel Connectivity Performance Suite] [HP/SIO2354747/Win11/ARL/GfP2/Agusta] The original BT device name cannot be display after edited the device name.
CIE-6527,[Lenovo][LunarLake][BE201][24H2][10%][ICPS4.0]ICPS v4.1025.207.1 cant be launched intermittently,User Interface->Intel Connectivity Performance Suite,84,[COMPONENT=User Interface->Intel Connectivity Performance Suite] [Lenovo][LunarLake][BE201][24H2][10%][ICPS4.0]ICPS v4.1025.207.1 cant be launched intermittently
CIE-7032,[Lenovo][LunarLake][BE201][24H2][100%][ICPS4.0]The SC font is incorrect in ICPS Advanded Settings UI.,User Interface->Intel Connectivity Performance Suite,84,[COMPONENT=User Interface->Intel Connectivity Performance Suite] [Lenovo][LunarLake][BE201][24H2][100%][ICPS4.0]The SC font is incorrect in ICPS Advanded Settings UI.
CIE-7034,[Lenovo][LunarLake][BE201][24H2][100%][ICPS4.0]The Downloads bar in ICPS Usage Details page isnt shown correctly,User Interface->Intel Connectivity Performance Suite,84,[COMPONENT=User Interface->Intel Connectivity Performance Suite] [Lenovo][LunarLake][BE201][24H2][100%][ICPS4.0]The Downloads bar in ICPS Usage Details page isnt shown correctly
CIE-7036,[Lenovo][LunarLake][BE201][24H2][100%][ICPS4.0]ICPS UI issues in Advanced Settings,User Interface->Intel Connectivity Performance Suite,84,[COMPONENT=User Interface->Intel Connectivity Performance Suite] [Lenovo][LunarLake][BE201][24H2][100%][ICPS4.0]ICPS UI issues in Advanced Settings
CIE-7038,[Lenovo][LunarLake][BE201][24H2][100%][ICPS4.0]Some contents in ICPS Help is not localized,User Interface->Intel Connectivity Performance Suite,84,[COMPONENT=User Interface->Intel Connectivity Performance Suite] [Lenovo][LunarLake][BE201][24H2][100%][ICPS4.0]Some contents in ICPS Help is not localized
CIE-7093,[Lenovo][LunarLake][BE201][24H2][100%][ICPS4.0]The steaming category is shown abnormally in ACM UI.,User Interface->Intel Connectivity Performance Suite,84,[COMPONENT=User Interface->Intel Connectivity Performance Suite] [Lenovo][LunarLake][BE201][24H2][100%][ICPS4.0]The steaming category is shown abnormally in ACM UI.
CIE-7170,"[HP/SIO2382032/Win11/LNL/FmP2/Machu] The button ""Reset"" all settings to default does not works.",User Interface->Intel Connectivity Performance Suite,84,"[COMPONENT=User Interface->Intel Connectivity Performance Suite] [HP/SIO2382032/Win11/LNL/FmP2/Machu] The button ""Reset"" all settings to default does not works."
CIE-7508,[HP/SIO2332841/Win11/ARL/GfP2/Machu] Network Performance did not follow Manually Configure Connection Settings when only change one category,User Interface->Intel Connectivity Performance Suite,84,[COMPONENT=User Interface->Intel Connectivity Performance Suite] [HP/SIO2332841/Win11/ARL/GfP2/Machu] Network Performance did not follow Manually Configure Connection Settings when only change one category
CIE-7523,[Lenovo][MeteorLake][AX211][24H2][100%][ICPS4.0]Connection failed will be shown when click AP to connect,User Interface->Intel Connectivity Performance Suite,84,[COMPONENT=User Interface->Intel Connectivity Performance Suite] [Lenovo][MeteorLake][AX211][24H2][100%][ICPS4.0]Connection failed will be shown when click AP to connect
CIE-7644,"[ASUS] After updating and restarting the ICPS APP,  system displays a version recommendation dialog box.",User Interface->Intel Connectivity Performance Suite,84,"[COMPONENT=User Interface->Intel Connectivity Performance Suite] [ASUS] After updating and restarting the ICPS APP,  system displays a version recommendation dialog box."
CIE-7943,[Lenovo][LunarLake][BE201][24H2][100%][ICPS4.0]The cursor makes a wrong jump when editing SSID and Password for VR Mode,User Interface->Intel Connectivity Performance Suite,84,[COMPONENT=User Interface->Intel Connectivity Performance Suite] [Lenovo][LunarLake][BE201][24H2][100%][ICPS4.0]The cursor makes a wrong jump when editing SSID and Password for VR Mode
CIE-8316,[ASUS][UX5406SA][BE201] Failure occurs when running Color Contrast analyzer in ICPS app.,User Interface->Intel Connectivity Performance Suite,84,[COMPONENT=User Interface->Intel Connectivity Performance Suite] [ASUS][UX5406SA][BE201] Failure occurs when running Color Contrast analyzer in ICPS app.
CIE-8708,"[ASUS][UX5406SA][BE201] selecting the ""Desert"" theme, the version number in the upper right corner of the Intel Connectivity Performance Suite window is not clearly visible.",User Interface->Intel Connectivity Performance Suite,84,"[COMPONENT=User Interface->Intel Connectivity Performance Suite] [ASUS][UX5406SA][BE201] selecting the ""Desert"" theme, the version number in the upper right corner of the Intel Connectivity Performance Suite window is not clearly visible."
CIE-8710,[ASUS][UX5406SA][BE201] Failure occurs when running Live Inspect test in ICPS ap,User Interface->Intel Connectivity Performance Suite,84,[COMPONENT=User Interface->Intel Connectivity Performance Suite] [ASUS][UX5406SA][BE201] Failure occurs when running Live Inspect test in ICPS ap
CIE-8714,"[ASUS][UX5406SA][BE201] When Accessibility->Text size is set to 200%, the prompt window that appears when launching ICPS is not fully displayed.",User Interface->Intel Connectivity Performance Suite,84,"[COMPONENT=User Interface->Intel Connectivity Performance Suite] [ASUS][UX5406SA][BE201] When Accessibility->Text size is set to 200%, the prompt window that appears when launching ICPS is not fully displayed."
CIE-8716,[ASUS][UX5406SA][BE201] Failure occurs when running Live Inspect with Narrators Accessibility in ICPS app.,User Interface->Intel Connectivity Performance Suite,84,[COMPONENT=User Interface->Intel Connectivity Performance Suite] [ASUS][UX5406SA][BE201] Failure occurs when running Live Inspect with Narrators Accessibility in ICPS app.
CIE-9737,"[ASUS][UX5406AA][BE201] Open Settings -> Accessibility -> Text size and switch to 200%. The text, icons, and other elements on various pages within the Intel Connectivity Performance Suite app do not change.",User Interface->Intel Connectivity Performance Suite,84,"[COMPONENT=User Interface->Intel Connectivity Performance Suite] [ASUS][UX5406AA][BE201] Open Settings -> Accessibility -> Text size and switch to 200%. The text, icons, and other elements on various pages within the Intel Connectivity Performance Suite app do not change."
CIE-9749,"[ASUS][UX5406AA][BE201] Launch the Intel Connectivity Performance Suite app and minimize the window width to the smallest size. On the Usage Detail page, some characters are truncated without horizontal scrolling.",User Interface->Intel Connectivity Performance Suite,84,"[COMPONENT=User Interface->Intel Connectivity Performance Suite] [ASUS][UX5406AA][BE201] Launch the Intel Connectivity Performance Suite app and minimize the window width to the smallest size. On the Usage Detail page, some characters are truncated without horizontal scrolling."
CIE-998,[HP/Win10/ADL-P/GfP2/Thanos] ICPS cannot be minimized when maximize it and click it on the taskbar.,User Interface->Intel Connectivity Performance Suite,84,[COMPONENT=User Interface->Intel Connectivity Performance Suite] [HP/Win10/ADL-P/GfP2/Thanos] ICPS cannot be minimized when maximize it and click it on the taskbar.
WIFI-116864,[Dell]TyP2 6GHz output power change on conductive test (3/19 and 4/16),FW->PHY,69,[COMPONENT=FW->PHY] [Dell]TyP2 6GHz output power change on conductive test (3/19 and 4/16)
WIFI-119581,[ASUS PCBU][X3400PA][Tigerlake HU][JfP2/9560][v22.30.0.11]WLAN yellow bang while reboot aging,FW->PHY,69,[COMPONENT=FW->PHY] [ASUS PCBU][X3400PA][Tigerlake HU][JfP2/9560][v22.30.0.11]WLAN yellow bang while reboot aging
WIFI-134765,[Realme][HUAQIN][Intel TGL][intel 9560][21H1]The test value of AC mode 80m bandwidth of WiFi is far lower in 22.60.0.6 version when we testing the T-PUT conduction of AC9560 module.,FW->PHY,69,[COMPONENT=FW->PHY] [Realme][HUAQIN][Intel TGL][intel 9560][21H1]The test value of AC mode 80m bandwidth of WiFi is far lower in 22.60.0.6 version when we testing the T-PUT conduction of AC9560 module.
WIFI-139160,"[HONOR][HUAQIN][HiggsE][Intel TGL][Intel AX201][21H1][WIFI] Install the WiFi driver?22.50 or 22.60) to test DRTU, the conduction power decreased.",FW->PHY,69,"[COMPONENT=FW->PHY] [HONOR][HUAQIN][HiggsE][Intel TGL][Intel AX201][21H1][WIFI] Install the WiFi driver?22.50 or 22.60) to test DRTU, the conduction power decreased."
WIFI-143081,[ASUS PCBU][Customer Complaint Case][X571GT][Coffeelake H][9560][22.40.0.7]Unexpected yellow bang of the WLAN device at user experience,FW->PHY,69,[COMPONENT=FW->PHY] [ASUS PCBU][Customer Complaint Case][X571GT][Coffeelake H][9560][22.40.0.7]Unexpected yellow bang of the WLAN device at user experience
WIFI-146365,[Intel-SPG][FXN][PN] Wi-Fi randomly disconnect while idle UUT overnight.,FW->PHY,69,[COMPONENT=FW->PHY] [Intel-SPG][FXN][PN] Wi-Fi randomly disconnect while idle UUT overnight.
WIFI-156021,[HP/SIO2005266/Win11/GfP4/Dashiell] WLAN driver lost in DM after online video overnight with BT mouse connected,FW->PHY,69,[COMPONENT=FW->PHY] [HP/SIO2005266/Win11/GfP4/Dashiell] WLAN driver lost in DM after online video overnight with BT mouse connected
WIFI-163292,Internal error occurs in the Event Viewer when connecting to a specific AP,FW->PHY,69,[COMPONENT=FW->PHY] Internal error occurs in the Event Viewer when connecting to a specific AP
WIFI-183222,(Copy Of 00670721) [Dell_Compal_AugustaMLK_CML]WLAN (Intel AX201) disconnecting intermittently,FW->PHY,69,[COMPONENT=FW->PHY] (Copy Of 00670721) [Dell_Compal_AugustaMLK_CML]WLAN (Intel AX201) disconnecting intermittently
WIFI-205478,[H{/SIO2087612/Win11/ADL/GFP2/Riesling] The WLAN device showsshow YB(code 10) in device manager when idle 2 hours.,FW->PHY,69,[COMPONENT=FW->PHY] [H{/SIO2087612/Win11/ADL/GFP2/Riesling] The WLAN device showsshow YB(code 10) in device manager when idle 2 hours.
WIFI-209459,[Realme][Wingtech][Intel Tiger Lake UP4][Ax201][21H2] [WLAN] Connect to WLAN to play online video and drive YB appears?error code10?,FW->PHY,69,[COMPONENT=FW->PHY] [Realme][Wingtech][Intel Tiger Lake UP4][Ax201][21H2] [WLAN] Connect to WLAN to play online video and drive YB appears?error code10?
WIFI-218884,[MSFT Pegatron][BirchBay] Intel WiFi Module MU-MIMO Conducted EVM failure in 2462MHz 40MHz Bandwidth,FW->PHY,69,[COMPONENT=FW->PHY] [MSFT Pegatron][BirchBay] Intel WiFi Module MU-MIMO Conducted EVM failure in 2462MHz 40MHz Bandwidth
WIFI-221315,[Huawei][Quanta][HookeF][ADL-H45][AX211][WIN11_21H2] Why is the AX211 ?TH?(Thailand) power on 2.4G/5G-B1/5G-B4 are follows US not EU?,FW->PHY,69,[COMPONENT=FW->PHY] [Huawei][Quanta][HookeF][ADL-H45][AX211][WIN11_21H2] Why is the AX211 ?TH?(Thailand) power on 2.4G/5G-B1/5G-B4 are follows US not EU?
WIFI-230886,MSFT Pegatron][BirchBay] The Canada OTP values in v22.150 of DRTU exceed Maximum output power from Canada 6E certification of  AX211 module report,FW->PHY,69,[COMPONENT=FW->PHY] MSFT Pegatron][BirchBay] The Canada OTP values in v22.150 of DRTU exceed Maximum output power from Canada 6E certification of  AX211 module report
WIFI-239139,[HUAWEI][HUAQIN][MachC][Intel CML][Intel 9560][WIFI][Win11] System will auto roam to low AP.,FW->PHY,69,[COMPONENT=FW->PHY] [HUAWEI][HUAQIN][MachC][Intel CML][Intel 9560][WIFI][Win11] System will auto roam to low AP.
WIFI-242048,[HP][Compal][EDNA][Intel ADL-M][INTEL Garfield Peak 2][Build 22000.co_release.210604-1628] The output power of WLAN module in country mod: US/low power mode can't meet the spec.,FW->PHY,69,[COMPONENT=FW->PHY] [HP][Compal][EDNA][Intel ADL-M][INTEL Garfield Peak 2][Build 22000.co_release.210604-1628] The output power of WLAN module in country mod: US/low power mode can't meet the spec.
WIFI-244514,[Dell][Burton dock] reported 6GHz functionality issues with AX210...Issue1,FW->PHY,69,[COMPONENT=FW->PHY] [Dell][Burton dock] reported 6GHz functionality issues with AX210...Issue1
WIFI-244597,[HUAWEI][HUAQIN][machC][Intel AC 9560][WiFi][Win11]The DUT will switch to weak signal AP automatically.,FW->PHY,69,[COMPONENT=FW->PHY] [HUAWEI][HUAQIN][machC][Intel AC 9560][WiFi][Win11]The DUT will switch to weak signal AP automatically.
WIFI-261661,RFQ HrP1 Throughput Evaluation...lower throughput (waterfall shift) at 5GHz AX 80MHz ch161 RX direction,FW->PHY,69,[COMPONENT=FW->PHY] RFQ HrP1 Throughput Evaluation...lower throughput (waterfall shift) at 5GHz AX 80MHz ch161 RX direction
WIFI-284767,[ADL-N][HrP1][22.180][N7600ZM]AX101 The throughput drop at the attenuation of 92~95dB (picture is ax/ac 80MHz),FW->PHY,69,[COMPONENT=FW->PHY] [ADL-N][HrP1][22.180][N7600ZM]AX101 The throughput drop at the attenuation of 92~95dB (picture is ax/ac 80MHz)
WIFI-287936,"[Huawei][Quanta][H9UR][CurieG][AX211][22H2][WLAN][BUG-20230216-66094] Huawei mobile phone  wirelessly casts the screen to the computer, click Search Device on the mobile phone's wireless screen projection but the blurred screen on the machine.",FW->PHY,69,"[COMPONENT=FW->PHY] [Huawei][Quanta][H9UR][CurieG][AX211][22H2][WLAN][BUG-20230216-66094] Huawei mobile phone  wirelessly casts the screen to the computer, click Search Device on the mobile phone's wireless screen projection but the blurred screen on the machine."
WIFI-302481,[Huawei][Quanta][H9RR][RolleG][AX211][22H2][BT][Factory] WLAN can't switch to on  after burin test (disable/enable) at 175th cycle,FW->PHY,69,[COMPONENT=FW->PHY] [Huawei][Quanta][H9RR][RolleG][AX211][22H2][BT][Factory] WLAN can't switch to on  after burin test (disable/enable) at 175th cycle
WIFI-303040,[IP3][Tigerlake]AX101 2.4GHz download speed not stable and assert 0x4444 after BT enable,FW->PHY,69,[COMPONENT=FW->PHY] [IP3][Tigerlake]AX101 2.4GHz download speed not stable and assert 0x4444 after BT enable
WIFI-319138,"[HUAWEI][HUAQIN][MorganG][Intel RPL][Intel AX 211][WIFI][Win11]The wifi driver occured YB(43),and can not recovery with restart and restore system.",FW->PHY,69,"[COMPONENT=FW->PHY] [HUAWEI][HUAQIN][MorganG][Intel RPL][Intel AX 211][WIFI][Win11]The wifi driver occured YB(43),and can not recovery with restart and restore system."
WIFI-326810,[HUAWEI][HUAQIN][MitchellF][Intel ADL][Intel AX 201][WIFI][Win11]The power of 22.230 driver is less than 22.190 driver.,FW->PHY,69,[COMPONENT=FW->PHY] [HUAWEI][HUAQIN][MitchellF][Intel ADL][Intel AX 201][WIFI][Win11]The power of 22.230 driver is less than 22.190 driver.
WIFI-337269,[MSFT][Huntington Beach] Tx output power does not match regulatory report when setting MCC CA 5G,FW->PHY,69,[COMPONENT=FW->PHY] [MSFT][Huntington Beach] Tx output power does not match regulatory report when setting MCC CA 5G
WIFI-341048,[Dell][Compal][Pista MTL][AX211] Wlan driver and BT driver YB during running Unigine Valley Benchmark.,FW->PHY,69,[COMPONENT=FW->PHY] [Dell][Compal][Pista MTL][AX211] Wlan driver and BT driver YB during running Unigine Valley Benchmark.
WIFI-344971,[Dell/Compal][Kenai][DVT1]DRTU low power issue for specific channel,FW->PHY,69,[COMPONENT=FW->PHY] [Dell/Compal][Kenai][DVT1]DRTU low power issue for specific channel
WIFI-347536,[DELL][Compal][Alienware][NEXUS MLK_GaP2_2230]Killer1750x has 5G band throughput issue in RX conductive test in SPORTON lab,FW->PHY,69,[COMPONENT=FW->PHY] [DELL][Compal][Alienware][NEXUS MLK_GaP2_2230]Killer1750x has 5G band throughput issue in RX conductive test in SPORTON lab
WIFI-352308,[Honor][Huaqin][DarwinA][Intel MTL][Intel AX201][WIFI][22H2]The assert occur when PC idel,FW->PHY,69,[COMPONENT=FW->PHY] [Honor][Huaqin][DarwinA][Intel MTL][Intel AX201][WIFI][22H2]The assert occur when PC idel
WIFI-364091,"[lenovo][lcfc][Lam1][MTL][AX211][23H2][3/60]MHs client disconnect, w/o wifi list",FW->PHY,69,"[COMPONENT=FW->PHY] [lenovo][lcfc][Lam1][MTL][AX211][23H2][3/60]MHs client disconnect, w/o wifi list"
WIFI-368122,"[Honor][huaqin][DarwinA][MTL][AX201][High probability]Under the automatic SMPS of the Darwin project, AUX and Main imbalance affect the combined RX sensitivity",FW->PHY,69,"[COMPONENT=FW->PHY] [Honor][huaqin][DarwinA][MTL][AX201][High probability]Under the automatic SMPS of the Darwin project, AUX and Main imbalance affect the combined RX sensitivity"
WIFI-370851,[HUAWEI][HUAQIN][MachD][Intel TGL][Intel AX 201][WIFI][Win11]WiFi will automatically roam to a router that is further away when the computer remains stationary.,FW->PHY,69,[COMPONENT=FW->PHY] [HUAWEI][HUAQIN][MachD][Intel TGL][Intel AX 201][WIFI][Win11]WiFi will automatically roam to a router that is further away when the computer remains stationary.
WIFI-393429,[Taoran][WiFI][Huawei][VangogH][MTL][PVT]A YB issue with code 10 on 23.30.0.6,FW->PHY,69,[COMPONENT=FW->PHY] [Taoran][WiFI][Huawei][VangogH][MTL][PVT]A YB issue with code 10 on 23.30.0.6
WIFI-395058,[GaP2/GfP2] 6GHz connection at MCC=AU/NZ,FW->PHY,69,[COMPONENT=FW->PHY] [GaP2/GfP2] 6GHz connection at MCC=AU/NZ
WIFI-406604,[Honor][huaqin][MooreA][MTL][AX211][High probability] connect WiFi fail,FW->PHY,69,[COMPONENT=FW->PHY] [Honor][huaqin][MooreA][MTL][AX211][High probability] connect WiFi fail
WIFI-408527,[HP][Regis] [Quanta]WiFi cannot search AP after GLAI test mode implemented,FW->PHY,69,[COMPONENT=FW->PHY] [HP][Regis] [Quanta]WiFi cannot search AP after GLAI test mode implemented
WIFI-422597,[Dell_MTL][Arches_MTL]Intel AX211 shows YB when CB/WB in Device Manager,FW->PHY,69,[COMPONENT=FW->PHY] [Dell_MTL][Arches_MTL]Intel AX211 shows YB when CB/WB in Device Manager
WIFI-452771,[ASUS][Quanta][ARL][AX101][X1407CA] YB right after installing driver,FW->PHY,69,[COMPONENT=FW->PHY] [ASUS][Quanta][ARL][AX101][X1407CA] YB right after installing driver
WIFI-513454,[WiFi]Roaming from an AP with strong signal to an AP with weak signal,FW->PHY,69,[COMPONENT=FW->PHY] [WiFi]Roaming from an AP with strong signal to an AP with weak signal
WIFI-520713,[Lenovo_IdeaPad][Wenchang][LCFC][LNL][SIT][24H2][BE201]WRT tool show WLAN error code 5002 with 04444 assert,FW->PHY,69,[COMPONENT=FW->PHY] [Lenovo_IdeaPad][Wenchang][LCFC][LNL][SIT][24H2][BE201]WRT tool show WLAN error code 5002 with 04444 assert
WIFI-524564,HP 3LS - SIP123857 - EB840G6(Crescent14 PRO 1.0) / Jabil / GC / Disconnect and Low transmit rate issue on Intel Ax2xx WLAN card / PC APJ,FW->PHY,69,[COMPONENT=FW->PHY] HP 3LS - SIP123857 - EB840G6(Crescent14 PRO 1.0) / Jabil / GC / Disconnect and Low transmit rate issue on Intel Ax2xx WLAN card / PC APJ
WIFI-542463,[GaP2][GfP2] MIMO2 value at DRTU Regulatory Power Limits Table,FW->PHY,69,[COMPONENT=FW->PHY] [GaP2][GfP2] MIMO2 value at DRTU Regulatory Power Limits Table
WIFI-599940,[WiFi]Disconnection on missed beacons occurs even if RX fata frames is received,FW->PHY,69,[COMPONENT=FW->PHY] [WiFi]Disconnection on missed beacons occurs even if RX fata frames is received
WIFI-627277,[Lenovo_ThinkPad][Field_issue][AX201]HSBC end-users complain that frequent WiFi roaming significantly affects the customer experience.,FW->PHY,69,[COMPONENT=FW->PHY] [Lenovo_ThinkPad][Field_issue][AX201]HSBC end-users complain that frequent WiFi roaming significantly affects the customer experience.
WIFI-636094,[ASUS][RPL][AX211][FX608JP] SAR tool shows failure in the test of AX211,FW->PHY,69,[COMPONENT=FW->PHY] [ASUS][RPL][AX211][FX608JP] SAR tool shows failure in the test of AX211
WIFI-638997,16/17Z90TR + BE201 wifi issue with event ID 5002 (AP : ASUS GT-AXE11000),FW->PHY,69,[COMPONENT=FW->PHY] 16/17Z90TR + BE201 wifi issue with event ID 5002 (AP : ASUS GT-AXE11000)
WIFI-671875,"[Lenovo][LCFC][Thinkbook 16P Gen5 IRX]the network show""Cant connect to this network"" and assert 0x84 & 0x20000066",FW->PHY,69,"[COMPONENT=FW->PHY] [Lenovo][LCFC][Thinkbook 16P Gen5 IRX]the network show""Cant connect to this network"" and assert 0x84 & 0x20000066"
WIFI-725436,"[Lenovo ldeaPad][LCFC][PTL 12Xe][CSLP][S511-16pro][25H2][FVT][BE211]Both the host and EUT sides will be fined 5002_FW_ASSERT after the machine connects to the 6G network and shares the 5G hotspot, 3/3Units, 3/3cycles",FW->PHY,69,"[COMPONENT=FW->PHY] [Lenovo ldeaPad][LCFC][PTL 12Xe][CSLP][S511-16pro][25H2][FVT][BE211]Both the host and EUT sides will be fined 5002_FW_ASSERT after the machine connects to the 6G network and shares the 5G hotspot, 3/3Units, 3/3cycles"
WIFI-729021,[LG][16Z90U][PTL/BE211/Win11 24H2] WiFi Yellow Bang(error code 10) occurs,FW->PHY,69,[COMPONENT=FW->PHY] [LG][16Z90U][PTL/BE211/Win11 24H2] WiFi Yellow Bang(error code 10) occurs
WIFI-730512,[Samsung][MTL][GfP2][P250708-05271] System cant found 6Ghz mobile hotspot.,FW->PHY,69,[COMPONENT=FW->PHY] [Samsung][MTL][GfP2][P250708-05271] System cant found 6Ghz mobile hotspot.
WIFI-750602,[Lenovo][Kailash][PTL/BE211][25H2]wifi cannot search & connect specific AP,FW->PHY,69,[COMPONENT=FW->PHY] [Lenovo][Kailash][PTL/BE211][25H2]wifi cannot search & connect specific AP
WIFI-750665,[Honor][FermatB][ARL][AX201][High probability]WiFi 5002 assert and abnormal disc,FW->PHY,69,[COMPONENT=FW->PHY] [Honor][FermatB][ARL][AX201][High probability]WiFi 5002 assert and abnormal disc
WIFI-755302,[Samsung][LNL][BE201][P250910-03659] P2P Pairing Failure After Provisioning,FW->PHY,69,[COMPONENT=FW->PHY] [Samsung][LNL][BE201][P250910-03659] P2P Pairing Failure After Provisioning
WIFI-772660,[Samsung][PTL][BE211][P251002-02293] The system can find the 6GHz mobile hotspot even when the systems MCC is set to an unavailable country.,FW->PHY,69,[COMPONENT=FW->PHY] [Samsung][PTL][BE211][P251002-02293] The system can find the 6GHz mobile hotspot even when the systems MCC is set to an unavailable country.
WIFI-776963,[Samsung][PTL][BE211][Venus6-16][P251028-08827] Drop WiFi Connection.,FW->PHY,69,[COMPONENT=FW->PHY] [Samsung][PTL][BE211][Venus6-16][P251028-08827] Drop WiFi Connection.
WIFI-778110,[Lenovo][Huaqin][PTL][BE213][S511_14_16]BT YB due to wifi assert 0x4444,FW->PHY,69,[COMPONENT=FW->PHY] [Lenovo][Huaqin][PTL][BE213][S511_14_16]BT YB due to wifi assert 0x4444
WIFI-812019,[Honor][Luxshare][ZhuqueC&XuanwuC][WiFi][AX211]The TIS is abnormal when the OTA test is in Channel 149-165,FW->PHY,69,[COMPONENT=FW->PHY] [Honor][Luxshare][ZhuqueC&XuanwuC][WiFi][AX211]The TIS is abnormal when the OTA test is in Channel 149-165
WIFI-817651,[Honor][LUX][NvwaB][WiFi][AX211][25H2]The wifi device YB error code 10 after resume from S4(FR:1/units),FW->PHY,69,[COMPONENT=FW->PHY] [Honor][LUX][NvwaB][WiFi][AX211][25H2]The wifi device YB error code 10 after resume from S4(FR:1/units)
WIFI-822842,[Honor][LUX][NvwaB][RPL][AX211][WiFi]The wifi disconnect and cant research the wifi,FW->PHY,69,[COMPONENT=FW->PHY] [Honor][LUX][NvwaB][RPL][AX211][WiFi]The wifi disconnect and cant research the wifi
WIFI-828629,[VAIO][PTL][BE211][TPT][sensing enable][low reproduce rate] WiFi throughput is slow when runnning on battery power with WiFi Sensing Enabled,FW->PHY,69,[COMPONENT=FW->PHY] [VAIO][PTL][BE211][TPT][sensing enable][low reproduce rate] WiFi throughput is slow when runnning on battery power with WiFi Sensing Enabled
WIFI-830753,[Honor][LUX][NvwaC][ARL-HX][AX211]The wifi cant get internet,FW->PHY,69,[COMPONENT=FW->PHY] [Honor][LUX][NvwaC][ARL-HX][AX211]The wifi cant get internet
WIFI-831588,[Dell][Wistron][Blade16 PTL] BE211 / BE213 lost one seconds during normal use in OS,FW->PHY,69,[COMPONENT=FW->PHY] [Dell][Wistron][Blade16 PTL] BE211 / BE213 lost one seconds during normal use in OS
WIFI-858002,[Samsung][PTL][BE211]Wi-Fi Performance Degradation on 6GHz Band during USB Device Connection,FW->PHY,69,[COMPONENT=FW->PHY] [Samsung][PTL][BE211]Wi-Fi Performance Degradation on 6GHz Band during USB Device Connection
WIFI-863552,[Dell_Compal]Intel Wi-Fi BE201 wireless performance is too low on Bolan LNL 14(PA14250),FW->PHY,69,[COMPONENT=FW->PHY] [Dell_Compal]Intel Wi-Fi BE201 wireless performance is too low on Bolan LNL 14(PA14250)
WIFI-879521,[DELL][PTL][WHP]Yukon 13 2in1 (P208G)_Sensor Power is greater than SAR settings,FW->PHY,69,[COMPONENT=FW->PHY] [DELL][PTL][WHP]Yukon 13 2in1 (P208G)_Sensor Power is greater than SAR settings
WIFI-881306,[Dynabook][PTL]DRTU Wifi/sinewave cant keep transmitting(BE211),FW->PHY,69,[COMPONENT=FW->PHY] [Dynabook][PTL]DRTU Wifi/sinewave cant keep transmitting(BE211)
WIFI-885455,[lenovo_ptl_paris] BSOD 9F (Netwaw18_IMAGE_pci.sys) occurred in MFG,FW->PHY,69,[COMPONENT=FW->PHY] [lenovo_ptl_paris] BSOD 9F (Netwaw18_IMAGE_pci.sys) occurred in MFG
WIFI-887892,"[Lenovo][Huaqin][PTL][BE213][S511_14_16]5002 event occur during warmboot test. Total BE213 SKU FR1/5UUTs,90/1500cycles,Fail unit FR:90/300cycles",FW->PHY,69,"[COMPONENT=FW->PHY] [Lenovo][Huaqin][PTL][BE213][S511_14_16]5002 event occur during warmboot test. Total BE213 SKU FR1/5UUTs,90/1500cycles,Fail unit FR:90/300cycles"
WIFI-105180,[Huawei][Quanta][BohrD][TGL-U][AX201][20H1][WiFi][804783154] Can connect wifi AP but hardly to access the Internet (Assert 0xC/0x8516),FW->Data Path,61,[COMPONENT=FW->Data Path] [Huawei][Quanta][BohrD][TGL-U][AX201][20H1][WiFi][804783154] Can connect wifi AP but hardly to access the Internet (Assert 0xC/0x8516)
WIFI-122382,[Samsung][Mars-13][QuickShare] Question about retransmission during file transferring via quick share.,FW->Data Path,61,[COMPONENT=FW->Data Path] [Samsung][Mars-13][QuickShare] Question about retransmission during file transferring via quick share.
WIFI-127249,"[Huawei][Wingtech][CurieM][AMD Cezanne][AX200][20H2]WIFi6 2.4G test Rx, WiFi speed cannot recover after BT",FW->Data Path,61,"[COMPONENT=FW->Data Path] [Huawei][Wingtech][CurieM][AMD Cezanne][AX200][20H2]WIFi6 2.4G test Rx, WiFi speed cannot recover after BT"
WIFI-134636,[Huawei][Quanta][KelvinD][Whiskey][9560][Wifi][20H1][804985627] Wifi device YB (code 43).,FW->Data Path,61,[COMPONENT=FW->Data Path] [Huawei][Quanta][KelvinD][Whiskey][9560][Wifi][20H1][804985627] Wifi device YB (code 43).
WIFI-144550,[Dell/Compal]SP14 MLK AX211 6E t-put easy disconnect,FW->Data Path,61,[COMPONENT=FW->Data Path] [Dell/Compal]SP14 MLK AX211 6E t-put easy disconnect
WIFI-177227,[Lenovo ThinkPad JP][LCFC][P15 P17][AX210]] AX210 WLAN show Yellow band in device manager when connect Enterprise-class router AX,FW->Data Path,61,[COMPONENT=FW->Data Path] [Lenovo ThinkPad JP][LCFC][P15 P17][AX210]] AX210 WLAN show Yellow band in device manager when connect Enterprise-class router AX
WIFI-188545,[Lenovo Thinkpad JP][Alderlake][Jaguar2/Panther2][GarfieldPeak2][Win10/Win11] 11ac-5Ghz Wifi performance is lower in DC mode compared to AC mode when using Netgear R9000 AP model,FW->Data Path,61,[COMPONENT=FW->Data Path] [Lenovo Thinkpad JP][Alderlake][Jaguar2/Panther2][GarfieldPeak2][Win10/Win11] 11ac-5Ghz Wifi performance is lower in DC mode compared to AC mode when using Netgear R9000 AP model
WIFI-196810,[lenovo_griffin] L860R+ mobile hot-spot clients disconnect after playing video for 1-2 minutes,FW->Data Path,61,[COMPONENT=FW->Data Path] [lenovo_griffin] L860R+ mobile hot-spot clients disconnect after playing video for 1-2 minutes
WIFI-209646,[NECPC-JP][WirelessLAN][JfP1]Cannot connect when AP is stealth enabled.,FW->Data Path,61,[COMPONENT=FW->Data Path] [NECPC-JP][WirelessLAN][JfP1]Cannot connect when AP is stealth enabled.
WIFI-216109,[Dell_Compal_Warlock N3V3 TGL]System unable to connect the hidden network,FW->Data Path,61,[COMPONENT=FW->Data Path] [Dell_Compal_Warlock N3V3 TGL]System unable to connect the hidden network
WIFI-219091,"[Dell_Compal_Warlock ICL]System will show ""No dispalys are available"" when press Win+'K' via Miracast.",FW->Data Path,61,"[COMPONENT=FW->Data Path] [Dell_Compal_Warlock ICL]System will show ""No dispalys are available"" when press Win+'K' via Miracast."
WIFI-227547,[Dell]Samsung S21 (WiFi 6) has bad downlink throughput while connecting with AX211 WiFi hotspot (22.140.0.3),FW->Data Path,61,[COMPONENT=FW->Data Path] [Dell]Samsung S21 (WiFi 6) has bad downlink throughput while connecting with AX211 WiFi hotspot (22.140.0.3)
WIFI-240752,[ASUS][X712JA][9462]wlan can not auto reconnect after reboot,FW->Data Path,61,[COMPONENT=FW->Data Path] [ASUS][X712JA][9462]wlan can not auto reconnect after reboot
WIFI-240803,[HP][Quanta]-SIO2113247 [DMG10][RPL][GFP2-AX211][Win11 22H2 Build 22621.4]-Device Manager show YB on WLAN when the connected network switches channels with Indonesia AR6 OS.,FW->Data Path,61,[COMPONENT=FW->Data Path] [HP][Quanta]-SIO2113247 [DMG10][RPL][GFP2-AX211][Win11 22H2 Build 22621.4]-Device Manager show YB on WLAN when the connected network switches channels with Indonesia AR6 OS.
WIFI-241906,[Asus] [COMPAL] [A5401WRA] [CML-S] [8265] [Win10 19044.1645] [100%] Audio playback are not smooth after connecting to the projector.,FW->Data Path,61,[COMPONENT=FW->Data Path] [Asus] [COMPAL] [A5401WRA] [CML-S] [8265] [Win10 19044.1645] [100%] Audio playback are not smooth after connecting to the projector.
WIFI-255172,Suddenly communication is lost,FW->Data Path,61,[COMPONENT=FW->Data Path] Suddenly communication is lost
WIFI-255990,[HUAWEI][Wingtech][DiracR][ADL-M][AX201[WiFi][22H2]PC uses Miracast for screen projection?view mang garbage,FW->Data Path,61,[COMPONENT=FW->Data Path] [HUAWEI][Wingtech][DiracR][ADL-M][AX201[WiFi][22H2]PC uses Miracast for screen projection?view mang garbage
WIFI-269415,"[HUAWEI][Wingtech][DiracR][ADL-P][AX201[WiFi][22H2]PC uses Miracast for screen projection?Find Abnormal screen (Fail rate: 2/2 units, 1/5 c)",FW->Data Path,61,"[COMPONENT=FW->Data Path] [HUAWEI][Wingtech][DiracR][ADL-P][AX201[WiFi][22H2]PC uses Miracast for screen projection?Find Abnormal screen (Fail rate: 2/2 units, 1/5 c)"
WIFI-269634,"[Lenovo-Thinkpad][lenovo][Golem2 Talos2 Inte][Raptor][AX201/AX211][22H2][100%] 22H2 FVT2.0: The online video show garbage twice a minute when project smartphone to PC and play video.(FR:2/2 units, 4/4 times)",FW->Data Path,61,"[COMPONENT=FW->Data Path] [Lenovo-Thinkpad][lenovo][Golem2 Talos2 Inte][Raptor][AX201/AX211][22H2][100%] 22H2 FVT2.0: The online video show garbage twice a minute when project smartphone to PC and play video.(FR:2/2 units, 4/4 times)"
WIFI-272654,"HP-SIP115149 - 450G9 /Intel WLAN AX211 error code 43 ,10 intermittently",FW->Data Path,61,"[COMPONENT=FW->Data Path] HP-SIP115149 - 450G9 /Intel WLAN AX211 error code 43 ,10 intermittently"
WIFI-283151,Dell/Compal][RPL][Nexus][DBS test] Killer1690i DBS test fail in OTA,FW->Data Path,61,[COMPONENT=FW->Data Path] Dell/Compal][RPL][Nexus][DBS test] Killer1690i DBS test fail in OTA
WIFI-300764,[HUAWEI][HUAQIN][MorganG][Intel RPL][Intel AX 211][WIFI][Win11]Suddenly disconnect wifi automatically while playing the game.There is 5002 error in event log.,FW->Data Path,61,[COMPONENT=FW->Data Path] [HUAWEI][HUAQIN][MorganG][Intel RPL][Intel AX 211][WIFI][Win11]Suddenly disconnect wifi automatically while playing the game.There is 5002 error in event log.
WIFI-302568,[Samsung][AX201][GMDE-758] WiFi Direct pairing is diconnected based on changing connected AP from peer(phone).,FW->Data Path,61,[COMPONENT=FW->Data Path] [Samsung][AX201][GMDE-758] WiFi Direct pairing is diconnected based on changing connected AP from peer(phone).
WIFI-307362,[HUAWEI][HUAQIN][MorganF][Intel ADL][Intel AX 211][WIFI][Win11]The WiFi disconnected and the wifi driver occured YB.,FW->Data Path,61,[COMPONENT=FW->Data Path] [HUAWEI][HUAQIN][MorganF][Intel ADL][Intel AX 211][WIFI][Win11]The WiFi disconnected and the wifi driver occured YB.
WIFI-310098,[HP][Quanta][Willie][MTL-P][GaP2 BE200 ES2][Win11 22H2 10.0.22621.1413]-22.235.0 DRTU tool running issue,FW->Data Path,61,[COMPONENT=FW->Data Path] [HP][Quanta][Willie][MTL-P][GaP2 BE200 ES2][Win11 22H2 10.0.22621.1413]-22.235.0 DRTU tool running issue
WIFI-310123,"[Wingtech][HUAWEI][yutu Gz][Raptor Lake][22H2]During the ""App online multimedia with reboot"" pressure test using the DUT tool, an Intel (R) Wi Fi 6 AX201 160MHz driver yellow bar appeared",FW->Data Path,61,"[COMPONENT=FW->Data Path] [Wingtech][HUAWEI][yutu Gz][Raptor Lake][22H2]During the ""App online multimedia with reboot"" pressure test using the DUT tool, an Intel (R) Wi Fi 6 AX201 160MHz driver yellow bar appeared"
WIFI-318638,[Samsung][GaP2] DRTU Error happened when DRTU did Tx stop,FW->Data Path,61,[COMPONENT=FW->Data Path] [Samsung][GaP2] DRTU Error happened when DRTU did Tx stop
WIFI-320974,[UX3405MA][BE200]device lost,FW->Data Path,61,[COMPONENT=FW->Data Path] [UX3405MA][BE200]device lost
WIFI-327039,"[Samsung][P230711-05053] When running Chrome and playing YouTube on an extended monitor connected via Miracast to a Galaxy S8+, the Miracast connection is disconnected.",FW->Data Path,61,"[COMPONENT=FW->Data Path] [Samsung][P230711-05053] When running Chrome and playing YouTube on an extended monitor connected via Miracast to a Galaxy S8+, the Miracast connection is disconnected."
WIFI-330099,[DELL/Compal][MTL][Tributo MTL] BE200 ES2 Wi-Fi(chain A) power not measurable,FW->Data Path,61,[COMPONENT=FW->Data Path] [DELL/Compal][MTL][Tributo MTL] BE200 ES2 Wi-Fi(chain A) power not measurable
WIFI-331588,[DELL/Compal][MTL][PistaMTL] AX211QS Wi-Fi(chain A) power not measurable,FW->Data Path,61,[COMPONENT=FW->Data Path] [DELL/Compal][MTL][PistaMTL] AX211QS Wi-Fi(chain A) power not measurable
WIFI-335395,"[HP][Quanta]-[Willie][MTL][Win11 22H2] Wi-Fi list shows ""No Wi-Fi networks found"" after idle about 1 hour with available AP connected.(Intel BE200)",FW->Data Path,61,"[COMPONENT=FW->Data Path] [HP][Quanta]-[Willie][MTL][Win11 22H2] Wi-Fi list shows ""No Wi-Fi networks found"" after idle about 1 hour with available AP connected.(Intel BE200)"
WIFI-342580,[Samsung][RPL][P230908-08904] P2P with Fold5 is disconnected suddenly.,FW->Data Path,61,[COMPONENT=FW->Data Path] [Samsung][RPL][P230908-08904] P2P with Fold5 is disconnected suddenly.
WIFI-350935,[Samsung][MTL GaP2]DRTU Error for specific DRTU Command line,FW->Data Path,61,[COMPONENT=FW->Data Path] [Samsung][MTL GaP2]DRTU Error for specific DRTU Command line
WIFI-351150,[Acer][Quanta][RPL-R][WiFi7 BE200] The computer cant find any network when idle or open camera over night[FR:3/12units],FW->Data Path,61,[COMPONENT=FW->Data Path] [Acer][Quanta][RPL-R][WiFi7 BE200] The computer cant find any network when idle or open camera over night[FR:3/12units]
WIFI-351864,Dell][Compal]OasisMTL_SUT show couldnt connect monitor via miracast.,FW->Data Path,61,[COMPONENT=FW->Data Path] Dell][Compal]OasisMTL_SUT show couldnt connect monitor via miracast.
WIFI-357574,[Honor][Huaqin][DarwinA][Intel MTL][Intel AX201][WiFi][22H2]The RSSI of the antenna test will follow the results of the previous test,FW->Data Path,61,[COMPONENT=FW->Data Path] [Honor][Huaqin][DarwinA][Intel MTL][Intel AX201][WiFi][22H2]The RSSI of the antenna test will follow the results of the previous test
WIFI-367755,[CLEVO][L2X0TU][MTL] BE200 Device Lost issue,FW->Data Path,61,[COMPONENT=FW->Data Path] [CLEVO][L2X0TU][MTL] BE200 Device Lost issue
WIFI-374125,[HUAWEI][HUAQIN][FlemingH][Intel MTL][Intel AX 201][WIFI][Win11]It occured WiFi YB(10) when enter the system.,FW->Data Path,61,[COMPONENT=FW->Data Path] [HUAWEI][HUAQIN][FlemingH][Intel MTL][Intel AX 201][WIFI][Win11]It occured WiFi YB(10) when enter the system.
WIFI-397284,[Dynabook] WLAN device show YB after resuming from modern standby,FW->Data Path,61,[COMPONENT=FW->Data Path] [Dynabook] WLAN device show YB after resuming from modern standby
WIFI-404187,[Honor][huaqin][DarwinA][MTL][AX201][High probability]wifi 50025005assert,FW->Data Path,61,[COMPONENT=FW->Data Path] [Honor][huaqin][DarwinA][MTL][AX201][High probability]wifi 50025005assert
WIFI-413941,(Copy Of 00882624) [Dell][Compal][OasisMTL][BE200]Bluetooth Device lost when run S4 on 24H2,FW->Data Path,61,[COMPONENT=FW->Data Path] (Copy Of 00882624) [Dell][Compal][OasisMTL][BE200]Bluetooth Device lost when run S4 on 24H2
WIFI-464562,[Dell]FmP2 at battery mode Tput degrade with Netgear AX12 (RAX120),FW->Data Path,61,[COMPONENT=FW->Data Path] [Dell]FmP2 at battery mode Tput degrade with Netgear AX12 (RAX120)
WIFI-470924,[ASUS/CS][LNL][BE201][UX5406SA]Throughput Significantly Affected by BT On/Off,FW->Data Path,61,[COMPONENT=FW->Data Path] [ASUS/CS][LNL][BE201][UX5406SA]Throughput Significantly Affected by BT On/Off
WIFI-483316,[Honor][Huaqin][MooreA][RPL][Intel AX211][WIFI][23H2]The wifi device YB,FW->Data Path,61,[COMPONENT=FW->Data Path] [Honor][Huaqin][MooreA][RPL][Intel AX211][WIFI][23H2]The wifi device YB
WIFI-506950,"[Honor][Wingtechh][FermatB][ARL-H][WiFi][AX201][24H2]The 5002 event caused the test PC hot spot disconnection. Fail rate: 1/1 unit, 1/6 cycles",FW->Data Path,61,"[COMPONENT=FW->Data Path] [Honor][Wingtechh][FermatB][ARL-H][WiFi][AX201][24H2]The 5002 event caused the test PC hot spot disconnection. Fail rate: 1/1 unit, 1/6 cycles"
WIFI-544301,[Honor][Wingtechh][FermatB][ARL-H][WiFi][AX201][24H2]WiFi driver yellow Bar issue restarted after the BIOS upgraded. Fail rate: 1/68  units,FW->Data Path,61,[COMPONENT=FW->Data Path] [Honor][Wingtechh][FermatB][ARL-H][WiFi][AX201][24H2]WiFi driver yellow Bar issue restarted after the BIOS upgraded. Fail rate: 1/68  units
WIFI-565450,[Honor][FermatB][ARL][WIFI][AX201][24H2][High probability]WiFi lost,FW->Data Path,61,[COMPONENT=FW->Data Path] [Honor][FermatB][ARL][WIFI][AX201][24H2][High probability]WiFi lost
WIFI-578536,[Intel/Commercial][Internal][RPL-R][BE202]Aux port PER100% with 23.100.0.4,FW->Data Path,61,[COMPONENT=FW->Data Path] [Intel/Commercial][Internal][RPL-R][BE202]Aux port PER100% with 23.100.0.4
WIFI-635365,16/17Z90TR + AX211 wifi issue with event ID 5002,FW->Data Path,61,[COMPONENT=FW->Data Path] 16/17Z90TR + AX211 wifi issue with event ID 5002
WIFI-639118,[Lenovo_ThinkPad][X13 Gen3][AX211[Win11] WiFi disconnected during daily using,FW->Data Path,61,[COMPONENT=FW->Data Path] [Lenovo_ThinkPad][X13 Gen3][AX211[Win11] WiFi disconnected during daily using
WIFI-682006,[WIKO][LC][MarseilleI][ARL-AX201][PVT][24H2]Test PC mobile hotspot unexcepted turn off  when running iperf,FW->Data Path,61,[COMPONENT=FW->Data Path] [WIKO][LC][MarseilleI][ARL-AX201][PVT][24H2]Test PC mobile hotspot unexcepted turn off  when running iperf
WIFI-704199,[Honor][DarwinB][ARL][AX211][always]P2P t-put is low with WiFi 5mobile  devices,FW->Data Path,61,[COMPONENT=FW->Data Path] [Honor][DarwinB][ARL][AX211][always]P2P t-put is low with WiFi 5mobile  devices
WIFI-753344,"[Lenovo NEC/Consumer][LCFC][ARL-HU][BE200][Lugia-DR] The WLAN transmission rate varies greatly between AC and DC modes.FR: 2/2Units, 8/8Cycles",FW->Data Path,61,"[COMPONENT=FW->Data Path] [Lenovo NEC/Consumer][LCFC][ARL-HU][BE200][Lugia-DR] The WLAN transmission rate varies greatly between AC and DC modes.FR: 2/2Units, 8/8Cycles"
WIFI-758082,[Lenovo][Kailash][PTL/BE211][25H2]wifi suddenly disconnected during MS,FW->Data Path,61,[COMPONENT=FW->Data Path] [Lenovo][Kailash][PTL/BE211][25H2]wifi suddenly disconnected during MS
WIFI-807648,[HP][Wistron][Chiharu26C1] The AP connection will be disconnected after WiFi connected but idle 5~8 minutes while CSR feature executing period in Intel BE211 SKU (QS silicon) SKU.,FW->Data Path,61,[COMPONENT=FW->Data Path] [HP][Wistron][Chiharu26C1] The AP connection will be disconnected after WiFi connected but idle 5~8 minutes while CSR feature executing period in Intel BE211 SKU (QS silicon) SKU.
WIFI-824339,[Xiaomi][RTL][AX203]The P2P streaming speed under simulated interference conditi,FW->Data Path,61,[COMPONENT=FW->Data Path] [Xiaomi][RTL][AX203]The P2P streaming speed under simulated interference conditi
WIFI-860211,[Honor][Huaqin][Fermi-Glite][MTL][Intel AX201][WiFi][25H2]Error occurred with the DRTU tool,FW->Data Path,61,[COMPONENT=FW->Data Path] [Honor][Huaqin][Fermi-Glite][MTL][Intel AX201][WiFi][25H2]Error occurred with the DRTU tool
WIFI-887949,HP Printing - Error when printing large format jobs causes brief disconnection - Intel Wi-Fi 6E AX211 and AX201 160Mhz,FW->Data Path,61,[COMPONENT=FW->Data Path] HP Printing - Error when printing large format jobs causes brief disconnection - Intel Wi-Fi 6E AX211 and AX201 160Mhz
WIFI-94356,[Huawei][Quanta][WrightD][TGL-U][AX201][20H2][WiFi][804689231]Wifi auto disconnected after ping internet for a while.,FW->Data Path,61,[COMPONENT=FW->Data Path] [Huawei][Quanta][WrightD][TGL-U][AX201][20H2][WiFi][804689231]Wifi auto disconnected after ping internet for a while.
WIFI-99246,[HP/SIO1953090/Win10/TGL/HrP2/Cyprus] Connection disconnect automatically and cannot connect back when playing online video overnight.,FW->Data Path,61,[COMPONENT=FW->Data Path] [HP/SIO1953090/Win10/TGL/HrP2/Cyprus] Connection disconnect automatically and cannot connect back when playing online video overnight.
WIFI-413660,"[Dell/Compal][TributoLNL] BE201 Wi-Fi always YB in device manager when system do CB during Early DVT2 BFT test , F/R:1/140",TOP->STEP,61,"[COMPONENT=TOP->STEP] [Dell/Compal][TributoLNL] BE201 Wi-Fi always YB in device manager when system do CB during Early DVT2 BFT test , F/R:1/140"
WIFI-417994,[Mars5] DV2 WLAN YB issue,TOP->STEP,61,[COMPONENT=TOP->STEP] [Mars5] DV2 WLAN YB issue
WIFI-418824,[Lenovo-IdeaPad][LNL][FmP2][YogaS990 FVT]WIFI lost with S4 stress,TOP->STEP,61,[COMPONENT=TOP->STEP] [Lenovo-IdeaPad][LNL][FmP2][YogaS990 FVT]WIFI lost with S4 stress
WIFI-421184,[LNL][BE201] YB Code 10 on BE201 WLAN encountered,TOP->STEP,61,[COMPONENT=TOP->STEP] [LNL][BE201] YB Code 10 on BE201 WLAN encountered
WIFI-424127,[Dell/Compal][TributoLNL_DVT2] WIFI BT YB on factory BFT test,TOP->STEP,61,[COMPONENT=TOP->STEP] [Dell/Compal][TributoLNL_DVT2] WIFI BT YB on factory BFT test
WIFI-453973,[Samsung][ARL][Venus5-16] WLAN device YB in device manager,TOP->STEP,61,[COMPONENT=TOP->STEP] [Samsung][ARL][Venus5-16] WLAN device YB in device manager
WIFI-456751,CITU stress failure on ASUS LNL P5405CSA (2230/33ohm/0xF1),TOP->STEP,61,[COMPONENT=TOP->STEP] CITU stress failure on ASUS LNL P5405CSA (2230/33ohm/0xF1)
WIFI-465691,[Lenovo][Curie-1][Wistron][MTL][GaP] WiFi icon will disappear from desktop lower right corner after idling to S0i3 ab,TOP->STEP,61,[COMPONENT=TOP->STEP] [Lenovo][Curie-1][Wistron][MTL][GaP] WiFi icon will disappear from desktop lower right corner after idling to S0i3 ab
WIFI-468811,[Lenovo_IdeaPad][Tianzhu 16][LCFC][FVT][24H2][BE201]WLAN Show YB(Assert 0x20004009) after turn off and turn on WIFI,TOP->STEP,61,[COMPONENT=TOP->STEP] [Lenovo_IdeaPad][Tianzhu 16][LCFC][FVT][24H2][BE201]WLAN Show YB(Assert 0x20004009) after turn off and turn on WIFI
WIFI-474213,[lenovo_lnl_eiger2]BE201 device YB when Wi-Fi on/off,TOP->STEP,61,[COMPONENT=TOP->STEP] [lenovo_lnl_eiger2]BE201 device YB when Wi-Fi on/off
WIFI-477517,[Dell_Compal][TRK14][ARL][FmP2]WLAN driver was show yellow bang when recover image,TOP->STEP,61,[COMPONENT=TOP->STEP] [Dell_Compal][TRK14][ARL][FmP2]WLAN driver was show yellow bang when recover image
WIFI-479724,[Lenovo][Compal][Ideapad S5P/S7P][ARL][BE201] WLAN device shows YB when idle.,TOP->STEP,61,[COMPONENT=TOP->STEP] [Lenovo][Compal][Ideapad S5P/S7P][ARL][BE201] WLAN device shows YB when idle.
WIFI-496617,[HP][QTA][BNB_Wafer][ARL-H/U_FmP2][Win11][24H2]Intel Fillmore Peak WLAN driver YB,TOP->STEP,61,[COMPONENT=TOP->STEP] [HP][QTA][BNB_Wafer][ARL-H/U_FmP2][Win11][24H2]Intel Fillmore Peak WLAN driver YB
WIFI-496624,[Factory]Machu13x SI build WLAN YB Code 10 cant recovery,TOP->STEP,61,[COMPONENT=TOP->STEP] [Factory]Machu13x SI build WLAN YB Code 10 cant recovery
WIFI-507218,"[Lenovo_IdeaPad][Wenchang][LCFC][LNL][SIT][24H2][BE201] Intel Wi-Fi 7 BE201 show yellow bang when resume from MS/S4/S5.(F/R: 1/2units, 3/24cycles).",TOP->STEP,61,"[COMPONENT=TOP->STEP] [Lenovo_IdeaPad][Wenchang][LCFC][LNL][SIT][24H2][BE201] Intel Wi-Fi 7 BE201 show yellow bang when resume from MS/S4/S5.(F/R: 1/2units, 3/24cycles)."
WIFI-518539,[Dell/Compal][PistaARL] BE201 WLAN YB on factory,TOP->STEP,61,[COMPONENT=TOP->STEP] [Dell/Compal][PistaARL] BE201 WLAN YB on factory
WIFI-521225,[Lenovo][LNL][BE201][Thames-2] WLAN YB during Reboot Loop test.,TOP->STEP,61,[COMPONENT=TOP->STEP] [Lenovo][LNL][BE201][Thames-2] WLAN YB during Reboot Loop test.
WIFI-527602,[Samsung][LNL][BE201]WLAN YB issue during system start,TOP->STEP,61,[COMPONENT=TOP->STEP] [Samsung][LNL][BE201]WLAN YB issue during system start
WIFI-533631,[NEC MAGI][LCFC][LNL-MX] Intel BE201 WIFI7 CNVi Module CITU tool,TOP->STEP,61,[COMPONENT=TOP->STEP] [NEC MAGI][LCFC][LNL-MX] Intel BE201 WIFI7 CNVi Module CITU tool
WIFI-545655,[LG][16Z90TR][ARL/BE201/Win11 24H2] BSOD 0x19E occurs after installing the image,TOP->STEP,61,[COMPONENT=TOP->STEP] [LG][16Z90TR][ARL/BE201/Win11 24H2] BSOD 0x19E occurs after installing the image
WIFI-563037,L260LU-E BE201 device missing,TOP->STEP,61,[COMPONENT=TOP->STEP] L260LU-E BE201 device missing
WIFI-574898,[HP][Quanta]-[Agusta][ARL-U/H][Win11 24H2] Wi-Fi has yellow bang when plug and unplug the USB printer.(Intel BE201),TOP->STEP,61,[COMPONENT=TOP->STEP] [HP][Quanta]-[Agusta][ARL-U/H][Win11 24H2] Wi-Fi has yellow bang when plug and unplug the USB printer.(Intel BE201)
WIFI-577874,[LG][17Z90T][ARL/BE201/Win11 24H2] WiFi Yellow Bang occurs during ESD test,TOP->STEP,61,[COMPONENT=TOP->STEP] [LG][17Z90T][ARL/BE201/Win11 24H2] WiFi Yellow Bang occurs during ESD test
WIFI-582252,[Dell][OasisMTL]Stress_MS_Win11_Intel(R) Wi-Fi 7 BE200 320MHz lost in DM(F/R:2/30units),TOP->STEP,61,[COMPONENT=TOP->STEP] [Dell][OasisMTL]Stress_MS_Win11_Intel(R) Wi-Fi 7 BE200 320MHz lost in DM(F/R:2/30units)
WIFI-584315,[Samsung][LNL][BE201][P250120-05741] WLAN device shows YB after resuming from S4.,TOP->STEP,61,[COMPONENT=TOP->STEP] [Samsung][LNL][BE201][P250120-05741] WLAN device shows YB after resuming from S4.
WIFI-600903,[LG][16Z90TR][ARL/BE201/Win11 24H2] Throughput measurement using Chariot stop due to Event ID 5002,TOP->STEP,61,[COMPONENT=TOP->STEP] [LG][16Z90TR][ARL/BE201/Win11 24H2] Throughput measurement using Chariot stop due to Event ID 5002
WIFI-618462,"[Samsung][LNL][BE201][Venus5-14] WLAN device disappeared with FW assert 0x20100505, 0x4009 after resuming from MS in low temp",TOP->STEP,61,"[COMPONENT=TOP->STEP] [Samsung][LNL][BE201][Venus5-14] WLAN device disappeared with FW assert 0x20100505, 0x4009 after resuming from MS in low temp"
WIFI-622197,[HP][Quanta][Trekker][ARL-H][Win11 24H2] WiFi will disable or lose function after ESD testing,TOP->STEP,61,[COMPONENT=TOP->STEP] [HP][Quanta][Trekker][ARL-H][Win11 24H2] WiFi will disable or lose function after ESD testing
WIFI-632491,wifi disconnection with windows event ID 5002,TOP->STEP,61,[COMPONENT=TOP->STEP] wifi disconnection with windows event ID 5002
WIFI-638934,16/17Z90T MP wifi disconnection with event ID 5002,TOP->STEP,61,[COMPONENT=TOP->STEP] 16/17Z90T MP wifi disconnection with event ID 5002
WIFI-665805,(Copy Of 00954736) 16/17Z90TR + BE201 event ID 5002 issue with Chariot Throuput test,TOP->STEP,61,[COMPONENT=TOP->STEP] (Copy Of 00954736) 16/17Z90TR + BE201 event ID 5002 issue with Chariot Throuput test
WIFI-672537,"[Lenovo_IdeaPad][LCFC][LNL][Sunrise][24H2][SIT][BE201]WLAN lost do MS stress test, FR: 1/22Units, 2/66000cycles",TOP->STEP,61,"[COMPONENT=TOP->STEP] [Lenovo_IdeaPad][LCFC][LNL][Sunrise][24H2][SIT][BE201]WLAN lost do MS stress test, FR: 1/22Units, 2/66000cycles"
WIFI-692008,[ASUS][ARL][BE201] UX3405CA unit occur WLAN device lost when running S4 aging + WIFI test.,TOP->STEP,61,[COMPONENT=TOP->STEP] [ASUS][ARL][BE201] UX3405CA unit occur WLAN device lost when running S4 aging + WIFI test.
WIFI-713970,[Lenovo-Ideapad][YOGA9P 16][PTL][24H2] WIFI YB after idle,TOP->STEP,61,[COMPONENT=TOP->STEP] [Lenovo-Ideapad][YOGA9P 16][PTL][24H2] WIFI YB after idle
WIFI-719076,[Dell][Compal][Pista ARL] WLAN YB issue on Ramp build,TOP->STEP,61,[COMPONENT=TOP->STEP] [Dell][Compal][Pista ARL] WLAN YB issue on Ramp build
WIFI-732858,"[Lenovo][Huaqin][TB_1416+_Gen8][PTL][Win11_25H2][EVT] WIFI show YB when run CB.(F/R 1/1 UUTs, 5/200Cycles)",TOP->STEP,61,"[COMPONENT=TOP->STEP] [Lenovo][Huaqin][TB_1416+_Gen8][PTL][Win11_25H2][EVT] WIFI show YB when run CB.(F/R 1/1 UUTs, 5/200Cycles)"
WIFI-733841,[LG][16Z90U][PTL/BE211/Win11 24H2] Event ID 5002 occurs during S5 cycles,TOP->STEP,61,[COMPONENT=TOP->STEP] [LG][16Z90U][PTL/BE211/Win11 24H2] Event ID 5002 occurs during S5 cycles
WIFI-736954,[HP][Quanta]-[Trekker][PTL-H][Win11 25H2] Wlan and BT lost from quick setting about 1s then auto recover during playing local video with BT headphone and BT mouse connected.(Intel BE211),TOP->STEP,61,[COMPONENT=TOP->STEP] [HP][Quanta]-[Trekker][PTL-H][Win11 25H2] Wlan and BT lost from quick setting about 1s then auto recover during playing local video with BT headphone and BT mouse connected.(Intel BE211)
WIFI-739113,[Lenovo][Huaqin][PTL][BE213@2230/160Mhz][S511_14_16]WLAN show YB and BT device lost  when boot to system and idle about 1min.FR:1/5UUTs,TOP->STEP,61,[COMPONENT=TOP->STEP] [Lenovo][Huaqin][PTL][BE213@2230/160Mhz][S511_14_16]WLAN show YB and BT device lost  when boot to system and idle about 1min.FR:1/5UUTs
WIFI-739243,[lenovo_arlh_daisy]BE201 YB  after s0i3 at 0 degree,TOP->STEP,61,[COMPONENT=TOP->STEP] [lenovo_arlh_daisy]BE201 YB  after s0i3 at 0 degree
WIFI-742496,[HP][Factory][CashmereI][Win11 24H2][PTL-H][WhP2]CashmereI SI-R build report WLAN missing and YB Code 10.,TOP->STEP,61,[COMPONENT=TOP->STEP] [HP][Factory][CashmereI][Win11 24H2][PTL-H][WhP2]CashmereI SI-R build report WLAN missing and YB Code 10.
WIFI-742498,"[Lenovo_IdeaPad][Wenchang][LCFC][LNL][SIT][25H2][BE201]Intel Wi-Fi 7 BE201 show yellow bang when resume from MS.(F/R:1/2 units,2/40 cycles)",TOP->STEP,61,"[COMPONENT=TOP->STEP] [Lenovo_IdeaPad][Wenchang][LCFC][LNL][SIT][25H2][BE201]Intel Wi-Fi 7 BE201 show yellow bang when resume from MS.(F/R:1/2 units,2/40 cycles)"
WIFI-751930,[Lenovo][Huaqin][C711_1416][PTL][Win_25H2][SIT][BE213_QS] The WLNA/BT lost and have event ID 5002 duing CB stress test(F/R: 3/10 UUTs; 3/3000 Cycles),TOP->STEP,61,[COMPONENT=TOP->STEP] [Lenovo][Huaqin][C711_1416][PTL][Win_25H2][SIT][BE213_QS] The WLNA/BT lost and have event ID 5002 duing CB stress test(F/R: 3/10 UUTs; 3/3000 Cycles)
WIFI-753385,[HP][Factory][Machu16W][Win11 24H2][ARL-H][FmP2]Machu14W/16W MV report WLAN YB or Missing,TOP->STEP,61,[COMPONENT=TOP->STEP] [HP][Factory][Machu16W][Win11 24H2][ARL-H][FmP2]Machu14W/16W MV report WLAN YB or Missing
WIFI-755327,"[Lenovo ThinkPad/Commercial][LCFC][LNL][BE201][Thames-2 LNL/Mersey2-LNL] Field issue report of WLAN fail to start, 3 customers, 3 Thames, and 7 Mersey",TOP->STEP,61,"[COMPONENT=TOP->STEP] [Lenovo ThinkPad/Commercial][LCFC][LNL][BE201][Thames-2 LNL/Mersey2-LNL] Field issue report of WLAN fail to start, 3 customers, 3 Thames, and 7 Mersey"
WIFI-759100,[HP][Quanta]-[Trekker][ARL-H][Win11 24H2] WLAN lost and showed YB during Prime95k with WIFI connected.(BE201),TOP->STEP,61,[COMPONENT=TOP->STEP] [HP][Quanta]-[Trekker][ARL-H][Win11 24H2] WLAN lost and showed YB during Prime95k with WIFI connected.(BE201)
WIFI-759344,[HP][Quanta]-[Trekker][PTL-H][Win11 25H2] WLAN and BT will lost 1sec during file transfer via BT(assert code 5002)(Intel BE211),TOP->STEP,61,[COMPONENT=TOP->STEP] [HP][Quanta]-[Trekker][PTL-H][Win11 25H2] WLAN and BT will lost 1sec during file transfer via BT(assert code 5002)(Intel BE211)
WIFI-759476,[Lenovo-Ideapad][YOGA9P 16][PTL][25H2] WIFI YB after idle with FVT build,TOP->STEP,61,[COMPONENT=TOP->STEP] [Lenovo-Ideapad][YOGA9P 16][PTL][25H2] WIFI YB after idle with FVT build
WIFI-760886,[Dell][Wistron][Ghostrider14/16 PTL]BE211 WIFI YB after system idle for a while,TOP->STEP,61,[COMPONENT=TOP->STEP] [Dell][Wistron][Ghostrider14/16 PTL]BE211 WIFI YB after system idle for a while
WIFI-761777,[Sasmung][PTL][BE211] WLAN Device YB,TOP->STEP,61,[COMPONENT=TOP->STEP] [Sasmung][PTL][BE211] WLAN Device YB
WIFI-768487,[HP][Wistron][26C1_Turbine_PTL][WhP2]WLAN/BT disappear and disconnect during RF Immunity test (#2 50V/300Mhz-400Mhz),TOP->STEP,61,[COMPONENT=TOP->STEP] [HP][Wistron][26C1_Turbine_PTL][WhP2]WLAN/BT disappear and disconnect during RF Immunity test (#2 50V/300Mhz-400Mhz)
WIFI-772672,[LG][16Z90U][PTL/BE211/Win11 24H2] Event ID 5002 occurs during reboot cycles,TOP->STEP,61,[COMPONENT=TOP->STEP] [LG][16Z90U][PTL/BE211/Win11 24H2] Event ID 5002 occurs during reboot cycles
WIFI-778106,"[HP][bDT][SI-build][Moomin][PTL-H][BE211][ES2][W11_25H2]Error message:""PCI configuration change detected""occurred when run vCosmos_WinPVT v11.15.0 Restart Test.",TOP->STEP,61,"[COMPONENT=TOP->STEP] [HP][bDT][SI-build][Moomin][PTL-H][BE211][ES2][W11_25H2]Error message:""PCI configuration change detected""occurred when run vCosmos_WinPVT v11.15.0 Restart Test."
WIFI-801106,[Samsung][PTL][BE211][PR Build] WLAN Device shows YB.,TOP->STEP,61,[COMPONENT=TOP->STEP] [Samsung][PTL][BE211][PR Build] WLAN Device shows YB.
WIFI-818038,[Lenovo ldeaPad/Consumer][LCFC][PTL 4Xe][BE211][Teide]Stress_FB_System event log occur Netwaw18 error(Event ID:5xxx)(FR:1/28units),TOP->STEP,61,[COMPONENT=TOP->STEP] [Lenovo ldeaPad/Consumer][LCFC][PTL 4Xe][BE211][Teide]Stress_FB_System event log occur Netwaw18 error(Event ID:5xxx)(FR:1/28units)
WIFI-822835,[FCCL][TWL][GfP2]Error 5002 occurs during modern standby,TOP->STEP,61,[COMPONENT=TOP->STEP] [FCCL][TWL][GfP2]Error 5002 occurs during modern standby
WIFI-826512,"[MSI][PTL][BE211][B211_PTL-4Xe_wifi 7][0x20100505][YB] Wifi yellow bang, FW assert 0x20100505",TOP->STEP,61,"[COMPONENT=TOP->STEP] [MSI][PTL][BE211][B211_PTL-4Xe_wifi 7][0x20100505][YB] Wifi yellow bang, FW assert 0x20100505"
WIFI-855535,"[HP][bDT][Factory][Moomin][PTL-H][BE211][MV][W11_25H2]The wlan device will be lost when running ""Run-In test"" of diag imagein factory.",TOP->STEP,61,"[COMPONENT=TOP->STEP] [HP][bDT][Factory][Moomin][PTL-H][BE211][MV][W11_25H2]The wlan device will be lost when running ""Run-In test"" of diag imagein factory."
WIFI-860882,(Copy Of 01005571) [Dell_Compal][SLT14][PTL][WHP2]Test Miracast connection failure and found BT lost.,TOP->STEP,61,[COMPONENT=TOP->STEP] (Copy Of 01005571) [Dell_Compal][SLT14][PTL][WHP2]Test Miracast connection failure and found BT lost.
WIFI-869452,[Lenovo][Kailash][PTL/BE211@1216/320Mhz][25H2]wifi lost when doing MS stress tes,TOP->STEP,61,[COMPONENT=TOP->STEP] [Lenovo][Kailash][PTL/BE211@1216/320Mhz][25H2]wifi lost when doing MS stress tes
WIFI-873434,[HP][Wistron][ 26C1_Chiharu_PTL][H12XE][WHP2[Win11 25H2 Build 26200.7462] Intel Dual Bluetooth PCI Enumerator Shows Yellow Bang (Code 10) with Event Error 5002  Netwaw18.sys,TOP->STEP,61,[COMPONENT=TOP->STEP] [HP][Wistron][ 26C1_Chiharu_PTL][H12XE][WHP2[Win11 25H2 Build 26200.7462] Intel Dual Bluetooth PCI Enumerator Shows Yellow Bang (Code 10) with Event Error 5002  Netwaw18.sys
BT-107764,intel advertisement interface debug: enable filter failed,Host Windows- Driver->ibtusb,56,[COMPONENT=Host Windows- Driver->ibtusb] intel advertisement interface debug: enable filter failed
BT-115115,[HP] - SIO2161249 [Trinidad 1.0 ][CFL-S][ThP2-9260][Win10 22H2] ? BSE0x7f occurred when running WinPVT 11.9.0 /Restart for 120 loops(1s to shut down).,Host Windows- Driver->ibtusb,56,[COMPONENT=Host Windows- Driver->ibtusb] [HP] - SIO2161249 [Trinidad 1.0 ][CFL-S][ThP2-9260][Win10 22H2] ? BSE0x7f occurred when running WinPVT 11.9.0 /Restart for 120 loops(1s to shut down).
BT-161655,[Dell][Wistron][Scorpio] Recording supports BT offload on AX210(1675x),Host Windows- Driver->ibtusb,56,[COMPONENT=Host Windows- Driver->ibtusb] [Dell][Wistron][Scorpio] Recording supports BT offload on AX210(1675x)
BT-162869,"[Lenovo Thinkbook][Lenovo][TB 13X G4][Intel AX211]  The unit show BSOD (stop code:PAGE_FAULT_IN_NONPAGED_AREA,with memory dump) when running stress_CB. (FR:1/22 units; 1/5190 cycles)",Host Windows- Driver->ibtusb,56,"[COMPONENT=Host Windows- Driver->ibtusb] [Lenovo Thinkbook][Lenovo][TB 13X G4][Intel AX211]  The unit show BSOD (stop code:PAGE_FAULT_IN_NONPAGED_AREA,with memory dump) when running stress_CB. (FR:1/22 units; 1/5190 cycles)"
BT-163432,[Xiaomi][M59S][Huaqin][RPL]Bsod 0x9F point to BT related,Host Windows- Driver->ibtusb,56,[COMPONENT=Host Windows- Driver->ibtusb] [Xiaomi][M59S][Huaqin][RPL]Bsod 0x9F point to BT related
BT-168393,[Yuanchen][BT][Huawei][VangoghH][MTL][FOT]start advertise fail with 317,Host Windows- Driver->ibtusb,56,[COMPONENT=Host Windows- Driver->ibtusb] [Yuanchen][BT][Huawei][VangoghH][MTL][FOT]start advertise fail with 317
BT-173014,[HP][MTL-U][GaP2_QS][Win11 22H2] System occur BSOD 0x9F and Intel WLAN device shows YB after install wlan driver.,Host Windows- Driver->ibtusb,56,[COMPONENT=Host Windows- Driver->ibtusb] [HP][MTL-U][GaP2_QS][Win11 22H2] System occur BSOD 0x9F and Intel WLAN device shows YB after install wlan driver.
BT-179319,[HP] - SIO2207229 - [Sparty/Goldy_MTL] Intel Tile Device is shown in hidden device of Device Manager (AX211/BE200),Host Windows- Driver->ibtusb,56,[COMPONENT=Host Windows- Driver->ibtusb] [HP] - SIO2207229 - [Sparty/Goldy_MTL] Intel Tile Device is shown in hidden device of Device Manager (AX211/BE200)
BT-185348,[Huangxianwei][BT][Huawei][VangogH][MTL][FOT]IOCTL_IBT_START_ADVERTISER command to return 31,Host Windows- Driver->ibtusb,56,[COMPONENT=Host Windows- Driver->ibtusb] [Huangxianwei][BT][Huawei][VangogH][MTL][FOT]IOCTL_IBT_START_ADVERTISER command to return 31
BT-194974,[Huangxianwei][BT][Huawei][VangogH][MTL][FOT]SCAN_IBT_SET_ADVERTISEMENT_FILTER_ENABLE command to return 31,Host Windows- Driver->ibtusb,56,[COMPONENT=Host Windows- Driver->ibtusb] [Huangxianwei][BT][Huawei][VangogH][MTL][FOT]SCAN_IBT_SET_ADVERTISEMENT_FILTER_ENABLE command to return 31
BT-195182,[Huangxianwei][BT][Huawei][VangogH][MTL][PVT][WW47Co]SCAN_IBT_SET_MONITOR_ADVERTISEMENT command return 31,Host Windows- Driver->ibtusb,56,[COMPONENT=Host Windows- Driver->ibtusb] [Huangxianwei][BT][Huawei][VangogH][MTL][PVT][WW47Co]SCAN_IBT_SET_MONITOR_ADVERTISEMENT command return 31
BT-203619,[HP][IEC] - SIO2239966[Baymax][MTL][GAP-BE200][Win11 22631.2428]Unit occurred 0x9f after resume from S4 warm dock,Host Windows- Driver->ibtusb,56,[COMPONENT=Host Windows- Driver->ibtusb] [HP][IEC] - SIO2239966[Baymax][MTL][GAP-BE200][Win11 22631.2428]Unit occurred 0x9f after resume from S4 warm dock
BT-205823,[HUAWEI][HUAQIN][FlemingH][Intel MTL][Intel AX 201][BT][Win11]It occured Bluetooth driver YB(10) when running shutdown test.,Host Windows- Driver->ibtusb,56,[COMPONENT=Host Windows- Driver->ibtusb] [HUAWEI][HUAQIN][FlemingH][Intel MTL][Intel AX 201][BT][Win11]It occured Bluetooth driver YB(10) when running shutdown test.
BT-208709,[HUAWEI][HUAQIN][FlemingH][Intel MTL][Intel AX 201][BT][Win11]The bluetooth driver is lost/YB when running warmboot/S4 test.,Host Windows- Driver->ibtusb,56,[COMPONENT=Host Windows- Driver->ibtusb] [HUAWEI][HUAQIN][FlemingH][Intel MTL][Intel AX 201][BT][Win11]The bluetooth driver is lost/YB when running warmboot/S4 test.
BT-211940,[Huangxianwei[BT][Huawei][VangogH][MTL][PVT]IOCTL_IBT_STOP_ADVERTISER command t,Host Windows- Driver->ibtusb,56,[COMPONENT=Host Windows- Driver->ibtusb] [Huangxianwei[BT][Huawei][VangogH][MTL][PVT]IOCTL_IBT_STOP_ADVERTISER command t
BT-215582,"[YuanChen][BT][Huawei][VangogH][MTL][PVT]BT Yellow band,error code 10,BTHUSB 17 during power circle",Host Windows- Driver->ibtusb,56,"[COMPONENT=Host Windows- Driver->ibtusb] [YuanChen][BT][Huawei][VangogH][MTL][PVT]BT Yellow band,error code 10,BTHUSB 17 during power circle"
BT-215640,[HP][IEC] - SIO2248431[Bobcats][MTL][GAP-BE200][Win11 22631.2715]BSOD 0x7E during running Weekly long idle AC test.,Host Windows- Driver->ibtusb,56,[COMPONENT=Host Windows- Driver->ibtusb] [HP][IEC] - SIO2248431[Bobcats][MTL][GAP-BE200][Win11 22631.2715]BSOD 0x7E during running Weekly long idle AC test.
BT-223470,"[Honor][Huaqin][MooreA][Meteor Lake][Ax211][BT]After connecting the lightning port of the testing machine to TBT4 storage, a BSOD must appear, pointing to the BT drive",Host Windows- Driver->ibtusb,56,"[COMPONENT=Host Windows- Driver->ibtusb] [Honor][Huaqin][MooreA][Meteor Lake][Ax211][BT]After connecting the lightning port of the testing machine to TBT4 storage, a BSOD must appear, pointing to the BT drive"
BT-224323,When connecting  AORUS GTX 1070 Gaming Box  item the system occurs BSoD: CA,Host Windows- Driver->ibtusb,56,[COMPONENT=Host Windows- Driver->ibtusb] When connecting  AORUS GTX 1070 Gaming Box  item the system occurs BSoD: CA
BT-235950,[Samsung][WHL][JfP2] LE mouse stop working after upgrade BT driver from 22.x to 23.30,Host Windows- Driver->ibtusb,56,[COMPONENT=Host Windows- Driver->ibtusb] [Samsung][WHL][JfP2] LE mouse stop working after upgrade BT driver from 22.x to 23.30
BT-241289,[Bluetooth]CANNOT access internet using the bluetooth hotspot connection,Host Windows- Driver->ibtusb,56,[COMPONENT=Host Windows- Driver->ibtusb] [Bluetooth]CANNOT access internet using the bluetooth hotspot connection
BT-244631,[HP] Instadock [Baymax][MTL][GFP2-AX211][Win11 24H2] The system got BSOD 50 after plugging the dock connecter to register.,Host Windows- Driver->ibtusb,56,[COMPONENT=Host Windows- Driver->ibtusb] [HP] Instadock [Baymax][MTL][GFP2-AX211][Win11 24H2] The system got BSOD 50 after plugging the dock connecter to register.
BT-247776,[HP][Baymax][MTL][GfP2-AX211][Win11 24H2] System cannot send beacon in RS mode.,Host Windows- Driver->ibtusb,56,[COMPONENT=Host Windows- Driver->ibtusb] [HP][Baymax][MTL][GfP2-AX211][Win11 24H2] System cannot send beacon in RS mode.
BT-258267,[Samsung][LNL][FmP2] 0x9F BSoD(ibtusb.sys) occured during aging test,Host Windows- Driver->ibtusb,56,[COMPONENT=Host Windows- Driver->ibtusb] [Samsung][LNL][FmP2] 0x9F BSoD(ibtusb.sys) occured during aging test
BT-264169,The power consumption concern of AX211 Instadock functionality,Host Windows- Driver->ibtusb,56,[COMPONENT=Host Windows- Driver->ibtusb] The power consumption concern of AX211 Instadock functionality
BT-264795,[HP][Wistron][25C1_Cadet_LNL-MX][GfP2][Win11 24H2 Build 26100.1150]  BT device will lost after system reboot. (BT host interface: USB) (FR: 1/10),Host Windows- Driver->ibtusb,56,[COMPONENT=Host Windows- Driver->ibtusb] [HP][Wistron][25C1_Cadet_LNL-MX][GfP2][Win11 24H2 Build 26100.1150]  BT device will lost after system reboot. (BT host interface: USB) (FR: 1/10)
BT-266174,[HP][Wistron][24C2_Snowball WildheartOC][ARL-S][GaP2][Win11 24H2 Build 26100.1150]  BT PPAG feature error with BT driver sbhbtw106772_23.60.0.1,Host Windows- Driver->ibtusb,56,[COMPONENT=Host Windows- Driver->ibtusb] [HP][Wistron][24C2_Snowball WildheartOC][ARL-S][GaP2][Win11 24H2 Build 26100.1150]  BT PPAG feature error with BT driver sbhbtw106772_23.60.0.1
BT-300418,"[Lenovo_IdeaPad][Tianzhu 16][LCFC][SVT][24H2]BT device show YB after resume from WB/MS, FR: 4/351Units",Host Windows- Driver->ibtusb,56,"[COMPONENT=Host Windows- Driver->ibtusb] [Lenovo_IdeaPad][Tianzhu 16][LCFC][SVT][24H2]BT device show YB after resume from WB/MS, FR: 4/351Units"
BT-30088,[Lenovo ThinkPad JP][LCFC][Drift3/Ironhide3][SVT][TGL][TYP2][20H2] BSOD 0x5c after restart by manual(FR:2/600 units),Host Windows- Driver->ibtusb,56,[COMPONENT=Host Windows- Driver->ibtusb] [Lenovo ThinkPad JP][LCFC][Drift3/Ironhide3][SVT][TGL][TYP2][20H2] BSOD 0x5c after restart by manual(FR:2/600 units)
BT-302258,[Dell_Compal][RNG][ARL][FmP2]SUT hang black screen w/ dump(DRIVER_POWER_STATE_FAILURE (9f)) when run S4 stress on Raid0/Raid1,Host Windows- Driver->ibtusb,56,[COMPONENT=Host Windows- Driver->ibtusb] [Dell_Compal][RNG][ARL][FmP2]SUT hang black screen w/ dump(DRIVER_POWER_STATE_FAILURE (9f)) when run S4 stress on Raid0/Raid1
BT-302284,"[Lenovo][IdeaPad 5 2-in-1 14/16IAL10][ARL][24H2] AX203 WIFI will show YB(error code:10) when running CB/S4 test.(F/R: 5/30 by UUTs, 5/3000 by cycles)",Host Windows- Driver->ibtusb,56,"[COMPONENT=Host Windows- Driver->ibtusb] [Lenovo][IdeaPad 5 2-in-1 14/16IAL10][ARL][24H2] AX203 WIFI will show YB(error code:10) when running CB/S4 test.(F/R: 5/30 by UUTs, 5/3000 by cycles)"
BT-316802,[Dynabook]BT device Lost during Hibernation/shutdown heatrun test,Host Windows- Driver->ibtusb,56,[COMPONENT=Host Windows- Driver->ibtusb] [Dynabook]BT device Lost during Hibernation/shutdown heatrun test
BT-317973,[HP][Wistron][25C1_Turbine_LNL][BT over USB][FmP2][Win11 24H2 Build 26100.3037] [SBHBTW126523_23.110.1.2G] SUT encounter BSOD 0x9f while running Winpvt Hibernate Focus. (FR: 1/25),Host Windows- Driver->ibtusb,56,[COMPONENT=Host Windows- Driver->ibtusb] [HP][Wistron][25C1_Turbine_LNL][BT over USB][FmP2][Win11 24H2 Build 26100.3037] [SBHBTW126523_23.110.1.2G] SUT encounter BSOD 0x9f while running Winpvt Hibernate Focus. (FR: 1/25)
BT-319074,[Xiaomi][Huaqin][N56s_N57s][ARL][Win11] [MP]Occur BSOD 9f point to ibtusb after reboot system.[FR:1 out of 1400 units;],Host Windows- Driver->ibtusb,56,[COMPONENT=Host Windows- Driver->ibtusb] [Xiaomi][Huaqin][N56s_N57s][ARL][Win11] [MP]Occur BSOD 9f point to ibtusb after reboot system.[FR:1 out of 1400 units;]
BT-339138,[HP][IEC] - [Machu][ARL][Fmp2-BE201][Win11 24H2]Machu factory hang HP logo,Host Windows- Driver->ibtusb,56,[COMPONENT=Host Windows- Driver->ibtusb] [HP][IEC] - [Machu][ARL][Fmp2-BE201][Win11 24H2]Machu factory hang HP logo
BT-343402,[WIKO][LC][MarseilleI][ARL-AX201][DVT2][24H2]The BT device was lost when testing the cooperative connection between the mobile phone and computer,Host Windows- Driver->ibtusb,56,[COMPONENT=Host Windows- Driver->ibtusb] [WIKO][LC][MarseilleI][ARL-AX201][DVT2][24H2]The BT device was lost when testing the cooperative connection between the mobile phone and computer
BT-377776,[Lenovo Thinkpad/LCFC][Lamarr-2.0_ARL/ARL/FmP][USB] The Bluetooth-related device is lost when using the MIKE II tool to run hibernate resume (manual resume). Fail Rate: 1unit 578/3995 trials.,Host Windows- Driver->ibtusb,56,[COMPONENT=Host Windows- Driver->ibtusb] [Lenovo Thinkpad/LCFC][Lamarr-2.0_ARL/ARL/FmP][USB] The Bluetooth-related device is lost when using the MIKE II tool to run hibernate resume (manual resume). Fail Rate: 1unit 578/3995 trials.
BT-384348,[HP][Wafer14R][RPL-R][AX211][Win11 24H2 v26100.4351] Instadock cant be registration occurs without the need for notebook restart when enbale it by HPX.,Host Windows- Driver->ibtusb,56,[COMPONENT=Host Windows- Driver->ibtusb] [HP][Wafer14R][RPL-R][AX211][Win11 24H2 v26100.4351] Instadock cant be registration occurs without the need for notebook restart when enbale it by HPX.
BT-391836,[DELL][RPL] Latitude 5350  | Wi-Fi connection drop (gone from task bar) after sleep when use Trend Micro security software,Host Windows- Driver->ibtusb,56,[COMPONENT=Host Windows- Driver->ibtusb] [DELL][RPL] Latitude 5350  | Wi-Fi connection drop (gone from task bar) after sleep when use Trend Micro security software
BT-39513,[Venus-13][TyP2] BT does not work after resume from S4,Host Windows- Driver->ibtusb,56,[COMPONENT=Host Windows- Driver->ibtusb] [Venus-13][TyP2] BT does not work after resume from S4
BT-40022,[HP] - SIO1989712 [Solitaire][ADL-S][GFP2-AX211][20H2] ? System hang up and occur CATERR when sending large size file via AX211 BT with C state enabled.,Host Windows- Driver->ibtusb,56,[COMPONENT=Host Windows- Driver->ibtusb] [HP] - SIO1989712 [Solitaire][ADL-S][GFP2-AX211][20H2] ? System hang up and occur CATERR when sending large size file via AX211 BT with C state enabled.
BT-41928,"[Huawei][Quanta][H9H][HookeD][TGL][AX201][20H2][BUG-20210802-32961]HLK-Bluetooth - HciExtension1 (Bring Up) fails with Reserved flags (0xffffffffffffff80) are set by the radio, they should be zeroed out.",Host Windows- Driver->ibtusb,56,"[COMPONENT=Host Windows- Driver->ibtusb] [Huawei][Quanta][H9H][HookeD][TGL][AX201][20H2][BUG-20210802-32961]HLK-Bluetooth - HciExtension1 (Bring Up) fails with Reserved flags (0xffffffffffffff80) are set by the radio, they should be zeroed out."
BT-423057,"[HP][QTA][BNB][WCL][Gorgonzola]SIO2448157:ABBA and extend Monitor cant wake up when ""Quick Connect"" is set to ""Enable"" and unit approach to the dock within 3 meters([Abba_9X3V1AA]",Host Windows- Driver->ibtusb,56,"[COMPONENT=Host Windows- Driver->ibtusb] [HP][QTA][BNB][WCL][Gorgonzola]SIO2448157:ABBA and extend Monitor cant wake up when ""Quick Connect"" is set to ""Enable"" and unit approach to the dock within 3 meters([Abba_9X3V1AA]"
BT-432459,[Honor][LUX][NvwaC][ARL-refresh][AX211]Intel application service device cant enum in device manager,Host Windows- Driver->ibtusb,56,[COMPONENT=Host Windows- Driver->ibtusb] [Honor][LUX][NvwaC][ARL-refresh][AX211]Intel application service device cant enum in device manager
BT-45129,[Lenovo ThinkPad JP][LCFC][]P15 Gen2][AX210]P15 Gen2 QN20E1 & QN20E5: Win11: HLK: System - PNP with IO test solid BSOD C4 @ caused by Intel BT driver,Host Windows- Driver->ibtusb,56,[COMPONENT=Host Windows- Driver->ibtusb] [Lenovo ThinkPad JP][LCFC][]P15 Gen2][AX210]P15 Gen2 QN20E1 & QN20E5: Win11: HLK: System - PNP with IO test solid BSOD C4 @ caused by Intel BT driver
BT-45900,"[Samsung][Win11-R][HLK][TITAN-H]The unit will occur 0X0C4 BSOD when running ""System - PNP (disable and enable) with IO Before and After (Reliability)"" to Run test(Driver Verifier)(FR:3/3 times)",Host Windows- Driver->ibtusb,56,"[COMPONENT=Host Windows- Driver->ibtusb] [Samsung][Win11-R][HLK][TITAN-H]The unit will occur 0X0C4 BSOD when running ""System - PNP (disable and enable) with IO Before and After (Reliability)"" to Run test(Driver Verifier)(FR:3/3 times)"
BT-463882,[Samsung][GfP2][GB6-14NT PTL] SmartThings does not work,Host Windows- Driver->ibtusb,56,[COMPONENT=Host Windows- Driver->ibtusb] [Samsung][GfP2][GB6-14NT PTL] SmartThings does not work
BT-466439,"[Lenovo ldeaPad][LCFC][ARL-HX-Refresh[Hermes2.0][25H2][SIT][BE200]BT Lost during WB stress test, (FR: 1/40Units)",Host Windows- Driver->ibtusb,56,"[COMPONENT=Host Windows- Driver->ibtusb] [Lenovo ldeaPad][LCFC][ARL-HX-Refresh[Hermes2.0][25H2][SIT][BE200]BT Lost during WB stress test, (FR: 1/40Units)"
BT-470036,[HP][QTA][BNB][WCL][Gorgonzola]SIO2473631:BT lost when do Manual S5 During Case with Hendrixx.,Host Windows- Driver->ibtusb,56,[COMPONENT=Host Windows- Driver->ibtusb] [HP][QTA][BNB][WCL][Gorgonzola]SIO2473631:BT lost when do Manual S5 During Case with Hendrixx.
BT-477509,(Copy Of 01008072) [Honor][LUX][NvwaB][ARL-HX][AX211][BT] The BSOD 0x133 releated to BthPan,Host Windows- Driver->ibtusb,56,[COMPONENT=Host Windows- Driver->ibtusb] (Copy Of 01008072) [Honor][LUX][NvwaB][ARL-HX][AX211][BT] The BSOD 0x133 releated to BthPan
BT-477585,[honor][LUX][NvwaC][ARL-hx][AX211][BT]The 0x1E bsod,Host Windows- Driver->ibtusb,56,[COMPONENT=Host Windows- Driver->ibtusb] [honor][LUX][NvwaC][ARL-hx][AX211][BT]The 0x1E bsod
BT-55019,"[MSI][ADL-P][MS-1593/MS-14F1] When BT Tile Mode enable/disable and Bluetooth disable, the system can?t enter modern standby.",Host Windows- Driver->ibtusb,56,"[COMPONENT=Host Windows- Driver->ibtusb] [MSI][ADL-P][MS-1593/MS-14F1] When BT Tile Mode enable/disable and Bluetooth disable, the system can?t enter modern standby."
BT-56390,[Lenovo ThinkPad JP][jaguar_2_panther_2][ADL-P][Bluetooth] SLP_S0 not asserted caused by BT driver,Host Windows- Driver->ibtusb,56,[COMPONENT=Host Windows- Driver->ibtusb] [Lenovo ThinkPad JP][jaguar_2_panther_2][ADL-P][Bluetooth] SLP_S0 not asserted caused by BT driver
BT-74293,[HP] - SIO2061975 [Vision][ADL][GFP2-AX211][Win11 21H2]Cannot find UUT Tile in TILE Mobile App (TMA) on the phone when UUT enter to S3/S4/S5.,Host Windows- Driver->ibtusb,56,[COMPONENT=Host Windows- Driver->ibtusb] [HP] - SIO2061975 [Vision][ADL][GFP2-AX211][Win11 21H2]Cannot find UUT Tile in TILE Mobile App (TMA) on the phone when UUT enter to S3/S4/S5.
BT-82278,[Samsung] Intel BT device is shown as Korean character,Host Windows- Driver->ibtusb,56,[COMPONENT=Host Windows- Driver->ibtusb] [Samsung] Intel BT device is shown as Korean character
BT-93671,"[Huawei][Quanta][H9R][RolleF][AX201][21H2][BT] [BUG-20220829-58850]After 192 hours of testing . 1 units meet BSOD 9F , F/R:1/5",Host Windows- Driver->ibtusb,56,"[COMPONENT=Host Windows- Driver->ibtusb] [Huawei][Quanta][H9R][RolleF][AX201][21H2][BT] [BUG-20220829-58850]After 192 hours of testing . 1 units meet BSOD 9F , F/R:1/5"
WIFI-104037,[WW2-3 Alpha+ colocation](ADL-S CSLP)[DELL Corp. DT/D12 Kyoto-MTP/Wistron/ADL-S+Q670][Wi-Fi 6] AX201/AX211 device will YB after warm boot,System->MAC,55,[COMPONENT=System->MAC] [WW2-3 Alpha+ colocation](ADL-S CSLP)[DELL Corp. DT/D12 Kyoto-MTP/Wistron/ADL-S+Q670][Wi-Fi 6] AX201/AX211 device will YB after warm boot
WIFI-116367,[ASUS PCBU][X712JA][ICL][AX201][22.10.0.7] WLAN yellow bang while playing online audio streaming,System->MAC,55,[COMPONENT=System->MAC] [ASUS PCBU][X712JA][ICL][AX201][22.10.0.7] WLAN yellow bang while playing online audio streaming
WIFI-231499,[Lenovo-Ideapad][C770][AX201][ADL-P][AX201]One Lenovo PM found WLAN frequently YB during daily work(F/R: 2-3 times one day),System->MAC,55,[COMPONENT=System->MAC] [Lenovo-Ideapad][C770][AX201][ADL-P][AX201]One Lenovo PM found WLAN frequently YB during daily work(F/R: 2-3 times one day)
WIFI-294188,[DELL][Compal]WLAN module AX201 YB and error code 10 & 43,System->MAC,55,[COMPONENT=System->MAC] [DELL][Compal]WLAN module AX201 YB and error code 10 & 43
WIFI-302222,[Lenovo_IdeaPad_CSLP][QuZhou 6D][LCFC][FVT[S590-MTL][Windows11]Intel CNVi WLAN AX211/AX203 show Yellow Bang during Warm Boot/S4 stress test,System->MAC,55,[COMPONENT=System->MAC] [Lenovo_IdeaPad_CSLP][QuZhou 6D][LCFC][FVT[S590-MTL][Windows11]Intel CNVi WLAN AX211/AX203 show Yellow Bang during Warm Boot/S4 stress test
WIFI-306467,"[HP][Quanta]-[Willie][MTL][Win11 22H2""Intel Wi-Fi 6E AX211 160MHz"" show YB in DM about 20s after resumed system from S4.(Intel AX211)(SIO2183527)",System->MAC,55,"[COMPONENT=System->MAC] [HP][Quanta]-[Willie][MTL][Win11 22H2""Intel Wi-Fi 6E AX211 160MHz"" show YB in DM about 20s after resumed system from S4.(Intel AX211)(SIO2183527)"
WIFI-309488,[HUAWEI][HUAQIN][MorganG][Intel RPL][Intel AX 211][WIFI][Win11]It occured wifi driver YB after connect wifi.,System->MAC,55,[COMPONENT=System->MAC] [HUAWEI][HUAQIN][MorganG][Intel RPL][Intel AX 211][WIFI][Win11]It occured wifi driver YB after connect wifi.
WIFI-323854,"[Huawei][Quanta][H9UR][CurieG][AX211][22H2][WLAN][800136110]Close lid to enter MS, yellow mark appears when wake up.",System->MAC,55,"[COMPONENT=System->MAC] [Huawei][Quanta][H9UR][CurieG][AX211][22H2][WLAN][800136110]Close lid to enter MS, yellow mark appears when wake up."
WIFI-324819,"[Wingtech][HUAWEI][DiracR][ADL-P][22H2] After DUT wakes up in S4, WiFi function fail, WIFI icon lost .",System->MAC,55,"[COMPONENT=System->MAC] [Wingtech][HUAWEI][DiracR][ADL-P][22H2] After DUT wakes up in S4, WiFi function fail, WIFI icon lost ."
WIFI-326866,[Lenovo_IdeaPad_CSLP][QuZhou 6D][EVQS C0][LCFC][FVT3]Stress_MS_The HW drips show 0%,System->MAC,55,[COMPONENT=System->MAC] [Lenovo_IdeaPad_CSLP][QuZhou 6D][EVQS C0][LCFC][FVT3]Stress_MS_The HW drips show 0%
WIFI-329261,"[Dell][Comapl][Tributo MTL][BE200 ES2] Wlan driver would lost and show ""Network Controller"" YB after resume from S4",System->MAC,55,"[COMPONENT=System->MAC] [Dell][Comapl][Tributo MTL][BE200 ES2] Wlan driver would lost and show ""Network Controller"" YB after resume from S4"
WIFI-337276,(Copy Of 00827282) [HP][Quanta]-[Willie][MTL][Win11 22H2] Package C-state reach to PC2 only in idle display on & Moderm Standby scenario. (Intel BE200),System->MAC,55,[COMPONENT=System->MAC] (Copy Of 00827282) [HP][Quanta]-[Willie][MTL][Win11 22H2] Package C-state reach to PC2 only in idle display on & Moderm Standby scenario. (Intel BE200)
WIFI-341473,[HP][Quanta]-[Herbie][MTL][Win11 22H2] Wlan lost after let unit enter MS about 30 mins then resume unit.(Intel GaP2),System->MAC,55,[COMPONENT=System->MAC] [HP][Quanta]-[Herbie][MTL][Win11 22H2] Wlan lost after let unit enter MS about 30 mins then resume unit.(Intel GaP2)
WIFI-343107,[Lenovo_IdeaPad_CSLP][TB 16p Gen5][LCFC][FVT][Windows11] Intel Wirless (AX211):Device manager show Wlan/BT YB from MS/S4.,System->MAC,55,[COMPONENT=System->MAC] [Lenovo_IdeaPad_CSLP][TB 16p Gen5][LCFC][FVT][Windows11] Intel Wirless (AX211):Device manager show Wlan/BT YB from MS/S4.
WIFI-348112,WiFi disconnected when running YouTube live streaming and CPU burn-in test,System->MAC,55,[COMPONENT=System->MAC] WiFi disconnected when running YouTube live streaming and CPU burn-in test
WIFI-349945,[HP][Quanta]-[Herbie][MTL][Win11 22H2] Wlan device lost in device manager after system restart (BE200).,System->MAC,55,[COMPONENT=System->MAC] [HP][Quanta]-[Herbie][MTL][Win11 22H2] Wlan device lost in device manager after system restart (BE200).
WIFI-354878,[Dell][Compal][NexusMLK][MTL-H][BE1750]S4_SUT_BSOD_DRIVER_POWER_STATE_FAILURE(0x9F),System->MAC,55,[COMPONENT=System->MAC] [Dell][Compal][NexusMLK][MTL-H][BE1750]S4_SUT_BSOD_DRIVER_POWER_STATE_FAILURE(0x9F)
WIFI-355346,SIP119697 - HP Pro x360 Fortis G10 /AX211 Card Disappears from DM,System->MAC,55,[COMPONENT=System->MAC] SIP119697 - HP Pro x360 Fortis G10 /AX211 Card Disappears from DM
WIFI-356693,[HP][MTL-U][Grand][GaP2][SIO2211686] Gale Peak2 show yellow bang (code 28) when running Winpvt- Modern Standby or Hibernate Stress.,System->MAC,55,[COMPONENT=System->MAC] [HP][MTL-U][Grand][GaP2][SIO2211686] Gale Peak2 show yellow bang (code 28) when running Winpvt- Modern Standby or Hibernate Stress.
WIFI-358645,[Dell][OasisMTL] BE200 Wi-Fi YB with BT lost during ColdBoot stress,System->MAC,55,[COMPONENT=System->MAC] [Dell][OasisMTL] BE200 Wi-Fi YB with BT lost during ColdBoot stress
WIFI-358700,[lenovo][lcfc][Matterhorn][MTL][BE200][23H2][1/47 units]BSOD 0x9F @ s4 test,System->MAC,55,[COMPONENT=System->MAC] [lenovo][lcfc][Matterhorn][MTL][BE200][23H2][1/47 units]BSOD 0x9F @ s4 test
WIFI-359228,[HP][MTL][GaP2] WiFi device show yellow bang (code 28) during running Winpvt- Hibernation Focus + AC/DC Cycling,System->MAC,55,[COMPONENT=System->MAC] [HP][MTL][GaP2] WiFi device show yellow bang (code 28) during running Winpvt- Hibernation Focus + AC/DC Cycling
WIFI-359744,[HP][MTL][GaP2] BSOD (0X9F) occurred when running Winpvt-Hibernation Focus Test + AC/DC Cycling.,System->MAC,55,[COMPONENT=System->MAC] [HP][MTL][GaP2] BSOD (0X9F) occurred when running Winpvt-Hibernation Focus Test + AC/DC Cycling.
WIFI-361855,[Dell][Wistron][MTL-H][Polaris3AL/Dis] BE200 wifi loss,System->MAC,55,[COMPONENT=System->MAC] [Dell][Wistron][MTL-H][Polaris3AL/Dis] BE200 wifi loss
WIFI-363030,"[Lenovo][Huaqin][C790_Intel][Win11][IntelAX211&AX203]WLAN BT show YB during S4 stress.FR:3/35UUTs,3/10500cycles",System->MAC,55,"[COMPONENT=System->MAC] [Lenovo][Huaqin][C790_Intel][Win11][IntelAX211&AX203]WLAN BT show YB during S4 stress.FR:3/35UUTs,3/10500cycles"
WIFI-370020,[Dell][OasisMTL] BE200 Wi-Fi YB with BT lost during ColdBoot stress,System->MAC,55,[COMPONENT=System->MAC] [Dell][OasisMTL] BE200 Wi-Fi YB with BT lost during ColdBoot stress
WIFI-392776,[AX211][MTL] YB encountered after resume from S4,System->MAC,55,[COMPONENT=System->MAC] [AX211][MTL] YB encountered after resume from S4
WIFI-401758,[Dell/Compal][TributoLNL] BE201 WIFI will YB during stress test,System->MAC,55,[COMPONENT=System->MAC] [Dell/Compal][TributoLNL] BE201 WIFI will YB during stress test
WIFI-418823,[Icefish_LNV][Acer/Compal] Wlan device yb/ lost during Sx/ warm boot cycles,System->MAC,55,[COMPONENT=System->MAC] [Icefish_LNV][Acer/Compal] Wlan device yb/ lost during Sx/ warm boot cycles
WIFI-448790,[HUAWEI][HUAQIN][FlemingH][Intel MTL][Intel AX201][WiFi][Win11]It occured WiFi driver YB when use the Internet normally.,System->MAC,55,[COMPONENT=System->MAC] [HUAWEI][HUAQIN][FlemingH][Intel MTL][Intel AX201][WiFi][Win11]It occured WiFi driver YB when use the Internet normally.
WIFI-472364,"[HP][Wistron][Snowball24C2_WildheartOC_ARL-S][GaP2][Win11 24H2 Build 26100.1150/26100.1301] The Device Intel(R) Wi-Fi 7 BE200 320MHz removed error occur during ""Winpvt- Restart, Standby, and Hibernate Stress +AC/DC Cycling "" test",System->MAC,55,"[COMPONENT=System->MAC] [HP][Wistron][Snowball24C2_WildheartOC_ARL-S][GaP2][Win11 24H2 Build 26100.1150/26100.1301] The Device Intel(R) Wi-Fi 7 BE200 320MHz removed error occur during ""Winpvt- Restart, Standby, and Hibernate Stress +AC/DC Cycling "" test"
WIFI-508315,[Dell/Compal][BolanLNL] WLAN YB on factory RUNIN station,System->MAC,55,[COMPONENT=System->MAC] [Dell/Compal][BolanLNL] WLAN YB on factory RUNIN station
WIFI-511563,[Dell_Compal][RNG14/16][ARL][FmP2]WLAN driver was show yellow bang after recove,System->MAC,55,[COMPONENT=System->MAC] [Dell_Compal][RNG14/16][ARL][FmP2]WLAN driver was show yellow bang after recove
WIFI-515207,[WiFi][BT]Yellow Bang of WiFi device occurs and Bluetooth device disappears,System->MAC,55,[COMPONENT=System->MAC] [WiFi][BT]Yellow Bang of WiFi device occurs and Bluetooth device disappears
WIFI-521462,[Honor][Huaqin][DarwinB][ARL][Intel AX211][WiFi][24H2]The wifi Device YB Stress test,System->MAC,55,[COMPONENT=System->MAC] [Honor][Huaqin][DarwinB][ARL][Intel AX211][WiFi][24H2]The wifi Device YB Stress test
WIFI-521645,[Dell/Compal][BolanLNL] BE201 WLANBT YB during CB stress,System->MAC,55,[COMPONENT=System->MAC] [Dell/Compal][BolanLNL] BE201 WLANBT YB during CB stress
WIFI-535675,[WIKO][HUAQIN][MarseilleH][Intel MTL][Intel AX201][WiFi][Win11]It occured WiFi YB(43) when running Hibernate test.,System->MAC,55,[COMPONENT=System->MAC] [WIKO][HUAQIN][MarseilleH][Intel MTL][Intel AX201][WiFi][Win11]It occured WiFi YB(43) when running Hibernate test.
WIFI-538400,[Dell_Compal][KDK][ARL][GaP2]DVT1.0_KDK_Stress_S4_Device YB_Intel Wi-Fi BE200 320MHz,System->MAC,55,[COMPONENT=System->MAC] [Dell_Compal][KDK][ARL][GaP2]DVT1.0_KDK_Stress_S4_Device YB_Intel Wi-Fi BE200 320MHz
WIFI-540911,[HP][IEC][Machu][Win11 24H2][ARL U/H][GfP2][SIO2320089]Device Intel(R) Wi-Fi 6E AX211 160MHz has error code 10 (0xA) in DM during Winpvt Hibernation Functional test (AC/DC cycling),System->MAC,55,[COMPONENT=System->MAC] [HP][IEC][Machu][Win11 24H2][ARL U/H][GfP2][SIO2320089]Device Intel(R) Wi-Fi 6E AX211 160MHz has error code 10 (0xA) in DM during Winpvt Hibernation Functional test (AC/DC cycling)
WIFI-546357,[HP][IEC][Kazaam24][Win11 24H2][ARL S][Gap2][SIO2316298]WLAN driver(Intel BE200 Wi-Fi 7 )lost in DM after running winpvt storage stress overnight.,System->MAC,55,[COMPONENT=System->MAC] [HP][IEC][Kazaam24][Win11 24H2][ARL S][Gap2][SIO2316298]WLAN driver(Intel BE200 Wi-Fi 7 )lost in DM after running winpvt storage stress overnight.
WIFI-560195,[Dell_Compal][RNG][ARL][FmP2]Win11 24H2_Stress_ S4 Device YB Intel(R) Wi-Fi 7 BE201 320MHz,System->MAC,55,[COMPONENT=System->MAC] [Dell_Compal][RNG][ARL][FmP2]Win11 24H2_Stress_ S4 Device YB Intel(R) Wi-Fi 7 BE201 320MHz
WIFI-562968,[lenovo_arlh_eiger2]BE201 device YB after S4 resume,System->MAC,55,[COMPONENT=System->MAC] [lenovo_arlh_eiger2]BE201 device YB after S4 resume
WIFI-564738,[HP] - SIO2328358 - [CanopyR_AR-U] Error message (USB Device add and error code43 (0x2B))  when running Winpvt-Hibernation Focus +AC/DC Cycling,System->MAC,55,[COMPONENT=System->MAC] [HP] - SIO2328358 - [CanopyR_AR-U] Error message (USB Device add and error code43 (0x2B))  when running Winpvt-Hibernation Focus +AC/DC Cycling
WIFI-569731,[Honor][Huaqin][DarwinB][ARL][AX211][24H2][WiFi]Connect to 2.4G WiFi STA The streaming rate drops too much Compared with the scenario of not enabling 5G Softap,System->MAC,55,[COMPONENT=System->MAC] [Honor][Huaqin][DarwinB][ARL][AX211][24H2][WiFi]Connect to 2.4G WiFi STA The streaming rate drops too much Compared with the scenario of not enabling 5G Softap
WIFI-571000,[HP][IEC][Kazaam24][Win11 24H2][ARL S][Gap2][SIO2316298]WLAN driver(Intel BE200 Wi-Fi 7 )lost in DM after running WinPVT S3S4_Reboot_DEV_CHK overnight.,System->MAC,55,[COMPONENT=System->MAC] [HP][IEC][Kazaam24][Win11 24H2][ARL S][Gap2][SIO2316298]WLAN driver(Intel BE200 Wi-Fi 7 )lost in DM after running WinPVT S3S4_Reboot_DEV_CHK overnight.
WIFI-603160,The intelAX211 wifi  module Aux port conducted RX  sensitivity very low,System->MAC,55,[COMPONENT=System->MAC] The intelAX211 wifi  module Aux port conducted RX  sensitivity very low
WIFI-624518,[ASUS/NUC][Lunar Lake][BE201][LNV] WIFI cannot connect to 5G,System->MAC,55,[COMPONENT=System->MAC] [ASUS/NUC][Lunar Lake][BE201][LNV] WIFI cannot connect to 5G
WIFI-635393,[Lenovo-Ideapad][Bogda][ARL HX][GaP][24H2]WHEA error in event log after reboot (F/R:100%),System->MAC,55,[COMPONENT=System->MAC] [Lenovo-Ideapad][Bogda][ARL HX][GaP][24H2]WHEA error in event log after reboot (F/R:100%)
WIFI-645786,[ARL-S_MSI] Killer 1750 may cause black screen on S3/S4 or shutdown test,System->MAC,55,[COMPONENT=System->MAC] [ARL-S_MSI] Killer 1750 may cause black screen on S3/S4 or shutdown test
WIFI-715445,"[Dell_Compal][TRL][PTL][GfP2]After install WLAN driver, found the WLAN yellow bang and cant recovery",System->MAC,55,"[COMPONENT=System->MAC] [Dell_Compal][TRL][PTL][GfP2]After install WLAN driver, found the WLAN yellow bang and cant recovery"
WIFI-751229,[Honor][LuxsharePC][ZhuqueC][EVT][24H2 ]wlan shows yellow mark during restart stress (FR: 1/39 cycles),System->MAC,55,[COMPONENT=System->MAC] [Honor][LuxsharePC][ZhuqueC][EVT][24H2 ]wlan shows yellow mark during restart stress (FR: 1/39 cycles)
WIFI-765447,[GX651AQ_BE211] 2.4GHz 11ax mode BT ON/OFF T-put problem,System->MAC,55,[COMPONENT=System->MAC] [GX651AQ_BE211] 2.4GHz 11ax mode BT ON/OFF T-put problem
WIFI-772590,[Acer][RPL][Macan S_RTX] WiFi / Bluetooth frequently show YB behavior.,System->MAC,55,[COMPONENT=System->MAC] [Acer][RPL][Macan S_RTX] WiFi / Bluetooth frequently show YB behavior.
WIFI-860891,[Xiaomi][huaqin][MTL][AX203][M56M57] The machine  occur WLAN YB after S4.,System->MAC,55,[COMPONENT=System->MAC] [Xiaomi][huaqin][MTL][AX203][M56M57] The machine  occur WLAN YB after S4.
WIFI-875055,[Lenovo ideapad ][LCFC][V gen 7 WCL][be213] BIOS WGDS shetting invalid,System->MAC,55,[COMPONENT=System->MAC] [Lenovo ideapad ][LCFC][V gen 7 WCL][be213] BIOS WGDS shetting invalid
WIFI-198009,[Dell]Intel AX210 WiFi YB on Andrews w/ WiFi 22.80.1.1 + BT 22.100.0.2,TOP->FW,51,[COMPONENT=TOP->FW] [Dell]Intel AX210 WiFi YB on Andrews w/ WiFi 22.80.1.1 + BT 22.100.0.2
WIFI-223630,[Huawei/Bitland][ADL-S][PanguC][AX201][Wi-Fi/BT] The device manager show yellow marks of Wi-Fi/BT after the burn-in test in the Factory,TOP->FW,51,[COMPONENT=TOP->FW] [Huawei/Bitland][ADL-S][PanguC][AX201][Wi-Fi/BT] The device manager show yellow marks of Wi-Fi/BT after the burn-in test in the Factory
WIFI-294406,[DELL/Compal][ADL][Orchidbay][AX211] WLAN device shown YB in device manager,TOP->FW,51,[COMPONENT=TOP->FW] [DELL/Compal][ADL][Orchidbay][AX211] WLAN device shown YB in device manager
WIFI-300053,[Dell][Wistron][MTL-P][OdinN13MLK]SUT shows WiFi and BT YB in DM when normal use,TOP->FW,51,[COMPONENT=TOP->FW] [Dell][Wistron][MTL-P][OdinN13MLK]SUT shows WiFi and BT YB in DM when normal use
WIFI-309456,[Dell][Compal][Kenai MTL]Wlan driver v22.215.0.13 installed by inf and Wlan device showed YB,TOP->FW,51,[COMPONENT=TOP->FW] [Dell][Compal][Kenai MTL]Wlan driver v22.215.0.13 installed by inf and Wlan device showed YB
WIFI-311191,[Compal]Tributo MTL_CNVi sku used CITU tool cannot connected,TOP->FW,51,[COMPONENT=TOP->FW] [Compal]Tributo MTL_CNVi sku used CITU tool cannot connected
WIFI-319012,[Samsung][MTL]YB appears after S4 resume.,TOP->FW,51,[COMPONENT=TOP->FW] [Samsung][MTL]YB appears after S4 resume.
WIFI-321671,"[HUAWEI][HUAQIN][MorganG][Intel RPL][Intel AX 211][WIFI][Win11]The wifi driver occured YB(43),and can recovery only by unplug/insert DC.",TOP->FW,51,"[COMPONENT=TOP->FW] [HUAWEI][HUAQIN][MorganG][Intel RPL][Intel AX 211][WIFI][Win11]The wifi driver occured YB(43),and can recovery only by unplug/insert DC."
WIFI-327550,[Jinke][WIFI][Huawei][VangogH][MTL][EVT]Abnormal disconnection in ping test with 5005 event,TOP->FW,51,[COMPONENT=TOP->FW] [Jinke][WIFI][Huawei][VangogH][MTL][EVT]Abnormal disconnection in ping test with 5005 event
WIFI-331814,[HP/Win11/MTL/GfP2][Inventec][Baymax] WLAN device show YB after restart,TOP->FW,51,[COMPONENT=TOP->FW] [HP/Win11/MTL/GfP2][Inventec][Baymax] WLAN device show YB after restart
WIFI-333675,[Lenovo_IdeaPad_CSLP][QuZhou 6D][LCFC][SIT-QS][S590-MTL][Windows11]Intel CNVi WLAN AX211: WLAN Yellow Bang during Warm Boot stress test,TOP->FW,51,[COMPONENT=TOP->FW] [Lenovo_IdeaPad_CSLP][QuZhou 6D][LCFC][SIT-QS][S590-MTL][Windows11]Intel CNVi WLAN AX211: WLAN Yellow Bang during Warm Boot stress test
WIFI-333907,[HP][MTL-U][GaP2_QS][Win11 22H2] Intel WLAN device shows YB after install 23.0.0.18 beta2 driver.,TOP->FW,51,[COMPONENT=TOP->FW] [HP][MTL-U][GaP2_QS][Win11 22H2] Intel WLAN device shows YB after install 23.0.0.18 beta2 driver.
WIFI-334297,HP_SIP119056 - EB830 G7/ NIO / GC / Intel AX201 WLAN drop randomly / PC APJ / CN,TOP->FW,51,[COMPONENT=TOP->FW] HP_SIP119056 - EB830 G7/ NIO / GC / Intel AX201 WLAN drop randomly / PC APJ / CN
WIFI-337566,[lenovo][wistron][G3 500W][Pentium][ AX201] [2H1][100%]wlan YB and BT device lost when system in Idle  (Only G3 can recovery).,TOP->FW,51,[COMPONENT=TOP->FW] [lenovo][wistron][G3 500W][Pentium][ AX201] [2H1][100%]wlan YB and BT device lost when system in Idle  (Only G3 can recovery).
WIFI-337736,[WW35-WW39][Samsung][MTL-H][Venus4-16][WLAN]Longrun ATO WLAN YB issues,TOP->FW,51,[COMPONENT=TOP->FW] [WW35-WW39][Samsung][MTL-H][Venus4-16][WLAN]Longrun ATO WLAN YB issues
WIFI-340594,[MTL][BE200] YB Error Code 10 on WLAN device after idle  test,TOP->FW,51,[COMPONENT=TOP->FW] [MTL][BE200] YB Error Code 10 on WLAN device after idle  test
WIFI-342644,[Dell][Compal][LNL poweron][Tributo][BE201]Wlan driver v99.0.83.6 show YB (error code: 10),TOP->FW,51,[COMPONENT=TOP->FW] [Dell][Compal][LNL poweron][Tributo][BE201]Wlan driver v99.0.83.6 show YB (error code: 10)
WIFI-345591,[HUAWEI][HUAQIN][FlemingH][Intel MTL][Intel AX 201][WIFI][Win11]It occured WiFi YB(code 10) when running drop test.,TOP->FW,51,[COMPONENT=TOP->FW] [HUAWEI][HUAQIN][FlemingH][Intel MTL][Intel AX 201][WIFI][Win11]It occured WiFi YB(code 10) when running drop test.
WIFI-345845,[Lenovo-Ideapad][Legion 9 16IRX9][RPL-HX Refresh][AX211][CITU]: Marginal test of CVNI always failed at 40%,TOP->FW,51,[COMPONENT=TOP->FW] [Lenovo-Ideapad][Legion 9 16IRX9][RPL-HX Refresh][AX211][CITU]: Marginal test of CVNI always failed at 40%
WIFI-347408,[HUAWEI][HUAQIN][FlemingH][Intel MTL][Intel AX 201][WIFI][Win11]It occured WiFi driver YB(10) when run jump test.,TOP->FW,51,[COMPONENT=TOP->FW] [HUAWEI][HUAQIN][FlemingH][Intel MTL][Intel AX 201][WIFI][Win11]It occured WiFi driver YB(10) when run jump test.
WIFI-356425,[Lenovo_Yoga_C990][Wenchang][LCFC][SIT]Intel WLAN (AX211):wlan show YB(error code 10) when connected to 6G and ping test.,TOP->FW,51,[COMPONENT=TOP->FW] [Lenovo_Yoga_C990][Wenchang][LCFC][SIT]Intel WLAN (AX211):wlan show YB(error code 10) when connected to 6G and ping test.
WIFI-357039,[ASUS/Consumer][IEC][RPL][HrP][TUF_FX507VV] Code 43 YB after lid on,TOP->FW,51,[COMPONENT=TOP->FW] [ASUS/Consumer][IEC][RPL][HrP][TUF_FX507VV] Code 43 YB after lid on
WIFI-360414,[Samsung][ADL-P][Venus2-13] VOC_WLAN YB issue,TOP->FW,51,[COMPONENT=TOP->FW] [Samsung][ADL-P][Venus2-13] VOC_WLAN YB issue
WIFI-363422,[Samsung][LNL] WLAN Device shows YB.,TOP->FW,51,[COMPONENT=TOP->FW] [Samsung][LNL] WLAN Device shows YB.
WIFI-370017,[Dell][Compal]OBMLK2_MTL_BE200_CB YB_5002 event,TOP->FW,51,[COMPONENT=TOP->FW] [Dell][Compal]OBMLK2_MTL_BE200_CB YB_5002 event
WIFI-370428,[ASUS MB][ROG STRIX Z790-F GAMING WIFI ][RPL-S][AX211] The system pump up error,TOP->FW,51,[COMPONENT=TOP->FW] [ASUS MB][ROG STRIX Z790-F GAMING WIFI ][RPL-S][AX211] The system pump up error
WIFI-393191,[Gen15-Arches MTL ] CFI-WLAN AX211 YB and BT unknown,TOP->FW,51,[COMPONENT=TOP->FW] [Gen15-Arches MTL ] CFI-WLAN AX211 YB and BT unknown
WIFI-396294,[Dell/Compal][TributoLNL] BE201 Wi-Fi YB in device manager when system do WB,TOP->FW,51,[COMPONENT=TOP->FW] [Dell/Compal][TributoLNL] BE201 Wi-Fi YB in device manager when system do WB
WIFI-406605,[HP][Quanta][BNB][Factory MV build_400G11][Win11][23H2][MTL][GFP2-AX211]Intel WLAN/BT device YB,TOP->FW,51,[COMPONENT=TOP->FW] [HP][Quanta][BNB][Factory MV build_400G11][Win11][23H2][MTL][GFP2-AX211]Intel WLAN/BT device YB
WIFI-407157,[Honor][Huaqin][DarwinA][Intel MTL][Intel AX201][WiFi][22H2]The WiFi YB after BSOD,TOP->FW,51,[COMPONENT=TOP->FW] [Honor][Huaqin][DarwinA][Intel MTL][Intel AX201][WiFi][22H2]The WiFi YB after BSOD
WIFI-408660,[Dell][Compal]Arches MTL AX211_WLAN show YB(code10/43) with HDMI display only,TOP->FW,51,[COMPONENT=TOP->FW] [Dell][Compal]Arches MTL AX211_WLAN show YB(code10/43) with HDMI display only
WIFI-417397,[HP_QTA][BNB_Olaf][MTL_AX211][Win11][23H2]SIO2265195_Intel AX211 WLAN device show YB during dash HP image process.,TOP->FW,51,[COMPONENT=TOP->FW] [HP_QTA][BNB_Olaf][MTL_AX211][Win11][23H2]SIO2265195_Intel AX211 WLAN device show YB during dash HP image process.
WIFI-422181,[HP_Foxconn][RPL-S][Carter][win11][GfP2] WLAN device will YB with code 10 after,TOP->FW,51,[COMPONENT=TOP->FW] [HP_Foxconn][RPL-S][Carter][win11][GfP2] WLAN device will YB with code 10 after
WIFI-458492,[LG][16Z90SP][MTL/AX211/Win11 22H2] YB on Intel Wi-Fi AX211,TOP->FW,51,[COMPONENT=TOP->FW] [LG][16Z90SP][MTL/AX211/Win11 22H2] YB on Intel Wi-Fi AX211
WIFI-462607,"[ASUS_CCBU][ADL-N][9462][22.220.0.4] After resume from MS, WIFI can not scan WIFI AP SSID.",TOP->FW,51,"[COMPONENT=TOP->FW] [ASUS_CCBU][ADL-N][9462][22.220.0.4] After resume from MS, WIFI can not scan WIFI AP SSID."
WIFI-492962,[Honor][Wingtechh][FermatB][ARL-H][WIFI][AX201][24H2]The wifi is interrupted when the ipref tool is being used for TCP Stream,TOP->FW,51,[COMPONENT=TOP->FW] [Honor][Wingtechh][FermatB][ARL-H][WIFI][AX201][24H2]The wifi is interrupted when the ipref tool is being used for TCP Stream
WIFI-547973,[HP][Factory][Machu][Win11 24H2][ARL U][FmP2 and GfP2]Machu PV build report WLAN YB Code 10 or 43 & BT YB Code 43 or missing.,TOP->FW,51,[COMPONENT=TOP->FW] [HP][Factory][Machu][Win11 24H2][ARL U][FmP2 and GfP2]Machu PV build report WLAN YB Code 10 or 43 & BT YB Code 43 or missing.
WIFI-621506,[HP][QTA][TDC][BNB_Rainbowcake/Wafer][ARL-H/U][Win11_24h2]Intel Wi-Fi 7 BE201 (FmP2) will show YB after ESD testing,TOP->FW,51,[COMPONENT=TOP->FW] [HP][QTA][TDC][BNB_Rainbowcake/Wafer][ARL-H/U][Win11_24h2]Intel Wi-Fi 7 BE201 (FmP2) will show YB after ESD testing
WIFI-676654,[HP][Quanta]-[Trekker][PTL-H12Xe][FmP2 2230] CITU test fail (Marginal Test with High confident),TOP->FW,51,[COMPONENT=TOP->FW] [HP][Quanta]-[Trekker][PTL-H12Xe][FmP2 2230] CITU test fail (Marginal Test with High confident)
WIFI-693271,[ASUS CCBU][ADL][BR1402FGA][AX201&AX211][v23.130.0.3 & 23.140.0.3] Intel WIFI will show Yellow bang after using for a while.,TOP->FW,51,[COMPONENT=TOP->FW] [ASUS CCBU][ADL][BR1402FGA][AX201&AX211][v23.130.0.3 & 23.140.0.3] Intel WIFI will show Yellow bang after using for a while.
WIFI-713978,[HP][IEC] - SIO2387955[Merino][PTL][Whp-BE211][Win11 24H2]Wi-Fi will turn off automatically when idle in OS in DC mode.,TOP->FW,51,[COMPONENT=TOP->FW] [HP][IEC] - SIO2387955[Merino][PTL][Whp-BE211][Win11 24H2]Wi-Fi will turn off automatically when idle in OS in DC mode.
WIFI-727634,[Dell][Wistron][Ghostrider14/16 PTL][CITU test result review],TOP->FW,51,[COMPONENT=TOP->FW] [Dell][Wistron][Ghostrider14/16 PTL][CITU test result review]
WIFI-741227,"[Lenovo ldeaPad/Consumer][LCFC][LNL][BE201][ThinkBook Plus G6]Alway occurr 5002/5010 error when doing S4/FB Stress test, FR: 5/5Units, 100/100Cycles.",TOP->FW,51,"[COMPONENT=TOP->FW] [Lenovo ldeaPad/Consumer][LCFC][LNL][BE201][ThinkBook Plus G6]Alway occurr 5002/5010 error when doing S4/FB Stress test, FR: 5/5Units, 100/100Cycles."
WIFI-743376,[ThinkPad][Curie-2][ARL-U][FmP2] WLAN YB during MFG testing,TOP->FW,51,[COMPONENT=TOP->FW] [ThinkPad][Curie-2][ARL-U][FmP2] WLAN YB during MFG testing
WIFI-747508,[ASUS CCBU][ADL][BR1402FGA][AX201&AX211][v23.130.0.3 & 23.140.0.3&23.160.0.4] Intel WIFI will show Yellow bang after using for a while.,TOP->FW,51,[COMPONENT=TOP->FW] [ASUS CCBU][ADL][BR1402FGA][AX201&AX211][v23.130.0.3 & 23.140.0.3&23.160.0.4] Intel WIFI will show Yellow bang after using for a while.
WIFI-755355,[HP][IEC] - SIO2329319 [MachuN][LNL][Fmp2-BE201][Win11 24H2]Intel Bluetooth PCI Enumerator show YB after setting power source to ACDC and pressing power button to power on SUT from G3 (Power Policies: PP2),TOP->FW,51,[COMPONENT=TOP->FW] [HP][IEC] - SIO2329319 [MachuN][LNL][Fmp2-BE201][Win11 24H2]Intel Bluetooth PCI Enumerator show YB after setting power source to ACDC and pressing power button to power on SUT from G3 (Power Policies: PP2)
WIFI-755874,[HP][SDC][G2i-Ricotta-Gouda-PTL] Intel 6E AX211 WLAN driver YB (SI phase factory build issue),TOP->FW,51,[COMPONENT=TOP->FW] [HP][SDC][G2i-Ricotta-Gouda-PTL] Intel 6E AX211 WLAN driver YB (SI phase factory build issue)
WIFI-769091,[Lenovo][Compal][ldeaPad 5 2-in-1 IPH11][BE213][FVT1]System no sound form BT earbuds and device manager show Intel(R) Bluetooth PCI,TOP->FW,51,[COMPONENT=TOP->FW] [Lenovo][Compal][ldeaPad 5 2-in-1 IPH11][BE213][FVT1]System no sound form BT earbuds and device manager show Intel(R) Bluetooth PCI
WIFI-771523,"[HP][IEC][Merino][Win11 24H2][PTL][GfP2][SIO2422601]Intel(R)Wi-Fi 6E AX211 160MHz"" show YB during running WinPVT Power Off stress.",TOP->FW,51,"[COMPONENT=TOP->FW] [HP][IEC][Merino][Win11 24H2][PTL][GfP2][SIO2422601]Intel(R)Wi-Fi 6E AX211 160MHz"" show YB during running WinPVT Power Off stress."
WIFI-778087,"(LFP30) The PTL+BE211 ES2 will randomly lost the HWID, the driver is 23.165.0.5",TOP->FW,51,"[COMPONENT=TOP->FW] (LFP30) The PTL+BE211 ES2 will randomly lost the HWID, the driver is 23.165.0.5"
WIFI-785985,[Dell][Huracan/Performanate] Wi-Fi 7 BE211 device lost during hybrid shutdown stress,TOP->FW,51,[COMPONENT=TOP->FW] [Dell][Huracan/Performanate] Wi-Fi 7 BE211 device lost during hybrid shutdown stress
WIFI-103875,[Xiaomi][A30/31][AX201]Connection failure or abortion happen frequently while connecting to the CH149 AP that is created using PIE APIs,WinDriver->WiFi Extensions,51,[COMPONENT=WinDriver->WiFi Extensions] [Xiaomi][A30/31][AX201]Connection failure or abortion happen frequently while connecting to the CH149 AP that is created using PIE APIs
WIFI-105382,[Huawei][Quanta][H81][CezanneM][AX200][20H2][WiFi][BUG-20210226-18888] Mobile phone projecting to DUT is fail,WinDriver->WiFi Extensions,51,[COMPONENT=WinDriver->WiFi Extensions] [Huawei][Quanta][H81][CezanneM][AX200][20H2][WiFi][BUG-20210226-18888] Mobile phone projecting to DUT is fail
WIFI-115241,[Samsung][Mars15] System ignore probe request during P2P pairing.,WinDriver->WiFi Extensions,51,[COMPONENT=WinDriver->WiFi Extensions] [Samsung][Mars15] System ignore probe request during P2P pairing.
WIFI-115880,[Quick Share P210406-03267] pc-> phone P2P connection failure,WinDriver->WiFi Extensions,51,[COMPONENT=WinDriver->WiFi Extensions] [Quick Share P210406-03267] pc-> phone P2P connection failure
WIFI-116061,[Samsung][Mars13] System can't receive file via 'Quick Share' app from specific mobile device.,WinDriver->WiFi Extensions,51,[COMPONENT=WinDriver->WiFi Extensions] [Samsung][Mars13] System can't receive file via 'Quick Share' app from specific mobile device.
WIFI-119886,[LG][16Z90P][TGL/AX201/20H2] Miracast connection with LG TV fails because WiFi 22.50 uses CH165 for Miracast,WinDriver->WiFi Extensions,51,[COMPONENT=WinDriver->WiFi Extensions] [LG][16Z90P][TGL/AX201/20H2] Miracast connection with LG TV fails because WiFi 22.50 uses CH165 for Miracast
WIFI-143380,[Huawei][Quanta][H98VH99V][BohrENobelE_Intel][AX201][20H2][WIFI][BUG-20210726-32430]  DUT Softap don't support 165 channel while set Malaysia,WinDriver->WiFi Extensions,51,[COMPONENT=WinDriver->WiFi Extensions] [Huawei][Quanta][H98VH99V][BohrENobelE_Intel][AX201][20H2][WIFI][BUG-20210726-32430]  DUT Softap don't support 165 channel while set Malaysia
WIFI-152716,"[Lenovo ThinkPad China and JP][LCFC][AX200,AX201,AX210]]when connect AP with 5G Channel(165 and 44),It could not share internet by Mobile hotspot with the Network band select 5G ,",WinDriver->WiFi Extensions,51,"[COMPONENT=WinDriver->WiFi Extensions] [Lenovo ThinkPad China and JP][LCFC][AX200,AX201,AX210]]when connect AP with 5G Channel(165 and 44),It could not share internet by Mobile hotspot with the Network band select 5G ,"
WIFI-175142,[Honor][Huaqin][HiggsE][i7-11390H][AX201][Win11]][10%] PC?TV????????????SoftAp + Gc,WinDriver->WiFi Extensions,51,[COMPONENT=WinDriver->WiFi Extensions] [Honor][Huaqin][HiggsE][i7-11390H][AX201][Win11]][10%] PC?TV????????????SoftAp + Gc
WIFI-205003,"[Honor][huaqin][HiggsF][ADL][AX211][21H1[10%]Query the channels supported by softap, only 2.4G channels",WinDriver->WiFi Extensions,51,"[COMPONENT=WinDriver->WiFi Extensions] [Honor][huaqin][HiggsF][ADL][AX211][21H1[10%]Query the channels supported by softap, only 2.4G channels"
WIFI-210835,[HUAWEI][HUAQIN][EmmyF][Intel ADL][Intel AX 201][WIFI][Win11] The 5G channel is empty and created on a 2.4g channel.,WinDriver->WiFi Extensions,51,[COMPONENT=WinDriver->WiFi Extensions] [HUAWEI][HUAQIN][EmmyF][Intel ADL][Intel AX 201][WIFI][Win11] The 5G channel is empty and created on a 2.4g channel.
WIFI-222235,"[Huawei][Quanta][H99E][NobelF][AX201][21H2][WLAN] [AX201] Connect to 2.4G WiFi to turn on the hotspot(5G), and then turn on the hotspot again after hibernation, it shows that the hotspot cannot be turned on",WinDriver->WiFi Extensions,51,"[COMPONENT=WinDriver->WiFi Extensions] [Huawei][Quanta][H99E][NobelF][AX201][21H2][WLAN] [AX201] Connect to 2.4G WiFi to turn on the hotspot(5G), and then turn on the hotspot again after hibernation, it shows that the hotspot cannot be turned on"
WIFI-227597,[Samsung][QS][Mars2-13] wifi direct pairing failure always.,WinDriver->WiFi Extensions,51,[COMPONENT=WinDriver->WiFi Extensions] [Samsung][QS][Mars2-13] wifi direct pairing failure always.
WIFI-230344,"[Huawei][Quanta][H9U][CurieF][AX211][21H2][WLAN][805587920] CurieF and mobile phone cooperate with Huawei multi-screen, softap is created in 2.4G",WinDriver->WiFi Extensions,51,"[COMPONENT=WinDriver->WiFi Extensions] [Huawei][Quanta][H9U][CurieF][AX211][21H2][WLAN][805587920] CurieF and mobile phone cooperate with Huawei multi-screen, softap is created in 2.4G"
WIFI-261095,[HP][IEC][Zonin][RPL-S][AX201&AX211][Win11 22H2] It takes about 3 mins to change the network band information when the system re-connects to 5G hotspot wifi.,WinDriver->WiFi Extensions,51,[COMPONENT=WinDriver->WiFi Extensions] [HP][IEC][Zonin][RPL-S][AX201&AX211][Win11 22H2] It takes about 3 mins to change the network band information when the system re-connects to 5G hotspot wifi.
WIFI-264143,"[Huawei][Quanta][H9U][CurieF][AX211][21H2][WLAN][805804368_805811549_805815123_805828883] CurieF and mobile phone cooperate with Huawei multi-screen, softap is created in 2.4G",WinDriver->WiFi Extensions,51,"[COMPONENT=WinDriver->WiFi Extensions] [Huawei][Quanta][H9U][CurieF][AX211][21H2][WLAN][805804368_805811549_805815123_805828883] CurieF and mobile phone cooperate with Huawei multi-screen, softap is created in 2.4G"
WIFI-268699,[Samsung][Mars2][MSBug#633508] The IHV WLAN driver failing to transmit the GO Neg Confirmation frame while reporting the task as successfully completed to the OS,WinDriver->WiFi Extensions,51,[COMPONENT=WinDriver->WiFi Extensions] [Samsung][Mars2][MSBug#633508] The IHV WLAN driver failing to transmit the GO Neg Confirmation frame while reporting the task as successfully completed to the OS
WIFI-272936,"[Huawei][MendelG][Intel RPL][DVT1]Huawei PC Manager is used for multi-screen collaborative connection, and collaboration fails",WinDriver->WiFi Extensions,51,"[COMPONENT=WinDriver->WiFi Extensions] [Huawei][MendelG][Intel RPL][DVT1]Huawei PC Manager is used for multi-screen collaborative connection, and collaboration fails"
WIFI-288736,(Copy Of 00777684) [Huawei][MendelG][Intel RPL][DVT2]Crash of driver led to the yellow bang(43 error code),WinDriver->WiFi Extensions,51,[COMPONENT=WinDriver->WiFi Extensions] (Copy Of 00777684) [Huawei][MendelG][Intel RPL][DVT2]Crash of driver led to the yellow bang(43 error code)
WIFI-290075,[LCFC_IdeaPad][S380IRU][RPL][AX203][SV2][SIT]The EUT occur BSOD 0xC2 during Fast Startup stress test FR<5%,WinDriver->WiFi Extensions,51,[COMPONENT=WinDriver->WiFi Extensions] [LCFC_IdeaPad][S380IRU][RPL][AX203][SV2][SIT]The EUT occur BSOD 0xC2 during Fast Startup stress test FR<5%
WIFI-311084,[Transsion][MEGABOOKT14TA][StP2_7265]SoftAP connection type show 11n after 11ac phone is connected and tput is low,WinDriver->WiFi Extensions,51,[COMPONENT=WinDriver->WiFi Extensions] [Transsion][MEGABOOKT14TA][StP2_7265]SoftAP connection type show 11n after 11ac phone is connected and tput is low
WIFI-328870,[Honor][huaqin][HiggsE][ADL][AX201][21H1[80%]softap created at  2.4g channel,WinDriver->WiFi Extensions,51,[COMPONENT=WinDriver->WiFi Extensions] [Honor][huaqin][HiggsE][ADL][AX201][21H1[80%]softap created at  2.4g channel
WIFI-337876,[Honor][huaqin][FermiG][RPL][AX201][21H1]The connection between Wi-Fi SAP and GC is disconnected,WinDriver->WiFi Extensions,51,[COMPONENT=WinDriver->WiFi Extensions] [Honor][huaqin][FermiG][RPL][AX201][21H1]The connection between Wi-Fi SAP and GC is disconnected
WIFI-337947,[Honor][huaqin][HiggsF][ADL][AX211][21H1[100%]countrycode:DE p2p is built at 5.8,WinDriver->WiFi Extensions,51,[COMPONENT=WinDriver->WiFi Extensions] [Honor][huaqin][HiggsF][ADL][AX211][21H1[100%]countrycode:DE p2p is built at 5.8
WIFI-341958,[Honor][huaqin][FermiG][RPL][AX201][21H1]SAP losing beacon may cause disconnection,WinDriver->WiFi Extensions,51,[COMPONENT=WinDriver->WiFi Extensions] [Honor][huaqin][FermiG][RPL][AX201][21H1]SAP losing beacon may cause disconnection
WIFI-342640,[Honor][huaqin][FermiG][RPL][AX201]p2p disconnect,WinDriver->WiFi Extensions,51,[COMPONENT=WinDriver->WiFi Extensions] [Honor][huaqin][FermiG][RPL][AX201]p2p disconnect
WIFI-342777,[Jinke][WIFI][Huawei][VangogH][MTL][DVT]PC can not be dispalyed on through miracast way by any other PC,WinDriver->WiFi Extensions,51,[COMPONENT=WinDriver->WiFi Extensions] [Jinke][WIFI][Huawei][VangogH][MTL][DVT]PC can not be dispalyed on through miracast way by any other PC
WIFI-354920,"[Acer][Quanta][RPL/MTL] Connect MicrosoftDisplayAdapter_18A9 4K, the resolution cant reach 4K resolution.",WinDriver->WiFi Extensions,51,"[COMPONENT=WinDriver->WiFi Extensions] [Acer][Quanta][RPL/MTL] Connect MicrosoftDisplayAdapter_18A9 4K, the resolution cant reach 4K resolution."
WIFI-359833,"[HP][MTL-U][Sparty][GaP2] BSOD (0X7A,point to Netwaw14.sys) occurred during running Winpvt- Hibernation Focus + AC/DC Cycling",WinDriver->WiFi Extensions,51,"[COMPONENT=WinDriver->WiFi Extensions] [HP][MTL-U][Sparty][GaP2] BSOD (0X7A,point to Netwaw14.sys) occurred during running Winpvt- Hibernation Focus + AC/DC Cycling"
WIFI-373458,[Samsung][MTL][QuickShare] P2P throughput is low,WinDriver->WiFi Extensions,51,[COMPONENT=WinDriver->WiFi Extensions] [Samsung][MTL][QuickShare] P2P throughput is low
WIFI-397604,[Samsung][MTL][AX211][P240312-05823] P2P Pairing Failure with Samsung Phone - Potential Advertisement Issue,WinDriver->WiFi Extensions,51,[COMPONENT=WinDriver->WiFi Extensions] [Samsung][MTL][AX211][P240312-05823] P2P Pairing Failure with Samsung Phone - Potential Advertisement Issue
WIFI-401051,[HP][Quanta] [DMG9R Asteroids5][RPL-R][GfP2-AX211][Win11 23H2]BSOD FAIL,WinDriver->WiFi Extensions,51,[COMPONENT=WinDriver->WiFi Extensions] [HP][Quanta] [DMG9R Asteroids5][RPL-R][GfP2-AX211][Win11 23H2]BSOD FAIL
WIFI-412917,[Lenovo][DT][Phone2PC APP][CML][AX201]P2P connection fail with phone,WinDriver->WiFi Extensions,51,[COMPONENT=WinDriver->WiFi Extensions] [Lenovo][DT][Phone2PC APP][CML][AX201]P2P connection fail with phone
WIFI-466688,"[Lenovo-Ideapad][LNL][S990][BE201][24H2]Other PC(P2P Client, Tx) fail to project to Lenovo LNL platform (GO, Rx), Fail Rate is 100%",WinDriver->WiFi Extensions,51,"[COMPONENT=WinDriver->WiFi Extensions] [Lenovo-Ideapad][LNL][S990][BE201][24H2]Other PC(P2P Client, Tx) fail to project to Lenovo LNL platform (GO, Rx), Fail Rate is 100%"
WIFI-477491,"[Samsung][LKF][AX210][P240829-06714] System didnt send ACK after GO Nego confirm,",WinDriver->WiFi Extensions,51,"[COMPONENT=WinDriver->WiFi Extensions] [Samsung][LKF][AX210][P240829-06714] System didnt send ACK after GO Nego confirm,"
WIFI-486065,[Samsung][RPL][AX211][MDE] P2P pairing failed with some input device.,WinDriver->WiFi Extensions,51,[COMPONENT=WinDriver->WiFi Extensions] [Samsung][RPL][AX211][MDE] P2P pairing failed with some input device.
WIFI-490254,[Samsung][ADL][AX211][P240619-04478] System disconnected from wireless AP suddenly.,WinDriver->WiFi Extensions,51,[COMPONENT=WinDriver->WiFi Extensions] [Samsung][ADL][AX211][P240619-04478] System disconnected from wireless AP suddenly.
WIFI-496612,[Samsung][LNL][BE201] 0x7e BSoD occurred download test.,WinDriver->WiFi Extensions,51,[COMPONENT=WinDriver->WiFi Extensions] [Samsung][LNL][BE201] 0x7e BSoD occurred download test.
WIFI-511524,[Thinkbook 14 G8 IRH+][RPL] BSOD(0x7e) occurs point to Netwtw14.sys when mobile hot spot is turned off,WinDriver->WiFi Extensions,51,[COMPONENT=WinDriver->WiFi Extensions] [Thinkbook 14 G8 IRH+][RPL] BSOD(0x7e) occurs point to Netwtw14.sys when mobile hot spot is turned off
WIFI-513081,"[HONOR][GodelG][RPL][WIFI] [AC 9560 160MHz]Simulating the Indian environment, softap is not available",WinDriver->WiFi Extensions,51,"[COMPONENT=WinDriver->WiFi Extensions] [HONOR][GodelG][RPL][WIFI] [AC 9560 160MHz]Simulating the Indian environment, softap is not available"
WIFI-519075,[Samsung][Huaqin][Titan4][RPL-R]File transfer interrupt by Quick share app,WinDriver->WiFi Extensions,51,[COMPONENT=WinDriver->WiFi Extensions] [Samsung][Huaqin][Titan4][RPL-R]File transfer interrupt by Quick share app
WIFI-519220,"[HP][Wistron][Cadet25C1_LNL][GfP2/FmP2][Win11 24H2 Build 26100.2033] ""Mobile hotspot"" cant be turned on after connecting to 5.0GHz Wi-Fi and setting network band as ""5 GHz""(GfP2&FmP2).",WinDriver->WiFi Extensions,51,"[COMPONENT=WinDriver->WiFi Extensions] [HP][Wistron][Cadet25C1_LNL][GfP2/FmP2][Win11 24H2 Build 26100.2033] ""Mobile hotspot"" cant be turned on after connecting to 5.0GHz Wi-Fi and setting network band as ""5 GHz""(GfP2&FmP2)."
WIFI-526926,[Samsung][TGL][AX210][P241101-08558]P2P pairing failure between 2 PCs,WinDriver->WiFi Extensions,51,[COMPONENT=WinDriver->WiFi Extensions] [Samsung][TGL][AX210][P241101-08558]P2P pairing failure between 2 PCs
WIFI-528912,"[Lenovo][Aladdin][LNL SIT][BE201][Win11] Cast page shows ""No displays are available"" when install ""Wireless Display"" and then press Win+K.(FR:2/2units,4/4cycles)",WinDriver->WiFi Extensions,51,"[COMPONENT=WinDriver->WiFi Extensions] [Lenovo][Aladdin][LNL SIT][BE201][Win11] Cast page shows ""No displays are available"" when install ""Wireless Display"" and then press Win+K.(FR:2/2units,4/4cycles)"
WIFI-796127,[Dell_Compal][RNG][PTL][WhP2]EUC-CE Laggy and blurry display when casting to 8K smart TV,WinDriver->WiFi Extensions,51,[COMPONENT=WinDriver->WiFi Extensions] [Dell_Compal][RNG][PTL][WhP2]EUC-CE Laggy and blurry display when casting to 8K smart TV
WIFI-798099,[Samsung][ARL][BE201] P2P Pairing Failure,WinDriver->WiFi Extensions,51,[COMPONENT=WinDriver->WiFi Extensions] [Samsung][ARL][BE201] P2P Pairing Failure
WIFI-851822,[Honor][MooreB][ARL][AX211] softap,WinDriver->WiFi Extensions,51,[COMPONENT=WinDriver->WiFi Extensions] [Honor][MooreB][ARL][AX211] softap
WIFI-863556,[Honor][LUX][NvwaB][RPL][AX211][25H2]The softap channel change when PC STA  channel change,WinDriver->WiFi Extensions,51,[COMPONENT=WinDriver->WiFi Extensions] [Honor][LUX][NvwaB][RPL][AX211][25H2]The softap channel change when PC STA  channel change
WIFI-868117,"[Honor][Huaqin][LvzhouD][WCL][Intel AX211][WiFi][25H2]After STA changes the channel, the P2P channel undergoes irregular changes.",WinDriver->WiFi Extensions,51,"[COMPONENT=WinDriver->WiFi Extensions] [Honor][Huaqin][LvzhouD][WCL][Intel AX211][WiFi][25H2]After STA changes the channel, the P2P channel undergoes irregular changes."
WIFI-876287,[Honor][ZhuQue][PTL][AX211 1216@160M][High probability],WinDriver->WiFi Extensions,51,[COMPONENT=WinDriver->WiFi Extensions] [Honor][ZhuQue][PTL][AX211 1216@160M][High probability]
WIFI-99257,"[Lenovo-ideaPad][Compal][L360][TGL][AX200][AX201][20H2]DUT1 Open mobile hotspot  with different network band,DUT2 will not be able to connect the hotspot.",WinDriver->WiFi Extensions,51,"[COMPONENT=WinDriver->WiFi Extensions] [Lenovo-ideaPad][Compal][L360][TGL][AX200][AX201][20H2]DUT1 Open mobile hotspot  with different network band,DUT2 will not be able to connect the hotspot."
BT-144053,[HUAWEI][HUAQIN][MorganG][Intel RPL][Intel AX 211][BT][Win11]It occured bluetooth driver YB(43) after sleep.,FW- Transport,44,[COMPONENT=FW- Transport] [HUAWEI][HUAQIN][MorganG][Intel RPL][Intel AX 211][BT][Win11]It occured bluetooth driver YB(43) after sleep.
BT-157695,[ASUS][EXPRRESSIO II][RPL][MTL PeakII] BT Controller display yellow bang (FR:2/5 unit),FW- Transport,44,[COMPONENT=FW- Transport] [ASUS][EXPRRESSIO II][RPL][MTL PeakII] BT Controller display yellow bang (FR:2/5 unit)
BT-172687,[HP] - SIO2203213/SIO2202336 - [MTL/RPL] Intel BT/WiFi will show yellow bang by BE200 QS module and Beta2 driver,FW- Transport,44,[COMPONENT=FW- Transport] [HP] - SIO2203213/SIO2202336 - [MTL/RPL] Intel BT/WiFi will show yellow bang by BE200 QS module and Beta2 driver
BT-184369,[Nilinjie][BT][Huawei][VangogH][MTL][DVT]The bluetooth driver has a yellow bang affter PC wakeup from MS..,FW- Transport,44,[COMPONENT=FW- Transport] [Nilinjie][BT][Huawei][VangogH][MTL][DVT]The bluetooth driver has a yellow bang affter PC wakeup from MS..
BT-186855,[ASUS][Commercial][B5404CMA] BE200 BT lost while S4 cycling test,FW- Transport,44,[COMPONENT=FW- Transport] [ASUS][Commercial][B5404CMA] BE200 BT lost while S4 cycling test
BT-188989,[Lenovo_IdeaPad][Hetian][LCFC][FVT-QS][S990-IMH][Windows11]Intel Bluetooth (AX211):BT lost when run S4/S5/CB stress test,FW- Transport,44,[COMPONENT=FW- Transport] [Lenovo_IdeaPad][Hetian][LCFC][FVT-QS][S990-IMH][Windows11]Intel Bluetooth (AX211):BT lost when run S4/S5/CB stress test
BT-189625,Bluetooth Yellow Bang (Unknown USB Device) in Sx cycle stress test on MTL w/ AX211,FW- Transport,44,[COMPONENT=FW- Transport] Bluetooth Yellow Bang (Unknown USB Device) in Sx cycle stress test on MTL w/ AX211
BT-194296,[Razer][Diane8][ADL-P][AX411] [21H2]Bluetooth lost or YB when do restart and S4 test,FW- Transport,44,[COMPONENT=FW- Transport] [Razer][Diane8][ADL-P][AX411] [21H2]Bluetooth lost or YB when do restart and S4 test
BT-194945,BT device will be YB sometimes during S4 long run,FW- Transport,44,[COMPONENT=FW- Transport] BT device will be YB sometimes during S4 long run
BT-196423,[Dell][Compal][Kenai MTL][Maya Bay MLK][BE200] Bluetooth driver YB (error code:10) on factory,FW- Transport,44,[COMPONENT=FW- Transport] [Dell][Compal][Kenai MTL][Maya Bay MLK][BE200] Bluetooth driver YB (error code:10) on factory
BT-204781,[ASUS/Commercial][PEGA][MTL][AX201][B5404CMA] BT lost while S4 cycling test,FW- Transport,44,[COMPONENT=FW- Transport] [ASUS/Commercial][PEGA][MTL][AX201][B5404CMA] BT lost while S4 cycling test
BT-205123,[HUAWEI][HUAQIN][FlemingH][Intel MTL][Intel AX 201][BT][Win11]The bluetooth driver is lost when running disable/enable bluetooth driver test.,FW- Transport,44,[COMPONENT=FW- Transport] [HUAWEI][HUAQIN][FlemingH][Intel MTL][Intel AX 201][BT][Win11]The bluetooth driver is lost when running disable/enable bluetooth driver test.
BT-205785,Bluetooth Lost (Unknown USB Device) in HS cycle stress test on MTL w/ AX211,FW- Transport,44,[COMPONENT=FW- Transport] Bluetooth Lost (Unknown USB Device) in HS cycle stress test on MTL w/ AX211
BT-247163,[Samsung][Win10]BT LE mouse stop working after upgrade BT driver with INF file,FW- Transport,44,[COMPONENT=FW- Transport] [Samsung][Win10]BT LE mouse stop working after upgrade BT driver with INF file
BT-248382,[Honor][Huaqin][MooreA][MTL][Intel AX211][BT][23H2]The BT lost when use BT mouse normally,FW- Transport,44,[COMPONENT=FW- Transport] [Honor][Huaqin][MooreA][MTL][Intel AX211][BT][23H2]The BT lost when use BT mouse normally
BT-254313,[HP][Quanta]-[Regis][LNL-MX][QS][Win11 24H2] The Galaxy Buds2 Pro BT LE headsets auto disconnect after pair it then play local video.(Intel FmP2),FW- Transport,44,[COMPONENT=FW- Transport] [HP][Quanta]-[Regis][LNL-MX][QS][Win11 24H2] The Galaxy Buds2 Pro BT LE headsets auto disconnect after pair it then play local video.(Intel FmP2)
BT-257509,BT Device lost during S4 cycle using 23.60.5.9,FW- Transport,44,[COMPONENT=FW- Transport] BT Device lost during S4 cycle using 23.60.5.9
BT-260505,(Copy Of 00891714) [Acer/Compal][Icefish_LNV]BT device lost during S4 cycles,FW- Transport,44,[COMPONENT=FW- Transport] (Copy Of 00891714) [Acer/Compal][Icefish_LNV]BT device lost during S4 cycles
BT-26118,"[MSFT][WaE][Bayside][ODT][TGL][HrP 1216 (MM# 999TDN) BT 22.20.1]System hang 3 times and unexpected shutdown1 time, keyboard is lost frequently.(SN:038347305253) BT",FW- Transport,44,"[COMPONENT=FW- Transport] [MSFT][WaE][Bayside][ODT][TGL][HrP 1216 (MM# 999TDN) BT 22.20.1]System hang 3 times and unexpected shutdown1 time, keyboard is lost frequently.(SN:038347305253) BT"
BT-264484,Thames2 EEP/BE LNL:W11: BT device lost using 23.70.3.1 during MS with WINDBG=ON (100%FR),FW- Transport,44,[COMPONENT=FW- Transport] Thames2 EEP/BE LNL:W11: BT device lost using 23.70.3.1 during MS with WINDBG=ON (100%FR)
BT-27478,[HP/Dogfood/corvette/TGL-U/HrP AX201/W10]BT mouse cursor lag during S0(normal use computer),FW- Transport,44,[COMPONENT=FW- Transport] [HP/Dogfood/corvette/TGL-U/HrP AX201/W10]BT mouse cursor lag during S0(normal use computer)
BT-281519,[HP][Quanta]-[Regis][LNL-MX][QS][Win11 24H2] BT devices disconnection in S0 and No YB during normal using.(Intel FmP2),FW- Transport,44,[COMPONENT=FW- Transport] [HP][Quanta]-[Regis][LNL-MX][QS][Win11 24H2] BT devices disconnection in S0 and No YB during normal using.(Intel FmP2)
BT-28849,[Huawei][Quanta][BohrD/NobelD][TGL-U][AX201][20H2][BT][BUG-20210128-17585/804735630]BT scan failed after resume from connected standby,FW- Transport,44,[COMPONENT=FW- Transport] [Huawei][Quanta][BohrD/NobelD][TGL-U][AX201][20H2][BT][BUG-20210128-17585/804735630]BT scan failed after resume from connected standby
BT-297390,[Venus5-16][FmP2] BT YB code 43 after Hybridshutdown,FW- Transport,44,[COMPONENT=FW- Transport] [Venus5-16][FmP2] BT YB code 43 after Hybridshutdown
BT-297451,[lenovo_lnl_alloy] Intel BE201 QS Bluetooth device was lost when the system entered MS. Fail rate:1/8 times.,FW- Transport,44,[COMPONENT=FW- Transport] [lenovo_lnl_alloy] Intel BE201 QS Bluetooth device was lost when the system entered MS. Fail rate:1/8 times.
BT-300783,[HP][Dojo][BD1][ARL-HX]The BT LE audio headsets will automatically disconnect after playing local music on Intel Garfied Peak2 only.,FW- Transport,44,[COMPONENT=FW- Transport] [HP][Dojo][BD1][ARL-HX]The BT LE audio headsets will automatically disconnect after playing local music on Intel Garfied Peak2 only.
BT-315828,"[Lenovo_IdeaPad][LCFC][ARL-HX][AX211][Hermes-IAX]BLE Headset auto disconnect after paired or play music use media player, 3/3Units,  1/10cycles.",FW- Transport,44,"[COMPONENT=FW- Transport] [Lenovo_IdeaPad][LCFC][ARL-HX][AX211][Hermes-IAX]BLE Headset auto disconnect after paired or play music use media player, 3/3Units,  1/10cycles."
BT-316470,"[Acer][Saxophone_ARU/Cello_ARU] Connect BT mouse+KB+Headset then restart, BT will lost.",FW- Transport,44,"[COMPONENT=FW- Transport] [Acer][Saxophone_ARU/Cello_ARU] Connect BT mouse+KB+Headset then restart, BT will lost."
BT-334108,"[AiStone][ARL H 45] BE200: BT device lost in ""Warm Boot"" cycling test",FW- Transport,44,"[COMPONENT=FW- Transport] [AiStone][ARL H 45] BE200: BT device lost in ""Warm Boot"" cycling test"
BT-349973,[Honor][DarwinB][ARL][AX211][24h2][5%]BT driver lost,FW- Transport,44,[COMPONENT=FW- Transport] [Honor][DarwinB][ARL][AX211][24h2][5%]BT driver lost
BT-353796,[Samsung][Venus4-14 MTL][GfP2] 0x9F BSoD related to ibtusb occured,FW- Transport,44,[COMPONENT=FW- Transport] [Samsung][Venus4-14 MTL][GfP2] 0x9F BSoD related to ibtusb occured
BT-356174,[Lenovo ldeaPad][LCFC][PTL 12Xe][CSLP][S511-16pro][24H2][FVT][BE201]BT show YB after update BT driver follow WW24 BKC. FR: 100/100,FW- Transport,44,[COMPONENT=FW- Transport] [Lenovo ldeaPad][LCFC][PTL 12Xe][CSLP][S511-16pro][24H2][FVT][BE201]BT show YB after update BT driver follow WW24 BKC. FR: 100/100
BT-35783,Device not started (BTHUSB) error occurs in device manager events,FW- Transport,44,[COMPONENT=FW- Transport] Device not started (BTHUSB) error occurs in device manager events
BT-358365,"[acer/COMPAL][Macaron16_MTH] During the S4/CB cycles, an ""BT yellow bang""",FW- Transport,44,"[COMPONENT=FW- Transport] [acer/COMPAL][Macaron16_MTH] During the S4/CB cycles, an ""BT yellow bang"""
BT-39554,[TyP2] Windows Update cancelled because of PnP error rate,FW- Transport,44,[COMPONENT=FW- Transport] [TyP2] Windows Update cancelled because of PnP error rate
BT-418278,[Lenovo][Kailash][PTL/BE211@1216/320Mhz][25H2]Bthmini showed error code 17 when doing S4 stress test,FW- Transport,44,[COMPONENT=FW- Transport] [Lenovo][Kailash][PTL/BE211@1216/320Mhz][25H2]Bthmini showed error code 17 when doing S4 stress test
BT-42259,"[LENOVO][Bitland][Flex 3-11 IGL 05][Intel 9560 2x2ac][GLK-R][Win11][30%] In the BT function test, it is found that the Intel BT device is missing, and the device manager checks that the driver is still there but the yellow feeling has appeared.",FW- Transport,44,"[COMPONENT=FW- Transport] [LENOVO][Bitland][Flex 3-11 IGL 05][Intel 9560 2x2ac][GLK-R][Win11][30%] In the BT function test, it is found that the Intel BT device is missing, and the device manager checks that the driver is still there but the yellow feeling has appeared."
BT-45235,[Lenovo-IdeaPad][LCFC][S170IJL][SOVP][Win11]Intel 9560 Wireless Bluetooth will show Yellow Bang during stress test(S3/S4/WB/CB),FW- Transport,44,[COMPONENT=FW- Transport] [Lenovo-IdeaPad][LCFC][S170IJL][SOVP][Win11]Intel 9560 Wireless Bluetooth will show Yellow Bang during stress test(S3/S4/WB/CB)
BT-45295,[HP/Anthem/W11/JSL/JfP] SIO2027272 - Anthem/M-WHQL/21H2/MV/01.06.02/BT showed YB in System - Sleep with IO Before and After (Reliability SysFund),FW- Transport,44,[COMPONENT=FW- Transport] [HP/Anthem/W11/JSL/JfP] SIO2027272 - Anthem/M-WHQL/21H2/MV/01.06.02/BT showed YB in System - Sleep with IO Before and After (Reliability SysFund)
BT-47041,[HP] - SIO2034675 [Dashiell][ADL][GFP4-AX411][Win11 22000.258]BT driver show YB in DM and BT button lost in PC setting after removing BT devices on stand mode.(Intel AX411),FW- Transport,44,[COMPONENT=FW- Transport] [HP] - SIO2034675 [Dashiell][ADL][GFP4-AX411][Win11 22000.258]BT driver show YB in DM and BT button lost in PC setting after removing BT devices on stand mode.(Intel AX411)
BT-48937,[SamSung][GfP2][Mar 2 13 ADL] YB( Yellow Bang) Bluetooth issue PV1 stage,FW- Transport,44,[COMPONENT=FW- Transport] [SamSung][GfP2][Mar 2 13 ADL] YB( Yellow Bang) Bluetooth issue PV1 stage
BT-49205,[HUAWEI][HUAQIN][EmmyF][3850C][ADL-P][AX201][WIN10][BT] Bluetooth device will show YB and YB code is 10 when running BT device disable and enable test.,FW- Transport,44,[COMPONENT=FW- Transport] [HUAWEI][HUAQIN][EmmyF][3850C][ADL-P][AX201][WIN10][BT] Bluetooth device will show YB and YB code is 10 when running BT device disable and enable test.
BT-51583,[ASUS-Gaming][ADL-P][NR2201Z][AX211 1216] BT yellow bang during BT on/off aging test,FW- Transport,44,[COMPONENT=FW- Transport] [ASUS-Gaming][ADL-P][NR2201Z][AX211 1216] BT yellow bang during BT on/off aging test
BT-79545,[Win11][CCP UART] LE mouse could not re-connected if leaving it alone 30+ minutes,FW- Transport,44,[COMPONENT=FW- Transport] [Win11][CCP UART] LE mouse could not re-connected if leaving it alone 30+ minutes
BT-209225,[HP][Regis][LNL-MX][Win11][INT]USB2 P6 can not work after CNVI enable,Host Windows- Driver->PCIe,43,[COMPONENT=Host Windows- Driver->PCIe] [HP][Regis][LNL-MX][Win11][INT]USB2 P6 can not work after CNVI enable
BT-226405,"[HP][Quanta]-[Regis][LNL-MX][Win11 23H2] Wi-Fi shows ""No Wi-Fi networks found"" after resume from S4 or S5 then turn on WiFi.(Intel FmP2)",Host Windows- Driver->PCIe,43,"[COMPONENT=Host Windows- Driver->PCIe] [HP][Quanta]-[Regis][LNL-MX][Win11 23H2] Wi-Fi shows ""No Wi-Fi networks found"" after resume from S4 or S5 then turn on WiFi.(Intel FmP2)"
BT-231482,[HP][Quanta]-[Regis][LNL-MX][Win11 24H2] Local video will very lag and audio doesnt play(error 0x8889000F) after reconnect BT LE audio headsets(Intel FmP2),Host Windows- Driver->PCIe,43,[COMPONENT=Host Windows- Driver->PCIe] [HP][Quanta]-[Regis][LNL-MX][Win11 24H2] Local video will very lag and audio doesnt play(error 0x8889000F) after reconnect BT LE audio headsets(Intel FmP2)
BT-242267,BSOD 0xC4 on ibtpci.sys encountered after S0i3/S4/R Longrun test,Host Windows- Driver->PCIe,43,[COMPONENT=Host Windows- Driver->PCIe] BSOD 0xC4 on ibtpci.sys encountered after S0i3/S4/R Longrun test
BT-248081,BT device lost on LNL QS FIP (B0 Stepping) with Eng driver (SBHBTW_EV_DEV42781_23.65.24230.42781G ),Host Windows- Driver->PCIe,43,[COMPONENT=Host Windows- Driver->PCIe] BT device lost on LNL QS FIP (B0 Stepping) with Eng driver (SBHBTW_EV_DEV42781_23.65.24230.42781G )
BT-248403,[CSLP][LNL-MX][DELL-TRIBUTO]rQS_BE201_EVQS_CPU S4/MS/WB cycles BT lost,Host Windows- Driver->PCIe,43,[COMPONENT=Host Windows- Driver->PCIe] [CSLP][LNL-MX][DELL-TRIBUTO]rQS_BE201_EVQS_CPU S4/MS/WB cycles BT lost
BT-249593,BSOD 0xC1 (ibtpci.sys) with BT 23.60.5.6 and EVQS CPU during S4 (48th cycle),Host Windows- Driver->PCIe,43,[COMPONENT=Host Windows- Driver->PCIe] BSOD 0xC1 (ibtpci.sys) with BT 23.60.5.6 and EVQS CPU during S4 (48th cycle)
BT-253020,[HP][Quanta]-[Regis][LNL-MX][QS][Win11 24H2] BT and driver lost after run S4(DC mode) overnight.(Intel FmP2),Host Windows- Driver->PCIe,43,[COMPONENT=Host Windows- Driver->PCIe] [HP][Quanta]-[Regis][LNL-MX][QS][Win11 24H2] BT and driver lost after run S4(DC mode) overnight.(Intel FmP2)
BT-254621,[HP][Quanta]-[Regis][LNL-MX][QS][Win11 24H2] There is no sound at the beginning of the audio file recorded using Samsung Galaxy Buds2 Pro BT LE audio headsets.(Intel FmP2),Host Windows- Driver->PCIe,43,[COMPONENT=Host Windows- Driver->PCIe] [HP][Quanta]-[Regis][LNL-MX][QS][Win11 24H2] There is no sound at the beginning of the audio file recorded using Samsung Galaxy Buds2 Pro BT LE audio headsets.(Intel FmP2)
BT-254623,[HP][Quanta]-[Regis][LNL-MX][QS][Win11 24H2] BT will lost once after pair BT LE headset successfully.(Intel FmP2),Host Windows- Driver->PCIe,43,[COMPONENT=Host Windows- Driver->PCIe] [HP][Quanta]-[Regis][LNL-MX][QS][Win11 24H2] BT will lost once after pair BT LE headset successfully.(Intel FmP2)
BT-256995,[HP][IEC] - [Masada][LNL][FMP-BE201]BSOD 0xA0 after reboot,Host Windows- Driver->PCIe,43,[COMPONENT=Host Windows- Driver->PCIe] [HP][IEC] - [Masada][LNL][FMP-BE201]BSOD 0xA0 after reboot
BT-258275,BSOD 0xBFF encountered during S4 on Thames-2 EESIT QS and BT v23.60.5.10,Host Windows- Driver->PCIe,43,[COMPONENT=Host Windows- Driver->PCIe] BSOD 0xBFF encountered during S4 on Thames-2 EESIT QS and BT v23.60.5.10
BT-266164,[Dell][Taroko_LNL]Modern standby SW drips blocked by BTPC on Win10 OS,Host Windows- Driver->PCIe,43,[COMPONENT=Host Windows- Driver->PCIe] [Dell][Taroko_LNL]Modern standby SW drips blocked by BTPC on Win10 OS
BT-272556,[HP][Quanta]-[Regis][LNL-MX][QS][Win11 24H2] BT lost and Intel Bluetooth PCI Enumerator show YB after resume unit from MS with BT mouse connected.(Intel FmP2),Host Windows- Driver->PCIe,43,[COMPONENT=Host Windows- Driver->PCIe] [HP][Quanta]-[Regis][LNL-MX][QS][Win11 24H2] BT lost and Intel Bluetooth PCI Enumerator show YB after resume unit from MS with BT mouse connected.(Intel FmP2)
BT-272577,[HP][Quanta]-[SnowWhite][LNL-MX][QS][Win11 24H2] BT device YB during local video playing with DC mode.(Intel FmP2),Host Windows- Driver->PCIe,43,[COMPONENT=Host Windows- Driver->PCIe] [HP][Quanta]-[SnowWhite][LNL-MX][QS][Win11 24H2] BT device YB during local video playing with DC mode.(Intel FmP2)
BT-272586,"[HP][IEC]-SIO2294922[Masada][LNL][Fmp2-BE201][Win11 24H2] System pops up DMA Protection PPI ""A Device attempted to access memory that it was not allowed to access"" during running the WinPVT Hibernation Functional Test.",Host Windows- Driver->PCIe,43,"[COMPONENT=Host Windows- Driver->PCIe] [HP][IEC]-SIO2294922[Masada][LNL][Fmp2-BE201][Win11 24H2] System pops up DMA Protection PPI ""A Device attempted to access memory that it was not allowed to access"" during running the WinPVT Hibernation Functional Test."
BT-274320,[HP][Masada][LNL][FmP2-BE201][Win11 24H2] There are no beacons in RS mode.,Host Windows- Driver->PCIe,43,[COMPONENT=Host Windows- Driver->PCIe] [HP][Masada][LNL][FmP2-BE201][Win11 24H2] There are no beacons in RS mode.
BT-274326,[HP][Masada][LNL][FmP2-BE201][Win11 24H2] The system got a BSOD 7E - ibtpci.sys after resuming from MSC mode.,Host Windows- Driver->PCIe,43,[COMPONENT=Host Windows- Driver->PCIe] [HP][Masada][LNL][FmP2-BE201][Win11 24H2] The system got a BSOD 7E - ibtpci.sys after resuming from MSC mode.
BT-276753,"[Lenovo_IdeaPad][Wenchang][LCFC][LNL][FVT][24H2][BE201]Only Intel Bluetooth PCI Enumerator remain aftre resume from MS with BT device connect.(F/R: 1/2units, 1/10cycles):",Host Windows- Driver->PCIe,43,"[COMPONENT=Host Windows- Driver->PCIe] [Lenovo_IdeaPad][Wenchang][LCFC][LNL][FVT][24H2][BE201]Only Intel Bluetooth PCI Enumerator remain aftre resume from MS with BT device connect.(F/R: 1/2units, 1/10cycles):"
BT-281854,"[HP][Quanta]-[SnowWhite][LNL-MX][QS][Win11 24H2] BT lost and ""Intel Bluetooth PCI Enumerator"" shows YB in DM after resume from critical S4.(Intel FmP2)",Host Windows- Driver->PCIe,43,"[COMPONENT=Host Windows- Driver->PCIe] [HP][Quanta]-[SnowWhite][LNL-MX][QS][Win11 24H2] BT lost and ""Intel Bluetooth PCI Enumerator"" shows YB in DM after resume from critical S4.(Intel FmP2)"
BT-282167,[HP][IEC]-SIO2304956[Masada][LNL][Fmp2-BE201][Win11 24H2],Host Windows- Driver->PCIe,43,[COMPONENT=Host Windows- Driver->PCIe] [HP][IEC]-SIO2304956[Masada][LNL][Fmp2-BE201][Win11 24H2]
BT-284342,"[Lenovo_IdeaPad][Wenchang][LCFC][LNL][FVT][24H2][BE201]BT disappears and then reappears but cannot change to default setting when turn off  the airplane mode.(F/R:4/4units,4/40cycles)",Host Windows- Driver->PCIe,43,"[COMPONENT=Host Windows- Driver->PCIe] [Lenovo_IdeaPad][Wenchang][LCFC][LNL][FVT][24H2][BE201]BT disappears and then reappears but cannot change to default setting when turn off  the airplane mode.(F/R:4/4units,4/40cycles)"
BT-284698,BSOD 0x9F (ibtpci.sys) encountered during Memory Test on Thames-2 EEP with 23.70.3.1 and verifier = ENABLED (5/25 units),Host Windows- Driver->PCIe,43,[COMPONENT=Host Windows- Driver->PCIe] BSOD 0x9F (ibtpci.sys) encountered during Memory Test on Thames-2 EEP with 23.70.3.1 and verifier = ENABLED (5/25 units)
BT-289196,"[Lenovo_IdeaPad][Wenchang][LCFC][LNL][SIT][24H2][BE201] BT Lost when idle after normal use.(F/R: 1/2units, 1/20cycles)",Host Windows- Driver->PCIe,43,"[COMPONENT=Host Windows- Driver->PCIe] [Lenovo_IdeaPad][Wenchang][LCFC][LNL][SIT][24H2][BE201] BT Lost when idle after normal use.(F/R: 1/2units, 1/20cycles)"
BT-293165,[HP][IEC] - SIO2320589[Masada][LNL][Fmp2-BE201][Win11 24H2]BSOD_0X7e occurs when running WinPVT Hibernation Functional Test,Host Windows- Driver->PCIe,43,[COMPONENT=Host Windows- Driver->PCIe] [HP][IEC] - SIO2320589[Masada][LNL][Fmp2-BE201][Win11 24H2]BSOD_0X7e occurs when running WinPVT Hibernation Functional Test
BT-302523,[Dell/Compal][BolanLNL] Win10 Stress_WB/S4_BSOD point to btpci.sys_0x7e,Host Windows- Driver->PCIe,43,[COMPONENT=Host Windows- Driver->PCIe] [Dell/Compal][BolanLNL] Win10 Stress_WB/S4_BSOD point to btpci.sys_0x7e
BT-302534,[HP][Masada][LNL][FmP2-BE201][Win11 24H2] BSOD 50 (ibtpci.sys) during the S4 stress test with instaDock registration.,Host Windows- Driver->PCIe,43,[COMPONENT=Host Windows- Driver->PCIe] [HP][Masada][LNL][FmP2-BE201][Win11 24H2] BSOD 50 (ibtpci.sys) during the S4 stress test with instaDock registration.
BT-369090,"[HP][Deso & Esa][PTL]the Bluetooth driver displays ""yellow bang""",Host Windows- Driver->PCIe,43,"[COMPONENT=Host Windows- Driver->PCIe] [HP][Deso & Esa][PTL]the Bluetooth driver displays ""yellow bang"""
BT-370872,[Samsung][PTL][BE211] 19e BSoD.,Host Windows- Driver->PCIe,43,[COMPONENT=Host Windows- Driver->PCIe] [Samsung][PTL][BE211] 19e BSoD.
BT-371123,[Lenovo][Compal][Legion 5 15IPH11][PTL][BE213] BSOD 0X7e point to BE213 BT device during Cool boot.,Host Windows- Driver->PCIe,43,[COMPONENT=Host Windows- Driver->PCIe] [Lenovo][Compal][Legion 5 15IPH11][PTL][BE213] BSOD 0X7e point to BE213 BT device during Cool boot.
BT-385936,[HP][Wistron][26C1_Turbine_PTL-H404][WhP2 ES2][Win11 24H2 Build 26100.4202] [SBHBTW_PP_REL11144_23.165.0.1] SUT encounter BSOD 0x7e while running TBT test. (FR: 1/30),Host Windows- Driver->PCIe,43,[COMPONENT=Host Windows- Driver->PCIe] [HP][Wistron][26C1_Turbine_PTL-H404][WhP2 ES2][Win11 24H2 Build 26100.4202] [SBHBTW_PP_REL11144_23.165.0.1] SUT encounter BSOD 0x7e while running TBT test. (FR: 1/30)
BT-401199,[HP][Quanta][G2i Ricotta][PTL][Win11 25H2] The BT function of DRTU tool is unavailable when connected (AX211 & BE211),Host Windows- Driver->PCIe,43,[COMPONENT=Host Windows- Driver->PCIe] [HP][Quanta][G2i Ricotta][PTL][Win11 25H2] The BT function of DRTU tool is unavailable when connected (AX211 & BE211)
BT-410458,[Samsung][PTL][BE211][Venus6-16]System HLK -> Directed FX System Verification Test FAIL,Host Windows- Driver->PCIe,43,[COMPONENT=Host Windows- Driver->PCIe] [Samsung][PTL][BE211][Venus6-16]System HLK -> Directed FX System Verification Test FAIL
BT-412181,[Honor][LuxsharePC][ZhuqueC][25H2][AX211 1216@160M][BT]HLK BLUETOOTH_DFX test fail,Host Windows- Driver->PCIe,43,[COMPONENT=Host Windows- Driver->PCIe] [Honor][LuxsharePC][ZhuqueC][25H2][AX211 1216@160M][BT]HLK BLUETOOTH_DFX test fail
BT-412181,[Honor][LuxsharePC][ZhuqueC][24H2][BT]HLK BLUETOOTH_MULTIMACHINE_HCIEXTENSIONS_V2 test fail,Host Windows- Driver->PCIe,43,[COMPONENT=Host Windows- Driver->PCIe] [Honor][LuxsharePC][ZhuqueC][24H2][BT]HLK BLUETOOTH_MULTIMACHINE_HCIEXTENSIONS_V2 test fail
BT-420913,[Lenovo-Ideapad][YOGA9P 16][PTL/BE211][25H2] BT 0XE6 BSOD with S4  test,Host Windows- Driver->PCIe,43,[COMPONENT=Host Windows- Driver->PCIe] [Lenovo-Ideapad][YOGA9P 16][PTL/BE211][25H2] BT 0XE6 BSOD with S4  test
BT-423035,[MI][Huaqin][N56SR\N57SR] BSOD 0x6E point to BT,Host Windows- Driver->PCIe,43,[COMPONENT=Host Windows- Driver->PCIe] [MI][Huaqin][N56SR\N57SR] BSOD 0x6E point to BT
BT-426294,[Lenovo-Ideapad][YOGA9P 16][PTL/BE211][25H2] BT idle 0X9F BSOD,Host Windows- Driver->PCIe,43,[COMPONENT=Host Windows- Driver->PCIe] [Lenovo-Ideapad][YOGA9P 16][PTL/BE211][25H2] BT idle 0X9F BSOD
BT-429651,"[Samsung][PTL][AX211]System idle occurred 0x133 BsoD, point to ibtpci driver",Host Windows- Driver->PCIe,43,"[COMPONENT=Host Windows- Driver->PCIe] [Samsung][PTL][AX211]System idle occurred 0x133 BsoD, point to ibtpci driver"
BT-456135,[ASUS/PEGA][TP3407AA][PTL] System show BSOD 0x139 if disabled BT then rotate DUT,Host Windows- Driver->PCIe,43,[COMPONENT=Host Windows- Driver->PCIe] [ASUS/PEGA][TP3407AA][PTL] System show BSOD 0x139 if disabled BT then rotate DUT
BT-474274,[WIKO][Longcheer][MarseilleJ][Win11][Intel-PTL][AX211][BT]BR bluetooth mouse will be deleted automatically after upgrade to 24.40.0.3 bluetooth driver.,Host Windows- Driver->PCIe,43,[COMPONENT=Host Windows- Driver->PCIe] [WIKO][Longcheer][MarseilleJ][Win11][Intel-PTL][AX211][BT]BR bluetooth mouse will be deleted automatically after upgrade to 24.40.0.3 bluetooth driver.
BT-476934,V7xxYU BE211 WCL BT YB,Host Windows- Driver->PCIe,43,[COMPONENT=Host Windows- Driver->PCIe] V7xxYU BE211 WCL BT YB
BT-477699,[ASUS][NVL][WIFI][BE211] BT Device controller yellow issue (FR:100&%),Host Windows- Driver->PCIe,43,[COMPONENT=Host Windows- Driver->PCIe] [ASUS][NVL][WIFI][BE211] BT Device controller yellow issue (FR:100&%)
BT-106303,[Honor][Huaqin][HiggsF][ADL][AX211[21H1]New API adaptation?Application send multi adv failed when using new API by DeviceIoControl,FW- Protocol -> ACL_LE,41,[COMPONENT=FW- Protocol -> ACL_LE] [Honor][Huaqin][HiggsF][ADL][AX211[21H1]New API adaptation?Application send multi adv failed when using new API by DeviceIoControl
BT-107255,"[Huawei][Quanta][H98VH99V][BohrENobelE_Intel][AX201][21H1][BT][805790906]The chip does not reply to the HCI wendor command command, so that the PC cannot send out broadcasts!",FW- Protocol -> ACL_LE,41,"[COMPONENT=FW- Protocol -> ACL_LE] [Huawei][Quanta][H98VH99V][BohrENobelE_Intel][AX201][21H1][BT][805790906]The chip does not reply to the HCI wendor command command, so that the PC cannot send out broadcasts!"
BT-108066,[Honor][Huaqin][HiggsE][TGL][AX201[20H1]Ax201 does not send out ble extend adv after PC manager enable ble multi adv,FW- Protocol -> ACL_LE,41,[COMPONENT=FW- Protocol -> ACL_LE] [Honor][Huaqin][HiggsE][TGL][AX201[20H1]Ax201 does not send out ble extend adv after PC manager enable ble multi adv
BT-127838,[Xiaomi][MIUI+]BLE connection failure between PC(Client) and TV(Server),FW- Protocol -> ACL_LE,41,[COMPONENT=FW- Protocol -> ACL_LE] [Xiaomi][MIUI+]BLE connection failure between PC(Client) and TV(Server)
BT-157687,[HUAWEI][HUAQIN][MorganF][Intel ADL][Intel AX 211][BT][Win11]The bluetooth mouse Huawei CD26SE is out of control in video conference,FW- Protocol -> ACL_LE,41,[COMPONENT=FW- Protocol -> ACL_LE] [HUAWEI][HUAQIN][MorganF][Intel ADL][Intel AX 211][BT][Win11]The bluetooth mouse Huawei CD26SE is out of control in video conference
BT-160158,[S170IGL-9560]Bluetooth-LEExtendedAdvertising (Development and Integration) fail,FW- Protocol -> ACL_LE,41,[COMPONENT=FW- Protocol -> ACL_LE] [S170IGL-9560]Bluetooth-LEExtendedAdvertising (Development and Integration) fail
BT-163505,"[Honor][huaqin][HiggsE][TGL][AX201]Phone paging PC timeout many times, and PC controller can not report BLE adv to Host",FW- Protocol -> ACL_LE,41,"[COMPONENT=FW- Protocol -> ACL_LE] [Honor][huaqin][HiggsE][TGL][AX201]Phone paging PC timeout many times, and PC controller can not report BLE adv to Host"
BT-178947,[HP][Quanta]-[Herbie][MTL][Win11 22H2] Only one side connected after resume from S4 then reconnect BT LE headphones.(Intel GaP2/Intel GfP2),FW- Protocol -> ACL_LE,41,[COMPONENT=FW- Protocol -> ACL_LE] [HP][Quanta]-[Herbie][MTL][Win11 22H2] Only one side connected after resume from S4 then reconnect BT LE headphones.(Intel GaP2/Intel GfP2)
BT-186086,[MIUI+][AX211]PC sends data to the mobile phone at a rate of 10KB/s (expect 20K),FW- Protocol -> ACL_LE,41,[COMPONENT=FW- Protocol -> ACL_LE] [MIUI+][AX211]PC sends data to the mobile phone at a rate of 10KB/s (expect 20K)
BT-205148,[Honor][Huaqin][DarwinA][MTL][AX201][22H1[20%]Bluetooth firmware crash,FW- Protocol -> ACL_LE,41,[COMPONENT=FW- Protocol -> ACL_LE] [Honor][Huaqin][DarwinA][MTL][AX201][22H1[20%]Bluetooth firmware crash
BT-213877,[Honor][Huaqin][DarwinA][MTL][AX201][22H1[20%]BT firmware crash--pointer null,FW- Protocol -> ACL_LE,41,[COMPONENT=FW- Protocol -> ACL_LE] [Honor][Huaqin][DarwinA][MTL][AX201][22H1[20%]BT firmware crash--pointer null
BT-239480,[Honor][Huaqin][DarwinA][MTL][AX201][22H1]HCI cmd timeout,FW- Protocol -> ACL_LE,41,[COMPONENT=FW- Protocol -> ACL_LE] [Honor][Huaqin][DarwinA][MTL][AX201][22H1]HCI cmd timeout
BT-256028,[Honor][Huaqin][MooreA][MTL][AX211][22H1[3%]BT driver lost,FW- Protocol -> ACL_LE,41,[COMPONENT=FW- Protocol -> ACL_LE] [Honor][Huaqin][MooreA][MTL][AX211][22H1[3%]BT driver lost
BT-26870,[Huawei][Quanta][KelvinD][TGL-U][AX201][20H2[BT][804719095]BT mouse was disconnected suddenly.,FW- Protocol -> ACL_LE,41,[COMPONENT=FW- Protocol -> ACL_LE] [Huawei][Quanta][KelvinD][TGL-U][AX201][20H2[BT][804719095]BT mouse was disconnected suddenly.
BT-275111,[HP][Masada][LNL][FmP2-BE201][Win11 24H2] The system cant be woken from the S4 state.,FW- Protocol -> ACL_LE,41,[COMPONENT=FW- Protocol -> ACL_LE] [HP][Masada][LNL][FmP2-BE201][Win11 24H2] The system cant be woken from the S4 state.
BT-288221,[Lenovo]Thames2 EEP: BT mouse stops working suddenly.,FW- Protocol -> ACL_LE,41,[COMPONENT=FW- Protocol -> ACL_LE] [Lenovo]Thames2 EEP: BT mouse stops working suddenly.
BT-291551,[Lenovo][Aladdin][LNL SIT][BE201][Win11] BT mouse  can not  auto connect after MS resume,FW- Protocol -> ACL_LE,41,[COMPONENT=FW- Protocol -> ACL_LE] [Lenovo][Aladdin][LNL SIT][BE201][Win11] BT mouse  can not  auto connect after MS resume
BT-296724,[Lenovo][Aladdin][LNL SIT][BE201]BT lost in SVT build,FW- Protocol -> ACL_LE,41,[COMPONENT=FW- Protocol -> ACL_LE] [Lenovo][Aladdin][LNL SIT][BE201]BT lost in SVT build
BT-300754,[ASUS][ARL][BE201] BLE Device will not re-connected after system reboot.,FW- Protocol -> ACL_LE,41,[COMPONENT=FW- Protocol -> ACL_LE] [ASUS][ARL][BE201] BLE Device will not re-connected after system reboot.
BT-302753,[Honor][FermatB][ARL][AX201][24h2][5%]BT fw crash,FW- Protocol -> ACL_LE,41,[COMPONENT=FW- Protocol -> ACL_LE] [Honor][FermatB][ARL][AX201][24h2][5%]BT fw crash
BT-322452,Bluetooth lost,FW- Protocol -> ACL_LE,41,[COMPONENT=FW- Protocol -> ACL_LE] Bluetooth lost
BT-326901,[Lenovo][Aladdin][LNL SS][BE201][Win11] BT mouse can not auto reconnect after MS resume,FW- Protocol -> ACL_LE,41,[COMPONENT=FW- Protocol -> ACL_LE] [Lenovo][Aladdin][LNL SS][BE201][Win11] BT mouse can not auto reconnect after MS resume
BT-333608,"[BT]When Show notifications to connect using Swift Pair is off, can not do pairing with LE audio",FW- Protocol -> ACL_LE,41,"[COMPONENT=FW- Protocol -> ACL_LE] [BT]When Show notifications to connect using Swift Pair is off, can not do pairing with LE audio"
BT-33735,[Huawei][Quanta][KelvinD][TGL-U][AX201][20H2][BT][804776394] BT function full lost during on-line game playing.,FW- Protocol -> ACL_LE,41,[COMPONENT=FW- Protocol -> ACL_LE] [Huawei][Quanta][KelvinD][TGL-U][AX201][20H2][BT][804776394] BT function full lost during on-line game playing.
BT-34421,[HP/Dogfood/Startlight/TGL-H/HrP AX201/W10]BT mouse auto disconnect when joining zoom call.,FW- Protocol -> ACL_LE,41,[COMPONENT=FW- Protocol -> ACL_LE] [HP/Dogfood/Startlight/TGL-H/HrP AX201/W10]BT mouse auto disconnect when joining zoom call.
BT-357231,[Xiaomi][AX203][i5-11320H]PC connect TV  failed by ble,FW- Protocol -> ACL_LE,41,[COMPONENT=FW- Protocol -> ACL_LE] [Xiaomi][AX203][i5-11320H]PC connect TV  failed by ble
BT-358385,"[HP][Quanta]-[Trekker][PTL-H][Win11 24H2] BT headphone shows ""Connected"" not ""Connected mic,audio"" in PC settings after resume unit from S4 with BT headphone and BT mouse connected.(Intel BE211)",FW- Protocol -> ACL_LE,41,"[COMPONENT=FW- Protocol -> ACL_LE] [HP][Quanta]-[Trekker][PTL-H][Win11 24H2] BT headphone shows ""Connected"" not ""Connected mic,audio"" in PC settings after resume unit from S4 with BT headphone and BT mouse connected.(Intel BE211)"
BT-36600,(Copy Of 00585321) [HP/Dogfood/corvette/TGL-U/HrP AX201/Win10]BT mouse cursor lag during S0(normal use computer),FW- Protocol -> ACL_LE,41,[COMPONENT=FW- Protocol -> ACL_LE] (Copy Of 00585321) [HP/Dogfood/corvette/TGL-U/HrP AX201/Win10]BT mouse cursor lag during S0(normal use computer)
BT-39873,[Dynabook][Windows10]Bluetooth radio keep refreshing when moving Bluetooth mouse,FW- Protocol -> ACL_LE,41,[COMPONENT=FW- Protocol -> ACL_LE] [Dynabook][Windows10]Bluetooth radio keep refreshing when moving Bluetooth mouse
BT-40097,[HUAWEI][HUAQIN][MachC][Comet Lake ][Intel 9560][20H2]The BT device is repeatedly reconnected and disconnected with 22.60 driver.,FW- Protocol -> ACL_LE,41,[COMPONENT=FW- Protocol -> ACL_LE] [HUAWEI][HUAQIN][MachC][Comet Lake ][Intel 9560][20H2]The BT device is repeatedly reconnected and disconnected with 22.60 driver.
BT-40099,[Realme][HUAQIN][Intel TGL][Intel ax201/intel 9560][21H1]DUT connect to BT mouse auto disconnect a littte time in Signal shielding room.(FR:5%),FW- Protocol -> ACL_LE,41,[COMPONENT=FW- Protocol -> ACL_LE] [Realme][HUAQIN][Intel TGL][Intel ax201/intel 9560][21H1]DUT connect to BT mouse auto disconnect a littte time in Signal shielding room.(FR:5%)
BT-40647,[ARD2G-15][JfP2] LE mouse does not work with 22.60.0.6,FW- Protocol -> ACL_LE,41,[COMPONENT=FW- Protocol -> ACL_LE] [ARD2G-15][JfP2] LE mouse does not work with 22.60.0.6
BT-407715,[Xiaomi][AX203][Ultra 7 255H]PC connect TV failed by ble,FW- Protocol -> ACL_LE,41,[COMPONENT=FW- Protocol -> ACL_LE] [Xiaomi][AX203][Ultra 7 255H]PC connect TV failed by ble
BT-41270,[HP][ADL/][W10]SIO2004108 - [SIT][FIT-COMM][CML][WIN11-SFR][INT] The bluetooth mouse will automatically disconnect after unit connected to the bluetooth mouse.(JP1),FW- Protocol -> ACL_LE,41,[COMPONENT=FW- Protocol -> ACL_LE] [HP][ADL/][W10]SIO2004108 - [SIT][FIT-COMM][CML][WIN11-SFR][INT] The bluetooth mouse will automatically disconnect after unit connected to the bluetooth mouse.(JP1)
BT-41857,[Mars 5G][TyP][Win11] It takes a long time for connecting LE mouse after leaving 20+ minutes,FW- Protocol -> ACL_LE,41,[COMPONENT=FW- Protocol -> ACL_LE] [Mars 5G][TyP][Win11] It takes a long time for connecting LE mouse after leaving 20+ minutes
BT-41886,[Venus] [TGL+TyP] BT mouse not moving smoothly when use v22.60.0.6,FW- Protocol -> ACL_LE,41,[COMPONENT=FW- Protocol -> ACL_LE] [Venus] [TGL+TyP] BT mouse not moving smoothly when use v22.60.0.6
BT-44068,[HP] - SIO2010729 [Mavis][JSL][HRP2-AX201][Win11 22000.168] ? BT mouse cannot work after idle or paired successfully.,FW- Protocol -> ACL_LE,41,[COMPONENT=FW- Protocol -> ACL_LE] [HP] - SIO2010729 [Mavis][JSL][HRP2-AX201][Win11 22000.168] ? BT mouse cannot work after idle or paired successfully.
BT-477053,[Xiaomi][MTL][AX211] Xiaomi speakers take a long time to connect to a PC via BLE,FW- Protocol -> ACL_LE,41,[COMPONENT=FW- Protocol -> ACL_LE] [Xiaomi][MTL][AX211] Xiaomi speakers take a long time to connect to a PC via BLE
BT-52173,"[Tile]Ring stops by itself even though I did not press ""Done"" in the Android app.",FW- Protocol -> ACL_LE,41,"[COMPONENT=FW- Protocol -> ACL_LE] [Tile]Ring stops by itself even though I did not press ""Done"" in the Android app."
BT-83842,[HONOR][HUAQIN][HiggsF][Intel ADL][Intel AX 211][BT][Win11] No prompt is displayed on the peer machine to share files through the PC Manager.,FW- Protocol -> ACL_LE,41,[COMPONENT=FW- Protocol -> ACL_LE] [HONOR][HUAQIN][HiggsF][Intel ADL][Intel AX 211][BT][Win11] No prompt is displayed on the peer machine to share files through the PC Manager.
BT-88842,[HONOR][HUAQIN][FermiF&BornF][Intel ADL][Intel AX 201][BT][Win11]BT devices disconnected unexpectedly when watching online video with BT earphone connected,FW- Protocol -> ACL_LE,41,[COMPONENT=FW- Protocol -> ACL_LE] [HONOR][HUAQIN][FermiF&BornF][Intel ADL][Intel AX 201][BT][Win11]BT devices disconnected unexpectedly when watching online video with BT earphone connected
BT-102372,"[Huawei][Quanta][H9U][CurieF][AX211][21H2][BT][805761061] The encryption fails when the PC is connected to the mobile phone, and the HCI Encryption Change is not reported",FW- Protocol -> ACL_BR_EDR,40,"[COMPONENT=FW- Protocol -> ACL_BR_EDR] [Huawei][Quanta][H9U][CurieF][AX211][21H2][BT][805761061] The encryption fails when the PC is connected to the mobile phone, and the HCI Encryption Change is not reported"
BT-103015,"Huawei][Quanta][H9U][CurieF][AX211][21H2][BT][805755125] At 17:52-17:56 CurieF-win11 and Hongmeng 2.0 and Hongmeng 3.0 mobile phones failed to create a BR connection all the time. At 17:57, the BR connection was successfully established with Hongmeng 3.",FW- Protocol -> ACL_BR_EDR,40,"[COMPONENT=FW- Protocol -> ACL_BR_EDR] Huawei][Quanta][H9U][CurieF][AX211][21H2][BT][805755125] At 17:52-17:56 CurieF-win11 and Hongmeng 2.0 and Hongmeng 3.0 mobile phones failed to create a BR connection all the time. At 17:57, the BR connection was successfully established with Hongmeng 3."
BT-103960,"[Huawei][Quanta][H9U][CurieF][AX211][21H2][BT][805739829] During the collaboration between the tablet and the PC, the PC sends LMP detach to disconnect the ACL link and the collaboration fails.",FW- Protocol -> ACL_BR_EDR,40,"[COMPONENT=FW- Protocol -> ACL_BR_EDR] [Huawei][Quanta][H9U][CurieF][AX211][21H2][BT][805739829] During the collaboration between the tablet and the PC, the PC sends LMP detach to disconnect the ACL link and the collaboration fails."
BT-106865,[Xiaomi][MIUI+][A55]BT rfcomm connection between Xiaomi Phone and PC used 4s (expect <1s),FW- Protocol -> ACL_BR_EDR,40,[COMPONENT=FW- Protocol -> ACL_BR_EDR] [Xiaomi][MIUI+][A55]BT rfcomm connection between Xiaomi Phone and PC used 4s (expect <1s)
BT-107763,[Xiaomi][MIUI+][A55]BT connection failed between Xiaomi Phone and PC,FW- Protocol -> ACL_BR_EDR,40,[COMPONENT=FW- Protocol -> ACL_BR_EDR] [Xiaomi][MIUI+][A55]BT connection failed between Xiaomi Phone and PC
BT-112751,"[Huawei][MendelG][RPL][DVT2]The PC and the mobile phone perform multi-screen collaboration, and the BR connection fails",FW- Protocol -> ACL_BR_EDR,40,"[COMPONENT=FW- Protocol -> ACL_BR_EDR] [Huawei][MendelG][RPL][DVT2]The PC and the mobile phone perform multi-screen collaboration, and the BR connection fails"
BT-121543,[HUAWEI][HUAQIN][KelvinG][Intel RPL][Intel AX 201][BT][Win11]Use Bluetooth to transfer files at a low rate,FW- Protocol -> ACL_BR_EDR,40,[COMPONENT=FW- Protocol -> ACL_BR_EDR] [HUAWEI][HUAQIN][KelvinG][Intel RPL][Intel AX 201][BT][Win11]Use Bluetooth to transfer files at a low rate
BT-129133,[GfP2] Buds2Pro cannot be connected sometimes,FW- Protocol -> ACL_BR_EDR,40,[COMPONENT=FW- Protocol -> ACL_BR_EDR] [GfP2] Buds2Pro cannot be connected sometimes
BT-141646,"[Xiaomi][MIUI+]RFComm connection failure between PC(Client) and Phone(Server), LMP response timeout.",FW- Protocol -> ACL_BR_EDR,40,"[COMPONENT=FW- Protocol -> ACL_BR_EDR] [Xiaomi][MIUI+]RFComm connection failure between PC(Client) and Phone(Server), LMP response timeout."
BT-147271,"[HUAWEI][HUAQIN][MorganG][Intel RPL][Intel AX 211][BT][Win11]Phone2PC failed with ""LMP response Timeout"" reason after connect BLE bluetooth mouse.",FW- Protocol -> ACL_BR_EDR,40,"[COMPONENT=FW- Protocol -> ACL_BR_EDR] [HUAWEI][HUAQIN][MorganG][Intel RPL][Intel AX 211][BT][Win11]Phone2PC failed with ""LMP response Timeout"" reason after connect BLE bluetooth mouse."
BT-167060,"[Xiaomi][MIUI+]BLE connection failure between PC(Client) and Phone(Server), no connection_completed EVENT",FW- Protocol -> ACL_BR_EDR,40,"[COMPONENT=FW- Protocol -> ACL_BR_EDR] [Xiaomi][MIUI+]BLE connection failure between PC(Client) and Phone(Server), no connection_completed EVENT"
BT-180619,[Xiaomi][MIUI+][I5-12500H][AX203]BLE connection failed,FW- Protocol -> ACL_BR_EDR,40,[COMPONENT=FW- Protocol -> ACL_BR_EDR] [Xiaomi][MIUI+][I5-12500H][AX203]BLE connection failed
BT-256392,[HP][Quanta]-[Regis][LNL-MX][QS][Win11 24H2] Cant pair BT mouse successfully when playing video by BT headsets.(Intel FmP2),FW- Protocol -> ACL_BR_EDR,40,[COMPONENT=FW- Protocol -> ACL_BR_EDR] [HP][Quanta]-[Regis][LNL-MX][QS][Win11 24H2] Cant pair BT mouse successfully when playing video by BT headsets.(Intel FmP2)
BT-278402,[TM2LNL][FmP2] BT lost during Modern Standby found in Intel Shanghai,FW- Protocol -> ACL_BR_EDR,40,[COMPONENT=FW- Protocol -> ACL_BR_EDR] [TM2LNL][FmP2] BT lost during Modern Standby found in Intel Shanghai
BT-285445,[Samsung][Venus5-14 LNL][FmP2] Cannot reconnect Galaxy Buds 3/XJ1 after disconnect,FW- Protocol -> ACL_BR_EDR,40,[COMPONENT=FW- Protocol -> ACL_BR_EDR] [Samsung][Venus5-14 LNL][FmP2] Cannot reconnect Galaxy Buds 3/XJ1 after disconnect
BT-295258,[Lenovo][Thames2/Mersey2][BE] BT Lost during S4/S4 with 23.100.1.1,FW- Protocol -> ACL_BR_EDR,40,[COMPONENT=FW- Protocol -> ACL_BR_EDR] [Lenovo][Thames2/Mersey2][BE] BT Lost during S4/S4 with 23.100.1.1
BT-295619,[lenovo_lnl_alloy] Intel BE201 QS Connected Bluetooth mouse device stopped working and can not be used during MS then resumed when normal use.,FW- Protocol -> ACL_BR_EDR,40,[COMPONENT=FW- Protocol -> ACL_BR_EDR] [lenovo_lnl_alloy] Intel BE201 QS Connected Bluetooth mouse device stopped working and can not be used during MS then resumed when normal use.
BT-327270,"[Lenovo_IdeaPad][LCFC][LNL][Sunrise][24H2][SIT][BE201_USB]The Unit shows Item Not Found"" when copy file from the shared folder via access BT IP address.(F/R: 2/2units, 8/10cycles)",FW- Protocol -> ACL_BR_EDR,40,"[COMPONENT=FW- Protocol -> ACL_BR_EDR] [Lenovo_IdeaPad][LCFC][LNL][Sunrise][24H2][SIT][BE201_USB]The Unit shows Item Not Found"" when copy file from the shared folder via access BT IP address.(F/R: 2/2units, 8/10cycles)"
BT-344362,"[WIKO][LC][MarseilleI][ARL-AX201][DVT1][24H2]After turning the Bluetooth off and on, the Bluetooth headset fails to reconnect.",FW- Protocol -> ACL_BR_EDR,40,"[COMPONENT=FW- Protocol -> ACL_BR_EDR] [WIKO][LC][MarseilleI][ARL-AX201][DVT1][24H2]After turning the Bluetooth off and on, the Bluetooth headset fails to reconnect."
BT-388798,[PTL][BE211] BT device lost when Reboot stress test,FW- Protocol -> ACL_BR_EDR,40,[COMPONENT=FW- Protocol -> ACL_BR_EDR] [PTL][BE211] BT device lost when Reboot stress test
BT-39813,[HrP2] BT mouse could not be connected to PC after mouse off and on,FW- Protocol -> ACL_BR_EDR,40,[COMPONENT=FW- Protocol -> ACL_BR_EDR] [HrP2] BT mouse could not be connected to PC after mouse off and on
BT-40297,[Clevo]AX210NGW.NV Bluetooth headphones can't auto reconnect after S3 resume.,FW- Protocol -> ACL_BR_EDR,40,[COMPONENT=FW- Protocol -> ACL_BR_EDR] [Clevo]AX210NGW.NV Bluetooth headphones can't auto reconnect after S3 resume.
BT-425818,[Lenovo][Poseidon][SIT][PTL/BE211@1216/320Mhz][25H2]  BT headset can not auto connect after S4 resume (3/32),FW- Protocol -> ACL_BR_EDR,40,[COMPONENT=FW- Protocol -> ACL_BR_EDR] [Lenovo][Poseidon][SIT][PTL/BE211@1216/320Mhz][25H2]  BT headset can not auto connect after S4 resume (3/32)
BT-44506,[HP] - SIO2023952 [Magneta][ADL][GFP2-AX211][Win11 22000.176] ? BT received picture will show garbage if transferring files with music playing via a Bluetooth headset.,FW- Protocol -> ACL_BR_EDR,40,[COMPONENT=FW- Protocol -> ACL_BR_EDR] [HP] - SIO2023952 [Magneta][ADL][GFP2-AX211][Win11 22000.176] ? BT received picture will show garbage if transferring files with music playing via a Bluetooth headset.
BT-46081,[JfP][HrP][TyP] BT mouse/keyboard does not work if trying to use it after leaving it about 10+ minutes or turn it off and on,FW- Protocol -> ACL_BR_EDR,40,[COMPONENT=FW- Protocol -> ACL_BR_EDR] [JfP][HrP][TyP] BT mouse/keyboard does not work if trying to use it after leaving it about 10+ minutes or turn it off and on
BT-55864,[Dynabook][Win11] BT headset is repeatedly disconnected and connected during playing music with BT offload enabled,FW- Protocol -> ACL_BR_EDR,40,[COMPONENT=FW- Protocol -> ACL_BR_EDR] [Dynabook][Win11] BT headset is repeatedly disconnected and connected during playing music with BT offload enabled
BT-66763,[Lenovo-IdeaPad][ADL][S970][win11][SIT][GFP]Can not transfer files after resume from s4,FW- Protocol -> ACL_BR_EDR,40,[COMPONENT=FW- Protocol -> ACL_BR_EDR] [Lenovo-IdeaPad][ADL][S970][win11][SIT][GFP]Can not transfer files after resume from s4
BT-69625,[HP] - SIO2085113 [Dashiell][ADL][GFP2-A211][Win11 22000.527]BT headset and BT mouse occurred lag simultaneously when playing online video.,FW- Protocol -> ACL_BR_EDR,40,[COMPONENT=FW- Protocol -> ACL_BR_EDR] [HP] - SIO2085113 [Dashiell][ADL][GFP2-A211][Win11 22000.527]BT headset and BT mouse occurred lag simultaneously when playing online video.
BT-69628,"(Copy Of 00681655) [HONOR][HUAQIN][HiggsF][NB5550B][ADL][AX211][WIN11][BT] The Bluetooth device will be auto change to ""Paired"". (Huawei Freelace)",FW- Protocol -> ACL_BR_EDR,40,"[COMPONENT=FW- Protocol -> ACL_BR_EDR] (Copy Of 00681655) [HONOR][HUAQIN][HiggsF][NB5550B][ADL][AX211][WIN11][BT] The Bluetooth device will be auto change to ""Paired"". (Huawei Freelace)"
BT-69891,[HP/Cyprus/W11/TGL/HrP]SIO2087804 - [SIT][FIT-COMM] [22MiniSFR][Win11][CML-H][TGL-HU][INT] BT search interface show blank when searching for other devices overnight.(AX201),FW- Protocol -> ACL_BR_EDR,40,[COMPONENT=FW- Protocol -> ACL_BR_EDR] [HP/Cyprus/W11/TGL/HrP]SIO2087804 - [SIT][FIT-COMM] [22MiniSFR][Win11][CML-H][TGL-HU][INT] BT search interface show blank when searching for other devices overnight.(AX201)
BT-70476,[HUAWEI][HUAQIN][Morgan][Intel TGL][Intel AX 201][BT][Win11]The DUT connect fail with phone during running stress test.,FW- Protocol -> ACL_BR_EDR,40,[COMPONENT=FW- Protocol -> ACL_BR_EDR] [HUAWEI][HUAQIN][Morgan][Intel TGL][Intel AX 201][BT][Win11]The DUT connect fail with phone during running stress test.
BT-72056,"[Huawei/Bitland][ADL-S][PanguC][AX201][BT] When the machine is connected to 2.4g network for downloading services, the Bluetooth headset brokenly plays online music on the Bluetooth search interface",FW- Protocol -> ACL_BR_EDR,40,"[COMPONENT=FW- Protocol -> ACL_BR_EDR] [Huawei/Bitland][ADL-S][PanguC][AX201][BT] When the machine is connected to 2.4g network for downloading services, the Bluetooth headset brokenly plays online music on the Bluetooth search interface"
BT-72332,[Honor][quanta][GalileoF][ADL][AX201][21H1[5%]]BT fw crashed(EventID =7 in BTHUSB) in beta users,FW- Protocol -> ACL_BR_EDR,40,[COMPONENT=FW- Protocol -> ACL_BR_EDR] [Honor][quanta][GalileoF][ADL][AX201][21H1[5%]]BT fw crashed(EventID =7 in BTHUSB) in beta users
BT-72972,[Honor][Huaqin][HiggsE][TGL][AX201?PC create BR connection with error: Connection Rejected due to security reasons,FW- Protocol -> ACL_BR_EDR,40,[COMPONENT=FW- Protocol -> ACL_BR_EDR] [Honor][Huaqin][HiggsE][TGL][AX201?PC create BR connection with error: Connection Rejected due to security reasons
BT-77293,[Xiaomi][MIUI+]Connection Rejected due to security reasons between Xiaomi Pad and PC,FW- Protocol -> ACL_BR_EDR,40,[COMPONENT=FW- Protocol -> ACL_BR_EDR] [Xiaomi][MIUI+]Connection Rejected due to security reasons between Xiaomi Pad and PC
BT-78251,[HP] - SIO2085113 [Dashiell][ADL][GFP2-AX211][Win11 21H2]BT headset and BT mouse occurred lag simultaneously when playing online video.,FW- Protocol -> ACL_BR_EDR,40,[COMPONENT=FW- Protocol -> ACL_BR_EDR] [HP] - SIO2085113 [Dashiell][ADL][GFP2-AX211][Win11 21H2]BT headset and BT mouse occurred lag simultaneously when playing online video.
BT-79890,[HUAWEI][HUAQIN][KelvinD][Intel TGL][Intel AX 201][BT][Win11] DUT connect phone is fail FR:1/100.,FW- Protocol -> ACL_BR_EDR,40,[COMPONENT=FW- Protocol -> ACL_BR_EDR] [HUAWEI][HUAQIN][KelvinD][Intel TGL][Intel AX 201][BT][Win11] DUT connect phone is fail FR:1/100.
BT-92699,[Huawei][Quanta][H9R][RolleF][AX201][21H2][BT][805694386]BT device lost  on device manager,FW- Protocol -> ACL_BR_EDR,40,[COMPONENT=FW- Protocol -> ACL_BR_EDR] [Huawei][Quanta][H9R][RolleF][AX201][21H2][BT][805694386]BT device lost  on device manager
BT-96259,[LG][16Z90Q][ADL/AX211/Win11 21H2] Bluetooth PAN Throughput,FW- Protocol -> ACL_BR_EDR,40,[COMPONENT=FW- Protocol -> ACL_BR_EDR] [LG][16Z90Q][ADL/AX211/Win11 21H2] Bluetooth PAN Throughput
BT-99362,[lenovo_valkyrie] Project V- BT headset is disconnected when attend Teams meeting with connecting VK1 BT option KBD.,FW- Protocol -> ACL_BR_EDR,40,[COMPONENT=FW- Protocol -> ACL_BR_EDR] [lenovo_valkyrie] Project V- BT headset is disconnected when attend Teams meeting with connecting VK1 BT option KBD.
WIFI-231457,"[MSFT][Z95] WiFi Spectrum Mask, EVM and Power tolerance questions",System->PHY,35,"[COMPONENT=System->PHY] [MSFT][Z95] WiFi Spectrum Mask, EVM and Power tolerance questions"
WIFI-247381,[MSFT Quanta][Z96_YuShan] Conducted TX spectrum flatness fail IEEE specification,System->PHY,35,[COMPONENT=System->PHY] [MSFT Quanta][Z96_YuShan] Conducted TX spectrum flatness fail IEEE specification
WIFI-247382,[MSFT Quanta][YiLan_V81B] Conducted TX spectrum Mask fail IEEE specification,System->PHY,35,[COMPONENT=System->PHY] [MSFT Quanta][YiLan_V81B] Conducted TX spectrum Mask fail IEEE specification
WIFI-258690,[Lenovo-IdeaPad] [WT][D580][RPL-P][AX211][22H1][100%] WiFi conductive throughput can not meet Lenovo criteria at BW160MHz and 6e band.,System->PHY,35,[COMPONENT=System->PHY] [Lenovo-IdeaPad] [WT][D580][RPL-P][AX211][22H1][100%] WiFi conductive throughput can not meet Lenovo criteria at BW160MHz and 6e band.
WIFI-266055,[ADL-N][HrP1][22.180]AX101 T-put drop issue,System->PHY,35,[COMPONENT=System->PHY] [ADL-N][HrP1][22.180]AX101 T-put drop issue
WIFI-279228,[MSFT][Birch Bay] ?Tx Spectrum Mask? failure issue for AX211 second foundry,System->PHY,35,[COMPONENT=System->PHY] [MSFT][Birch Bay] ?Tx Spectrum Mask? failure issue for AX211 second foundry
WIFI-312539,[NEXUS MLK] The noise in BE200 AUX connector,System->PHY,35,[COMPONENT=System->PHY] [NEXUS MLK] The noise in BE200 AUX connector
WIFI-314662,[DELL] AX211 cant connect with 5GHz ch144 in India,System->PHY,35,[COMPONENT=System->PHY] [DELL] AX211 cant connect with 5GHz ch144 in India
WIFI-318975,[MTL][BE200] GaP2 TX tput unstable or disconnection during tput test.,System->PHY,35,[COMPONENT=System->PHY] [MTL][BE200] GaP2 TX tput unstable or disconnection during tput test.
WIFI-325395,[MSFT][Malwa/Azalia] TX_MIMO_160MHz_CH175 MCS0 & MCS6 Spectral Flatness Fail,System->PHY,35,[COMPONENT=System->PHY] [MSFT][Malwa/Azalia] TX_MIMO_160MHz_CH175 MCS0 & MCS6 Spectral Flatness Fail
WIFI-340092,[Samsung][Venus4-14MTL][GfP2] 802.11ax 6E _RU_26T_HE160_SISO_B Test Fail,System->PHY,35,[COMPONENT=System->PHY] [Samsung][Venus4-14MTL][GfP2] 802.11ax 6E _RU_26T_HE160_SISO_B Test Fail
WIFI-348106,[MSFT][Huntington Beach] Tx Spectrum Mask failure issue for AX211,System->PHY,35,[COMPONENT=System->PHY] [MSFT][Huntington Beach] Tx Spectrum Mask failure issue for AX211
WIFI-348108,[MSFT][Malwa/Azalia] MCC in US 6G band ax mode PRU 26/52/106 tone MIMO B target power are unbalanced,System->PHY,35,[COMPONENT=System->PHY] [MSFT][Malwa/Azalia] MCC in US 6G band ax mode PRU 26/52/106 tone MIMO B target power are unbalanced
WIFI-364767,[ASUS][PEGA][MTL][BE200][B3404/3604/5404/5604CMA]WIFI7 TCP TX throughput degrade on some channels,System->PHY,35,[COMPONENT=System->PHY] [ASUS][PEGA][MTL][BE200][B3404/3604/5404/5604CMA]WIFI7 TCP TX throughput degrade on some channels
WIFI-374628,[Samsung][RPL] System can not find 6Ghz mobile hotspot from mobile hotspot.,System->PHY,35,[COMPONENT=System->PHY] [Samsung][RPL] System can not find 6Ghz mobile hotspot from mobile hotspot.
WIFI-382310,[Lenovo_IdeaPad_CSLP][QuZhou 6D][LCFC][SS][S590-MTL][Windows11]WLAN shwo YB when  connecting AP,System->PHY,35,[COMPONENT=System->PHY] [Lenovo_IdeaPad_CSLP][QuZhou 6D][LCFC][SS][S590-MTL][Windows11]WLAN shwo YB when  connecting AP
WIFI-393149,[Dell_Compal_MayabayMTL]MYB MLK Stress MS/WB_Device Lost_Intel Wi-Fi 7 BE200,System->PHY,35,[COMPONENT=System->PHY] [Dell_Compal_MayabayMTL]MYB MLK Stress MS/WB_Device Lost_Intel Wi-Fi 7 BE200
WIFI-406606,[HUAWEI][HUAQIN][MorganG][Intel MTL][Intel AX 211][WiFi][Win11]It occured WiFi driver YB after wake up from hibernate.,System->PHY,35,[COMPONENT=System->PHY] [HUAWEI][HUAQIN][MorganG][Intel MTL][Intel AX 211][WiFi][Win11]It occured WiFi driver YB after wake up from hibernate.
WIFI-582875,[Honor][FermatB][ARL][AX201][Low probability]WiFi driver assert,System->PHY,35,[COMPONENT=System->PHY] [Honor][FermatB][ARL][AX201][Low probability]WiFi driver assert
WIFI-616387,[Samsung][LNL][[BE201][Venus5-16] WLAN device shows YB after resuming from S4/MS - FW assert 0x13ce,System->PHY,35,[COMPONENT=System->PHY] [Samsung][LNL][[BE201][Venus5-16] WLAN device shows YB after resuming from S4/MS - FW assert 0x13ce
WIFI-643433,"[Samsung][LNL][BE201] The driver is recognized normally, but if you scan, the AP",System->PHY,35,"[COMPONENT=System->PHY] [Samsung][LNL][BE201] The driver is recognized normally, but if you scan, the AP"
WIFI-696267,"[Dell][Bolan][LNL]Intel(R) Wi-Fi7 BE201 320MHz show Yellow Bang, error code 10",System->PHY,35,"[COMPONENT=System->PHY] [Dell][Bolan][LNL]Intel(R) Wi-Fi7 BE201 320MHz show Yellow Bang, error code 10"
WIFI-701563,[Lenovo-IdeaPad][PTL][Kailash][win11][EVT][FmP][S790_15_LNL_SS_HF]11ax 6G conductive Tput failed Lenovo spec.,System->PHY,35,[COMPONENT=System->PHY] [Lenovo-IdeaPad][PTL][Kailash][win11][EVT][FmP][S790_15_LNL_SS_HF]11ax 6G conductive Tput failed Lenovo spec.
WIFI-705554,[Lenovo][Poseidon][PTL ES][BE211][Win11] Conductive tput 5G 11ax ch157 Tx fail,System->PHY,35,[COMPONENT=System->PHY] [Lenovo][Poseidon][PTL ES][BE211][Win11] Conductive tput 5G 11ax ch157 Tx fail
WIFI-745395,[Samsung][PTL][WhP2 ES2] 6GHz 229ch Tx power,System->PHY,35,[COMPONENT=System->PHY] [Samsung][PTL][WhP2 ES2] 6GHz 229ch Tx power
WIFI-753874,[Dell_Compal][RNG][PTL][WhP2]BE211 BT YB issue is suspected to be caused by Wi-Fi assertion.,System->PHY,35,[COMPONENT=System->PHY] [Dell_Compal][RNG][PTL][WhP2]BE211 BT YB issue is suspected to be caused by Wi-Fi assertion.
WIFI-755323,[DELL][Wistron][PTL][WhP] DRTU not work with 23.165 assert 0x121e,System->PHY,35,[COMPONENT=System->PHY] [DELL][Wistron][PTL][WhP] DRTU not work with 23.165 assert 0x121e
WIFI-773167,[Dell][Pista ARL]BT driver v23.140.0.5 show YB in the factory (WiFi Assert 0x2010121e),System->PHY,35,[COMPONENT=System->PHY] [Dell][Pista ARL]BT driver v23.140.0.5 show YB in the factory (WiFi Assert 0x2010121e)
WIFI-781121,DRTU setting for U-NII 6 power  problem,System->PHY,35,[COMPONENT=System->PHY] DRTU setting for U-NII 6 power  problem
WIFI-781521,[Samsung][GB6-16 Pro][PTL+ WhP2][FCC/ISED] VLP/SP mode Tx power setting issue by DRTU,System->PHY,35,[COMPONENT=System->PHY] [Samsung][GB6-16 Pro][PTL+ WhP2][FCC/ISED] VLP/SP mode Tx power setting issue by DRTU
WIFI-785530,[Honor][ZhuqueC&Xuanwu][PTL][AX211][DVT][24H2][WiFi]UK&Qatar with DRTU testing 5G channel 144 missing.,System->PHY,35,[COMPONENT=System->PHY] [Honor][ZhuqueC&Xuanwu][PTL][AX211][DVT][24H2][WiFi]UK&Qatar with DRTU testing 5G channel 144 missing.
WIFI-787331,[Honor][LuxsharePC][ZhuqueC][DVT][25H2]PC query via DRTU indicates that Georgia and Oman do not support 6G.,System->PHY,35,[COMPONENT=System->PHY] [Honor][LuxsharePC][ZhuqueC][DVT][25H2]PC query via DRTU indicates that Georgia and Oman do not support 6G.
WIFI-794048,[LG][17Z90UR][PTL/BE211/Win11 25H2] Event ID 5002 occurs while disconnecting AP,System->PHY,35,[COMPONENT=System->PHY] [LG][17Z90UR][PTL/BE211/Win11 25H2] Event ID 5002 occurs while disconnecting AP
WIFI-795918,[Lenovo][Kailash][PTL/BE211@1216/320Mhz][25H2]wifi showed 5002/500528afwhen doing MS test,System->PHY,35,[COMPONENT=System->PHY] [Lenovo][Kailash][PTL/BE211@1216/320Mhz][25H2]wifi showed 5002/500528afwhen doing MS test
WIFI-795954,[Lenovo-Ideapad][YOGA9P 16][PTL/BE211@1216/320Mhz][25H2] WIFI 5002 with stress MS test,System->PHY,35,[COMPONENT=System->PHY] [Lenovo-Ideapad][YOGA9P 16][PTL/BE211@1216/320Mhz][25H2] WIFI 5002 with stress MS test
WIFI-100192,[Huawei][Wingtech][CurieM][AMD Cezanne][AX200][20H2]BSOD(0x9f)occur after loop run fastboot(F/R:1/15units ;1/7500 cycles),3rd Party,34,[COMPONENT=3rd Party] [Huawei][Wingtech][CurieM][AMD Cezanne][AX200][20H2]BSOD(0x9f)occur after loop run fastboot(F/R:1/15units ;1/7500 cycles)
WIFI-100527,[Huawei][Quanta][BohrD][TGL-U][AX201][20H1][WLAN][804740414] Wifi auto disconnects because miss beacon.,3rd Party,34,[COMPONENT=3rd Party] [Huawei][Quanta][BohrD][TGL-U][AX201][20H1][WLAN][804740414] Wifi auto disconnects because miss beacon.
WIFI-104993,[Huawei][Wingtech][CurieM][AMD Cezanne][AX200][20H2]Unable to search for WiFi(F/R:1/50 times),3rd Party,34,[COMPONENT=3rd Party] [Huawei][Wingtech][CurieM][AMD Cezanne][AX200][20H2]Unable to search for WiFi(F/R:1/50 times)
WIFI-105174,"[Huawei][Quanta][H81][CezanneM][AX200][20H2][WiFi][BUG-20210224-18726] After DUT Miracast sucessfully , connect to 2.4G/5G WIFI , Miracast will disconnect",3rd Party,34,"[COMPONENT=3rd Party] [Huawei][Quanta][H81][CezanneM][AX200][20H2][WiFi][BUG-20210224-18726] After DUT Miracast sucessfully , connect to 2.4G/5G WIFI , Miracast will disconnect"
WIFI-106139,[HUAWEI][HUAQIN][AMD Lucienne-U][Intel AX200][20H2]PC occur disconnect under connect AP,3rd Party,34,[COMPONENT=3rd Party] [HUAWEI][HUAQIN][AMD Lucienne-U][Intel AX200][20H2]PC occur disconnect under connect AP
WIFI-106949,DRTU output table of TyP2 - max. increasing gain by PPAG,3rd Party,34,[COMPONENT=3rd Party] DRTU output table of TyP2 - max. increasing gain by PPAG
WIFI-107898,[Huawei][Quanta][KelvinD][TGL-U][AX201][Wifi][20H1][804794116] Wifi device show yellow bang when connect a mobile phone by Android Debug Bridge(ADB) to do  on/off wifi test.,3rd Party,34,[COMPONENT=3rd Party] [Huawei][Quanta][KelvinD][TGL-U][AX201][Wifi][20H1][804794116] Wifi device show yellow bang when connect a mobile phone by Android Debug Bridge(ADB) to do  on/off wifi test.
WIFI-109625,[Dell] XPS 9310 2in1 can't connection to Dell network AP.,3rd Party,34,[COMPONENT=3rd Party] [Dell] XPS 9310 2in1 can't connection to Dell network AP.
WIFI-110494,"[Huawei][Wingtech][CurieM][AMD Cezanne][AX200][20H2]During the use of the connection WiFi, disconnect occurs",3rd Party,34,"[COMPONENT=3rd Party] [Huawei][Wingtech][CurieM][AMD Cezanne][AX200][20H2]During the use of the connection WiFi, disconnect occurs"
WIFI-117419,[Huaqin][Asus_UX425UAZ][AMD_LCN][AX200 2230 22.50.0.7] intel wlan show YB when connect AP continually(F/R: 100%),3rd Party,34,[COMPONENT=3rd Party] [Huaqin][Asus_UX425UAZ][AMD_LCN][AX200 2230 22.50.0.7] intel wlan show YB when connect AP continually(F/R: 100%)
WIFI-134841,[Dell][Compal][Tiger Lake] [AX1650s]There are too many repetition events ID 7025/7026 in Event log during Modern standby state,3rd Party,34,[COMPONENT=3rd Party] [Dell][Compal][Tiger Lake] [AX1650s]There are too many repetition events ID 7025/7026 in Event log during Modern standby state
WIFI-136325,"[Huawei][Quanta][H98VH99V][BohrENobelE_Intel][AX201][20H2][WIFI][BUG-20210712-31160] DUT sometimes when turn on WIFI , can't auto connect to AP",3rd Party,34,"[COMPONENT=3rd Party] [Huawei][Quanta][H98VH99V][BohrENobelE_Intel][AX201][20H2][WIFI][BUG-20210712-31160] DUT sometimes when turn on WIFI , can't auto connect to AP"
WIFI-139443,"[Huawei][Quanta][H9H][HookeD][AX201][20H2][WIFI][]Router set USA auto AP , DUT set Egypt Negotiated agreement is 802.11n",3rd Party,34,"[COMPONENT=3rd Party] [Huawei][Quanta][H9H][HookeD][AX201][20H2][WIFI][]Router set USA auto AP , DUT set Egypt Negotiated agreement is 802.11n"
WIFI-156022,[Huawei][Quanta][H9H][HookeD][AX201][20H2][WIFI][805116040][BUG-20210812-33854]HookeD projection MatePad Pro audio freeze,3rd Party,34,[COMPONENT=3rd Party] [Huawei][Quanta][H9H][HookeD][AX201][20H2][WIFI][805116040][BUG-20210812-33854]HookeD projection MatePad Pro audio freeze
WIFI-162441,[LG][16Z90P][TGL/AX201/Win11 21H2] WiFi is automatically disconnected after resuming from sleep,3rd Party,34,[COMPONENT=3rd Party] [LG][16Z90P][TGL/AX201/Win11 21H2] WiFi is automatically disconnected after resuming from sleep
WIFI-180809,"[Huawei][Wingtech][Dirac][Intel Tiger Lake UP4][AX201][21H1] [WIFI] Connect WiFi to play video, and the WLAN driver appears  YB",3rd Party,34,"[COMPONENT=3rd Party] [Huawei][Wingtech][Dirac][Intel Tiger Lake UP4][AX201][21H1] [WIFI] Connect WiFi to play video, and the WLAN driver appears  YB"
WIFI-181171,[HUAWEI][HUAQIN][Morgan][Intel TGL][Intel AX 201][WIFI][Win11]WIFI YB(code 43) occurred in DM after uninstalling DDD driver then installing PV driver.,3rd Party,34,[COMPONENT=3rd Party] [HUAWEI][HUAQIN][Morgan][Intel TGL][Intel AX 201][WIFI][Win11]WIFI YB(code 43) occurred in DM after uninstalling DDD driver then installing PV driver.
WIFI-189024,[HUAWEI][HUAQIN][Morgan][NB3757][TGL][AX201][WIN11][WIFI] The wireless device will show YB and code 10.,3rd Party,34,[COMPONENT=3rd Party] [HUAWEI][HUAQIN][Morgan][NB3757][TGL][AX201][WIN11][WIFI] The wireless device will show YB and code 10.
WIFI-274516,[Dell] Latitude 3190 2-in-1 | Network drops with Intel 8265 WiFi,3rd Party,34,[COMPONENT=3rd Party] [Dell] Latitude 3190 2-in-1 | Network drops with Intel 8265 WiFi
WIFI-331029,"[Dell][Compal][Pista MTL][AX211]SUT occur ""Intel(R) Wi-Fi 6E AX211 160MHz"" YB and BT device lost when we ran WB stress.",3rd Party,34,"[COMPONENT=3rd Party] [Dell][Compal][Pista MTL][AX211]SUT occur ""Intel(R) Wi-Fi 6E AX211 160MHz"" YB and BT device lost when we ran WB stress."
WIFI-339226,[LG][16Z90S][MTL/AX211/Win11 22H2] BSOD 0x50 occurs during rebooting the system,3rd Party,34,[COMPONENT=3rd Party] [LG][16Z90S][MTL/AX211/Win11 22H2] BSOD 0x50 occurs during rebooting the system
WIFI-346518,[Lenovo][USI][Manta][AMD][AX210][Win11 Pro x64 22H2][Fail rate 100%] S4 stress test Can find system error event 5002 after ACPI S4 Stress test with AX210,3rd Party,34,[COMPONENT=3rd Party] [Lenovo][USI][Manta][AMD][AX210][Win11 Pro x64 22H2][Fail rate 100%] S4 stress test Can find system error event 5002 after ACPI S4 Stress test with AX210
WIFI-359818,"[HP][MTL-U][Thompson][GaP2][SIO2238244] Black screen with dump(0xA0, Point at: Netwaw14) occurred when running Winpvt- Restart, Standby, and Hibernate Stress +AC/DC Cycling.(Fail at Hibernate)",3rd Party,34,"[COMPONENT=3rd Party] [HP][MTL-U][Thompson][GaP2][SIO2238244] Black screen with dump(0xA0, Point at: Netwaw14) occurred when running Winpvt- Restart, Standby, and Hibernate Stress +AC/DC Cycling.(Fail at Hibernate)"
WIFI-392376,[HP][3LS] Intel(R) Wi-Fi 6 AX201 become yellow bang code 10 intermittently,3rd Party,34,[COMPONENT=3rd Party] [HP][3LS] Intel(R) Wi-Fi 6 AX201 become yellow bang code 10 intermittently
WIFI-399008,[Thinkbook][AX211][MTL][Win11]WLAN device show YB after resume from MS (Auto connect AP),3rd Party,34,[COMPONENT=3rd Party] [Thinkbook][AX211][MTL][Win11]WLAN device show YB after resume from MS (Auto connect AP)
WIFI-404866,[Dell][Compal][MayabayMTL] Wlan would lost when doing online meeting by Zoom,3rd Party,34,[COMPONENT=3rd Party] [Dell][Compal][MayabayMTL] Wlan would lost when doing online meeting by Zoom
WIFI-412648,[HP/Win11/MTL/GaP2][Inventec][Ernesto][PV] Sleepstudy reports the SW/HW DRIPS is 83%/82% that not meet the SPEC after putting system into Modern Standby in DC mode for 4hrs.,3rd Party,34,[COMPONENT=3rd Party] [HP/Win11/MTL/GaP2][Inventec][Ernesto][PV] Sleepstudy reports the SW/HW DRIPS is 83%/82% that not meet the SPEC after putting system into Modern Standby in DC mode for 4hrs.
WIFI-451524,[Samsung][LNL][FmP2][P240708-01402] System can not find 5Ghz SSID while RPL system can search and show in OS UI list.,3rd Party,34,[COMPONENT=3rd Party] [Samsung][LNL][FmP2][P240708-01402] System can not find 5Ghz SSID while RPL system can search and show in OS UI list.
WIFI-452598,[HP][Quanta]-[Regis][LNL-MX][QS][Win11 24H2] The unit got black screen with 0x9f BSOD when run WinPVT11.13.0 Restart S3 S4 Stress +AP/LAN+ACDC test.(Intel FmP2),3rd Party,34,[COMPONENT=3rd Party] [HP][Quanta]-[Regis][LNL-MX][QS][Win11 24H2] The unit got black screen with 0x9f BSOD when run WinPVT11.13.0 Restart S3 S4 Stress +AP/LAN+ACDC test.(Intel FmP2)
WIFI-505442,[LNL][FmP2] Wifi YB on first boot,3rd Party,34,[COMPONENT=3rd Party] [LNL][FmP2] Wifi YB on first boot
WIFI-508293,[lenovo_arlh_matterhorn2]BE201 YB when system idle,3rd Party,34,[COMPONENT=3rd Party] [lenovo_arlh_matterhorn2]BE201 YB when system idle
WIFI-617486,[Dell_Compal][TRK][ARL][FmP2][GaP2]Issue with Wi-Fi Interface During OOBE,3rd Party,34,[COMPONENT=3rd Party] [Dell_Compal][TRK][ARL][FmP2][GaP2]Issue with Wi-Fi Interface During OOBE
WIFI-802368,"[Lenovo Yoga][LCFC][PTL 4Xe][S711-15 Pro][25H2][Yoga Pro 7 15IPH11_FVT BF][Yoga Pro 7 15IPH11_FVT BF]Unit occurred a failed (WIFI) when run full (unattended) test in Lenovo Diagnostics tool.(F/R:1/4u,8/8cycles)",3rd Party,34,"[COMPONENT=3rd Party] [Lenovo Yoga][LCFC][PTL 4Xe][S711-15 Pro][25H2][Yoga Pro 7 15IPH11_FVT BF][Yoga Pro 7 15IPH11_FVT BF]Unit occurred a failed (WIFI) when run full (unattended) test in Lenovo Diagnostics tool.(F/R:1/4u,8/8cycles)"
WIFI-96964,[HUAWEI][HUAQIN][AMD Lucienne-U][Intel AX200][20H2]PIE port call fail,3rd Party,34,[COMPONENT=3rd Party] [HUAWEI][HUAQIN][AMD Lucienne-U][Intel AX200][20H2]PIE port call fail
WIFI-104048,"[HUAWEI][HUAQIN][Intel CML][Intel 9560][19H2]Intel 9560 can switch Pass in the same environment, but Intel 200 cannot",3rd Party->AP,34,"[COMPONENT=3rd Party->AP] [HUAWEI][HUAQIN][Intel CML][Intel 9560][19H2]Intel 9560 can switch Pass in the same environment, but Intel 200 cannot"
WIFI-104519,[Lenovo-ideaPad][Compal][L360][TGL][AX200][AX201][20H2][L360-15ACH_P0P1 FVT] The other unit(Unit B) can't find mobile hotspot when unit A connect 2.4GHz AP and 'Network band' choose 5GHz in mobile hotspot.,3rd Party->AP,34,[COMPONENT=3rd Party->AP] [Lenovo-ideaPad][Compal][L360][TGL][AX200][AX201][20H2][L360-15ACH_P0P1 FVT] The other unit(Unit B) can't find mobile hotspot when unit A connect 2.4GHz AP and 'Network band' choose 5GHz in mobile hotspot.
WIFI-104520,[Lenovo-ideaPad][LCFC][Y550][intel CML-H][Intel ax201][20H1] 11N 20MHz conductive throughput 95db attenuation fail,3rd Party->AP,34,[COMPONENT=3rd Party->AP] [Lenovo-ideaPad][LCFC][Y550][intel CML-H][Intel ax201][20H1] 11N 20MHz conductive throughput 95db attenuation fail
WIFI-104998,"[HUAWEI][HUAQIN][AMD Cezanne][Intel AX200][20H2][WIFI]The mobile phone connects to the PC, shares the network with the PC through USB,PC can't share 5g hotspot.",3rd Party->AP,34,"[COMPONENT=3rd Party->AP] [HUAWEI][HUAQIN][AMD Cezanne][Intel AX200][20H2][WIFI]The mobile phone connects to the PC, shares the network with the PC through USB,PC can't share 5g hotspot."
WIFI-105376,[Huawei][Wingtech][CurieM][AMD Cezanne][AX200][20H2]The wireless will disconnect from AP during online video playing overnight.,3rd Party->AP,34,[COMPONENT=3rd Party->AP] [Huawei][Wingtech][CurieM][AMD Cezanne][AX200][20H2]The wireless will disconnect from AP during online video playing overnight.
WIFI-107974,"[Lenovo ThinkPad China][LCFC][E14E15 TGL][AX201](Security Type:WPA2-Enterprise) cannot auto connect after restart.(F/R:2/2 Units,17/40 Total Trials)",3rd Party->AP,34,"[COMPONENT=3rd Party->AP] [Lenovo ThinkPad China][LCFC][E14E15 TGL][AX201](Security Type:WPA2-Enterprise) cannot auto connect after restart.(F/R:2/2 Units,17/40 Total Trials)"
WIFI-109409,"[Huawei][Quanta][BohrM/NobelM[Lucienne][AX200][20H2][WiFi][BUG-20210317-19929] Cannot swithc wifi AP from 2.4 to 5G after enable ""Random hardware address"" function in OS setting.",3rd Party->AP,34,"[COMPONENT=3rd Party->AP] [Huawei][Quanta][BohrM/NobelM[Lucienne][AX200][20H2][WiFi][BUG-20210317-19929] Cannot swithc wifi AP from 2.4 to 5G after enable ""Random hardware address"" function in OS setting."
WIFI-114038,HP Wikus_2.4G_20M and 40M Tput,3rd Party->AP,34,[COMPONENT=3rd Party->AP] HP Wikus_2.4G_20M and 40M Tput
WIFI-115307,Connection failure with 11ax AP,3rd Party->AP,34,[COMPONENT=3rd Party->AP] Connection failure with 11ax AP
WIFI-121495,[HUAWEI][HUAQIN][KelvinC][Comet lake][Intel 9560][19H2] There is a delay in playing local music via connect PC softAP.,3rd Party->AP,34,[COMPONENT=3rd Party->AP] [HUAWEI][HUAQIN][KelvinC][Comet lake][Intel 9560][19H2] There is a delay in playing local music via connect PC softAP.
WIFI-122238,[LG][16Z90P][TGL/AX201/20H2] Cannot connect to AP on HrP2 2nd foundry,3rd Party->AP,34,[COMPONENT=3rd Party->AP] [LG][16Z90P][TGL/AX201/20H2] Cannot connect to AP on HrP2 2nd foundry
WIFI-127727,[Huawei][Quanta][EulerD][TGL-UP4][AX201][20H2][WLAN][BUG-20210531-27093]Cannot connect UTT router(??750W).,3rd Party->AP,34,[COMPONENT=3rd Party->AP] [Huawei][Quanta][EulerD][TGL-UP4][AX201][20H2][WLAN][BUG-20210531-27093]Cannot connect UTT router(??750W).
WIFI-141560,[LG][16Z90P][TGL/AX201/20H2] Sometimes AP connection fails in channel 100 ~ 128,3rd Party->AP,34,[COMPONENT=3rd Party->AP] [LG][16Z90P][TGL/AX201/20H2] Sometimes AP connection fails in channel 100 ~ 128
WIFI-141713,[Lenovo][Compal][Titan 2.0][Tiger Lake][Intel AX201][Win10][100%],3rd Party->AP,34,[COMPONENT=3rd Party->AP] [Lenovo][Compal][Titan 2.0][Tiger Lake][Intel AX201][Win10][100%]
WIFI-165589,[Lenovo-DT][ADL-B660][IC G5][Win11] WiFi can't connect to AP (Hide SSID) in 6GHz band,3rd Party->AP,34,[COMPONENT=3rd Party->AP] [Lenovo-DT][ADL-B660][IC G5][Win11] WiFi can't connect to AP (Hide SSID) in 6GHz band
WIFI-174377,[Samsung-Vesta] connection fail to Anritsu MT8862A at 6GHz WPA3 security,3rd Party->AP,34,[COMPONENT=3rd Party->AP] [Samsung-Vesta] connection fail to Anritsu MT8862A at 6GHz WPA3 security
WIFI-175504,(Copy Of 00658209) [Samsung][Venus2_15_DG2][ADL-P][PV1]System can't connect mirror screen or Microsoft Miracast with DG2 Gfx.,3rd Party->AP,34,[COMPONENT=3rd Party->AP] (Copy Of 00658209) [Samsung][Venus2_15_DG2][ADL-P][PV1]System can't connect mirror screen or Microsoft Miracast with DG2 Gfx.
WIFI-189393,[Huawei][Wingtech][CurieM][AMD Cezanne][AX200][21H2]PC WLAN connections were unstable and frequently disconnected reconnections,3rd Party->AP,34,[COMPONENT=3rd Party->AP] [Huawei][Wingtech][CurieM][AMD Cezanne][AX200][21H2]PC WLAN connections were unstable and frequently disconnected reconnections
WIFI-231229,[Samsung][Mars2-13] Connection Drop with specific AP(RXAE500) during 2nd Screen connection,3rd Party->AP,34,[COMPONENT=3rd Party->AP] [Samsung][Mars2-13] Connection Drop with specific AP(RXAE500) during 2nd Screen connection
WIFI-253398,Intel AX101 throughput problem on 11an/11ac,3rd Party->AP,34,[COMPONENT=3rd Party->AP] Intel AX101 throughput problem on 11an/11ac
WIFI-284583,[HUAWEI][HUAQIN][Morgan][NB3757][Intel TGL][Intel AX201][W11][WIFI] System cannot connect WIFI again when system resume from S4,3rd Party->AP,34,[COMPONENT=3rd Party->AP] [HUAWEI][HUAQIN][Morgan][NB3757][Intel TGL][Intel AX201][W11][WIFI] System cannot connect WIFI again when system resume from S4
WIFI-319051,"[May CI][Common OS]Intel AX201&AX211 Security type show ""WPA3-Enterprise"" when connect the WPA2-Enterprise network (only happen on routers that supported 802.11ax protocol).(F/R:4/4units, 32/32cycles)",3rd Party->AP,34,"[COMPONENT=3rd Party->AP] [May CI][Common OS]Intel AX201&AX211 Security type show ""WPA3-Enterprise"" when connect the WPA2-Enterprise network (only happen on routers that supported 802.11ax protocol).(F/R:4/4units, 32/32cycles)"
WIFI-372728,[Lenovo][DT][Field_Issue][TGL][AX201]Intel AX201 WiFi connection is unstable and frequently disconnect from AP at home,3rd Party->AP,34,[COMPONENT=3rd Party->AP] [Lenovo][DT][Field_Issue][TGL][AX201]Intel AX201 WiFi connection is unstable and frequently disconnect from AP at home
WIFI-376025,[ASUS/Consumer][AX211] Cant access ASUS RT-BE96U at 6GHz band,3rd Party->AP,34,[COMPONENT=3rd Party->AP] [ASUS/Consumer][AX211] Cant access ASUS RT-BE96U at 6GHz band
WIFI-419354,[Lenovo-IdeaPad][LNL][QIXIA][win11][FVT][FmP][S790_15_LNL_FVT_HF_stress]BE201 failed to connect with Anritsu MT8862A(configurated as WiFi7 AP) during signaling test,3rd Party->AP,34,[COMPONENT=3rd Party->AP] [Lenovo-IdeaPad][LNL][QIXIA][win11][FVT][FmP][S790_15_LNL_FVT_HF_stress]BE201 failed to connect with Anritsu MT8862A(configurated as WiFi7 AP) during signaling test
WIFI-419662,[Lenovo-IdeaPad][LNL][FmP2][YogaS990 FVT]BE201 cant connect WIFI7 profile and no MLO connection with Xiaomi WIFI7 AP,3rd Party->AP,34,[COMPONENT=3rd Party->AP] [Lenovo-IdeaPad][LNL][FmP2][YogaS990 FVT]BE201 cant connect WIFI7 profile and no MLO connection with Xiaomi WIFI7 AP
WIFI-424912,[Lenovo NEC][Lugia][RPL][LCFC][HF][24H2][AX211]Observed recoverable Asserts 0x84 & 0x20000066 after connected with AP,3rd Party->AP,34,[COMPONENT=3rd Party->AP] [Lenovo NEC][Lugia][RPL][LCFC][HF][24H2][AX211]Observed recoverable Asserts 0x84 & 0x20000066 after connected with AP
WIFI-425351,AX201/211 Intermittent WIFI disconnection with Cisco Router/AP,3rd Party->AP,34,[COMPONENT=3rd Party->AP] AX201/211 Intermittent WIFI disconnection with Cisco Router/AP
WIFI-541859,[Lenovo][Compal][Yoga9 Refresh-32ILL10][LNL][BE201]6G band hidden SSID cant be connected.,3rd Party->AP,34,[COMPONENT=3rd Party->AP] [Lenovo][Compal][Yoga9 Refresh-32ILL10][LNL][BE201]6G band hidden SSID cant be connected.
WIFI-546204,[ARL+BE201] TP-link BE7200  connectivity issues,3rd Party->AP,34,[COMPONENT=3rd Party->AP] [ARL+BE201] TP-link BE7200  connectivity issues
WIFI-584135,[HP][Cadet][LNL platform][GfP2_2230][FmP2_2230]TRP can not link,3rd Party->AP,34,[COMPONENT=3rd Party->AP] [HP][Cadet][LNL platform][GfP2_2230][FmP2_2230]TRP can not link
WIFI-617664,[ASUS/Consumer][Pega][LNL][BE201][TP3607SA] 11BE 2.4G 40Mhz RX Throughput dropped while BT is on.,3rd Party->AP,34,[COMPONENT=3rd Party->AP] [ASUS/Consumer][Pega][LNL][BE201][TP3607SA] 11BE 2.4G 40Mhz RX Throughput dropped while BT is on.
WIFI-686084,[Dell_RPL]Intel AX211 on Multiple Platforms WLAN Disconnect when Roaming Cisco AP,3rd Party->AP,34,[COMPONENT=3rd Party->AP] [Dell_RPL]Intel AX211 on Multiple Platforms WLAN Disconnect when Roaming Cisco AP
WIFI-782138,"[523940] [Honor][LuxsharePC][ZhuqueC][DVT][25H2 ] Turn on/off WIFI occur auto reconnect 6G AP faile(F/R1/1u,82/200C)",3rd Party->AP,34,"[COMPONENT=3rd Party->AP] [523940] [Honor][LuxsharePC][ZhuqueC][DVT][25H2 ] Turn on/off WIFI occur auto reconnect 6G AP faile(F/R1/1u,82/200C)"
BT-109001,[Lenovo LCFC][Thor-P 3]HLK Bluetooth A2DP test item failure with Model 2435 BM62 and Model 2411 Traduci on Win11 21H2,3rd Party- MSFT,33,[COMPONENT=3rd Party- MSFT] [Lenovo LCFC][Thor-P 3]HLK Bluetooth A2DP test item failure with Model 2435 BM62 and Model 2411 Traduci on Win11 21H2
BT-113612,[HP][Quanta]-[Cybug][RPL][GFP2-AX211][Win11 22H2 ]Run Bluetooth - Audio - Sink increase music volume with A2DP offload fail.,3rd Party- MSFT,33,[COMPONENT=3rd Party- MSFT] [HP][Quanta]-[Cybug][RPL][GFP2-AX211][Win11 22H2 ]Run Bluetooth - Audio - Sink increase music volume with A2DP offload fail.
BT-114166,"[Lenovo-IdeaPad][RPL][SV2][S980-16pro][win11][FVT][GFP]BT headset occurs ""zizi"" noise when clicking the volume via ""action center"".(FR:2/2units,18/20cycles)",3rd Party- MSFT,33,"[COMPONENT=3rd Party- MSFT] [Lenovo-IdeaPad][RPL][SV2][S980-16pro][win11][FVT][GFP]BT headset occurs ""zizi"" noise when clicking the volume via ""action center"".(FR:2/2units,18/20cycles)"
BT-114749,[HP] - SIO2158318 - [SIT][FIT-COMM][RPL_H][INT] BSOD 0X7E occurred when turn on/off BT with BT device paired,3rd Party- MSFT,33,[COMPONENT=3rd Party- MSFT] [HP] - SIO2158318 - [SIT][FIT-COMM][RPL_H][INT] BSOD 0X7E occurred when turn on/off BT with BT device paired
BT-114750,"[HP][Quanta]-[Cybug][RPL][GFP2-AX211][Win11 22H2 ]""0x9F"" BSOD will occurred when DM show BT YB(can't remove BT device) then restart unit.(Intel AX211)",3rd Party- MSFT,33,"[COMPONENT=3rd Party- MSFT] [HP][Quanta]-[Cybug][RPL][GFP2-AX211][Win11 22H2 ]""0x9F"" BSOD will occurred when DM show BT YB(can't remove BT device) then restart unit.(Intel AX211)"
BT-170267,"[HP][Quanta]-[Herbie][MTL][Win11 22H2] No ""L""&""R"" icon shows in Buetooth & devices interface when connect BT LE headphones.(Intel AX211/Intel BE200)",3rd Party- MSFT,33,"[COMPONENT=3rd Party- MSFT] [HP][Quanta]-[Herbie][MTL][Win11 22H2] No ""L""&""R"" icon shows in Buetooth & devices interface when connect BT LE headphones.(Intel AX211/Intel BE200)"
BT-185385,BLE Mouse dose not work with Swift Pair,3rd Party- MSFT,33,[COMPONENT=3rd Party- MSFT] BLE Mouse dose not work with Swift Pair
BT-211630,[Dynabook]One of the connected Bluetooth devices is automatically removed when turn off/on bluetooth during music playback,3rd Party- MSFT,33,[COMPONENT=3rd Party- MSFT] [Dynabook]One of the connected Bluetooth devices is automatically removed when turn off/on bluetooth during music playback
BT-258906,[HP][Quanta]-[SnowWhite][LNL-MX][SI-2][Win11 24H2] BT show YB after run ME tool,3rd Party- MSFT,33,[COMPONENT=3rd Party- MSFT] [HP][Quanta]-[SnowWhite][LNL-MX][SI-2][Win11 24H2] BT show YB after run ME tool
BT-260182,"[HP][Quanta]-[Regis][LNL-MX][QS][Win11 24H2] BT lost and YB"" Intel Bluetooth PCI Enumerator"" show on DM after run WinPVT11.13.0 Hibernation Focus.(Intel FmP2)",3rd Party- MSFT,33,"[COMPONENT=3rd Party- MSFT] [HP][Quanta]-[Regis][LNL-MX][QS][Win11 24H2] BT lost and YB"" Intel Bluetooth PCI Enumerator"" show on DM after run WinPVT11.13.0 Hibernation Focus.(Intel FmP2)"
BT-295203,[Lenovo/DT][In-house][ARL-S][AX211][QT M970TS]BT Nearby Sharing failed,3rd Party- MSFT,33,[COMPONENT=3rd Party- MSFT] [Lenovo/DT][In-house][ARL-S][AX211][QT M970TS]BT Nearby Sharing failed
BT-296702,[Dynabook]Cannot uninstall Intel Bluetooth driver from device manager,3rd Party- MSFT,33,[COMPONENT=3rd Party- MSFT] [Dynabook]Cannot uninstall Intel Bluetooth driver from device manager
BT-348701,[HP][Masada][LNL][FmP2][Win11 24H2 v26120.3950] The music is output through the internal speaker (the A2DP profile was not created) after Bluetooth was turned off and on.,3rd Party- MSFT,33,[COMPONENT=3rd Party- MSFT] [HP][Masada][LNL][FmP2][Win11 24H2 v26120.3950] The music is output through the internal speaker (the A2DP profile was not created) after Bluetooth was turned off and on.
BT-37734,[HP/Warpath/ADL/GfP/W10]GFP and TyP show inbox generic driver in DM on W10,3rd Party- MSFT,33,[COMPONENT=3rd Party- MSFT] [HP/Warpath/ADL/GfP/W10]GFP and TyP show inbox generic driver in DM on W10
BT-386293,"[Lenovo ldeaPad][LCFC][PTL 12Xe][CSLP][S511-16pro][25H2][FVT][BE211]BSOD_0*1E after resume from MS, 1/2units, 1/10cycles",3rd Party- MSFT,33,"[COMPONENT=3rd Party- MSFT] [Lenovo ldeaPad][LCFC][PTL 12Xe][CSLP][S511-16pro][25H2][FVT][BE211]BSOD_0*1E after resume from MS, 1/2units, 1/10cycles"
BT-39002,"[Lenovo-IdeaPad][LCFC][YogoC750 ITL][2021 New OS]The audio switching from the system to the Bluetooth headset is delayed after reconnected.(F/R:2/2 units,4/4 times)",3rd Party- MSFT,33,"[COMPONENT=3rd Party- MSFT] [Lenovo-IdeaPad][LCFC][YogoC750 ITL][2021 New OS]The audio switching from the system to the Bluetooth headset is delayed after reconnected.(F/R:2/2 units,4/4 times)"
BT-393270,"[HP][IEC] - SIO2397946 -[CashmereI][PTL 4Xe][Whp2-BE211] : Error"" ADDITIONAL_YELLOWBANG : Intel(R) Dual Bluetooth(R) PCI Enumerator [YellowBang Code - 31]"" while do Hendrixx Robotic 7460B_S4ColdPlugUsbCDock case.",3rd Party- MSFT,33,"[COMPONENT=3rd Party- MSFT] [HP][IEC] - SIO2397946 -[CashmereI][PTL 4Xe][Whp2-BE211] : Error"" ADDITIONAL_YELLOWBANG : Intel(R) Dual Bluetooth(R) PCI Enumerator [YellowBang Code - 31]"" while do Hendrixx Robotic 7460B_S4ColdPlugUsbCDock case."
BT-423008,"[Lenovo ThinkPad China/Commercial][LCFC][PTL 4Xe][BE213][X14]The EUT show connection interruption when transferring files by nearby sharing.(FR: 2/2units, 2/10trials)",3rd Party- MSFT,33,"[COMPONENT=3rd Party- MSFT] [Lenovo ThinkPad China/Commercial][LCFC][PTL 4Xe][BE213][X14]The EUT show connection interruption when transferring files by nearby sharing.(FR: 2/2units, 2/10trials)"
BT-43291,[Lenovo ThinkPad JP][Lark][LKF][AX200] System found the BSOD 0x7F when run the HLK : System - PNP (disable and enable) with IO Before and After (Reliability) test failed due to unexpected reboot.(FR: 2/3),3rd Party- MSFT,33,[COMPONENT=3rd Party- MSFT] [Lenovo ThinkPad JP][Lark][LKF][AX200] System found the BSOD 0x7F when run the HLK : System - PNP (disable and enable) with IO Before and After (Reliability) test failed due to unexpected reboot.(FR: 2/3)
BT-44408,"[HP] - SIO2019393 [Dashiell][ADL][GFP4-AX211][Win11 22000.9] ? The unit show ""Can't play"" when connect to BT headset/BT speaker with local video played.",3rd Party- MSFT,33,"[COMPONENT=3rd Party- MSFT] [HP] - SIO2019393 [Dashiell][ADL][GFP4-AX211][Win11 22000.9] ? The unit show ""Can't play"" when connect to BT headset/BT speaker with local video played."
BT-45030,"[HP] - SIO2023484 [Thanos14][ADL][GFP2-AX211][Win11 22000.184] Error message ""your speaker aren't working"" pops ups when do video call by Teams with BT headset connected.(Intel Garfield Peak 2)",3rd Party- MSFT,33,"[COMPONENT=3rd Party- MSFT] [HP] - SIO2023484 [Thanos14][ADL][GFP2-AX211][Win11 22000.184] Error message ""your speaker aren't working"" pops ups when do video call by Teams with BT headset connected.(Intel Garfield Peak 2)"
BT-45921,[Mars-13][Win11] BT audio chopping after entering modern standby,3rd Party- MSFT,33,[COMPONENT=3rd Party- MSFT] [Mars-13][Win11] BT audio chopping after entering modern standby
BT-46231,[HP] - SIO2038169 [Gidget][ADL P][GFP2-AX211][Win11 22000.194] BT speaker connect about 10s after connect/disconnect.,3rd Party- MSFT,33,[COMPONENT=3rd Party- MSFT] [HP] - SIO2038169 [Gidget][ADL P][GFP2-AX211][Win11 22000.194] BT speaker connect about 10s after connect/disconnect.
BT-465397,[HP][IEC] - SIO2465632[Nuvolari][PTL][Win11 25H2]Recording is not possible when after connect the BT headset enter S4 and then resume system.,3rd Party- MSFT,33,[COMPONENT=3rd Party- MSFT] [HP][IEC] - SIO2465632[Nuvolari][PTL][Win11 25H2]Recording is not possible when after connect the BT headset enter S4 and then resume system.
BT-51607,"[MSI][GS66][ADL-P]?Allow Bluetooth devices to find this PC? function always is ""ON"" after resume from S3/S4/S5/reboot",3rd Party- MSFT,33,"[COMPONENT=3rd Party- MSFT] [MSI][GS66][ADL-P]?Allow Bluetooth devices to find this PC? function always is ""ON"" after resume from S3/S4/S5/reboot"
BT-53225,[HP] - SIO2061786 [Calhoun][ADL][GFP2-AX211][Win11 22000.348]Sound output from BT headphone has noise when playing video via Movies&TV then resume unit from S4 with BT mouse and headphone connected.(Intel GfP2),3rd Party- MSFT,33,[COMPONENT=3rd Party- MSFT] [HP] - SIO2061786 [Calhoun][ADL][GFP2-AX211][Win11 22000.348]Sound output from BT headphone has noise when playing video via Movies&TV then resume unit from S4 with BT mouse and headphone connected.(Intel GfP2)
BT-55861,[Dynabook][Win11] BSOD occurs after turning on and off  airplane mode,3rd Party- MSFT,33,[COMPONENT=3rd Party- MSFT] [Dynabook][Win11] BSOD occurs after turning on and off  airplane mode
BT-58114,"[HUAWEI][HUAQIN][MorganF][Intel ADL][Intel AX 211][BT][Win11]DUT cannot connect remote unit via BT(Remote unit BT name setting 247 charset, DUT BT name setting specific charset).",3rd Party- MSFT,33,"[COMPONENT=3rd Party- MSFT] [HUAWEI][HUAQIN][MorganF][Intel ADL][Intel AX 211][BT][Win11]DUT cannot connect remote unit via BT(Remote unit BT name setting 247 charset, DUT BT name setting specific charset)."
BT-67047,[Lenovo-IdeaPad][ADL][S770-14Pro][win11][SIT][GFP]can not transfer files to unpaired pc,3rd Party- MSFT,33,[COMPONENT=3rd Party- MSFT] [Lenovo-IdeaPad][ADL][S770-14Pro][win11][SIT][GFP]can not transfer files to unpaired pc
BT-67708,[HUAWEI][HUAQIN][EmmyF][Intel ADL][Intel AX 201][BT][Win11]DUT BSOD 0x7e occurred during reboot.,3rd Party- MSFT,33,[COMPONENT=3rd Party- MSFT] [HUAWEI][HUAQIN][EmmyF][Intel ADL][Intel AX 201][BT][Win11]DUT BSOD 0x7e occurred during reboot.
BT-79463,"[Huawei/Bitland][ADL-S][PanguC][AX201][BT] When switch on and off Bluetooth Button repeatedly from the operation center, the BT button sometime is not working. At the same time, there is 0x9f BSOD when reboot the PC.",3rd Party- MSFT,33,"[COMPONENT=3rd Party- MSFT] [Huawei/Bitland][ADL-S][PanguC][AX201][BT] When switch on and off Bluetooth Button repeatedly from the operation center, the BT button sometime is not working. At the same time, there is 0x9f BSOD when reboot the PC."
BT-81178,NDA-V KBD BLE Pre-pairing Reconnect Failure,3rd Party- MSFT,33,[COMPONENT=3rd Party- MSFT] NDA-V KBD BLE Pre-pairing Reconnect Failure
BT-92658,[Lenovo-IdeaPad][ADL][SV2][S770-14pro][win11][SVT][HrP]Bluetooth headset no sound after reboot,3rd Party- MSFT,33,[COMPONENT=3rd Party- MSFT] [Lenovo-IdeaPad][ADL][SV2][S770-14pro][win11][SVT][HrP]Bluetooth headset no sound after reboot
WIFI-228073,[Huawei][Wingtech][CurieM][AMD Cezanne][AX200][20H2]The P2P connection is abnormally disconnected,FW->MVM,23,[COMPONENT=FW->MVM] [Huawei][Wingtech][CurieM][AMD Cezanne][AX200][20H2]The P2P connection is abnormally disconnected
WIFI-231094,"[HUAWEI][Wingtech][DiracR][ADL-M][AX201[WiFi][21H2] WLAN switches from the 2.4G channel to 5G, PC cannot obtain the IP address",FW->MVM,23,"[COMPONENT=FW->MVM] [HUAWEI][Wingtech][DiracR][ADL-M][AX201[WiFi][21H2] WLAN switches from the 2.4G channel to 5G, PC cannot obtain the IP address"
WIFI-231422,[Dynabook][Win11]Cannot get IP address after switching or roaming to other AP,FW->MVM,23,[COMPONENT=FW->MVM] [Dynabook][Win11]Cannot get IP address after switching or roaming to other AP
WIFI-231718,"[Huawei][Quanta][H9U][CurieF][AX211][21H2][WLAN][BUG-20220705-55362] Connected to a network 5G WiFi shows no network, and the obtained ip address is 169.254.212.172",FW->MVM,23,"[COMPONENT=FW->MVM] [Huawei][Quanta][H9U][CurieF][AX211][21H2][WLAN][BUG-20220705-55362] Connected to a network 5G WiFi shows no network, and the obtained ip address is 169.254.212.172"
WIFI-269248,[Samsung][AX201][P221117-05554] WiFi Direct pairing with windows PC(Qualcomm) is disconnected several times by disassoc from cosmos.,FW->MVM,23,[COMPONENT=FW->MVM] [Samsung][AX201][P221117-05554] WiFi Direct pairing with windows PC(Qualcomm) is disconnected several times by disassoc from cosmos.
WIFI-278271,[Huawei][MendelG][Intel RPL][DVT2]Crash of driver led to the yellow bang(43 error code),FW->MVM,23,[COMPONENT=FW->MVM] [Huawei][MendelG][Intel RPL][DVT2]Crash of driver led to the yellow bang(43 error code)
WIFI-282937,[AX211][UX3405MA]WLAN YB after S4,FW->MVM,23,[COMPONENT=FW->MVM] [AX211][UX3405MA]WLAN YB after S4
WIFI-284818,[ASUS CCBU][ RPL][B9403CVA][AX211][v22.190.0.4] Miracast compatibility issue,FW->MVM,23,[COMPONENT=FW->MVM] [ASUS CCBU][ RPL][B9403CVA][AX211][v22.190.0.4] Miracast compatibility issue
WIFI-290154,"[Huawei][Quanta][H9UR][CurieG][AX211][22H2][WLAN][800040329] After the DUT is normally connected to WIFI for a period of time, turn off the WIFI switch, sleep again, and drive the yellow mark after waking up for a period of time",FW->MVM,23,"[COMPONENT=FW->MVM] [Huawei][Quanta][H9UR][CurieG][AX211][22H2][WLAN][800040329] After the DUT is normally connected to WIFI for a period of time, turn off the WIFI switch, sleep again, and drive the yellow mark after waking up for a period of time"
WIFI-296844,Intel  AX201 Wireless card high retransmission rate with cisco APs,FW->MVM,23,[COMPONENT=FW->MVM] Intel  AX201 Wireless card high retransmission rate with cisco APs
WIFI-310700,Copy Of 00782265 Communication lost and Event ID 5002/5005 after 802.1x re-authentication,FW->MVM,23,[COMPONENT=FW->MVM] Copy Of 00782265 Communication lost and Event ID 5002/5005 after 802.1x re-authentication
WIFI-333115,"[Huawei][Quanta][H9UR][CurieG][AX211][22H2][WLAN][800162288]Create Multi-screen collaboration between PC and Pad by PC Manager, it will auto disconnect.",FW->MVM,23,"[COMPONENT=FW->MVM] [Huawei][Quanta][H9UR][CurieG][AX211][22H2][WLAN][800162288]Create Multi-screen collaboration between PC and Pad by PC Manager, it will auto disconnect."
WIFI-623947,[Honor][Huaqin][DarwinB][ARL][AX211][WiFi]The assert cause wifi disconnect,FW->MVM,23,[COMPONENT=FW->MVM] [Honor][Huaqin][DarwinB][ARL][AX211][WiFi]The assert cause wifi disconnect
WIFI-624486,[Samsung][LkF][AX200][P241218-02302] P2P disconnect,FW->MVM,23,[COMPONENT=FW->MVM] [Samsung][LkF][AX200][P241218-02302] P2P disconnect
WIFI-648590,16/17Z90TR + AX211 event ID 5002 issue with ASUS RT-AX88U AP,FW->MVM,23,[COMPONENT=FW->MVM] 16/17Z90TR + AX211 event ID 5002 issue with ASUS RT-AX88U AP
WIFI-665615,16/17Z90TR + BE201 event ID 5002 issue with Wifi connection (6G / 5G / 2.4G),FW->MVM,23,[COMPONENT=FW->MVM] 16/17Z90TR + BE201 event ID 5002 issue with Wifi connection (6G / 5G / 2.4G)
WIFI-687889,[Samsung][Titan5 ARL][AX201]P2P preparing failure after advertisement.,FW->MVM,23,[COMPONENT=FW->MVM] [Samsung][Titan5 ARL][AX201]P2P preparing failure after advertisement.
WIFI-781567,[Lenovo][Kailash][PTL/BE211][25H2]wifi disconnect when plugging ROG keyboard,FW->MVM,23,[COMPONENT=FW->MVM] [Lenovo][Kailash][PTL/BE211][25H2]wifi disconnect when plugging ROG keyboard
WIFI-796164,[Lenovo][Kailash][PTL/BE211@1216/320Mhz][25H2]wifi easy to disconnect when doing MS test,FW->MVM,23,[COMPONENT=FW->MVM] [Lenovo][Kailash][PTL/BE211@1216/320Mhz][25H2]wifi easy to disconnect when doing MS test
WIFI-804612,[Lenovo][Kailash][PTL/BE211@1216/320Mhz][25H2]event showed 5002 errors when doing WB stress test,FW->MVM,23,[COMPONENT=FW->MVM] [Lenovo][Kailash][PTL/BE211@1216/320Mhz][25H2]event showed 5002 errors when doing WB stress test
WIFI-808583,[Samsung][PTL][BE211][P251206-03720] Fail to Quick Share files from Titan6-14 to Hermes,FW->MVM,23,[COMPONENT=FW->MVM] [Samsung][PTL][BE211][P251206-03720] Fail to Quick Share files from Titan6-14 to Hermes
WIFI-860191,"[HP/3LS] SIP129185 - Dragonfly (Empire) / Win11 24H2 / Ministry of Finance, Japan (MOF) / GA / Random communication error on Intel wireless AX200 after upgrading to 24H2 / PC APJ",FW->MVM,23,"[COMPONENT=FW->MVM] [HP/3LS] SIP129185 - Dragonfly (Empire) / Win11 24H2 / Ministry of Finance, Japan (MOF) / GA / Random communication error on Intel wireless AX200 after upgrading to 24H2 / PC APJ"
WIFI-94345,"[Samsung][Mars-13] System can't do handover in 6Ghz, sometimes.",FW->MVM,23,"[COMPONENT=FW->MVM] [Samsung][Mars-13] System can't do handover in 6Ghz, sometimes."
WIFI-103850,[ASUS in house]UEFI[AX201] UEFI Wi-Fi authentication issue,UEFIDriver,22,[COMPONENT=UEFIDriver] [ASUS in house]UEFI[AX201] UEFI Wi-Fi authentication issue
WIFI-219771,"[HP/SIO2092263/UEFI/TGL/HRP2,JFP2/Rabon] BSOD 'DRIVER VERIFIER DMA VIOLATION' occurs after add Wifi network on F3 then boot to OS.",UEFIDriver,22,"[COMPONENT=UEFIDriver] [HP/SIO2092263/UEFI/TGL/HRP2,JFP2/Rabon] BSOD 'DRIVER VERIFIER DMA VIOLATION' occurs after add Wifi network on F3 then boot to OS."
WIFI-230034,[Dell] Using 2.2.15 release & observe scan hang,UEFIDriver,22,[COMPONENT=UEFIDriver] [Dell] Using 2.2.15 release & observe scan hang
WIFI-231421,[Huaqin][ASUS][B5302][Intel ADL-P][Win11 21H2][AX201/AX211] UEFI-Release-221522232 function Scan error.,UEFIDriver,22,[COMPONENT=UEFIDriver] [Huaqin][ASUS][B5302][Intel ADL-P][Win11 21H2][AX201/AX211] UEFI-Release-221522232 function Scan error.
WIFI-237506,[Huaqin][ASUS][B5302][Intel ADL-P][Win11 21H2][AX201/AX211] System hang on ASUS logo by BitLocker Network unlock function with UEFI-Release-221522272.,UEFIDriver,22,[COMPONENT=UEFIDriver] [Huaqin][ASUS][B5302][Intel ADL-P][Win11 21H2][AX201/AX211] System hang on ASUS logo by BitLocker Network unlock function with UEFI-Release-221522272.
WIFI-268398,[Dell]Intel 9260 (ThP2) WLAN module support on CometLake(CML) platform,UEFIDriver,22,[COMPONENT=UEFIDriver] [Dell]Intel 9260 (ThP2) WLAN module support on CometLake(CML) platform
WIFI-308133,[MTL] No AP scanned when using BIOS with 3.2.22 UEFI FW intermittently,UEFIDriver,22,[COMPONENT=UEFIDriver] [MTL] No AP scanned when using BIOS with 3.2.22 UEFI FW intermittently
WIFI-330101,[Dell][Odin][AX411] 6G SSID connection is not working using 3.2.24.23313  on MTL platforms,UEFIDriver,22,[COMPONENT=UEFIDriver] [Dell][Odin][AX411] 6G SSID connection is not working using 3.2.24.23313  on MTL platforms
WIFI-337859,[Dell] [Tributo_MTL] Either WiFi or BLE functionality is working on Tributo MTL platform but not both,UEFIDriver,22,[COMPONENT=UEFIDriver] [Dell] [Tributo_MTL] Either WiFi or BLE functionality is working on Tributo MTL platform but not both
WIFI-346830,[Lenovo_Thinkpad][Wistron][Blanc/Cook][Meteor][BE200][100%] BE200 UEFI WIFI boot function  can not enable,UEFIDriver,22,[COMPONENT=UEFIDriver] [Lenovo_Thinkpad][Wistron][Blanc/Cook][Meteor][BE200][100%] BE200 UEFI WIFI boot function  can not enable
WIFI-361696,[HP/Win11/MTL/GfP2][Inventec][Baymax][PV] WLAN device AX211 show YB after EFI to OS in RUNIN process,UEFIDriver,22,[COMPONENT=UEFIDriver] [HP/Win11/MTL/GfP2][Inventec][Baymax][PV] WLAN device AX211 show YB after EFI to OS in RUNIN process
WIFI-371044,"[HP][Foxconn][RPL-S Refresh][GfP2-AX211&GaP2-BE200][Win11 22H2_22621]Cant connected to the WiFi using EAP-TLS or PEAP protocol, and can connected to the WiFi using TTLS protocol but cant unlock BitLocker.",UEFIDriver,22,"[COMPONENT=UEFIDriver] [HP][Foxconn][RPL-S Refresh][GfP2-AX211&GaP2-BE200][Win11 22H2_22621]Cant connected to the WiFi using EAP-TLS or PEAP protocol, and can connected to the WiFi using TTLS protocol but cant unlock BitLocker."
WIFI-373349,[Lenovo_Thinkpad_China][Wistron][Blanc/Cook][Meteor][BE200][FR:100%]BE200 disconnect from AP under UEFI environment.,UEFIDriver,22,[COMPONENT=UEFIDriver] [Lenovo_Thinkpad_China][Wistron][Blanc/Cook][Meteor][BE200][FR:100%]BE200 disconnect from AP under UEFI environment.
WIFI-426797,[HP][Quanta]-[Regis][LNL-MX][EVQS][Win11 24H2] Cannot find wireless AP in HP PC Hardware Diagnostics UEFI (F2). (Intel FmP2),UEFIDriver,22,[COMPONENT=UEFIDriver] [HP][Quanta]-[Regis][LNL-MX][EVQS][Win11 24H2] Cannot find wireless AP in HP PC Hardware Diagnostics UEFI (F2). (Intel FmP2)
WIFI-510387,[Lenovo_arlh_Blanc2][ARL-H][FmP2]no AP in the scan list under Wi-Fi UEFI mode,UEFIDriver,22,[COMPONENT=UEFIDriver] [Lenovo_arlh_Blanc2][ARL-H][FmP2]no AP in the scan list under Wi-Fi UEFI mode
WIFI-517107,[ASUS][Quanta][ARL][AX101][X1407CA] AX101 no show in BIOS UEFI,UEFIDriver,22,[COMPONENT=UEFIDriver] [ASUS][Quanta][ARL][AX101][X1407CA] AX101 no show in BIOS UEFI
WIFI-645065,UEFI Throughput Enhancement,UEFIDriver,22,[COMPONENT=UEFIDriver] UEFI Throughput Enhancement
WIFI-645737,[lenovo_arlh_matterhorn2] The network(security:WPA3-personal) Connect Failed,UEFIDriver,22,[COMPONENT=UEFIDriver] [lenovo_arlh_matterhorn2] The network(security:WPA3-personal) Connect Failed
WIFI-780805,[Dell][UEFI][PTL/WhP2] WLAN failure on PTL Platforms with BE211 QS Module,UEFIDriver,22,[COMPONENT=UEFIDriver] [Dell][UEFI][PTL/WhP2] WLAN failure on PTL Platforms with BE211 QS Module
WIFI-820830,"[Lenovo ldeaPad/Consumer][LCFC][PTL 12XE/4XE][BE213][Thinkbook Plus G7_Eve]System will hang about 90s after input wrong wifi password on CSR interface page.(F/R:2/2units,2/2cycles)",UEFIDriver,22,"[COMPONENT=UEFIDriver] [Lenovo ldeaPad/Consumer][LCFC][PTL 12XE/4XE][BE213][Thinkbook Plus G7_Eve]System will hang about 90s after input wrong wifi password on CSR interface page.(F/R:2/2units,2/2cycles)"
WIFI-856261,"[ASUS] [B3B5P5] [PTL] Under UEFI, failed to complete cloud recovery(download cloud image) through Wifi",UEFIDriver,22,"[COMPONENT=UEFIDriver] [ASUS] [B3B5P5] [PTL] Under UEFI, failed to complete cloud recovery(download cloud image) through Wifi"
WIFI-860236,"[Lenovo][Foxconn][Thinkstation P5 Gen2 Cathaya][GNR-WS][BE200][BIOS][100%] WLAN PXE Boot support , BIOS Add UEFI driver  will hang 0x61",UEFIDriver,22,"[COMPONENT=UEFIDriver] [Lenovo][Foxconn][Thinkstation P5 Gen2 Cathaya][GNR-WS][BE200][BIOS][100%] WLAN PXE Boot support , BIOS Add UEFI driver  will hang 0x61"
WIFI-102805,[Samsung][Apollon-13R TGL][HrP2] Intel WLAN YB (code 10),FW->Infra,21,[COMPONENT=FW->Infra] [Samsung][Apollon-13R TGL][HrP2] Intel WLAN YB (code 10)
WIFI-131687,[Huawei][Wingtech][Dirac][Intel Tiger Lake UP4][AX201][20H1] [WIFI]WLAN is not available,FW->Infra,21,[COMPONENT=FW->Infra] [Huawei][Wingtech][Dirac][Intel Tiger Lake UP4][AX201][20H1] [WIFI]WLAN is not available
WIFI-134764,[Huawei][Quanta][KelvinD][TGL-U][AX201][Wifi][20H2][805003742] Wifi device show yellow bang(code 31) during surfer internet.,FW->Infra,21,[COMPONENT=FW->Infra] [Huawei][Quanta][KelvinD][TGL-U][AX201][Wifi][20H2][805003742] Wifi device show yellow bang(code 31) during surfer internet.
WIFI-144835,Dell/Compal[ADL][Orchidbay][Wifi 6E link test]Wifi 6E Mcc US automatically switches back to TW disconnection problem,FW->Infra,21,[COMPONENT=FW->Infra] Dell/Compal[ADL][Orchidbay][Wifi 6E link test]Wifi 6E Mcc US automatically switches back to TW disconnection problem
WIFI-177588,[Huawei][Quanta][WrightD][TGL-U][AX201][20H1][WiFi][805262173] Wifi device random shows YellowBang.,FW->Infra,21,[COMPONENT=FW->Infra] [Huawei][Quanta][WrightD][TGL-U][AX201][20H1][WiFi][805262173] Wifi device random shows YellowBang.
WIFI-196777,[Lenovo Thinkpad JP][Alderlake][Jaguar2/Panther2][GarfieldPeak2] Yellow Bang encountered when machine is left idle for few hours while connected to Wi-Fi network,FW->Infra,21,[COMPONENT=FW->Infra] [Lenovo Thinkpad JP][Alderlake][Jaguar2/Panther2][GarfieldPeak2] Yellow Bang encountered when machine is left idle for few hours while connected to Wi-Fi network
WIFI-214885,"[HQ][ASUS][Win11R][TGL][AX201][UX325EA/UX425EA] WLAN Driver YB(error code 10/43) when running S4 in Win11R OS, customer request and confirm if can rollback previous version and only add Win11 WHQL base 22.50.0.7.",FW->Infra,21,"[COMPONENT=FW->Infra] [HQ][ASUS][Win11R][TGL][AX201][UX325EA/UX425EA] WLAN Driver YB(error code 10/43) when running S4 in Win11R OS, customer request and confirm if can rollback previous version and only add Win11 WHQL base 22.50.0.7."
WIFI-230409,"[Huawei][Quanta][H9R][RolleF][AX201][21H2][WLAN][BUG-20220615-53789] Beta users reported that Win+k was used to cast the screen to the Cezanne, in the clone mode, after more than an hour of use, the Cezanne screen did not move, and the Cezanne mouse and k",FW->Infra,21,"[COMPONENT=FW->Infra] [Huawei][Quanta][H9R][RolleF][AX201][21H2][WLAN][BUG-20220615-53789] Beta users reported that Win+k was used to cast the screen to the Cezanne, in the clone mode, after more than an hour of use, the Cezanne screen did not move, and the Cezanne mouse and k"
WIFI-284474,[ASUS CCBU][ RPL][B9403CVA][AX211][v22.190.0.4] Intel WIFI will show YB when running reboot aging,FW->Infra,21,[COMPONENT=FW->Infra] [ASUS CCBU][ RPL][B9403CVA][AX211][v22.190.0.4] Intel WIFI will show YB when running reboot aging
WIFI-287925,[Samsung][AX211][P230216-02248]Yellow Bang after 22.200 Driver update,FW->Infra,21,[COMPONENT=FW->Infra] [Samsung][AX211][P230216-02248]Yellow Bang after 22.200 Driver update
WIFI-293301,[Dell][Compal][Tributo RPL]Intel Wlan AX211 v22.170.2.1 upgrade to v22.200.0.6 showed YB,FW->Infra,21,[COMPONENT=FW->Infra] [Dell][Compal][Tributo RPL]Intel Wlan AX211 v22.170.2.1 upgrade to v22.200.0.6 showed YB
WIFI-312614,"[Huawei][Quanta][H9RR][RolleG][AX201][22H2][WLAN][800099411] Cyclic pressure test fastboot, a yellow mark appears after a certain cycle of booting, error code 43",FW->Infra,21,"[COMPONENT=FW->Infra] [Huawei][Quanta][H9RR][RolleG][AX201][22H2][WLAN][800099411] Cyclic pressure test fastboot, a yellow mark appears after a certain cycle of booting, error code 43"
WIFI-316376,[WW27-28WS] [Samsung][Venus 4-14 MTL] WLAN Yellow bang issue,FW->Infra,21,[COMPONENT=FW->Infra] [WW27-28WS] [Samsung][Venus 4-14 MTL] WLAN Yellow bang issue
WIFI-339243,[Dell][Wistron][MTL-H][Odin][AX211 2230] QS system found Wifi YB in normal use,FW->Infra,21,[COMPONENT=FW->Infra] [Dell][Wistron][MTL-H][Odin][AX211 2230] QS system found Wifi YB in normal use
WIFI-348790,[Honor][Huaqin][Darwin][Intel MTL][Intel AX201][WIFI][22H2]The wifi device YB when disable/enable wifi device stress test,FW->Infra,21,[COMPONENT=FW->Infra] [Honor][Huaqin][Darwin][Intel MTL][Intel AX201][WIFI][22H2]The wifi device YB when disable/enable wifi device stress test
WIFI-384044,[Honor][huaqin][DarwinA][MTL][AX201][High probability]WiFi YB,FW->Infra,21,[COMPONENT=FW->Infra] [Honor][huaqin][DarwinA][MTL][AX201][High probability]WiFi YB
WIFI-397740,[HUAWEI][HUAQIN][FlemingH][Intel MTL][Intel AX 201][WiFi][Win11]It occured WiFi driver YB(43) when running coldboot test.,FW->Infra,21,[COMPONENT=FW->Infra] [HUAWEI][HUAQIN][FlemingH][Intel MTL][Intel AX 201][WiFi][Win11]It occured WiFi driver YB(43) when running coldboot test.
WIFI-401038,[Honor][huaqin][DarwinA][WIFI][MTL][AX201][High probability]wifi YB happening,FW->Infra,21,[COMPONENT=FW->Infra] [Honor][huaqin][DarwinA][WIFI][MTL][AX201][High probability]wifi YB happening
WIFI-407510,[Honor][Huaqin][DarwinA][Intel MTL][Intel AX201][WiFi][22H2]The wifi device YB when run MS stress,FW->Infra,21,[COMPONENT=FW->Infra] [Honor][Huaqin][DarwinA][Intel MTL][Intel AX201][WiFi][22H2]The wifi device YB when run MS stress
WIFI-408464,[Honor][Huaqin][DarwinA][Intel MTL][Intel AX201][WiFi][22H2]The wifi device YB when manually switching WiFi,FW->Infra,21,[COMPONENT=FW->Infra] [Honor][Huaqin][DarwinA][Intel MTL][Intel AX201][WiFi][22H2]The wifi device YB when manually switching WiFi
WIFI-805040,[Lenovo-Ideapad][YOGA9P 16][PTL/BE211@1216/320Mhz][25H2] WIFI 5002/5005/5010 with 0x85 0x503 0x13f1 assert,FW->Infra,21,[COMPONENT=FW->Infra] [Lenovo-Ideapad][YOGA9P 16][PTL/BE211@1216/320Mhz][25H2] WIFI 5002/5005/5010 with 0x85 0x503 0x13f1 assert
WIFI-108148,[HUAWEI][HUAQIN][Intel TGL][Intel AX201][20H2]DUT often occur yellow bang during use WIFI,3rd Party-other non Intel component,20,[COMPONENT=3rd Party-other non Intel component] [HUAWEI][HUAQIN][Intel TGL][Intel AX201][20H2]DUT often occur yellow bang during use WIFI
WIFI-116451,[Huawei][Quanta][H81][CezanneM][AX200][20H2][WiFi][BUG-20210223-18647]DUT projecting to HUAWEI smart TV(V65i)/HONOR TV through miracast appeared afterimage.,3rd Party-other non Intel component,20,[COMPONENT=3rd Party-other non Intel component] [Huawei][Quanta][H81][CezanneM][AX200][20H2][WiFi][BUG-20210223-18647]DUT projecting to HUAWEI smart TV(V65i)/HONOR TV through miracast appeared afterimage.
WIFI-121301,[ASUS PCBU][Comet lake-U][X409FAC][9461 2230][22.50.0.7] WIFI direct connection will drop unexpectedly,3rd Party-other non Intel component,20,[COMPONENT=3rd Party-other non Intel component] [ASUS PCBU][Comet lake-U][X409FAC][9461 2230][22.50.0.7] WIFI direct connection will drop unexpectedly
WIFI-122864,[Huawei][Wingtech][CurieM][AMD Cezanne][AX200][20H2]p2p softAP cannot negotiate to 80M bandwidth,3rd Party-other non Intel component,20,[COMPONENT=3rd Party-other non Intel component] [Huawei][Wingtech][CurieM][AMD Cezanne][AX200][20H2]p2p softAP cannot negotiate to 80M bandwidth
WIFI-131828,"[Huawei][Wingtech][Dirac][Intel Tiger Lake UP4][AX201][21H1] [WIFI]Connect the wifi Network and play Online Video , Unit occur 0x9f BSOD point to 0x9F_VRF_3_Netwtw10_IMAGE_pci.sys",3rd Party-other non Intel component,20,"[COMPONENT=3rd Party-other non Intel component] [Huawei][Wingtech][Dirac][Intel Tiger Lake UP4][AX201][21H1] [WIFI]Connect the wifi Network and play Online Video , Unit occur 0x9f BSOD point to 0x9F_VRF_3_Netwtw10_IMAGE_pci.sys"
WIFI-134635,"[Huawei/Bitland][CML-S][Pangu] 1 unit gets black screen without backlight,caps and FN keys without reaction during S3 cycling test . (Failure rate:1/25 units)",3rd Party-other non Intel component,20,"[COMPONENT=3rd Party-other non Intel component] [Huawei/Bitland][CML-S][Pangu] 1 unit gets black screen without backlight,caps and FN keys without reaction during S3 cycling test . (Failure rate:1/25 units)"
WIFI-136329,[Huawei][Wingtech][Dirac][Intel Tiger Lake UP4][AX201][21H1] [WLAN]The BSOD appears by connecting the WLAN for the pressure measurement?SYSTEM_THREAD_EXCEPTION_NOT_HANDLED (7e)?(2/15),3rd Party-other non Intel component,20,[COMPONENT=3rd Party-other non Intel component] [Huawei][Wingtech][Dirac][Intel Tiger Lake UP4][AX201][21H1] [WLAN]The BSOD appears by connecting the WLAN for the pressure measurement?SYSTEM_THREAD_EXCEPTION_NOT_HANDLED (7e)?(2/15)
WIFI-137140,"[Huawei][Wingtech][Dirac][Intel Tiger Lake UP4][AX201][21H1] [WiFi]PC uses the Miracast function to the Huawei large screen, the screen failed",3rd Party-other non Intel component,20,"[COMPONENT=3rd Party-other non Intel component] [Huawei][Wingtech][Dirac][Intel Tiger Lake UP4][AX201][21H1] [WiFi]PC uses the Miracast function to the Huawei large screen, the screen failed"
WIFI-164479,[Huawei][Quanta][BohrD][TGL][AX201][20H2][WiFi][805183982]Video lag when displaying PC screen to a external monitor by multi-screen collaboration technology.,3rd Party-other non Intel component,20,[COMPONENT=3rd Party-other non Intel component] [Huawei][Quanta][BohrD][TGL][AX201][20H2][WiFi][805183982]Video lag when displaying PC screen to a external monitor by multi-screen collaboration technology.
WIFI-166275,[Honor][HiggsE][AX201][21H1][win11] [70%]PC?????????,3rd Party-other non Intel component,20,[COMPONENT=3rd Party-other non Intel component] [Honor][HiggsE][AX201][21H1][win11] [70%]PC?????????
WIFI-171487,"[Huawei][Wingtech][Dirac][Intel Tiger Lake UP4][AX201][20H1] [WIFI]The PC does the fast boot test, and the network adapter appears as YB?code 10?",3rd Party-other non Intel component,20,"[COMPONENT=3rd Party-other non Intel component] [Huawei][Wingtech][Dirac][Intel Tiger Lake UP4][AX201][20H1] [WIFI]The PC does the fast boot test, and the network adapter appears as YB?code 10?"
WIFI-173559,"?OEM???PC ax201 ????GO? ????PC GO, ????11ac 80M 1*1?iperf ????60Mbps ??",3rd Party-other non Intel component,20,"[COMPONENT=3rd Party-other non Intel component] ?OEM???PC ax201 ????GO? ????PC GO, ????11ac 80M 1*1?iperf ????60Mbps ??"
WIFI-198745,"[Honor][Huaqin][HiggsE][TGL][AX201][21H1] [100%]Test PC to share files with mobile phone in shielded room, the transfer rate is not up to Test standard",3rd Party-other non Intel component,20,"[COMPONENT=3rd Party-other non Intel component] [Honor][Huaqin][HiggsE][TGL][AX201][21H1] [100%]Test PC to share files with mobile phone in shielded room, the transfer rate is not up to Test standard"
WIFI-249648,[Dell] Samsung S21 (WiFi 6) has been limited at downlink throughput (around 160Mbps) while connecting with AX211 WiFi hotspot (22.160.0.3),3rd Party-other non Intel component,20,[COMPONENT=3rd Party-other non Intel component] [Dell] Samsung S21 (WiFi 6) has been limited at downlink throughput (around 160Mbps) while connecting with AX211 WiFi hotspot (22.160.0.3)
WIFI-287880,[Lenovo][TB 13s G4 IAP][ADL-P][AX201]WiFi YB when plug in a  mouse dangle,3rd Party-other non Intel component,20,[COMPONENT=3rd Party-other non Intel component] [Lenovo][TB 13s G4 IAP][ADL-P][AX201]WiFi YB when plug in a  mouse dangle
WIFI-287931,"[Samsung][AX211][P230210-03210]After GO Nego Confirm, PC didn't start Re-assoc for WPS.",3rd Party-other non Intel component,20,"[COMPONENT=3rd Party-other non Intel component] [Samsung][AX211][P230210-03210]After GO Nego Confirm, PC didn't start Re-assoc for WPS."
WIFI-306657,"[liweihu][WIFI][Huawei][MendelF][RPL-AX201][PVT]When the p2p connection is establishing, the PAD side sends probe req, and the PC side does not reply to probe rsp",3rd Party-other non Intel component,20,"[COMPONENT=3rd Party-other non Intel component] [liweihu][WIFI][Huawei][MendelF][RPL-AX201][PVT]When the p2p connection is establishing, the PAD side sends probe req, and the PC side does not reply to probe rsp"
WIFI-320383,"[Lenovo][TB 13s][ADL][WirelessDock][AX211]PC enter MS then wake up,  connect to Dock, 10s later disconnected",3rd Party-other non Intel component,20,"[COMPONENT=3rd Party-other non Intel component] [Lenovo][TB 13s][ADL][WirelessDock][AX211]PC enter MS then wake up,  connect to Dock, 10s later disconnected"
WIFI-398432,[Xiaomi][MIUI+][23H2][I5-12500H][AX203]PC cannot receive mDNS query packet from mobile phone,3rd Party-other non Intel component,20,[COMPONENT=3rd Party-other non Intel component] [Xiaomi][MIUI+][23H2][I5-12500H][AX203]PC cannot receive mDNS query packet from mobile phone
WIFI-478403,[Acer][Carrera_RTX] No display while closing lid then opening it.,3rd Party-other non Intel component,20,[COMPONENT=3rd Party-other non Intel component] [Acer][Carrera_RTX] No display while closing lid then opening it.
WIFI-100240,[Huawei][Wingtech][CurieM][AMD Cezanne][AX200][20H2]The wireless function lost after reboot system(1/100 cycles),Product->The Platform,20,[COMPONENT=Product->The Platform] [Huawei][Wingtech][CurieM][AMD Cezanne][AX200][20H2]The wireless function lost after reboot system(1/100 cycles)
WIFI-114589,(Copy Of 00595784) [Huawei][Wingtech][CurieM][AMD Cezanne][AX200][20H2]Unable to search for WiFi(F/R:1/50 times),Product->The Platform,20,[COMPONENT=Product->The Platform] (Copy Of 00595784) [Huawei][Wingtech][CurieM][AMD Cezanne][AX200][20H2]Unable to search for WiFi(F/R:1/50 times)
WIFI-117708,[Huawei][Quanta][NobelD][TGL-U][AX201][20H2][WiFi][804882335] Wifi device showed yellow bang during surfing the Internet around 10 min.,Product->The Platform,20,[COMPONENT=Product->The Platform] [Huawei][Quanta][NobelD][TGL-U][AX201][20H2][WiFi][804882335] Wifi device showed yellow bang during surfing the Internet around 10 min.
WIFI-120311,[Huawei][Quanta][H9H][HookeD][AX201][20H2][WIFI][804908450] Connect wifi AP failed - AUTH ATTEMPTS_EXHAUSTED.,Product->The Platform,20,[COMPONENT=Product->The Platform] [Huawei][Quanta][H9H][HookeD][AX201][20H2][WIFI][804908450] Connect wifi AP failed - AUTH ATTEMPTS_EXHAUSTED.
WIFI-134666,[VAIO][AX201] BSOD observed when driver install with INF on Audit mode.,Product->The Platform,20,[COMPONENT=Product->The Platform] [VAIO][AX201] BSOD observed when driver install with INF on Audit mode.
WIFI-179105,[REALME][HUAQIN][NB6156A][Intel TGL][Intel AC 9560][WIFI][Win11]Wifi occur yellow band(43) when run iperf.exe.,Product->The Platform,20,[COMPONENT=Product->The Platform] [REALME][HUAQIN][NB6156A][Intel TGL][Intel AC 9560][WIFI][Win11]Wifi occur yellow band(43) when run iperf.exe.
WIFI-185179,"[HQ][ASUS][TGL][UX325EA][UX425EA][Win11]Intel AX201 wfi card YB, error code 10.(FR:11/2200 units)",Product->The Platform,20,"[COMPONENT=Product->The Platform] [HQ][ASUS][TGL][UX325EA][UX425EA][Win11]Intel AX201 wfi card YB, error code 10.(FR:11/2200 units)"
WIFI-197277,[HQ][ASUS][Win11R][TGL][AX201][UX325EA] WLAN Driver YB when running Reboot.,Product->The Platform,20,[COMPONENT=Product->The Platform] [HQ][ASUS][Win11R][TGL][AX201][UX325EA] WLAN Driver YB when running Reboot.
WIFI-268709,[LG][16Z90RS][RPL/AX211/Win11 22H2] Unexpected behavior in interference test,Product->The Platform,20,[COMPONENT=Product->The Platform] [LG][16Z90RS][RPL/AX211/Win11 22H2] Unexpected behavior in interference test
WIFI-335769,[Lenovo_ThinkPad_JP][THAMES][MTL][GaP2] Wi-Fi7 low Rx throughput issue,Product->The Platform,20,[COMPONENT=Product->The Platform] [Lenovo_ThinkPad_JP][THAMES][MTL][GaP2] Wi-Fi7 low Rx throughput issue
WIFI-339484,[HP]-[MTL-U][GfP2][Win11 22H2][SIO2199018] The unit can not automatically connect to 6G via Intel ANT Tool after resuming from Shutdown or Hibernation.(Intel AX211),Product->The Platform,20,[COMPONENT=Product->The Platform] [HP]-[MTL-U][GfP2][Win11 22H2][SIO2199018] The unit can not automatically connect to 6G via Intel ANT Tool after resuming from Shutdown or Hibernation.(Intel AX211)
WIFI-360472,[Samsung][MTL-H][Mars4-16] WLAN YB issue happened SR building,Product->The Platform,20,[COMPONENT=Product->The Platform] [Samsung][MTL-H][Mars4-16] WLAN YB issue happened SR building
WIFI-397690,CLEVO_L260TU_WLAN YB!_NB-IDLE-5-10MINS-Device-Management-WLAN-YB,Product->The Platform,20,[COMPONENT=Product->The Platform] CLEVO_L260TU_WLAN YB!_NB-IDLE-5-10MINS-Device-Management-WLAN-YB
WIFI-398118,[Lenovo_ThinkPad_JP][THAMES][MTL][GfP2] Wi-Fi YB after reboot in Shipping mode,Product->The Platform,20,[COMPONENT=Product->The Platform] [Lenovo_ThinkPad_JP][THAMES][MTL][GfP2] Wi-Fi YB after reboot in Shipping mode
WIFI-407158,[HP][Quanta] [DMG9R Asteroids5][RPL-R][GaP2-BE200][Win11 23H2]Factory MV build BE200 lost,Product->The Platform,20,[COMPONENT=Product->The Platform] [HP][Quanta] [DMG9R Asteroids5][RPL-R][GaP2-BE200][Win11 23H2]Factory MV build BE200 lost
WIFI-415708,[HP/Quanta][Regis][SI2][BE201D2W ES2] dynamic SAR not working properly,Product->The Platform,20,[COMPONENT=Product->The Platform] [HP/Quanta][Regis][SI2][BE201D2W ES2] dynamic SAR not working properly
WIFI-526739,[Lenovo_LNL_Matterhorn2]BE201 device lost & YB when system idle,Product->The Platform,20,[COMPONENT=Product->The Platform] [Lenovo_LNL_Matterhorn2]BE201 device lost & YB when system idle
WIFI-608607,[HP][Quanta][Trekker][PTL-12Xe][Win11 24H2] The system random hang during boot up with BE201/AX211.,Product->The Platform,20,[COMPONENT=Product->The Platform] [HP][Quanta][Trekker][PTL-12Xe][Win11 24H2] The system random hang during boot up with BE201/AX211.
WIFI-616383,[Samsung][LNL][[BE201][Venus5-16] WLAN device shows YB after resuming from S4/MS - FW assert 0x132e,Product->The Platform,20,[COMPONENT=Product->The Platform] [Samsung][LNL][[BE201][Venus5-16] WLAN device shows YB after resuming from S4/MS - FW assert 0x132e
WIFI-816858,[Lenovo_LNL_Abby2] BE201 WLAN/BT disappear and reappear during S0 idle screen on,Product->The Platform,20,[COMPONENT=Product->The Platform] [Lenovo_LNL_Abby2] BE201 WLAN/BT disappear and reappear during S0 idle screen on
WIFI-401195,intel(AX211/BE200) RSSI test fail,ANT,19,[COMPONENT=ANT] intel(AX211/BE200) RSSI test fail
WIFI-408529,[Honor][Huaqin][DarwinA][Intel MTL][Intel AX201][WiFi][22H2]duplicate IPS 00874516 the EB driver and ANT tool the RSSI both show ant2 value,ANT,19,[COMPONENT=ANT] [Honor][Huaqin][DarwinA][Intel MTL][Intel AX201][WiFi][22H2]duplicate IPS 00874516 the EB driver and ANT tool the RSSI both show ant2 value
WIFI-612336,[HP][Quanta][Hanna][RPL-H r/ RPL-HX r][Win11 24H2] ANT tool NOT able to read WiFi PPAG,ANT,19,[COMPONENT=ANT] [HP][Quanta][Hanna][RPL-H r/ RPL-HX r][Win11 24H2] ANT tool NOT able to read WiFi PPAG
WOT-26656,[Lenovo-IdeaPad][RPL][SV2][S980-16pro][win11][FVT][GFP][ANT Tool]ANT cannot display bit9-11 settings of DSM function 3,ANT,19,[COMPONENT=ANT] [Lenovo-IdeaPad][RPL][SV2][S980-16pro][win11][FVT][GFP][ANT Tool]ANT cannot display bit9-11 settings of DSM function 3
WOT-2758,[Dell] 22.40 ANT tool cannot show foundry info,ANT,19,[COMPONENT=ANT] [Dell] 22.40 ANT tool cannot show foundry info
WOT-32431,[K5504VA/RPL/AX211]Quabta_ANT Tool With/Without LAN Cable long execution time(2 sec -> 40 sec),ANT,19,[COMPONENT=ANT] [K5504VA/RPL/AX211]Quabta_ANT Tool With/Without LAN Cable long execution time(2 sec -> 40 sec)
WOT-3295,[Dell] ANT get_ppid command cannot work,ANT,19,[COMPONENT=ANT] [Dell] ANT get_ppid command cannot work
WOT-36019,AX101,ANT,19,[COMPONENT=ANT] AX101
WOT-36111,[HP][Quanta]-[Willie][MTL][BE200 QS] Bluetooth BRDS SAR validation,ANT,19,[COMPONENT=ANT] [HP][Quanta]-[Willie][MTL][BE200 QS] Bluetooth BRDS SAR validation
WOT-38641,[Acer][Quanta][RPL_HX]Nitro C40_RTX & EX90_RTX_AX211 WIFI SAR power error msg.,ANT,19,[COMPONENT=ANT] [Acer][Quanta][RPL_HX]Nitro C40_RTX & EX90_RTX_AX211 WIFI SAR power error msg.
WOT-4526,[HorizonMLK][AlderLake-P] ANT. tool can not auto detecting 6E SSID for RSSI test.,ANT,19,[COMPONENT=ANT] [HorizonMLK][AlderLake-P] ANT. tool can not auto detecting 6E SSID for RSSI test.
WOT-4757,[ASUS PCBU/Pegatron] [UX5401EAJ] [Tiger Lake][22.80][AX201] intel ANT tool issue (hardware initialization failed) fail rate 0.5%,ANT,19,[COMPONENT=ANT] [ASUS PCBU/Pegatron] [UX5401EAJ] [Tiger Lake][22.80][AX201] intel ANT tool issue (hardware initialization failed) fail rate 0.5%
WOT-47630,[LNL][Acer][Compal][IceFish_LNM][BE201][Win11]Ant Tool Setmcc Time Remaining for Test Mode will not count down,ANT,19,[COMPONENT=ANT] [LNL][Acer][Compal][IceFish_LNM][BE201][Win11]Ant Tool Setmcc Time Remaining for Test Mode will not count down
WOT-50257,Ant tool (-ant_isolation command) for BE200 module,ANT,19,[COMPONENT=ANT] Ant tool (-ant_isolation command) for BE200 module
WOT-56302,[Dell][ARL_HX][Kingda Ka] WALN Antenna RSSI (Ant.exe tool) total execution time over 0.5 seconds(about 3 seconds) on DC mode.,ANT,19,[COMPONENT=ANT] [Dell][ARL_HX][Kingda Ka] WALN Antenna RSSI (Ant.exe tool) total execution time over 0.5 seconds(about 3 seconds) on DC mode.
WOT-58390,[Lenovo_Thinkbook][Compal][Olympus 2.0 - ThinkBook 14 G7+ IAH][ARL][BE200]Associated failed with ANT tool in factory (F/R: 5%),ANT,19,[COMPONENT=ANT] [Lenovo_Thinkbook][Compal][Olympus 2.0 - ThinkBook 14 G7+ IAH][ARL][BE200]Associated failed with ANT tool in factory (F/R: 5%)
WOT-63929,[DELL] found differences RSSI in ant and netsh.,ANT,19,[COMPONENT=ANT] [DELL] found differences RSSI in ant and netsh.
WOT-64944,[Lenovo][compal][PTL-P][BE201][Kailash] BE211 cant connect to WiFi AP in OWE mode,ANT,19,[COMPONENT=ANT] [Lenovo][compal][PTL-P][BE201][Kailash] BE211 cant connect to WiFi AP in OWE mode
WOT-67921,[Lenovo][Nile][SIT1][PTL/BE211][25H2] Cannot connect to AP when using ANT tool,ANT,19,[COMPONENT=ANT] [Lenovo][Nile][SIT1][PTL/BE211][25H2] Cannot connect to AP when using ANT tool
WOT-26490,[HP] DRTU tool CLI command output 6G power,DRTU,19,[COMPONENT=DRTU] [HP] DRTU tool CLI command output 6G power
WOT-2867,22.40 DRTU power table didn't change according to different mode,DRTU,19,[COMPONENT=DRTU] 22.40 DRTU power table didn't change according to different mode
WOT-31738,[Lenovo-Ideapad][RPL][DRTU][AX211] no power output under SineWave testing (100%),DRTU,19,[COMPONENT=DRTU] [Lenovo-Ideapad][RPL][DRTU][AX211] no power output under SineWave testing (100%)
WOT-32311,[Intel][NUC-G][MTL-H][Scorpion Canyon]CITU tool out of function,DRTU,19,[COMPONENT=DRTU] [Intel][NUC-G][MTL-H][Scorpion Canyon]CITU tool out of function
WOT-33936,[Samsung][GaP2] EVM test fail and unstable Tx signal during WiFi7 MRU Tx test.,DRTU,19,[COMPONENT=DRTU] [Samsung][GaP2] EVM test fail and unstable Tx signal during WiFi7 MRU Tx test.
WOT-35513,[Dell] Killer1750 could not use DRTU in DRTU.04824.23.0.0,DRTU,19,[COMPONENT=DRTU] [Dell] Killer1750 could not use DRTU in DRTU.04824.23.0.0
WOT-3588,[Dell/Compal] Intel 9462 WLAN ADL and TGL DRTU tool display power difference,DRTU,19,[COMPONENT=DRTU] [Dell/Compal] Intel 9462 WLAN ADL and TGL DRTU tool display power difference
WOT-38618,[Samsung][MTL GaP2]DRTU Rx Fail at Data Rate EHT15,DRTU,19,[COMPONENT=DRTU] [Samsung][MTL GaP2]DRTU Rx Fail at Data Rate EHT15
WOT-38619,[Samsung][MTL GaP2]DRTU Rx Fail for 320MHz Large RU,DRTU,19,[COMPONENT=DRTU] [Samsung][MTL GaP2]DRTU Rx Fail for 320MHz Large RU
WOT-4089,[DELL][Tributo ADL] AX211 DRTU incorrect TX target power,DRTU,19,[COMPONENT=DRTU] [DELL][Tributo ADL] AX211 DRTU incorrect TX target power
WOT-45263,[Samsung][LNL][FmP2][Venus5-14] Non-Signaling Test EVM Fail,DRTU,19,[COMPONENT=DRTU] [Samsung][LNL][FmP2][Venus5-14] Non-Signaling Test EVM Fail
WOT-48239,[HP][Quanta][Regis][LNL EVQS][FmP2 rQS] BT sine wave of DRTU tool NOT working,DRTU,19,[COMPONENT=DRTU] [HP][Quanta][Regis][LNL EVQS][FmP2 rQS] BT sine wave of DRTU tool NOT working
WOT-4836,[Samsung-Mars2-ADL] DRTU Rx function doesn't get good packets at 22.80 HF1,DRTU,19,[COMPONENT=DRTU] [Samsung-Mars2-ADL] DRTU Rx function doesn't get good packets at 22.80 HF1
WOT-51051,[LG][16Z90TS][LNL/BE201/Win11 24H2] No radiation at MRU7&MRU8 frequency during FCC SAR test with DRTU,DRTU,19,[COMPONENT=DRTU] [LG][16Z90TS][LNL/BE201/Win11 24H2] No radiation at MRU7&MRU8 frequency during FCC SAR test with DRTU
WOT-51482,[Samsung][FmP2][DRTU] VLP option in DRTU for EU,DRTU,19,[COMPONENT=DRTU] [Samsung][FmP2][DRTU] VLP option in DRTU for EU
WOT-5953,[Samsung-ADL-GfP2] RU Rx PER can't be measured on GfP2,DRTU,19,[COMPONENT=DRTU] [Samsung-ADL-GfP2] RU Rx PER can't be measured on GfP2
WOT-66321,[PEG/BU][ASUS][2in1 NB][BE211D2W][TP3406AA /TP3606AA ]DRTU issue,DRTU,19,[COMPONENT=DRTU] [PEG/BU][ASUS][2in1 NB][BE211D2W][TP3406AA /TP3606AA ]DRTU issue
WOT-66865,[Samsung][GB6-14][PTL][GfP2] DRTU dont set MCC in BT,DRTU,19,[COMPONENT=DRTU] [Samsung][GB6-14][PTL][GfP2] DRTU dont set MCC in BT
WOT-68790,"[Dell/Consumer][Wistron][PTL][BE213][Janus-N 27""] 6G Tx power question on DRTU",DRTU,19,"[COMPONENT=DRTU] [Dell/Consumer][Wistron][PTL][BE213][Janus-N 27""] 6G Tx power question on DRTU"
CIE-3238,[Dell][Compal][NexusMLK][MTL-H][AX16756e][AX1750 wifi7] SSID info.,Installation->Killer,19,[COMPONENT=Installation->Killer] [Dell][Compal][NexusMLK][MTL-H][AX16756e][AX1750 wifi7] SSID info.
CIE-3268,[Dell][Wistron][Scorpio16 MTL]WLAN support for Killer 1675x & Intel BE202,Installation->Killer,19,[COMPONENT=Installation->Killer] [Dell][Wistron][Scorpio16 MTL]WLAN support for Killer 1675x & Intel BE202
CIE-3302,Design Change Request for mup.xml in Killer Wireless package,Installation->Killer,19,[COMPONENT=Installation->Killer] Design Change Request for mup.xml in Killer Wireless package
CIE-3504,[Dell][Wistron][Infinity MLK] Requesting WLAN support for Killer 1675i & BE1750,Installation->Killer,19,[COMPONENT=Installation->Killer] [Dell][Wistron][Infinity MLK] Requesting WLAN support for Killer 1675i & BE1750
CIE-3541,[Dell][Wistron][Infinity MLK]No Compatible hardware detected when installed Killer E5000 Ethernet driver,Installation->Killer,19,[COMPONENT=Installation->Killer] [Dell][Wistron][Infinity MLK]No Compatible hardware detected when installed Killer E5000 Ethernet driver
CIE-3592,[Dell][Wistron][Infinity MLK]E5000 Ethernet base driver cannot be installed after executing setup.exe with PV 34.23.7186,Installation->Killer,19,[COMPONENT=Installation->Killer] [Dell][Wistron][Infinity MLK]E5000 Ethernet base driver cannot be installed after executing setup.exe with PV 34.23.7186
CIE-3602,[Dell][Wistron][Infinity MLK]No Compatible hardware detected when installing Killer Wireless 34.23.7175 (23.0.0.6) and met YB when installed by .inf,Installation->Killer,19,[COMPONENT=Installation->Killer] [Dell][Wistron][Infinity MLK]No Compatible hardware detected when installing Killer Wireless 34.23.7175 (23.0.0.6) and met YB when installed by .inf
CIE-3734,Killer LAN driver v34.23.7197 can`t be installed with SAC on,Installation->Killer,19,[COMPONENT=Installation->Killer] Killer LAN driver v34.23.7197 can`t be installed with SAC on
CIE-3752,KILLER SUIT 35.23.86 Kcc APP cant install,Installation->Killer,19,[COMPONENT=Installation->Killer] KILLER SUIT 35.23.86 Kcc APP cant install
CIE-3818,[Dell/Compal][Tributo LNL] XPS TributoLNL with KIC support,Installation->Killer,19,[COMPONENT=Installation->Killer] [Dell/Compal][Tributo LNL] XPS TributoLNL with KIC support
CIE-3821,[Dell][Compal][Tributo MTL]Kcc v3.1423.712.2 merge Intel wifi driver v23.10.0.8 for Jump start WA,Installation->Killer,19,[COMPONENT=Installation->Killer] [Dell][Compal][Tributo MTL]Kcc v3.1423.712.2 merge Intel wifi driver v23.10.0.8 for Jump start WA
CIE-3883,[DELL Corp. DT/Foxconn/Intel ARL-S]Killer 1750x WLAN card WIFI/BT driver release,Installation->Killer,19,[COMPONENT=Installation->Killer] [DELL Corp. DT/Foxconn/Intel ARL-S]Killer 1750x WLAN card WIFI/BT driver release
CIE-3921,(Copy Of 00845808) [DELL Corp. DT/Foxconn/Intel ARL-S]Killer 1750x WLAN card WIFI/BT driver release,Installation->Killer,19,[COMPONENT=Installation->Killer] (Copy Of 00845808) [DELL Corp. DT/Foxconn/Intel ARL-S]Killer 1750x WLAN card WIFI/BT driver release
CIE-4044,[Dell][Sanctuary]Add SSID in Killer 1675s and Killer 1750w for Wlan BT driver,Installation->Killer,19,[COMPONENT=Installation->Killer] [Dell][Sanctuary]Add SSID in Killer 1675s and Killer 1750w for Wlan BT driver
CIE-4054,[Tributo LNL] Install killer package show fail message on 24H2,Installation->Killer,19,[COMPONENT=Installation->Killer] [Tributo LNL] Install killer package show fail message on 24H2
CIE-4189,[Dell/Compal][Pista ARL] XPS PistaARL with KIC support with SSID,Installation->Killer,19,[COMPONENT=Installation->Killer] [Dell/Compal][Pista ARL] XPS PistaARL with KIC support with SSID
CIE-4190,add Diablo ARL-H (2 SSIDs) for Killer installer and Killer component driver,Installation->Killer,19,[COMPONENT=Installation->Killer] add Diablo ARL-H (2 SSIDs) for Killer installer and Killer component driver
CIE-4199,[Dell][TributoMTL]WLAN driver 35.24 killernetworkextension.inf not declarative,Installation->Killer,19,[COMPONENT=Installation->Killer] [Dell][TributoMTL]WLAN driver 35.24 killernetworkextension.inf not declarative
CIE-8032,PTL Killer install,Installation->Killer,19,[COMPONENT=Installation->Killer] PTL Killer install
WIFI-201762,9462 CNVI WIFI yellow mark  on TGL UP3,TOP->Integration,19,[COMPONENT=TOP->Integration] 9462 CNVI WIFI yellow mark  on TGL UP3
WIFI-365608,[lenovo][lcfc][OAK-2][MTL][AX211][23H2][1/800 units]device lost @ restart,TOP->Integration,19,[COMPONENT=TOP->Integration] [lenovo][lcfc][OAK-2][MTL][AX211][23H2][1/800 units]device lost @ restart
WIFI-370713,[HUAWEI][HUAQIN][FlemingH][Intel MTL][Intel AX 201][WIFI][Win11]It occured WiFi YB(43) when disable/enable WiFi driver.,TOP->Integration,19,[COMPONENT=TOP->Integration] [HUAWEI][HUAQIN][FlemingH][Intel MTL][Intel AX 201][WIFI][Win11]It occured WiFi YB(43) when disable/enable WiFi driver.
WIFI-371903,[Honor][Huaqin][DarwinA][Intel MTL][Intel AX201][WiFi][22H2]The Wifi device YB during idel(1/10units),TOP->Integration,19,[COMPONENT=TOP->Integration] [Honor][Huaqin][DarwinA][Intel MTL][Intel AX201][WiFi][22H2]The Wifi device YB during idel(1/10units)
WIFI-374518,[Xiaomi][Huaqin][N57][MTL][Win11] [SVOP] WIFI YB issue occured in test reboot,TOP->Integration,19,[COMPONENT=TOP->Integration] [Xiaomi][Huaqin][N57][MTL][Win11] [SVOP] WIFI YB issue occured in test reboot
WIFI-377623,[Taoran][WiFI][Huawei][VangogH][MTL][PVT]A YB issue with code 43,TOP->Integration,19,[COMPONENT=TOP->Integration] [Taoran][WiFI][Huawei][VangogH][MTL][PVT]A YB issue with code 43
WIFI-378432,"YB Error code 10 on WLAN device after restart (FR: 1/1 unit, 2/5 trials)",TOP->Integration,19,"[COMPONENT=TOP->Integration] YB Error code 10 on WLAN device after restart (FR: 1/1 unit, 2/5 trials)"
WIFI-379342,[LG][16ZD90SP][MTL/AX211/Win11 22H2] YB on Interl Wi-Fi AX211,TOP->Integration,19,[COMPONENT=TOP->Integration] [LG][16ZD90SP][MTL/AX211/Win11 22H2] YB on Interl Wi-Fi AX211
WIFI-379986,[Dell][CSLP_Taroko_LNL_PO] Intel WLAN shows Yellow bang(Code 10),TOP->Integration,19,[COMPONENT=TOP->Integration] [Dell][CSLP_Taroko_LNL_PO] Intel WLAN shows Yellow bang(Code 10)
WIFI-380813,[Taoran][WiFI][Huawei][VangogH][MTL][PVT]A YB issue with code 10 after install wifi driver,TOP->Integration,19,[COMPONENT=TOP->Integration] [Taoran][WiFI][Huawei][VangogH][MTL][PVT]A YB issue with code 10 after install wifi driver
WIFI-383978,[Lenovo-IdeaPad][LNL][QIXIA][win11][EVT][FmP]WiFi YB after reboot,TOP->Integration,19,[COMPONENT=TOP->Integration] [Lenovo-IdeaPad][LNL][QIXIA][win11][EVT][FmP]WiFi YB after reboot
WIFI-392726,[Lenovo][Compal][Thinkbook gen6+][MTL] WLAN device show YB when run stress MS/CB,TOP->Integration,19,[COMPONENT=TOP->Integration] [Lenovo][Compal][Thinkbook gen6+][MTL] WLAN device show YB when run stress MS/CB
WIFI-393156,[Dell][Compal][CSLP_Taroko_LNL_PO] Intel WLAN_BE201_ shows Yellow bang(Code 10),TOP->Integration,19,[COMPONENT=TOP->Integration] [Dell][Compal][CSLP_Taroko_LNL_PO] Intel WLAN_BE201_ shows Yellow bang(Code 10)
WIFI-395016,[Venus5-14][LNL][ER2][FmP2] WLAN device show YB in device manager.,TOP->Integration,19,[COMPONENT=TOP->Integration] [Venus5-14][LNL][ER2][FmP2] WLAN device show YB in device manager.
WIFI-417116,[HP/Win11/LNL/FmP2][Inventec][Masada][DB] WLAN and BT got YB after installed driver,TOP->Integration,19,[COMPONENT=TOP->Integration] [HP/Win11/LNL/FmP2][Inventec][Masada][DB] WLAN and BT got YB after installed driver
WIFI-635979,[HP][Quanta]-[Voco 25C1][ARL-H][Win11 24H2] WLAN lost during playing game (Genshin Impact). (Intel BE201),TOP->Integration,19,[COMPONENT=TOP->Integration] [HP][Quanta]-[Voco 25C1][ARL-H][Win11 24H2] WLAN lost during playing game (Genshin Impact). (Intel BE201)
WIFI-638272,[Lenovo_IdeaPad][LCFC][ARL-HX][Hermes-IAX][24H2][SIT][BE200]WLAN YB appeared upon startup after shutting down and leaving it for 1 hour in the chamber(0 degrees Celsius).(F/R: 1/24 units 1/2trials ),TOP->Integration,19,[COMPONENT=TOP->Integration] [Lenovo_IdeaPad][LCFC][ARL-HX][Hermes-IAX][24H2][SIT][BE200]WLAN YB appeared upon startup after shutting down and leaving it for 1 hour in the chamber(0 degrees Celsius).(F/R: 1/24 units 1/2trials )
WIFI-700689,"[Lenovo ldeaPad][LCFC][PTL 12Xe][CSLP][S511-16pro][24H2][FVT][BE201]WLAN Lost during WB stress test, FR: 1/200Units, 3/9000cycles",TOP->Integration,19,"[COMPONENT=TOP->Integration] [Lenovo ldeaPad][LCFC][PTL 12Xe][CSLP][S511-16pro][24H2][FVT][BE201]WLAN Lost during WB stress test, FR: 1/200Units, 3/9000cycles"
WIFI-755906,[lenovo_arlhx_aster]BE200 YB after S4 resume,TOP->Integration,19,[COMPONENT=TOP->Integration] [lenovo_arlhx_aster]BE200 YB after S4 resume
WIFI-100337,[ASUS][COMPAL][A5401WRA][CML-S][INTEL8265][20H2][100%] Intel8265 5G AC80 TX T-put very low,3rd Party-BIOS,18,[COMPONENT=3rd Party-BIOS] [ASUS][COMPAL][A5401WRA][CML-S][INTEL8265][20H2][100%] Intel8265 5G AC80 TX T-put very low
WIFI-115567,[Huaqin] [Mi A29] [Intel-TGL-H] [Win10 20H2] Intel AX210 wlan device will lost after resume from MS,3rd Party-BIOS,18,[COMPONENT=3rd Party-BIOS] [Huaqin] [Mi A29] [Intel-TGL-H] [Win10 20H2] Intel AX210 wlan device will lost after resume from MS
WIFI-207589,[Dell][Montreux 2in1]latitude 7320 2in1 <AX200_WiFi> Event ID 5010 while boot to OS/ resume from MODS,3rd Party-BIOS,18,[COMPONENT=3rd Party-BIOS] [Dell][Montreux 2in1]latitude 7320 2in1 <AX200_WiFi> Event ID 5010 while boot to OS/ resume from MODS
WIFI-277922,"[Roc][Win10][22H2][PV]: The unit can't be resume and ""9f""BSOD occured when resume unit from MS(Intel AX211)",3rd Party-BIOS,18,"[COMPONENT=3rd Party-BIOS] [Roc][Win10][22H2][PV]: The unit can't be resume and ""9f""BSOD occured when resume unit from MS(Intel AX211)"
WIFI-310640,[Weibu][JSL][3165] AP cant be detect and MAC address become 00.00.00.00.00.00 after boot to windows,3rd Party-BIOS,18,[COMPONENT=3rd Party-BIOS] [Weibu][JSL][3165] AP cant be detect and MAC address become 00.00.00.00.00.00 after boot to windows
WIFI-348126,[HP][MTL-U][Sparty][GfP2][SIO2211544] Black screen with dump file BSOD 0x9F during run Restart Stress test,3rd Party-BIOS,18,[COMPONENT=3rd Party-BIOS] [HP][MTL-U][Sparty][GfP2][SIO2211544] Black screen with dump file BSOD 0x9F during run Restart Stress test
WIFI-423067,[DELL/Compal][LNL][Tributo LNL]TAS function no trigger issue,3rd Party-BIOS,18,[COMPONENT=3rd Party-BIOS] [DELL/Compal][LNL][Tributo LNL]TAS function no trigger issue
WIFI-424476,[Lenovo][Aladdin][LNL-MX][Win11][EVT][vPRO]BE201 YB after AMT provisioning,3rd Party-BIOS,18,[COMPONENT=3rd Party-BIOS] [Lenovo][Aladdin][LNL-MX][Win11][EVT][vPRO]BE201 YB after AMT provisioning
WIFI-425372,"[ASUS_CCBU][B5403CVA][AX2A1][23.30.0.6] After user login to OS, WIFI will gray out.",3rd Party-BIOS,18,"[COMPONENT=3rd Party-BIOS] [ASUS_CCBU][B5403CVA][AX2A1][23.30.0.6] After user login to OS, WIFI will gray out."
WIFI-477386,"[Lenovo][Huaqin][Idepad 5 2-in-1 14/16AIL10][Intel ARL][24H2] The AX203 WiFi will show yellow bang (code 10) at S4 and WB test. (FR: 4/4 uuts, 4/10 cycles)",3rd Party-BIOS,18,"[COMPONENT=3rd Party-BIOS] [Lenovo][Huaqin][Idepad 5 2-in-1 14/16AIL10][Intel ARL][24H2] The AX203 WiFi will show yellow bang (code 10) at S4 and WB test. (FR: 4/4 uuts, 4/10 cycles)"
WIFI-479610,[Lenovo][Wistron][TB14 2-in1 Gen4][Meteor Lake U][AX211&AX203[23H2][100%]ANT always show SAR value of NB mode after boot from Tablet mode.,3rd Party-BIOS,18,[COMPONENT=3rd Party-BIOS] [Lenovo][Wistron][TB14 2-in1 Gen4][Meteor Lake U][AX211&AX203[23H2][100%]ANT always show SAR value of NB mode after boot from Tablet mode.
WIFI-512812,[Lenovo-DT][Wistron][M90t_PCB1][ARL-S]BE200 read DSM functions failed (F/R: 100%).,3rd Party-BIOS,18,[COMPONENT=3rd Party-BIOS] [Lenovo-DT][Wistron][M90t_PCB1][ARL-S]BE200 read DSM functions failed (F/R: 100%).
WIFI-515364,[ASUS/Gaming][Inventec][ARL-HX][BE200][G614LV]Wake on Wlan is invalid after MS,3rd Party-BIOS,18,[COMPONENT=3rd Party-BIOS] [ASUS/Gaming][Inventec][ARL-HX][BE200][G614LV]Wake on Wlan is invalid after MS
WIFI-616352,[B2502FBA][ADL][AX211][23.100.0.4 & 23.110.0.5] WIFI will disconnect and show YB in device manager.,3rd Party-BIOS,18,[COMPONENT=3rd Party-BIOS] [B2502FBA][ADL][AX211][23.100.0.4 & 23.110.0.5] WIFI will disconnect and show YB in device manager.
WIFI-672477,[Lenovo][ThinkStation PX][EagleStream][24H2]BSOD(Point to intelppm.sys) during installing BE200 driver.(F/R: 100%),3rd Party-BIOS,18,[COMPONENT=3rd Party-BIOS] [Lenovo][ThinkStation PX][EagleStream][24H2]BSOD(Point to intelppm.sys) during installing BE200 driver.(F/R: 100%)
WIFI-682134,[lenovo_arlhx_aster]BE200 device lost during S4 stress test,3rd Party-BIOS,18,[COMPONENT=3rd Party-BIOS] [lenovo_arlhx_aster]BE200 device lost during S4 stress test
WIFI-856348,[NVL-S platform] BE211 WIFI PLDR feature fail - fail rate 100%,3rd Party-BIOS,18,[COMPONENT=3rd Party-BIOS] [NVL-S platform] BE211 WIFI PLDR feature fail - fail rate 100%
WIFI-95252,[DELL][Wistron][Watchmen] device manager show YB for AX210 WIFI Card on LR ( S4/WB/MS),3rd Party-BIOS,18,[COMPONENT=3rd Party-BIOS] [DELL][Wistron][Watchmen] device manager show YB for AX210 WIFI Card on LR ( S4/WB/MS)
BT-172272,[HP] - SIOxxxxxxx - [Brunobear/Quaker_RPL-HXR] GPIO Setting Review for AX211/BE200 modules,3rd Party- Platform,18,[COMPONENT=3rd Party- Platform] [HP] - SIOxxxxxxx - [Brunobear/Quaker_RPL-HXR] GPIO Setting Review for AX211/BE200 modules
BT-251671,Yellow Bang! on BT(AX211) when Secure Boot is enalbe in BIOS Setup Menu,3rd Party- Platform,18,[COMPONENT=3rd Party- Platform] Yellow Bang! on BT(AX211) when Secure Boot is enalbe in BIOS Setup Menu
BT-26760,[Xiaomi][Huaqin][A18S][Lucienne-U][20H1 Window10??????19041.662][Bluetooth show Yellow Mark after Cold boot/Warmboot or disable/enable the Bluetooth driver],3rd Party- Platform,18,[COMPONENT=3rd Party- Platform] [Xiaomi][Huaqin][A18S][Lucienne-U][20H1 Window10??????19041.662][Bluetooth show Yellow Mark after Cold boot/Warmboot or disable/enable the Bluetooth driver]
BT-28850,"(Copy Of 00589420) [HP] - SIO1939720 [Starcraft ][TGL][HRP2-22560][20H2] ? Unplugged AC adapter, found the sound will obviously lag about 2~4s.",3rd Party- Platform,18,"[COMPONENT=3rd Party- Platform] (Copy Of 00589420) [HP] - SIO1939720 [Starcraft ][TGL][HRP2-22560][20H2] ? Unplugged AC adapter, found the sound will obviously lag about 2~4s."
BT-315438,BSOD 0x9F (ibtpci) encountered during Memory Stress Test on Thames-2 BE with 23.110.0.4 and verifier = ENABLED (5/18 units),3rd Party- Platform,18,[COMPONENT=3rd Party- Platform] BSOD 0x9F (ibtpci) encountered during Memory Stress Test on Thames-2 BE with 23.110.0.4 and verifier = ENABLED (5/18 units)
BT-322806,[ASUS][ARL-HX][G835LW] aging S4 TEST_BT Lost issue,3rd Party- Platform,18,[COMPONENT=3rd Party- Platform] [ASUS][ARL-HX][G835LW] aging S4 TEST_BT Lost issue
BT-373154,[HP][Wistron][26C1_Chiharu_PTL-H12Xe][WhP2][Win11 24H2 Build 26100.4202] Intel(R) Wireless Bluetooth(R) will disappear from Device Manager automatically after idling for a while. (FR:100%),3rd Party- Platform,18,[COMPONENT=3rd Party- Platform] [HP][Wistron][26C1_Chiharu_PTL-H12Xe][WhP2][Win11 24H2 Build 26100.4202] Intel(R) Wireless Bluetooth(R) will disappear from Device Manager automatically after idling for a while. (FR:100%)
BT-37580,[HP/Starmade/TGL-H/HrP/W10]SIO1974692 - [SIT][FIT-COMM][TGL-H][INT]BT show YB in DM after resume from S3 with Airplane mode.(HP2),3rd Party- Platform,18,[COMPONENT=3rd Party- Platform] [HP/Starmade/TGL-H/HrP/W10]SIO1974692 - [SIT][FIT-COMM][TGL-H][INT]BT show YB in DM after resume from S3 with Airplane mode.(HP2)
BT-378725,[HP][3LS]Intel AX211 WLAN became hidden (code 45) in device manager after resume from sleep,3rd Party- Platform,18,[COMPONENT=3rd Party- Platform] [HP][3LS]Intel AX211 WLAN became hidden (code 45) in device manager after resume from sleep
BT-397392,(Copy Of 00978353) [Dell][Huracan/Performanate][PTL] BT shows YB with code 31 due to WiFi Assert 0x2010121e,3rd Party- Platform,18,[COMPONENT=3rd Party- Platform] (Copy Of 00978353) [Dell][Huracan/Performanate][PTL] BT shows YB with code 31 due to WiFi Assert 0x2010121e
BT-402988,[HP][IEC] - SIO2426312 -[CashmereI][PTL][Whp2-BE211]: BSOD 0x133 occurred during running CER Web Browsing.,3rd Party- Platform,18,[COMPONENT=3rd Party- Platform] [HP][IEC] - SIO2426312 -[CashmereI][PTL][Whp2-BE211]: BSOD 0x133 occurred during running CER Web Browsing.
BT-413766,[Lenovo][Kailash][PTL/BE211@1216/320Mhz][25H2]Bluetooth showed bsod 0xfc,3rd Party- Platform,18,[COMPONENT=3rd Party- Platform] [Lenovo][Kailash][PTL/BE211@1216/320Mhz][25H2]Bluetooth showed bsod 0xfc
BT-44505,[HP] - SIO2023381 [Magneta][ADL][GFP2-AX211][Win11 22000.176] ? Bluetooth headset still can hear small volume after muting by F5 button.,3rd Party- Platform,18,[COMPONENT=3rd Party- Platform] [HP] - SIO2023381 [Magneta][ADL][GFP2-AX211][Win11 22000.176] ? Bluetooth headset still can hear small volume after muting by F5 button.
BT-48932,[Lenovo-Ideapad][Compal]S570][ADL-P][Win11] - Intel AX201 BT Device lost on Device Manager. ( F/R: 100%),3rd Party- Platform,18,[COMPONENT=3rd Party- Platform] [Lenovo-Ideapad][Compal]S570][ADL-P][Win11] - Intel AX201 BT Device lost on Device Manager. ( F/R: 100%)
BT-55020,[Dynabook][Win11] BT headset related devices show yellow band in device manager after resuming from hibernation,3rd Party- Platform,18,[COMPONENT=3rd Party- Platform] [Dynabook][Win11] BT headset related devices show yellow band in device manager after resuming from hibernation
BT-63973,"[HONOR][HUAQIN][HiggsF][NB5550B][ADL-P][AX211][WIN11][BT] No sound out put from BT headset ""???????"" and ""Huawei freebuds studio""",3rd Party- Platform,18,"[COMPONENT=3rd Party- Platform] [HONOR][HUAQIN][HiggsF][NB5550B][ADL-P][AX211][WIN11][BT] No sound out put from BT headset ""???????"" and ""Huawei freebuds studio"""
BT-78630,[HP] - Dogfood [Dashiell][ADL][GFP2-AX211][Win11 21H2]BT headset - Jabra Evolve 65 has dia dia dia voice during a phone call,3rd Party- Platform,18,[COMPONENT=3rd Party- Platform] [HP] - Dogfood [Dashiell][ADL][GFP2-AX211][Win11 21H2]BT headset - Jabra Evolve 65 has dia dia dia voice during a phone call
BT-84844,(Copy Of 00691526) [HP] SIO2073810 - M-SIT/VISION/SIR/WIN11: BT Speaker has no sound & Video will lag after resume from S3 with BT Speaker connected,3rd Party- Platform,18,[COMPONENT=3rd Party- Platform] (Copy Of 00691526) [HP] SIO2073810 - M-SIT/VISION/SIR/WIN11: BT Speaker has no sound & Video will lag after resume from S3 with BT Speaker connected
BT-288218,"[HP][Quanta]-[SnowWhite][LNL-MX][QS][Win11 24H2] No sound output from BT headset after disable ""BT audio offload"" in F10 then pair BT headset.(Intel FmP2)",FW- Audio -> Voice,18,"[COMPONENT=FW- Audio -> Voice] [HP][Quanta]-[SnowWhite][LNL-MX][QS][Win11 24H2] No sound output from BT headset after disable ""BT audio offload"" in F10 then pair BT headset.(Intel FmP2)"
BT-28846,"[HP] - SIO1939720 [Starcraft ][TGL][HRP2-22560][20H2] ? Unplugged AC adapter, found the sound will obviously lag about 2~4s.",FW- Audio -> Voice,18,"[COMPONENT=FW- Audio -> Voice] [HP] - SIO1939720 [Starcraft ][TGL][HRP2-22560][20H2] ? Unplugged AC adapter, found the sound will obviously lag about 2~4s."
BT-37632,"[Dell] [Modena TGL] BT devices cannot be scanned at BT ""Add a device"" interface when A2DP music streaming is playing.",FW- Audio -> Voice,18,"[COMPONENT=FW- Audio -> Voice] [Dell] [Modena TGL] BT devices cannot be scanned at BT ""Add a device"" interface when A2DP music streaming is playing."
BT-42169,[HP] - Dogfood [Spyker][TGL][HRP2-AX201][21H1 19043.1110] ? BT headset can't hear voice and mic not workable during a phone call,FW- Audio -> Voice,18,[COMPONENT=FW- Audio -> Voice] [HP] - Dogfood [Spyker][TGL][HRP2-AX201][21H1 19043.1110] ? BT headset can't hear voice and mic not workable during a phone call
BT-44206,[Lenovo-IdeaPad][LCFC][C970 ADL][FVT][Win11]Intel AX211 Bluetooth: BT headset will show auto switch between connect/disconnect when paired,FW- Audio -> Voice,18,[COMPONENT=FW- Audio -> Voice] [Lenovo-IdeaPad][LCFC][C970 ADL][FVT][Win11]Intel AX211 Bluetooth: BT headset will show auto switch between connect/disconnect when paired
BT-44232,[HP] - Dogfood [Dashiell][ADL][GFP4-AX411][Win11 22000.160] ? Sounds lag when play local video,FW- Audio -> Voice,18,[COMPONENT=FW- Audio -> Voice] [HP] - Dogfood [Dashiell][ADL][GFP4-AX411][Win11 22000.160] ? Sounds lag when play local video
BT-44787,[Dell][Fiorano/Tributo/Portofino ADL] The sound of BT headset will be choppy or glitch when playing A2DP music.,FW- Audio -> Voice,18,[COMPONENT=FW- Audio -> Voice] [Dell][Fiorano/Tributo/Portofino ADL] The sound of BT headset will be choppy or glitch when playing A2DP music.
BT-45837,[Dynabook][TGL/AX201/21H2][Audio Offload] The Bluetooth connection between PC and cell phone is not stable when make phone call with Your Phone app on BT audio offload enabled models.,FW- Audio -> Voice,18,[COMPONENT=FW- Audio -> Voice] [Dynabook][TGL/AX201/21H2][Audio Offload] The Bluetooth connection between PC and cell phone is not stable when make phone call with Your Phone app on BT audio offload enabled models.
BT-45879,[Lenovo-IdeaPad][LCFC][C970 ADL][FVT][Win11]Intel AX211 Bluetooth:BT headset show lag with BT audio offload enabled,FW- Audio -> Voice,18,[COMPONENT=FW- Audio -> Voice] [Lenovo-IdeaPad][LCFC][C970 ADL][FVT][Win11]Intel AX211 Bluetooth:BT headset show lag with BT audio offload enabled
BT-46230,[HP] - SIO2035975 [Calhoun][ADL P][GFP2-AX211][Win11 22000.194/258] Can't search any BT devices when adding BT device with BT headphone connected.(Intel Garfield Peak 2),FW- Audio -> Voice,18,[COMPONENT=FW- Audio -> Voice] [HP] - SIO2035975 [Calhoun][ADL P][GFP2-AX211][Win11 22000.194/258] Can't search any BT devices when adding BT device with BT headphone connected.(Intel Garfield Peak 2)
BT-47516,[LG][17G90Q][TGL/AX210/Win11 21H2] Sound is not heard from a specific BT headset on Windows 11,FW- Audio -> Voice,18,[COMPONENT=FW- Audio -> Voice] [LG][17G90Q][TGL/AX210/Win11 21H2] Sound is not heard from a specific BT headset on Windows 11
BT-54013,[C8 Bluetooth] [AX411] BT Audio Device output Left and Right channel is reversed,FW- Audio -> Voice,18,[COMPONENT=FW- Audio -> Voice] [C8 Bluetooth] [AX411] BT Audio Device output Left and Right channel is reversed
BT-54023,[Dynabook][Win11] Audio noise observed when close lid with BT offload enabled,FW- Audio -> Voice,18,[COMPONENT=FW- Audio -> Voice] [Dynabook][Win11] Audio noise observed when close lid with BT offload enabled
BT-54243,[Dynabook][Win11] No sound output from BT headset after DUT resuming from shut down,FW- Audio -> Voice,18,[COMPONENT=FW- Audio -> Voice] [Dynabook][Win11] No sound output from BT headset after DUT resuming from shut down
BT-55022,[LG][16Z90Q][ADL/AX211/Win11 21H2] BT speaker is automatically disconnected during video play,FW- Audio -> Voice,18,[COMPONENT=FW- Audio -> Voice] [LG][16Z90Q][ADL/AX211/Win11 21H2] BT speaker is automatically disconnected during video play
BT-55990,[HP/Wikus/W11/TGL/HrP] SM_Stanley's issue_use airpot pro during zoom call have noise,FW- Audio -> Voice,18,[COMPONENT=FW- Audio -> Voice] [HP/Wikus/W11/TGL/HrP] SM_Stanley's issue_use airpot pro during zoom call have noise
BT-56238,[Dell][Portofino][ADL-P/M] The Left and Right sounds on BT headset which is reverse.,FW- Audio -> Voice,18,[COMPONENT=FW- Audio -> Voice] [Dell][Portofino][ADL-P/M] The Left and Right sounds on BT headset which is reverse.
BT-88660,[DELL Corp. DT AIO RPL CPU][D13 Dakar] BT headset can't play music smoothly while connect multiple Bluetooth devices(FR:100%),FW- Audio -> Voice,18,[COMPONENT=FW- Audio -> Voice] [DELL Corp. DT AIO RPL CPU][D13 Dakar] BT headset can't play music smoothly while connect multiple Bluetooth devices(FR:100%)
BT-142284,[HUAWEI][HUAQIN][MorganG][Intel RPL][Intel AX 211][BT][Win11]The LE bluetooth mouse Huawei CD23 is out of control in video conference.,3rd Party- Remote Device (IOP),17,[COMPONENT=3rd Party- Remote Device (IOP)] [HUAWEI][HUAQIN][MorganG][Intel RPL][Intel AX 211][BT][Win11]The LE bluetooth mouse Huawei CD23 is out of control in video conference.
BT-158324,[HP] [Wistron][23C2 OSKI RPL][GFP2-AX211] [Win11 22H2 Build 10.0.22621.1848] - [SIT][FIT-FUN][INT] The BT microphone of ZOOM Video Conference call have no function after connected sony linkbuds BT LE headset.,3rd Party- Remote Device (IOP),17,[COMPONENT=3rd Party- Remote Device (IOP)] [HP] [Wistron][23C2 OSKI RPL][GFP2-AX211] [Win11 22H2 Build 10.0.22621.1848] - [SIT][FIT-FUN][INT] The BT microphone of ZOOM Video Conference call have no function after connected sony linkbuds BT LE headset.
BT-207990,"[Dell_Compal_KenaiMTL]Bluetooth didnt work after select ""exit""  in BIOS Setup",3rd Party- Remote Device (IOP),17,"[COMPONENT=3rd Party- Remote Device (IOP)] [Dell_Compal_KenaiMTL]Bluetooth didnt work after select ""exit""  in BIOS Setup"
BT-232962,"[Samsung][MTL][GfP2] L/R unsync problem occurs, and recovered after 1~2 min",3rd Party- Remote Device (IOP),17,"[COMPONENT=3rd Party- Remote Device (IOP)] [Samsung][MTL][GfP2] L/R unsync problem occurs, and recovered after 1~2 min"
BT-238915,[HP][Baymax][MTL][GfP2-AX211][Win11 24H2] Cant output sound when volume values are 2 and 6.,3rd Party- Remote Device (IOP),17,[COMPONENT=3rd Party- Remote Device (IOP)] [HP][Baymax][MTL][GfP2-AX211][Win11 24H2] Cant output sound when volume values are 2 and 6.
BT-306589,[Venus5-16 LML][FMP] No sound from Sony XB100 speaker,3rd Party- Remote Device (IOP),17,[COMPONENT=3rd Party- Remote Device (IOP)] [Venus5-16 LML][FMP] No sound from Sony XB100 speaker
BT-320583,"[SAMSUNG][Venus5-14 LNL][FmP2] After connecting, Buds 3 has no sound output, cannot play FLAC file and video on Youtube",3rd Party- Remote Device (IOP),17,"[COMPONENT=3rd Party- Remote Device (IOP)] [SAMSUNG][Venus5-14 LNL][FmP2] After connecting, Buds 3 has no sound output, cannot play FLAC file and video on Youtube"
BT-350029,"[HP] When manually reconnecting the ear buds after turn off/on BT, the sound of the left ear buds becomes quieter",3rd Party- Remote Device (IOP),17,"[COMPONENT=3rd Party- Remote Device (IOP)] [HP] When manually reconnecting the ear buds after turn off/on BT, the sound of the left ear buds becomes quieter"
BT-351968,[Xiaomi][AX203][i5-11320H]Android connect PC by ble failed,3rd Party- Remote Device (IOP),17,[COMPONENT=3rd Party- Remote Device (IOP)] [Xiaomi][AX203][i5-11320H]Android connect PC by ble failed
BT-386313,[Lenovo-ThinkPad_Japan][LunarLake][BE201_PCI][Thames2_Mersey2] Google Pixel Buds Pro 2 LE Audio connection and Initial pairing issue,3rd Party- Remote Device (IOP),17,[COMPONENT=3rd Party- Remote Device (IOP)] [Lenovo-ThinkPad_Japan][LunarLake][BE201_PCI][Thames2_Mersey2] Google Pixel Buds Pro 2 LE Audio connection and Initial pairing issue
BT-428485,[Samsung][Venus4-14][MTL][GfP2] Noise and no sound output after 1-2 hours using BT audio,3rd Party- Remote Device (IOP),17,[COMPONENT=3rd Party- Remote Device (IOP)] [Samsung][Venus4-14][MTL][GfP2] Noise and no sound output after 1-2 hours using BT audio
BT-429355,"[lenovo_lnl_thames2_cons] Funlogy Portable Mini does not output any sound using X1C14, X1C13, X1C12",3rd Party- Remote Device (IOP),17,"[COMPONENT=3rd Party- Remote Device (IOP)] [lenovo_lnl_thames2_cons] Funlogy Portable Mini does not output any sound using X1C14, X1C13, X1C12"
BT-43293,[HP] - SIO2012587 [Anole 1.0][JSL][JFP2-9560][Win11 22000.0] ? Show message? Try connecting your device again ?in setting page when BT2 device connect to host via BT.,3rd Party- Remote Device (IOP),17,[COMPONENT=3rd Party- Remote Device (IOP)] [HP] - SIO2012587 [Anole 1.0][JSL][JFP2-9560][Win11 22000.0] ? Show message? Try connecting your device again ?in setting page when BT2 device connect to host via BT.
BT-467133,"[HP][PAS]When adjusting the volume of the JBL M3 on the PAS sharing page, the audible volume did not change",3rd Party- Remote Device (IOP),17,"[COMPONENT=3rd Party- Remote Device (IOP)] [HP][PAS]When adjusting the volume of the JBL M3 on the PAS sharing page, the audible volume did not change"
BT-467525,[Samsung][GB6-Ultra-16 PTL EXT] Disconnection occurs when connecting with Samsung Soundbar (HW-MS650),3rd Party- Remote Device (IOP),17,[COMPONENT=3rd Party- Remote Device (IOP)] [Samsung][GB6-Ultra-16 PTL EXT] Disconnection occurs when connecting with Samsung Soundbar (HW-MS650)
BT-470311,[HP][Quanta]-[Bantie][WCL][Win11 25H2] No sound output from BT speaker when pair BT speaker with unit.(AX211),3rd Party- Remote Device (IOP),17,[COMPONENT=3rd Party- Remote Device (IOP)] [HP][Quanta]-[Bantie][WCL][Win11 25H2] No sound output from BT speaker when pair BT speaker with unit.(AX211)
BT-476258,[Samsung][GB6-16 PTL][GfP2] PC snatches the connection of Buds4 from Phone,3rd Party- Remote Device (IOP),17,[COMPONENT=3rd Party- Remote Device (IOP)] [Samsung][GB6-16 PTL][GfP2] PC snatches the connection of Buds4 from Phone
BT-114748,[Samsung][Venus2-15][GfP2] HW error occurs when trying to send files via Samsung Quick Share app,FW- Protocol -> ADV,17,[COMPONENT=FW- Protocol -> ADV] [Samsung][Venus2-15][GfP2] HW error occurs when trying to send files via Samsung Quick Share app
BT-183232,"[Lenovo IdeaPad][Inhouse][Y980][RPL][Win11][SS/MAYCI update]  HLK ""Bluetooth - HciExtensionsV2 (Development and Integration)"" test Failed",FW- Protocol -> ADV,17,"[COMPONENT=FW- Protocol -> ADV] [Lenovo IdeaPad][Inhouse][Y980][RPL][Win11][SS/MAYCI update]  HLK ""Bluetooth - HciExtensionsV2 (Development and Integration)"" test Failed"
BT-279651,"[HP][Baymax][MTL][GaP2-BE200][Win11 24H2] The failure symptoms from v23.80 (v23.70 CND, AX211 CND).",FW- Protocol -> ADV,17,"[COMPONENT=FW- Protocol -> ADV] [HP][Baymax][MTL][GaP2-BE200][Win11 24H2] The failure symptoms from v23.80 (v23.70 CND, AX211 CND)."
BT-284034,[Samsung][Venus5-16 LNL][FmP2] Quick Share cannot search nearby devices,FW- Protocol -> ADV,17,[COMPONENT=FW- Protocol -> ADV] [Samsung][Venus5-16 LNL][FmP2] Quick Share cannot search nearby devices
BT-284395,[Venus5-16][FmP2] Unable to search BT mouse after pressing pairing button,FW- Protocol -> ADV,17,[COMPONENT=FW- Protocol -> ADV] [Venus5-16][FmP2] Unable to search BT mouse after pressing pairing button
BT-284403,Disconnect bluetooth mouse&keyboard when leave 5-10 minutes after sleep or shut,FW- Protocol -> ADV,17,[COMPONENT=FW- Protocol -> ADV] Disconnect bluetooth mouse&keyboard when leave 5-10 minutes after sleep or shut
BT-291118,"[Acer][Saxophone_ARU/Tiramisu_LNV][BT:23.80.0.3] If idle over night (over 8hours), DUT cant search BT 4.0/5.0 mouse&KB device.",FW- Protocol -> ADV,17,"[COMPONENT=FW- Protocol -> ADV] [Acer][Saxophone_ARU/Tiramisu_LNV][BT:23.80.0.3] If idle over night (over 8hours), DUT cant search BT 4.0/5.0 mouse&KB device."
BT-292252,[ASUS][ARL] BT keyboard/mouse sometimes will not re-connected.,FW- Protocol -> ADV,17,[COMPONENT=FW- Protocol -> ADV] [ASUS][ARL] BT keyboard/mouse sometimes will not re-connected.
BT-292580,"[HP][Baymax][MTL][GaP2-BE200][Win11 24H2] The system cant be woken after being in the S4/S5 state for more than 15 min (v23.70 CND, AX211 CND).",FW- Protocol -> ADV,17,"[COMPONENT=FW- Protocol -> ADV] [HP][Baymax][MTL][GaP2-BE200][Win11 24H2] The system cant be woken after being in the S4/S5 state for more than 15 min (v23.70 CND, AX211 CND)."
BT-293145,"[Lenovo_IdeaPad][Tianzhu 16][LCFC][SIT][24H2]BT device no function and show ""connect"" after resum from Sx.",FW- Protocol -> ADV,17,"[COMPONENT=FW- Protocol -> ADV] [Lenovo_IdeaPad][Tianzhu 16][LCFC][SIT][24H2]BT device no function and show ""connect"" after resum from Sx."
BT-345671,[Samsung][Titan5 ARL][AX201]Quick Share search nearby devices reduce issue,FW- Protocol -> ADV,17,[COMPONENT=FW- Protocol -> ADV] [Samsung][Titan5 ARL][AX201]Quick Share search nearby devices reduce issue
BT-347532,[Samsung][Mars5-16LNL][FmP2] The first ADV packet was sent with incorrect payload sometimes,FW- Protocol -> ADV,17,[COMPONENT=FW- Protocol -> ADV] [Samsung][Mars5-16LNL][FmP2] The first ADV packet was sent with incorrect payload sometimes
BT-37615,[TyP2][SmartThings] HW Error occures if using Quick Share app while BLE advertising by SmartThings,FW- Protocol -> ADV,17,[COMPONENT=FW- Protocol -> ADV] [TyP2][SmartThings] HW Error occures if using Quick Share app while BLE advertising by SmartThings
BT-37959,[Venus-13][SmartThings][TyP2] Lost address information of connectable adv from non-connectable advertising during ModernStandby,FW- Protocol -> ADV,17,[COMPONENT=FW- Protocol -> ADV] [Venus-13][SmartThings][TyP2] Lost address information of connectable adv from non-connectable advertising during ModernStandby
BT-38402,[Mars-13][TyP2][QuickShare] PC did not receive Scan response packet from mobile phone,FW- Protocol -> ADV,17,[COMPONENT=FW- Protocol -> ADV] [Mars-13][TyP2][QuickShare] PC did not receive Scan response packet from mobile phone
BT-393965,[ASUS][UX8407AA][BE201] The unit failed to enter modern standby when put to sleep mode after detaching BT keyboard. (no BT keyboard is paired with the device),FW- Protocol -> ADV,17,[COMPONENT=FW- Protocol -> ADV] [ASUS][UX8407AA][BE201] The unit failed to enter modern standby when put to sleep mode after detaching BT keyboard. (no BT keyboard is paired with the device)
BT-46763,"[Huawei][Quanta][H9A][WrightD_Intel][AX201][20H2][BT][805175106] The Bluetooth speaker normally sends a connection broadcast, and the packet is sent at an interval of 20ms, and the PC side does not receive the broadcast for up to 22s.",FW- Protocol -> ADV,17,"[COMPONENT=FW- Protocol -> ADV] [Huawei][Quanta][H9A][WrightD_Intel][AX201][20H2][BT][805175106] The Bluetooth speaker normally sends a connection broadcast, and the packet is sent at an interval of 20ms, and the PC side does not receive the broadcast for up to 22s."
WIFI-104028,[HUAWEI][HUAQIN][AMD Lucienne-U][Intel AX200][20H2]PIE port call fail,PIE,17,[COMPONENT=PIE] [HUAWEI][HUAQIN][AMD Lucienne-U][Intel AX200][20H2]PIE port call fail
WIFI-122367,PIEServiceNew is stopped after WiFi driver installation,PIE,17,[COMPONENT=PIE] PIEServiceNew is stopped after WiFi driver installation
WIFI-127326,[Huawei][Quanta][H93T][EulerD][AX201][20H2][WIFI][BUG-20210425-23877]PIE lost after run 'web online multimedia with sleep and S4' by HUA STEP tool.,PIE,17,[COMPONENT=PIE] [Huawei][Quanta][H93T][EulerD][AX201][20H2][WIFI][BUG-20210425-23877]PIE lost after run 'web online multimedia with sleep and S4' by HUA STEP tool.
WIFI-147603,[ASUS][UX562UG/UN5401QA][AMD Lucienne][AX200][22.50.0.7]Win11 HLK test failed,PIE,17,[COMPONENT=PIE] [ASUS][UX562UG/UN5401QA][AMD Lucienne][AX200][22.50.0.7]Win11 HLK test failed
WIFI-212330,[Huawei][Quanta][H99V][NobelE_Intel][AX201][21H1][WIFI][805453326] NobelE fails to call the PIE interface and gets the country code as 0,PIE,17,[COMPONENT=PIE] [Huawei][Quanta][H99V][NobelE_Intel][AX201][21H1][WIFI][805453326] NobelE fails to call the PIE interface and gets the country code as 0
WIFI-221587,[HUAWEI][HUAQIN][MorganF][Intel ADL][Intel AX 211][WIFI][Win11]GetSupportedChannels does not return a value.,PIE,17,[COMPONENT=PIE] [HUAWEI][HUAQIN][MorganF][Intel ADL][Intel AX 211][WIFI][Win11]GetSupportedChannels does not return a value.
WIFI-251126,"[Huawei][Quanta][H9U][CurieF][AX211][21H2][WLAN][805724107_805754729_805765013] The DLL of PIE is loaded successfully, but some interfaces of PIE are called and return errors",PIE,17,"[COMPONENT=PIE] [Huawei][Quanta][H9U][CurieF][AX211][21H2][WLAN][805724107_805754729_805765013] The DLL of PIE is loaded successfully, but some interfaces of PIE are called and return errors"
WIFI-251564,"[Huawei][Quanta][H9U][CurieF][AX211][21H2][WLAN][805727007_805754740_805800819 ] After CurieF loads the PIE DLL, calling WifiGetAdapterList cannot return the adapter correctly, resulting in the inability to call the PIE interface to set the preferred 5G",PIE,17,"[COMPONENT=PIE] [Huawei][Quanta][H9U][CurieF][AX211][21H2][WLAN][805727007_805754740_805800819 ] After CurieF loads the PIE DLL, calling WifiGetAdapterList cannot return the adapter correctly, resulting in the inability to call the PIE interface to set the preferred 5G"
WIFI-252455,"[Huawei][Quanta][H99E][NobelF][AX201][21H2][WLAN] [AX201][805737181 ]After the WiFi driver is upgraded to version 160, there are more than 900 unknown threads in the message center, which are always blocked, and this problem occurs only after the driver i",PIE,17,"[COMPONENT=PIE] [Huawei][Quanta][H99E][NobelF][AX201][21H2][WLAN] [AX201][805737181 ]After the WiFi driver is upgraded to version 160, there are more than 900 unknown threads in the message center, which are always blocked, and this problem occurs only after the driver i"
WIFI-265699,"[Huawei][Quanta][H9U][CurieF][AX211][21H2][WLAN][00738669] The DLL of PIE is loaded successfully, but some interfaces of PIE are called and return errors",PIE,17,"[COMPONENT=PIE] [Huawei][Quanta][H9U][CurieF][AX211][21H2][WLAN][00738669] The DLL of PIE is loaded successfully, but some interfaces of PIE are called and return errors"
WIFI-270139,[Lenovo-IdeaPad][ADL][SV2][Yogabook9][win11][RPL][GfP]can not get Powertable from HID,PIE,17,[COMPONENT=PIE] [Lenovo-IdeaPad][ADL][SV2][Yogabook9][win11][RPL][GfP]can not get Powertable from HID
WIFI-329546,"[HUAWEI][HUAQIN][MorganG][Intel RPL][Intel AX 211][WIFI][Win11]The call to the IntelIHVPipeClient interface failed, causing the computer cloning function to fail.",PIE,17,"[COMPONENT=PIE] [HUAWEI][HUAQIN][MorganG][Intel RPL][Intel AX 211][WIFI][Win11]The call to the IntelIHVPipeClient interface failed, causing the computer cloning function to fail."
WIFI-331334,"[Huawei][Quanta][H9RR][RolleG][AX201][22H2][WLAN]Open PC migration and create hotspot, when close PC migration, PC migration process will not auto close in task manager.",PIE,17,"[COMPONENT=PIE] [Huawei][Quanta][H9RR][RolleG][AX201][22H2][WLAN]Open PC migration and create hotspot, when close PC migration, PC migration process will not auto close in task manager."
WIFI-530844,"[Lenovo_IdeaPad][Elbrus Mount-YGBook9i][LCFC][FVT][24H2][BE201]Stress_FB_The units show lost device(Intel PROSet/Wireless WiFi Software extension) when run FB stress test.(F/R:6/33units,6/4841cycles)",PIE,17,"[COMPONENT=PIE] [Lenovo_IdeaPad][Elbrus Mount-YGBook9i][LCFC][FVT][24H2][BE201]Stress_FB_The units show lost device(Intel PROSet/Wireless WiFi Software extension) when run FB stress test.(F/R:6/33units,6/4841cycles)"
WIFI-538448,[Xiaomi][AX203][i5-11320H]Intel PIE Proset service can not recover after wlan AutoConfig is klled and restart,PIE,17,[COMPONENT=PIE] [Xiaomi][AX203][i5-11320H]Intel PIE Proset service can not recover after wlan AutoConfig is klled and restart
WIFI-718655,[Honor][LuxsharePC][ZhuqueC][EVT][24H2 ]WLAN driver signature expired,PIE,17,[COMPONENT=PIE] [Honor][LuxsharePC][ZhuqueC][EVT][24H2 ]WLAN driver signature expired
WIFI-795975,"[Honor][ZhuQue][PTL][AX211 1216@160M][High probability]During Coldboot loop testing, Intel_PIE_SDK_Common.dll created over 100,000 threads, causing the system to freeze",PIE,17,"[COMPONENT=PIE] [Honor][ZhuQue][PTL][AX211 1216@160M][High probability]During Coldboot loop testing, Intel_PIE_SDK_Common.dll created over 100,000 threads, causing the system to freeze"
WIFI-111112,[Huawei][Quanta][BohrD][TGL-U][AX201][20H1][WiFi][804819269] Suddenly cannot search wifi AP.,Product->Platform Board Design,17,[COMPONENT=Product->Platform Board Design] [Huawei][Quanta][BohrD][TGL-U][AX201][20H1][WiFi][804819269] Suddenly cannot search wifi AP.
WIFI-134073,[Realme][HUAQIN][Intel TGL][Intel ax201/intel 9560][21H1]WiFi driver appears yellow Bang (code 10) or (code 43) in DUT  vibration test(FR:20%).,Product->Platform Board Design,17,[COMPONENT=Product->Platform Board Design] [Realme][HUAQIN][Intel TGL][Intel ax201/intel 9560][21H1]WiFi driver appears yellow Bang (code 10) or (code 43) in DUT  vibration test(FR:20%).
WIFI-139296,[Dell/Compal][ADLP] AX211 WLAN show YB and cannot recovery via reboot or any method.,Product->Platform Board Design,17,[COMPONENT=Product->Platform Board Design] [Dell/Compal][ADLP] AX211 WLAN show YB and cannot recovery via reboot or any method.
WIFI-139566,[ASUS PCBU][TGL-R][UX482EAR][AX210 22.50.0.7][PR stage] WLAN yellow bang while S4 aging,Product->Platform Board Design,17,[COMPONENT=Product->Platform Board Design] [ASUS PCBU][TGL-R][UX482EAR][AX210 22.50.0.7][PR stage] WLAN yellow bang while S4 aging
WIFI-157122,[HP/SIO2016606/Win11/JSL/HrP2/Mavis] Network controller show yellow bang(code 10) in DM when idle/restart.,Product->Platform Board Design,17,[COMPONENT=Product->Platform Board Design] [HP/SIO2016606/Win11/JSL/HrP2/Mavis] Network controller show yellow bang(code 10) in DM when idle/restart.
WIFI-158189,[Lenovo-IdeaPad][LCFC][S170IJL][SOVP][Win11]Intel 9560 Wireless connection will show Yellow Bang during stress test(S3/S4/WB/CB),Product->Platform Board Design,17,[COMPONENT=Product->Platform Board Design] [Lenovo-IdeaPad][LCFC][S170IJL][SOVP][Win11]Intel 9560 Wireless connection will show Yellow Bang during stress test(S3/S4/WB/CB)
WIFI-159948,[Samsung][Mars2-13] Killer(R)WWIFI 6E AX1675S driver has yellow bang in device manager,Product->Platform Board Design,17,[COMPONENT=Product->Platform Board Design] [Samsung][Mars2-13] Killer(R)WWIFI 6E AX1675S driver has yellow bang in device manager
WIFI-165440,[Lenovo-Ideapad][Compal]S570][ADL-P][Win11]- Intel 9560 Wlan Device show yellow bang on Device Manager. ( F/R: 100%),Product->Platform Board Design,17,[COMPONENT=Product->Platform Board Design] [Lenovo-Ideapad][Compal]S570][ADL-P][Win11]- Intel 9560 Wlan Device show yellow bang on Device Manager. ( F/R: 100%)
WIFI-175206,"[Huawei][Quanta][H9H][HookeD][AX201][20H2][WIFI][805247699]HookeD show Yellow ban on 22.50 , after upgrade to 22.80.1.1 still can repro and when go to internet show error code 43",Product->Platform Board Design,17,"[COMPONENT=Product->Platform Board Design] [Huawei][Quanta][H9H][HookeD][AX201][20H2][WIFI][805247699]HookeD show Yellow ban on 22.50 , after upgrade to 22.80.1.1 still can repro and when go to internet show error code 43"
WIFI-182154,[SamSung][GfP2][Mar 2 13ADL] YB(Yellow Bang) WLAN Issue PV2 Stage,Product->Platform Board Design,17,[COMPONENT=Product->Platform Board Design] [SamSung][GfP2][Mar 2 13ADL] YB(Yellow Bang) WLAN Issue PV2 Stage
WIFI-187378,"[Huawei][Quanta][H98V][BohrE_Intel][AX201][21H2][WLAN][805336081] The DUT(BohrE) WLAN show Yellow ban , restart can repro with high F/R",Product->Platform Board Design,17,"[COMPONENT=Product->Platform Board Design] [Huawei][Quanta][H98V][BohrE_Intel][AX201][21H2][WLAN][805336081] The DUT(BohrE) WLAN show Yellow ban , restart can repro with high F/R"
WIFI-196593,[Lenovo AIO][RF][ThinkCentre neo 30a 22 Gen 3 (HOY11)][ADL-P i5-1240P MM#: 99AP3X][Intel 9560NGW R MM#: 959531][Win10 19044.1415][1 out of 4 units] Running the ?Jperf-2.0.2? failed in 5G AC Wi-Fi.,Product->Platform Board Design,17,[COMPONENT=Product->Platform Board Design] [Lenovo AIO][RF][ThinkCentre neo 30a 22 Gen 3 (HOY11)][ADL-P i5-1240P MM#: 99AP3X][Intel 9560NGW R MM#: 959531][Win10 19044.1415][1 out of 4 units] Running the ?Jperf-2.0.2? failed in 5G AC Wi-Fi.
WIFI-291872,[HP][Quanta]-[Herbie][MTL][DIS][AX211][Win11 22H2]WLAN lost and show YB in DM after idle about 10 mins.(SIO2173358),Product->Platform Board Design,17,[COMPONENT=Product->Platform Board Design] [HP][Quanta]-[Herbie][MTL][DIS][AX211][Win11 22H2]WLAN lost and show YB in DM after idle about 10 mins.(SIO2173358)
WIFI-470369,"[Lenovo_IdeaPad][Wenchang][LCFC][LNL][24H2][BE201]5055-FW_HW_ERROR & 5002-FW_ASSERT and BT show YB when do S4 Stress test, FR: 2/3 Units, 100cycles/unit",Product->Platform Board Design,17,"[COMPONENT=Product->Platform Board Design] [Lenovo_IdeaPad][Wenchang][LCFC][LNL][24H2][BE201]5055-FW_HW_ERROR & 5002-FW_ASSERT and BT show YB when do S4 Stress test, FR: 2/3 Units, 100cycles/unit"
WIFI-97389,"After Modern Standby completed the first 3 tests, the 4th test could not be resumed, and NB was always at a black screen.",Product->Platform Board Design,17,"[COMPONENT=Product->Platform Board Design] After Modern Standby completed the first 3 tests, the 4th test could not be resumed, and NB was always at a black screen."
WIFI-97983,[TMX314] WiFi lost issue during boot up,Product->Platform Board Design,17,[COMPONENT=Product->Platform Board Design] [TMX314] WiFi lost issue during boot up
WIFI-98860,[ASUS in house][PN41][JSL][AX201]change Active Processor Cores cause AX201 WiFi??????? Always (100%),Product->Platform Board Design,17,[COMPONENT=Product->Platform Board Design] [ASUS in house][PN41][JSL][AX201]change Active Processor Cores cause AX201 WiFi??????? Always (100%)
BT-101506,[HP] [Wistron] [RPL plugfest] [Win11 22H2 Build 10.0.22622.598] - The volume becomes loudest when toggle the Sound Playback to Recording page with BT headset connected.,3rd Party- Platform - Audio,16,[COMPONENT=3rd Party- Platform - Audio] [HP] [Wistron] [RPL plugfest] [Win11 22H2 Build 10.0.22622.598] - The volume becomes loudest when toggle the Sound Playback to Recording page with BT headset connected.
BT-101507,[HP][Quanta][NB]WS case 10[Roc][RPL-P][GFP2-AX211][W11v22621] there is no Music sound come out after resume from s4 with AirPods,3rd Party- Platform - Audio,16,[COMPONENT=3rd Party- Platform - Audio] [HP][Quanta][NB]WS case 10[Roc][RPL-P][GFP2-AX211][W11v22621] there is no Music sound come out after resume from s4 with AirPods
BT-102427,[HUAWEI][Wingtech][DiracR][Yutu][ADL-M][AX201[BT][22H2]No output from Airpods headset after waking up from hibernate,3rd Party- Platform - Audio,16,[COMPONENT=3rd Party- Platform - Audio] [HUAWEI][Wingtech][DiracR][Yutu][ADL-M][AX201[BT][22H2]No output from Airpods headset after waking up from hibernate
BT-107512,[Huaqin][Acer][Picotin_ADN][NB6303A]Units occur BSOD when power on in AC mode .(Stop code:DRIVER POWER STATE FAILURE-0x9f).(F/R:15/15 UUTs),3rd Party- Platform - Audio,16,[COMPONENT=3rd Party- Platform - Audio] [Huaqin][Acer][Picotin_ADN][NB6303A]Units occur BSOD when power on in AC mode .(Stop code:DRIVER POWER STATE FAILURE-0x9f).(F/R:15/15 UUTs)
BT-135645,[Dell][Oasis][RPL-P] WL5022 headset BT audio no sound after idle for 30 mins,3rd Party- Platform - Audio,16,[COMPONENT=3rd Party- Platform - Audio] [Dell][Oasis][RPL-P] WL5022 headset BT audio no sound after idle for 30 mins
BT-228466,"[HP][ErnestoX][MTL][GfP2-AX211][Win11 23H2] mixer microphone ""mute state"" is not syncd to the device",3rd Party- Platform - Audio,16,"[COMPONENT=3rd Party- Platform - Audio] [HP][ErnestoX][MTL][GfP2-AX211][Win11 23H2] mixer microphone ""mute state"" is not syncd to the device"
BT-234452,[HP][Baymax][MTL][GfP2-AX211][Win11 23H2/24H2] The Poly headset shows two the sa,3rd Party- Platform - Audio,16,[COMPONENT=3rd Party- Platform - Audio] [HP][Baymax][MTL][GfP2-AX211][Win11 23H2/24H2] The Poly headset shows two the sa
BT-257885,[HP][Quanta]-[Regis][LNL-MX][QS][Win11 24H2] Video lag with nosie when switch playback/recording from sound UI after pair BT LE headset.(Intel FmP2),3rd Party- Platform - Audio,16,[COMPONENT=3rd Party- Platform - Audio] [HP][Quanta]-[Regis][LNL-MX][QS][Win11 24H2] Video lag with nosie when switch playback/recording from sound UI after pair BT LE headset.(Intel FmP2)
BT-272964,[HP][Quanta]-[Regis][LNL-MX][QS][Win11 24H2] Noise is heard from Jabras headset when other people speak during Teams call.(Intel FmP2),3rd Party- Platform - Audio,16,[COMPONENT=3rd Party- Platform - Audio] [HP][Quanta]-[Regis][LNL-MX][QS][Win11 24H2] Noise is heard from Jabras headset when other people speak during Teams call.(Intel FmP2)
BT-389629,[Lenovo][Kailash][PTL/BE211][25H2]Bluetooth connect too low,3rd Party- Platform - Audio,16,[COMPONENT=3rd Party- Platform - Audio] [Lenovo][Kailash][PTL/BE211][25H2]Bluetooth connect too low
BT-405968,"[Matterhorn2_LNL][Mobile][GMC1][Win11 25H2] The""2 channel, 16bit, 32000Hz"" cannot display completely  in the settings->Sound->Properties.(FR:2/2units,4/4 trials)",3rd Party- Platform - Audio,16,"[COMPONENT=3rd Party- Platform - Audio] [Matterhorn2_LNL][Mobile][GMC1][Win11 25H2] The""2 channel, 16bit, 32000Hz"" cannot display completely  in the settings->Sound->Properties.(FR:2/2units,4/4 trials)"
BT-432721,[Venus5-14LNL][FmP2] Bluetooth headset is No Output Sound After S4/resume,3rd Party- Platform - Audio,16,[COMPONENT=3rd Party- Platform - Audio] [Venus5-14LNL][FmP2] Bluetooth headset is No Output Sound After S4/resume
BT-432723,[Venus5-14LNL][FmP2] Bluetooth headset has No Output Sound After PC Bluetooth Toggle (OFF/ON),3rd Party- Platform - Audio,16,[COMPONENT=3rd Party- Platform - Audio] [Venus5-14LNL][FmP2] Bluetooth headset has No Output Sound After PC Bluetooth Toggle (OFF/ON)
BT-433571,[HP][Snowball24C2_WildheartOC][BE200][ARL-S]  BT SMONO on ARL S did not enable successfully.,3rd Party- Platform - Audio,16,[COMPONENT=3rd Party- Platform - Audio] [HP][Snowball24C2_WildheartOC][BE200][ARL-S]  BT SMONO on ARL S did not enable successfully.
BT-463884,[WIKO][Longcheer][MarseilleJ][Win11][Intel-PTL][AX211][BT]It occured 0x7E/0xD1 BSOD when delete bluetooth devices in settings.,3rd Party- Platform - Audio,16,[COMPONENT=3rd Party- Platform - Audio] [WIKO][Longcheer][MarseilleJ][Win11][Intel-PTL][AX211][BT]It occured 0x7E/0xD1 BSOD when delete bluetooth devices in settings.
BT-54207,[LG][16Z90Q][ADL/AX211/Win11 21H2] Bluetooth Off takes 25 seconds if BT Audio Offload is enabled,3rd Party- Platform - Audio,16,[COMPONENT=3rd Party- Platform - Audio] [LG][16Z90Q][ADL/AX211/Win11 21H2] Bluetooth Off takes 25 seconds if BT Audio Offload is enabled
WIFI-104345,"[Huawei][Quanta][BohrM][Lucienne][AX200][20H2][WiFi][BUG-20201203-15317] PC connects mobile phone to create Multi-screen Collaboration, find the soft AP channel is 2.4G(assert 0xe904).",3rd Party–Specific customer environment setting,16,"[COMPONENT=3rd Party–Specific customer environment setting] [Huawei][Quanta][BohrM][Lucienne][AX200][20H2][WiFi][BUG-20201203-15317] PC connects mobile phone to create Multi-screen Collaboration, find the soft AP channel is 2.4G(assert 0xe904)."
WIFI-106580,[Huawei][Wingtech][CurieM][AMD Cezanne][AX200][20H2]The wireless will disconnect from   AP during online video playing overnight.,3rd Party–Specific customer environment setting,16,[COMPONENT=3rd Party–Specific customer environment setting] [Huawei][Wingtech][CurieM][AMD Cezanne][AX200][20H2]The wireless will disconnect from   AP during online video playing overnight.
WIFI-108508,[Huawei][Quanta][H81][CezanneM][AX200][20H2][WiFi][BUG-20210308-19333] DUT can search but not connect to 802.11ac+40Mhz+165 channel hotspot.,3rd Party–Specific customer environment setting,16,[COMPONENT=3rd Party–Specific customer environment setting] [Huawei][Quanta][H81][CezanneM][AX200][20H2][WiFi][BUG-20210308-19333] DUT can search but not connect to 802.11ac+40Mhz+165 channel hotspot.
WIFI-114858,[HUAWEI][HUAQIN][MachD Intel TGL][Intel AX201][20H2] Can't  Projecting PC to big screen via miracast.,3rd Party–Specific customer environment setting,16,[COMPONENT=3rd Party–Specific customer environment setting] [HUAWEI][HUAQIN][MachD Intel TGL][Intel AX201][20H2] Can't  Projecting PC to big screen via miracast.
WIFI-115891,[HUAWEI][HUAQIN][KelvinM][[AMD Lucienne-U]][Intel AX200][20H2] System does not sync screen via miracast from PC to PAD.,3rd Party–Specific customer environment setting,16,[COMPONENT=3rd Party–Specific customer environment setting] [HUAWEI][HUAQIN][KelvinM][[AMD Lucienne-U]][Intel AX200][20H2] System does not sync screen via miracast from PC to PAD.
WIFI-116366,[ASUS Pegatron RF][Tiger Lake][UP5401][AX201] BIOS SAR table not correct,3rd Party–Specific customer environment setting,16,[COMPONENT=3rd Party–Specific customer environment setting] [ASUS Pegatron RF][Tiger Lake][UP5401][AX201] BIOS SAR table not correct
WIFI-117971,WLAN device show YB when we perform RnR testing,3rd Party–Specific customer environment setting,16,[COMPONENT=3rd Party–Specific customer environment setting] WLAN device show YB when we perform RnR testing
WIFI-134087,[LG][15U70P][TGL/AX201/21H2] Miracast connection over infrastructure fails,3rd Party–Specific customer environment setting,16,[COMPONENT=3rd Party–Specific customer environment setting] [LG][15U70P][TGL/AX201/21H2] Miracast connection over infrastructure fails
WIFI-138693,WiFi TX power higher than SAR table limit in user mode,3rd Party–Specific customer environment setting,16,[COMPONENT=3rd Party–Specific customer environment setting] WiFi TX power higher than SAR table limit in user mode
WIFI-147024,[Honor][HiggsE][TGL][AX201?[21H1]] softAP is abnormally actively disconnected,3rd Party–Specific customer environment setting,16,[COMPONENT=3rd Party–Specific customer environment setting] [Honor][HiggsE][TGL][AX201?[21H1]] softAP is abnormally actively disconnected
WIFI-178919,"[Honor][huaqin][HiggsE][TGL][AX201][21H1]] gc send auth req, softap don't answer",3rd Party–Specific customer environment setting,16,"[COMPONENT=3rd Party–Specific customer environment setting] [Honor][huaqin][HiggsE][TGL][AX201][21H1]] gc send auth req, softap don't answer"
WIFI-231463,[MSFT/Pegatron][BirchBay] 2.4GHz band Adaptivity failure on AX211D2W,3rd Party–Specific customer environment setting,16,[COMPONENT=3rd Party–Specific customer environment setting] [MSFT/Pegatron][BirchBay] 2.4GHz band Adaptivity failure on AX211D2W
WIFI-350535,[Samsung] [Venus 4-14 MTL] [NST] Wlan Yellow Bang Issue when on/off wifi icon.,3rd Party–Specific customer environment setting,16,[COMPONENT=3rd Party–Specific customer environment setting] [Samsung] [Venus 4-14 MTL] [NST] Wlan Yellow Bang Issue when on/off wifi icon.
WIFI-95419,[HUAWEI][HUAQIN][MACHD][Intel TGL][Intel AX201[20H1][WIFI]unable to create GO on 5G bandwidth low frequency channels,3rd Party–Specific customer environment setting,16,[COMPONENT=3rd Party–Specific customer environment setting] [HUAWEI][HUAQIN][MACHD][Intel TGL][Intel AX201[20H1][WIFI]unable to create GO on 5G bandwidth low frequency channels
WIFI-95671,[HUAWEI][HUAQIN][AMD Lucienne-U][Intel AX200][20H2][WIFI]other PC connect hotspot occur auto disconnect after PC connect 5G AP and open hotspot(setting 2.4 bandwidth),3rd Party–Specific customer environment setting,16,[COMPONENT=3rd Party–Specific customer environment setting] [HUAWEI][HUAQIN][AMD Lucienne-U][Intel AX200][20H2][WIFI]other PC connect hotspot occur auto disconnect after PC connect 5G AP and open hotspot(setting 2.4 bandwidth)
WIFI-97124,[Lenovo ThinkPad JP][LCFC][Raptor2Blackbird2][TGL-H][TyP2 2230][20H2]AX210 WiFi YB (Code 43) happen when Restart long run stress test of Mike2 tool.(FR:24/37 clcyles),3rd Party–Specific customer environment setting,16,[COMPONENT=3rd Party–Specific customer environment setting] [Lenovo ThinkPad JP][LCFC][Raptor2Blackbird2][TGL-H][TyP2 2230][20H2]AX210 WiFi YB (Code 43) happen when Restart long run stress test of Mike2 tool.(FR:24/37 clcyles)
BT-101371,[Honor][huaqin][HiggsF][TGL][AX211][21H2][100%] Bluetooth driver firmware crash.,FW- PHY,15,[COMPONENT=FW- PHY] [Honor][huaqin][HiggsF][TGL][AX211][21H2][100%] Bluetooth driver firmware crash.
BT-166693,[MIUI+][AX201] bluetooth driver crash,FW- PHY,15,[COMPONENT=FW- PHY] [MIUI+][AX201] bluetooth driver crash
BT-255745,[HUAWEI][HUAQIN][FlemingH][Intel MTL][Intel AX201][BT][Win11]It occured BT driver YB when in idle status.,FW- PHY,15,[COMPONENT=FW- PHY] [HUAWEI][HUAQIN][FlemingH][Intel MTL][Intel AX201][BT][Win11]It occured BT driver YB when in idle status.
BT-266896,[HP][Dojo_ARL-Hx][GaP2] Feel the cursor lag when using Hibiki 4K BT mouse.,FW- PHY,15,[COMPONENT=FW- PHY] [HP][Dojo_ARL-Hx][GaP2] Feel the cursor lag when using Hibiki 4K BT mouse.
BT-297374,"[Lenovo_IdeaPad][Wenchang][LCFC][LNL][SIT][24H2][BE201] BT Lost when idle after normal use.(F/R: 2/2units, 2/4cycles)",FW- PHY,15,"[COMPONENT=FW- PHY] [Lenovo_IdeaPad][Wenchang][LCFC][LNL][SIT][24H2][BE201] BT Lost when idle after normal use.(F/R: 2/2units, 2/4cycles)"
BT-303389,[Lenovo][Aladdin][LNL SIT][BE201][Win11] BT PAN ping overnight fail,FW- PHY,15,[COMPONENT=FW- PHY] [Lenovo][Aladdin][LNL SIT][BE201][Win11] BT PAN ping overnight fail
BT-304026,[Lenovo][HQ][LNL][C710]BT will lost during player music with Galaxy Buds2 Pro BTLE headset(F/R: 4/4 UUTs; 40/40 Cycles),FW- PHY,15,[COMPONENT=FW- PHY] [Lenovo][HQ][LNL][C710]BT will lost during player music with Galaxy Buds2 Pro BTLE headset(F/R: 4/4 UUTs; 40/40 Cycles)
BT-319591,[Samsung][Titan5 ARL][HrP2] Mobile hotspot->Share over Select BT occurred BT YB,FW- PHY,15,[COMPONENT=FW- PHY] [Samsung][Titan5 ARL][HrP2] Mobile hotspot->Share over Select BT occurred BT YB
BT-320590,[Acer][ARL-H][Crayfish_ARH]BT automatically disconnects when transferring 100M data file via BT with AX211 / Killer1675i card. FR: 8/10 cycle,FW- PHY,15,[COMPONENT=FW- PHY] [Acer][ARL-H][Crayfish_ARH]BT automatically disconnects when transferring 100M data file via BT with AX211 / Killer1675i card. FR: 8/10 cycle
BT-322413,[Honor][Huaqin][DarwinB][ARL][AX211][BT]FW crash cause the BT mouse disconnect,FW- PHY,15,[COMPONENT=FW- PHY] [Honor][Huaqin][DarwinB][ARL][AX211][BT]FW crash cause the BT mouse disconnect
BT-334467,"[HP][Quanta]-[Hanna][ARL/RPL-H][Win11 24H2] It shows ""Bluetooth file transfer not completed"" when BT transfer file.(Intel AX211)",FW- PHY,15,"[COMPONENT=FW- PHY] [HP][Quanta]-[Hanna][ARL/RPL-H][Win11 24H2] It shows ""Bluetooth file transfer not completed"" when BT transfer file.(Intel AX211)"
BT-338701,"[AISTONE][ARL-H][AX211]During the Bluetooth transfer process, Bluetooth automatically disconnects and then reconnects, but after a while, it disconnects again",FW- PHY,15,"[COMPONENT=FW- PHY] [AISTONE][ARL-H][AX211]During the Bluetooth transfer process, Bluetooth automatically disconnects and then reconnects, but after a while, it disconnects again"
BT-338754,[Lenovo_IdeaPad][LCFC][ARL_H][S5x0-16pro_BE][24H2][AX203]Unit shows error message when transfer file from/to the added BT PC.(F/R:4/4unit,FW- PHY,15,[COMPONENT=FW- PHY] [Lenovo_IdeaPad][LCFC][ARL_H][S5x0-16pro_BE][24H2][AX203]Unit shows error message when transfer file from/to the added BT PC.(F/R:4/4unit
BT-343021,[GB6-14][PTL][GfP2] Cannot send files via Bluetooth,FW- PHY,15,[COMPONENT=FW- PHY] [GB6-14][PTL][GfP2] Cannot send files via Bluetooth
BT-39990,[Lenovo ThinkPad JP][CML][AX201] Bluetooth Audio Noise (like ?Bubble Sound?) Issue in VoiP Call (Lenovo SoundBar),FW- PHY,15,[COMPONENT=FW- PHY] [Lenovo ThinkPad JP][CML][AX201] Bluetooth Audio Noise (like ?Bubble Sound?) Issue in VoiP Call (Lenovo SoundBar)
CIE-1021,[HP/Win10/ADL/GfP2/Thanos] ICPS Mode Selector without Gaming,User Interface,15,[COMPONENT=User Interface] [HP/Win10/ADL/GfP2/Thanos] ICPS Mode Selector without Gaming
CIE-1597,"[Huawei][Quanta][H9HD][HookF][AX211][21H2][ICPS][ICPS_011] ICPS is connected to a 2.4G open hotspot, OS, ICPS-My Network shows that the connection is successful, but the ICPS UI shows that the connection fails",User Interface,15,"[COMPONENT=User Interface] [Huawei][Quanta][H9HD][HookF][AX211][21H2][ICPS][ICPS_011] ICPS is connected to a 2.4G open hotspot, OS, ICPS-My Network shows that the connection is successful, but the ICPS UI shows that the connection fails"
CIE-1926,[Huawei][Quanta][H9HD][HookF][AX211][21H2][ICPS][ICPS_010] ICPS network advice is unstable,User Interface,15,[COMPONENT=User Interface] [Huawei][Quanta][H9HD][HookF][AX211][21H2][ICPS][ICPS_010] ICPS network advice is unstable
CIE-1941,[Huawei][Quanta][H9HD][HookF][AX211][21H2][ICPS][ICPS_010] ICPS network advice is unstable,User Interface,15,[COMPONENT=User Interface] [Huawei][Quanta][H9HD][HookF][AX211][21H2][ICPS][ICPS_010] ICPS network advice is unstable
CIE-1961,"[Huawei][Quanta][H9HD][HookF][AX211][21H2][ICPS][ICPS_013] Disconnecting the network through the OS, the ICPS connection speed is inconsistent with the test speed UI update status",User Interface,15,"[COMPONENT=User Interface] [Huawei][Quanta][H9HD][HookF][AX211][21H2][ICPS][ICPS_013] Disconnecting the network through the OS, the ICPS connection speed is inconsistent with the test speed UI update status"
CIE-3213,[HP/SIO2183328/Win11/RPL/GfP2/Medusa] The recommendation shows incorrect when connect to a WI-FI Access Point without Internet.,User Interface,15,[COMPONENT=User Interface] [HP/SIO2183328/Win11/RPL/GfP2/Medusa] The recommendation shows incorrect when connect to a WI-FI Access Point without Internet.
CIE-3234,"[HP/SIO2183580/Win10/Win11/RPL/GfP2/Kraken] Cannot find ""Advanced Connection Manager"" when connected WWAN and LAN.",User Interface,15,"[COMPONENT=User Interface] [HP/SIO2183580/Win10/Win11/RPL/GfP2/Kraken] Cannot find ""Advanced Connection Manager"" when connected WWAN and LAN."
CIE-3314,[HP/SIO2187954/Win11/RPL/GfP2/Tuffy] ICPS UI display English on French OS.,User Interface,15,[COMPONENT=User Interface] [HP/SIO2187954/Win11/RPL/GfP2/Tuffy] ICPS UI display English on French OS.
CIE-3724,"[HP/SIO2201510/Win11/MTL/GfP2/Willie] ""Advanced Connection Manager"" showed English on ICPS when system language is Traditional Chinese",User Interface,15,"[COMPONENT=User Interface] [HP/SIO2201510/Win11/MTL/GfP2/Willie] ""Advanced Connection Manager"" showed English on ICPS when system language is Traditional Chinese"
CIE-4182,[HP/SIO2264447/Win11/LNL/FmP2/Regis] The name of unknown Bluetooth device showed blank in ICPS.,User Interface,15,[COMPONENT=User Interface] [HP/SIO2264447/Win11/LNL/FmP2/Regis] The name of unknown Bluetooth device showed blank in ICPS.
CIE-4187,"[HP/SIO2264448/Win11/LNL/FmP2/Regis] The ""Bluetooth"" option showed English on HK image.",User Interface,15,"[COMPONENT=User Interface] [HP/SIO2264448/Win11/LNL/FmP2/Regis] The ""Bluetooth"" option showed English on HK image."
CIE-7043,[HP] The Auto-Mode will become Light Mode after exit ICPS and reboot the system,User Interface,15,[COMPONENT=User Interface] [HP] The Auto-Mode will become Light Mode after exit ICPS and reboot the system
CIE-7174,"[HP/SIO2382006/Win11/LNL/FmP2/Machu] After enable Automatically switch to a better network from ICPS\advanced , the ICPS will auto close .",User Interface,15,"[COMPONENT=User Interface] [HP/SIO2382006/Win11/LNL/FmP2/Machu] After enable Automatically switch to a better network from ICPS\advanced , the ICPS will auto close ."
CIE-7360,[HP/SIO2385217/Win11/PTL-H/FmP2/Trekker] Two items are English in Help\Advanced Settings options in China image.,User Interface,15,[COMPONENT=User Interface] [HP/SIO2385217/Win11/PTL-H/FmP2/Trekker] Two items are English in Help\Advanced Settings options in China image.
CIE-8975,"ICPS40.25.909.171 version. Reset button cannot work for ""Enable Smart Point Selection"" relevant of settings",User Interface,15,"[COMPONENT=User Interface] ICPS40.25.909.171 version. Reset button cannot work for ""Enable Smart Point Selection"" relevant of settings"
WOT-20548,[Teton RPL EVT] CITU BRI projects Received than Generated,CITU,13,[COMPONENT=CITU] [Teton RPL EVT] CITU BRI projects Received than Generated
WOT-21565,9462 @ CITU SHOW 9461,CITU,13,[COMPONENT=CITU] 9462 @ CITU SHOW 9461
WOT-27909,[Lenovo ThinkPad JP][ThamesMersey1][MTL]CITU tool not working on MTL platform (PHWFW07299_22.200.0.6Tools),CITU,13,[COMPONENT=CITU] [Lenovo ThinkPad JP][ThamesMersey1][MTL]CITU tool not working on MTL platform (PHWFW07299_22.200.0.6Tools)
WOT-31991,[Lenovo][MarinaBay][MTL-H][Win11][EVT][EE] CNVi CITU tool can not run normally.,CITU,13,[COMPONENT=CITU] [Lenovo][MarinaBay][MTL-H][Win11][EVT][EE] CNVi CITU tool can not run normally.
WOT-3320,[DELL Corp. AIO/CY22-Pompeii&Nazca/Pegatron/ADL-S+Q670] ADL-S CITU tool can't run with AX201,CITU,13,[COMPONENT=CITU] [DELL Corp. AIO/CY22-Pompeii&Nazca/Pegatron/ADL-S+Q670] ADL-S CITU tool can't run with AX201
WOT-33345,"[Lenovo][Shangri-La][MTL-H][Win11][Pre-EVT][CITU][AX211,AX203] Marginal testing of CITU only runs 1 minute with High&Full setting.",CITU,13,"[COMPONENT=CITU] [Lenovo][Shangri-La][MTL-H][Win11][Pre-EVT][CITU][AX211,AX203] Marginal testing of CITU only runs 1 minute with High&Full setting."
WOT-33346,[Lenovo][MTL][Win11][CITU][AX203] CITU tool does not work with AX203 on MTL,CITU,13,[COMPONENT=CITU] [Lenovo][MTL][Win11][CITU][AX203] CITU tool does not work with AX203 on MTL
WOT-34361,[Lenovo/Compal][Lenovo Legion Slim 7i][RPL-HX] [AX211][22H2]CITU tool test fail,CITU,13,[COMPONENT=CITU] [Lenovo/Compal][Lenovo Legion Slim 7i][RPL-HX] [AX211][22H2]CITU tool test fail
WOT-40525,[Dell/Compal][Tributo LNL] Run CITU CNVIo cant load test with BE201 ES1,CITU,13,[COMPONENT=CITU] [Dell/Compal][Tributo LNL] Run CITU CNVIo cant load test with BE201 ES1
WOT-43484,[Samsung][LNL][Venus5-14] CITU Error,CITU,13,[COMPONENT=CITU] [Samsung][LNL][Venus5-14] CITU Error
WOT-62676,[Lenovo/consumer][HQ][PTL][BE213][yoga7 2-n-1 14/16 IPH] CITU can not test,CITU,13,[COMPONENT=CITU] [Lenovo/consumer][HQ][PTL][BE213][yoga7 2-n-1 14/16 IPH] CITU can not test
WOT-6415,[Lenovo] [in-house Y770-16 ADL H55] [Intel Killer 1675i][AX211NGW] [win11] [F/R 100%] can't run CITU tool to test CNVi normally,CITU,13,[COMPONENT=CITU] [Lenovo] [in-house Y770-16 ADL H55] [Intel Killer 1675i][AX211NGW] [win11] [F/R 100%] can't run CITU tool to test CNVi normally
WOT-65577,Wireless connectivity solutions,CITU,13,[COMPONENT=CITU] Wireless connectivity solutions
CIE-1595,[Huawei][Quanta][H9HD][HookF][AX211][21H2][ICPS][ICPS_006] The connection fails after the hotspot encryption method is changed,Services->AP Suggestion Service,13,[COMPONENT=Services->AP Suggestion Service] [Huawei][Quanta][H9HD][HookF][AX211][21H2][ICPS][ICPS_006] The connection fails after the hotspot encryption method is changed
CIE-2201,[Samsung][ADL][ICPS]AP used WEP connection fails on ICPS app.,Services->AP Suggestion Service,13,[COMPONENT=Services->AP Suggestion Service] [Samsung][ADL][ICPS]AP used WEP connection fails on ICPS app.
CIE-2224,[HP/Win11/ADL/GfP/Dashiell] BSOD 0x14F occurred as running Modern Standby idle + AC.,Services->AP Suggestion Service,13,[COMPONENT=Services->AP Suggestion Service] [HP/Win11/ADL/GfP/Dashiell] BSOD 0x14F occurred as running Modern Standby idle + AC.
CIE-3335,"[HP/SIO2188815/Win11/MTL-H/Herbie] ""Network Health Page"" UI no AP displayed after idling about 10 mins.",Services->AP Suggestion Service,13,"[COMPONENT=Services->AP Suggestion Service] [HP/SIO2188815/Win11/MTL-H/Herbie] ""Network Health Page"" UI no AP displayed after idling about 10 mins."
CIE-3390,Error ID 1000 (KAPS.EXE) with Killer ver. 34 (PIE driver and use wireless API),Services->AP Suggestion Service,13,[COMPONENT=Services->AP Suggestion Service] Error ID 1000 (KAPS.EXE) with Killer ver. 34 (PIE driver and use wireless API)
CIE-3514,[Samsung][QuickShare][P230613-03941] The throughput is too low between two PCs.,Services->AP Suggestion Service,13,[COMPONENT=Services->AP Suggestion Service] [Samsung][QuickShare][P230613-03941] The throughput is too low between two PCs.
CIE-3692,[Samsung][QuickShare][P230613-03941] WiFi Direct discovery & connection to peer takes a long time to complete between two PCs.,Services->AP Suggestion Service,13,[COMPONENT=Services->AP Suggestion Service] [Samsung][QuickShare][P230613-03941] WiFi Direct discovery & connection to peer takes a long time to complete between two PCs.
CIE-4172,"Why does KIC always show ""Smart AP disabled due to VPN""?",Services->AP Suggestion Service,13,"[COMPONENT=Services->AP Suggestion Service] Why does KIC always show ""Smart AP disabled due to VPN""?"
CIE-4186,[HP/SIO2263641/Win11/LNL/FmP2/Regis] There has a temp folder under c:\ after installing ICPS component driver.,Services->AP Suggestion Service,13,[COMPONENT=Services->AP Suggestion Service] [HP/SIO2263641/Win11/LNL/FmP2/Regis] There has a temp folder under c:\ after installing ICPS component driver.
CIE-4868,[HP/SIO2297005/Win11/LNL/FmP2/MasadaN] No wifi networks listed in Network Health tab in Italian image.,Services->AP Suggestion Service,13,[COMPONENT=Services->AP Suggestion Service] [HP/SIO2297005/Win11/LNL/FmP2/MasadaN] No wifi networks listed in Network Health tab in Italian image.
CIE-6535,[Lenovo][LunarLake][BE201][24H2][100%][ICPS4.0]It takes long time to display Incorrect password when connecting AP,Services->AP Suggestion Service,13,[COMPONENT=Services->AP Suggestion Service] [Lenovo][LunarLake][BE201][24H2][100%][ICPS4.0]It takes long time to display Incorrect password when connecting AP
CIE-7358,[HP/SIO2384121/Win11/PTL-H/FmP2/Trekker] The poor score in ICPS/network health,Services->AP Suggestion Service,13,[COMPONENT=Services->AP Suggestion Service] [HP/SIO2384121/Win11/PTL-H/FmP2/Trekker] The poor score in ICPS/network health
CIE-9381,[Lenovo][LunarLake][BE201][24H2][100%][ICPS5.0]Sensitive Cleartext string Transmitted via IPC reported on IntelConnect.exe,Services->AP Suggestion Service,13,[COMPONENT=Services->AP Suggestion Service] [Lenovo][LunarLake][BE201][24H2][100%][ICPS5.0]Sensitive Cleartext string Transmitted via IPC reported on IntelConnect.exe
WIFI-104641,[Dell][Compal][Italia_TGL/ Andrews] Miracast cannot connect on L10N (RU/PL) OS,3rd Party-other Intel component,12,[COMPONENT=3rd Party-other Intel component] [Dell][Compal][Italia_TGL/ Andrews] Miracast cannot connect on L10N (RU/PL) OS
WIFI-107677,[Compal/Dell-ARK_SIF TGL-H] BSOD:CLOCK_WATCHDOG_TIMEOUT when run MS stress,3rd Party-other Intel component,12,[COMPONENT=3rd Party-other Intel component] [Compal/Dell-ARK_SIF TGL-H] BSOD:CLOCK_WATCHDOG_TIMEOUT when run MS stress
WIFI-109719,[WW15-16WS][Dell][Wistron][TGL-H][Cyborg] CBH_N16_DVT2_LR_MS: SUT show BSOD(CLOCK_WATCHDOG_TIMEOUT) when run MS stress(DPPM: 100),3rd Party-other Intel component,12,[COMPONENT=3rd Party-other Intel component] [WW15-16WS][Dell][Wistron][TGL-H][Cyborg] CBH_N16_DVT2_LR_MS: SUT show BSOD(CLOCK_WATCHDOG_TIMEOUT) when run MS stress(DPPM: 100)
WIFI-127394,"[HUAWEI][HUAQIN][EmmyD][Intel TGL][Intel AX201[20H2][WIFI]Running disable/enable WiFi test, The WiFi driver appears yellow mark",3rd Party-other Intel component,12,"[COMPONENT=3rd Party-other Intel component] [HUAWEI][HUAQIN][EmmyD][Intel TGL][Intel AX201[20H2][WIFI]Running disable/enable WiFi test, The WiFi driver appears yellow mark"
WIFI-133888,[HP/Win10/ADL/GfP2/Solitaire] AX211 has YB with v22.65.0.1,3rd Party-other Intel component,12,[COMPONENT=3rd Party-other Intel component] [HP/Win10/ADL/GfP2/Solitaire] AX211 has YB with v22.65.0.1
WIFI-161293,[Intel][NUC][Alder Lake][Serpent Canyon][WHQL] System WHQL- System - PNP (disable and enable) with IO Before and After (Reliability) fail due to BSOD,3rd Party-other Intel component,12,[COMPONENT=3rd Party-other Intel component] [Intel][NUC][Alder Lake][Serpent Canyon][WHQL] System WHQL- System - PNP (disable and enable) with IO Before and After (Reliability) fail due to BSOD
WIFI-166357,[HUAWEI][HUAQIN][EmmyD][Intel TGL][WIN10][AX201][WIFI] The network is unavailable during use and check wifi deiver on DM. Found that wifi device shwo YB Code: 43,3rd Party-other Intel component,12,[COMPONENT=3rd Party-other Intel component] [HUAWEI][HUAQIN][EmmyD][Intel TGL][WIN10][AX201][WIFI] The network is unavailable during use and check wifi deiver on DM. Found that wifi device shwo YB Code: 43
WIFI-177584,"[Haier][Wingtech][G1][ADL][Ax210][21H2]With the PC connection to the WiFi for a long-time suspension test, the WLAN driver has a loss problem [3 / 3]",3rd Party-other Intel component,12,"[COMPONENT=3rd Party-other Intel component] [Haier][Wingtech][G1][ADL][Ax210][21H2]With the PC connection to the WiFi for a long-time suspension test, the WLAN driver has a loss problem [3 / 3]"
WIFI-198719,[Realme][Wingtech][Intel Tiger Lake UP4][Ac9560][21H1] [WLAN] Connect to WLAN to play online video and drive YB appears?error code43?,3rd Party-other Intel component,12,[COMPONENT=3rd Party-other Intel component] [Realme][Wingtech][Intel Tiger Lake UP4][Ac9560][21H1] [WLAN] Connect to WLAN to play online video and drive YB appears?error code43?
WIFI-311186,[HP][Quanta][Willie][MTL-P][GaP2 BE200 ES2] WiFi7 performance benchmark finding,3rd Party-other Intel component,12,[COMPONENT=3rd Party-other Intel component] [HP][Quanta][Willie][MTL-P][GaP2 BE200 ES2] WiFi7 performance benchmark finding
WIFI-424844,[Lenovo-IdeaPad][LNL][QIXIA][FmP][S790_15_LNL_FVT_HF_stress]WIFI assert 0xf09e(auto recover) and BT lost during S4 stress,3rd Party-other Intel component,12,[COMPONENT=3rd Party-other Intel component] [Lenovo-IdeaPad][LNL][QIXIA][FmP][S790_15_LNL_FVT_HF_stress]WIFI assert 0xf09e(auto recover) and BT lost during S4 stress
WIFI-449424,"[S790_15_LNL_FVT_HF_stress][S790_15_LNL_FVT_HF_stress]Stress WifiPing Test tool show fail (wifi ping fail,100% loss rate) when run stress WIFI_S4. (FR:2/35 units;6/2697 cycles)",3rd Party-other Intel component,12,"[COMPONENT=3rd Party-other Intel component] [S790_15_LNL_FVT_HF_stress][S790_15_LNL_FVT_HF_stress]Stress WifiPing Test tool show fail (wifi ping fail,100% loss rate) when run stress WIFI_S4. (FR:2/35 units;6/2697 cycles)"
BT-108517,[Dell]UEFI BLE Scan hang issue,Host UEFI - BIOS,12,[COMPONENT=Host UEFI - BIOS] [Dell]UEFI BLE Scan hang issue
BT-138107,[Dell Bluetooth] Verify the Scan functionality when multiple devices are nearby,Host UEFI - BIOS,12,[COMPONENT=Host UEFI - BIOS] [Dell Bluetooth] Verify the Scan functionality when multiple devices are nearby
BT-138108,[Dell Bluetooth] Verify The Device name is showing perfectly or not after Scan.,Host UEFI - BIOS,12,[COMPONENT=Host UEFI - BIOS] [Dell Bluetooth] Verify The Device name is showing perfectly or not after Scan.
BT-183506,[Dell][Odin][MTL][UEFI]Both BLE or WiFi functionality doesnt work using AX201 cards,Host UEFI - BIOS,12,[COMPONENT=Host UEFI - BIOS] [Dell][Odin][MTL][UEFI]Both BLE or WiFi functionality doesnt work using AX201 cards
BT-207368,"[Dell][Odin][UEFI]Auto Connection fails for some KB/Mouse Models, pop up appearing while auto-connecting",Host UEFI - BIOS,12,"[COMPONENT=Host UEFI - BIOS] [Dell][Odin][UEFI]Auto Connection fails for some KB/Mouse Models, pop up appearing while auto-connecting"
BT-242780,[Dell] BT IOSF scan issue with TributoLnl EVQS platform,Host UEFI - BIOS,12,[COMPONENT=Host UEFI - BIOS] [Dell] BT IOSF scan issue with TributoLnl EVQS platform
BT-247162,[Dell] Keyboard keys are not working for BT IOSF with TributoLnl EVQS platform,Host UEFI - BIOS,12,[COMPONENT=Host UEFI - BIOS] [Dell] Keyboard keys are not working for BT IOSF with TributoLnl EVQS platform
BT-260523,[Dell_Compal_Trib]Bluetooth Mouse lagging in BIOS.,Host UEFI - BIOS,12,[COMPONENT=Host UEFI - BIOS] [Dell_Compal_Trib]Bluetooth Mouse lagging in BIOS.
BT-266355,[Dell] Memory Diag test is failing with BT IOSF changes,Host UEFI - BIOS,12,[COMPONENT=Host UEFI - BIOS] [Dell] Memory Diag test is failing with BT IOSF changes
BT-270241,[Dell][Compal][TributoLNL][DVT2/MP]  IOSF PCI mode caused black screen symptom,Host UEFI - BIOS,12,[COMPONENT=Host UEFI - BIOS] [Dell][Compal][TributoLNL][DVT2/MP]  IOSF PCI mode caused black screen symptom
BT-283405,[Dell][Compal][UEFI][TributoLNL][DVT2/MP]Bluetooth device sometimes become disconnect,Host UEFI - BIOS,12,[COMPONENT=Host UEFI - BIOS] [Dell][Compal][UEFI][TributoLNL][DVT2/MP]Bluetooth device sometimes become disconnect
BT-405888,[Samsung][GB6-Pro-16 TPL][WhP2] Timeout does not work as UEFI spec in Intel UEFI BLE Driver,Host UEFI - BIOS,12,[COMPONENT=Host UEFI - BIOS] [Samsung][GB6-Pro-16 TPL][WhP2] Timeout does not work as UEFI spec in Intel UEFI BLE Driver
CIE-1024,"[HP/Win10/ADL/GfP2/Thanos] When Entitlement bit is disabled, ICPS still could be installed but the functions can?t work",Installation->ICPS,12,"[COMPONENT=Installation->ICPS] [HP/Win10/ADL/GfP2/Thanos] When Entitlement bit is disabled, ICPS still could be installed but the functions can?t work"
CIE-1925,[Huawei][Quanta][H9HD][HookF][AX211][21H2][ICPS][ICPS_SEC_002] C:\ProgramData\Intel\Connectivity directory is not deleted after uninstalling ICPS,Installation->ICPS,12,[COMPONENT=Installation->ICPS] [Huawei][Quanta][H9HD][HookF][AX211][21H2][ICPS][ICPS_SEC_002] C:\ProgramData\Intel\Connectivity directory is not deleted after uninstalling ICPS
CIE-1955,"[Lenovo-ThinkPad][Jaguar/Panther-2][AlderLake][AX211][21H2][100%]: ICPS UWP not automatically uninstalled and not work when ICPS entitlement bit is ""disabled""",Installation->ICPS,12,"[COMPONENT=Installation->ICPS] [Lenovo-ThinkPad][Jaguar/Panther-2][AlderLake][AX211][21H2][100%]: ICPS UWP not automatically uninstalled and not work when ICPS entitlement bit is ""disabled"""
CIE-2479,[Lenovo][S970][AlderLake][AX211][40%][ICPS1.0]: ICPS cannot launch after OOBE due to ICPS drivers uninstalled automatically.,Installation->ICPS,12,[COMPONENT=Installation->ICPS] [Lenovo][S970][AlderLake][AX211][40%][ICPS1.0]: ICPS cannot launch after OOBE due to ICPS drivers uninstalled automatically.
CIE-3782,[ICPS]Event log 7023 is recorded on reboot after overwrite install ICPS,Installation->ICPS,12,[COMPONENT=Installation->ICPS] [ICPS]Event log 7023 is recorded on reboot after overwrite install ICPS
CIE-3988,[HP/Win11/ADL/GfP2/Frozone] It reports error code 15613 when installing ICPS application.,Installation->ICPS,12,[COMPONENT=Installation->ICPS] [HP/Win11/ADL/GfP2/Frozone] It reports error code 15613 when installing ICPS application.
CIE-4413,[HP/SIO2274742/Win11/RPL/GfP2/Varcolac] Cannot install ICPS driver with v3.1024.505.1 and v3.1024.606.10,Installation->ICPS,12,[COMPONENT=Installation->ICPS] [HP/SIO2274742/Win11/RPL/GfP2/Varcolac] Cannot install ICPS driver with v3.1024.505.1 and v3.1024.606.10
CIE-4759,[Lenovo][RaptorLake][AX211][24H2][100%][ICPS3.0]ICPS cant be installed successfully on Libra2,Installation->ICPS,12,[COMPONENT=Installation->ICPS] [Lenovo][RaptorLake][AX211][24H2][100%][ICPS3.0]ICPS cant be installed successfully on Libra2
CIE-6865,"[LG][17Z90T][ARL/BE201/Win11 24H2] ""Select an app to open this icpslauncher link"" popup shows",Installation->ICPS,12,"[COMPONENT=Installation->ICPS] [LG][17Z90T][ARL/BE201/Win11 24H2] ""Select an app to open this icpslauncher link"" popup shows"
CIE-7147,[Lenovo][LunarLake][BE201][24H2][100%][ICPS4.0]ICPS has left over Scheduled Task after uninstallation,Installation->ICPS,12,[COMPONENT=Installation->ICPS] [Lenovo][LunarLake][BE201][24H2][100%][ICPS4.0]ICPS has left over Scheduled Task after uninstallation
CIE-7432,"[HP/SIO2385575/Win11/ARL/FmP2/Wafer] The msg ""Cant open icpslauncher link"" popped up after enter OS.",Installation->ICPS,12,"[COMPONENT=Installation->ICPS] [HP/SIO2385575/Win11/ARL/FmP2/Wafer] The msg ""Cant open icpslauncher link"" popped up after enter OS."
CIE-7728,[HP/Win11/ARL/FmP2/Machu] show pick up app after boot to OS,Installation->ICPS,12,[COMPONENT=Installation->ICPS] [HP/Win11/ARL/FmP2/Machu] show pick up app after boot to OS
WIFI-146383,[Lenovo ThinkPad JP][LCFC][Drift3 Ironhide3][AX210]] AX210 WLAN show Yellow band in device manager and could not recovery by restart,TOP->FSEQ,11,[COMPONENT=TOP->FSEQ] [Lenovo ThinkPad JP][LCFC][Drift3 Ironhide3][AX210]] AX210 WLAN show Yellow band in device manager and could not recovery by restart
WIFI-317085,[Dell][Compal][Tribtuto MTL]Wlan and BT lost in Device Manager when trying to connect wireless AP,TOP->FSEQ,11,[COMPONENT=TOP->FSEQ] [Dell][Compal][Tribtuto MTL]Wlan and BT lost in Device Manager when trying to connect wireless AP
WIFI-318979,[ASUS][UX3404MA][NB6371C][MTL-H][AX211]WiFi YB appears after Reboot,TOP->FSEQ,11,[COMPONENT=TOP->FSEQ] [ASUS][UX3404MA][NB6371C][MTL-H][AX211]WiFi YB appears after Reboot
WIFI-353389,[Taoran][WIFI][Huawei][VangogH][MTL][EVT]there is a yellow icon on the WiFi Device while test,TOP->FSEQ,11,[COMPONENT=TOP->FSEQ] [Taoran][WIFI][Huawei][VangogH][MTL][EVT]there is a yellow icon on the WiFi Device while test
WIFI-381933,"[Honor][Huaqin][MooreA][Meteor Lake][Ax211][WLAN][22H2]YB appears in normal standby mode of PC, error code 10(FR:1%)",TOP->FSEQ,11,"[COMPONENT=TOP->FSEQ] [Honor][Huaqin][MooreA][Meteor Lake][Ax211][WLAN][22H2]YB appears in normal standby mode of PC, error code 10(FR:1%)"
WIFI-717323,[HP][Wistron][26C1_Clipper_PTL-H12Xe][WhP2][Win11 24H2 Build 26100.4202][sbhwfw02262_23.145.0.1] WiFi cannot turn on successfully after resume from S4.,TOP->FSEQ,11,[COMPONENT=TOP->FSEQ] [HP][Wistron][26C1_Clipper_PTL-H12Xe][WhP2][Win11 24H2 Build 26100.4202][sbhwfw02262_23.145.0.1] WiFi cannot turn on successfully after resume from S4.
WIFI-784351,[PTL][WhP2] CITU marginal test analysis (FM232 DVT1.5),TOP->FSEQ,11,[COMPONENT=TOP->FSEQ] [PTL][WhP2] CITU marginal test analysis (FM232 DVT1.5)
WIFI-795687,[HP][Factory][Merino16W][Win11 25H2]PTL][WhP2]Merino16W PV report WLAN YB code 10,TOP->FSEQ,11,[COMPONENT=TOP->FSEQ] [HP][Factory][Merino16W][Win11 25H2]PTL][WhP2]Merino16W PV report WLAN YB code 10
WIFI-816135,"[Lenovo][Compal][PTL][BE211_1216][Yoga_Slim 7 14IPH11] Stress_Wifi_WB, Event log show 5002 error. (F/R:1/25u,100/2500c)",TOP->FSEQ,11,"[COMPONENT=TOP->FSEQ] [Lenovo][Compal][PTL][BE211_1216][Yoga_Slim 7 14IPH11] Stress_Wifi_WB, Event log show 5002 error. (F/R:1/25u,100/2500c)"
WIFI-881883,[ASUS VZEDC]NVL-S Wi-Fi/BT Exclamation Mark,TOP->FSEQ,11,[COMPONENT=TOP->FSEQ] [ASUS VZEDC]NVL-S Wi-Fi/BT Exclamation Mark
WIFI-885952,[Dell][Wistron][GhostRider]Fail to connect with wifi during BIOS post.,TOP->FSEQ,11,[COMPONENT=TOP->FSEQ] [Dell][Wistron][GhostRider]Fail to connect with wifi during BIOS post.
CIE-10034,[Lenovo][Poseidon][SIT][PTL/BE211][25H2]The unit can not connect to previous AP after WIFI off then on when checking switch to better WIFI  option on ICPS.(FR:2/2units;4/8cycles),ICPS,10,[COMPONENT=ICPS] [Lenovo][Poseidon][SIT][PTL/BE211][25H2]The unit can not connect to previous AP after WIFI off then on when checking switch to better WIFI  option on ICPS.(FR:2/2units;4/8cycles)
CIE-5354,[Lenovo][MeteorLake][AX211][24H2][100%][ICPS4.1024.1114.1]ICPS displayed content cant adapt to window size,ICPS,10,[COMPONENT=ICPS] [Lenovo][MeteorLake][AX211][24H2][100%][ICPS4.1024.1114.1]ICPS displayed content cant adapt to window size
CIE-5749,[Dynabook]Prioritization page shows Gaming option on Vpro sku,ICPS,10,[COMPONENT=ICPS] [Dynabook]Prioritization page shows Gaming option on Vpro sku
CIE-6271,[Dynabook]ICPS still shows available networks in network health page when WiFi is turned off,ICPS,10,[COMPONENT=ICPS] [Dynabook]ICPS still shows available networks in network health page when WiFi is turned off
CIE-6483,[Lenovo][LunarLake][BE201][24H2][100%][ICPS4.0]Message ICPS is currently disabled. Would you like to enable it will be shown.,ICPS,10,[COMPONENT=ICPS] [Lenovo][LunarLake][BE201][24H2][100%][ICPS4.0]Message ICPS is currently disabled. Would you like to enable it will be shown.
CIE-6489,[Lenovo][LunarLake][BE201][24H2][100%][ICPS4.0]Light/Dark mode in Advanced Settings is not localized on Chinese system,ICPS,10,[COMPONENT=ICPS] [Lenovo][LunarLake][BE201][24H2][100%][ICPS4.0]Light/Dark mode in Advanced Settings is not localized on Chinese system
CIE-6626,[Dynabook]The ICPS App shows black screen after resuming from Hybrid shutdown,ICPS,10,[COMPONENT=ICPS] [Dynabook]The ICPS App shows black screen after resuming from Hybrid shutdown
CIE-8903,[HP][Deso & Esa][PTL]Gaming is lost in Intel ICPS (Intel connectivity performance suite),ICPS,10,[COMPONENT=ICPS] [HP][Deso & Esa][PTL]Gaming is lost in Intel ICPS (Intel connectivity performance suite)
CIE-9019,"[ICPS 40.25.909.171] ENABLE ""Enable smart access point selection"" option and then reboot the system. Boot enter the windows and launch ICPS, ICPS will pop up msg and request enable it again.",ICPS,10,"[COMPONENT=ICPS] [ICPS 40.25.909.171] ENABLE ""Enable smart access point selection"" option and then reboot the system. Boot enter the windows and launch ICPS, ICPS will pop up msg and request enable it again."
CIE-9470,[HP/COMM/Win11/PTL/FmP2/CashmereI] Unable to connect to the AP that uses the Enhanced Open security type in ICPS\Network Health,ICPS,10,[COMPONENT=ICPS] [HP/COMM/Win11/PTL/FmP2/CashmereI] Unable to connect to the AP that uses the Enhanced Open security type in ICPS\Network Health
DBGT-43676,[Huawei][MendelG][Intel RPL][PVT]It takes a long time to shut down the PC due to the timeout of waiting for the response from WRT,WRT::2G,10,[COMPONENT=WRT::2G] [Huawei][MendelG][Intel RPL][PVT]It takes a long time to shut down the PC due to the timeout of waiting for the response from WRT
DBGT-47915,[Huawei][Quanta][H9HR][HookeG][AX211][22H2][WLAN][BUG-20230209-65766] One beta user meet BSOD 0A,WRT::2G,10,[COMPONENT=WRT::2G] [Huawei][Quanta][H9HR][HookeG][AX211][22H2][WLAN][BUG-20230209-65766] One beta user meet BSOD 0A
DBGT-48459,"[Huawei][Quanta][H9HR][HookeG][AX211][22H2][WLAN][BUG-20230209-65761] One beta user meet BSOD 0A , relative with AFD.sys",WRT::2G,10,"[COMPONENT=WRT::2G] [Huawei][Quanta][H9HR][HookeG][AX211][22H2][WLAN][BUG-20230209-65761] One beta user meet BSOD 0A , relative with AFD.sys"
DBGT-48849,[Huawei][Quanta][H9HR][HookeG][AX211][22H2][WLAN][BUG-20230320-67590] 2 beta users reported 2 times Stability development analysis: a large number of hang events of wrt2g services occurred before the abnormal shutdown events recorded by the system,WRT::2G,10,[COMPONENT=WRT::2G] [Huawei][Quanta][H9HR][HookeG][AX211][22H2][WLAN][BUG-20230320-67590] 2 beta users reported 2 times Stability development analysis: a large number of hang events of wrt2g services occurred before the abnormal shutdown events recorded by the system
DBGT-63716,[ASUS][MTL]WRT tool WGDS revision 3 group 3 shows ROW instead of Korea,WRT::2G,10,[COMPONENT=WRT::2G] [ASUS][MTL]WRT tool WGDS revision 3 group 3 shows ROW instead of Korea
DBGT-67806,[Dell][Compal][Alienware][NEXUS MLK_GaP2_2230]Killer1750x]The WRT tool cannot read the BIOS settings,WRT::2G,10,[COMPONENT=WRT::2G] [Dell][Compal][Alienware][NEXUS MLK_GaP2_2230]Killer1750x]The WRT tool cannot read the BIOS settings
DBGT-87273,[Dell] There is no BE201 Dell SKU in WRT tool (in 23.60.5.4 and 23.70.2.3,WRT::2G,10,[COMPONENT=WRT::2G] [Dell] There is no BE201 Dell SKU in WRT tool (in 23.60.5.4 and 23.70.2.3
WOT-47381,[HP][Quanta][Regis][LNL EVQS][FmP2 rQS] WRT tool  can not get current EWRD value,WRT::2G,10,[COMPONENT=WRT::2G] [HP][Quanta][Regis][LNL EVQS][FmP2 rQS] WRT tool  can not get current EWRD value
WOT-48066,[Samsung][AX211] WRT Log Collection Issue,WRT::2G,10,[COMPONENT=WRT::2G] [Samsung][AX211] WRT Log Collection Issue
WOT-66968,[DELL Compal]Bolan PTL BE211 no UefiCnvBtBRDS  field in WRT tool,WRT::2G,10,[COMPONENT=WRT::2G] [DELL Compal]Bolan PTL BE211 no UefiCnvBtBRDS  field in WRT tool
BT-112728,[Honor][huaqin][HiggsF][ADL][AX211][22H2[2%]] HCI_Connection_Complete Not report to Host after PC create connection with remote device,FW- Coex,9,[COMPONENT=FW- Coex] [Honor][huaqin][HiggsF][ADL][AX211][22H2[2%]] HCI_Connection_Complete Not report to Host after PC create connection with remote device
BT-144316,"[Wingtech][HUAWEI][yutu Gz][Raptor Lake][22H2] After connecting the Bluetooth3.0 mouse and Bluetooth earphones to the DUT, the mouse pointer will drift randomly when downloading and playing music online.",FW- Coex,9,"[COMPONENT=FW- Coex] [Wingtech][HUAWEI][yutu Gz][Raptor Lake][22H2] After connecting the Bluetooth3.0 mouse and Bluetooth earphones to the DUT, the mouse pointer will drift randomly when downloading and playing music online."
BT-158328,[Wingtech][HUAWEI][yutu Gz][Raptor Lake][22H2] Logitech BT BR3.0 mouse M336 lags when BT connect to DUT when downloading and playing music online at same time,FW- Coex,9,[COMPONENT=FW- Coex] [Wingtech][HUAWEI][yutu Gz][Raptor Lake][22H2] Logitech BT BR3.0 mouse M336 lags when BT connect to DUT when downloading and playing music online at same time
BT-336074,[WIKO][LC][MarseilleI][ARL-AX201][DVT1] BT function cannot use after turn off wifi,FW- Coex,9,[COMPONENT=FW- Coex] [WIKO][LC][MarseilleI][ARL-AX201][DVT1] BT function cannot use after turn off wifi
BT-345317,"[Lenovo_IdeaPad][LCFC][LNL][Sunrise][24H2][SIT][BE201]WLAN show 5002_0x20101934 error do MS test, FR: 100/100",FW- Coex,9,"[COMPONENT=FW- Coex] [Lenovo_IdeaPad][LCFC][LNL][Sunrise][24H2][SIT][BE201]WLAN show 5002_0x20101934 error do MS test, FR: 100/100"
BT-352739,"(Copy Of 00952203) [Lenovo_IdeaPad][LCFC][ARL_H][S5x0-16pro_BE][24H2][AX203]Unit shows error message when transfer file from/to the added BT PC after connect Wi-Fi.(F/R:2/2unit, 2/2cycles)",FW- Coex,9,"[COMPONENT=FW- Coex] (Copy Of 00952203) [Lenovo_IdeaPad][LCFC][ARL_H][S5x0-16pro_BE][24H2][AX203]Unit shows error message when transfer file from/to the added BT PC after connect Wi-Fi.(F/R:2/2unit, 2/2cycles)"
BT-358388,[HP][Quanta]-[Trekker][PTL-H][Win11 24H2] BT device lost from DM when play online video/music with BT headphone and BT mouse connected about 1 hour.(Intel BE211),FW- Coex,9,[COMPONENT=FW- Coex] [HP][Quanta]-[Trekker][PTL-H][Win11 24H2] BT device lost from DM when play online video/music with BT headphone and BT mouse connected about 1 hour.(Intel BE211)
BT-432443,[Lenovo-Ideapad][YOGA9P 16][PTL/BE211][25H2] BT caused wifi tput drip 50%,FW- Coex,9,[COMPONENT=FW- Coex] [Lenovo-Ideapad][YOGA9P 16][PTL/BE211][25H2] BT caused wifi tput drip 50%
BT-99082,[HP] Dogfood [Inertia][ADL][GFP2-AX211][Win11 22H2] No sound output from BT headphone when play local video or audio then drag progress bar with BT headphone and BT mouse connected.,FW- Coex,9,[COMPONENT=FW- Coex] [HP] Dogfood [Inertia][ADL][GFP2-AX211][Win11 22H2] No sound output from BT headphone when play local video or audio then drag progress bar with BT headphone and BT mouse connected.
WIFI-147626,[HP/Win10/TGL/HrP2/Calhoun] YB occurs after resume from S3,FW->Power Save,9,[COMPONENT=FW->Power Save] [HP/Win10/TGL/HrP2/Calhoun] YB occurs after resume from S3
WIFI-292530,[Thames/Mersey-1][Meteorlake][Windows11][GarfieldPeak2] YB during S4 tests,FW->Power Save,9,[COMPONENT=FW->Power Save] [Thames/Mersey-1][Meteorlake][Windows11][GarfieldPeak2] YB during S4 tests
WIFI-334394,[Honor][Huaqin][DarwinA][Intel MTL][Intel AX201][WIFI][22H2]The wifi device YB when connecte a 11ax 5G wifi.F/R100%,FW->Power Save,9,[COMPONENT=FW->Power Save] [Honor][Huaqin][DarwinA][Intel MTL][Intel AX201][WIFI][22H2]The wifi device YB when connecte a 11ax 5G wifi.F/R100%
WIFI-344972,[HP][Quanta]-[Willie][MTL][Win11 22H2][BE200 rQS] v23.0.0 DRTU tool running issue,FW->Power Save,9,[COMPONENT=FW->Power Save] [HP][Quanta]-[Willie][MTL][Win11 22H2][BE200 rQS] v23.0.0 DRTU tool running issue
WIFI-348788,"[HUAWEI][HUAQIN][FlemingH][Intel MTL][Intel AX 201][WIFI][Win11]It occured WiFi YB(code 10) and bluetooth driver is lost, when browsing web pages, running warmboot/hibernate/sleep test.",FW->Power Save,9,"[COMPONENT=FW->Power Save] [HUAWEI][HUAQIN][FlemingH][Intel MTL][Intel AX 201][WIFI][Win11]It occured WiFi YB(code 10) and bluetooth driver is lost, when browsing web pages, running warmboot/hibernate/sleep test."
WIFI-348789,"[HUAWEI][HUAQIN][FlemingH][Intel MTL][Intel AX 201][WIFI][Win11]It occured WiFi YB(code 10) when playing music and vedio, running  warmboot test.",FW->Power Save,9,"[COMPONENT=FW->Power Save] [HUAWEI][HUAQIN][FlemingH][Intel MTL][Intel AX 201][WIFI][Win11]It occured WiFi YB(code 10) when playing music and vedio, running  warmboot test."
WIFI-349595,[Lenovo_IdeaPad][Hetian][LCFC][FVT-QS][S990-IMH][Windows11]FW assert and reset when run S4/S5/CB stress test,FW->Power Save,9,[COMPONENT=FW->Power Save] [Lenovo_IdeaPad][Hetian][LCFC][FVT-QS][S990-IMH][Windows11]FW assert and reset when run S4/S5/CB stress test
WIFI-494869,240G8 Wi-Fi drop issue caused by YB in device manager on WLAN adapter,FW->Power Save,9,[COMPONENT=FW->Power Save] 240G8 Wi-Fi drop issue caused by YB in device manager on WLAN adapter
WIFI-723160,[Honor][Huaqin][DarwinB][ARL][WiFi][24H2]The wifi device YB when resume from S4,FW->Power Save,9,[COMPONENT=FW->Power Save] [Honor][Huaqin][DarwinB][ARL][WiFi][24H2]The wifi device YB when resume from S4
CIE-4539,[Dell]SUT will pop up message when install Killer WLAN driver_v35.23,Killer,9,[COMPONENT=Killer] [Dell]SUT will pop up message when install Killer WLAN driver_v35.23
CIE-5037,[Dell] Killer APP (together installation with Killer driver) is blocking some website (like Zoom web setup) while GlobalProtect is connected via split tunnel,Killer,9,[COMPONENT=Killer] [Dell] Killer APP (together installation with Killer driver) is blocking some website (like Zoom web setup) while GlobalProtect is connected via split tunnel
CIE-5046,KILLER-VR mode not work,Killer,9,[COMPONENT=Killer] KILLER-VR mode not work
CIE-5195,[Dell][XPS][MTL][GaP2_Killer] Wrong band information while connecting with dual band AP with the same SSID,Killer,9,[COMPONENT=Killer] [Dell][XPS][MTL][GaP2_Killer] Wrong band information while connecting with dual band AP with the same SSID
CIE-5403,Delay KILLERs execution when startup to meet MSFTs Fast Startup test,Killer,9,[COMPONENT=Killer] Delay KILLERs execution when startup to meet MSFTs Fast Startup test
CIE-5899,Wrong network interface icon in KILLER when play PPTV and Bit Torrent download,Killer,9,[COMPONENT=Killer] Wrong network interface icon in KILLER when play PPTV and Bit Torrent download
CIE-6431,[Acer/Compal][Panamera_ARH] Killer control center the QQ Player has belong to the game category.,Killer,9,[COMPONENT=Killer] [Acer/Compal][Panamera_ARH] Killer control center the QQ Player has belong to the game category.
CIE-6657,Killer -AI Lighting touchpad failed while using acers AI PC,Killer,9,[COMPONENT=Killer] Killer -AI Lighting touchpad failed while using acers AI PC
CIE-6659,"KILLER shows ""Service not running""",Killer,9,"[COMPONENT=Killer] KILLER shows ""Service not running"""
WOT-10319,[AX211] [Athena] Wi-Fi NDT Result,NDT,9,[COMPONENT=NDT] [AX211] [Athena] Wi-Fi NDT Result
WOT-35383,[ACER][MTL-U][AX211][Win11 22H2] Intel NDT tool not work normally,NDT,9,[COMPONENT=NDT] [ACER][MTL-U][AX211][Win11 22H2] Intel NDT tool not work normally
WOT-36726,[ACER][MTL-U][AX211][Win11 22H2] NDT tool not support with BE200 module card,NDT,9,[COMPONENT=NDT] [ACER][MTL-U][AX211][Win11 22H2] NDT tool not support with BE200 module card
WOT-36896,[Dell][Tributo MTL/Orichid Bay MLK2/Teton MTL][BE200 1216] WLAN 2.4G have higher noise on NDT result,NDT,9,[COMPONENT=NDT] [Dell][Tributo MTL/Orichid Bay MLK2/Teton MTL][BE200 1216] WLAN 2.4G have higher noise on NDT result
WOT-37520,[LG][16Z90SP][MTL/AX211/Win11 22H2] NDT error while 6GHz running,NDT,9,[COMPONENT=NDT] [LG][16Z90SP][MTL/AX211/Win11 22H2] NDT error while 6GHz running
WOT-38010,[DELL][Wistron]Polaris NDT issue with BE200 QS sample,NDT,9,[COMPONENT=NDT] [DELL][Wistron]Polaris NDT issue with BE200 QS sample
WOT-38477,[MSI][MTL-H][MS-14N1][BE200]NDT tool test occure error,NDT,9,[COMPONENT=NDT] [MSI][MTL-H][MS-14N1][BE200]NDT tool test occure error
WOT-65939,[HP/Quanta][Trekker][BE211 QS] WiFi Desense Result Mismatch on BE211 vs AX211,NDT,9,[COMPONENT=NDT] [HP/Quanta][Trekker][BE211 QS] WiFi Desense Result Mismatch on BE211 vs AX211
WOT-65966,The NDT tool test result is abnormal,NDT,9,[COMPONENT=NDT] The NDT tool test result is abnormal
WIFI-333511,[HP][RPL-HXR][GaP2][Win11 22H2] Intel WLAN device shows YB when system idle about 1 min.,System->Top,9,[COMPONENT=System->Top] [HP][RPL-HXR][GaP2][Win11 22H2] Intel WLAN device shows YB when system idle about 1 min.
WIFI-335071,[Dell][Wistron][RPLS-Refresh+Q670][D13.5][DolphinNMlk2] WIFI BE200/BE202 OS driver will impact BE200/BE202 UEFI driver,System->Top,9,[COMPONENT=System->Top] [Dell][Wistron][RPLS-Refresh+Q670][D13.5][DolphinNMlk2] WIFI BE200/BE202 OS driver will impact BE200/BE202 UEFI driver
WIFI-341036,"[Lenovo-WKS][Falcon][Win11 May CI]Error ""ID:5010"" &ID:5002(Intel(R) Wi-Fi 6E AX211) occurred in system Event Viewer in Device Manager during running S4/S3+S4 stress on Win11 22H2 May CI OS",System->Top,9,"[COMPONENT=System->Top] [Lenovo-WKS][Falcon][Win11 May CI]Error ""ID:5010"" &ID:5002(Intel(R) Wi-Fi 6E AX211) occurred in system Event Viewer in Device Manager during running S4/S3+S4 stress on Win11 22H2 May CI OS"
WIFI-347833,[Dell][Compal][LNL platform][BE201] Wlan and BT device lost when turn on/off Wi-Fi radio,System->Top,9,[COMPONENT=System->Top] [Dell][Compal][LNL platform][BE201] Wlan and BT device lost when turn on/off Wi-Fi radio
WIFI-357571,[Taoran][WIFI][Huawei][MendelF][Intel ADL]YB issue on  release 22.250.0.4,System->Top,9,[COMPONENT=System->Top] [Taoran][WIFI][Huawei][MendelF][Intel ADL]YB issue on  release 22.250.0.4
WIFI-378385,[WW04-05WS][Samsung][LNL][FmP2] WLAN device show YB in device manager. assert code 0x4009.,System->Top,9,[COMPONENT=System->Top] [WW04-05WS][Samsung][LNL][FmP2] WLAN device show YB in device manager. assert code 0x4009.
WIFI-517735,[Honor][Huaqin][DarwinB][ARL][Intel AX211][WiFi][24H2]The wifi will disconnect,System->Top,9,[COMPONENT=System->Top] [Honor][Huaqin][DarwinB][ARL][Intel AX211][WiFi][24H2]The wifi will disconnect
WIFI-527817,The AX211 WLAN sometime lost,System->Top,9,[COMPONENT=System->Top] The AX211 WLAN sometime lost
WIFI-576597,[Honor][FermatB][ARL][AX201][Low probability]WiFi  driver assert,System->Top,9,[COMPONENT=System->Top] [Honor][FermatB][ARL][AX201][Low probability]WiFi  driver assert
WIFI-107205,[Huawei][Quanta][NobelM[Lucienne][AX200][20H2][WiFi]BSOD  0x7e(Netwtw10)and 0x50(Netwtw10)after PQC test pass.,WinDriver->Infrastructure,9,[COMPONENT=WinDriver->Infrastructure] [Huawei][Quanta][NobelM[Lucienne][AX200][20H2][WiFi]BSOD  0x7e(Netwtw10)and 0x50(Netwtw10)after PQC test pass.
WIFI-177860,[Dell/Compal][ADLP] QS System hang up during stress test,WinDriver->Infrastructure,9,[COMPONENT=WinDriver->Infrastructure] [Dell/Compal][ADLP] QS System hang up during stress test
WIFI-246831,[ASUS][W7600H3A][TGL][AX201] Wlan YB code 10 when run reboot aging,WinDriver->Infrastructure,9,[COMPONENT=WinDriver->Infrastructure] [ASUS][W7600H3A][TGL][AX201] Wlan YB code 10 when run reboot aging
WIFI-248471,[Huaqin][ASUS_K6502_6602][TGL][AX201]WiFi YB  when run Reboot test,WinDriver->Infrastructure,9,[COMPONENT=WinDriver->Infrastructure] [Huaqin][ASUS_K6502_6602][TGL][AX201]WiFi YB  when run Reboot test
WIFI-278898,[FCCL_HrP2]Cannot install v22.190.0.0.4 DDD driver,WinDriver->Infrastructure,9,[COMPONENT=WinDriver->Infrastructure] [FCCL_HrP2]Cannot install v22.190.0.0.4 DDD driver
WIFI-351312,"[HP][Quanta]-[Willie][MTL][Win11 22H2][PVR] ""0xef"" blue screen occurred during restart.",WinDriver->Infrastructure,9,"[COMPONENT=WinDriver->Infrastructure] [HP][Quanta]-[Willie][MTL][Win11 22H2][PVR] ""0xef"" blue screen occurred during restart."
WIFI-419324,[HP][MTL-U][Goldy][GaP2][Win11 24H2] System occurs BSOD 0x139 after run WinPVT Restart,WinDriver->Infrastructure,9,[COMPONENT=WinDriver->Infrastructure] [HP][MTL-U][Goldy][GaP2][Win11 24H2] System occurs BSOD 0x139 after run WinPVT Restart
WIFI-578395,[HP_CMIT_NB][RPL_R][Rumcake_GfP2]0x19C BSOD occurred when run WinPVT11.14.0 Hibernation_Functional_Test.(SIO2345890),WinDriver->Infrastructure,9,[COMPONENT=WinDriver->Infrastructure] [HP_CMIT_NB][RPL_R][Rumcake_GfP2]0x19C BSOD occurred when run WinPVT11.14.0 Hibernation_Functional_Test.(SIO2345890)
WIFI-96491,[Lenovo ThinkPad JP][LCFC][Drift3/Ironhide3][TGL][TyP2][20H2]BSOD 0x50 during HLK System - Sleep with IO Before and After (Reliability SysFund) test.(FR:1/10),WinDriver->Infrastructure,9,[COMPONENT=WinDriver->Infrastructure] [Lenovo ThinkPad JP][LCFC][Drift3/Ironhide3][TGL][TyP2][20H2]BSOD 0x50 during HLK System - Sleep with IO Before and After (Reliability SysFund) test.(FR:1/10)
CIE-1998,[Lenovo-IdeaPad][S770-13IAP][AlderLake][AX211][21H2][10%]:0X1E BSoD happens during music playback longrun,Drivers,8,[COMPONENT=Drivers] [Lenovo-IdeaPad][S770-13IAP][AlderLake][AX211][21H2][10%]:0X1E BSoD happens during music playback longrun
CIE-2124,[HP/Win10/ADL/GfP2/Ultron]BSOD 0x7e during Zoom Call,Drivers,8,[COMPONENT=Drivers] [HP/Win10/ADL/GfP2/Ultron]BSOD 0x7e during Zoom Call
CIE-2152,[Dynabook] wmic.exe is explicitly blocked by the SAC base policy when it's loaded by IntelConnect.exe,Drivers,8,[COMPONENT=Drivers] [Dynabook] wmic.exe is explicitly blocked by the SAC base policy when it's loaded by IntelConnect.exe
CIE-2167,[HP/Win11/ADL/GfP4/Thanos] The UI would not respond for a while when entering the incorrect password,Drivers,8,[COMPONENT=Drivers] [HP/Win11/ADL/GfP4/Thanos] The UI would not respond for a while when entering the incorrect password
CIE-3725,[HP/SIO2185760/Win11/MTL/GfP2/Herbie] There were two ICPS displayed in all apps list,Drivers,8,[COMPONENT=Drivers] [HP/SIO2185760/Win11/MTL/GfP2/Herbie] There were two ICPS displayed in all apps list
CIE-5667,[Acer][Compal][Viola_LNV]ICPS shown Game category on vPro CPU sku,Drivers,8,[COMPONENT=Drivers] [Acer][Compal][Viola_LNV]ICPS shown Game category on vPro CPU sku
CIE-5733,[ASUS][Huaqin][B3_B5_ARL]System BSOD 0X50 (ICPS-IntcCo11X64.sys) when running burnin test+online video test (F/R:1/20Units),Drivers,8,[COMPONENT=Drivers] [ASUS][Huaqin][B3_B5_ARL]System BSOD 0X50 (ICPS-IntcCo11X64.sys) when running burnin test+online video test (F/R:1/20Units)
CIE-5765,"[HP/SIO2345979/Win11/ARL/GfP2/Agusta] The Bluetooth devices intermittently appear, disappear, and show duplicate names in ICPS/Bluetooth.",Drivers,8,"[COMPONENT=Drivers] [HP/SIO2345979/Win11/ARL/GfP2/Agusta] The Bluetooth devices intermittently appear, disappear, and show duplicate names in ICPS/Bluetooth."
CIE-1954,"[Lenovo-ThinkPad][Triones][AlderLake][AX211][21H2][100%]:Event ID 7023 ?The Intel Connectivity Service service terminated"" happens during Restart test",Services->Network Service,8,"[COMPONENT=Services->Network Service] [Lenovo-ThinkPad][Triones][AlderLake][AX211][21H2][100%]:Event ID 7023 ?The Intel Connectivity Service service terminated"" happens during Restart test"
CIE-3540,[ASUS CCBU][B9403CVA][RPL][AX211] ICPS impact boot time and cause Fast startup test fail,Services->Network Service,8,[COMPONENT=Services->Network Service] [ASUS CCBU][B9403CVA][RPL][AX211] ICPS impact boot time and cause Fast startup test fail
CIE-4143,ICPS3.0 ACM not working while adding celluar network,Services->Network Service,8,[COMPONENT=Services->Network Service] ICPS3.0 ACM not working while adding celluar network
CIE-4277,Killer-Wrong priority/category for web download usage,Services->Network Service,8,[COMPONENT=Services->Network Service] Killer-Wrong priority/category for web download usage
CIE-4331,Killer-wrong category mapping for youtube application,Services->Network Service,8,[COMPONENT=Services->Network Service] Killer-wrong category mapping for youtube application
CIE-4374,"[Dynabook][Win11] BSOD happen during dynaconnect meeting with ICPS enable ""Advanced Connection Manager"".",Services->Network Service,8,"[COMPONENT=Services->Network Service] [Dynabook][Win11] BSOD happen during dynaconnect meeting with ICPS enable ""Advanced Connection Manager""."
CIE-5031,"[HP/SIO2310607/Win11/ARL/GfP2/Wafer] ""Passcode Incorrect"" need more than 30s pop up when connect a network with incorrect passcode in ICPS.",Services->Network Service,8,"[COMPONENT=Services->Network Service] [HP/SIO2310607/Win11/ARL/GfP2/Wafer] ""Passcode Incorrect"" need more than 30s pop up when connect a network with incorrect passcode in ICPS."
CIE-8467,[PTL][Samsung][GB6U][ICPS]App crach(IntelConnectivityNetworkService) occurs.,Services->Network Service,8,[COMPONENT=Services->Network Service] [PTL][Samsung][GB6U][ICPS]App crach(IntelConnectivityNetworkService) occurs.
BT-169569,[Nilinjie][BT][Huawei][VangogH][MTL][EVT]The bluetooth driver has a yellow bang during BT scan(error code:54),3rd Party- Platform - BIOS,7,[COMPONENT=3rd Party- Platform - BIOS] [Nilinjie][BT][Huawei][VangogH][MTL][EVT]The bluetooth driver has a yellow bang during BT scan(error code:54)
BT-170575,[Nilinjie][BT][Huawei][VangogH][MTL][EVT]The bluetooth driver has a yellow bang affter PC close 7 hours.,3rd Party- Platform - BIOS,7,[COMPONENT=3rd Party- Platform - BIOS] [Nilinjie][BT][Huawei][VangogH][MTL][EVT]The bluetooth driver has a yellow bang affter PC close 7 hours.
BT-173361,[Nilinjie][BT][Huawei][VangogH][MTL][EVT]BT device lost after the PC resume from hibernate,3rd Party- Platform - BIOS,7,[COMPONENT=3rd Party- Platform - BIOS] [Nilinjie][BT][Huawei][VangogH][MTL][EVT]BT device lost after the PC resume from hibernate
BT-226350,[Dell/Compa][Tributo LNL] FmP CB / DC mode BE201BT lost,3rd Party- Platform - BIOS,7,[COMPONENT=3rd Party- Platform - BIOS] [Dell/Compa][Tributo LNL] FmP CB / DC mode BE201BT lost
BT-297430,[HP][IEC] - SIO2321972 [Masada][LNL][Fmp2-BE201][Win11 24H2]Intel Bluetooth PCI Enumerator show YB after setting power source to ACDC and pressing power button to power on SUT from G3 (Power Policies: PP2),3rd Party- Platform - BIOS,7,[COMPONENT=3rd Party- Platform - BIOS] [HP][IEC] - SIO2321972 [Masada][LNL][Fmp2-BE201][Win11 24H2]Intel Bluetooth PCI Enumerator show YB after setting power source to ACDC and pressing power button to power on SUT from G3 (Power Policies: PP2)
BT-359601,[ASUS][QUANTA][PTL][BE211][GU606A] BT device has YB after reboot,3rd Party- Platform - BIOS,7,[COMPONENT=3rd Party- Platform - BIOS] [ASUS][QUANTA][PTL][BE211][GU606A] BT device has YB after reboot
BT-362634,[Lenovo][Compal][Ideapad S5P][PTL][BE211]Intel Bluetooth devcie will show YB after resume from CB and S4 (F/R: 2/2u;4/4c),3rd Party- Platform - BIOS,7,[COMPONENT=3rd Party- Platform - BIOS] [Lenovo][Compal][Ideapad S5P][PTL][BE211]Intel Bluetooth devcie will show YB after resume from CB and S4 (F/R: 2/2u;4/4c)
CIE-1589,"[Huawei][Quanta][H9HD][HookF][AX211][21H2][ICPS][ICPS_001]The DUT open ICPS, Moode Selector choose Streaming ,Play QQ music , tecent video around 1 hours , check top Apps in all Categories , occurs BSOD",Drivers->Bandwidth Driver,7,"[COMPONENT=Drivers->Bandwidth Driver] [Huawei][Quanta][H9HD][HookF][AX211][21H2][ICPS][ICPS_001]The DUT open ICPS, Moode Selector choose Streaming ,Play QQ music , tecent video around 1 hours , check top Apps in all Categories , occurs BSOD"
CIE-2203,[HP/Win10&11/ADL/GfP2/Starfox]Zoom/Microsoft teams cannot connect to internet when using ICPS and connecting to VPN,Drivers->Bandwidth Driver,7,[COMPONENT=Drivers->Bandwidth Driver] [HP/Win10&11/ADL/GfP2/Starfox]Zoom/Microsoft teams cannot connect to internet when using ICPS and connecting to VPN
CIE-3211,[Samsung][RPL][ICPS]Download speed using LAN dongle is low with ICPS.,Drivers->Bandwidth Driver,7,[COMPONENT=Drivers->Bandwidth Driver] [Samsung][RPL][ICPS]Download speed using LAN dongle is low with ICPS.
CIE-3336,[HP/Win11/ADL/GfP4/Dashiell] BSOD 0x1E during Zoom call,Drivers->Bandwidth Driver,7,[COMPONENT=Drivers->Bandwidth Driver] [HP/Win11/ADL/GfP4/Dashiell] BSOD 0x1E during Zoom call
CIE-3508,(Copy Of 00798845) Windows Crash Analysis traced to Intel driver components,Drivers->Bandwidth Driver,7,[COMPONENT=Drivers->Bandwidth Driver] (Copy Of 00798845) Windows Crash Analysis traced to Intel driver components
CIE-3997,[HP/SIO2248404/Win11/MTL/GfP2/Thompson] BSOD 0X0A point at IntcCo11X64.sys when running Restart test.,Drivers->Bandwidth Driver,7,[COMPONENT=Drivers->Bandwidth Driver] [HP/SIO2248404/Win11/MTL/GfP2/Thompson] BSOD 0X0A point at IntcCo11X64.sys when running Restart test.
CIE-4045,ICPS cant limit download bandwidth sometimes after manually set the BW limit,Drivers->Bandwidth Driver,7,[COMPONENT=Drivers->Bandwidth Driver] ICPS cant limit download bandwidth sometimes after manually set the BW limit
WIFI-104642,"[ASUS][Edimax]AX200  install the driver again, the installation completed screen, the title and content are inconsistent",Installer,7,"[COMPONENT=Installer] [ASUS][Edimax]AX200  install the driver again, the installation completed screen, the title and content are inconsistent"
WIFI-226810,[Dell][Oasis][AX211] Wlan driver v22.150.0.3 installation will pop up error message via intel installer,Installer,7,[COMPONENT=Installer] [Dell][Oasis][AX211] Wlan driver v22.150.0.3 installation will pop up error message via intel installer
WIFI-269893,[Dell][Wistron][AX211]This error occurred when the intel WLAN driver of intel AX211 WLAN Card was upgrade from intel WLAN driver 22.180.0.4 to 22.180.0.4.,Installer,7,[COMPONENT=Installer] [Dell][Wistron][AX211]This error occurred when the intel WLAN driver of intel AX211 WLAN Card was upgrade from intel WLAN driver 22.180.0.4 to 22.180.0.4.
WIFI-331059,WirelessSetup Installer doesnt apply extensions,Installer,7,[COMPONENT=Installer] WirelessSetup Installer doesnt apply extensions
WIFI-333524,[Dell-Wistron][D13.5][RPL-S Refresh]AX211 Wifi driver installation fails in CCW OS.,Installer,7,[COMPONENT=Installer] [Dell-Wistron][D13.5][RPL-S Refresh]AX211 Wifi driver installation fails in CCW OS.
WIFI-341472,[Dell][Wistron][AX201/AX210/AX200] This error occurs when the WLAN driver is upgraded from 22.200.2.1 to 22.250.0.4 or when cancel is pressed during installation.,Installer,7,[COMPONENT=Installer] [Dell][Wistron][AX201/AX210/AX200] This error occurs when the WLAN driver is upgraded from 22.200.2.1 to 22.250.0.4 or when cancel is pressed during installation.
WIFI-746815,"[Dell][Wistron][Huracan/Performante][PTL] install WLAN driver, UI shows error",Installer,7,"[COMPONENT=Installer] [Dell][Wistron][Huracan/Performante][PTL] install WLAN driver, UI shows error"
WIFI-334418,[Jinke][WIFI][Huawei][VangogH][MTL][EVT]The WI-FI met with YB and the BT driver also lost,FW->Coexistence,6,[COMPONENT=FW->Coexistence] [Jinke][WIFI][Huawei][VangogH][MTL][EVT]The WI-FI met with YB and the BT driver also lost
WIFI-349389,"[HP][Quanta]-[Voco][MTL][Win11 22H2] Wi-Fi list showed ""No Wi-Fi networks found"" when connected/disconnected miracast with BT LE headset connected.(Intel BE200)",FW->Coexistence,6,"[COMPONENT=FW->Coexistence] [HP][Quanta]-[Voco][MTL][Win11 22H2] Wi-Fi list showed ""No Wi-Fi networks found"" when connected/disconnected miracast with BT LE headset connected.(Intel BE200)"
WIFI-352784,"[HP][Wistron][24C1_Oski_MTL][GaP2-BE200][Win11 22H2 Build 10.0.22621.2428] Wi-Fi list shows ""No Wi-Fi networks found"" when connected WiFi.",FW->Coexistence,6,"[COMPONENT=FW->Coexistence] [HP][Wistron][24C1_Oski_MTL][GaP2-BE200][Win11 22H2 Build 10.0.22621.2428] Wi-Fi list shows ""No Wi-Fi networks found"" when connected WiFi."
WIFI-776762,[Samsung][PTL][BE211][P251008-02833] WLAN&BT devices is repeatedly dropping and reconnecting.,FW->Coexistence,6,[COMPONENT=FW->Coexistence] [Samsung][PTL][BE211][P251008-02833] WLAN&BT devices is repeatedly dropping and reconnecting.
WIFI-793434,[Honor][XuanWu][PTL][AX211 1216@160M][High probability]check 5002 reason(24.10 driver),FW->Coexistence,6,[COMPONENT=FW->Coexistence] [Honor][XuanWu][PTL][AX211 1216@160M][High probability]check 5002 reason(24.10 driver)
WIFI-797648,"[Honor][LuxsharePC][ZhuqueC][DVT][]AX211 1216@160M[25H2] After installing the WRT tool, WiFi frequently asserts 5002",FW->Coexistence,6,"[COMPONENT=FW->Coexistence] [Honor][LuxsharePC][ZhuqueC][DVT][]AX211 1216@160M[25H2] After installing the WRT tool, WiFi frequently asserts 5002"
WIFI-107960,[Huawei][Wingtech][CurieM][AMD Cezanne][AX200][20H2]Disconnect occurs during connection WLAN use?and can not search wifi,FW->TLC,6,[COMPONENT=FW->TLC] [Huawei][Wingtech][CurieM][AMD Cezanne][AX200][20H2]Disconnect occurs during connection WLAN use?and can not search wifi
WIFI-231703,[Honor][huaqin][HiggsE][ADL][AX201][21H1[20%]pc sap send data to phone gc use only 20Mhz,FW->TLC,6,[COMPONENT=FW->TLC] [Honor][huaqin][HiggsE][ADL][AX201][21H1[20%]pc sap send data to phone gc use only 20Mhz
WIFI-373164,[Dell][Compal]Oasis MTL System hang block under MODS,FW->TLC,6,[COMPONENT=FW->TLC] [Dell][Compal]Oasis MTL System hang block under MODS
WIFI-474448,[Lenovo_ThinkPad_JP][THAMES-2][LNL]{FmP2] Ping requested time out,FW->TLC,6,[COMPONENT=FW->TLC] [Lenovo_ThinkPad_JP][THAMES-2][LNL]{FmP2] Ping requested time out
WIFI-818173,[Lenovo-Ideapad][YOGA9P 16][PTL/BE211@1216/320Mhz][25H2] fail with router from Operator,FW->TLC,6,[COMPONENT=FW->TLC] [Lenovo-Ideapad][YOGA9P 16][PTL/BE211@1216/320Mhz][25H2] fail with router from Operator
WIFI-95904,Ax201 wifi driver 802.11g throughput  issue,FW->TLC,6,[COMPONENT=FW->TLC] Ax201 wifi driver 802.11g throughput  issue
WIFI-121295,[DELL Corp. DT/Foxconn/Intel ADL-S go fast][D12 Dolphin V SFF][WLAN]Unexpected critical error occurred in System Event log during Install WIFI driver (Event ID:5002/5010),Product,6,[COMPONENT=Product] [DELL Corp. DT/Foxconn/Intel ADL-S go fast][D12 Dolphin V SFF][WLAN]Unexpected critical error occurred in System Event log during Install WIFI driver (Event ID:5002/5010)
WIFI-133336,[HONOR][HUAQIN][HiggsE][Intel TGL][Intel AX201][21H1][WIFI]WiFi list shows that WiFi network cannot be found after shutdown and reboot,Product,6,[COMPONENT=Product] [HONOR][HUAQIN][HiggsE][Intel TGL][Intel AX201][21H1][WIFI]WiFi list shows that WiFi network cannot be found after shutdown and reboot
WIFI-135253,[HONOR][HUAQIN][HiggsE][Intel TGL][Intel AX201][21H1][WIFI]The WIFI driver appears yellow bang after connceting the network and idle,Product,6,[COMPONENT=Product] [HONOR][HUAQIN][HiggsE][Intel TGL][Intel AX201][21H1][WIFI]The WIFI driver appears yellow bang after connceting the network and idle
WIFI-185324,[Razer][BYD][D8][ADL-P][PVT] Killer AX1690i Wifi/BT PV sample unable to detect Wifi 6E 6Ghz band SSID from Wifi 6E router,Product,6,[COMPONENT=Product] [Razer][BYD][D8][ADL-P][PVT] Killer AX1690i Wifi/BT PV sample unable to detect Wifi 6E 6Ghz band SSID from Wifi 6E router
WIFI-545379,[HP][Wistron][FmP2_2230]2.4G DRTU Target power difference at the same SKU,Product,6,[COMPONENT=Product] [HP][Wistron][FmP2_2230]2.4G DRTU Target power difference at the same SKU
WIFI-95494,[Lenovo_DT][LCFC][Tiny8][ADL-S+ 600PCH][AX201][AX211][windows10_20H2][100%]CNVI Wireless Card Yellow Mark,Product,6,[COMPONENT=Product] [Lenovo_DT][LCFC][Tiny8][ADL-S+ 600PCH][AX201][AX211][windows10_20H2][100%]CNVI Wireless Card Yellow Mark
BT-121288,[Honor][HUAQIN][HiggsF][Intel ADL][Intel AX211][BT]The sound has caton murmur when DUT play music with a bluetooth speaker,FW- Audio -> Music - A2DP non-offload (ONLY),5,[COMPONENT=FW- Audio -> Music - A2DP non-offload (ONLY)] [Honor][HUAQIN][HiggsF][Intel ADL][Intel AX211][BT]The sound has caton murmur when DUT play music with a bluetooth speaker
BT-121717,[Huawei][HUAQIN][MorganG][Intel RPL][Intel AX211][BT]The sound has caton murmur when DUT play music with a bluetooth speaker,FW- Audio -> Music - A2DP non-offload (ONLY),5,[COMPONENT=FW- Audio -> Music - A2DP non-offload (ONLY)] [Huawei][HUAQIN][MorganG][Intel RPL][Intel AX211][BT]The sound has caton murmur when DUT play music with a bluetooth speaker
BT-134054,[Samsung][GfP2][Venus3-16] A2DP Sink connection is not stable,FW- Audio -> Music - A2DP non-offload (ONLY),5,[COMPONENT=FW- Audio -> Music - A2DP non-offload (ONLY)] [Samsung][GfP2][Venus3-16] A2DP Sink connection is not stable
BT-201875,No sound when connected to Razer Nommo V2 through BT,FW- Audio -> Music - A2DP non-offload (ONLY),5,[COMPONENT=FW- Audio -> Music - A2DP non-offload (ONLY)] No sound when connected to Razer Nommo V2 through BT
BT-289236,[Lenovo_IdeaPad][Elbrus Mount][LCFC][FVT][24H2][BE201]Sound output occur lag/delay(about 0.5S) serveral times when play local music with BT headset (F/R:2/2units 4/10cycles).,FW- Audio -> Music - A2DP non-offload (ONLY),5,[COMPONENT=FW- Audio -> Music - A2DP non-offload (ONLY)] [Lenovo_IdeaPad][Elbrus Mount][LCFC][FVT][24H2][BE201]Sound output occur lag/delay(about 0.5S) serveral times when play local music with BT headset (F/R:2/2units 4/10cycles).
WIFI-141153,"[Huawei][Quanta][H98VH99V][BohrENobelE_Intel][AX201][20H2][WIFI][BUG-20210810-33696] DUT resume from S4, turn in 5G hotspot , pop  ""The selected network band isn't available"", Select a different namd and try again""",FW->Scan,5,"[COMPONENT=FW->Scan] [Huawei][Quanta][H98VH99V][BohrENobelE_Intel][AX201][20H2][WIFI][BUG-20210810-33696] DUT resume from S4, turn in 5G hotspot , pop  ""The selected network band isn't available"", Select a different namd and try again"""
WIFI-249167,"[Huawei][Quanta][H9U][CurieF][AX211][21H2][WLAN][805696778_805733841_805739641_805743346 ] CurieF and mobile phone cooperate with Huawei multi-screen, softap is created in 2.4G",FW->Scan,5,"[COMPONENT=FW->Scan] [Huawei][Quanta][H9U][CurieF][AX211][21H2][WLAN][805696778_805733841_805739641_805743346 ] CurieF and mobile phone cooperate with Huawei multi-screen, softap is created in 2.4G"
WIFI-256268,[Honor][huaqin][HiggsE][ADL][AX201][21H1[20%]softap created at 2.4G channel,FW->Scan,5,[COMPONENT=FW->Scan] [Honor][huaqin][HiggsE][ADL][AX201][21H1[20%]softap created at 2.4G channel
WIFI-277902,[HUAWEI][HUAQIN][MorganG][Intel RPL][Intel AX 211][WIFI][Win11]The 5G hotspot can not be opened after S4.,FW->Scan,5,[COMPONENT=FW->Scan] [HUAWEI][HUAQIN][MorganG][Intel RPL][Intel AX 211][WIFI][Win11]The 5G hotspot can not be opened after S4.
WIFI-837812,[GU606A_BE211] Get Tx Power Delta Limits issue,FW->Scan,5,[COMPONENT=FW->Scan] [GU606A_BE211] Get Tx Power Delta Limits issue
CIE-1702,[Dynabook][Win11] the cmd.exe process which created by image auto recovery script  is terminated by ICPSConnect.exe after installing ICPS driver during recovery Preinstall OS image,Installation,5,[COMPONENT=Installation] [Dynabook][Win11] the cmd.exe process which created by image auto recovery script  is terminated by ICPSConnect.exe after installing ICPS driver during recovery Preinstall OS image
CIE-2168,[HP/Win11/ADL/GfP4/Thanos] Cannot install ICPS.appx via running install.bat,Installation,5,[COMPONENT=Installation] [HP/Win11/ADL/GfP4/Thanos] Cannot install ICPS.appx via running install.bat
CIE-3769,"[Huawei/Quanta] [H9HD][HookeF] [AX211][22H2][ICPS] Factory install ICPS occur error during install image, fail100+ units.",Installation,5,"[COMPONENT=Installation] [Huawei/Quanta] [H9HD][HookeF] [AX211][22H2][ICPS] Factory install ICPS occur error during install image, fail100+ units."
CIE-5162,[Dynabook]ICPS services still show running status after uninstalling ICPS driver and App,Installation,5,[COMPONENT=Installation] [Dynabook]ICPS services still show running status after uninstalling ICPS driver and App
CIE-5912,[HP/SIO2350646/Win11/LNL/FmP2/MasadaNX],Installation,5,[COMPONENT=Installation] [HP/SIO2350646/Win11/LNL/FmP2/MasadaNX]
CIE-3244,"[HP/SIO2183822/Win10/Win11/RPL/GfP2/Kraken] No ""WWAN"" select item under ""Manually Configure Connection Setting"" page",Services->Static Library,5,"[COMPONENT=Services->Static Library] [HP/SIO2183822/Win10/Win11/RPL/GfP2/Kraken] No ""WWAN"" select item under ""Manually Configure Connection Setting"" page"
CIE-3689,[Dynabook]the network doesnt work when connected to the VPN,Services->Static Library,5,[COMPONENT=Services->Static Library] [Dynabook]the network doesnt work when connected to the VPN
CIE-3944,[HP/SIO2237769/Win11/MTL/GfP2/Rex] Cannot find ACM tab when connecting WWAN and WLAN,Services->Static Library,5,[COMPONENT=Services->Static Library] [HP/SIO2237769/Win11/MTL/GfP2/Rex] Cannot find ACM tab when connecting WWAN and WLAN
CIE-4447,[Lenovo][LunarLake][BE201][24H2][ICPS4.0]BSOD 0x0A points to ICPS,Services->Static Library,5,[COMPONENT=Services->Static Library] [Lenovo][LunarLake][BE201][24H2][ICPS4.0]BSOD 0x0A points to ICPS
CIE-5901,[Lenovo][LunarLake][BE201][24H2][100%][ICPS4.0]MSFT websites cant be opened with ICPS installed,Services->Static Library,5,[COMPONENT=Services->Static Library] [Lenovo][LunarLake][BE201][24H2][100%][ICPS4.0]MSFT websites cant be opened with ICPS installed
CIE-3594,"[May CI][Y780 IRX D/H Full]Some characters of ""Killer Intelligence Center"" APP have not been translated into Chinese in the CN OS.(F/R:2/2units, 4/4cycles)",User Interface->Killer,5,"[COMPONENT=User Interface->Killer] [May CI][Y780 IRX D/H Full]Some characters of ""Killer Intelligence Center"" APP have not been translated into Chinese in the CN OS.(F/R:2/2units, 4/4cycles)"
CIE-6587,"[Acer/Compal][Panamera_ARH] Killer control center, when click Start VR Mode button, the uut Mobile hotspot cannot turn on.",User Interface->Killer,5,"[COMPONENT=User Interface->Killer] [Acer/Compal][Panamera_ARH] Killer control center, when click Start VR Mode button, the uut Mobile hotspot cannot turn on."
CIE-7867,[Lenovo-Ideapad][Y9 GenX][ARL ][24H2] killer APP  window black screen  after WB,User Interface->Killer,5,[COMPONENT=User Interface->Killer] [Lenovo-Ideapad][Y9 GenX][ARL ][24H2] killer APP  window black screen  after WB
CIE-7878,[Lenovo-Ideapad][Y9 GenX][ARL ][24H2] Gamefast cant auto enable,User Interface->Killer,5,[COMPONENT=User Interface->Killer] [Lenovo-Ideapad][Y9 GenX][ARL ][24H2] Gamefast cant auto enable
CIE-7915,[Lenovo-Ideapad][Y9 GenX][ARL ][24H2] reset all button not work,User Interface->Killer,5,[COMPONENT=User Interface->Killer] [Lenovo-Ideapad][Y9 GenX][ARL ][24H2] reset all button not work
WIFI-219088,[WW20-21 PO][Dell_Arches_RPL] Intel WLAN AX211 driver cannot be install,WinDriver->Installation,5,[COMPONENT=WinDriver->Installation] [WW20-21 PO][Dell_Arches_RPL] Intel WLAN AX211 driver cannot be install
WIFI-320076,[ASUS Gaming][RPL][BE200] install 1.0.6.12 driver YB(Code 43),WinDriver->Installation,5,[COMPONENT=WinDriver->Installation] [ASUS Gaming][RPL][BE200] install 1.0.6.12 driver YB(Code 43)
WIFI-521162,[Dell][Wistron][Jarvis][CSLP][PTL] WLAN card(BE201) will show YB after install PTL WW40 WLAN driver,WinDriver->Installation,5,[COMPONENT=WinDriver->Installation] [Dell][Wistron][Jarvis][CSLP][PTL] WLAN card(BE201) will show YB after install PTL WW40 WLAN driver
WIFI-671652,[MSI][BE200][ARL] 23.140.0.3 WIFI Driver install fail,WinDriver->Installation,5,[COMPONENT=WinDriver->Installation] [MSI][BE200][ARL] 23.140.0.3 WIFI Driver install fail
WIFI-680095,[Clevo][RPL-HX][AX211][V3xxSNxQ]Driver 23.130 Installation Issue,WinDriver->Installation,5,[COMPONENT=WinDriver->Installation] [Clevo][RPL-HX][AX211][V3xxSNxQ]Driver 23.130 Installation Issue
BT-268871,"[Lenovo][Aladdin][LNL FVT][BE201][Win11] Event log shows Warning ""BTHUSB  Event ID 07""",FW- Device Power,4,"[COMPONENT=FW- Device Power] [Lenovo][Aladdin][LNL FVT][BE201][Win11] Event log shows Warning ""BTHUSB  Event ID 07"""
BT-271922,[Lenovo][Aladdin][LNL FVT][BE201][Win11] BT device lost during S4 stress test,FW- Device Power,4,[COMPONENT=FW- Device Power] [Lenovo][Aladdin][LNL FVT][BE201][Win11] BT device lost during S4 stress test
BT-276063,"[HP][IEC] - [Keelung][LNL][FMP2-BE201] The ""Intel Bluetooth"" device lost in DM after the system idle for about 30-60 mins.",FW- Device Power,4,"[COMPONENT=FW- Device Power] [HP][IEC] - [Keelung][LNL][FMP2-BE201] The ""Intel Bluetooth"" device lost in DM after the system idle for about 30-60 mins."
BT-295927,[Lenovo-Ideapad][LNL][Shangri-la][BE201][24H2] BT lost while S4 stress,FW- Device Power,4,[COMPONENT=FW- Device Power] [Lenovo-Ideapad][LNL][Shangri-la][BE201][24H2] BT lost while S4 stress
BT-292189,[Honor][Huaqin][MooreA][MTL][AX211] Extended adv Maximum payloa Length Debugging,FW- Protocol -> ADV_EXT,4,[COMPONENT=FW- Protocol -> ADV_EXT] [Honor][Huaqin][MooreA][MTL][AX211] Extended adv Maximum payloa Length Debugging
BT-332477,[Samsung][Venus5-16LNL][FmP2] DUT cannot receive LE adv extension packets from mobile phone,FW- Protocol -> ADV_EXT,4,[COMPONENT=FW- Protocol -> ADV_EXT] [Samsung][Venus5-16LNL][FmP2] DUT cannot receive LE adv extension packets from mobile phone
BT-334461,[Xiaomi][AX203][i5-11320H]PC cannot scan phone for a long time,FW- Protocol -> ADV_EXT,4,[COMPONENT=FW- Protocol -> ADV_EXT] [Xiaomi][AX203][i5-11320H]PC cannot scan phone for a long time
BT-70178,[Lenovo ThinkPad JP][jaguar_2_panther_2][ADL-P][[Tile Ring] Tile Ring pulse irregularity,FW- Protocol -> ADV_EXT,4,[COMPONENT=FW- Protocol -> ADV_EXT] [Lenovo ThinkPad JP][jaguar_2_panther_2][ADL-P][[Tile Ring] Tile Ring pulse irregularity
CIE-10395,WWAN type is not visible when Intel Connectivity Performance Suite is dark mode.,ICPS->UI,4,[COMPONENT=ICPS->UI] WWAN type is not visible when Intel Connectivity Performance Suite is dark mode.
CIE-8220,"[HP/Win11/LNL/FmP2/SnowWhite] ]The string ""Intel is committed to responsible AI."" show black when dark mode enabled.",ICPS->UI,4,"[COMPONENT=ICPS->UI] [HP/Win11/LNL/FmP2/SnowWhite] ]The string ""Intel is committed to responsible AI."" show black when dark mode enabled."
CIE-9017,"[HP/Win11/ARL/FmP2/Machu] DISABLE ""Enable smart access point selection"" , ""selection,pop-up notification for a better network"" option still ENABLE and also can work.",ICPS->UI,4,"[COMPONENT=ICPS->UI] [HP/Win11/ARL/FmP2/Machu] DISABLE ""Enable smart access point selection"" , ""selection,pop-up notification for a better network"" option still ENABLE and also can work."
CIE-9792,"[HP/COMM/25H2/PTL/WhP2/CashmereI/50.25.1121.193] Turn off Enabled Smart Access Point Selection then click reset all setting to default, the item still is off.",ICPS->UI,4,"[COMPONENT=ICPS->UI] [HP/COMM/25H2/PTL/WhP2/CashmereI/50.25.1121.193] Turn off Enabled Smart Access Point Selection then click reset all setting to default, the item still is off."
CIE-2046,[HP/Win11/ADL/GfP2/Starfox] SW drip value show 0% & HW value is empty in Sleepstudy report.,Services->Dynamic Bandwidth,4,[COMPONENT=Services->Dynamic Bandwidth] [HP/Win11/ADL/GfP2/Starfox] SW drip value show 0% & HW value is empty in Sleepstudy report.
CIE-2142,[Huawei][Quanta][H9U][CurieF][AX211][21H2][ICPS][BUG-20220509-50665] Run Step fastboot(S5) meet BSOD  CRITCAL_PROCESS_DIED?bugcheck?0xEF,Services->Dynamic Bandwidth,4,[COMPONENT=Services->Dynamic Bandwidth] [Huawei][Quanta][H9U][CurieF][AX211][21H2][ICPS][BUG-20220509-50665] Run Step fastboot(S5) meet BSOD  CRITCAL_PROCESS_DIED?bugcheck?0xEF
CIE-2150,"[Lenovo-ThinkPad][Libra-1][AlderLake][AX211][21H2][<5%]:Error ID 1000(IDBWM.exe) was found during S4 stress test(F/R:1/13 units,1/1950 total trials)",Services->Dynamic Bandwidth,4,"[COMPONENT=Services->Dynamic Bandwidth] [Lenovo-ThinkPad][Libra-1][AlderLake][AX211][21H2][<5%]:Error ID 1000(IDBWM.exe) was found during S4 stress test(F/R:1/13 units,1/1950 total trials)"
CIE-3132,[Huawei][Quanta][H9HR][HookeG][AX211][22H2][ICPS][BUG-20230418-68645] Beta user play game meet BSOD 14F,Services->Dynamic Bandwidth,4,[COMPONENT=Services->Dynamic Bandwidth] [Huawei][Quanta][H9HR][HookeG][AX211][22H2][ICPS][BUG-20230418-68645] Beta user play game meet BSOD 14F
WIFI-773479,[HP][Huaqin][Deso&Esa][RPL][Win11][SIT][FIT-COMM][26C1][PTL][14/16][SI]T he unit cannot be awakened from MS when tester near by it after entering MS 20mins,WinDriver->Sensing,4,[COMPONENT=WinDriver->Sensing] [HP][Huaqin][Deso&Esa][RPL][Win11][SIT][FIT-COMM][26C1][PTL][14/16][SI]T he unit cannot be awakened from MS when tester near by it after entering MS 20mins
WIFI-777206,[HP][Huaqin][Deso&Esa][Win11][SIT][FIT-COMM][26C1][PTL][14/16][SI]The unit will turn off the screen when sitting in front of the unit doing other things.,WinDriver->Sensing,4,[COMPONENT=WinDriver->Sensing] [HP][Huaqin][Deso&Esa][Win11][SIT][FIT-COMM][26C1][PTL][14/16][SI]The unit will turn off the screen when sitting in front of the unit doing other things.
WIFI-790172,[PTL][Samsung][wifi sensing] HPD is not working for 5~20 min after hibernation or hybrid shutdown,WinDriver->Sensing,4,[COMPONENT=WinDriver->Sensing] [PTL][Samsung][wifi sensing] HPD is not working for 5~20 min after hibernation or hybrid shutdown
WIFI-817026,[FCCL][Sensing]System doesnt wake by WoA when Turn off my screen when I leave is turned off,WinDriver->Sensing,4,[COMPONENT=WinDriver->Sensing] [FCCL][Sensing]System doesnt wake by WoA when Turn off my screen when I leave is turned off
WIFI-108138,[Venus-15 TGL Ext TyP2] WLAN and BT YB when enter BIOS/EFIshell/WinPE and reboot,3rd Party->Incoming->Platform,3,[COMPONENT=3rd Party->Incoming->Platform] [Venus-15 TGL Ext TyP2] WLAN and BT YB when enter BIOS/EFIshell/WinPE and reboot
WIFI-164009,"[Dell_Compal_Horizon MLK_ADL-P_Oct2021] SUT_can?t_connect_to_external_monitor_via_Miracast_at_first_time_(FR:3/3U,6/6T)",3rd Party->Incoming->Platform,3,"[COMPONENT=3rd Party->Incoming->Platform] [Dell_Compal_Horizon MLK_ADL-P_Oct2021] SUT_can?t_connect_to_external_monitor_via_Miracast_at_first_time_(FR:3/3U,6/6T)"
WIFI-174826,[Lenovo-Thinkpad][Wistron][Fenrir Intel][ADL][IntelAX211] WiFi6E WiFi throughput test fail,3rd Party->Incoming->Platform,3,[COMPONENT=3rd Party->Incoming->Platform] [Lenovo-Thinkpad][Wistron][Fenrir Intel][ADL][IntelAX211] WiFi6E WiFi throughput test fail
BT-324957,[HP][Quanta]-[Trekker][PTL-H][ES][DB][Win11 24H2] BT lost after restart. (Intel BE211),3rd Party - Platform - OEM,3,[COMPONENT=3rd Party - Platform - OEM] [HP][Quanta]-[Trekker][PTL-H][ES][DB][Win11 24H2] BT lost after restart. (Intel BE211)
BT-361566,(Copy Of 00962919) [HP][OBU][Graham-i]System hang when Wheel Peak 2 CNVI built in device enable,3rd Party - Platform - OEM,3,[COMPONENT=3rd Party - Platform - OEM] (Copy Of 00962919) [HP][OBU][Graham-i]System hang when Wheel Peak 2 CNVI built in device enable
BT-388310,"[Dell_Compal][RNG][PTL][WhP2]Renegade MLK platform factory build encountered BE211 BT YB issue (code 43, 31, 10)",3rd Party - Platform - OEM,3,"[COMPONENT=3rd Party - Platform - OEM] [Dell_Compal][RNG][PTL][WhP2]Renegade MLK platform factory build encountered BE211 BT YB issue (code 43, 31, 10)"
BT-303616,"[Lenovo_IdeaPad][Elbrus Mount][LCFC][SIT][24H2][BE201]No sound output from BT headset after disconnecting and reconnecting the BT headset multiple times.(FR: 2/2 units, 4/4 cycles)",FW- Audio -> A2DP Offload Datapath,3,"[COMPONENT=FW- Audio -> A2DP Offload Datapath] [Lenovo_IdeaPad][Elbrus Mount][LCFC][SIT][24H2][BE201]No sound output from BT headset after disconnecting and reconnecting the BT headset multiple times.(FR: 2/2 units, 4/4 cycles)"
BT-418245,[Lenovo][Kailash][PTL/BE211@1216/320Mhz][25H2]Bluetooth no voice when resume from s4,FW- Audio -> A2DP Offload Datapath,3,[COMPONENT=FW- Audio -> A2DP Offload Datapath] [Lenovo][Kailash][PTL/BE211@1216/320Mhz][25H2]Bluetooth no voice when resume from s4
BT-477574,[LG][16Z90U][PTL/BE211/Win11 25H2] Youtube lip-sync issue when connecting Bluetooth classic audio,FW- Audio -> A2DP Offload Datapath,3,[COMPONENT=FW- Audio -> A2DP Offload Datapath] [LG][16Z90U][PTL/BE211/Win11 25H2] Youtube lip-sync issue when connecting Bluetooth classic audio
BT-279639,[Dell_Compal][TRK14][LNL][FmP2]Win10(22H2)_Stress_CB_Device YB_Intel(R) Bluetooth(R) PCI Enumerator,FW- IML,3,[COMPONENT=FW- IML] [Dell_Compal][TRK14][LNL][FmP2]Win10(22H2)_Stress_CB_Device YB_Intel(R) Bluetooth(R) PCI Enumerator
BT-410482,[ASUS][UX8407AA][BE201] BT device lost when running S4 aging test.,FW- IML,3,[COMPONENT=FW- IML] [ASUS][UX8407AA][BE201] BT device lost when running S4 aging test.
BT-418270,[ASUS][Quanta][PTL][GU405A] BT will lost device during S4 long run,FW- IML,3,[COMPONENT=FW- IML] [ASUS][Quanta][PTL][GU405A] BT will lost device during S4 long run
WIFI-485438,[ASUS][ARL][BE201] WLAN Driver installation sometimes will show YB.,FW->Sensing,3,[COMPONENT=FW->Sensing] [ASUS][ARL][BE201] WLAN Driver installation sometimes will show YB.
WIFI-750032,[PTL][Samsung][GB6 pro][wifi sensing]DUT wakes up intermittently without any human detection,FW->Sensing,3,[COMPONENT=FW->Sensing] [PTL][Samsung][GB6 pro][wifi sensing]DUT wakes up intermittently without any human detection
WIFI-774807,[PTL][Samsung][WhP2][wifi sensing]HPD didnt work after boot.,FW->Sensing,3,[COMPONENT=FW->Sensing] [PTL][Samsung][WhP2][wifi sensing]HPD didnt work after boot.
BT-271587,[Xiaomi][Huaqin][N56s_N57s][ARL][Win11] [P0] Found BT YB during coldboot testing.[FR:2 out of 10 units; 2 out of 5000 times],Fw –> Top,3,[COMPONENT=Fw –> Top] [Xiaomi][Huaqin][N56s_N57s][ARL][Win11] [P0] Found BT YB during coldboot testing.[FR:2 out of 10 units; 2 out of 5000 times]
BT-295204,[Xiaomi][Huaqin][N56s_N57s][ARL][Win11] [P2] BT device change to USB unknown device during coldboot testing.[FR:1 out of 15 units; 1 out of 7500 times],Fw –> Top,3,[COMPONENT=Fw –> Top] [Xiaomi][Huaqin][N56s_N57s][ARL][Win11] [P2] BT device change to USB unknown device during coldboot testing.[FR:1 out of 15 units; 1 out of 7500 times]
BT-425899,[MI][Huaqin][N56SR\N57SR]BT YB During reboot test,Fw –> Top,3,[COMPONENT=Fw –> Top] [MI][Huaqin][N56SR\N57SR]BT YB During reboot test
CIE-3509,[ICPS]Application Crash,Installation->CustomizeInstallFirstRun,3,[COMPONENT=Installation->CustomizeInstallFirstRun] [ICPS]Application Crash
CIE-3964,[VAIO][MTL] ICPS cannot be installed with vPro Enterprise Environment.,Installation->CustomizeInstallFirstRun,3,[COMPONENT=Installation->CustomizeInstallFirstRun] [VAIO][MTL] ICPS cannot be installed with vPro Enterprise Environment.
CIE-3978,ICPS3.0 installation failure,Installation->CustomizeInstallFirstRun,3,[COMPONENT=Installation->CustomizeInstallFirstRun] ICPS3.0 installation failure
DBGT-95197,[Samsung][ARL][Venus5-16int]DRTU BT LINKED MODE ERROR,Other,3,[COMPONENT=Other] [Samsung][ARL][Venus5-16int]DRTU BT LINKED MODE ERROR
WIFI-136953,[HP/SIO1995756/Win11/TGL/JfP1/HrP2/Ducky] Mobile hotspot cannot be opened when selecting 5GHz band,Other,3,[COMPONENT=Other] [HP/SIO1995756/Win11/TGL/JfP1/HrP2/Ducky] Mobile hotspot cannot be opened when selecting 5GHz band
WIFI-99052,[HP/SIO1957213/Win10/JSL/JfP1/Langkawi] Run System - PNP (disable and enable) with IO Before and After (Reliability) fail in Intel wlan/BT card error,Other,3,[COMPONENT=Other] [HP/SIO1957213/Win10/JSL/JfP1/Langkawi] Run System - PNP (disable and enable) with IO Before and After (Reliability) fail in Intel wlan/BT card error
CIE-2711,[HP/SIO2156240/Win11/RPL/GfP4/Frozone] The Unit still need to enter password during switching saved network on the Network Health page,Services,3,[COMPONENT=Services] [HP/SIO2156240/Win11/RPL/GfP4/Frozone] The Unit still need to enter password during switching saved network on the Network Health page
CIE-3330,[HP][Quanta]-[Heribe][MTL][Win11 22H2] Get lot of ICPS (Intel Connectivity Performance Suite) error message from Application event log.,Services,3,[COMPONENT=Services] [HP][Quanta]-[Heribe][MTL][Win11 22H2] Get lot of ICPS (Intel Connectivity Performance Suite) error message from Application event log.
CIE-3820,[Dell][Compal][Tributo MTL][Pista MTL] SUT would stuck at preparing step (Proces,Services,3,[COMPONENT=Services] [Dell][Compal][Tributo MTL][Pista MTL] SUT would stuck at preparing step (Proces
WIFI-102934,"[DELL Corp. DT/D11 Buffalo-MFF/Pegatorn/RKL-S+Q570][WIFI] Run Intel PETS PM_ST_11 failed in ""Check that the Host responds - WLAN""",WiAMTDriver,3,"[COMPONENT=WiAMTDriver] [DELL Corp. DT/D11 Buffalo-MFF/Pegatorn/RKL-S+Q570][WIFI] Run Intel PETS PM_ST_11 failed in ""Check that the Host responds - WLAN"""
WIFI-546978,[Dell/compal][ARL-H][Renegade]ME doesnt respond to the ping request when BSOD in 2nd times,WiAMTDriver,3,[COMPONENT=WiAMTDriver] [Dell/compal][ARL-H][Renegade]ME doesnt respond to the ping request when BSOD in 2nd times
WIFI-95229,"[DELL Corp. WS/Pegatron/Redington/RKL-S W580][WIFI] Run Intel PETS PM_ST_9  failed in step19 ""Check that the Host responds - WLAN"" when resume from S4 with WLAN driver 22.30.0.6",WiAMTDriver,3,"[COMPONENT=WiAMTDriver] [DELL Corp. WS/Pegatron/Redington/RKL-S W580][WIFI] Run Intel PETS PM_ST_9  failed in step19 ""Check that the Host responds - WLAN"" when resume from S4 with WLAN driver 22.30.0.6"
WIFI-354702,[MTL][BE200] - BSOD0x7E pointing to Netwtw12.sys encountered,WiAMTDriver->WiMaD,3,[COMPONENT=WiAMTDriver->WiMaD] [MTL][BE200] - BSOD0x7E pointing to Netwtw12.sys encountered
WIFI-425707,[Samsung][MTL][AX211][P240516-07371] The system suddenly cannot scan nearby wireless APs while toglles WiFi via the tray icon.,WiAMTDriver->WiMaD,3,[COMPONENT=WiAMTDriver->WiMaD] [Samsung][MTL][AX211][P240516-07371] The system suddenly cannot scan nearby wireless APs while toglles WiFi via the tray icon.
WIFI-626295,[LCFC][ARL-S][Tiny11] S3 enter time greater than 8 seconds,WiAMTDriver->WiMaD,3,[COMPONENT=WiAMTDriver->WiMaD] [LCFC][ARL-S][Tiny11] S3 enter time greater than 8 seconds
WIFI-131221,[Huawei/Bitland][CML-S][Pangu] RSE Test Fail For 5G WIFI_11ac_160M_CH50/114&5G WIFI_11ax_160M_CH50/114,3rd Party-BIOS Wireless feature,2,[COMPONENT=3rd Party-BIOS Wireless feature] [Huawei/Bitland][CML-S][Pangu] RSE Test Fail For 5G WIFI_11ac_160M_CH50/114&5G WIFI_11ax_160M_CH50/114
WIFI-150557,HP_SIO2016038 - [3LS] SIP107742 - PB/Accenture Solutions/440 G8 /GA/ Unable to connect HotSpot on 5GHz band/APJ,3rd Party-BIOS Wireless feature,2,[COMPONENT=3rd Party-BIOS Wireless feature] HP_SIO2016038 - [3LS] SIP107742 - PB/Accenture Solutions/440 G8 /GA/ Unable to connect HotSpot on 5GHz band/APJ
WIFI-121501,Lenovo ThinkPad CN][LCFC][X13 T14s AMD ][21H1]BSOD 0x9F happened with Intel WLAN driver 22.40.0.7 during Hibernate 3.2 longrun test,3rd Party->Bridge Incoming->MSFT,2,[COMPONENT=3rd Party->Bridge Incoming->MSFT] Lenovo ThinkPad CN][LCFC][X13 T14s AMD ][21H1]BSOD 0x9F happened with Intel WLAN driver 22.40.0.7 during Hibernate 3.2 longrun test
WIFI-139871,Lenovo ThinkPad JP][LCFC][T14 X13 X1 Carbon G8 ] Never crash issue:BSOD 0x9F occurs.,3rd Party->Bridge Incoming->MSFT,2,[COMPONENT=3rd Party->Bridge Incoming->MSFT] Lenovo ThinkPad JP][LCFC][T14 X13 X1 Carbon G8 ] Never crash issue:BSOD 0x9F occurs.
WIFI-326867,[Lenovo_IdeaPad_CSLP][QuZhou 6D][EVQS C0][LCFC][FVT3]Stress_MS_The HW drips show 0%,3rd Party->Bridge Incoming->Platform,2,[COMPONENT=3rd Party->Bridge Incoming->Platform] [Lenovo_IdeaPad_CSLP][QuZhou 6D][EVQS C0][LCFC][FVT3]Stress_MS_The HW drips show 0%
WIFI-421234,[Lenovo][Shangri-la][LNL][BE201][WIN11][100%]The maginal test of CITU fail.,3rd Party->Bridge Incoming->Platform,2,[COMPONENT=3rd Party->Bridge Incoming->Platform] [Lenovo][Shangri-la][LNL][BE201][WIN11][100%]The maginal test of CITU fail.
CIE-2998,[Lenovo][RaptorLake][AX211][22H2][100%][ICPS2.0]: Unsigned AnalyticsDataAcess.dll,Build System,2,[COMPONENT=Build System] [Lenovo][RaptorLake][AX211][22H2][100%][ICPS2.0]: Unsigned AnalyticsDataAcess.dll
CIE-4344,[MSI][NB][MS-17Q2][RPL-HX]Killer extension and component driver WU reques,Build System,2,[COMPONENT=Build System] [MSI][NB][MS-17Q2][RPL-HX]Killer extension and component driver WU reques
BT-172286,[HP][Quanta]-[Herbie][MTL][Win11 22H2] Only one side is connected when paired BT LE audio headsets.(Intel BE200),FW_Audio->LE_Audio,2,[COMPONENT=FW_Audio->LE_Audio] [HP][Quanta]-[Herbie][MTL][Win11 22H2] Only one side is connected when paired BT LE audio headsets.(Intel BE200)
BT-218156,[HP] - SIO2247962  - [Canopy_MTL/RPL] The BT LE headset and BT mouse will occurs lag simultaneously when playing online video (Intel AX211),FW_Audio->LE_Audio,2,[COMPONENT=FW_Audio->LE_Audio] [HP] - SIO2247962  - [Canopy_MTL/RPL] The BT LE headset and BT mouse will occurs lag simultaneously when playing online video (Intel AX211)
BT-187756,"[HP] - SIO2224827 - [Brunobear_RPL-HXR] BT show YB in DM after turn off ""Use LE Audio when available"" with BT LE headset connected (AX211)",FW- Build,2,"[COMPONENT=FW- Build] [HP] - SIO2224827 - [Brunobear_RPL-HXR] BT show YB in DM after turn off ""Use LE Audio when available"" with BT LE headset connected (AX211)"
BT-188774,[Samsung] [Vesta4 RPL-R] [GfP2] [Bluetooth] BT YB after connect BT headset,FW- Build,2,[COMPONENT=FW- Build] [Samsung] [Vesta4 RPL-R] [GfP2] [Bluetooth] BT YB after connect BT headset
BT-377868,[HP][IEC] - SIO2396005[CashmereI][PTL][Whp2-BE211]Bluetooth - LEExtendedAdvertising (Development and Integration) test failed,FW- Datapath,2,[COMPONENT=FW- Datapath] [HP][IEC] - SIO2396005[CashmereI][PTL][Whp2-BE211]Bluetooth - LEExtendedAdvertising (Development and Integration) test failed
BT-407345,[Lenovo ThinkPad][Avon/PTL/BE211][PCI][25H2] BT Lost Device Issue on Modern Standby,FW- Datapath,2,[COMPONENT=FW- Datapath] [Lenovo ThinkPad][Avon/PTL/BE211][PCI][25H2] BT Lost Device Issue on Modern Standby
BT-27152,[Huawei][Quanta][Hubble][WKL][9560][BT][19H2][804702072]Music lag 1~2 sec by Freelance BT headphone.,FW- Protocol -> AFH,2,[COMPONENT=FW- Protocol -> AFH] [Huawei][Quanta][Hubble][WKL][9560][BT][19H2][804702072]Music lag 1~2 sec by Freelance BT headphone.
BT-289100,"[Lenovo_IdeaPad][Wenchang][LCFC][LNL][SIT][24H2][BE201]BT headset have noise & lag when play local or online music.(F/R: 2/2units,3/20cycles)",FW- Protocol -> AFH,2,"[COMPONENT=FW- Protocol -> AFH] [Lenovo_IdeaPad][Wenchang][LCFC][LNL][SIT][24H2][BE201]BT headset have noise & lag when play local or online music.(F/R: 2/2units,3/20cycles)"
BT-102177,"[HUAWEI][HUAQIN][MorganF][Intel ADL][Intel AX 211][BT][Win11]The DUT BT Log shows ""Hardware error"" when connecting to Phone.",FW- Protocol -> TPC & LE TPC,2,"[COMPONENT=FW- Protocol -> TPC & LE TPC] [HUAWEI][HUAQIN][MorganF][Intel ADL][Intel AX 211][BT][Win11]The DUT BT Log shows ""Hardware error"" when connecting to Phone."
BT-289135,[Lenovo_IdeaPad][Tianzhu 16][LCFC][SIT][24H2][BE201/BE200]BT Device lag and autodisconnect and the re-connect,FW- Protocol -> TPC & LE TPC,2,[COMPONENT=FW- Protocol -> TPC & LE TPC] [Lenovo_IdeaPad][Tianzhu 16][LCFC][SIT][24H2][BE201/BE200]BT Device lag and autodisconnect and the re-connect
BT-224321,[wuzhibin[BT][Huawei][VangogH][MTL][23.30.0.3]bt driver loss,FW- ROM,2,[COMPONENT=FW- ROM] [wuzhibin[BT][Huawei][VangogH][MTL][23.30.0.3]bt driver loss
BT-334873,[WIKO][LC][MarseilleI][ARL-AX201][DVT1] BT show YB (code 43) when running Sx stress,FW- ROM,2,[COMPONENT=FW- ROM] [WIKO][LC][MarseilleI][ARL-AX201][DVT1] BT show YB (code 43) when running Sx stress
WIFI-121493,[HP/Win10/CML/JFP2/Milos] YB 43 after resume from critical S4,FW->The Platform,2,[COMPONENT=FW->The Platform] [HP/Win10/CML/JFP2/Milos] YB 43 after resume from critical S4
WIFI-284043,[HP][Quanta]-[Willie][MTL][AX211][Win11 22H2]WiFi device YB with camera device power on,FW->The Platform,2,[COMPONENT=FW->The Platform] [HP][Quanta]-[Willie][MTL][AX211][Win11 22H2]WiFi device YB with camera device power on
WOT-18948,[Dell][Intel][ALD-S+B660][Desktop][Dolphin-V 3891] AX201 Test fail during WBT,GNNR,2,[COMPONENT=GNNR] [Dell][Intel][ALD-S+B660][Desktop][Dolphin-V 3891] AX201 Test fail during WBT
WOT-3671,[Dell][Compal][Odyssey] GNNR under WinPE and DDD an error occurred or cannot be used,GNNR,2,[COMPONENT=GNNR] [Dell][Compal][Odyssey] GNNR under WinPE and DDD an error occurred or cannot be used
BT-308751,[HP][IEC] - SIO2329502 [Machu ARL][ARL-U][Fmp2-BE201][Win11 24H2]Test Failed when run BT PLDR test.,Host Windows- Tools,2,[COMPONENT=Host Windows- Tools] [HP][IEC] - SIO2329502 [Machu ARL][ARL-U][Fmp2-BE201][Win11 24H2]Test Failed when run BT PLDR test.
BT-50885,(Copy Of 00664828) [ASUS MB][ADL-S][GfP2][BT][22.100] ibterverify version error,Host Windows- Tools,2,[COMPONENT=Host Windows- Tools] (Copy Of 00664828) [ASUS MB][ADL-S][GfP2][BT][22.100] ibterverify version error
CIE-11477,"ICM-UI- In Dark theme , ""No Data"" text in the usage details page is not visible",ICM->UI,2,"[COMPONENT=ICM->UI] ICM-UI- In Dark theme , ""No Data"" text in the usage details page is not visible"
CIE-11479,ICM-UI - When minimizing the app there is no scroll bar available,ICM->UI,2,[COMPONENT=ICM->UI] ICM-UI - When minimizing the app there is no scroll bar available
WIFI-135351,[DELL/Kyoto/KyotoP/Wistron/ADL-S][Linux] [AX211][WIFI]Ubuntu kernel 5.13 is lack of Intel CNVi card support on ADL-S platform,LinuxDriver,2,[COMPONENT=LinuxDriver] [DELL/Kyoto/KyotoP/Wistron/ADL-S][Linux] [AX211][WIFI]Ubuntu kernel 5.13 is lack of Intel CNVi card support on ADL-S platform
WIFI-135353,[DELL/Dolphin N/V MTE/Wistron/ADL-S][Linux] [9462][WIFI]Ubuntu kernel 5.13 is lack of Intel CNVi card support on ADL-S platform,LinuxDriver,2,[COMPONENT=LinuxDriver] [DELL/Dolphin N/V MTE/Wistron/ADL-S][Linux] [9462][WIFI]Ubuntu kernel 5.13 is lack of Intel CNVi card support on ADL-S platform
BT-231806,[HP][Quanta]-[Regis][LNL-MX][Win11 24H2] BT device lost in DM after resume from S3 / S4 (Intel FmP2),LNL_A0_HW_Limitation,2,[COMPONENT=LNL_A0_HW_Limitation] [HP][Quanta]-[Regis][LNL-MX][Win11 24H2] BT device lost in DM after resume from S3 / S4 (Intel FmP2)
BT-236244,[Lenovo-IdeaPad[LNL][24H2][QiXia][FVT][FMP]bluetooth devices LOST,LNL_A0_HW_Limitation,2,[COMPONENT=LNL_A0_HW_Limitation] [Lenovo-IdeaPad[LNL][24H2][QiXia][FVT][FMP]bluetooth devices LOST
WIFI-100743,[Samsung][Mars-13][TyP2] HE160 RU-26T/52T Tx power issue for 6-7GHz,Product->RF,2,[COMPONENT=Product->RF] [Samsung][Mars-13][TyP2] HE160 RU-26T/52T Tx power issue for 6-7GHz
WIFI-104639,[SAMSUNG]-[TGL][AX210D2W] TyP2 EVM (Constellation OFDM) Failed at 6895MHz,Product->RF,2,[COMPONENT=Product->RF] [SAMSUNG]-[TGL][AX210D2W] TyP2 EVM (Constellation OFDM) Failed at 6895MHz
CIE-1945,[HP/Win11/ADL/GfP2/Starfox] The error -SW Drip = 0- is listed in the Fail Reason column after running ModS_Cycling_Test.,Services->Analytics Service,2,[COMPONENT=Services->Analytics Service] [HP/Win11/ADL/GfP2/Starfox] The error -SW Drip = 0- is listed in the Fail Reason column after running ModS_Cycling_Test.
CIE-3053,[ICPS]Event log 7023 is recorded on reboot,Services->Analytics Service,2,[COMPONENT=Services->Analytics Service] [ICPS]Event log 7023 is recorded on reboot
CIE-4428,[Samsung][LNL][ICPS] Application error related to ICPS occurs on eventviewer.,Services->Data Provider Helper Service,2,[COMPONENT=Services->Data Provider Helper Service] [Samsung][LNL][ICPS] Application error related to ICPS occurs on eventviewer.
CIE-5010,"[3LS] SIP123993 - Dragonfly G4, X360 1040 G10 / Windows 11 23H2 / USA / Schlumberger / USSW -Crashing due to an Intel ICPS old and latest driver on website",Services->Data Provider Helper Service,2,"[COMPONENT=Services->Data Provider Helper Service] [3LS] SIP123993 - Dragonfly G4, X360 1040 G10 / Windows 11 23H2 / USA / Schlumberger / USSW -Crashing due to an Intel ICPS old and latest driver on website"
DBGT-7867,Dell/Compal][ADL][Odyssey][DRTU] AX411 QS sample 6e tx power lock at 7.5dB,Tools,2,[COMPONENT=Tools] Dell/Compal][ADL][Odyssey][DRTU] AX411 QS sample 6e tx power lock at 7.5dB
WIFI-292529,"[Huawei][Quanta][H9UR][CurieG][AX211][22H2][WLAN][BUG-20230220-66545 ] After install WRT too, enter S4 , resume from S4 , boot to desktop , can't adjust brightness immediately around 15 sec",Tools,2,"[COMPONENT=Tools] [Huawei][Quanta][H9UR][CurieG][AX211][22H2][WLAN][BUG-20230220-66545 ] After install WRT too, enter S4 , resume from S4 , boot to desktop , can't adjust brightness immediately around 15 sec"
WIFI-194337,DDD log cannot be obtained properly when sending/receiving large files.,WinDriver->DDD,2,[COMPONENT=WinDriver->DDD] DDD log cannot be obtained properly when sending/receiving large files.
WIFI-278150,[Huawei][Quanta][H9U][CurieF][AX211][21H2][WLAN] DDD log can't deocode,WinDriver->DDD,2,[COMPONENT=WinDriver->DDD] [Huawei][Quanta][H9U][CurieF][AX211][21H2][WLAN] DDD log can't deocode
WIFI-751180,[Samsung][LNL][BE201][P250830-02452] P2P Unexpectedly Disconnected,WinDriver->WiFi Extensions->P2PClient,2,[COMPONENT=WinDriver->WiFi Extensions->P2PClient] [Samsung][LNL][BE201][P250830-02452] P2P Unexpectedly Disconnected
WIFI-821675,[Samsung][LNL][BE201][P251205-07630] P2P pairing failure - No auth start.,WinDriver->WiFi Extensions->P2PClient,2,[COMPONENT=WinDriver->WiFi Extensions->P2PClient] [Samsung][LNL][BE201][P251205-07630] P2P pairing failure - No auth start.
DBGT-62397,"[HUAWEI][HUAQIN][MitchellG][Intel RPL][Intel AX 201][WIFI][Win11]It occured 0x1E and 0x01 BSOD in factory test,point to WRT tool.",WRT2G,2,"[COMPONENT=WRT2G] [HUAWEI][HUAQIN][MitchellG][Intel RPL][Intel AX 201][WIFI][Win11]It occured 0x1E and 0x01 BSOD in factory test,point to WRT tool."
DBGT-81098,[ASUS][RPL][AX101] WRT tool cant be used on AX101 module.,WRT2G,2,[COMPONENT=WRT2G] [ASUS][RPL][AX101] WRT tool cant be used on AX101 module.
WIFI-187062,[MSFT Quanta] Z93 WiFi 5Ghz band 160M-BW DFS fail issue,3rd Party->Bridge Incoming,1,[COMPONENT=3rd Party->Bridge Incoming] [MSFT Quanta] Z93 WiFi 5Ghz band 160M-BW DFS fail issue
BT-50614,[Lenovo ThinkPad JP][jaguar_2_panther_2][ADL-P][[Tile Ring]] BTdevice is reset during S5 boot w/ fast startup disabled,3rd Party- UEFI,1,[COMPONENT=3rd Party- UEFI] [Lenovo ThinkPad JP][jaguar_2_panther_2][ADL-P][[Tile Ring]] BTdevice is reset during S5 boot w/ fast startup disabled
WOT-66068,PTL Killer 1775S WiFi 7 NDT/DRTU/CITU module display name error,All Relevant,1,[COMPONENT=All Relevant] PTL Killer 1775S WiFi 7 NDT/DRTU/CITU module display name error
CIE-3179,[Lenovo][RaptorLake][AX211][22H2][100%][ICPS2.0]: Unsigned files found: RNService.resources.dll and ICPS.resources.dll,Configuration Files,1,[COMPONENT=Configuration Files] [Lenovo][RaptorLake][AX211][22H2][100%][ICPS2.0]: Unsigned files found: RNService.resources.dll and ICPS.resources.dll
BT-46469,[Samsung] Strange name of msi package appears when removing BT driver,DevOps->Jenkins,1,[COMPONENT=DevOps->Jenkins] [Samsung] Strange name of msi package appears when removing BT driver
BT-45578,"[HP/W11/All platform/HrP] 22.80.1.1 GFP driver doesn't have 19H1/19H2/20H1/20H2/21H1 WHQL sign , only have 21H2 sign.",DevOps->Release,1,"[COMPONENT=DevOps->Release] [HP/W11/All platform/HrP] 22.80.1.1 GFP driver doesn't have 19H1/19H2/20H1/20H2/21H1 WHQL sign , only have 21H2 sign."
BT-466504,"[HP][PAS]When the second earbud connects, WMPlay displays an error and cannot play any music/video.",FW_Audio->LE_Audio_BIS,1,"[COMPONENT=FW_Audio->LE_Audio_BIS] [HP][PAS]When the second earbud connects, WMPlay displays an error and cannot play any music/video."
WIFI-96488,"[Lenovo Thinkpad China][LCFC][L14/L15 Gen2 AMD][AMD-Cezanne][CcP][20H2] Around 3 secs the Wifi will auto disconnect when connect to a mobile hotspot shared by AX200/AX201 WLAN machine.(FR:4/4 units, 12 / 12 cycles)",FW->DP,1,"[COMPONENT=FW->DP] [Lenovo Thinkpad China][LCFC][L14/L15 Gen2 AMD][AMD-Cezanne][CcP][20H2] Around 3 secs the Wifi will auto disconnect when connect to a mobile hotspot shared by AX200/AX201 WLAN machine.(FR:4/4 units, 12 / 12 cycles)"
BT-431459,Eiger2 BE201-LNL have YB because can not get OTP of Bluetooth,FW- FSEQ,1,[COMPONENT=FW- FSEQ] Eiger2 BE201-LNL have YB because can not get OTP of Bluetooth
WIFI-475817,[ASUS][Lunar Lake][BE201][UX5606SA] DRTU cannot set 320MHz in the Korea region,FW->Location,1,[COMPONENT=FW->Location] [ASUS][Lunar Lake][BE201][UX5606SA] DRTU cannot set 320MHz in the Korea region
BT-26472,"[Huawei][Quanta][BohrM-NobelM][AMD_Lucienne][AX200][20H2][BUG-20210114-17085_804702072][BT] User created Multi-screen Collaboration for a while, find Intel BT device shows YB(code 10)",FW- Misc,1,"[COMPONENT=FW- Misc] [Huawei][Quanta][BohrM-NobelM][AMD_Lucienne][AX200][20H2][BUG-20210114-17085_804702072][BT] User created Multi-screen Collaboration for a while, find Intel BT device shows YB(code 10)"
BT-40609,"[Huawei][Wingtech][Dirac][Intel Tiger Lake UP4][AX201][21H1] [BT]Connect the Bluetooth headset for a Bluetooth search, and the Bluetooth drive is missing",FW- Protocol -> eSCO,1,"[COMPONENT=FW- Protocol -> eSCO] [Huawei][Wingtech][Dirac][Intel Tiger Lake UP4][AX201][21H1] [BT]Connect the Bluetooth headset for a Bluetooth search, and the Bluetooth drive is missing"
BT-121740,[Honor][huaqin][HiggsF][ADL][AX211][22H2[5%]]Please help to check this Bugcheck:0xa0  bsod issue when coldboot,FW- Protocol -> Scheduler,1,[COMPONENT=FW- Protocol -> Scheduler] [Honor][huaqin][HiggsF][ADL][AX211][22H2[5%]]Please help to check this Bugcheck:0xa0  bsod issue when coldboot
WIFI-548045,[Lenovo][Aladdin][LNL SIT][BE201]wifi ping fail when perform wifi reboot ping test,FW->RFI,1,[COMPONENT=FW->RFI] [Lenovo][Aladdin][LNL SIT][BE201]wifi ping fail when perform wifi reboot ping test
WIFI-723912,[Lenovo][Thinkpad JP][T14 GEN5][MTL][AX211]--Intel AX211 WiFi hit to Limited Network Connection after driver Ver 23.110/23.130/23.150,FW->Statistics,1,[COMPONENT=FW->Statistics] [Lenovo][Thinkpad JP][T14 GEN5][MTL][AX211]--Intel AX211 WiFi hit to Limited Network Connection after driver Ver 23.110/23.130/23.150
BT-79085,[Win11][CCP UART] BT gets abnormal sometimes if connecting LE mouse and BT earphone,Host Windows- Driver->ibtuart,1,[COMPONENT=Host Windows- Driver->ibtuart] [Win11][CCP UART] BT gets abnormal sometimes if connecting LE mouse and BT earphone
BT-35919,"[HP/ADL/GFP/21H1] ADL cannot install 22.30.0.2 beta driver (test sign), need intel provide RVP test result.",Host Windows- Installer,1,"[COMPONENT=Host Windows- Installer] [HP/ADL/GFP/21H1] ADL cannot install 22.30.0.2 beta driver (test sign), need intel provide RVP test result."
WIFI-340595,[Samsung][MTL][GfP2]Yellow Bang Code 10/43,HW,1,[COMPONENT=HW] [Samsung][MTL][GfP2]Yellow Bang Code 10/43
CIE-9141,[Lenovo][PantherLake][BE211][25H2][100%][ICPS5.0]Logitech K780 BT keyboard cant be listed in ICPS Bluetooth UI,ICPS->Bluetooth,1,[COMPONENT=ICPS->Bluetooth] [Lenovo][PantherLake][BE211][25H2][100%][ICPS5.0]Logitech K780 BT keyboard cant be listed in ICPS Bluetooth UI
CIE-8484,[HP/Win11/PTL/FmP2/CashmereI] The ICPS will running on the background after installation completed,ICPS->Installation,1,[COMPONENT=ICPS->Installation] [HP/Win11/PTL/FmP2/CashmereI] The ICPS will running on the background after installation completed
CIE-2078,[Danabook] ICPS driver will automatically uninstalled on the PC with ICPS entitlement Bit enabled after installing ICPS driver,Installation->CustomizeUninstallFirstRun,1,[COMPONENT=Installation->CustomizeUninstallFirstRun] [Danabook] ICPS driver will automatically uninstalled on the PC with ICPS entitlement Bit enabled after installing ICPS driver
WIFI-339364,[Dell XPS 9315 2-in-1][ADL][AX211][Millennio][22.200.2.1]Event error with Intel AX211,Installer->WiFi,1,[COMPONENT=Installer->WiFi] [Dell XPS 9315 2-in-1][ADL][AX211][Millennio][22.200.2.1]Event error with Intel AX211
CIE-10469,[Acer][ERay_PTW] Intel Killer Performance Suite displays garbled text under JA,Killer->UI,1,[COMPONENT=Killer->UI] [Acer][ERay_PTW] Intel Killer Performance Suite displays garbled text under JA
WIFI-706228,[HONOR][MOOREB][ARL] Debugging the antenna performance parameters of the WIFI Sensor waking up the PC under MS,System->PHY->Sensing,1,[COMPONENT=System->PHY->Sensing] [HONOR][MOOREB][ARL] Debugging the antenna performance parameters of the WIFI Sensor waking up the PC under MS
WIFI-422495,"[WiFi]C-state does not enter C10 when DC powered, screen on and AP not connected",System->Power,1,"[COMPONENT=System->Power] [WiFi]C-state does not enter C10 when DC powered, screen on and AP not connected"
WIFI-759165,[HP][Quanta][Trekker][PTL][Win11 25H2] Wi-Fi sinewave function of DRTU tool is not working (BE211 QS),System->Thermal,1,[COMPONENT=System->Thermal] [HP][Quanta][Trekker][PTL][Win11 25H2] Wi-Fi sinewave function of DRTU tool is not working (BE211 QS)
WIFI-111096,[LG][16Z90P][TGL/AX201/20H2] WiFi Rx throughput of 11ax(5GHz) becomes much lower with BT mouse connected,WiFi BT coex,1,[COMPONENT=WiFi BT coex] [LG][16Z90P][TGL/AX201/20H2] WiFi Rx throughput of 11ax(5GHz) becomes much lower with BT mouse connected
WIFI-877600,DRTU Request for longer certificate valid date,WinDriver->USC,1,[COMPONENT=WinDriver->USC] DRTU Request for longer certificate valid date
